slug,maker,models,group,setting,condition,hz,level_dbfs,rms_dbfs,a_weighted_dbfs
api_vision,UAD,API 1608 console channel,console-api,line_gain_0,silence,100.0,-200.0,-200.0,-200.0
api_vision,UAD,API 1608 console channel,console-api,line_gain_0,silence,1000.0,-200.0,-200.0,-200.0
api_vision,UAD,API 1608 console channel,console-api,line_gain_0,silence,10000.0,-200.0,-200.0,-200.0
api_vision,UAD,API 1608 console channel,console-api,line_gain_0,silence,125.0,-200.0,-200.0,-200.0
api_vision,UAD,API 1608 console channel,console-api,line_gain_0,silence,1250.0,-200.0,-200.0,-200.0
api_vision,UAD,API 1608 console channel,console-api,line_gain_0,silence,12500.0,-200.0,-200.0,-200.0
api_vision,UAD,API 1608 console channel,console-api,line_gain_0,silence,160.0,-200.0,-200.0,-200.0
api_vision,UAD,API 1608 console channel,console-api,line_gain_0,silence,1600.0,-200.0,-200.0,-200.0
api_vision,UAD,API 1608 console channel,console-api,line_gain_0,silence,16000.0,-200.0,-200.0,-200.0
api_vision,UAD,API 1608 console channel,console-api,line_gain_0,silence,20.0,-200.0,-200.0,-200.0
api_vision,UAD,API 1608 console channel,console-api,line_gain_0,silence,200.0,-200.0,-200.0,-200.0
api_vision,UAD,API 1608 console channel,console-api,line_gain_0,silence,2000.0,-200.0,-200.0,-200.0
api_vision,UAD,API 1608 console channel,console-api,line_gain_0,silence,20000.0,-200.0,-200.0,-200.0
api_vision,UAD,API 1608 console channel,console-api,line_gain_0,silence,25.0,-200.0,-200.0,-200.0
api_vision,UAD,API 1608 console channel,console-api,line_gain_0,silence,250.0,-200.0,-200.0,-200.0
api_vision,UAD,API 1608 console channel,console-api,line_gain_0,silence,2500.0,-200.0,-200.0,-200.0
api_vision,UAD,API 1608 console channel,console-api,line_gain_0,silence,31.5,-200.0,-200.0,-200.0
api_vision,UAD,API 1608 console channel,console-api,line_gain_0,silence,315.0,-200.0,-200.0,-200.0
api_vision,UAD,API 1608 console channel,console-api,line_gain_0,silence,3150.0,-200.0,-200.0,-200.0
api_vision,UAD,API 1608 console channel,console-api,line_gain_0,silence,40.0,-200.0,-200.0,-200.0
api_vision,UAD,API 1608 console channel,console-api,line_gain_0,silence,400.0,-200.0,-200.0,-200.0
api_vision,UAD,API 1608 console channel,console-api,line_gain_0,silence,4000.0,-200.0,-200.0,-200.0
api_vision,UAD,API 1608 console channel,console-api,line_gain_0,silence,50.0,-200.0,-200.0,-200.0
api_vision,UAD,API 1608 console channel,console-api,line_gain_0,silence,500.0,-200.0,-200.0,-200.0
api_vision,UAD,API 1608 console channel,console-api,line_gain_0,silence,5000.0,-200.0,-200.0,-200.0
api_vision,UAD,API 1608 console channel,console-api,line_gain_0,silence,63.0,-200.0,-200.0,-200.0
api_vision,UAD,API 1608 console channel,console-api,line_gain_0,silence,630.0,-200.0,-200.0,-200.0
api_vision,UAD,API 1608 console channel,console-api,line_gain_0,silence,6300.0,-200.0,-200.0,-200.0
api_vision,UAD,API 1608 console channel,console-api,line_gain_0,silence,80.0,-200.0,-200.0,-200.0
api_vision,UAD,API 1608 console channel,console-api,line_gain_0,silence,800.0,-200.0,-200.0,-200.0
api_vision,UAD,API 1608 console channel,console-api,line_gain_0,silence,8000.0,-200.0,-200.0,-200.0
api_vision,UAD,API 1608 console channel,console-api,line_gain_0,under_tone_-12,100.0,-154.1,-98.2,-106.25
api_vision,UAD,API 1608 console channel,console-api,line_gain_0,under_tone_-12,1000.0,-152.47,-98.2,-106.25
api_vision,UAD,API 1608 console channel,console-api,line_gain_0,under_tone_-12,10000.0,-154.87,-98.2,-106.25
api_vision,UAD,API 1608 console channel,console-api,line_gain_0,under_tone_-12,125.0,-155.44,-98.2,-106.25
api_vision,UAD,API 1608 console channel,console-api,line_gain_0,under_tone_-12,1250.0,-161.0,-98.2,-106.25
api_vision,UAD,API 1608 console channel,console-api,line_gain_0,under_tone_-12,12500.0,-154.99,-98.2,-106.25
api_vision,UAD,API 1608 console channel,console-api,line_gain_0,under_tone_-12,160.0,-157.0,-98.2,-106.25
api_vision,UAD,API 1608 console channel,console-api,line_gain_0,under_tone_-12,1600.0,-162.94,-98.2,-106.25
api_vision,UAD,API 1608 console channel,console-api,line_gain_0,under_tone_-12,16000.0,-153.66,-98.2,-106.25
api_vision,UAD,API 1608 console channel,console-api,line_gain_0,under_tone_-12,20.0,-154.5,-98.2,-106.25
api_vision,UAD,API 1608 console channel,console-api,line_gain_0,under_tone_-12,200.0,-157.49,-98.2,-106.25
api_vision,UAD,API 1608 console channel,console-api,line_gain_0,under_tone_-12,2000.0,-156.0,-98.2,-106.25
api_vision,UAD,API 1608 console channel,console-api,line_gain_0,under_tone_-12,20000.0,-97.5,-98.2,-106.25
api_vision,UAD,API 1608 console channel,console-api,line_gain_0,under_tone_-12,25.0,-156.47,-98.2,-106.25
api_vision,UAD,API 1608 console channel,console-api,line_gain_0,under_tone_-12,250.0,-158.77,-98.2,-106.25
api_vision,UAD,API 1608 console channel,console-api,line_gain_0,under_tone_-12,2500.0,-163.63,-98.2,-106.25
api_vision,UAD,API 1608 console channel,console-api,line_gain_0,under_tone_-12,31.5,-154.08,-98.2,-106.25
api_vision,UAD,API 1608 console channel,console-api,line_gain_0,under_tone_-12,315.0,-160.16,-98.2,-106.25
api_vision,UAD,API 1608 console channel,console-api,line_gain_0,under_tone_-12,3150.0,-157.62,-98.2,-106.25
api_vision,UAD,API 1608 console channel,console-api,line_gain_0,under_tone_-12,40.0,-155.08,-98.2,-106.25
api_vision,UAD,API 1608 console channel,console-api,line_gain_0,under_tone_-12,400.0,-158.95,-98.2,-106.25
api_vision,UAD,API 1608 console channel,console-api,line_gain_0,under_tone_-12,4000.0,-158.17,-98.2,-106.25
api_vision,UAD,API 1608 console channel,console-api,line_gain_0,under_tone_-12,50.0,-153.69,-98.2,-106.25
api_vision,UAD,API 1608 console channel,console-api,line_gain_0,under_tone_-12,500.0,-159.91,-98.2,-106.25
api_vision,UAD,API 1608 console channel,console-api,line_gain_0,under_tone_-12,5000.0,-158.65,-98.2,-106.25
api_vision,UAD,API 1608 console channel,console-api,line_gain_0,under_tone_-12,63.0,-154.81,-98.2,-106.25
api_vision,UAD,API 1608 console channel,console-api,line_gain_0,under_tone_-12,630.0,-161.07,-98.2,-106.25
api_vision,UAD,API 1608 console channel,console-api,line_gain_0,under_tone_-12,6300.0,-156.26,-98.2,-106.25
api_vision,UAD,API 1608 console channel,console-api,line_gain_0,under_tone_-12,80.0,-154.92,-98.2,-106.25
api_vision,UAD,API 1608 console channel,console-api,line_gain_0,under_tone_-12,800.0,-160.12,-98.2,-106.25
api_vision,UAD,API 1608 console channel,console-api,line_gain_0,under_tone_-12,8000.0,-157.34,-98.2,-106.25
api_vision,UAD,API 1608 console channel,console-api,line_gain_12,silence,100.0,-200.0,-200.0,-200.0
api_vision,UAD,API 1608 console channel,console-api,line_gain_12,silence,1000.0,-200.0,-200.0,-200.0
api_vision,UAD,API 1608 console channel,console-api,line_gain_12,silence,10000.0,-200.0,-200.0,-200.0
api_vision,UAD,API 1608 console channel,console-api,line_gain_12,silence,125.0,-200.0,-200.0,-200.0
api_vision,UAD,API 1608 console channel,console-api,line_gain_12,silence,1250.0,-200.0,-200.0,-200.0
api_vision,UAD,API 1608 console channel,console-api,line_gain_12,silence,12500.0,-200.0,-200.0,-200.0
api_vision,UAD,API 1608 console channel,console-api,line_gain_12,silence,160.0,-200.0,-200.0,-200.0
api_vision,UAD,API 1608 console channel,console-api,line_gain_12,silence,1600.0,-200.0,-200.0,-200.0
api_vision,UAD,API 1608 console channel,console-api,line_gain_12,silence,16000.0,-200.0,-200.0,-200.0
api_vision,UAD,API 1608 console channel,console-api,line_gain_12,silence,20.0,-200.0,-200.0,-200.0
api_vision,UAD,API 1608 console channel,console-api,line_gain_12,silence,200.0,-200.0,-200.0,-200.0
api_vision,UAD,API 1608 console channel,console-api,line_gain_12,silence,2000.0,-200.0,-200.0,-200.0
api_vision,UAD,API 1608 console channel,console-api,line_gain_12,silence,20000.0,-200.0,-200.0,-200.0
api_vision,UAD,API 1608 console channel,console-api,line_gain_12,silence,25.0,-200.0,-200.0,-200.0
api_vision,UAD,API 1608 console channel,console-api,line_gain_12,silence,250.0,-200.0,-200.0,-200.0
api_vision,UAD,API 1608 console channel,console-api,line_gain_12,silence,2500.0,-200.0,-200.0,-200.0
api_vision,UAD,API 1608 console channel,console-api,line_gain_12,silence,31.5,-200.0,-200.0,-200.0
api_vision,UAD,API 1608 console channel,console-api,line_gain_12,silence,315.0,-200.0,-200.0,-200.0
api_vision,UAD,API 1608 console channel,console-api,line_gain_12,silence,3150.0,-200.0,-200.0,-200.0
api_vision,UAD,API 1608 console channel,console-api,line_gain_12,silence,40.0,-200.0,-200.0,-200.0
api_vision,UAD,API 1608 console channel,console-api,line_gain_12,silence,400.0,-200.0,-200.0,-200.0
api_vision,UAD,API 1608 console channel,console-api,line_gain_12,silence,4000.0,-200.0,-200.0,-200.0
api_vision,UAD,API 1608 console channel,console-api,line_gain_12,silence,50.0,-200.0,-200.0,-200.0
api_vision,UAD,API 1608 console channel,console-api,line_gain_12,silence,500.0,-200.0,-200.0,-200.0
api_vision,UAD,API 1608 console channel,console-api,line_gain_12,silence,5000.0,-200.0,-200.0,-200.0
api_vision,UAD,API 1608 console channel,console-api,line_gain_12,silence,63.0,-200.0,-200.0,-200.0
api_vision,UAD,API 1608 console channel,console-api,line_gain_12,silence,630.0,-200.0,-200.0,-200.0
api_vision,UAD,API 1608 console channel,console-api,line_gain_12,silence,6300.0,-200.0,-200.0,-200.0
api_vision,UAD,API 1608 console channel,console-api,line_gain_12,silence,80.0,-200.0,-200.0,-200.0
api_vision,UAD,API 1608 console channel,console-api,line_gain_12,silence,800.0,-200.0,-200.0,-200.0
api_vision,UAD,API 1608 console channel,console-api,line_gain_12,silence,8000.0,-200.0,-200.0,-200.0
api_vision,UAD,API 1608 console channel,console-api,line_gain_12,under_tone_-12,100.0,-146.84,-95.57,-104.99
api_vision,UAD,API 1608 console channel,console-api,line_gain_12,under_tone_-12,1000.0,-135.13,-95.57,-104.99
api_vision,UAD,API 1608 console channel,console-api,line_gain_12,under_tone_-12,10000.0,-142.42,-95.57,-104.99
api_vision,UAD,API 1608 console channel,console-api,line_gain_12,under_tone_-12,125.0,-148.05,-95.57,-104.99
api_vision,UAD,API 1608 console channel,console-api,line_gain_12,under_tone_-12,1250.0,-150.09,-95.57,-104.99
api_vision,UAD,API 1608 console channel,console-api,line_gain_12,under_tone_-12,12500.0,-142.37,-95.57,-104.99
api_vision,UAD,API 1608 console channel,console-api,line_gain_12,under_tone_-12,160.0,-149.71,-95.57,-104.99
api_vision,UAD,API 1608 console channel,console-api,line_gain_12,under_tone_-12,1600.0,-151.28,-95.57,-104.99
api_vision,UAD,API 1608 console channel,console-api,line_gain_12,under_tone_-12,16000.0,-141.22,-95.57,-104.99
api_vision,UAD,API 1608 console channel,console-api,line_gain_12,under_tone_-12,20.0,-146.1,-95.57,-104.99
api_vision,UAD,API 1608 console channel,console-api,line_gain_12,under_tone_-12,200.0,-148.94,-95.57,-104.99
api_vision,UAD,API 1608 console channel,console-api,line_gain_12,under_tone_-12,2000.0,-142.71,-95.57,-104.99
api_vision,UAD,API 1608 console channel,console-api,line_gain_12,under_tone_-12,20000.0,-96.3,-95.57,-104.99
api_vision,UAD,API 1608 console channel,console-api,line_gain_12,under_tone_-12,25.0,-145.53,-95.57,-104.99
api_vision,UAD,API 1608 console channel,console-api,line_gain_12,under_tone_-12,250.0,-148.37,-95.57,-104.99
api_vision,UAD,API 1608 console channel,console-api,line_gain_12,under_tone_-12,2500.0,-151.67,-95.57,-104.99
api_vision,UAD,API 1608 console channel,console-api,line_gain_12,under_tone_-12,31.5,-144.16,-95.57,-104.99
api_vision,UAD,API 1608 console channel,console-api,line_gain_12,under_tone_-12,315.0,-148.43,-95.57,-104.99
api_vision,UAD,API 1608 console channel,console-api,line_gain_12,under_tone_-12,3150.0,-145.39,-95.57,-104.99
api_vision,UAD,API 1608 console channel,console-api,line_gain_12,under_tone_-12,40.0,-149.97,-95.57,-104.99
api_vision,UAD,API 1608 console channel,console-api,line_gain_12,under_tone_-12,400.0,-149.55,-95.57,-104.99
api_vision,UAD,API 1608 console channel,console-api,line_gain_12,under_tone_-12,4000.0,-146.04,-95.57,-104.99
api_vision,UAD,API 1608 console channel,console-api,line_gain_12,under_tone_-12,50.0,-145.68,-95.57,-104.99
api_vision,UAD,API 1608 console channel,console-api,line_gain_12,under_tone_-12,500.0,-149.87,-95.57,-104.99
api_vision,UAD,API 1608 console channel,console-api,line_gain_12,under_tone_-12,5000.0,-146.87,-95.57,-104.99
api_vision,UAD,API 1608 console channel,console-api,line_gain_12,under_tone_-12,63.0,-147.36,-95.57,-104.99
api_vision,UAD,API 1608 console channel,console-api,line_gain_12,under_tone_-12,630.0,-149.71,-95.57,-104.99
api_vision,UAD,API 1608 console channel,console-api,line_gain_12,under_tone_-12,6300.0,-144.53,-95.57,-104.99
api_vision,UAD,API 1608 console channel,console-api,line_gain_12,under_tone_-12,80.0,-147.05,-95.57,-104.99
api_vision,UAD,API 1608 console channel,console-api,line_gain_12,under_tone_-12,800.0,-148.83,-95.57,-104.99
api_vision,UAD,API 1608 console channel,console-api,line_gain_12,under_tone_-12,8000.0,-145.34,-95.57,-104.99
api_vision,UAD,API 1608 console channel,console-api,line_gain_6,silence,100.0,-200.0,-200.0,-200.0
api_vision,UAD,API 1608 console channel,console-api,line_gain_6,silence,1000.0,-200.0,-200.0,-200.0
api_vision,UAD,API 1608 console channel,console-api,line_gain_6,silence,10000.0,-200.0,-200.0,-200.0
api_vision,UAD,API 1608 console channel,console-api,line_gain_6,silence,125.0,-200.0,-200.0,-200.0
api_vision,UAD,API 1608 console channel,console-api,line_gain_6,silence,1250.0,-200.0,-200.0,-200.0
api_vision,UAD,API 1608 console channel,console-api,line_gain_6,silence,12500.0,-200.0,-200.0,-200.0
api_vision,UAD,API 1608 console channel,console-api,line_gain_6,silence,160.0,-200.0,-200.0,-200.0
api_vision,UAD,API 1608 console channel,console-api,line_gain_6,silence,1600.0,-200.0,-200.0,-200.0
api_vision,UAD,API 1608 console channel,console-api,line_gain_6,silence,16000.0,-200.0,-200.0,-200.0
api_vision,UAD,API 1608 console channel,console-api,line_gain_6,silence,20.0,-200.0,-200.0,-200.0
api_vision,UAD,API 1608 console channel,console-api,line_gain_6,silence,200.0,-200.0,-200.0,-200.0
api_vision,UAD,API 1608 console channel,console-api,line_gain_6,silence,2000.0,-200.0,-200.0,-200.0
api_vision,UAD,API 1608 console channel,console-api,line_gain_6,silence,20000.0,-200.0,-200.0,-200.0
api_vision,UAD,API 1608 console channel,console-api,line_gain_6,silence,25.0,-200.0,-200.0,-200.0
api_vision,UAD,API 1608 console channel,console-api,line_gain_6,silence,250.0,-200.0,-200.0,-200.0
api_vision,UAD,API 1608 console channel,console-api,line_gain_6,silence,2500.0,-200.0,-200.0,-200.0
api_vision,UAD,API 1608 console channel,console-api,line_gain_6,silence,31.5,-200.0,-200.0,-200.0
api_vision,UAD,API 1608 console channel,console-api,line_gain_6,silence,315.0,-200.0,-200.0,-200.0
api_vision,UAD,API 1608 console channel,console-api,line_gain_6,silence,3150.0,-200.0,-200.0,-200.0
api_vision,UAD,API 1608 console channel,console-api,line_gain_6,silence,40.0,-200.0,-200.0,-200.0
api_vision,UAD,API 1608 console channel,console-api,line_gain_6,silence,400.0,-200.0,-200.0,-200.0
api_vision,UAD,API 1608 console channel,console-api,line_gain_6,silence,4000.0,-200.0,-200.0,-200.0
api_vision,UAD,API 1608 console channel,console-api,line_gain_6,silence,50.0,-200.0,-200.0,-200.0
api_vision,UAD,API 1608 console channel,console-api,line_gain_6,silence,500.0,-200.0,-200.0,-200.0
api_vision,UAD,API 1608 console channel,console-api,line_gain_6,silence,5000.0,-200.0,-200.0,-200.0
api_vision,UAD,API 1608 console channel,console-api,line_gain_6,silence,63.0,-200.0,-200.0,-200.0
api_vision,UAD,API 1608 console channel,console-api,line_gain_6,silence,630.0,-200.0,-200.0,-200.0
api_vision,UAD,API 1608 console channel,console-api,line_gain_6,silence,6300.0,-200.0,-200.0,-200.0
api_vision,UAD,API 1608 console channel,console-api,line_gain_6,silence,80.0,-200.0,-200.0,-200.0
api_vision,UAD,API 1608 console channel,console-api,line_gain_6,silence,800.0,-200.0,-200.0,-200.0
api_vision,UAD,API 1608 console channel,console-api,line_gain_6,silence,8000.0,-200.0,-200.0,-200.0
api_vision,UAD,API 1608 console channel,console-api,line_gain_6,under_tone_-12,100.0,-152.34,-96.68,-105.01
api_vision,UAD,API 1608 console channel,console-api,line_gain_6,under_tone_-12,1000.0,-144.74,-96.68,-105.01
api_vision,UAD,API 1608 console channel,console-api,line_gain_6,under_tone_-12,10000.0,-148.96,-96.68,-105.01
api_vision,UAD,API 1608 console channel,console-api,line_gain_6,under_tone_-12,125.0,-152.55,-96.68,-105.01
api_vision,UAD,API 1608 console channel,console-api,line_gain_6,under_tone_-12,1250.0,-156.96,-96.68,-105.01
api_vision,UAD,API 1608 console channel,console-api,line_gain_6,under_tone_-12,12500.0,-148.6,-96.68,-105.01
api_vision,UAD,API 1608 console channel,console-api,line_gain_6,under_tone_-12,160.0,-154.83,-96.68,-105.01
api_vision,UAD,API 1608 console channel,console-api,line_gain_6,under_tone_-12,1600.0,-159.01,-96.68,-105.01
api_vision,UAD,API 1608 console channel,console-api,line_gain_6,under_tone_-12,16000.0,-147.7,-96.68,-105.01
api_vision,UAD,API 1608 console channel,console-api,line_gain_6,under_tone_-12,20.0,-147.55,-96.68,-105.01
api_vision,UAD,API 1608 console channel,console-api,line_gain_6,under_tone_-12,200.0,-154.97,-96.68,-105.01
api_vision,UAD,API 1608 console channel,console-api,line_gain_6,under_tone_-12,2000.0,-150.41,-96.68,-105.01
api_vision,UAD,API 1608 console channel,console-api,line_gain_6,under_tone_-12,20000.0,-96.31,-96.68,-105.01
api_vision,UAD,API 1608 console channel,console-api,line_gain_6,under_tone_-12,25.0,-145.51,-96.68,-105.01
api_vision,UAD,API 1608 console channel,console-api,line_gain_6,under_tone_-12,250.0,-155.59,-96.68,-105.01
api_vision,UAD,API 1608 console channel,console-api,line_gain_6,under_tone_-12,2500.0,-159.17,-96.68,-105.01
api_vision,UAD,API 1608 console channel,console-api,line_gain_6,under_tone_-12,31.5,-147.17,-96.68,-105.01
api_vision,UAD,API 1608 console channel,console-api,line_gain_6,under_tone_-12,315.0,-156.14,-96.68,-105.01
api_vision,UAD,API 1608 console channel,console-api,line_gain_6,under_tone_-12,3150.0,-151.27,-96.68,-105.01
api_vision,UAD,API 1608 console channel,console-api,line_gain_6,under_tone_-12,40.0,-148.42,-96.68,-105.01
api_vision,UAD,API 1608 console channel,console-api,line_gain_6,under_tone_-12,400.0,-156.5,-96.68,-105.01
api_vision,UAD,API 1608 console channel,console-api,line_gain_6,under_tone_-12,4000.0,-152.21,-96.68,-105.01
api_vision,UAD,API 1608 console channel,console-api,line_gain_6,under_tone_-12,50.0,-148.8,-96.68,-105.01
api_vision,UAD,API 1608 console channel,console-api,line_gain_6,under_tone_-12,500.0,-156.85,-96.68,-105.01
api_vision,UAD,API 1608 console channel,console-api,line_gain_6,under_tone_-12,5000.0,-152.55,-96.68,-105.01
api_vision,UAD,API 1608 console channel,console-api,line_gain_6,under_tone_-12,63.0,-152.21,-96.68,-105.01
api_vision,UAD,API 1608 console channel,console-api,line_gain_6,under_tone_-12,630.0,-156.81,-96.68,-105.01
api_vision,UAD,API 1608 console channel,console-api,line_gain_6,under_tone_-12,6300.0,-150.78,-96.68,-105.01
api_vision,UAD,API 1608 console channel,console-api,line_gain_6,under_tone_-12,80.0,-152.02,-96.68,-105.01
api_vision,UAD,API 1608 console channel,console-api,line_gain_6,under_tone_-12,800.0,-155.01,-96.68,-105.01
api_vision,UAD,API 1608 console channel,console-api,line_gain_6,under_tone_-12,8000.0,-151.73,-96.68,-105.01
bx_console_n,Brainworx,Neve VXS console channel,console-neve,thd_-30,silence,100.0,-114.86,-86.69,-87.03
bx_console_n,Brainworx,Neve VXS console channel,console-neve,thd_-30,silence,1000.0,-103.89,-86.69,-87.03
bx_console_n,Brainworx,Neve VXS console channel,console-neve,thd_-30,silence,10000.0,-94.41,-86.69,-87.03
bx_console_n,Brainworx,Neve VXS console channel,console-neve,thd_-30,silence,125.0,-113.96,-86.69,-87.03
bx_console_n,Brainworx,Neve VXS console channel,console-neve,thd_-30,silence,1250.0,-103.56,-86.69,-87.03
bx_console_n,Brainworx,Neve VXS console channel,console-neve,thd_-30,silence,12500.0,-93.49,-86.69,-87.03
bx_console_n,Brainworx,Neve VXS console channel,console-neve,thd_-30,silence,160.0,-111.25,-86.69,-87.03
bx_console_n,Brainworx,Neve VXS console channel,console-neve,thd_-30,silence,1600.0,-102.56,-86.69,-87.03
bx_console_n,Brainworx,Neve VXS console channel,console-neve,thd_-30,silence,16000.0,-92.56,-86.69,-87.03
bx_console_n,Brainworx,Neve VXS console channel,console-neve,thd_-30,silence,20.0,-120.26,-86.69,-87.03
bx_console_n,Brainworx,Neve VXS console channel,console-neve,thd_-30,silence,200.0,-111.97,-86.69,-87.03
bx_console_n,Brainworx,Neve VXS console channel,console-neve,thd_-30,silence,2000.0,-101.47,-86.69,-87.03
bx_console_n,Brainworx,Neve VXS console channel,console-neve,thd_-30,silence,20000.0,-91.5,-86.69,-87.03
bx_console_n,Brainworx,Neve VXS console channel,console-neve,thd_-30,silence,25.0,-123.51,-86.69,-87.03
bx_console_n,Brainworx,Neve VXS console channel,console-neve,thd_-30,silence,250.0,-110.74,-86.69,-87.03
bx_console_n,Brainworx,Neve VXS console channel,console-neve,thd_-30,silence,2500.0,-100.51,-86.69,-87.03
bx_console_n,Brainworx,Neve VXS console channel,console-neve,thd_-30,silence,31.5,-119.15,-86.69,-87.03
bx_console_n,Brainworx,Neve VXS console channel,console-neve,thd_-30,silence,315.0,-109.23,-86.69,-87.03
bx_console_n,Brainworx,Neve VXS console channel,console-neve,thd_-30,silence,3150.0,-99.46,-86.69,-87.03
bx_console_n,Brainworx,Neve VXS console channel,console-neve,thd_-30,silence,40.0,-116.97,-86.69,-87.03
bx_console_n,Brainworx,Neve VXS console channel,console-neve,thd_-30,silence,400.0,-107.85,-86.69,-87.03
bx_console_n,Brainworx,Neve VXS console channel,console-neve,thd_-30,silence,4000.0,-98.49,-86.69,-87.03
bx_console_n,Brainworx,Neve VXS console channel,console-neve,thd_-30,silence,50.0,-118.38,-86.69,-87.03
bx_console_n,Brainworx,Neve VXS console channel,console-neve,thd_-30,silence,500.0,-107.38,-86.69,-87.03
bx_console_n,Brainworx,Neve VXS console channel,console-neve,thd_-30,silence,5000.0,-97.43,-86.69,-87.03
bx_console_n,Brainworx,Neve VXS console channel,console-neve,thd_-30,silence,63.0,-118.45,-86.69,-87.03
bx_console_n,Brainworx,Neve VXS console channel,console-neve,thd_-30,silence,630.0,-106.01,-86.69,-87.03
bx_console_n,Brainworx,Neve VXS console channel,console-neve,thd_-30,silence,6300.0,-96.48,-86.69,-87.03
bx_console_n,Brainworx,Neve VXS console channel,console-neve,thd_-30,silence,80.0,-115.4,-86.69,-87.03
bx_console_n,Brainworx,Neve VXS console channel,console-neve,thd_-30,silence,800.0,-105.76,-86.69,-87.03
bx_console_n,Brainworx,Neve VXS console channel,console-neve,thd_-30,silence,8000.0,-95.37,-86.69,-87.03
bx_console_n,Brainworx,Neve VXS console channel,console-neve,thd_-30,under_tone_-12,100.0,-116.36,-86.87,-87.22
bx_console_n,Brainworx,Neve VXS console channel,console-neve,thd_-30,under_tone_-12,1000.0,-105.38,-86.87,-87.22
bx_console_n,Brainworx,Neve VXS console channel,console-neve,thd_-30,under_tone_-12,10000.0,-94.77,-86.87,-87.22
bx_console_n,Brainworx,Neve VXS console channel,console-neve,thd_-30,under_tone_-12,125.0,-114.52,-86.87,-87.22
bx_console_n,Brainworx,Neve VXS console channel,console-neve,thd_-30,under_tone_-12,1250.0,-103.76,-86.87,-87.22
bx_console_n,Brainworx,Neve VXS console channel,console-neve,thd_-30,under_tone_-12,12500.0,-93.68,-86.87,-87.22
bx_console_n,Brainworx,Neve VXS console channel,console-neve,thd_-30,under_tone_-12,160.0,-111.33,-86.87,-87.22
bx_console_n,Brainworx,Neve VXS console channel,console-neve,thd_-30,under_tone_-12,1600.0,-102.56,-86.87,-87.22
bx_console_n,Brainworx,Neve VXS console channel,console-neve,thd_-30,under_tone_-12,16000.0,-92.57,-86.87,-87.22
bx_console_n,Brainworx,Neve VXS console channel,console-neve,thd_-30,under_tone_-12,20.0,-120.5,-86.87,-87.22
bx_console_n,Brainworx,Neve VXS console channel,console-neve,thd_-30,under_tone_-12,200.0,-111.62,-86.87,-87.22
bx_console_n,Brainworx,Neve VXS console channel,console-neve,thd_-30,under_tone_-12,2000.0,-101.68,-86.87,-87.22
bx_console_n,Brainworx,Neve VXS console channel,console-neve,thd_-30,under_tone_-12,20000.0,-91.63,-86.87,-87.22
bx_console_n,Brainworx,Neve VXS console channel,console-neve,thd_-30,under_tone_-12,25.0,-121.35,-86.87,-87.22
bx_console_n,Brainworx,Neve VXS console channel,console-neve,thd_-30,under_tone_-12,250.0,-111.34,-86.87,-87.22
bx_console_n,Brainworx,Neve VXS console channel,console-neve,thd_-30,under_tone_-12,2500.0,-100.62,-86.87,-87.22
bx_console_n,Brainworx,Neve VXS console channel,console-neve,thd_-30,under_tone_-12,31.5,-118.59,-86.87,-87.22
bx_console_n,Brainworx,Neve VXS console channel,console-neve,thd_-30,under_tone_-12,315.0,-109.73,-86.87,-87.22
bx_console_n,Brainworx,Neve VXS console channel,console-neve,thd_-30,under_tone_-12,3150.0,-99.65,-86.87,-87.22
bx_console_n,Brainworx,Neve VXS console channel,console-neve,thd_-30,under_tone_-12,40.0,-119.59,-86.87,-87.22
bx_console_n,Brainworx,Neve VXS console channel,console-neve,thd_-30,under_tone_-12,400.0,-108.62,-86.87,-87.22
bx_console_n,Brainworx,Neve VXS console channel,console-neve,thd_-30,under_tone_-12,4000.0,-98.6,-86.87,-87.22
bx_console_n,Brainworx,Neve VXS console channel,console-neve,thd_-30,under_tone_-12,50.0,-117.81,-86.87,-87.22
bx_console_n,Brainworx,Neve VXS console channel,console-neve,thd_-30,under_tone_-12,500.0,-107.47,-86.87,-87.22
bx_console_n,Brainworx,Neve VXS console channel,console-neve,thd_-30,under_tone_-12,5000.0,-97.67,-86.87,-87.22
bx_console_n,Brainworx,Neve VXS console channel,console-neve,thd_-30,under_tone_-12,63.0,-116.41,-86.87,-87.22
bx_console_n,Brainworx,Neve VXS console channel,console-neve,thd_-30,under_tone_-12,630.0,-106.1,-86.87,-87.22
bx_console_n,Brainworx,Neve VXS console channel,console-neve,thd_-30,under_tone_-12,6300.0,-96.71,-86.87,-87.22
bx_console_n,Brainworx,Neve VXS console channel,console-neve,thd_-30,under_tone_-12,80.0,-116.72,-86.87,-87.22
bx_console_n,Brainworx,Neve VXS console channel,console-neve,thd_-30,under_tone_-12,800.0,-105.67,-86.87,-87.22
bx_console_n,Brainworx,Neve VXS console channel,console-neve,thd_-30,under_tone_-12,8000.0,-95.52,-86.87,-87.22
bx_console_n,Brainworx,Neve VXS console channel,console-neve,thd_-60,silence,100.0,-118.04,-89.72,-90.12
bx_console_n,Brainworx,Neve VXS console channel,console-neve,thd_-60,silence,1000.0,-107.44,-89.72,-90.12
bx_console_n,Brainworx,Neve VXS console channel,console-neve,thd_-60,silence,10000.0,-97.45,-89.72,-90.12
bx_console_n,Brainworx,Neve VXS console channel,console-neve,thd_-60,silence,125.0,-117.1,-89.72,-90.12
bx_console_n,Brainworx,Neve VXS console channel,console-neve,thd_-60,silence,1250.0,-106.98,-89.72,-90.12
bx_console_n,Brainworx,Neve VXS console channel,console-neve,thd_-60,silence,12500.0,-96.57,-89.72,-90.12
bx_console_n,Brainworx,Neve VXS console channel,console-neve,thd_-60,silence,160.0,-115.13,-89.72,-90.12
bx_console_n,Brainworx,Neve VXS console channel,console-neve,thd_-60,silence,1600.0,-105.93,-89.72,-90.12
bx_console_n,Brainworx,Neve VXS console channel,console-neve,thd_-60,silence,16000.0,-95.42,-89.72,-90.12
bx_console_n,Brainworx,Neve VXS console channel,console-neve,thd_-60,silence,20.0,-124.57,-89.72,-90.12
bx_console_n,Brainworx,Neve VXS console channel,console-neve,thd_-60,silence,200.0,-115.38,-89.72,-90.12
bx_console_n,Brainworx,Neve VXS console channel,console-neve,thd_-60,silence,2000.0,-104.45,-89.72,-90.12
bx_console_n,Brainworx,Neve VXS console channel,console-neve,thd_-60,silence,20000.0,-94.43,-89.72,-90.12
bx_console_n,Brainworx,Neve VXS console channel,console-neve,thd_-60,silence,25.0,-124.94,-89.72,-90.12
bx_console_n,Brainworx,Neve VXS console channel,console-neve,thd_-60,silence,250.0,-113.35,-89.72,-90.12
bx_console_n,Brainworx,Neve VXS console channel,console-neve,thd_-60,silence,2500.0,-103.63,-89.72,-90.12
bx_console_n,Brainworx,Neve VXS console channel,console-neve,thd_-60,silence,31.5,-124.55,-89.72,-90.12
bx_console_n,Brainworx,Neve VXS console channel,console-neve,thd_-60,silence,315.0,-112.89,-89.72,-90.12
bx_console_n,Brainworx,Neve VXS console channel,console-neve,thd_-60,silence,3150.0,-102.33,-89.72,-90.12
bx_console_n,Brainworx,Neve VXS console channel,console-neve,thd_-60,silence,40.0,-118.99,-89.72,-90.12
bx_console_n,Brainworx,Neve VXS console channel,console-neve,thd_-60,silence,400.0,-111.27,-89.72,-90.12
bx_console_n,Brainworx,Neve VXS console channel,console-neve,thd_-60,silence,4000.0,-101.67,-89.72,-90.12
bx_console_n,Brainworx,Neve VXS console channel,console-neve,thd_-60,silence,50.0,-118.81,-89.72,-90.12
bx_console_n,Brainworx,Neve VXS console channel,console-neve,thd_-60,silence,500.0,-110.64,-89.72,-90.12
bx_console_n,Brainworx,Neve VXS console channel,console-neve,thd_-60,silence,5000.0,-100.55,-89.72,-90.12
bx_console_n,Brainworx,Neve VXS console channel,console-neve,thd_-60,silence,63.0,-120.68,-89.72,-90.12
bx_console_n,Brainworx,Neve VXS console channel,console-neve,thd_-60,silence,630.0,-109.62,-89.72,-90.12
bx_console_n,Brainworx,Neve VXS console channel,console-neve,thd_-60,silence,6300.0,-99.67,-89.72,-90.12
bx_console_n,Brainworx,Neve VXS console channel,console-neve,thd_-60,silence,80.0,-117.71,-89.72,-90.12
bx_console_n,Brainworx,Neve VXS console channel,console-neve,thd_-60,silence,800.0,-109.11,-89.72,-90.12
bx_console_n,Brainworx,Neve VXS console channel,console-neve,thd_-60,silence,8000.0,-98.45,-89.72,-90.12
bx_console_n,Brainworx,Neve VXS console channel,console-neve,thd_-60,under_tone_-12,100.0,-117.51,-89.79,-90.16
bx_console_n,Brainworx,Neve VXS console channel,console-neve,thd_-60,under_tone_-12,1000.0,-107.84,-89.79,-90.16
bx_console_n,Brainworx,Neve VXS console channel,console-neve,thd_-60,under_tone_-12,10000.0,-97.67,-89.79,-90.16
bx_console_n,Brainworx,Neve VXS console channel,console-neve,thd_-60,under_tone_-12,125.0,-115.87,-89.79,-90.16
bx_console_n,Brainworx,Neve VXS console channel,console-neve,thd_-60,under_tone_-12,1250.0,-106.59,-89.79,-90.16
bx_console_n,Brainworx,Neve VXS console channel,console-neve,thd_-60,under_tone_-12,12500.0,-96.71,-89.79,-90.16
bx_console_n,Brainworx,Neve VXS console channel,console-neve,thd_-60,under_tone_-12,160.0,-116.09,-89.79,-90.16
bx_console_n,Brainworx,Neve VXS console channel,console-neve,thd_-60,under_tone_-12,1600.0,-105.34,-89.79,-90.16
bx_console_n,Brainworx,Neve VXS console channel,console-neve,thd_-60,under_tone_-12,16000.0,-95.56,-89.79,-90.16
bx_console_n,Brainworx,Neve VXS console channel,console-neve,thd_-60,under_tone_-12,20.0,-122.91,-89.79,-90.16
bx_console_n,Brainworx,Neve VXS console channel,console-neve,thd_-60,under_tone_-12,200.0,-114.61,-89.79,-90.16
bx_console_n,Brainworx,Neve VXS console channel,console-neve,thd_-60,under_tone_-12,2000.0,-104.63,-89.79,-90.16
bx_console_n,Brainworx,Neve VXS console channel,console-neve,thd_-60,under_tone_-12,20000.0,-94.55,-89.79,-90.16
bx_console_n,Brainworx,Neve VXS console channel,console-neve,thd_-60,under_tone_-12,25.0,-124.15,-89.79,-90.16
bx_console_n,Brainworx,Neve VXS console channel,console-neve,thd_-60,under_tone_-12,250.0,-113.81,-89.79,-90.16
bx_console_n,Brainworx,Neve VXS console channel,console-neve,thd_-60,under_tone_-12,2500.0,-103.77,-89.79,-90.16
bx_console_n,Brainworx,Neve VXS console channel,console-neve,thd_-60,under_tone_-12,31.5,-122.21,-89.79,-90.16
bx_console_n,Brainworx,Neve VXS console channel,console-neve,thd_-60,under_tone_-12,315.0,-112.37,-89.79,-90.16
bx_console_n,Brainworx,Neve VXS console channel,console-neve,thd_-60,under_tone_-12,3150.0,-102.54,-89.79,-90.16
bx_console_n,Brainworx,Neve VXS console channel,console-neve,thd_-60,under_tone_-12,40.0,-123.11,-89.79,-90.16
bx_console_n,Brainworx,Neve VXS console channel,console-neve,thd_-60,under_tone_-12,400.0,-111.64,-89.79,-90.16
bx_console_n,Brainworx,Neve VXS console channel,console-neve,thd_-60,under_tone_-12,4000.0,-101.55,-89.79,-90.16
bx_console_n,Brainworx,Neve VXS console channel,console-neve,thd_-60,under_tone_-12,50.0,-121.36,-89.79,-90.16
bx_console_n,Brainworx,Neve VXS console channel,console-neve,thd_-60,under_tone_-12,500.0,-110.25,-89.79,-90.16
bx_console_n,Brainworx,Neve VXS console channel,console-neve,thd_-60,under_tone_-12,5000.0,-100.59,-89.79,-90.16
bx_console_n,Brainworx,Neve VXS console channel,console-neve,thd_-60,under_tone_-12,63.0,-121.13,-89.79,-90.16
bx_console_n,Brainworx,Neve VXS console channel,console-neve,thd_-60,under_tone_-12,630.0,-110.11,-89.79,-90.16
bx_console_n,Brainworx,Neve VXS console channel,console-neve,thd_-60,under_tone_-12,6300.0,-99.77,-89.79,-90.16
bx_console_n,Brainworx,Neve VXS console channel,console-neve,thd_-60,under_tone_-12,80.0,-119.48,-89.79,-90.16
bx_console_n,Brainworx,Neve VXS console channel,console-neve,thd_-60,under_tone_-12,800.0,-108.48,-89.79,-90.16
bx_console_n,Brainworx,Neve VXS console channel,console-neve,thd_-60,under_tone_-12,8000.0,-98.31,-89.79,-90.16
frontdaw_british,Sonimus,British console style,style-frontdaw,matched_thd_0.1_pct,silence,100.0,-200.0,-200.0,-200.0
frontdaw_british,Sonimus,British console style,style-frontdaw,matched_thd_0.1_pct,silence,1000.0,-200.0,-200.0,-200.0
frontdaw_british,Sonimus,British console style,style-frontdaw,matched_thd_0.1_pct,silence,10000.0,-200.0,-200.0,-200.0
frontdaw_british,Sonimus,British console style,style-frontdaw,matched_thd_0.1_pct,silence,125.0,-200.0,-200.0,-200.0
frontdaw_british,Sonimus,British console style,style-frontdaw,matched_thd_0.1_pct,silence,1250.0,-200.0,-200.0,-200.0
frontdaw_british,Sonimus,British console style,style-frontdaw,matched_thd_0.1_pct,silence,12500.0,-200.0,-200.0,-200.0
frontdaw_british,Sonimus,British console style,style-frontdaw,matched_thd_0.1_pct,silence,160.0,-200.0,-200.0,-200.0
frontdaw_british,Sonimus,British console style,style-frontdaw,matched_thd_0.1_pct,silence,1600.0,-200.0,-200.0,-200.0
frontdaw_british,Sonimus,British console style,style-frontdaw,matched_thd_0.1_pct,silence,16000.0,-200.0,-200.0,-200.0
frontdaw_british,Sonimus,British console style,style-frontdaw,matched_thd_0.1_pct,silence,20.0,-200.0,-200.0,-200.0
frontdaw_british,Sonimus,British console style,style-frontdaw,matched_thd_0.1_pct,silence,200.0,-200.0,-200.0,-200.0
frontdaw_british,Sonimus,British console style,style-frontdaw,matched_thd_0.1_pct,silence,2000.0,-200.0,-200.0,-200.0
frontdaw_british,Sonimus,British console style,style-frontdaw,matched_thd_0.1_pct,silence,20000.0,-200.0,-200.0,-200.0
frontdaw_british,Sonimus,British console style,style-frontdaw,matched_thd_0.1_pct,silence,25.0,-200.0,-200.0,-200.0
frontdaw_british,Sonimus,British console style,style-frontdaw,matched_thd_0.1_pct,silence,250.0,-200.0,-200.0,-200.0
frontdaw_british,Sonimus,British console style,style-frontdaw,matched_thd_0.1_pct,silence,2500.0,-200.0,-200.0,-200.0
frontdaw_british,Sonimus,British console style,style-frontdaw,matched_thd_0.1_pct,silence,31.5,-200.0,-200.0,-200.0
frontdaw_british,Sonimus,British console style,style-frontdaw,matched_thd_0.1_pct,silence,315.0,-200.0,-200.0,-200.0
frontdaw_british,Sonimus,British console style,style-frontdaw,matched_thd_0.1_pct,silence,3150.0,-200.0,-200.0,-200.0
frontdaw_british,Sonimus,British console style,style-frontdaw,matched_thd_0.1_pct,silence,40.0,-200.0,-200.0,-200.0
frontdaw_british,Sonimus,British console style,style-frontdaw,matched_thd_0.1_pct,silence,400.0,-200.0,-200.0,-200.0
frontdaw_british,Sonimus,British console style,style-frontdaw,matched_thd_0.1_pct,silence,4000.0,-200.0,-200.0,-200.0
frontdaw_british,Sonimus,British console style,style-frontdaw,matched_thd_0.1_pct,silence,50.0,-200.0,-200.0,-200.0
frontdaw_british,Sonimus,British console style,style-frontdaw,matched_thd_0.1_pct,silence,500.0,-200.0,-200.0,-200.0
frontdaw_british,Sonimus,British console style,style-frontdaw,matched_thd_0.1_pct,silence,5000.0,-200.0,-200.0,-200.0
frontdaw_british,Sonimus,British console style,style-frontdaw,matched_thd_0.1_pct,silence,63.0,-200.0,-200.0,-200.0
frontdaw_british,Sonimus,British console style,style-frontdaw,matched_thd_0.1_pct,silence,630.0,-200.0,-200.0,-200.0
frontdaw_british,Sonimus,British console style,style-frontdaw,matched_thd_0.1_pct,silence,6300.0,-200.0,-200.0,-200.0
frontdaw_british,Sonimus,British console style,style-frontdaw,matched_thd_0.1_pct,silence,80.0,-200.0,-200.0,-200.0
frontdaw_british,Sonimus,British console style,style-frontdaw,matched_thd_0.1_pct,silence,800.0,-200.0,-200.0,-200.0
frontdaw_british,Sonimus,British console style,style-frontdaw,matched_thd_0.1_pct,silence,8000.0,-200.0,-200.0,-200.0
frontdaw_british,Sonimus,British console style,style-frontdaw,matched_thd_0.1_pct,under_tone_-12,100.0,-200.0,-159.22,-167.21
frontdaw_british,Sonimus,British console style,style-frontdaw,matched_thd_0.1_pct,under_tone_-12,1000.0,-200.0,-159.22,-167.21
frontdaw_british,Sonimus,British console style,style-frontdaw,matched_thd_0.1_pct,under_tone_-12,10000.0,-200.0,-159.22,-167.21
frontdaw_british,Sonimus,British console style,style-frontdaw,matched_thd_0.1_pct,under_tone_-12,125.0,-200.0,-159.22,-167.21
frontdaw_british,Sonimus,British console style,style-frontdaw,matched_thd_0.1_pct,under_tone_-12,1250.0,-200.0,-159.22,-167.21
frontdaw_british,Sonimus,British console style,style-frontdaw,matched_thd_0.1_pct,under_tone_-12,12500.0,-200.0,-159.22,-167.21
frontdaw_british,Sonimus,British console style,style-frontdaw,matched_thd_0.1_pct,under_tone_-12,160.0,-200.0,-159.22,-167.21
frontdaw_british,Sonimus,British console style,style-frontdaw,matched_thd_0.1_pct,under_tone_-12,1600.0,-200.0,-159.22,-167.21
frontdaw_british,Sonimus,British console style,style-frontdaw,matched_thd_0.1_pct,under_tone_-12,16000.0,-200.0,-159.22,-167.21
frontdaw_british,Sonimus,British console style,style-frontdaw,matched_thd_0.1_pct,under_tone_-12,20.0,-200.0,-159.22,-167.21
frontdaw_british,Sonimus,British console style,style-frontdaw,matched_thd_0.1_pct,under_tone_-12,200.0,-200.0,-159.22,-167.21
frontdaw_british,Sonimus,British console style,style-frontdaw,matched_thd_0.1_pct,under_tone_-12,2000.0,-200.0,-159.22,-167.21
frontdaw_british,Sonimus,British console style,style-frontdaw,matched_thd_0.1_pct,under_tone_-12,20000.0,-158.57,-159.22,-167.21
frontdaw_british,Sonimus,British console style,style-frontdaw,matched_thd_0.1_pct,under_tone_-12,25.0,-200.0,-159.22,-167.21
frontdaw_british,Sonimus,British console style,style-frontdaw,matched_thd_0.1_pct,under_tone_-12,250.0,-200.0,-159.22,-167.21
frontdaw_british,Sonimus,British console style,style-frontdaw,matched_thd_0.1_pct,under_tone_-12,2500.0,-200.0,-159.22,-167.21
frontdaw_british,Sonimus,British console style,style-frontdaw,matched_thd_0.1_pct,under_tone_-12,31.5,-200.0,-159.22,-167.21
frontdaw_british,Sonimus,British console style,style-frontdaw,matched_thd_0.1_pct,under_tone_-12,315.0,-200.0,-159.22,-167.21
frontdaw_british,Sonimus,British console style,style-frontdaw,matched_thd_0.1_pct,under_tone_-12,3150.0,-200.0,-159.22,-167.21
frontdaw_british,Sonimus,British console style,style-frontdaw,matched_thd_0.1_pct,under_tone_-12,40.0,-200.0,-159.22,-167.21
frontdaw_british,Sonimus,British console style,style-frontdaw,matched_thd_0.1_pct,under_tone_-12,400.0,-200.0,-159.22,-167.21
frontdaw_british,Sonimus,British console style,style-frontdaw,matched_thd_0.1_pct,under_tone_-12,4000.0,-200.0,-159.22,-167.21
frontdaw_british,Sonimus,British console style,style-frontdaw,matched_thd_0.1_pct,under_tone_-12,50.0,-200.0,-159.22,-167.21
frontdaw_british,Sonimus,British console style,style-frontdaw,matched_thd_0.1_pct,under_tone_-12,500.0,-200.0,-159.22,-167.21
frontdaw_british,Sonimus,British console style,style-frontdaw,matched_thd_0.1_pct,under_tone_-12,5000.0,-200.0,-159.22,-167.21
frontdaw_british,Sonimus,British console style,style-frontdaw,matched_thd_0.1_pct,under_tone_-12,63.0,-200.0,-159.22,-167.21
frontdaw_british,Sonimus,British console style,style-frontdaw,matched_thd_0.1_pct,under_tone_-12,630.0,-200.0,-159.22,-167.21
frontdaw_british,Sonimus,British console style,style-frontdaw,matched_thd_0.1_pct,under_tone_-12,6300.0,-200.0,-159.22,-167.21
frontdaw_british,Sonimus,British console style,style-frontdaw,matched_thd_0.1_pct,under_tone_-12,80.0,-200.0,-159.22,-167.21
frontdaw_british,Sonimus,British console style,style-frontdaw,matched_thd_0.1_pct,under_tone_-12,800.0,-200.0,-159.22,-167.21
frontdaw_british,Sonimus,British console style,style-frontdaw,matched_thd_0.1_pct,under_tone_-12,8000.0,-200.0,-159.22,-167.21
frontdaw_british,Sonimus,British console style,style-frontdaw,mojo_0,silence,100.0,-200.0,-200.0,-200.0
frontdaw_british,Sonimus,British console style,style-frontdaw,mojo_0,silence,1000.0,-200.0,-200.0,-200.0
frontdaw_british,Sonimus,British console style,style-frontdaw,mojo_0,silence,10000.0,-200.0,-200.0,-200.0
frontdaw_british,Sonimus,British console style,style-frontdaw,mojo_0,silence,125.0,-200.0,-200.0,-200.0
frontdaw_british,Sonimus,British console style,style-frontdaw,mojo_0,silence,1250.0,-200.0,-200.0,-200.0
frontdaw_british,Sonimus,British console style,style-frontdaw,mojo_0,silence,12500.0,-200.0,-200.0,-200.0
frontdaw_british,Sonimus,British console style,style-frontdaw,mojo_0,silence,160.0,-200.0,-200.0,-200.0
frontdaw_british,Sonimus,British console style,style-frontdaw,mojo_0,silence,1600.0,-200.0,-200.0,-200.0
frontdaw_british,Sonimus,British console style,style-frontdaw,mojo_0,silence,16000.0,-200.0,-200.0,-200.0
frontdaw_british,Sonimus,British console style,style-frontdaw,mojo_0,silence,20.0,-200.0,-200.0,-200.0
frontdaw_british,Sonimus,British console style,style-frontdaw,mojo_0,silence,200.0,-200.0,-200.0,-200.0
frontdaw_british,Sonimus,British console style,style-frontdaw,mojo_0,silence,2000.0,-200.0,-200.0,-200.0
frontdaw_british,Sonimus,British console style,style-frontdaw,mojo_0,silence,20000.0,-200.0,-200.0,-200.0
frontdaw_british,Sonimus,British console style,style-frontdaw,mojo_0,silence,25.0,-200.0,-200.0,-200.0
frontdaw_british,Sonimus,British console style,style-frontdaw,mojo_0,silence,250.0,-200.0,-200.0,-200.0
frontdaw_british,Sonimus,British console style,style-frontdaw,mojo_0,silence,2500.0,-200.0,-200.0,-200.0
frontdaw_british,Sonimus,British console style,style-frontdaw,mojo_0,silence,31.5,-200.0,-200.0,-200.0
frontdaw_british,Sonimus,British console style,style-frontdaw,mojo_0,silence,315.0,-200.0,-200.0,-200.0
frontdaw_british,Sonimus,British console style,style-frontdaw,mojo_0,silence,3150.0,-200.0,-200.0,-200.0
frontdaw_british,Sonimus,British console style,style-frontdaw,mojo_0,silence,40.0,-200.0,-200.0,-200.0
frontdaw_british,Sonimus,British console style,style-frontdaw,mojo_0,silence,400.0,-200.0,-200.0,-200.0
frontdaw_british,Sonimus,British console style,style-frontdaw,mojo_0,silence,4000.0,-200.0,-200.0,-200.0
frontdaw_british,Sonimus,British console style,style-frontdaw,mojo_0,silence,50.0,-200.0,-200.0,-200.0
frontdaw_british,Sonimus,British console style,style-frontdaw,mojo_0,silence,500.0,-200.0,-200.0,-200.0
frontdaw_british,Sonimus,British console style,style-frontdaw,mojo_0,silence,5000.0,-200.0,-200.0,-200.0
frontdaw_british,Sonimus,British console style,style-frontdaw,mojo_0,silence,63.0,-200.0,-200.0,-200.0
frontdaw_british,Sonimus,British console style,style-frontdaw,mojo_0,silence,630.0,-200.0,-200.0,-200.0
frontdaw_british,Sonimus,British console style,style-frontdaw,mojo_0,silence,6300.0,-200.0,-200.0,-200.0
frontdaw_british,Sonimus,British console style,style-frontdaw,mojo_0,silence,80.0,-200.0,-200.0,-200.0
frontdaw_british,Sonimus,British console style,style-frontdaw,mojo_0,silence,800.0,-200.0,-200.0,-200.0
frontdaw_british,Sonimus,British console style,style-frontdaw,mojo_0,silence,8000.0,-200.0,-200.0,-200.0
frontdaw_british,Sonimus,British console style,style-frontdaw,mojo_0,under_tone_-12,100.0,-200.0,-171.08,-178.82
frontdaw_british,Sonimus,British console style,style-frontdaw,mojo_0,under_tone_-12,1000.0,-200.0,-171.08,-178.82
frontdaw_british,Sonimus,British console style,style-frontdaw,mojo_0,under_tone_-12,10000.0,-200.0,-171.08,-178.82
frontdaw_british,Sonimus,British console style,style-frontdaw,mojo_0,under_tone_-12,125.0,-200.0,-171.08,-178.82
frontdaw_british,Sonimus,British console style,style-frontdaw,mojo_0,under_tone_-12,1250.0,-200.0,-171.08,-178.82
frontdaw_british,Sonimus,British console style,style-frontdaw,mojo_0,under_tone_-12,12500.0,-200.0,-171.08,-178.82
frontdaw_british,Sonimus,British console style,style-frontdaw,mojo_0,under_tone_-12,160.0,-200.0,-171.08,-178.82
frontdaw_british,Sonimus,British console style,style-frontdaw,mojo_0,under_tone_-12,1600.0,-200.0,-171.08,-178.82
frontdaw_british,Sonimus,British console style,style-frontdaw,mojo_0,under_tone_-12,16000.0,-200.0,-171.08,-178.82
frontdaw_british,Sonimus,British console style,style-frontdaw,mojo_0,under_tone_-12,20.0,-200.0,-171.08,-178.82
frontdaw_british,Sonimus,British console style,style-frontdaw,mojo_0,under_tone_-12,200.0,-200.0,-171.08,-178.82
frontdaw_british,Sonimus,British console style,style-frontdaw,mojo_0,under_tone_-12,2000.0,-200.0,-171.08,-178.82
frontdaw_british,Sonimus,British console style,style-frontdaw,mojo_0,under_tone_-12,20000.0,-169.31,-171.08,-178.82
frontdaw_british,Sonimus,British console style,style-frontdaw,mojo_0,under_tone_-12,25.0,-200.0,-171.08,-178.82
frontdaw_british,Sonimus,British console style,style-frontdaw,mojo_0,under_tone_-12,250.0,-200.0,-171.08,-178.82
frontdaw_british,Sonimus,British console style,style-frontdaw,mojo_0,under_tone_-12,2500.0,-200.0,-171.08,-178.82
frontdaw_british,Sonimus,British console style,style-frontdaw,mojo_0,under_tone_-12,31.5,-200.0,-171.08,-178.82
frontdaw_british,Sonimus,British console style,style-frontdaw,mojo_0,under_tone_-12,315.0,-200.0,-171.08,-178.82
frontdaw_british,Sonimus,British console style,style-frontdaw,mojo_0,under_tone_-12,3150.0,-200.0,-171.08,-178.82
frontdaw_british,Sonimus,British console style,style-frontdaw,mojo_0,under_tone_-12,40.0,-200.0,-171.08,-178.82
frontdaw_british,Sonimus,British console style,style-frontdaw,mojo_0,under_tone_-12,400.0,-200.0,-171.08,-178.82
frontdaw_british,Sonimus,British console style,style-frontdaw,mojo_0,under_tone_-12,4000.0,-200.0,-171.08,-178.82
frontdaw_british,Sonimus,British console style,style-frontdaw,mojo_0,under_tone_-12,50.0,-200.0,-171.08,-178.82
frontdaw_british,Sonimus,British console style,style-frontdaw,mojo_0,under_tone_-12,500.0,-200.0,-171.08,-178.82
frontdaw_british,Sonimus,British console style,style-frontdaw,mojo_0,under_tone_-12,5000.0,-200.0,-171.08,-178.82
frontdaw_british,Sonimus,British console style,style-frontdaw,mojo_0,under_tone_-12,63.0,-200.0,-171.08,-178.82
frontdaw_british,Sonimus,British console style,style-frontdaw,mojo_0,under_tone_-12,630.0,-200.0,-171.08,-178.82
frontdaw_british,Sonimus,British console style,style-frontdaw,mojo_0,under_tone_-12,6300.0,-200.0,-171.08,-178.82
frontdaw_british,Sonimus,British console style,style-frontdaw,mojo_0,under_tone_-12,80.0,-200.0,-171.08,-178.82
frontdaw_british,Sonimus,British console style,style-frontdaw,mojo_0,under_tone_-12,800.0,-200.0,-171.08,-178.82
frontdaw_british,Sonimus,British console style,style-frontdaw,mojo_0,under_tone_-12,8000.0,-200.0,-171.08,-178.82
frontdaw_british,Sonimus,British console style,style-frontdaw,mojo_100,silence,100.0,-200.0,-200.0,-200.0
frontdaw_british,Sonimus,British console style,style-frontdaw,mojo_100,silence,1000.0,-200.0,-200.0,-200.0
frontdaw_british,Sonimus,British console style,style-frontdaw,mojo_100,silence,10000.0,-200.0,-200.0,-200.0
frontdaw_british,Sonimus,British console style,style-frontdaw,mojo_100,silence,125.0,-200.0,-200.0,-200.0
frontdaw_british,Sonimus,British console style,style-frontdaw,mojo_100,silence,1250.0,-200.0,-200.0,-200.0
frontdaw_british,Sonimus,British console style,style-frontdaw,mojo_100,silence,12500.0,-200.0,-200.0,-200.0
frontdaw_british,Sonimus,British console style,style-frontdaw,mojo_100,silence,160.0,-200.0,-200.0,-200.0
frontdaw_british,Sonimus,British console style,style-frontdaw,mojo_100,silence,1600.0,-200.0,-200.0,-200.0
frontdaw_british,Sonimus,British console style,style-frontdaw,mojo_100,silence,16000.0,-200.0,-200.0,-200.0
frontdaw_british,Sonimus,British console style,style-frontdaw,mojo_100,silence,20.0,-200.0,-200.0,-200.0
frontdaw_british,Sonimus,British console style,style-frontdaw,mojo_100,silence,200.0,-200.0,-200.0,-200.0
frontdaw_british,Sonimus,British console style,style-frontdaw,mojo_100,silence,2000.0,-200.0,-200.0,-200.0
frontdaw_british,Sonimus,British console style,style-frontdaw,mojo_100,silence,20000.0,-200.0,-200.0,-200.0
frontdaw_british,Sonimus,British console style,style-frontdaw,mojo_100,silence,25.0,-200.0,-200.0,-200.0
frontdaw_british,Sonimus,British console style,style-frontdaw,mojo_100,silence,250.0,-200.0,-200.0,-200.0
frontdaw_british,Sonimus,British console style,style-frontdaw,mojo_100,silence,2500.0,-200.0,-200.0,-200.0
frontdaw_british,Sonimus,British console style,style-frontdaw,mojo_100,silence,31.5,-200.0,-200.0,-200.0
frontdaw_british,Sonimus,British console style,style-frontdaw,mojo_100,silence,315.0,-200.0,-200.0,-200.0
frontdaw_british,Sonimus,British console style,style-frontdaw,mojo_100,silence,3150.0,-200.0,-200.0,-200.0
frontdaw_british,Sonimus,British console style,style-frontdaw,mojo_100,silence,40.0,-200.0,-200.0,-200.0
frontdaw_british,Sonimus,British console style,style-frontdaw,mojo_100,silence,400.0,-200.0,-200.0,-200.0
frontdaw_british,Sonimus,British console style,style-frontdaw,mojo_100,silence,4000.0,-200.0,-200.0,-200.0
frontdaw_british,Sonimus,British console style,style-frontdaw,mojo_100,silence,50.0,-200.0,-200.0,-200.0
frontdaw_british,Sonimus,British console style,style-frontdaw,mojo_100,silence,500.0,-200.0,-200.0,-200.0
frontdaw_british,Sonimus,British console style,style-frontdaw,mojo_100,silence,5000.0,-200.0,-200.0,-200.0
frontdaw_british,Sonimus,British console style,style-frontdaw,mojo_100,silence,63.0,-200.0,-200.0,-200.0
frontdaw_british,Sonimus,British console style,style-frontdaw,mojo_100,silence,630.0,-200.0,-200.0,-200.0
frontdaw_british,Sonimus,British console style,style-frontdaw,mojo_100,silence,6300.0,-200.0,-200.0,-200.0
frontdaw_british,Sonimus,British console style,style-frontdaw,mojo_100,silence,80.0,-200.0,-200.0,-200.0
frontdaw_british,Sonimus,British console style,style-frontdaw,mojo_100,silence,800.0,-200.0,-200.0,-200.0
frontdaw_british,Sonimus,British console style,style-frontdaw,mojo_100,silence,8000.0,-200.0,-200.0,-200.0
frontdaw_british,Sonimus,British console style,style-frontdaw,mojo_100,under_tone_-12,100.0,-200.0,-129.74,-137.75
frontdaw_british,Sonimus,British console style,style-frontdaw,mojo_100,under_tone_-12,1000.0,-200.0,-129.74,-137.75
frontdaw_british,Sonimus,British console style,style-frontdaw,mojo_100,under_tone_-12,10000.0,-200.0,-129.74,-137.75
frontdaw_british,Sonimus,British console style,style-frontdaw,mojo_100,under_tone_-12,125.0,-200.0,-129.74,-137.75
frontdaw_british,Sonimus,British console style,style-frontdaw,mojo_100,under_tone_-12,1250.0,-200.0,-129.74,-137.75
frontdaw_british,Sonimus,British console style,style-frontdaw,mojo_100,under_tone_-12,12500.0,-200.0,-129.74,-137.75
frontdaw_british,Sonimus,British console style,style-frontdaw,mojo_100,under_tone_-12,160.0,-200.0,-129.74,-137.75
frontdaw_british,Sonimus,British console style,style-frontdaw,mojo_100,under_tone_-12,1600.0,-200.0,-129.74,-137.75
frontdaw_british,Sonimus,British console style,style-frontdaw,mojo_100,under_tone_-12,16000.0,-200.0,-129.74,-137.75
frontdaw_british,Sonimus,British console style,style-frontdaw,mojo_100,under_tone_-12,20.0,-200.0,-129.74,-137.75
frontdaw_british,Sonimus,British console style,style-frontdaw,mojo_100,under_tone_-12,200.0,-200.0,-129.74,-137.75
frontdaw_british,Sonimus,British console style,style-frontdaw,mojo_100,under_tone_-12,2000.0,-200.0,-129.74,-137.75
frontdaw_british,Sonimus,British console style,style-frontdaw,mojo_100,under_tone_-12,20000.0,-129.37,-129.74,-137.75
frontdaw_british,Sonimus,British console style,style-frontdaw,mojo_100,under_tone_-12,25.0,-200.0,-129.74,-137.75
frontdaw_british,Sonimus,British console style,style-frontdaw,mojo_100,under_tone_-12,250.0,-200.0,-129.74,-137.75
frontdaw_british,Sonimus,British console style,style-frontdaw,mojo_100,under_tone_-12,2500.0,-200.0,-129.74,-137.75
frontdaw_british,Sonimus,British console style,style-frontdaw,mojo_100,under_tone_-12,31.5,-200.0,-129.74,-137.75
frontdaw_british,Sonimus,British console style,style-frontdaw,mojo_100,under_tone_-12,315.0,-200.0,-129.74,-137.75
frontdaw_british,Sonimus,British console style,style-frontdaw,mojo_100,under_tone_-12,3150.0,-200.0,-129.74,-137.75
frontdaw_british,Sonimus,British console style,style-frontdaw,mojo_100,under_tone_-12,40.0,-200.0,-129.74,-137.75
frontdaw_british,Sonimus,British console style,style-frontdaw,mojo_100,under_tone_-12,400.0,-200.0,-129.74,-137.75
frontdaw_british,Sonimus,British console style,style-frontdaw,mojo_100,under_tone_-12,4000.0,-200.0,-129.74,-137.75
frontdaw_british,Sonimus,British console style,style-frontdaw,mojo_100,under_tone_-12,50.0,-200.0,-129.74,-137.75
frontdaw_british,Sonimus,British console style,style-frontdaw,mojo_100,under_tone_-12,500.0,-200.0,-129.74,-137.75
frontdaw_british,Sonimus,British console style,style-frontdaw,mojo_100,under_tone_-12,5000.0,-200.0,-129.74,-137.75
frontdaw_british,Sonimus,British console style,style-frontdaw,mojo_100,under_tone_-12,63.0,-200.0,-129.74,-137.75
frontdaw_british,Sonimus,British console style,style-frontdaw,mojo_100,under_tone_-12,630.0,-200.0,-129.74,-137.75
frontdaw_british,Sonimus,British console style,style-frontdaw,mojo_100,under_tone_-12,6300.0,-200.0,-129.74,-137.75
frontdaw_british,Sonimus,British console style,style-frontdaw,mojo_100,under_tone_-12,80.0,-200.0,-129.74,-137.75
frontdaw_british,Sonimus,British console style,style-frontdaw,mojo_100,under_tone_-12,800.0,-200.0,-129.74,-137.75
frontdaw_british,Sonimus,British console style,style-frontdaw,mojo_100,under_tone_-12,8000.0,-200.0,-129.74,-137.75
frontdaw_british,Sonimus,British console style,style-frontdaw,mojo_50,silence,100.0,-200.0,-200.0,-200.0
frontdaw_british,Sonimus,British console style,style-frontdaw,mojo_50,silence,1000.0,-200.0,-200.0,-200.0
frontdaw_british,Sonimus,British console style,style-frontdaw,mojo_50,silence,10000.0,-200.0,-200.0,-200.0
frontdaw_british,Sonimus,British console style,style-frontdaw,mojo_50,silence,125.0,-200.0,-200.0,-200.0
frontdaw_british,Sonimus,British console style,style-frontdaw,mojo_50,silence,1250.0,-200.0,-200.0,-200.0
frontdaw_british,Sonimus,British console style,style-frontdaw,mojo_50,silence,12500.0,-200.0,-200.0,-200.0
frontdaw_british,Sonimus,British console style,style-frontdaw,mojo_50,silence,160.0,-200.0,-200.0,-200.0
frontdaw_british,Sonimus,British console style,style-frontdaw,mojo_50,silence,1600.0,-200.0,-200.0,-200.0
frontdaw_british,Sonimus,British console style,style-frontdaw,mojo_50,silence,16000.0,-200.0,-200.0,-200.0
frontdaw_british,Sonimus,British console style,style-frontdaw,mojo_50,silence,20.0,-200.0,-200.0,-200.0
frontdaw_british,Sonimus,British console style,style-frontdaw,mojo_50,silence,200.0,-200.0,-200.0,-200.0
frontdaw_british,Sonimus,British console style,style-frontdaw,mojo_50,silence,2000.0,-200.0,-200.0,-200.0
frontdaw_british,Sonimus,British console style,style-frontdaw,mojo_50,silence,20000.0,-200.0,-200.0,-200.0
frontdaw_british,Sonimus,British console style,style-frontdaw,mojo_50,silence,25.0,-200.0,-200.0,-200.0
frontdaw_british,Sonimus,British console style,style-frontdaw,mojo_50,silence,250.0,-200.0,-200.0,-200.0
frontdaw_british,Sonimus,British console style,style-frontdaw,mojo_50,silence,2500.0,-200.0,-200.0,-200.0
frontdaw_british,Sonimus,British console style,style-frontdaw,mojo_50,silence,31.5,-200.0,-200.0,-200.0
frontdaw_british,Sonimus,British console style,style-frontdaw,mojo_50,silence,315.0,-200.0,-200.0,-200.0
frontdaw_british,Sonimus,British console style,style-frontdaw,mojo_50,silence,3150.0,-200.0,-200.0,-200.0
frontdaw_british,Sonimus,British console style,style-frontdaw,mojo_50,silence,40.0,-200.0,-200.0,-200.0
frontdaw_british,Sonimus,British console style,style-frontdaw,mojo_50,silence,400.0,-200.0,-200.0,-200.0
frontdaw_british,Sonimus,British console style,style-frontdaw,mojo_50,silence,4000.0,-200.0,-200.0,-200.0
frontdaw_british,Sonimus,British console style,style-frontdaw,mojo_50,silence,50.0,-200.0,-200.0,-200.0
frontdaw_british,Sonimus,British console style,style-frontdaw,mojo_50,silence,500.0,-200.0,-200.0,-200.0
frontdaw_british,Sonimus,British console style,style-frontdaw,mojo_50,silence,5000.0,-200.0,-200.0,-200.0
frontdaw_british,Sonimus,British console style,style-frontdaw,mojo_50,silence,63.0,-200.0,-200.0,-200.0
frontdaw_british,Sonimus,British console style,style-frontdaw,mojo_50,silence,630.0,-200.0,-200.0,-200.0
frontdaw_british,Sonimus,British console style,style-frontdaw,mojo_50,silence,6300.0,-200.0,-200.0,-200.0
frontdaw_british,Sonimus,British console style,style-frontdaw,mojo_50,silence,80.0,-200.0,-200.0,-200.0
frontdaw_british,Sonimus,British console style,style-frontdaw,mojo_50,silence,800.0,-200.0,-200.0,-200.0
frontdaw_british,Sonimus,British console style,style-frontdaw,mojo_50,silence,8000.0,-200.0,-200.0,-200.0
frontdaw_british,Sonimus,British console style,style-frontdaw,mojo_50,under_tone_-12,100.0,-200.0,-141.5,-149.55
frontdaw_british,Sonimus,British console style,style-frontdaw,mojo_50,under_tone_-12,1000.0,-200.0,-141.5,-149.55
frontdaw_british,Sonimus,British console style,style-frontdaw,mojo_50,under_tone_-12,10000.0,-200.0,-141.5,-149.55
frontdaw_british,Sonimus,British console style,style-frontdaw,mojo_50,under_tone_-12,125.0,-200.0,-141.5,-149.55
frontdaw_british,Sonimus,British console style,style-frontdaw,mojo_50,under_tone_-12,1250.0,-200.0,-141.5,-149.55
frontdaw_british,Sonimus,British console style,style-frontdaw,mojo_50,under_tone_-12,12500.0,-200.0,-141.5,-149.55
frontdaw_british,Sonimus,British console style,style-frontdaw,mojo_50,under_tone_-12,160.0,-200.0,-141.5,-149.55
frontdaw_british,Sonimus,British console style,style-frontdaw,mojo_50,under_tone_-12,1600.0,-200.0,-141.5,-149.55
frontdaw_british,Sonimus,British console style,style-frontdaw,mojo_50,under_tone_-12,16000.0,-200.0,-141.5,-149.55
frontdaw_british,Sonimus,British console style,style-frontdaw,mojo_50,under_tone_-12,20.0,-200.0,-141.5,-149.55
frontdaw_british,Sonimus,British console style,style-frontdaw,mojo_50,under_tone_-12,200.0,-200.0,-141.5,-149.55
frontdaw_british,Sonimus,British console style,style-frontdaw,mojo_50,under_tone_-12,2000.0,-200.0,-141.5,-149.55
frontdaw_british,Sonimus,British console style,style-frontdaw,mojo_50,under_tone_-12,20000.0,-141.35,-141.5,-149.55
frontdaw_british,Sonimus,British console style,style-frontdaw,mojo_50,under_tone_-12,25.0,-200.0,-141.5,-149.55
frontdaw_british,Sonimus,British console style,style-frontdaw,mojo_50,under_tone_-12,250.0,-200.0,-141.5,-149.55
frontdaw_british,Sonimus,British console style,style-frontdaw,mojo_50,under_tone_-12,2500.0,-200.0,-141.5,-149.55
frontdaw_british,Sonimus,British console style,style-frontdaw,mojo_50,under_tone_-12,31.5,-200.0,-141.5,-149.55
frontdaw_british,Sonimus,British console style,style-frontdaw,mojo_50,under_tone_-12,315.0,-200.0,-141.5,-149.55
frontdaw_british,Sonimus,British console style,style-frontdaw,mojo_50,under_tone_-12,3150.0,-200.0,-141.5,-149.55
frontdaw_british,Sonimus,British console style,style-frontdaw,mojo_50,under_tone_-12,40.0,-200.0,-141.5,-149.55
frontdaw_british,Sonimus,British console style,style-frontdaw,mojo_50,under_tone_-12,400.0,-200.0,-141.5,-149.55
frontdaw_british,Sonimus,British console style,style-frontdaw,mojo_50,under_tone_-12,4000.0,-200.0,-141.5,-149.55
frontdaw_british,Sonimus,British console style,style-frontdaw,mojo_50,under_tone_-12,50.0,-200.0,-141.5,-149.55
frontdaw_british,Sonimus,British console style,style-frontdaw,mojo_50,under_tone_-12,500.0,-200.0,-141.5,-149.55
frontdaw_british,Sonimus,British console style,style-frontdaw,mojo_50,under_tone_-12,5000.0,-200.0,-141.5,-149.55
frontdaw_british,Sonimus,British console style,style-frontdaw,mojo_50,under_tone_-12,63.0,-200.0,-141.5,-149.55
frontdaw_british,Sonimus,British console style,style-frontdaw,mojo_50,under_tone_-12,630.0,-200.0,-141.5,-149.55
frontdaw_british,Sonimus,British console style,style-frontdaw,mojo_50,under_tone_-12,6300.0,-200.0,-141.5,-149.55
frontdaw_british,Sonimus,British console style,style-frontdaw,mojo_50,under_tone_-12,80.0,-200.0,-141.5,-149.55
frontdaw_british,Sonimus,British console style,style-frontdaw,mojo_50,under_tone_-12,800.0,-200.0,-141.5,-149.55
frontdaw_british,Sonimus,British console style,style-frontdaw,mojo_50,under_tone_-12,8000.0,-200.0,-141.5,-149.55
nls_mike,Waves,SSL 4000 G+ console channel,console-ssl,drive_0,silence,100.0,-200.0,-200.0,-200.0
nls_mike,Waves,SSL 4000 G+ console channel,console-ssl,drive_0,silence,1000.0,-200.0,-200.0,-200.0
nls_mike,Waves,SSL 4000 G+ console channel,console-ssl,drive_0,silence,10000.0,-200.0,-200.0,-200.0
nls_mike,Waves,SSL 4000 G+ console channel,console-ssl,drive_0,silence,125.0,-200.0,-200.0,-200.0
nls_mike,Waves,SSL 4000 G+ console channel,console-ssl,drive_0,silence,1250.0,-200.0,-200.0,-200.0
nls_mike,Waves,SSL 4000 G+ console channel,console-ssl,drive_0,silence,12500.0,-200.0,-200.0,-200.0
nls_mike,Waves,SSL 4000 G+ console channel,console-ssl,drive_0,silence,160.0,-200.0,-200.0,-200.0
nls_mike,Waves,SSL 4000 G+ console channel,console-ssl,drive_0,silence,1600.0,-200.0,-200.0,-200.0
nls_mike,Waves,SSL 4000 G+ console channel,console-ssl,drive_0,silence,16000.0,-200.0,-200.0,-200.0
nls_mike,Waves,SSL 4000 G+ console channel,console-ssl,drive_0,silence,20.0,-200.0,-200.0,-200.0
nls_mike,Waves,SSL 4000 G+ console channel,console-ssl,drive_0,silence,200.0,-200.0,-200.0,-200.0
nls_mike,Waves,SSL 4000 G+ console channel,console-ssl,drive_0,silence,2000.0,-200.0,-200.0,-200.0
nls_mike,Waves,SSL 4000 G+ console channel,console-ssl,drive_0,silence,20000.0,-200.0,-200.0,-200.0
nls_mike,Waves,SSL 4000 G+ console channel,console-ssl,drive_0,silence,25.0,-200.0,-200.0,-200.0
nls_mike,Waves,SSL 4000 G+ console channel,console-ssl,drive_0,silence,250.0,-200.0,-200.0,-200.0
nls_mike,Waves,SSL 4000 G+ console channel,console-ssl,drive_0,silence,2500.0,-200.0,-200.0,-200.0
nls_mike,Waves,SSL 4000 G+ console channel,console-ssl,drive_0,silence,31.5,-200.0,-200.0,-200.0
nls_mike,Waves,SSL 4000 G+ console channel,console-ssl,drive_0,silence,315.0,-200.0,-200.0,-200.0
nls_mike,Waves,SSL 4000 G+ console channel,console-ssl,drive_0,silence,3150.0,-200.0,-200.0,-200.0
nls_mike,Waves,SSL 4000 G+ console channel,console-ssl,drive_0,silence,40.0,-200.0,-200.0,-200.0
nls_mike,Waves,SSL 4000 G+ console channel,console-ssl,drive_0,silence,400.0,-200.0,-200.0,-200.0
nls_mike,Waves,SSL 4000 G+ console channel,console-ssl,drive_0,silence,4000.0,-200.0,-200.0,-200.0
nls_mike,Waves,SSL 4000 G+ console channel,console-ssl,drive_0,silence,50.0,-200.0,-200.0,-200.0
nls_mike,Waves,SSL 4000 G+ console channel,console-ssl,drive_0,silence,500.0,-200.0,-200.0,-200.0
nls_mike,Waves,SSL 4000 G+ console channel,console-ssl,drive_0,silence,5000.0,-200.0,-200.0,-200.0
nls_mike,Waves,SSL 4000 G+ console channel,console-ssl,drive_0,silence,63.0,-200.0,-200.0,-200.0
nls_mike,Waves,SSL 4000 G+ console channel,console-ssl,drive_0,silence,630.0,-200.0,-200.0,-200.0
nls_mike,Waves,SSL 4000 G+ console channel,console-ssl,drive_0,silence,6300.0,-200.0,-200.0,-200.0
nls_mike,Waves,SSL 4000 G+ console channel,console-ssl,drive_0,silence,80.0,-200.0,-200.0,-200.0
nls_mike,Waves,SSL 4000 G+ console channel,console-ssl,drive_0,silence,800.0,-200.0,-200.0,-200.0
nls_mike,Waves,SSL 4000 G+ console channel,console-ssl,drive_0,silence,8000.0,-200.0,-200.0,-200.0
nls_mike,Waves,SSL 4000 G+ console channel,console-ssl,drive_0,under_tone_-12,100.0,-200.0,-117.68,-135.74
nls_mike,Waves,SSL 4000 G+ console channel,console-ssl,drive_0,under_tone_-12,1000.0,-163.02,-117.68,-135.74
nls_mike,Waves,SSL 4000 G+ console channel,console-ssl,drive_0,under_tone_-12,10000.0,-164.13,-117.68,-135.74
nls_mike,Waves,SSL 4000 G+ console channel,console-ssl,drive_0,under_tone_-12,125.0,-200.0,-117.68,-135.74
nls_mike,Waves,SSL 4000 G+ console channel,console-ssl,drive_0,under_tone_-12,1250.0,-197.18,-117.68,-135.74
nls_mike,Waves,SSL 4000 G+ console channel,console-ssl,drive_0,under_tone_-12,12500.0,-167.22,-117.68,-135.74
nls_mike,Waves,SSL 4000 G+ console channel,console-ssl,drive_0,under_tone_-12,160.0,-200.0,-117.68,-135.74
nls_mike,Waves,SSL 4000 G+ console channel,console-ssl,drive_0,under_tone_-12,1600.0,-198.61,-117.68,-135.74
nls_mike,Waves,SSL 4000 G+ console channel,console-ssl,drive_0,under_tone_-12,16000.0,-166.61,-117.68,-135.74
nls_mike,Waves,SSL 4000 G+ console channel,console-ssl,drive_0,under_tone_-12,20.0,-194.19,-117.68,-135.74
nls_mike,Waves,SSL 4000 G+ console channel,console-ssl,drive_0,under_tone_-12,200.0,-200.0,-117.68,-135.74
nls_mike,Waves,SSL 4000 G+ console channel,console-ssl,drive_0,under_tone_-12,2000.0,-163.12,-117.68,-135.74
nls_mike,Waves,SSL 4000 G+ console channel,console-ssl,drive_0,under_tone_-12,20000.0,-127.87,-117.68,-135.74
nls_mike,Waves,SSL 4000 G+ console channel,console-ssl,drive_0,under_tone_-12,25.0,-197.38,-117.68,-135.74
nls_mike,Waves,SSL 4000 G+ console channel,console-ssl,drive_0,under_tone_-12,250.0,-200.0,-117.68,-135.74
nls_mike,Waves,SSL 4000 G+ console channel,console-ssl,drive_0,under_tone_-12,2500.0,-196.22,-117.68,-135.74
nls_mike,Waves,SSL 4000 G+ console channel,console-ssl,drive_0,under_tone_-12,31.5,-198.81,-117.68,-135.74
nls_mike,Waves,SSL 4000 G+ console channel,console-ssl,drive_0,under_tone_-12,315.0,-200.0,-117.68,-135.74
nls_mike,Waves,SSL 4000 G+ console channel,console-ssl,drive_0,under_tone_-12,3150.0,-163.45,-117.68,-135.74
nls_mike,Waves,SSL 4000 G+ console channel,console-ssl,drive_0,under_tone_-12,40.0,-199.06,-117.68,-135.74
nls_mike,Waves,SSL 4000 G+ console channel,console-ssl,drive_0,under_tone_-12,400.0,-200.0,-117.68,-135.74
nls_mike,Waves,SSL 4000 G+ console channel,console-ssl,drive_0,under_tone_-12,4000.0,-163.85,-117.68,-135.74
nls_mike,Waves,SSL 4000 G+ console channel,console-ssl,drive_0,under_tone_-12,50.0,-200.0,-117.68,-135.74
nls_mike,Waves,SSL 4000 G+ console channel,console-ssl,drive_0,under_tone_-12,500.0,-200.0,-117.68,-135.74
nls_mike,Waves,SSL 4000 G+ console channel,console-ssl,drive_0,under_tone_-12,5000.0,-164.29,-117.68,-135.74
nls_mike,Waves,SSL 4000 G+ console channel,console-ssl,drive_0,under_tone_-12,63.0,-199.93,-117.68,-135.74
nls_mike,Waves,SSL 4000 G+ console channel,console-ssl,drive_0,under_tone_-12,630.0,-200.0,-117.68,-135.74
nls_mike,Waves,SSL 4000 G+ console channel,console-ssl,drive_0,under_tone_-12,6300.0,-162.38,-117.68,-135.74
nls_mike,Waves,SSL 4000 G+ console channel,console-ssl,drive_0,under_tone_-12,80.0,-200.0,-117.68,-135.74
nls_mike,Waves,SSL 4000 G+ console channel,console-ssl,drive_0,under_tone_-12,800.0,-197.71,-117.68,-135.74
nls_mike,Waves,SSL 4000 G+ console channel,console-ssl,drive_0,under_tone_-12,8000.0,-166.48,-117.68,-135.74
nls_mike,Waves,SSL 4000 G+ console channel,console-ssl,drive_12,silence,100.0,-200.0,-200.0,-200.0
nls_mike,Waves,SSL 4000 G+ console channel,console-ssl,drive_12,silence,1000.0,-200.0,-200.0,-200.0
nls_mike,Waves,SSL 4000 G+ console channel,console-ssl,drive_12,silence,10000.0,-200.0,-200.0,-200.0
nls_mike,Waves,SSL 4000 G+ console channel,console-ssl,drive_12,silence,125.0,-200.0,-200.0,-200.0
nls_mike,Waves,SSL 4000 G+ console channel,console-ssl,drive_12,silence,1250.0,-200.0,-200.0,-200.0
nls_mike,Waves,SSL 4000 G+ console channel,console-ssl,drive_12,silence,12500.0,-200.0,-200.0,-200.0
nls_mike,Waves,SSL 4000 G+ console channel,console-ssl,drive_12,silence,160.0,-200.0,-200.0,-200.0
nls_mike,Waves,SSL 4000 G+ console channel,console-ssl,drive_12,silence,1600.0,-200.0,-200.0,-200.0
nls_mike,Waves,SSL 4000 G+ console channel,console-ssl,drive_12,silence,16000.0,-200.0,-200.0,-200.0
nls_mike,Waves,SSL 4000 G+ console channel,console-ssl,drive_12,silence,20.0,-200.0,-200.0,-200.0
nls_mike,Waves,SSL 4000 G+ console channel,console-ssl,drive_12,silence,200.0,-200.0,-200.0,-200.0
nls_mike,Waves,SSL 4000 G+ console channel,console-ssl,drive_12,silence,2000.0,-200.0,-200.0,-200.0
nls_mike,Waves,SSL 4000 G+ console channel,console-ssl,drive_12,silence,20000.0,-200.0,-200.0,-200.0
nls_mike,Waves,SSL 4000 G+ console channel,console-ssl,drive_12,silence,25.0,-200.0,-200.0,-200.0
nls_mike,Waves,SSL 4000 G+ console channel,console-ssl,drive_12,silence,250.0,-200.0,-200.0,-200.0
nls_mike,Waves,SSL 4000 G+ console channel,console-ssl,drive_12,silence,2500.0,-200.0,-200.0,-200.0
nls_mike,Waves,SSL 4000 G+ console channel,console-ssl,drive_12,silence,31.5,-200.0,-200.0,-200.0
nls_mike,Waves,SSL 4000 G+ console channel,console-ssl,drive_12,silence,315.0,-200.0,-200.0,-200.0
nls_mike,Waves,SSL 4000 G+ console channel,console-ssl,drive_12,silence,3150.0,-200.0,-200.0,-200.0
nls_mike,Waves,SSL 4000 G+ console channel,console-ssl,drive_12,silence,40.0,-200.0,-200.0,-200.0
nls_mike,Waves,SSL 4000 G+ console channel,console-ssl,drive_12,silence,400.0,-200.0,-200.0,-200.0
nls_mike,Waves,SSL 4000 G+ console channel,console-ssl,drive_12,silence,4000.0,-200.0,-200.0,-200.0
nls_mike,Waves,SSL 4000 G+ console channel,console-ssl,drive_12,silence,50.0,-200.0,-200.0,-200.0
nls_mike,Waves,SSL 4000 G+ console channel,console-ssl,drive_12,silence,500.0,-200.0,-200.0,-200.0
nls_mike,Waves,SSL 4000 G+ console channel,console-ssl,drive_12,silence,5000.0,-200.0,-200.0,-200.0
nls_mike,Waves,SSL 4000 G+ console channel,console-ssl,drive_12,silence,63.0,-200.0,-200.0,-200.0
nls_mike,Waves,SSL 4000 G+ console channel,console-ssl,drive_12,silence,630.0,-200.0,-200.0,-200.0
nls_mike,Waves,SSL 4000 G+ console channel,console-ssl,drive_12,silence,6300.0,-200.0,-200.0,-200.0
nls_mike,Waves,SSL 4000 G+ console channel,console-ssl,drive_12,silence,80.0,-200.0,-200.0,-200.0
nls_mike,Waves,SSL 4000 G+ console channel,console-ssl,drive_12,silence,800.0,-200.0,-200.0,-200.0
nls_mike,Waves,SSL 4000 G+ console channel,console-ssl,drive_12,silence,8000.0,-200.0,-200.0,-200.0
nls_mike,Waves,SSL 4000 G+ console channel,console-ssl,drive_12,under_tone_-12,100.0,-183.92,-73.6,-81.34
nls_mike,Waves,SSL 4000 G+ console channel,console-ssl,drive_12,under_tone_-12,1000.0,-155.85,-73.6,-81.34
nls_mike,Waves,SSL 4000 G+ console channel,console-ssl,drive_12,under_tone_-12,10000.0,-156.44,-73.6,-81.34
nls_mike,Waves,SSL 4000 G+ console channel,console-ssl,drive_12,under_tone_-12,125.0,-186.16,-73.6,-81.34
nls_mike,Waves,SSL 4000 G+ console channel,console-ssl,drive_12,under_tone_-12,1250.0,-178.09,-73.6,-81.34
nls_mike,Waves,SSL 4000 G+ console channel,console-ssl,drive_12,under_tone_-12,12500.0,-158.4,-73.6,-81.34
nls_mike,Waves,SSL 4000 G+ console channel,console-ssl,drive_12,under_tone_-12,160.0,-187.45,-73.6,-81.34
nls_mike,Waves,SSL 4000 G+ console channel,console-ssl,drive_12,under_tone_-12,1600.0,-180.49,-73.6,-81.34
nls_mike,Waves,SSL 4000 G+ console channel,console-ssl,drive_12,under_tone_-12,16000.0,-159.61,-73.6,-81.34
nls_mike,Waves,SSL 4000 G+ console channel,console-ssl,drive_12,under_tone_-12,20.0,-176.88,-73.6,-81.34
nls_mike,Waves,SSL 4000 G+ console channel,console-ssl,drive_12,under_tone_-12,200.0,-186.94,-73.6,-81.34
nls_mike,Waves,SSL 4000 G+ console channel,console-ssl,drive_12,under_tone_-12,2000.0,-156.2,-73.6,-81.34
nls_mike,Waves,SSL 4000 G+ console channel,console-ssl,drive_12,under_tone_-12,20000.0,-76.38,-73.6,-81.34
nls_mike,Waves,SSL 4000 G+ console channel,console-ssl,drive_12,under_tone_-12,25.0,-179.41,-73.6,-81.34
nls_mike,Waves,SSL 4000 G+ console channel,console-ssl,drive_12,under_tone_-12,250.0,-186.42,-73.6,-81.34
nls_mike,Waves,SSL 4000 G+ console channel,console-ssl,drive_12,under_tone_-12,2500.0,-178.61,-73.6,-81.34
nls_mike,Waves,SSL 4000 G+ console channel,console-ssl,drive_12,under_tone_-12,31.5,-178.24,-73.6,-81.34
nls_mike,Waves,SSL 4000 G+ console channel,console-ssl,drive_12,under_tone_-12,315.0,-188.27,-73.6,-81.34
nls_mike,Waves,SSL 4000 G+ console channel,console-ssl,drive_12,under_tone_-12,3150.0,-156.72,-73.6,-81.34
nls_mike,Waves,SSL 4000 G+ console channel,console-ssl,drive_12,under_tone_-12,40.0,-180.76,-73.6,-81.34
nls_mike,Waves,SSL 4000 G+ console channel,console-ssl,drive_12,under_tone_-12,400.0,-186.94,-73.6,-81.34
nls_mike,Waves,SSL 4000 G+ console channel,console-ssl,drive_12,under_tone_-12,4000.0,-157.12,-73.6,-81.34
nls_mike,Waves,SSL 4000 G+ console channel,console-ssl,drive_12,under_tone_-12,50.0,-181.66,-73.6,-81.34
nls_mike,Waves,SSL 4000 G+ console channel,console-ssl,drive_12,under_tone_-12,500.0,-187.11,-73.6,-81.34
nls_mike,Waves,SSL 4000 G+ console channel,console-ssl,drive_12,under_tone_-12,5000.0,-157.17,-73.6,-81.34
nls_mike,Waves,SSL 4000 G+ console channel,console-ssl,drive_12,under_tone_-12,63.0,-184.77,-73.6,-81.34
nls_mike,Waves,SSL 4000 G+ console channel,console-ssl,drive_12,under_tone_-12,630.0,-184.98,-73.6,-81.34
nls_mike,Waves,SSL 4000 G+ console channel,console-ssl,drive_12,under_tone_-12,6300.0,-155.26,-73.6,-81.34
nls_mike,Waves,SSL 4000 G+ console channel,console-ssl,drive_12,under_tone_-12,80.0,-185.36,-73.6,-81.34
nls_mike,Waves,SSL 4000 G+ console channel,console-ssl,drive_12,under_tone_-12,800.0,-180.43,-73.6,-81.34
nls_mike,Waves,SSL 4000 G+ console channel,console-ssl,drive_12,under_tone_-12,8000.0,-158.92,-73.6,-81.34
nls_mike,Waves,SSL 4000 G+ console channel,console-ssl,drive_6,silence,100.0,-200.0,-200.0,-200.0
nls_mike,Waves,SSL 4000 G+ console channel,console-ssl,drive_6,silence,1000.0,-200.0,-200.0,-200.0
nls_mike,Waves,SSL 4000 G+ console channel,console-ssl,drive_6,silence,10000.0,-200.0,-200.0,-200.0
nls_mike,Waves,SSL 4000 G+ console channel,console-ssl,drive_6,silence,125.0,-200.0,-200.0,-200.0
nls_mike,Waves,SSL 4000 G+ console channel,console-ssl,drive_6,silence,1250.0,-200.0,-200.0,-200.0
nls_mike,Waves,SSL 4000 G+ console channel,console-ssl,drive_6,silence,12500.0,-200.0,-200.0,-200.0
nls_mike,Waves,SSL 4000 G+ console channel,console-ssl,drive_6,silence,160.0,-200.0,-200.0,-200.0
nls_mike,Waves,SSL 4000 G+ console channel,console-ssl,drive_6,silence,1600.0,-200.0,-200.0,-200.0
nls_mike,Waves,SSL 4000 G+ console channel,console-ssl,drive_6,silence,16000.0,-200.0,-200.0,-200.0
nls_mike,Waves,SSL 4000 G+ console channel,console-ssl,drive_6,silence,20.0,-200.0,-200.0,-200.0
nls_mike,Waves,SSL 4000 G+ console channel,console-ssl,drive_6,silence,200.0,-200.0,-200.0,-200.0
nls_mike,Waves,SSL 4000 G+ console channel,console-ssl,drive_6,silence,2000.0,-200.0,-200.0,-200.0
nls_mike,Waves,SSL 4000 G+ console channel,console-ssl,drive_6,silence,20000.0,-200.0,-200.0,-200.0
nls_mike,Waves,SSL 4000 G+ console channel,console-ssl,drive_6,silence,25.0,-200.0,-200.0,-200.0
nls_mike,Waves,SSL 4000 G+ console channel,console-ssl,drive_6,silence,250.0,-200.0,-200.0,-200.0
nls_mike,Waves,SSL 4000 G+ console channel,console-ssl,drive_6,silence,2500.0,-200.0,-200.0,-200.0
nls_mike,Waves,SSL 4000 G+ console channel,console-ssl,drive_6,silence,31.5,-200.0,-200.0,-200.0
nls_mike,Waves,SSL 4000 G+ console channel,console-ssl,drive_6,silence,315.0,-200.0,-200.0,-200.0
nls_mike,Waves,SSL 4000 G+ console channel,console-ssl,drive_6,silence,3150.0,-200.0,-200.0,-200.0
nls_mike,Waves,SSL 4000 G+ console channel,console-ssl,drive_6,silence,40.0,-200.0,-200.0,-200.0
nls_mike,Waves,SSL 4000 G+ console channel,console-ssl,drive_6,silence,400.0,-200.0,-200.0,-200.0
nls_mike,Waves,SSL 4000 G+ console channel,console-ssl,drive_6,silence,4000.0,-200.0,-200.0,-200.0
nls_mike,Waves,SSL 4000 G+ console channel,console-ssl,drive_6,silence,50.0,-200.0,-200.0,-200.0
nls_mike,Waves,SSL 4000 G+ console channel,console-ssl,drive_6,silence,500.0,-200.0,-200.0,-200.0
nls_mike,Waves,SSL 4000 G+ console channel,console-ssl,drive_6,silence,5000.0,-200.0,-200.0,-200.0
nls_mike,Waves,SSL 4000 G+ console channel,console-ssl,drive_6,silence,63.0,-200.0,-200.0,-200.0
nls_mike,Waves,SSL 4000 G+ console channel,console-ssl,drive_6,silence,630.0,-200.0,-200.0,-200.0
nls_mike,Waves,SSL 4000 G+ console channel,console-ssl,drive_6,silence,6300.0,-200.0,-200.0,-200.0
nls_mike,Waves,SSL 4000 G+ console channel,console-ssl,drive_6,silence,80.0,-200.0,-200.0,-200.0
nls_mike,Waves,SSL 4000 G+ console channel,console-ssl,drive_6,silence,800.0,-200.0,-200.0,-200.0
nls_mike,Waves,SSL 4000 G+ console channel,console-ssl,drive_6,silence,8000.0,-200.0,-200.0,-200.0
nls_mike,Waves,SSL 4000 G+ console channel,console-ssl,drive_6,under_tone_-12,100.0,-195.21,-112.02,-121.1
nls_mike,Waves,SSL 4000 G+ console channel,console-ssl,drive_6,under_tone_-12,1000.0,-163.37,-112.02,-121.1
nls_mike,Waves,SSL 4000 G+ console channel,console-ssl,drive_6,under_tone_-12,10000.0,-163.11,-112.02,-121.1
nls_mike,Waves,SSL 4000 G+ console channel,console-ssl,drive_6,under_tone_-12,125.0,-195.99,-112.02,-121.1
nls_mike,Waves,SSL 4000 G+ console channel,console-ssl,drive_6,under_tone_-12,1250.0,-187.14,-112.02,-121.1
nls_mike,Waves,SSL 4000 G+ console channel,console-ssl,drive_6,under_tone_-12,12500.0,-165.42,-112.02,-121.1
nls_mike,Waves,SSL 4000 G+ console channel,console-ssl,drive_6,under_tone_-12,160.0,-192.6,-112.02,-121.1
nls_mike,Waves,SSL 4000 G+ console channel,console-ssl,drive_6,under_tone_-12,1600.0,-188.87,-112.02,-121.1
nls_mike,Waves,SSL 4000 G+ console channel,console-ssl,drive_6,under_tone_-12,16000.0,-165.97,-112.02,-121.1
nls_mike,Waves,SSL 4000 G+ console channel,console-ssl,drive_6,under_tone_-12,20.0,-182.92,-112.02,-121.1
nls_mike,Waves,SSL 4000 G+ console channel,console-ssl,drive_6,under_tone_-12,200.0,-197.15,-112.02,-121.1
nls_mike,Waves,SSL 4000 G+ console channel,console-ssl,drive_6,under_tone_-12,2000.0,-163.48,-112.02,-121.1
nls_mike,Waves,SSL 4000 G+ console channel,console-ssl,drive_6,under_tone_-12,20000.0,-113.27,-112.02,-121.1
nls_mike,Waves,SSL 4000 G+ console channel,console-ssl,drive_6,under_tone_-12,25.0,-185.84,-112.02,-121.1
nls_mike,Waves,SSL 4000 G+ console channel,console-ssl,drive_6,under_tone_-12,250.0,-195.28,-112.02,-121.1
nls_mike,Waves,SSL 4000 G+ console channel,console-ssl,drive_6,under_tone_-12,2500.0,-186.81,-112.02,-121.1
nls_mike,Waves,SSL 4000 G+ console channel,console-ssl,drive_6,under_tone_-12,31.5,-188.88,-112.02,-121.1
nls_mike,Waves,SSL 4000 G+ console channel,console-ssl,drive_6,under_tone_-12,315.0,-195.76,-112.02,-121.1
nls_mike,Waves,SSL 4000 G+ console channel,console-ssl,drive_6,under_tone_-12,3150.0,-163.65,-112.02,-121.1
nls_mike,Waves,SSL 4000 G+ console channel,console-ssl,drive_6,under_tone_-12,40.0,-188.97,-112.02,-121.1
nls_mike,Waves,SSL 4000 G+ console channel,console-ssl,drive_6,under_tone_-12,400.0,-196.34,-112.02,-121.1
nls_mike,Waves,SSL 4000 G+ console channel,console-ssl,drive_6,under_tone_-12,4000.0,-163.81,-112.02,-121.1
nls_mike,Waves,SSL 4000 G+ console channel,console-ssl,drive_6,under_tone_-12,50.0,-188.79,-112.02,-121.1
nls_mike,Waves,SSL 4000 G+ console channel,console-ssl,drive_6,under_tone_-12,500.0,-195.61,-112.02,-121.1
nls_mike,Waves,SSL 4000 G+ console channel,console-ssl,drive_6,under_tone_-12,5000.0,-164.29,-112.02,-121.1
nls_mike,Waves,SSL 4000 G+ console channel,console-ssl,drive_6,under_tone_-12,63.0,-193.52,-112.02,-121.1
nls_mike,Waves,SSL 4000 G+ console channel,console-ssl,drive_6,under_tone_-12,630.0,-193.26,-112.02,-121.1
nls_mike,Waves,SSL 4000 G+ console channel,console-ssl,drive_6,under_tone_-12,6300.0,-162.46,-112.02,-121.1
nls_mike,Waves,SSL 4000 G+ console channel,console-ssl,drive_6,under_tone_-12,80.0,-193.37,-112.02,-121.1
nls_mike,Waves,SSL 4000 G+ console channel,console-ssl,drive_6,under_tone_-12,800.0,-187.74,-112.02,-121.1
nls_mike,Waves,SSL 4000 G+ console channel,console-ssl,drive_6,under_tone_-12,8000.0,-165.69,-112.02,-121.1
nls_mike,Waves,SSL 4000 G+ console channel,console-ssl,matched_thd_0.1_pct,silence,100.0,-200.0,-200.0,-200.0
nls_mike,Waves,SSL 4000 G+ console channel,console-ssl,matched_thd_0.1_pct,silence,1000.0,-200.0,-200.0,-200.0
nls_mike,Waves,SSL 4000 G+ console channel,console-ssl,matched_thd_0.1_pct,silence,10000.0,-200.0,-200.0,-200.0
nls_mike,Waves,SSL 4000 G+ console channel,console-ssl,matched_thd_0.1_pct,silence,125.0,-200.0,-200.0,-200.0
nls_mike,Waves,SSL 4000 G+ console channel,console-ssl,matched_thd_0.1_pct,silence,1250.0,-200.0,-200.0,-200.0
nls_mike,Waves,SSL 4000 G+ console channel,console-ssl,matched_thd_0.1_pct,silence,12500.0,-200.0,-200.0,-200.0
nls_mike,Waves,SSL 4000 G+ console channel,console-ssl,matched_thd_0.1_pct,silence,160.0,-200.0,-200.0,-200.0
nls_mike,Waves,SSL 4000 G+ console channel,console-ssl,matched_thd_0.1_pct,silence,1600.0,-200.0,-200.0,-200.0
nls_mike,Waves,SSL 4000 G+ console channel,console-ssl,matched_thd_0.1_pct,silence,16000.0,-200.0,-200.0,-200.0
nls_mike,Waves,SSL 4000 G+ console channel,console-ssl,matched_thd_0.1_pct,silence,20.0,-200.0,-200.0,-200.0
nls_mike,Waves,SSL 4000 G+ console channel,console-ssl,matched_thd_0.1_pct,silence,200.0,-200.0,-200.0,-200.0
nls_mike,Waves,SSL 4000 G+ console channel,console-ssl,matched_thd_0.1_pct,silence,2000.0,-200.0,-200.0,-200.0
nls_mike,Waves,SSL 4000 G+ console channel,console-ssl,matched_thd_0.1_pct,silence,20000.0,-200.0,-200.0,-200.0
nls_mike,Waves,SSL 4000 G+ console channel,console-ssl,matched_thd_0.1_pct,silence,25.0,-200.0,-200.0,-200.0
nls_mike,Waves,SSL 4000 G+ console channel,console-ssl,matched_thd_0.1_pct,silence,250.0,-200.0,-200.0,-200.0
nls_mike,Waves,SSL 4000 G+ console channel,console-ssl,matched_thd_0.1_pct,silence,2500.0,-200.0,-200.0,-200.0
nls_mike,Waves,SSL 4000 G+ console channel,console-ssl,matched_thd_0.1_pct,silence,31.5,-200.0,-200.0,-200.0
nls_mike,Waves,SSL 4000 G+ console channel,console-ssl,matched_thd_0.1_pct,silence,315.0,-200.0,-200.0,-200.0
nls_mike,Waves,SSL 4000 G+ console channel,console-ssl,matched_thd_0.1_pct,silence,3150.0,-200.0,-200.0,-200.0
nls_mike,Waves,SSL 4000 G+ console channel,console-ssl,matched_thd_0.1_pct,silence,40.0,-200.0,-200.0,-200.0
nls_mike,Waves,SSL 4000 G+ console channel,console-ssl,matched_thd_0.1_pct,silence,400.0,-200.0,-200.0,-200.0
nls_mike,Waves,SSL 4000 G+ console channel,console-ssl,matched_thd_0.1_pct,silence,4000.0,-200.0,-200.0,-200.0
nls_mike,Waves,SSL 4000 G+ console channel,console-ssl,matched_thd_0.1_pct,silence,50.0,-200.0,-200.0,-200.0
nls_mike,Waves,SSL 4000 G+ console channel,console-ssl,matched_thd_0.1_pct,silence,500.0,-200.0,-200.0,-200.0
nls_mike,Waves,SSL 4000 G+ console channel,console-ssl,matched_thd_0.1_pct,silence,5000.0,-200.0,-200.0,-200.0
nls_mike,Waves,SSL 4000 G+ console channel,console-ssl,matched_thd_0.1_pct,silence,63.0,-200.0,-200.0,-200.0
nls_mike,Waves,SSL 4000 G+ console channel,console-ssl,matched_thd_0.1_pct,silence,630.0,-200.0,-200.0,-200.0
nls_mike,Waves,SSL 4000 G+ console channel,console-ssl,matched_thd_0.1_pct,silence,6300.0,-200.0,-200.0,-200.0
nls_mike,Waves,SSL 4000 G+ console channel,console-ssl,matched_thd_0.1_pct,silence,80.0,-200.0,-200.0,-200.0
nls_mike,Waves,SSL 4000 G+ console channel,console-ssl,matched_thd_0.1_pct,silence,800.0,-200.0,-200.0,-200.0
nls_mike,Waves,SSL 4000 G+ console channel,console-ssl,matched_thd_0.1_pct,silence,8000.0,-200.0,-200.0,-200.0
nls_mike,Waves,SSL 4000 G+ console channel,console-ssl,matched_thd_0.1_pct,under_tone_-12,100.0,-200.0,-117.69,-137.06
nls_mike,Waves,SSL 4000 G+ console channel,console-ssl,matched_thd_0.1_pct,under_tone_-12,1000.0,-162.87,-117.69,-137.06
nls_mike,Waves,SSL 4000 G+ console channel,console-ssl,matched_thd_0.1_pct,under_tone_-12,10000.0,-163.77,-117.69,-137.06
nls_mike,Waves,SSL 4000 G+ console channel,console-ssl,matched_thd_0.1_pct,under_tone_-12,125.0,-199.45,-117.69,-137.06
nls_mike,Waves,SSL 4000 G+ console channel,console-ssl,matched_thd_0.1_pct,under_tone_-12,1250.0,-194.03,-117.69,-137.06
nls_mike,Waves,SSL 4000 G+ console channel,console-ssl,matched_thd_0.1_pct,under_tone_-12,12500.0,-166.62,-117.69,-137.06
nls_mike,Waves,SSL 4000 G+ console channel,console-ssl,matched_thd_0.1_pct,under_tone_-12,160.0,-200.0,-117.69,-137.06
nls_mike,Waves,SSL 4000 G+ console channel,console-ssl,matched_thd_0.1_pct,under_tone_-12,1600.0,-195.85,-117.69,-137.06
nls_mike,Waves,SSL 4000 G+ console channel,console-ssl,matched_thd_0.1_pct,under_tone_-12,16000.0,-166.53,-117.69,-137.06
nls_mike,Waves,SSL 4000 G+ console channel,console-ssl,matched_thd_0.1_pct,under_tone_-12,20.0,-191.35,-117.69,-137.06
nls_mike,Waves,SSL 4000 G+ console channel,console-ssl,matched_thd_0.1_pct,under_tone_-12,200.0,-200.0,-117.69,-137.06
nls_mike,Waves,SSL 4000 G+ console channel,console-ssl,matched_thd_0.1_pct,under_tone_-12,2000.0,-163.09,-117.69,-137.06
nls_mike,Waves,SSL 4000 G+ console channel,console-ssl,matched_thd_0.1_pct,under_tone_-12,20000.0,-128.69,-117.69,-137.06
nls_mike,Waves,SSL 4000 G+ console channel,console-ssl,matched_thd_0.1_pct,under_tone_-12,25.0,-195.16,-117.69,-137.06
nls_mike,Waves,SSL 4000 G+ console channel,console-ssl,matched_thd_0.1_pct,under_tone_-12,250.0,-200.0,-117.69,-137.06
nls_mike,Waves,SSL 4000 G+ console channel,console-ssl,matched_thd_0.1_pct,under_tone_-12,2500.0,-193.33,-117.69,-137.06
nls_mike,Waves,SSL 4000 G+ console channel,console-ssl,matched_thd_0.1_pct,under_tone_-12,31.5,-195.18,-117.69,-137.06
nls_mike,Waves,SSL 4000 G+ console channel,console-ssl,matched_thd_0.1_pct,under_tone_-12,315.0,-200.0,-117.69,-137.06
nls_mike,Waves,SSL 4000 G+ console channel,console-ssl,matched_thd_0.1_pct,under_tone_-12,3150.0,-163.34,-117.69,-137.06
nls_mike,Waves,SSL 4000 G+ console channel,console-ssl,matched_thd_0.1_pct,under_tone_-12,40.0,-198.03,-117.69,-137.06
nls_mike,Waves,SSL 4000 G+ console channel,console-ssl,matched_thd_0.1_pct,under_tone_-12,400.0,-200.0,-117.69,-137.06
nls_mike,Waves,SSL 4000 G+ console channel,console-ssl,matched_thd_0.1_pct,under_tone_-12,4000.0,-163.37,-117.69,-137.06
nls_mike,Waves,SSL 4000 G+ console channel,console-ssl,matched_thd_0.1_pct,under_tone_-12,50.0,-197.37,-117.69,-137.06
nls_mike,Waves,SSL 4000 G+ console channel,console-ssl,matched_thd_0.1_pct,under_tone_-12,500.0,-200.0,-117.69,-137.06
nls_mike,Waves,SSL 4000 G+ console channel,console-ssl,matched_thd_0.1_pct,under_tone_-12,5000.0,-163.99,-117.69,-137.06
nls_mike,Waves,SSL 4000 G+ console channel,console-ssl,matched_thd_0.1_pct,under_tone_-12,63.0,-197.73,-117.69,-137.06
nls_mike,Waves,SSL 4000 G+ console channel,console-ssl,matched_thd_0.1_pct,under_tone_-12,630.0,-200.0,-117.69,-137.06
nls_mike,Waves,SSL 4000 G+ console channel,console-ssl,matched_thd_0.1_pct,under_tone_-12,6300.0,-162.15,-117.69,-137.06
nls_mike,Waves,SSL 4000 G+ console channel,console-ssl,matched_thd_0.1_pct,under_tone_-12,80.0,-197.05,-117.69,-137.06
nls_mike,Waves,SSL 4000 G+ console channel,console-ssl,matched_thd_0.1_pct,under_tone_-12,800.0,-194.53,-117.69,-137.06
nls_mike,Waves,SSL 4000 G+ console channel,console-ssl,matched_thd_0.1_pct,under_tone_-12,8000.0,-166.11,-117.69,-137.06
nls_mike,Waves,SSL 4000 G+ console channel,console-ssl,matched_thd_1_pct,silence,100.0,-200.0,-200.0,-200.0
nls_mike,Waves,SSL 4000 G+ console channel,console-ssl,matched_thd_1_pct,silence,1000.0,-200.0,-200.0,-200.0
nls_mike,Waves,SSL 4000 G+ console channel,console-ssl,matched_thd_1_pct,silence,10000.0,-200.0,-200.0,-200.0
nls_mike,Waves,SSL 4000 G+ console channel,console-ssl,matched_thd_1_pct,silence,125.0,-200.0,-200.0,-200.0
nls_mike,Waves,SSL 4000 G+ console channel,console-ssl,matched_thd_1_pct,silence,1250.0,-200.0,-200.0,-200.0
nls_mike,Waves,SSL 4000 G+ console channel,console-ssl,matched_thd_1_pct,silence,12500.0,-200.0,-200.0,-200.0
nls_mike,Waves,SSL 4000 G+ console channel,console-ssl,matched_thd_1_pct,silence,160.0,-200.0,-200.0,-200.0
nls_mike,Waves,SSL 4000 G+ console channel,console-ssl,matched_thd_1_pct,silence,1600.0,-200.0,-200.0,-200.0
nls_mike,Waves,SSL 4000 G+ console channel,console-ssl,matched_thd_1_pct,silence,16000.0,-200.0,-200.0,-200.0
nls_mike,Waves,SSL 4000 G+ console channel,console-ssl,matched_thd_1_pct,silence,20.0,-200.0,-200.0,-200.0
nls_mike,Waves,SSL 4000 G+ console channel,console-ssl,matched_thd_1_pct,silence,200.0,-200.0,-200.0,-200.0
nls_mike,Waves,SSL 4000 G+ console channel,console-ssl,matched_thd_1_pct,silence,2000.0,-200.0,-200.0,-200.0
nls_mike,Waves,SSL 4000 G+ console channel,console-ssl,matched_thd_1_pct,silence,20000.0,-200.0,-200.0,-200.0
nls_mike,Waves,SSL 4000 G+ console channel,console-ssl,matched_thd_1_pct,silence,25.0,-200.0,-200.0,-200.0
nls_mike,Waves,SSL 4000 G+ console channel,console-ssl,matched_thd_1_pct,silence,250.0,-200.0,-200.0,-200.0
nls_mike,Waves,SSL 4000 G+ console channel,console-ssl,matched_thd_1_pct,silence,2500.0,-200.0,-200.0,-200.0
nls_mike,Waves,SSL 4000 G+ console channel,console-ssl,matched_thd_1_pct,silence,31.5,-200.0,-200.0,-200.0
nls_mike,Waves,SSL 4000 G+ console channel,console-ssl,matched_thd_1_pct,silence,315.0,-200.0,-200.0,-200.0
nls_mike,Waves,SSL 4000 G+ console channel,console-ssl,matched_thd_1_pct,silence,3150.0,-200.0,-200.0,-200.0
nls_mike,Waves,SSL 4000 G+ console channel,console-ssl,matched_thd_1_pct,silence,40.0,-200.0,-200.0,-200.0
nls_mike,Waves,SSL 4000 G+ console channel,console-ssl,matched_thd_1_pct,silence,400.0,-200.0,-200.0,-200.0
nls_mike,Waves,SSL 4000 G+ console channel,console-ssl,matched_thd_1_pct,silence,4000.0,-200.0,-200.0,-200.0
nls_mike,Waves,SSL 4000 G+ console channel,console-ssl,matched_thd_1_pct,silence,50.0,-200.0,-200.0,-200.0
nls_mike,Waves,SSL 4000 G+ console channel,console-ssl,matched_thd_1_pct,silence,500.0,-200.0,-200.0,-200.0
nls_mike,Waves,SSL 4000 G+ console channel,console-ssl,matched_thd_1_pct,silence,5000.0,-200.0,-200.0,-200.0
nls_mike,Waves,SSL 4000 G+ console channel,console-ssl,matched_thd_1_pct,silence,63.0,-200.0,-200.0,-200.0
nls_mike,Waves,SSL 4000 G+ console channel,console-ssl,matched_thd_1_pct,silence,630.0,-200.0,-200.0,-200.0
nls_mike,Waves,SSL 4000 G+ console channel,console-ssl,matched_thd_1_pct,silence,6300.0,-200.0,-200.0,-200.0
nls_mike,Waves,SSL 4000 G+ console channel,console-ssl,matched_thd_1_pct,silence,80.0,-200.0,-200.0,-200.0
nls_mike,Waves,SSL 4000 G+ console channel,console-ssl,matched_thd_1_pct,silence,800.0,-200.0,-200.0,-200.0
nls_mike,Waves,SSL 4000 G+ console channel,console-ssl,matched_thd_1_pct,silence,8000.0,-200.0,-200.0,-200.0
nls_mike,Waves,SSL 4000 G+ console channel,console-ssl,matched_thd_1_pct,under_tone_-12,100.0,-187.64,-99.41,-107.6
nls_mike,Waves,SSL 4000 G+ console channel,console-ssl,matched_thd_1_pct,under_tone_-12,1000.0,-157.99,-99.41,-107.6
nls_mike,Waves,SSL 4000 G+ console channel,console-ssl,matched_thd_1_pct,under_tone_-12,10000.0,-157.43,-99.41,-107.6
nls_mike,Waves,SSL 4000 G+ console channel,console-ssl,matched_thd_1_pct,under_tone_-12,125.0,-186.78,-99.41,-107.6
nls_mike,Waves,SSL 4000 G+ console channel,console-ssl,matched_thd_1_pct,under_tone_-12,1250.0,-183.79,-99.41,-107.6
nls_mike,Waves,SSL 4000 G+ console channel,console-ssl,matched_thd_1_pct,under_tone_-12,12500.0,-159.54,-99.41,-107.6
nls_mike,Waves,SSL 4000 G+ console channel,console-ssl,matched_thd_1_pct,under_tone_-12,160.0,-188.68,-99.41,-107.6
nls_mike,Waves,SSL 4000 G+ console channel,console-ssl,matched_thd_1_pct,under_tone_-12,1600.0,-184.31,-99.41,-107.6
nls_mike,Waves,SSL 4000 G+ console channel,console-ssl,matched_thd_1_pct,under_tone_-12,16000.0,-160.62,-99.41,-107.6
nls_mike,Waves,SSL 4000 G+ console channel,console-ssl,matched_thd_1_pct,under_tone_-12,20.0,-178.39,-99.41,-107.6
nls_mike,Waves,SSL 4000 G+ console channel,console-ssl,matched_thd_1_pct,under_tone_-12,200.0,-189.28,-99.41,-107.6
nls_mike,Waves,SSL 4000 G+ console channel,console-ssl,matched_thd_1_pct,under_tone_-12,2000.0,-158.34,-99.41,-107.6
nls_mike,Waves,SSL 4000 G+ console channel,console-ssl,matched_thd_1_pct,under_tone_-12,20000.0,-99.34,-99.41,-107.6
nls_mike,Waves,SSL 4000 G+ console channel,console-ssl,matched_thd_1_pct,under_tone_-12,25.0,-178.79,-99.41,-107.6
nls_mike,Waves,SSL 4000 G+ console channel,console-ssl,matched_thd_1_pct,under_tone_-12,250.0,-191.05,-99.41,-107.6
nls_mike,Waves,SSL 4000 G+ console channel,console-ssl,matched_thd_1_pct,under_tone_-12,2500.0,-181.89,-99.41,-107.6
nls_mike,Waves,SSL 4000 G+ console channel,console-ssl,matched_thd_1_pct,under_tone_-12,31.5,-178.61,-99.41,-107.6
nls_mike,Waves,SSL 4000 G+ console channel,console-ssl,matched_thd_1_pct,under_tone_-12,315.0,-190.99,-99.41,-107.6
nls_mike,Waves,SSL 4000 G+ console channel,console-ssl,matched_thd_1_pct,under_tone_-12,3150.0,-158.59,-99.41,-107.6
nls_mike,Waves,SSL 4000 G+ console channel,console-ssl,matched_thd_1_pct,under_tone_-12,40.0,-184.37,-99.41,-107.6
nls_mike,Waves,SSL 4000 G+ console channel,console-ssl,matched_thd_1_pct,under_tone_-12,400.0,-192.09,-99.41,-107.6
nls_mike,Waves,SSL 4000 G+ console channel,console-ssl,matched_thd_1_pct,under_tone_-12,4000.0,-158.34,-99.41,-107.6
nls_mike,Waves,SSL 4000 G+ console channel,console-ssl,matched_thd_1_pct,under_tone_-12,50.0,-181.57,-99.41,-107.6
nls_mike,Waves,SSL 4000 G+ console channel,console-ssl,matched_thd_1_pct,under_tone_-12,500.0,-189.8,-99.41,-107.6
nls_mike,Waves,SSL 4000 G+ console channel,console-ssl,matched_thd_1_pct,under_tone_-12,5000.0,-158.61,-99.41,-107.6
nls_mike,Waves,SSL 4000 G+ console channel,console-ssl,matched_thd_1_pct,under_tone_-12,63.0,-186.53,-99.41,-107.6
nls_mike,Waves,SSL 4000 G+ console channel,console-ssl,matched_thd_1_pct,under_tone_-12,630.0,-188.5,-99.41,-107.6
nls_mike,Waves,SSL 4000 G+ console channel,console-ssl,matched_thd_1_pct,under_tone_-12,6300.0,-157.01,-99.41,-107.6
nls_mike,Waves,SSL 4000 G+ console channel,console-ssl,matched_thd_1_pct,under_tone_-12,80.0,-183.85,-99.41,-107.6
nls_mike,Waves,SSL 4000 G+ console channel,console-ssl,matched_thd_1_pct,under_tone_-12,800.0,-183.37,-99.41,-107.6
nls_mike,Waves,SSL 4000 G+ console channel,console-ssl,matched_thd_1_pct,under_tone_-12,8000.0,-160.06,-99.41,-107.6
nls_mike,Waves,SSL 4000 G+ console channel,console-ssl,matched_thd_3_pct,silence,100.0,-200.0,-200.0,-200.0
nls_mike,Waves,SSL 4000 G+ console channel,console-ssl,matched_thd_3_pct,silence,1000.0,-200.0,-200.0,-200.0
nls_mike,Waves,SSL 4000 G+ console channel,console-ssl,matched_thd_3_pct,silence,10000.0,-200.0,-200.0,-200.0
nls_mike,Waves,SSL 4000 G+ console channel,console-ssl,matched_thd_3_pct,silence,125.0,-200.0,-200.0,-200.0
nls_mike,Waves,SSL 4000 G+ console channel,console-ssl,matched_thd_3_pct,silence,1250.0,-200.0,-200.0,-200.0
nls_mike,Waves,SSL 4000 G+ console channel,console-ssl,matched_thd_3_pct,silence,12500.0,-200.0,-200.0,-200.0
nls_mike,Waves,SSL 4000 G+ console channel,console-ssl,matched_thd_3_pct,silence,160.0,-200.0,-200.0,-200.0
nls_mike,Waves,SSL 4000 G+ console channel,console-ssl,matched_thd_3_pct,silence,1600.0,-200.0,-200.0,-200.0
nls_mike,Waves,SSL 4000 G+ console channel,console-ssl,matched_thd_3_pct,silence,16000.0,-200.0,-200.0,-200.0
nls_mike,Waves,SSL 4000 G+ console channel,console-ssl,matched_thd_3_pct,silence,20.0,-200.0,-200.0,-200.0
nls_mike,Waves,SSL 4000 G+ console channel,console-ssl,matched_thd_3_pct,silence,200.0,-200.0,-200.0,-200.0
nls_mike,Waves,SSL 4000 G+ console channel,console-ssl,matched_thd_3_pct,silence,2000.0,-200.0,-200.0,-200.0
nls_mike,Waves,SSL 4000 G+ console channel,console-ssl,matched_thd_3_pct,silence,20000.0,-200.0,-200.0,-200.0
nls_mike,Waves,SSL 4000 G+ console channel,console-ssl,matched_thd_3_pct,silence,25.0,-200.0,-200.0,-200.0
nls_mike,Waves,SSL 4000 G+ console channel,console-ssl,matched_thd_3_pct,silence,250.0,-200.0,-200.0,-200.0
nls_mike,Waves,SSL 4000 G+ console channel,console-ssl,matched_thd_3_pct,silence,2500.0,-200.0,-200.0,-200.0
nls_mike,Waves,SSL 4000 G+ console channel,console-ssl,matched_thd_3_pct,silence,31.5,-200.0,-200.0,-200.0
nls_mike,Waves,SSL 4000 G+ console channel,console-ssl,matched_thd_3_pct,silence,315.0,-200.0,-200.0,-200.0
nls_mike,Waves,SSL 4000 G+ console channel,console-ssl,matched_thd_3_pct,silence,3150.0,-200.0,-200.0,-200.0
nls_mike,Waves,SSL 4000 G+ console channel,console-ssl,matched_thd_3_pct,silence,40.0,-200.0,-200.0,-200.0
nls_mike,Waves,SSL 4000 G+ console channel,console-ssl,matched_thd_3_pct,silence,400.0,-200.0,-200.0,-200.0
nls_mike,Waves,SSL 4000 G+ console channel,console-ssl,matched_thd_3_pct,silence,4000.0,-200.0,-200.0,-200.0
nls_mike,Waves,SSL 4000 G+ console channel,console-ssl,matched_thd_3_pct,silence,50.0,-200.0,-200.0,-200.0
nls_mike,Waves,SSL 4000 G+ console channel,console-ssl,matched_thd_3_pct,silence,500.0,-200.0,-200.0,-200.0
nls_mike,Waves,SSL 4000 G+ console channel,console-ssl,matched_thd_3_pct,silence,5000.0,-200.0,-200.0,-200.0
nls_mike,Waves,SSL 4000 G+ console channel,console-ssl,matched_thd_3_pct,silence,63.0,-200.0,-200.0,-200.0
nls_mike,Waves,SSL 4000 G+ console channel,console-ssl,matched_thd_3_pct,silence,630.0,-200.0,-200.0,-200.0
nls_mike,Waves,SSL 4000 G+ console channel,console-ssl,matched_thd_3_pct,silence,6300.0,-200.0,-200.0,-200.0
nls_mike,Waves,SSL 4000 G+ console channel,console-ssl,matched_thd_3_pct,silence,80.0,-200.0,-200.0,-200.0
nls_mike,Waves,SSL 4000 G+ console channel,console-ssl,matched_thd_3_pct,silence,800.0,-200.0,-200.0,-200.0
nls_mike,Waves,SSL 4000 G+ console channel,console-ssl,matched_thd_3_pct,silence,8000.0,-200.0,-200.0,-200.0
nls_mike,Waves,SSL 4000 G+ console channel,console-ssl,matched_thd_3_pct,under_tone_-12,100.0,-186.76,-76.85,-85.15
nls_mike,Waves,SSL 4000 G+ console channel,console-ssl,matched_thd_3_pct,under_tone_-12,1000.0,-157.06,-76.85,-85.15
nls_mike,Waves,SSL 4000 G+ console channel,console-ssl,matched_thd_3_pct,under_tone_-12,10000.0,-156.77,-76.85,-85.15
nls_mike,Waves,SSL 4000 G+ console channel,console-ssl,matched_thd_3_pct,under_tone_-12,125.0,-188.77,-76.85,-85.15
nls_mike,Waves,SSL 4000 G+ console channel,console-ssl,matched_thd_3_pct,under_tone_-12,1250.0,-181.13,-76.85,-85.15
nls_mike,Waves,SSL 4000 G+ console channel,console-ssl,matched_thd_3_pct,under_tone_-12,12500.0,-159.37,-76.85,-85.15
nls_mike,Waves,SSL 4000 G+ console channel,console-ssl,matched_thd_3_pct,under_tone_-12,160.0,-188.93,-76.85,-85.15
nls_mike,Waves,SSL 4000 G+ console channel,console-ssl,matched_thd_3_pct,under_tone_-12,1600.0,-182.04,-76.85,-85.15
nls_mike,Waves,SSL 4000 G+ console channel,console-ssl,matched_thd_3_pct,under_tone_-12,16000.0,-159.96,-76.85,-85.15
nls_mike,Waves,SSL 4000 G+ console channel,console-ssl,matched_thd_3_pct,under_tone_-12,20.0,-179.2,-76.85,-85.15
nls_mike,Waves,SSL 4000 G+ console channel,console-ssl,matched_thd_3_pct,under_tone_-12,200.0,-188.09,-76.85,-85.15
nls_mike,Waves,SSL 4000 G+ console channel,console-ssl,matched_thd_3_pct,under_tone_-12,2000.0,-157.1,-76.85,-85.15
nls_mike,Waves,SSL 4000 G+ console channel,console-ssl,matched_thd_3_pct,under_tone_-12,20000.0,-80.36,-76.85,-85.15
nls_mike,Waves,SSL 4000 G+ console channel,console-ssl,matched_thd_3_pct,under_tone_-12,25.0,-180.44,-76.85,-85.15
nls_mike,Waves,SSL 4000 G+ console channel,console-ssl,matched_thd_3_pct,under_tone_-12,250.0,-188.34,-76.85,-85.15
nls_mike,Waves,SSL 4000 G+ console channel,console-ssl,matched_thd_3_pct,under_tone_-12,2500.0,-180.07,-76.85,-85.15
nls_mike,Waves,SSL 4000 G+ console channel,console-ssl,matched_thd_3_pct,under_tone_-12,31.5,-181.68,-76.85,-85.15
nls_mike,Waves,SSL 4000 G+ console channel,console-ssl,matched_thd_3_pct,under_tone_-12,315.0,-190.16,-76.85,-85.15
nls_mike,Waves,SSL 4000 G+ console channel,console-ssl,matched_thd_3_pct,under_tone_-12,3150.0,-157.33,-76.85,-85.15
nls_mike,Waves,SSL 4000 G+ console channel,console-ssl,matched_thd_3_pct,under_tone_-12,40.0,-183.54,-76.85,-85.15
nls_mike,Waves,SSL 4000 G+ console channel,console-ssl,matched_thd_3_pct,under_tone_-12,400.0,-189.59,-76.85,-85.15
nls_mike,Waves,SSL 4000 G+ console channel,console-ssl,matched_thd_3_pct,under_tone_-12,4000.0,-157.59,-76.85,-85.15
nls_mike,Waves,SSL 4000 G+ console channel,console-ssl,matched_thd_3_pct,under_tone_-12,50.0,-181.61,-76.85,-85.15
nls_mike,Waves,SSL 4000 G+ console channel,console-ssl,matched_thd_3_pct,under_tone_-12,500.0,-187.69,-76.85,-85.15
nls_mike,Waves,SSL 4000 G+ console channel,console-ssl,matched_thd_3_pct,under_tone_-12,5000.0,-158.39,-76.85,-85.15
nls_mike,Waves,SSL 4000 G+ console channel,console-ssl,matched_thd_3_pct,under_tone_-12,63.0,-185.44,-76.85,-85.15
nls_mike,Waves,SSL 4000 G+ console channel,console-ssl,matched_thd_3_pct,under_tone_-12,630.0,-186.51,-76.85,-85.15
nls_mike,Waves,SSL 4000 G+ console channel,console-ssl,matched_thd_3_pct,under_tone_-12,6300.0,-155.88,-76.85,-85.15
nls_mike,Waves,SSL 4000 G+ console channel,console-ssl,matched_thd_3_pct,under_tone_-12,80.0,-186.38,-76.85,-85.15
nls_mike,Waves,SSL 4000 G+ console channel,console-ssl,matched_thd_3_pct,under_tone_-12,800.0,-181.46,-76.85,-85.15
nls_mike,Waves,SSL 4000 G+ console channel,console-ssl,matched_thd_3_pct,under_tone_-12,8000.0,-159.75,-76.85,-85.15
nls_nevo,Waves,Neve 5116 console channel,console-neve,drive_0,silence,100.0,-200.0,-200.0,-200.0
nls_nevo,Waves,Neve 5116 console channel,console-neve,drive_0,silence,1000.0,-200.0,-200.0,-200.0
nls_nevo,Waves,Neve 5116 console channel,console-neve,drive_0,silence,10000.0,-200.0,-200.0,-200.0
nls_nevo,Waves,Neve 5116 console channel,console-neve,drive_0,silence,125.0,-200.0,-200.0,-200.0
nls_nevo,Waves,Neve 5116 console channel,console-neve,drive_0,silence,1250.0,-200.0,-200.0,-200.0
nls_nevo,Waves,Neve 5116 console channel,console-neve,drive_0,silence,12500.0,-200.0,-200.0,-200.0
nls_nevo,Waves,Neve 5116 console channel,console-neve,drive_0,silence,160.0,-200.0,-200.0,-200.0
nls_nevo,Waves,Neve 5116 console channel,console-neve,drive_0,silence,1600.0,-200.0,-200.0,-200.0
nls_nevo,Waves,Neve 5116 console channel,console-neve,drive_0,silence,16000.0,-200.0,-200.0,-200.0
nls_nevo,Waves,Neve 5116 console channel,console-neve,drive_0,silence,20.0,-200.0,-200.0,-200.0
nls_nevo,Waves,Neve 5116 console channel,console-neve,drive_0,silence,200.0,-200.0,-200.0,-200.0
nls_nevo,Waves,Neve 5116 console channel,console-neve,drive_0,silence,2000.0,-200.0,-200.0,-200.0
nls_nevo,Waves,Neve 5116 console channel,console-neve,drive_0,silence,20000.0,-200.0,-200.0,-200.0
nls_nevo,Waves,Neve 5116 console channel,console-neve,drive_0,silence,25.0,-200.0,-200.0,-200.0
nls_nevo,Waves,Neve 5116 console channel,console-neve,drive_0,silence,250.0,-200.0,-200.0,-200.0
nls_nevo,Waves,Neve 5116 console channel,console-neve,drive_0,silence,2500.0,-200.0,-200.0,-200.0
nls_nevo,Waves,Neve 5116 console channel,console-neve,drive_0,silence,31.5,-200.0,-200.0,-200.0
nls_nevo,Waves,Neve 5116 console channel,console-neve,drive_0,silence,315.0,-200.0,-200.0,-200.0
nls_nevo,Waves,Neve 5116 console channel,console-neve,drive_0,silence,3150.0,-200.0,-200.0,-200.0
nls_nevo,Waves,Neve 5116 console channel,console-neve,drive_0,silence,40.0,-200.0,-200.0,-200.0
nls_nevo,Waves,Neve 5116 console channel,console-neve,drive_0,silence,400.0,-200.0,-200.0,-200.0
nls_nevo,Waves,Neve 5116 console channel,console-neve,drive_0,silence,4000.0,-200.0,-200.0,-200.0
nls_nevo,Waves,Neve 5116 console channel,console-neve,drive_0,silence,50.0,-200.0,-200.0,-200.0
nls_nevo,Waves,Neve 5116 console channel,console-neve,drive_0,silence,500.0,-200.0,-200.0,-200.0
nls_nevo,Waves,Neve 5116 console channel,console-neve,drive_0,silence,5000.0,-200.0,-200.0,-200.0
nls_nevo,Waves,Neve 5116 console channel,console-neve,drive_0,silence,63.0,-200.0,-200.0,-200.0
nls_nevo,Waves,Neve 5116 console channel,console-neve,drive_0,silence,630.0,-200.0,-200.0,-200.0
nls_nevo,Waves,Neve 5116 console channel,console-neve,drive_0,silence,6300.0,-200.0,-200.0,-200.0
nls_nevo,Waves,Neve 5116 console channel,console-neve,drive_0,silence,80.0,-200.0,-200.0,-200.0
nls_nevo,Waves,Neve 5116 console channel,console-neve,drive_0,silence,800.0,-200.0,-200.0,-200.0
nls_nevo,Waves,Neve 5116 console channel,console-neve,drive_0,silence,8000.0,-200.0,-200.0,-200.0
nls_nevo,Waves,Neve 5116 console channel,console-neve,drive_0,under_tone_-12,100.0,-200.0,-116.15,-153.56
nls_nevo,Waves,Neve 5116 console channel,console-neve,drive_0,under_tone_-12,1000.0,-162.5,-116.15,-153.56
nls_nevo,Waves,Neve 5116 console channel,console-neve,drive_0,under_tone_-12,10000.0,-163.68,-116.15,-153.56
nls_nevo,Waves,Neve 5116 console channel,console-neve,drive_0,under_tone_-12,125.0,-200.0,-116.15,-153.56
nls_nevo,Waves,Neve 5116 console channel,console-neve,drive_0,under_tone_-12,1250.0,-200.0,-116.15,-153.56
nls_nevo,Waves,Neve 5116 console channel,console-neve,drive_0,under_tone_-12,12500.0,-166.91,-116.15,-153.56
nls_nevo,Waves,Neve 5116 console channel,console-neve,drive_0,under_tone_-12,160.0,-200.0,-116.15,-153.56
nls_nevo,Waves,Neve 5116 console channel,console-neve,drive_0,under_tone_-12,1600.0,-200.0,-116.15,-153.56
nls_nevo,Waves,Neve 5116 console channel,console-neve,drive_0,under_tone_-12,16000.0,-165.77,-116.15,-153.56
nls_nevo,Waves,Neve 5116 console channel,console-neve,drive_0,under_tone_-12,20.0,-200.0,-116.15,-153.56
nls_nevo,Waves,Neve 5116 console channel,console-neve,drive_0,under_tone_-12,200.0,-200.0,-116.15,-153.56
nls_nevo,Waves,Neve 5116 console channel,console-neve,drive_0,under_tone_-12,2000.0,-162.59,-116.15,-153.56
nls_nevo,Waves,Neve 5116 console channel,console-neve,drive_0,under_tone_-12,20000.0,-160.48,-116.15,-153.56
nls_nevo,Waves,Neve 5116 console channel,console-neve,drive_0,under_tone_-12,25.0,-200.0,-116.15,-153.56
nls_nevo,Waves,Neve 5116 console channel,console-neve,drive_0,under_tone_-12,250.0,-200.0,-116.15,-153.56
nls_nevo,Waves,Neve 5116 console channel,console-neve,drive_0,under_tone_-12,2500.0,-200.0,-116.15,-153.56
nls_nevo,Waves,Neve 5116 console channel,console-neve,drive_0,under_tone_-12,31.5,-200.0,-116.15,-153.56
nls_nevo,Waves,Neve 5116 console channel,console-neve,drive_0,under_tone_-12,315.0,-200.0,-116.15,-153.56
nls_nevo,Waves,Neve 5116 console channel,console-neve,drive_0,under_tone_-12,3150.0,-162.76,-116.15,-153.56
nls_nevo,Waves,Neve 5116 console channel,console-neve,drive_0,under_tone_-12,40.0,-200.0,-116.15,-153.56
nls_nevo,Waves,Neve 5116 console channel,console-neve,drive_0,under_tone_-12,400.0,-200.0,-116.15,-153.56
nls_nevo,Waves,Neve 5116 console channel,console-neve,drive_0,under_tone_-12,4000.0,-163.31,-116.15,-153.56
nls_nevo,Waves,Neve 5116 console channel,console-neve,drive_0,under_tone_-12,50.0,-200.0,-116.15,-153.56
nls_nevo,Waves,Neve 5116 console channel,console-neve,drive_0,under_tone_-12,500.0,-200.0,-116.15,-153.56
nls_nevo,Waves,Neve 5116 console channel,console-neve,drive_0,under_tone_-12,5000.0,-163.79,-116.15,-153.56
nls_nevo,Waves,Neve 5116 console channel,console-neve,drive_0,under_tone_-12,63.0,-200.0,-116.15,-153.56
nls_nevo,Waves,Neve 5116 console channel,console-neve,drive_0,under_tone_-12,630.0,-200.0,-116.15,-153.56
nls_nevo,Waves,Neve 5116 console channel,console-neve,drive_0,under_tone_-12,6300.0,-161.73,-116.15,-153.56
nls_nevo,Waves,Neve 5116 console channel,console-neve,drive_0,under_tone_-12,80.0,-200.0,-116.15,-153.56
nls_nevo,Waves,Neve 5116 console channel,console-neve,drive_0,under_tone_-12,800.0,-200.0,-116.15,-153.56
nls_nevo,Waves,Neve 5116 console channel,console-neve,drive_0,under_tone_-12,8000.0,-166.27,-116.15,-153.56
nls_nevo,Waves,Neve 5116 console channel,console-neve,drive_12,silence,100.0,-200.0,-200.0,-200.0
nls_nevo,Waves,Neve 5116 console channel,console-neve,drive_12,silence,1000.0,-200.0,-200.0,-200.0
nls_nevo,Waves,Neve 5116 console channel,console-neve,drive_12,silence,10000.0,-200.0,-200.0,-200.0
nls_nevo,Waves,Neve 5116 console channel,console-neve,drive_12,silence,125.0,-200.0,-200.0,-200.0
nls_nevo,Waves,Neve 5116 console channel,console-neve,drive_12,silence,1250.0,-200.0,-200.0,-200.0
nls_nevo,Waves,Neve 5116 console channel,console-neve,drive_12,silence,12500.0,-200.0,-200.0,-200.0
nls_nevo,Waves,Neve 5116 console channel,console-neve,drive_12,silence,160.0,-200.0,-200.0,-200.0
nls_nevo,Waves,Neve 5116 console channel,console-neve,drive_12,silence,1600.0,-200.0,-200.0,-200.0
nls_nevo,Waves,Neve 5116 console channel,console-neve,drive_12,silence,16000.0,-200.0,-200.0,-200.0
nls_nevo,Waves,Neve 5116 console channel,console-neve,drive_12,silence,20.0,-200.0,-200.0,-200.0
nls_nevo,Waves,Neve 5116 console channel,console-neve,drive_12,silence,200.0,-200.0,-200.0,-200.0
nls_nevo,Waves,Neve 5116 console channel,console-neve,drive_12,silence,2000.0,-200.0,-200.0,-200.0
nls_nevo,Waves,Neve 5116 console channel,console-neve,drive_12,silence,20000.0,-200.0,-200.0,-200.0
nls_nevo,Waves,Neve 5116 console channel,console-neve,drive_12,silence,25.0,-200.0,-200.0,-200.0
nls_nevo,Waves,Neve 5116 console channel,console-neve,drive_12,silence,250.0,-200.0,-200.0,-200.0
nls_nevo,Waves,Neve 5116 console channel,console-neve,drive_12,silence,2500.0,-200.0,-200.0,-200.0
nls_nevo,Waves,Neve 5116 console channel,console-neve,drive_12,silence,31.5,-200.0,-200.0,-200.0
nls_nevo,Waves,Neve 5116 console channel,console-neve,drive_12,silence,315.0,-200.0,-200.0,-200.0
nls_nevo,Waves,Neve 5116 console channel,console-neve,drive_12,silence,3150.0,-200.0,-200.0,-200.0
nls_nevo,Waves,Neve 5116 console channel,console-neve,drive_12,silence,40.0,-200.0,-200.0,-200.0
nls_nevo,Waves,Neve 5116 console channel,console-neve,drive_12,silence,400.0,-200.0,-200.0,-200.0
nls_nevo,Waves,Neve 5116 console channel,console-neve,drive_12,silence,4000.0,-200.0,-200.0,-200.0
nls_nevo,Waves,Neve 5116 console channel,console-neve,drive_12,silence,50.0,-200.0,-200.0,-200.0
nls_nevo,Waves,Neve 5116 console channel,console-neve,drive_12,silence,500.0,-200.0,-200.0,-200.0
nls_nevo,Waves,Neve 5116 console channel,console-neve,drive_12,silence,5000.0,-200.0,-200.0,-200.0
nls_nevo,Waves,Neve 5116 console channel,console-neve,drive_12,silence,63.0,-200.0,-200.0,-200.0
nls_nevo,Waves,Neve 5116 console channel,console-neve,drive_12,silence,630.0,-200.0,-200.0,-200.0
nls_nevo,Waves,Neve 5116 console channel,console-neve,drive_12,silence,6300.0,-200.0,-200.0,-200.0
nls_nevo,Waves,Neve 5116 console channel,console-neve,drive_12,silence,80.0,-200.0,-200.0,-200.0
nls_nevo,Waves,Neve 5116 console channel,console-neve,drive_12,silence,800.0,-200.0,-200.0,-200.0
nls_nevo,Waves,Neve 5116 console channel,console-neve,drive_12,silence,8000.0,-200.0,-200.0,-200.0
nls_nevo,Waves,Neve 5116 console channel,console-neve,drive_12,under_tone_-12,100.0,-197.54,-75.86,-124.72
nls_nevo,Waves,Neve 5116 console channel,console-neve,drive_12,under_tone_-12,1000.0,-156.78,-75.86,-124.72
nls_nevo,Waves,Neve 5116 console channel,console-neve,drive_12,under_tone_-12,10000.0,-157.96,-75.86,-124.72
nls_nevo,Waves,Neve 5116 console channel,console-neve,drive_12,under_tone_-12,125.0,-198.58,-75.86,-124.72
nls_nevo,Waves,Neve 5116 console channel,console-neve,drive_12,under_tone_-12,1250.0,-193.07,-75.86,-124.72
nls_nevo,Waves,Neve 5116 console channel,console-neve,drive_12,under_tone_-12,12500.0,-161.02,-75.86,-124.72
nls_nevo,Waves,Neve 5116 console channel,console-neve,drive_12,under_tone_-12,160.0,-198.2,-75.86,-124.72
nls_nevo,Waves,Neve 5116 console channel,console-neve,drive_12,under_tone_-12,1600.0,-193.32,-75.86,-124.72
nls_nevo,Waves,Neve 5116 console channel,console-neve,drive_12,under_tone_-12,16000.0,-159.92,-75.86,-124.72
nls_nevo,Waves,Neve 5116 console channel,console-neve,drive_12,under_tone_-12,20.0,-186.21,-75.86,-124.72
nls_nevo,Waves,Neve 5116 console channel,console-neve,drive_12,under_tone_-12,200.0,-200.0,-75.86,-124.72
nls_nevo,Waves,Neve 5116 console channel,console-neve,drive_12,under_tone_-12,2000.0,-156.87,-75.86,-124.72
nls_nevo,Waves,Neve 5116 console channel,console-neve,drive_12,under_tone_-12,20000.0,-116.91,-75.86,-124.72
nls_nevo,Waves,Neve 5116 console channel,console-neve,drive_12,under_tone_-12,25.0,-193.69,-75.86,-124.72
nls_nevo,Waves,Neve 5116 console channel,console-neve,drive_12,under_tone_-12,250.0,-200.0,-75.86,-124.72
nls_nevo,Waves,Neve 5116 console channel,console-neve,drive_12,under_tone_-12,2500.0,-191.13,-75.86,-124.72
nls_nevo,Waves,Neve 5116 console channel,console-neve,drive_12,under_tone_-12,31.5,-190.98,-75.86,-124.72
nls_nevo,Waves,Neve 5116 console channel,console-neve,drive_12,under_tone_-12,315.0,-200.0,-75.86,-124.72
nls_nevo,Waves,Neve 5116 console channel,console-neve,drive_12,under_tone_-12,3150.0,-157.0,-75.86,-124.72
nls_nevo,Waves,Neve 5116 console channel,console-neve,drive_12,under_tone_-12,40.0,-194.98,-75.86,-124.72
nls_nevo,Waves,Neve 5116 console channel,console-neve,drive_12,under_tone_-12,400.0,-200.0,-75.86,-124.72
nls_nevo,Waves,Neve 5116 console channel,console-neve,drive_12,under_tone_-12,4000.0,-157.3,-75.86,-124.72
nls_nevo,Waves,Neve 5116 console channel,console-neve,drive_12,under_tone_-12,50.0,-193.51,-75.86,-124.72
nls_nevo,Waves,Neve 5116 console channel,console-neve,drive_12,under_tone_-12,500.0,-200.0,-75.86,-124.72
nls_nevo,Waves,Neve 5116 console channel,console-neve,drive_12,under_tone_-12,5000.0,-158.04,-75.86,-124.72
nls_nevo,Waves,Neve 5116 console channel,console-neve,drive_12,under_tone_-12,63.0,-197.63,-75.86,-124.72
nls_nevo,Waves,Neve 5116 console channel,console-neve,drive_12,under_tone_-12,630.0,-198.11,-75.86,-124.72
nls_nevo,Waves,Neve 5116 console channel,console-neve,drive_12,under_tone_-12,6300.0,-155.95,-75.86,-124.72
nls_nevo,Waves,Neve 5116 console channel,console-neve,drive_12,under_tone_-12,80.0,-199.52,-75.86,-124.72
nls_nevo,Waves,Neve 5116 console channel,console-neve,drive_12,under_tone_-12,800.0,-193.09,-75.86,-124.72
nls_nevo,Waves,Neve 5116 console channel,console-neve,drive_12,under_tone_-12,8000.0,-160.34,-75.86,-124.72
nls_nevo,Waves,Neve 5116 console channel,console-neve,drive_6,silence,100.0,-200.0,-200.0,-200.0
nls_nevo,Waves,Neve 5116 console channel,console-neve,drive_6,silence,1000.0,-200.0,-200.0,-200.0
nls_nevo,Waves,Neve 5116 console channel,console-neve,drive_6,silence,10000.0,-200.0,-200.0,-200.0
nls_nevo,Waves,Neve 5116 console channel,console-neve,drive_6,silence,125.0,-200.0,-200.0,-200.0
nls_nevo,Waves,Neve 5116 console channel,console-neve,drive_6,silence,1250.0,-200.0,-200.0,-200.0
nls_nevo,Waves,Neve 5116 console channel,console-neve,drive_6,silence,12500.0,-200.0,-200.0,-200.0
nls_nevo,Waves,Neve 5116 console channel,console-neve,drive_6,silence,160.0,-200.0,-200.0,-200.0
nls_nevo,Waves,Neve 5116 console channel,console-neve,drive_6,silence,1600.0,-200.0,-200.0,-200.0
nls_nevo,Waves,Neve 5116 console channel,console-neve,drive_6,silence,16000.0,-200.0,-200.0,-200.0
nls_nevo,Waves,Neve 5116 console channel,console-neve,drive_6,silence,20.0,-200.0,-200.0,-200.0
nls_nevo,Waves,Neve 5116 console channel,console-neve,drive_6,silence,200.0,-200.0,-200.0,-200.0
nls_nevo,Waves,Neve 5116 console channel,console-neve,drive_6,silence,2000.0,-200.0,-200.0,-200.0
nls_nevo,Waves,Neve 5116 console channel,console-neve,drive_6,silence,20000.0,-200.0,-200.0,-200.0
nls_nevo,Waves,Neve 5116 console channel,console-neve,drive_6,silence,25.0,-200.0,-200.0,-200.0
nls_nevo,Waves,Neve 5116 console channel,console-neve,drive_6,silence,250.0,-200.0,-200.0,-200.0
nls_nevo,Waves,Neve 5116 console channel,console-neve,drive_6,silence,2500.0,-200.0,-200.0,-200.0
nls_nevo,Waves,Neve 5116 console channel,console-neve,drive_6,silence,31.5,-200.0,-200.0,-200.0
nls_nevo,Waves,Neve 5116 console channel,console-neve,drive_6,silence,315.0,-200.0,-200.0,-200.0
nls_nevo,Waves,Neve 5116 console channel,console-neve,drive_6,silence,3150.0,-200.0,-200.0,-200.0
nls_nevo,Waves,Neve 5116 console channel,console-neve,drive_6,silence,40.0,-200.0,-200.0,-200.0
nls_nevo,Waves,Neve 5116 console channel,console-neve,drive_6,silence,400.0,-200.0,-200.0,-200.0
nls_nevo,Waves,Neve 5116 console channel,console-neve,drive_6,silence,4000.0,-200.0,-200.0,-200.0
nls_nevo,Waves,Neve 5116 console channel,console-neve,drive_6,silence,50.0,-200.0,-200.0,-200.0
nls_nevo,Waves,Neve 5116 console channel,console-neve,drive_6,silence,500.0,-200.0,-200.0,-200.0
nls_nevo,Waves,Neve 5116 console channel,console-neve,drive_6,silence,5000.0,-200.0,-200.0,-200.0
nls_nevo,Waves,Neve 5116 console channel,console-neve,drive_6,silence,63.0,-200.0,-200.0,-200.0
nls_nevo,Waves,Neve 5116 console channel,console-neve,drive_6,silence,630.0,-200.0,-200.0,-200.0
nls_nevo,Waves,Neve 5116 console channel,console-neve,drive_6,silence,6300.0,-200.0,-200.0,-200.0
nls_nevo,Waves,Neve 5116 console channel,console-neve,drive_6,silence,80.0,-200.0,-200.0,-200.0
nls_nevo,Waves,Neve 5116 console channel,console-neve,drive_6,silence,800.0,-200.0,-200.0,-200.0
nls_nevo,Waves,Neve 5116 console channel,console-neve,drive_6,silence,8000.0,-200.0,-200.0,-200.0
nls_nevo,Waves,Neve 5116 console channel,console-neve,drive_6,under_tone_-12,100.0,-200.0,-100.76,-149.65
nls_nevo,Waves,Neve 5116 console channel,console-neve,drive_6,under_tone_-12,1000.0,-161.07,-100.76,-149.65
nls_nevo,Waves,Neve 5116 console channel,console-neve,drive_6,under_tone_-12,10000.0,-162.2,-100.76,-149.65
nls_nevo,Waves,Neve 5116 console channel,console-neve,drive_6,under_tone_-12,125.0,-200.0,-100.76,-149.65
nls_nevo,Waves,Neve 5116 console channel,console-neve,drive_6,under_tone_-12,1250.0,-198.41,-100.76,-149.65
nls_nevo,Waves,Neve 5116 console channel,console-neve,drive_6,under_tone_-12,12500.0,-165.46,-100.76,-149.65
nls_nevo,Waves,Neve 5116 console channel,console-neve,drive_6,under_tone_-12,160.0,-200.0,-100.76,-149.65
nls_nevo,Waves,Neve 5116 console channel,console-neve,drive_6,under_tone_-12,1600.0,-199.64,-100.76,-149.65
nls_nevo,Waves,Neve 5116 console channel,console-neve,drive_6,under_tone_-12,16000.0,-164.25,-100.76,-149.65
nls_nevo,Waves,Neve 5116 console channel,console-neve,drive_6,under_tone_-12,20.0,-198.43,-100.76,-149.65
nls_nevo,Waves,Neve 5116 console channel,console-neve,drive_6,under_tone_-12,200.0,-200.0,-100.76,-149.65
nls_nevo,Waves,Neve 5116 console channel,console-neve,drive_6,under_tone_-12,2000.0,-161.19,-100.76,-149.65
nls_nevo,Waves,Neve 5116 console channel,console-neve,drive_6,under_tone_-12,20000.0,-145.43,-100.76,-149.65
nls_nevo,Waves,Neve 5116 console channel,console-neve,drive_6,under_tone_-12,25.0,-200.0,-100.76,-149.65
nls_nevo,Waves,Neve 5116 console channel,console-neve,drive_6,under_tone_-12,250.0,-200.0,-100.76,-149.65
nls_nevo,Waves,Neve 5116 console channel,console-neve,drive_6,under_tone_-12,2500.0,-196.81,-100.76,-149.65
nls_nevo,Waves,Neve 5116 console channel,console-neve,drive_6,under_tone_-12,31.5,-198.32,-100.76,-149.65
nls_nevo,Waves,Neve 5116 console channel,console-neve,drive_6,under_tone_-12,315.0,-200.0,-100.76,-149.65
nls_nevo,Waves,Neve 5116 console channel,console-neve,drive_6,under_tone_-12,3150.0,-161.35,-100.76,-149.65
nls_nevo,Waves,Neve 5116 console channel,console-neve,drive_6,under_tone_-12,40.0,-199.19,-100.76,-149.65
nls_nevo,Waves,Neve 5116 console channel,console-neve,drive_6,under_tone_-12,400.0,-200.0,-100.76,-149.65
nls_nevo,Waves,Neve 5116 console channel,console-neve,drive_6,under_tone_-12,4000.0,-161.74,-100.76,-149.65
nls_nevo,Waves,Neve 5116 console channel,console-neve,drive_6,under_tone_-12,50.0,-200.0,-100.76,-149.65
nls_nevo,Waves,Neve 5116 console channel,console-neve,drive_6,under_tone_-12,500.0,-200.0,-100.76,-149.65
nls_nevo,Waves,Neve 5116 console channel,console-neve,drive_6,under_tone_-12,5000.0,-162.4,-100.76,-149.65
nls_nevo,Waves,Neve 5116 console channel,console-neve,drive_6,under_tone_-12,63.0,-200.0,-100.76,-149.65
nls_nevo,Waves,Neve 5116 console channel,console-neve,drive_6,under_tone_-12,630.0,-200.0,-100.76,-149.65
nls_nevo,Waves,Neve 5116 console channel,console-neve,drive_6,under_tone_-12,6300.0,-160.3,-100.76,-149.65
nls_nevo,Waves,Neve 5116 console channel,console-neve,drive_6,under_tone_-12,80.0,-200.0,-100.76,-149.65
nls_nevo,Waves,Neve 5116 console channel,console-neve,drive_6,under_tone_-12,800.0,-198.26,-100.76,-149.65
nls_nevo,Waves,Neve 5116 console channel,console-neve,drive_6,under_tone_-12,8000.0,-164.92,-100.76,-149.65
nls_nevo,Waves,Neve 5116 console channel,console-neve,matched_thd_0.1_pct,silence,100.0,-200.0,-200.0,-200.0
nls_nevo,Waves,Neve 5116 console channel,console-neve,matched_thd_0.1_pct,silence,1000.0,-200.0,-200.0,-200.0
nls_nevo,Waves,Neve 5116 console channel,console-neve,matched_thd_0.1_pct,silence,10000.0,-200.0,-200.0,-200.0
nls_nevo,Waves,Neve 5116 console channel,console-neve,matched_thd_0.1_pct,silence,125.0,-200.0,-200.0,-200.0
nls_nevo,Waves,Neve 5116 console channel,console-neve,matched_thd_0.1_pct,silence,1250.0,-200.0,-200.0,-200.0
nls_nevo,Waves,Neve 5116 console channel,console-neve,matched_thd_0.1_pct,silence,12500.0,-200.0,-200.0,-200.0
nls_nevo,Waves,Neve 5116 console channel,console-neve,matched_thd_0.1_pct,silence,160.0,-200.0,-200.0,-200.0
nls_nevo,Waves,Neve 5116 console channel,console-neve,matched_thd_0.1_pct,silence,1600.0,-200.0,-200.0,-200.0
nls_nevo,Waves,Neve 5116 console channel,console-neve,matched_thd_0.1_pct,silence,16000.0,-200.0,-200.0,-200.0
nls_nevo,Waves,Neve 5116 console channel,console-neve,matched_thd_0.1_pct,silence,20.0,-200.0,-200.0,-200.0
nls_nevo,Waves,Neve 5116 console channel,console-neve,matched_thd_0.1_pct,silence,200.0,-200.0,-200.0,-200.0
nls_nevo,Waves,Neve 5116 console channel,console-neve,matched_thd_0.1_pct,silence,2000.0,-200.0,-200.0,-200.0
nls_nevo,Waves,Neve 5116 console channel,console-neve,matched_thd_0.1_pct,silence,20000.0,-200.0,-200.0,-200.0
nls_nevo,Waves,Neve 5116 console channel,console-neve,matched_thd_0.1_pct,silence,25.0,-200.0,-200.0,-200.0
nls_nevo,Waves,Neve 5116 console channel,console-neve,matched_thd_0.1_pct,silence,250.0,-200.0,-200.0,-200.0
nls_nevo,Waves,Neve 5116 console channel,console-neve,matched_thd_0.1_pct,silence,2500.0,-200.0,-200.0,-200.0
nls_nevo,Waves,Neve 5116 console channel,console-neve,matched_thd_0.1_pct,silence,31.5,-200.0,-200.0,-200.0
nls_nevo,Waves,Neve 5116 console channel,console-neve,matched_thd_0.1_pct,silence,315.0,-200.0,-200.0,-200.0
nls_nevo,Waves,Neve 5116 console channel,console-neve,matched_thd_0.1_pct,silence,3150.0,-200.0,-200.0,-200.0
nls_nevo,Waves,Neve 5116 console channel,console-neve,matched_thd_0.1_pct,silence,40.0,-200.0,-200.0,-200.0
nls_nevo,Waves,Neve 5116 console channel,console-neve,matched_thd_0.1_pct,silence,400.0,-200.0,-200.0,-200.0
nls_nevo,Waves,Neve 5116 console channel,console-neve,matched_thd_0.1_pct,silence,4000.0,-200.0,-200.0,-200.0
nls_nevo,Waves,Neve 5116 console channel,console-neve,matched_thd_0.1_pct,silence,50.0,-200.0,-200.0,-200.0
nls_nevo,Waves,Neve 5116 console channel,console-neve,matched_thd_0.1_pct,silence,500.0,-200.0,-200.0,-200.0
nls_nevo,Waves,Neve 5116 console channel,console-neve,matched_thd_0.1_pct,silence,5000.0,-200.0,-200.0,-200.0
nls_nevo,Waves,Neve 5116 console channel,console-neve,matched_thd_0.1_pct,silence,63.0,-200.0,-200.0,-200.0
nls_nevo,Waves,Neve 5116 console channel,console-neve,matched_thd_0.1_pct,silence,630.0,-200.0,-200.0,-200.0
nls_nevo,Waves,Neve 5116 console channel,console-neve,matched_thd_0.1_pct,silence,6300.0,-200.0,-200.0,-200.0
nls_nevo,Waves,Neve 5116 console channel,console-neve,matched_thd_0.1_pct,silence,80.0,-200.0,-200.0,-200.0
nls_nevo,Waves,Neve 5116 console channel,console-neve,matched_thd_0.1_pct,silence,800.0,-200.0,-200.0,-200.0
nls_nevo,Waves,Neve 5116 console channel,console-neve,matched_thd_0.1_pct,silence,8000.0,-200.0,-200.0,-200.0
nls_nevo,Waves,Neve 5116 console channel,console-neve,matched_thd_0.1_pct,under_tone_-12,100.0,-198.71,-77.52,-126.51
nls_nevo,Waves,Neve 5116 console channel,console-neve,matched_thd_0.1_pct,under_tone_-12,1000.0,-157.04,-77.52,-126.51
nls_nevo,Waves,Neve 5116 console channel,console-neve,matched_thd_0.1_pct,under_tone_-12,10000.0,-158.15,-77.52,-126.51
nls_nevo,Waves,Neve 5116 console channel,console-neve,matched_thd_0.1_pct,under_tone_-12,125.0,-199.89,-77.52,-126.51
nls_nevo,Waves,Neve 5116 console channel,console-neve,matched_thd_0.1_pct,under_tone_-12,1250.0,-192.79,-77.52,-126.51
nls_nevo,Waves,Neve 5116 console channel,console-neve,matched_thd_0.1_pct,under_tone_-12,12500.0,-161.39,-77.52,-126.51
nls_nevo,Waves,Neve 5116 console channel,console-neve,matched_thd_0.1_pct,under_tone_-12,160.0,-200.0,-77.52,-126.51
nls_nevo,Waves,Neve 5116 console channel,console-neve,matched_thd_0.1_pct,under_tone_-12,1600.0,-194.11,-77.52,-126.51
nls_nevo,Waves,Neve 5116 console channel,console-neve,matched_thd_0.1_pct,under_tone_-12,16000.0,-159.99,-77.52,-126.51
nls_nevo,Waves,Neve 5116 console channel,console-neve,matched_thd_0.1_pct,under_tone_-12,20.0,-186.86,-77.52,-126.51
nls_nevo,Waves,Neve 5116 console channel,console-neve,matched_thd_0.1_pct,under_tone_-12,200.0,-200.0,-77.52,-126.51
nls_nevo,Waves,Neve 5116 console channel,console-neve,matched_thd_0.1_pct,under_tone_-12,2000.0,-157.08,-77.52,-126.51
nls_nevo,Waves,Neve 5116 console channel,console-neve,matched_thd_0.1_pct,under_tone_-12,20000.0,-118.74,-77.52,-126.51
nls_nevo,Waves,Neve 5116 console channel,console-neve,matched_thd_0.1_pct,under_tone_-12,25.0,-193.07,-77.52,-126.51
nls_nevo,Waves,Neve 5116 console channel,console-neve,matched_thd_0.1_pct,under_tone_-12,250.0,-200.0,-77.52,-126.51
nls_nevo,Waves,Neve 5116 console channel,console-neve,matched_thd_0.1_pct,under_tone_-12,2500.0,-191.62,-77.52,-126.51
nls_nevo,Waves,Neve 5116 console channel,console-neve,matched_thd_0.1_pct,under_tone_-12,31.5,-192.57,-77.52,-126.51
nls_nevo,Waves,Neve 5116 console channel,console-neve,matched_thd_0.1_pct,under_tone_-12,315.0,-200.0,-77.52,-126.51
nls_nevo,Waves,Neve 5116 console channel,console-neve,matched_thd_0.1_pct,under_tone_-12,3150.0,-157.21,-77.52,-126.51
nls_nevo,Waves,Neve 5116 console channel,console-neve,matched_thd_0.1_pct,under_tone_-12,40.0,-193.8,-77.52,-126.51
nls_nevo,Waves,Neve 5116 console channel,console-neve,matched_thd_0.1_pct,under_tone_-12,400.0,-200.0,-77.52,-126.51
nls_nevo,Waves,Neve 5116 console channel,console-neve,matched_thd_0.1_pct,under_tone_-12,4000.0,-157.65,-77.52,-126.51
nls_nevo,Waves,Neve 5116 console channel,console-neve,matched_thd_0.1_pct,under_tone_-12,50.0,-195.22,-77.52,-126.51
nls_nevo,Waves,Neve 5116 console channel,console-neve,matched_thd_0.1_pct,under_tone_-12,500.0,-200.0,-77.52,-126.51
nls_nevo,Waves,Neve 5116 console channel,console-neve,matched_thd_0.1_pct,under_tone_-12,5000.0,-158.26,-77.52,-126.51
nls_nevo,Waves,Neve 5116 console channel,console-neve,matched_thd_0.1_pct,under_tone_-12,63.0,-197.02,-77.52,-126.51
nls_nevo,Waves,Neve 5116 console channel,console-neve,matched_thd_0.1_pct,under_tone_-12,630.0,-198.09,-77.52,-126.51
nls_nevo,Waves,Neve 5116 console channel,console-neve,matched_thd_0.1_pct,under_tone_-12,6300.0,-156.25,-77.52,-126.51
nls_nevo,Waves,Neve 5116 console channel,console-neve,matched_thd_0.1_pct,under_tone_-12,80.0,-197.01,-77.52,-126.51
nls_nevo,Waves,Neve 5116 console channel,console-neve,matched_thd_0.1_pct,under_tone_-12,800.0,-192.5,-77.52,-126.51
nls_nevo,Waves,Neve 5116 console channel,console-neve,matched_thd_0.1_pct,under_tone_-12,8000.0,-160.6,-77.52,-126.51
nls_spike,Waves,EMI TG12345 console channel,console-emi,drive_0,silence,100.0,-200.0,-200.0,-200.0
nls_spike,Waves,EMI TG12345 console channel,console-emi,drive_0,silence,1000.0,-200.0,-200.0,-200.0
nls_spike,Waves,EMI TG12345 console channel,console-emi,drive_0,silence,10000.0,-200.0,-200.0,-200.0
nls_spike,Waves,EMI TG12345 console channel,console-emi,drive_0,silence,125.0,-200.0,-200.0,-200.0
nls_spike,Waves,EMI TG12345 console channel,console-emi,drive_0,silence,1250.0,-200.0,-200.0,-200.0
nls_spike,Waves,EMI TG12345 console channel,console-emi,drive_0,silence,12500.0,-200.0,-200.0,-200.0
nls_spike,Waves,EMI TG12345 console channel,console-emi,drive_0,silence,160.0,-200.0,-200.0,-200.0
nls_spike,Waves,EMI TG12345 console channel,console-emi,drive_0,silence,1600.0,-200.0,-200.0,-200.0
nls_spike,Waves,EMI TG12345 console channel,console-emi,drive_0,silence,16000.0,-200.0,-200.0,-200.0
nls_spike,Waves,EMI TG12345 console channel,console-emi,drive_0,silence,20.0,-200.0,-200.0,-200.0
nls_spike,Waves,EMI TG12345 console channel,console-emi,drive_0,silence,200.0,-200.0,-200.0,-200.0
nls_spike,Waves,EMI TG12345 console channel,console-emi,drive_0,silence,2000.0,-200.0,-200.0,-200.0
nls_spike,Waves,EMI TG12345 console channel,console-emi,drive_0,silence,20000.0,-200.0,-200.0,-200.0
nls_spike,Waves,EMI TG12345 console channel,console-emi,drive_0,silence,25.0,-200.0,-200.0,-200.0
nls_spike,Waves,EMI TG12345 console channel,console-emi,drive_0,silence,250.0,-200.0,-200.0,-200.0
nls_spike,Waves,EMI TG12345 console channel,console-emi,drive_0,silence,2500.0,-200.0,-200.0,-200.0
nls_spike,Waves,EMI TG12345 console channel,console-emi,drive_0,silence,31.5,-200.0,-200.0,-200.0
nls_spike,Waves,EMI TG12345 console channel,console-emi,drive_0,silence,315.0,-200.0,-200.0,-200.0
nls_spike,Waves,EMI TG12345 console channel,console-emi,drive_0,silence,3150.0,-200.0,-200.0,-200.0
nls_spike,Waves,EMI TG12345 console channel,console-emi,drive_0,silence,40.0,-200.0,-200.0,-200.0
nls_spike,Waves,EMI TG12345 console channel,console-emi,drive_0,silence,400.0,-200.0,-200.0,-200.0
nls_spike,Waves,EMI TG12345 console channel,console-emi,drive_0,silence,4000.0,-200.0,-200.0,-200.0
nls_spike,Waves,EMI TG12345 console channel,console-emi,drive_0,silence,50.0,-200.0,-200.0,-200.0
nls_spike,Waves,EMI TG12345 console channel,console-emi,drive_0,silence,500.0,-200.0,-200.0,-200.0
nls_spike,Waves,EMI TG12345 console channel,console-emi,drive_0,silence,5000.0,-200.0,-200.0,-200.0
nls_spike,Waves,EMI TG12345 console channel,console-emi,drive_0,silence,63.0,-200.0,-200.0,-200.0
nls_spike,Waves,EMI TG12345 console channel,console-emi,drive_0,silence,630.0,-200.0,-200.0,-200.0
nls_spike,Waves,EMI TG12345 console channel,console-emi,drive_0,silence,6300.0,-200.0,-200.0,-200.0
nls_spike,Waves,EMI TG12345 console channel,console-emi,drive_0,silence,80.0,-200.0,-200.0,-200.0
nls_spike,Waves,EMI TG12345 console channel,console-emi,drive_0,silence,800.0,-200.0,-200.0,-200.0
nls_spike,Waves,EMI TG12345 console channel,console-emi,drive_0,silence,8000.0,-200.0,-200.0,-200.0
nls_spike,Waves,EMI TG12345 console channel,console-emi,drive_0,under_tone_-12,100.0,-200.0,-82.86,-151.71
nls_spike,Waves,EMI TG12345 console channel,console-emi,drive_0,under_tone_-12,1000.0,-162.84,-82.86,-151.71
nls_spike,Waves,EMI TG12345 console channel,console-emi,drive_0,under_tone_-12,10000.0,-163.67,-82.86,-151.71
nls_spike,Waves,EMI TG12345 console channel,console-emi,drive_0,under_tone_-12,125.0,-200.0,-82.86,-151.71
nls_spike,Waves,EMI TG12345 console channel,console-emi,drive_0,under_tone_-12,1250.0,-196.77,-82.86,-151.71
nls_spike,Waves,EMI TG12345 console channel,console-emi,drive_0,under_tone_-12,12500.0,-167.19,-82.86,-151.71
nls_spike,Waves,EMI TG12345 console channel,console-emi,drive_0,under_tone_-12,160.0,-200.0,-82.86,-151.71
nls_spike,Waves,EMI TG12345 console channel,console-emi,drive_0,under_tone_-12,1600.0,-197.88,-82.86,-151.71
nls_spike,Waves,EMI TG12345 console channel,console-emi,drive_0,under_tone_-12,16000.0,-166.43,-82.86,-151.71
nls_spike,Waves,EMI TG12345 console channel,console-emi,drive_0,under_tone_-12,20.0,-197.34,-82.86,-151.71
nls_spike,Waves,EMI TG12345 console channel,console-emi,drive_0,under_tone_-12,200.0,-200.0,-82.86,-151.71
nls_spike,Waves,EMI TG12345 console channel,console-emi,drive_0,under_tone_-12,2000.0,-162.92,-82.86,-151.71
nls_spike,Waves,EMI TG12345 console channel,console-emi,drive_0,under_tone_-12,20000.0,-147.43,-82.86,-151.71
nls_spike,Waves,EMI TG12345 console channel,console-emi,drive_0,under_tone_-12,25.0,-200.0,-82.86,-151.71
nls_spike,Waves,EMI TG12345 console channel,console-emi,drive_0,under_tone_-12,250.0,-200.0,-82.86,-151.71
nls_spike,Waves,EMI TG12345 console channel,console-emi,drive_0,under_tone_-12,2500.0,-195.45,-82.86,-151.71
nls_spike,Waves,EMI TG12345 console channel,console-emi,drive_0,under_tone_-12,31.5,-198.85,-82.86,-151.71
nls_spike,Waves,EMI TG12345 console channel,console-emi,drive_0,under_tone_-12,315.0,-200.0,-82.86,-151.71
nls_spike,Waves,EMI TG12345 console channel,console-emi,drive_0,under_tone_-12,3150.0,-163.25,-82.86,-151.71
nls_spike,Waves,EMI TG12345 console channel,console-emi,drive_0,under_tone_-12,40.0,-200.0,-82.86,-151.71
nls_spike,Waves,EMI TG12345 console channel,console-emi,drive_0,under_tone_-12,400.0,-200.0,-82.86,-151.71
nls_spike,Waves,EMI TG12345 console channel,console-emi,drive_0,under_tone_-12,4000.0,-163.59,-82.86,-151.71
nls_spike,Waves,EMI TG12345 console channel,console-emi,drive_0,under_tone_-12,50.0,-200.0,-82.86,-151.71
nls_spike,Waves,EMI TG12345 console channel,console-emi,drive_0,under_tone_-12,500.0,-200.0,-82.86,-151.71
nls_spike,Waves,EMI TG12345 console channel,console-emi,drive_0,under_tone_-12,5000.0,-164.05,-82.86,-151.71
nls_spike,Waves,EMI TG12345 console channel,console-emi,drive_0,under_tone_-12,63.0,-199.83,-82.86,-151.71
nls_spike,Waves,EMI TG12345 console channel,console-emi,drive_0,under_tone_-12,630.0,-200.0,-82.86,-151.71
nls_spike,Waves,EMI TG12345 console channel,console-emi,drive_0,under_tone_-12,6300.0,-162.04,-82.86,-151.71
nls_spike,Waves,EMI TG12345 console channel,console-emi,drive_0,under_tone_-12,80.0,-200.0,-82.86,-151.71
nls_spike,Waves,EMI TG12345 console channel,console-emi,drive_0,under_tone_-12,800.0,-196.91,-82.86,-151.71
nls_spike,Waves,EMI TG12345 console channel,console-emi,drive_0,under_tone_-12,8000.0,-166.32,-82.86,-151.71
nls_spike,Waves,EMI TG12345 console channel,console-emi,drive_12,silence,100.0,-200.0,-200.0,-200.0
nls_spike,Waves,EMI TG12345 console channel,console-emi,drive_12,silence,1000.0,-200.0,-200.0,-200.0
nls_spike,Waves,EMI TG12345 console channel,console-emi,drive_12,silence,10000.0,-200.0,-200.0,-200.0
nls_spike,Waves,EMI TG12345 console channel,console-emi,drive_12,silence,125.0,-200.0,-200.0,-200.0
nls_spike,Waves,EMI TG12345 console channel,console-emi,drive_12,silence,1250.0,-200.0,-200.0,-200.0
nls_spike,Waves,EMI TG12345 console channel,console-emi,drive_12,silence,12500.0,-200.0,-200.0,-200.0
nls_spike,Waves,EMI TG12345 console channel,console-emi,drive_12,silence,160.0,-200.0,-200.0,-200.0
nls_spike,Waves,EMI TG12345 console channel,console-emi,drive_12,silence,1600.0,-200.0,-200.0,-200.0
nls_spike,Waves,EMI TG12345 console channel,console-emi,drive_12,silence,16000.0,-200.0,-200.0,-200.0
nls_spike,Waves,EMI TG12345 console channel,console-emi,drive_12,silence,20.0,-200.0,-200.0,-200.0
nls_spike,Waves,EMI TG12345 console channel,console-emi,drive_12,silence,200.0,-200.0,-200.0,-200.0
nls_spike,Waves,EMI TG12345 console channel,console-emi,drive_12,silence,2000.0,-200.0,-200.0,-200.0
nls_spike,Waves,EMI TG12345 console channel,console-emi,drive_12,silence,20000.0,-200.0,-200.0,-200.0
nls_spike,Waves,EMI TG12345 console channel,console-emi,drive_12,silence,25.0,-200.0,-200.0,-200.0
nls_spike,Waves,EMI TG12345 console channel,console-emi,drive_12,silence,250.0,-200.0,-200.0,-200.0
nls_spike,Waves,EMI TG12345 console channel,console-emi,drive_12,silence,2500.0,-200.0,-200.0,-200.0
nls_spike,Waves,EMI TG12345 console channel,console-emi,drive_12,silence,31.5,-200.0,-200.0,-200.0
nls_spike,Waves,EMI TG12345 console channel,console-emi,drive_12,silence,315.0,-200.0,-200.0,-200.0
nls_spike,Waves,EMI TG12345 console channel,console-emi,drive_12,silence,3150.0,-200.0,-200.0,-200.0
nls_spike,Waves,EMI TG12345 console channel,console-emi,drive_12,silence,40.0,-200.0,-200.0,-200.0
nls_spike,Waves,EMI TG12345 console channel,console-emi,drive_12,silence,400.0,-200.0,-200.0,-200.0
nls_spike,Waves,EMI TG12345 console channel,console-emi,drive_12,silence,4000.0,-200.0,-200.0,-200.0
nls_spike,Waves,EMI TG12345 console channel,console-emi,drive_12,silence,50.0,-200.0,-200.0,-200.0
nls_spike,Waves,EMI TG12345 console channel,console-emi,drive_12,silence,500.0,-200.0,-200.0,-200.0
nls_spike,Waves,EMI TG12345 console channel,console-emi,drive_12,silence,5000.0,-200.0,-200.0,-200.0
nls_spike,Waves,EMI TG12345 console channel,console-emi,drive_12,silence,63.0,-200.0,-200.0,-200.0
nls_spike,Waves,EMI TG12345 console channel,console-emi,drive_12,silence,630.0,-200.0,-200.0,-200.0
nls_spike,Waves,EMI TG12345 console channel,console-emi,drive_12,silence,6300.0,-200.0,-200.0,-200.0
nls_spike,Waves,EMI TG12345 console channel,console-emi,drive_12,silence,80.0,-200.0,-200.0,-200.0
nls_spike,Waves,EMI TG12345 console channel,console-emi,drive_12,silence,800.0,-200.0,-200.0,-200.0
nls_spike,Waves,EMI TG12345 console channel,console-emi,drive_12,silence,8000.0,-200.0,-200.0,-200.0
nls_spike,Waves,EMI TG12345 console channel,console-emi,drive_12,under_tone_-12,100.0,-193.55,-45.87,-117.36
nls_spike,Waves,EMI TG12345 console channel,console-emi,drive_12,under_tone_-12,1000.0,-156.44,-45.87,-117.36
nls_spike,Waves,EMI TG12345 console channel,console-emi,drive_12,under_tone_-12,10000.0,-158.09,-45.87,-117.36
nls_spike,Waves,EMI TG12345 console channel,console-emi,drive_12,under_tone_-12,125.0,-193.64,-45.87,-117.36
nls_spike,Waves,EMI TG12345 console channel,console-emi,drive_12,under_tone_-12,1250.0,-189.48,-45.87,-117.36
nls_spike,Waves,EMI TG12345 console channel,console-emi,drive_12,under_tone_-12,12500.0,-161.27,-45.87,-117.36
nls_spike,Waves,EMI TG12345 console channel,console-emi,drive_12,under_tone_-12,160.0,-195.92,-45.87,-117.36
nls_spike,Waves,EMI TG12345 console channel,console-emi,drive_12,under_tone_-12,1600.0,-190.71,-45.87,-117.36
nls_spike,Waves,EMI TG12345 console channel,console-emi,drive_12,under_tone_-12,16000.0,-160.83,-45.87,-117.36
nls_spike,Waves,EMI TG12345 console channel,console-emi,drive_12,under_tone_-12,20.0,-188.41,-45.87,-117.36
nls_spike,Waves,EMI TG12345 console channel,console-emi,drive_12,under_tone_-12,200.0,-196.43,-45.87,-117.36
nls_spike,Waves,EMI TG12345 console channel,console-emi,drive_12,under_tone_-12,2000.0,-157.12,-45.87,-117.36
nls_spike,Waves,EMI TG12345 console channel,console-emi,drive_12,under_tone_-12,20000.0,-109.18,-45.87,-117.36
nls_spike,Waves,EMI TG12345 console channel,console-emi,drive_12,under_tone_-12,25.0,-190.64,-45.87,-117.36
nls_spike,Waves,EMI TG12345 console channel,console-emi,drive_12,under_tone_-12,250.0,-195.72,-45.87,-117.36
nls_spike,Waves,EMI TG12345 console channel,console-emi,drive_12,under_tone_-12,2500.0,-187.79,-45.87,-117.36
nls_spike,Waves,EMI TG12345 console channel,console-emi,drive_12,under_tone_-12,31.5,-189.22,-45.87,-117.36
nls_spike,Waves,EMI TG12345 console channel,console-emi,drive_12,under_tone_-12,315.0,-197.19,-45.87,-117.36
nls_spike,Waves,EMI TG12345 console channel,console-emi,drive_12,under_tone_-12,3150.0,-157.78,-45.87,-117.36
nls_spike,Waves,EMI TG12345 console channel,console-emi,drive_12,under_tone_-12,40.0,-192.88,-45.87,-117.36
nls_spike,Waves,EMI TG12345 console channel,console-emi,drive_12,under_tone_-12,400.0,-196.66,-45.87,-117.36
nls_spike,Waves,EMI TG12345 console channel,console-emi,drive_12,under_tone_-12,4000.0,-157.86,-45.87,-117.36
nls_spike,Waves,EMI TG12345 console channel,console-emi,drive_12,under_tone_-12,50.0,-189.8,-45.87,-117.36
nls_spike,Waves,EMI TG12345 console channel,console-emi,drive_12,under_tone_-12,500.0,-196.66,-45.87,-117.36
nls_spike,Waves,EMI TG12345 console channel,console-emi,drive_12,under_tone_-12,5000.0,-158.39,-45.87,-117.36
nls_spike,Waves,EMI TG12345 console channel,console-emi,drive_12,under_tone_-12,63.0,-192.94,-45.87,-117.36
nls_spike,Waves,EMI TG12345 console channel,console-emi,drive_12,under_tone_-12,630.0,-195.45,-45.87,-117.36
nls_spike,Waves,EMI TG12345 console channel,console-emi,drive_12,under_tone_-12,6300.0,-156.35,-45.87,-117.36
nls_spike,Waves,EMI TG12345 console channel,console-emi,drive_12,under_tone_-12,80.0,-192.39,-45.87,-117.36
nls_spike,Waves,EMI TG12345 console channel,console-emi,drive_12,under_tone_-12,800.0,-189.65,-45.87,-117.36
nls_spike,Waves,EMI TG12345 console channel,console-emi,drive_12,under_tone_-12,8000.0,-160.71,-45.87,-117.36
nls_spike,Waves,EMI TG12345 console channel,console-emi,drive_6,silence,100.0,-200.0,-200.0,-200.0
nls_spike,Waves,EMI TG12345 console channel,console-emi,drive_6,silence,1000.0,-200.0,-200.0,-200.0
nls_spike,Waves,EMI TG12345 console channel,console-emi,drive_6,silence,10000.0,-200.0,-200.0,-200.0
nls_spike,Waves,EMI TG12345 console channel,console-emi,drive_6,silence,125.0,-200.0,-200.0,-200.0
nls_spike,Waves,EMI TG12345 console channel,console-emi,drive_6,silence,1250.0,-200.0,-200.0,-200.0
nls_spike,Waves,EMI TG12345 console channel,console-emi,drive_6,silence,12500.0,-200.0,-200.0,-200.0
nls_spike,Waves,EMI TG12345 console channel,console-emi,drive_6,silence,160.0,-200.0,-200.0,-200.0
nls_spike,Waves,EMI TG12345 console channel,console-emi,drive_6,silence,1600.0,-200.0,-200.0,-200.0
nls_spike,Waves,EMI TG12345 console channel,console-emi,drive_6,silence,16000.0,-200.0,-200.0,-200.0
nls_spike,Waves,EMI TG12345 console channel,console-emi,drive_6,silence,20.0,-200.0,-200.0,-200.0
nls_spike,Waves,EMI TG12345 console channel,console-emi,drive_6,silence,200.0,-200.0,-200.0,-200.0
nls_spike,Waves,EMI TG12345 console channel,console-emi,drive_6,silence,2000.0,-200.0,-200.0,-200.0
nls_spike,Waves,EMI TG12345 console channel,console-emi,drive_6,silence,20000.0,-200.0,-200.0,-200.0
nls_spike,Waves,EMI TG12345 console channel,console-emi,drive_6,silence,25.0,-200.0,-200.0,-200.0
nls_spike,Waves,EMI TG12345 console channel,console-emi,drive_6,silence,250.0,-200.0,-200.0,-200.0
nls_spike,Waves,EMI TG12345 console channel,console-emi,drive_6,silence,2500.0,-200.0,-200.0,-200.0
nls_spike,Waves,EMI TG12345 console channel,console-emi,drive_6,silence,31.5,-200.0,-200.0,-200.0
nls_spike,Waves,EMI TG12345 console channel,console-emi,drive_6,silence,315.0,-200.0,-200.0,-200.0
nls_spike,Waves,EMI TG12345 console channel,console-emi,drive_6,silence,3150.0,-200.0,-200.0,-200.0
nls_spike,Waves,EMI TG12345 console channel,console-emi,drive_6,silence,40.0,-200.0,-200.0,-200.0
nls_spike,Waves,EMI TG12345 console channel,console-emi,drive_6,silence,400.0,-200.0,-200.0,-200.0
nls_spike,Waves,EMI TG12345 console channel,console-emi,drive_6,silence,4000.0,-200.0,-200.0,-200.0
nls_spike,Waves,EMI TG12345 console channel,console-emi,drive_6,silence,50.0,-200.0,-200.0,-200.0
nls_spike,Waves,EMI TG12345 console channel,console-emi,drive_6,silence,500.0,-200.0,-200.0,-200.0
nls_spike,Waves,EMI TG12345 console channel,console-emi,drive_6,silence,5000.0,-200.0,-200.0,-200.0
nls_spike,Waves,EMI TG12345 console channel,console-emi,drive_6,silence,63.0,-200.0,-200.0,-200.0
nls_spike,Waves,EMI TG12345 console channel,console-emi,drive_6,silence,630.0,-200.0,-200.0,-200.0
nls_spike,Waves,EMI TG12345 console channel,console-emi,drive_6,silence,6300.0,-200.0,-200.0,-200.0
nls_spike,Waves,EMI TG12345 console channel,console-emi,drive_6,silence,80.0,-200.0,-200.0,-200.0
nls_spike,Waves,EMI TG12345 console channel,console-emi,drive_6,silence,800.0,-200.0,-200.0,-200.0
nls_spike,Waves,EMI TG12345 console channel,console-emi,drive_6,silence,8000.0,-200.0,-200.0,-200.0
nls_spike,Waves,EMI TG12345 console channel,console-emi,drive_6,under_tone_-12,100.0,-200.0,-62.99,-135.28
nls_spike,Waves,EMI TG12345 console channel,console-emi,drive_6,under_tone_-12,1000.0,-161.67,-62.99,-135.28
nls_spike,Waves,EMI TG12345 console channel,console-emi,drive_6,under_tone_-12,10000.0,-162.76,-62.99,-135.28
nls_spike,Waves,EMI TG12345 console channel,console-emi,drive_6,under_tone_-12,125.0,-200.0,-62.99,-135.28
nls_spike,Waves,EMI TG12345 console channel,console-emi,drive_6,under_tone_-12,1250.0,-194.98,-62.99,-135.28
nls_spike,Waves,EMI TG12345 console channel,console-emi,drive_6,under_tone_-12,12500.0,-165.75,-62.99,-135.28
nls_spike,Waves,EMI TG12345 console channel,console-emi,drive_6,under_tone_-12,160.0,-200.0,-62.99,-135.28
nls_spike,Waves,EMI TG12345 console channel,console-emi,drive_6,under_tone_-12,1600.0,-196.16,-62.99,-135.28
nls_spike,Waves,EMI TG12345 console channel,console-emi,drive_6,under_tone_-12,16000.0,-165.31,-62.99,-135.28
nls_spike,Waves,EMI TG12345 console channel,console-emi,drive_6,under_tone_-12,20.0,-195.19,-62.99,-135.28
nls_spike,Waves,EMI TG12345 console channel,console-emi,drive_6,under_tone_-12,200.0,-200.0,-62.99,-135.28
nls_spike,Waves,EMI TG12345 console channel,console-emi,drive_6,under_tone_-12,2000.0,-162.1,-62.99,-135.28
nls_spike,Waves,EMI TG12345 console channel,console-emi,drive_6,under_tone_-12,20000.0,-127.19,-62.99,-135.28
nls_spike,Waves,EMI TG12345 console channel,console-emi,drive_6,under_tone_-12,25.0,-197.33,-62.99,-135.28
nls_spike,Waves,EMI TG12345 console channel,console-emi,drive_6,under_tone_-12,250.0,-200.0,-62.99,-135.28
nls_spike,Waves,EMI TG12345 console channel,console-emi,drive_6,under_tone_-12,2500.0,-193.05,-62.99,-135.28
nls_spike,Waves,EMI TG12345 console channel,console-emi,drive_6,under_tone_-12,31.5,-198.83,-62.99,-135.28
nls_spike,Waves,EMI TG12345 console channel,console-emi,drive_6,under_tone_-12,315.0,-200.0,-62.99,-135.28
nls_spike,Waves,EMI TG12345 console channel,console-emi,drive_6,under_tone_-12,3150.0,-162.5,-62.99,-135.28
nls_spike,Waves,EMI TG12345 console channel,console-emi,drive_6,under_tone_-12,40.0,-198.82,-62.99,-135.28
nls_spike,Waves,EMI TG12345 console channel,console-emi,drive_6,under_tone_-12,400.0,-200.0,-62.99,-135.28
nls_spike,Waves,EMI TG12345 console channel,console-emi,drive_6,under_tone_-12,4000.0,-162.51,-62.99,-135.28
nls_spike,Waves,EMI TG12345 console channel,console-emi,drive_6,under_tone_-12,50.0,-197.58,-62.99,-135.28
nls_spike,Waves,EMI TG12345 console channel,console-emi,drive_6,under_tone_-12,500.0,-200.0,-62.99,-135.28
nls_spike,Waves,EMI TG12345 console channel,console-emi,drive_6,under_tone_-12,5000.0,-163.05,-62.99,-135.28
nls_spike,Waves,EMI TG12345 console channel,console-emi,drive_6,under_tone_-12,63.0,-199.57,-62.99,-135.28
nls_spike,Waves,EMI TG12345 console channel,console-emi,drive_6,under_tone_-12,630.0,-199.98,-62.99,-135.28
nls_spike,Waves,EMI TG12345 console channel,console-emi,drive_6,under_tone_-12,6300.0,-161.06,-62.99,-135.28
nls_spike,Waves,EMI TG12345 console channel,console-emi,drive_6,under_tone_-12,80.0,-198.55,-62.99,-135.28
nls_spike,Waves,EMI TG12345 console channel,console-emi,drive_6,under_tone_-12,800.0,-193.67,-62.99,-135.28
nls_spike,Waves,EMI TG12345 console channel,console-emi,drive_6,under_tone_-12,8000.0,-165.54,-62.99,-135.28
nls_spike,Waves,EMI TG12345 console channel,console-emi,matched_thd_0.1_pct,silence,100.0,-200.0,-200.0,-200.0
nls_spike,Waves,EMI TG12345 console channel,console-emi,matched_thd_0.1_pct,silence,1000.0,-200.0,-200.0,-200.0
nls_spike,Waves,EMI TG12345 console channel,console-emi,matched_thd_0.1_pct,silence,10000.0,-200.0,-200.0,-200.0
nls_spike,Waves,EMI TG12345 console channel,console-emi,matched_thd_0.1_pct,silence,125.0,-200.0,-200.0,-200.0
nls_spike,Waves,EMI TG12345 console channel,console-emi,matched_thd_0.1_pct,silence,1250.0,-200.0,-200.0,-200.0
nls_spike,Waves,EMI TG12345 console channel,console-emi,matched_thd_0.1_pct,silence,12500.0,-200.0,-200.0,-200.0
nls_spike,Waves,EMI TG12345 console channel,console-emi,matched_thd_0.1_pct,silence,160.0,-200.0,-200.0,-200.0
nls_spike,Waves,EMI TG12345 console channel,console-emi,matched_thd_0.1_pct,silence,1600.0,-200.0,-200.0,-200.0
nls_spike,Waves,EMI TG12345 console channel,console-emi,matched_thd_0.1_pct,silence,16000.0,-200.0,-200.0,-200.0
nls_spike,Waves,EMI TG12345 console channel,console-emi,matched_thd_0.1_pct,silence,20.0,-200.0,-200.0,-200.0
nls_spike,Waves,EMI TG12345 console channel,console-emi,matched_thd_0.1_pct,silence,200.0,-200.0,-200.0,-200.0
nls_spike,Waves,EMI TG12345 console channel,console-emi,matched_thd_0.1_pct,silence,2000.0,-200.0,-200.0,-200.0
nls_spike,Waves,EMI TG12345 console channel,console-emi,matched_thd_0.1_pct,silence,20000.0,-200.0,-200.0,-200.0
nls_spike,Waves,EMI TG12345 console channel,console-emi,matched_thd_0.1_pct,silence,25.0,-200.0,-200.0,-200.0
nls_spike,Waves,EMI TG12345 console channel,console-emi,matched_thd_0.1_pct,silence,250.0,-200.0,-200.0,-200.0
nls_spike,Waves,EMI TG12345 console channel,console-emi,matched_thd_0.1_pct,silence,2500.0,-200.0,-200.0,-200.0
nls_spike,Waves,EMI TG12345 console channel,console-emi,matched_thd_0.1_pct,silence,31.5,-200.0,-200.0,-200.0
nls_spike,Waves,EMI TG12345 console channel,console-emi,matched_thd_0.1_pct,silence,315.0,-200.0,-200.0,-200.0
nls_spike,Waves,EMI TG12345 console channel,console-emi,matched_thd_0.1_pct,silence,3150.0,-200.0,-200.0,-200.0
nls_spike,Waves,EMI TG12345 console channel,console-emi,matched_thd_0.1_pct,silence,40.0,-200.0,-200.0,-200.0
nls_spike,Waves,EMI TG12345 console channel,console-emi,matched_thd_0.1_pct,silence,400.0,-200.0,-200.0,-200.0
nls_spike,Waves,EMI TG12345 console channel,console-emi,matched_thd_0.1_pct,silence,4000.0,-200.0,-200.0,-200.0
nls_spike,Waves,EMI TG12345 console channel,console-emi,matched_thd_0.1_pct,silence,50.0,-200.0,-200.0,-200.0
nls_spike,Waves,EMI TG12345 console channel,console-emi,matched_thd_0.1_pct,silence,500.0,-200.0,-200.0,-200.0
nls_spike,Waves,EMI TG12345 console channel,console-emi,matched_thd_0.1_pct,silence,5000.0,-200.0,-200.0,-200.0
nls_spike,Waves,EMI TG12345 console channel,console-emi,matched_thd_0.1_pct,silence,63.0,-200.0,-200.0,-200.0
nls_spike,Waves,EMI TG12345 console channel,console-emi,matched_thd_0.1_pct,silence,630.0,-200.0,-200.0,-200.0
nls_spike,Waves,EMI TG12345 console channel,console-emi,matched_thd_0.1_pct,silence,6300.0,-200.0,-200.0,-200.0
nls_spike,Waves,EMI TG12345 console channel,console-emi,matched_thd_0.1_pct,silence,80.0,-200.0,-200.0,-200.0
nls_spike,Waves,EMI TG12345 console channel,console-emi,matched_thd_0.1_pct,silence,800.0,-200.0,-200.0,-200.0
nls_spike,Waves,EMI TG12345 console channel,console-emi,matched_thd_0.1_pct,silence,8000.0,-200.0,-200.0,-200.0
nls_spike,Waves,EMI TG12345 console channel,console-emi,matched_thd_0.1_pct,under_tone_-12,100.0,-200.0,-74.57,-146.09
nls_spike,Waves,EMI TG12345 console channel,console-emi,matched_thd_0.1_pct,under_tone_-12,1000.0,-162.17,-74.57,-146.09
nls_spike,Waves,EMI TG12345 console channel,console-emi,matched_thd_0.1_pct,under_tone_-12,10000.0,-163.15,-74.57,-146.09
nls_spike,Waves,EMI TG12345 console channel,console-emi,matched_thd_0.1_pct,under_tone_-12,125.0,-200.0,-74.57,-146.09
nls_spike,Waves,EMI TG12345 console channel,console-emi,matched_thd_0.1_pct,under_tone_-12,1250.0,-195.19,-74.57,-146.09
nls_spike,Waves,EMI TG12345 console channel,console-emi,matched_thd_0.1_pct,under_tone_-12,12500.0,-166.43,-74.57,-146.09
nls_spike,Waves,EMI TG12345 console channel,console-emi,matched_thd_0.1_pct,under_tone_-12,160.0,-200.0,-74.57,-146.09
nls_spike,Waves,EMI TG12345 console channel,console-emi,matched_thd_0.1_pct,under_tone_-12,1600.0,-197.07,-74.57,-146.09
nls_spike,Waves,EMI TG12345 console channel,console-emi,matched_thd_0.1_pct,under_tone_-12,16000.0,-166.2,-74.57,-146.09
nls_spike,Waves,EMI TG12345 console channel,console-emi,matched_thd_0.1_pct,under_tone_-12,20.0,-196.21,-74.57,-146.09
nls_spike,Waves,EMI TG12345 console channel,console-emi,matched_thd_0.1_pct,under_tone_-12,200.0,-200.0,-74.57,-146.09
nls_spike,Waves,EMI TG12345 console channel,console-emi,matched_thd_0.1_pct,under_tone_-12,2000.0,-162.5,-74.57,-146.09
nls_spike,Waves,EMI TG12345 console channel,console-emi,matched_thd_0.1_pct,under_tone_-12,20000.0,-138.75,-74.57,-146.09
nls_spike,Waves,EMI TG12345 console channel,console-emi,matched_thd_0.1_pct,under_tone_-12,25.0,-199.48,-74.57,-146.09
nls_spike,Waves,EMI TG12345 console channel,console-emi,matched_thd_0.1_pct,under_tone_-12,250.0,-200.0,-74.57,-146.09
nls_spike,Waves,EMI TG12345 console channel,console-emi,matched_thd_0.1_pct,under_tone_-12,2500.0,-194.18,-74.57,-146.09
nls_spike,Waves,EMI TG12345 console channel,console-emi,matched_thd_0.1_pct,under_tone_-12,31.5,-197.92,-74.57,-146.09
nls_spike,Waves,EMI TG12345 console channel,console-emi,matched_thd_0.1_pct,under_tone_-12,315.0,-200.0,-74.57,-146.09
nls_spike,Waves,EMI TG12345 console channel,console-emi,matched_thd_0.1_pct,under_tone_-12,3150.0,-162.81,-74.57,-146.09
nls_spike,Waves,EMI TG12345 console channel,console-emi,matched_thd_0.1_pct,under_tone_-12,40.0,-200.0,-74.57,-146.09
nls_spike,Waves,EMI TG12345 console channel,console-emi,matched_thd_0.1_pct,under_tone_-12,400.0,-200.0,-74.57,-146.09
nls_spike,Waves,EMI TG12345 console channel,console-emi,matched_thd_0.1_pct,under_tone_-12,4000.0,-163.16,-74.57,-146.09
nls_spike,Waves,EMI TG12345 console channel,console-emi,matched_thd_0.1_pct,under_tone_-12,50.0,-198.47,-74.57,-146.09
nls_spike,Waves,EMI TG12345 console channel,console-emi,matched_thd_0.1_pct,under_tone_-12,500.0,-200.0,-74.57,-146.09
nls_spike,Waves,EMI TG12345 console channel,console-emi,matched_thd_0.1_pct,under_tone_-12,5000.0,-163.51,-74.57,-146.09
nls_spike,Waves,EMI TG12345 console channel,console-emi,matched_thd_0.1_pct,under_tone_-12,63.0,-199.77,-74.57,-146.09
nls_spike,Waves,EMI TG12345 console channel,console-emi,matched_thd_0.1_pct,under_tone_-12,630.0,-200.0,-74.57,-146.09
nls_spike,Waves,EMI TG12345 console channel,console-emi,matched_thd_0.1_pct,under_tone_-12,6300.0,-161.41,-74.57,-146.09
nls_spike,Waves,EMI TG12345 console channel,console-emi,matched_thd_0.1_pct,under_tone_-12,80.0,-200.0,-74.57,-146.09
nls_spike,Waves,EMI TG12345 console channel,console-emi,matched_thd_0.1_pct,under_tone_-12,800.0,-196.0,-74.57,-146.09
nls_spike,Waves,EMI TG12345 console channel,console-emi,matched_thd_0.1_pct,under_tone_-12,8000.0,-166.02,-74.57,-146.09
nls_spike,Waves,EMI TG12345 console channel,console-emi,matched_thd_1_pct,silence,100.0,-200.0,-200.0,-200.0
nls_spike,Waves,EMI TG12345 console channel,console-emi,matched_thd_1_pct,silence,1000.0,-200.0,-200.0,-200.0
nls_spike,Waves,EMI TG12345 console channel,console-emi,matched_thd_1_pct,silence,10000.0,-200.0,-200.0,-200.0
nls_spike,Waves,EMI TG12345 console channel,console-emi,matched_thd_1_pct,silence,125.0,-200.0,-200.0,-200.0
nls_spike,Waves,EMI TG12345 console channel,console-emi,matched_thd_1_pct,silence,1250.0,-200.0,-200.0,-200.0
nls_spike,Waves,EMI TG12345 console channel,console-emi,matched_thd_1_pct,silence,12500.0,-200.0,-200.0,-200.0
nls_spike,Waves,EMI TG12345 console channel,console-emi,matched_thd_1_pct,silence,160.0,-200.0,-200.0,-200.0
nls_spike,Waves,EMI TG12345 console channel,console-emi,matched_thd_1_pct,silence,1600.0,-200.0,-200.0,-200.0
nls_spike,Waves,EMI TG12345 console channel,console-emi,matched_thd_1_pct,silence,16000.0,-200.0,-200.0,-200.0
nls_spike,Waves,EMI TG12345 console channel,console-emi,matched_thd_1_pct,silence,20.0,-200.0,-200.0,-200.0
nls_spike,Waves,EMI TG12345 console channel,console-emi,matched_thd_1_pct,silence,200.0,-200.0,-200.0,-200.0
nls_spike,Waves,EMI TG12345 console channel,console-emi,matched_thd_1_pct,silence,2000.0,-200.0,-200.0,-200.0
nls_spike,Waves,EMI TG12345 console channel,console-emi,matched_thd_1_pct,silence,20000.0,-200.0,-200.0,-200.0
nls_spike,Waves,EMI TG12345 console channel,console-emi,matched_thd_1_pct,silence,25.0,-200.0,-200.0,-200.0
nls_spike,Waves,EMI TG12345 console channel,console-emi,matched_thd_1_pct,silence,250.0,-200.0,-200.0,-200.0
nls_spike,Waves,EMI TG12345 console channel,console-emi,matched_thd_1_pct,silence,2500.0,-200.0,-200.0,-200.0
nls_spike,Waves,EMI TG12345 console channel,console-emi,matched_thd_1_pct,silence,31.5,-200.0,-200.0,-200.0
nls_spike,Waves,EMI TG12345 console channel,console-emi,matched_thd_1_pct,silence,315.0,-200.0,-200.0,-200.0
nls_spike,Waves,EMI TG12345 console channel,console-emi,matched_thd_1_pct,silence,3150.0,-200.0,-200.0,-200.0
nls_spike,Waves,EMI TG12345 console channel,console-emi,matched_thd_1_pct,silence,40.0,-200.0,-200.0,-200.0
nls_spike,Waves,EMI TG12345 console channel,console-emi,matched_thd_1_pct,silence,400.0,-200.0,-200.0,-200.0
nls_spike,Waves,EMI TG12345 console channel,console-emi,matched_thd_1_pct,silence,4000.0,-200.0,-200.0,-200.0
nls_spike,Waves,EMI TG12345 console channel,console-emi,matched_thd_1_pct,silence,50.0,-200.0,-200.0,-200.0
nls_spike,Waves,EMI TG12345 console channel,console-emi,matched_thd_1_pct,silence,500.0,-200.0,-200.0,-200.0
nls_spike,Waves,EMI TG12345 console channel,console-emi,matched_thd_1_pct,silence,5000.0,-200.0,-200.0,-200.0
nls_spike,Waves,EMI TG12345 console channel,console-emi,matched_thd_1_pct,silence,63.0,-200.0,-200.0,-200.0
nls_spike,Waves,EMI TG12345 console channel,console-emi,matched_thd_1_pct,silence,630.0,-200.0,-200.0,-200.0
nls_spike,Waves,EMI TG12345 console channel,console-emi,matched_thd_1_pct,silence,6300.0,-200.0,-200.0,-200.0
nls_spike,Waves,EMI TG12345 console channel,console-emi,matched_thd_1_pct,silence,80.0,-200.0,-200.0,-200.0
nls_spike,Waves,EMI TG12345 console channel,console-emi,matched_thd_1_pct,silence,800.0,-200.0,-200.0,-200.0
nls_spike,Waves,EMI TG12345 console channel,console-emi,matched_thd_1_pct,silence,8000.0,-200.0,-200.0,-200.0
nls_spike,Waves,EMI TG12345 console channel,console-emi,matched_thd_1_pct,under_tone_-12,100.0,-196.4,-50.67,-122.44
nls_spike,Waves,EMI TG12345 console channel,console-emi,matched_thd_1_pct,under_tone_-12,1000.0,-158.16,-50.67,-122.44
nls_spike,Waves,EMI TG12345 console channel,console-emi,matched_thd_1_pct,under_tone_-12,10000.0,-159.34,-50.67,-122.44
nls_spike,Waves,EMI TG12345 console channel,console-emi,matched_thd_1_pct,under_tone_-12,125.0,-197.41,-50.67,-122.44
nls_spike,Waves,EMI TG12345 console channel,console-emi,matched_thd_1_pct,under_tone_-12,1250.0,-191.69,-50.67,-122.44
nls_spike,Waves,EMI TG12345 console channel,console-emi,matched_thd_1_pct,under_tone_-12,12500.0,-162.49,-50.67,-122.44
nls_spike,Waves,EMI TG12345 console channel,console-emi,matched_thd_1_pct,under_tone_-12,160.0,-198.34,-50.67,-122.44
nls_spike,Waves,EMI TG12345 console channel,console-emi,matched_thd_1_pct,under_tone_-12,1600.0,-192.76,-50.67,-122.44
nls_spike,Waves,EMI TG12345 console channel,console-emi,matched_thd_1_pct,under_tone_-12,16000.0,-162.17,-50.67,-122.44
nls_spike,Waves,EMI TG12345 console channel,console-emi,matched_thd_1_pct,under_tone_-12,20.0,-193.27,-50.67,-122.44
nls_spike,Waves,EMI TG12345 console channel,console-emi,matched_thd_1_pct,under_tone_-12,200.0,-198.13,-50.67,-122.44
nls_spike,Waves,EMI TG12345 console channel,console-emi,matched_thd_1_pct,under_tone_-12,2000.0,-158.61,-50.67,-122.44
nls_spike,Waves,EMI TG12345 console channel,console-emi,matched_thd_1_pct,under_tone_-12,20000.0,-114.28,-50.67,-122.44
nls_spike,Waves,EMI TG12345 console channel,console-emi,matched_thd_1_pct,under_tone_-12,25.0,-191.29,-50.67,-122.44
nls_spike,Waves,EMI TG12345 console channel,console-emi,matched_thd_1_pct,under_tone_-12,250.0,-199.2,-50.67,-122.44
nls_spike,Waves,EMI TG12345 console channel,console-emi,matched_thd_1_pct,under_tone_-12,2500.0,-190.09,-50.67,-122.44
nls_spike,Waves,EMI TG12345 console channel,console-emi,matched_thd_1_pct,under_tone_-12,31.5,-193.64,-50.67,-122.44
nls_spike,Waves,EMI TG12345 console channel,console-emi,matched_thd_1_pct,under_tone_-12,315.0,-199.08,-50.67,-122.44
nls_spike,Waves,EMI TG12345 console channel,console-emi,matched_thd_1_pct,under_tone_-12,3150.0,-158.97,-50.67,-122.44
nls_spike,Waves,EMI TG12345 console channel,console-emi,matched_thd_1_pct,under_tone_-12,40.0,-192.39,-50.67,-122.44
nls_spike,Waves,EMI TG12345 console channel,console-emi,matched_thd_1_pct,under_tone_-12,400.0,-199.38,-50.67,-122.44
nls_spike,Waves,EMI TG12345 console channel,console-emi,matched_thd_1_pct,under_tone_-12,4000.0,-159.19,-50.67,-122.44
nls_spike,Waves,EMI TG12345 console channel,console-emi,matched_thd_1_pct,under_tone_-12,50.0,-195.74,-50.67,-122.44
nls_spike,Waves,EMI TG12345 console channel,console-emi,matched_thd_1_pct,under_tone_-12,500.0,-198.36,-50.67,-122.44
nls_spike,Waves,EMI TG12345 console channel,console-emi,matched_thd_1_pct,under_tone_-12,5000.0,-159.61,-50.67,-122.44
nls_spike,Waves,EMI TG12345 console channel,console-emi,matched_thd_1_pct,under_tone_-12,63.0,-193.88,-50.67,-122.44
nls_spike,Waves,EMI TG12345 console channel,console-emi,matched_thd_1_pct,under_tone_-12,630.0,-197.04,-50.67,-122.44
nls_spike,Waves,EMI TG12345 console channel,console-emi,matched_thd_1_pct,under_tone_-12,6300.0,-157.67,-50.67,-122.44
nls_spike,Waves,EMI TG12345 console channel,console-emi,matched_thd_1_pct,under_tone_-12,80.0,-196.27,-50.67,-122.44
nls_spike,Waves,EMI TG12345 console channel,console-emi,matched_thd_1_pct,under_tone_-12,800.0,-191.35,-50.67,-122.44
nls_spike,Waves,EMI TG12345 console channel,console-emi,matched_thd_1_pct,under_tone_-12,8000.0,-162.01,-50.67,-122.44
nlsbuss_mike,Waves,SSL 4000 G+ console buss,console-ssl,drive_0,silence,100.0,-200.0,-200.0,-200.0
nlsbuss_mike,Waves,SSL 4000 G+ console buss,console-ssl,drive_0,silence,1000.0,-200.0,-200.0,-200.0
nlsbuss_mike,Waves,SSL 4000 G+ console buss,console-ssl,drive_0,silence,10000.0,-200.0,-200.0,-200.0
nlsbuss_mike,Waves,SSL 4000 G+ console buss,console-ssl,drive_0,silence,125.0,-200.0,-200.0,-200.0
nlsbuss_mike,Waves,SSL 4000 G+ console buss,console-ssl,drive_0,silence,1250.0,-200.0,-200.0,-200.0
nlsbuss_mike,Waves,SSL 4000 G+ console buss,console-ssl,drive_0,silence,12500.0,-200.0,-200.0,-200.0
nlsbuss_mike,Waves,SSL 4000 G+ console buss,console-ssl,drive_0,silence,160.0,-200.0,-200.0,-200.0
nlsbuss_mike,Waves,SSL 4000 G+ console buss,console-ssl,drive_0,silence,1600.0,-200.0,-200.0,-200.0
nlsbuss_mike,Waves,SSL 4000 G+ console buss,console-ssl,drive_0,silence,16000.0,-200.0,-200.0,-200.0
nlsbuss_mike,Waves,SSL 4000 G+ console buss,console-ssl,drive_0,silence,20.0,-200.0,-200.0,-200.0
nlsbuss_mike,Waves,SSL 4000 G+ console buss,console-ssl,drive_0,silence,200.0,-200.0,-200.0,-200.0
nlsbuss_mike,Waves,SSL 4000 G+ console buss,console-ssl,drive_0,silence,2000.0,-200.0,-200.0,-200.0
nlsbuss_mike,Waves,SSL 4000 G+ console buss,console-ssl,drive_0,silence,20000.0,-200.0,-200.0,-200.0
nlsbuss_mike,Waves,SSL 4000 G+ console buss,console-ssl,drive_0,silence,25.0,-200.0,-200.0,-200.0
nlsbuss_mike,Waves,SSL 4000 G+ console buss,console-ssl,drive_0,silence,250.0,-200.0,-200.0,-200.0
nlsbuss_mike,Waves,SSL 4000 G+ console buss,console-ssl,drive_0,silence,2500.0,-200.0,-200.0,-200.0
nlsbuss_mike,Waves,SSL 4000 G+ console buss,console-ssl,drive_0,silence,31.5,-200.0,-200.0,-200.0
nlsbuss_mike,Waves,SSL 4000 G+ console buss,console-ssl,drive_0,silence,315.0,-200.0,-200.0,-200.0
nlsbuss_mike,Waves,SSL 4000 G+ console buss,console-ssl,drive_0,silence,3150.0,-200.0,-200.0,-200.0
nlsbuss_mike,Waves,SSL 4000 G+ console buss,console-ssl,drive_0,silence,40.0,-200.0,-200.0,-200.0
nlsbuss_mike,Waves,SSL 4000 G+ console buss,console-ssl,drive_0,silence,400.0,-200.0,-200.0,-200.0
nlsbuss_mike,Waves,SSL 4000 G+ console buss,console-ssl,drive_0,silence,4000.0,-200.0,-200.0,-200.0
nlsbuss_mike,Waves,SSL 4000 G+ console buss,console-ssl,drive_0,silence,50.0,-200.0,-200.0,-200.0
nlsbuss_mike,Waves,SSL 4000 G+ console buss,console-ssl,drive_0,silence,500.0,-200.0,-200.0,-200.0
nlsbuss_mike,Waves,SSL 4000 G+ console buss,console-ssl,drive_0,silence,5000.0,-200.0,-200.0,-200.0
nlsbuss_mike,Waves,SSL 4000 G+ console buss,console-ssl,drive_0,silence,63.0,-200.0,-200.0,-200.0
nlsbuss_mike,Waves,SSL 4000 G+ console buss,console-ssl,drive_0,silence,630.0,-200.0,-200.0,-200.0
nlsbuss_mike,Waves,SSL 4000 G+ console buss,console-ssl,drive_0,silence,6300.0,-200.0,-200.0,-200.0
nlsbuss_mike,Waves,SSL 4000 G+ console buss,console-ssl,drive_0,silence,80.0,-200.0,-200.0,-200.0
nlsbuss_mike,Waves,SSL 4000 G+ console buss,console-ssl,drive_0,silence,800.0,-200.0,-200.0,-200.0
nlsbuss_mike,Waves,SSL 4000 G+ console buss,console-ssl,drive_0,silence,8000.0,-200.0,-200.0,-200.0
nlsbuss_mike,Waves,SSL 4000 G+ console buss,console-ssl,drive_0,under_tone_-12,100.0,-200.0,-116.94,-136.13
nlsbuss_mike,Waves,SSL 4000 G+ console buss,console-ssl,drive_0,under_tone_-12,1000.0,-162.29,-116.94,-136.13
nlsbuss_mike,Waves,SSL 4000 G+ console buss,console-ssl,drive_0,under_tone_-12,10000.0,-163.64,-116.94,-136.13
nlsbuss_mike,Waves,SSL 4000 G+ console buss,console-ssl,drive_0,under_tone_-12,125.0,-200.0,-116.94,-136.13
nlsbuss_mike,Waves,SSL 4000 G+ console buss,console-ssl,drive_0,under_tone_-12,1250.0,-200.0,-116.94,-136.13
nlsbuss_mike,Waves,SSL 4000 G+ console buss,console-ssl,drive_0,under_tone_-12,12500.0,-167.0,-116.94,-136.13
nlsbuss_mike,Waves,SSL 4000 G+ console buss,console-ssl,drive_0,under_tone_-12,160.0,-200.0,-116.94,-136.13
nlsbuss_mike,Waves,SSL 4000 G+ console buss,console-ssl,drive_0,under_tone_-12,1600.0,-200.0,-116.94,-136.13
nlsbuss_mike,Waves,SSL 4000 G+ console buss,console-ssl,drive_0,under_tone_-12,16000.0,-165.76,-116.94,-136.13
nlsbuss_mike,Waves,SSL 4000 G+ console buss,console-ssl,drive_0,under_tone_-12,20.0,-200.0,-116.94,-136.13
nlsbuss_mike,Waves,SSL 4000 G+ console buss,console-ssl,drive_0,under_tone_-12,200.0,-200.0,-116.94,-136.13
nlsbuss_mike,Waves,SSL 4000 G+ console buss,console-ssl,drive_0,under_tone_-12,2000.0,-162.53,-116.94,-136.13
nlsbuss_mike,Waves,SSL 4000 G+ console buss,console-ssl,drive_0,under_tone_-12,20000.0,-128.27,-116.94,-136.13
nlsbuss_mike,Waves,SSL 4000 G+ console buss,console-ssl,drive_0,under_tone_-12,25.0,-200.0,-116.94,-136.13
nlsbuss_mike,Waves,SSL 4000 G+ console buss,console-ssl,drive_0,under_tone_-12,250.0,-200.0,-116.94,-136.13
nlsbuss_mike,Waves,SSL 4000 G+ console buss,console-ssl,drive_0,under_tone_-12,2500.0,-200.0,-116.94,-136.13
nlsbuss_mike,Waves,SSL 4000 G+ console buss,console-ssl,drive_0,under_tone_-12,31.5,-200.0,-116.94,-136.13
nlsbuss_mike,Waves,SSL 4000 G+ console buss,console-ssl,drive_0,under_tone_-12,315.0,-200.0,-116.94,-136.13
nlsbuss_mike,Waves,SSL 4000 G+ console buss,console-ssl,drive_0,under_tone_-12,3150.0,-162.8,-116.94,-136.13
nlsbuss_mike,Waves,SSL 4000 G+ console buss,console-ssl,drive_0,under_tone_-12,40.0,-200.0,-116.94,-136.13
nlsbuss_mike,Waves,SSL 4000 G+ console buss,console-ssl,drive_0,under_tone_-12,400.0,-200.0,-116.94,-136.13
nlsbuss_mike,Waves,SSL 4000 G+ console buss,console-ssl,drive_0,under_tone_-12,4000.0,-163.14,-116.94,-136.13
nlsbuss_mike,Waves,SSL 4000 G+ console buss,console-ssl,drive_0,under_tone_-12,50.0,-200.0,-116.94,-136.13
nlsbuss_mike,Waves,SSL 4000 G+ console buss,console-ssl,drive_0,under_tone_-12,500.0,-200.0,-116.94,-136.13
nlsbuss_mike,Waves,SSL 4000 G+ console buss,console-ssl,drive_0,under_tone_-12,5000.0,-163.67,-116.94,-136.13
nlsbuss_mike,Waves,SSL 4000 G+ console buss,console-ssl,drive_0,under_tone_-12,63.0,-200.0,-116.94,-136.13
nlsbuss_mike,Waves,SSL 4000 G+ console buss,console-ssl,drive_0,under_tone_-12,630.0,-200.0,-116.94,-136.13
nlsbuss_mike,Waves,SSL 4000 G+ console buss,console-ssl,drive_0,under_tone_-12,6300.0,-161.73,-116.94,-136.13
nlsbuss_mike,Waves,SSL 4000 G+ console buss,console-ssl,drive_0,under_tone_-12,80.0,-200.0,-116.94,-136.13
nlsbuss_mike,Waves,SSL 4000 G+ console buss,console-ssl,drive_0,under_tone_-12,800.0,-200.0,-116.94,-136.13
nlsbuss_mike,Waves,SSL 4000 G+ console buss,console-ssl,drive_0,under_tone_-12,8000.0,-165.98,-116.94,-136.13
nlsbuss_mike,Waves,SSL 4000 G+ console buss,console-ssl,drive_12,silence,100.0,-200.0,-200.0,-200.0
nlsbuss_mike,Waves,SSL 4000 G+ console buss,console-ssl,drive_12,silence,1000.0,-200.0,-200.0,-200.0
nlsbuss_mike,Waves,SSL 4000 G+ console buss,console-ssl,drive_12,silence,10000.0,-200.0,-200.0,-200.0
nlsbuss_mike,Waves,SSL 4000 G+ console buss,console-ssl,drive_12,silence,125.0,-200.0,-200.0,-200.0
nlsbuss_mike,Waves,SSL 4000 G+ console buss,console-ssl,drive_12,silence,1250.0,-200.0,-200.0,-200.0
nlsbuss_mike,Waves,SSL 4000 G+ console buss,console-ssl,drive_12,silence,12500.0,-200.0,-200.0,-200.0
nlsbuss_mike,Waves,SSL 4000 G+ console buss,console-ssl,drive_12,silence,160.0,-200.0,-200.0,-200.0
nlsbuss_mike,Waves,SSL 4000 G+ console buss,console-ssl,drive_12,silence,1600.0,-200.0,-200.0,-200.0
nlsbuss_mike,Waves,SSL 4000 G+ console buss,console-ssl,drive_12,silence,16000.0,-200.0,-200.0,-200.0
nlsbuss_mike,Waves,SSL 4000 G+ console buss,console-ssl,drive_12,silence,20.0,-200.0,-200.0,-200.0
nlsbuss_mike,Waves,SSL 4000 G+ console buss,console-ssl,drive_12,silence,200.0,-200.0,-200.0,-200.0
nlsbuss_mike,Waves,SSL 4000 G+ console buss,console-ssl,drive_12,silence,2000.0,-200.0,-200.0,-200.0
nlsbuss_mike,Waves,SSL 4000 G+ console buss,console-ssl,drive_12,silence,20000.0,-200.0,-200.0,-200.0
nlsbuss_mike,Waves,SSL 4000 G+ console buss,console-ssl,drive_12,silence,25.0,-200.0,-200.0,-200.0
nlsbuss_mike,Waves,SSL 4000 G+ console buss,console-ssl,drive_12,silence,250.0,-200.0,-200.0,-200.0
nlsbuss_mike,Waves,SSL 4000 G+ console buss,console-ssl,drive_12,silence,2500.0,-200.0,-200.0,-200.0
nlsbuss_mike,Waves,SSL 4000 G+ console buss,console-ssl,drive_12,silence,31.5,-200.0,-200.0,-200.0
nlsbuss_mike,Waves,SSL 4000 G+ console buss,console-ssl,drive_12,silence,315.0,-200.0,-200.0,-200.0
nlsbuss_mike,Waves,SSL 4000 G+ console buss,console-ssl,drive_12,silence,3150.0,-200.0,-200.0,-200.0
nlsbuss_mike,Waves,SSL 4000 G+ console buss,console-ssl,drive_12,silence,40.0,-200.0,-200.0,-200.0
nlsbuss_mike,Waves,SSL 4000 G+ console buss,console-ssl,drive_12,silence,400.0,-200.0,-200.0,-200.0
nlsbuss_mike,Waves,SSL 4000 G+ console buss,console-ssl,drive_12,silence,4000.0,-200.0,-200.0,-200.0
nlsbuss_mike,Waves,SSL 4000 G+ console buss,console-ssl,drive_12,silence,50.0,-200.0,-200.0,-200.0
nlsbuss_mike,Waves,SSL 4000 G+ console buss,console-ssl,drive_12,silence,500.0,-200.0,-200.0,-200.0
nlsbuss_mike,Waves,SSL 4000 G+ console buss,console-ssl,drive_12,silence,5000.0,-200.0,-200.0,-200.0
nlsbuss_mike,Waves,SSL 4000 G+ console buss,console-ssl,drive_12,silence,63.0,-200.0,-200.0,-200.0
nlsbuss_mike,Waves,SSL 4000 G+ console buss,console-ssl,drive_12,silence,630.0,-200.0,-200.0,-200.0
nlsbuss_mike,Waves,SSL 4000 G+ console buss,console-ssl,drive_12,silence,6300.0,-200.0,-200.0,-200.0
nlsbuss_mike,Waves,SSL 4000 G+ console buss,console-ssl,drive_12,silence,80.0,-200.0,-200.0,-200.0
nlsbuss_mike,Waves,SSL 4000 G+ console buss,console-ssl,drive_12,silence,800.0,-200.0,-200.0,-200.0
nlsbuss_mike,Waves,SSL 4000 G+ console buss,console-ssl,drive_12,silence,8000.0,-200.0,-200.0,-200.0
nlsbuss_mike,Waves,SSL 4000 G+ console buss,console-ssl,drive_12,under_tone_-12,100.0,-200.0,-94.01,-101.98
nlsbuss_mike,Waves,SSL 4000 G+ console buss,console-ssl,drive_12,under_tone_-12,1000.0,-159.66,-94.01,-101.98
nlsbuss_mike,Waves,SSL 4000 G+ console buss,console-ssl,drive_12,under_tone_-12,10000.0,-158.94,-94.01,-101.98
nlsbuss_mike,Waves,SSL 4000 G+ console buss,console-ssl,drive_12,under_tone_-12,125.0,-200.0,-94.01,-101.98
nlsbuss_mike,Waves,SSL 4000 G+ console buss,console-ssl,drive_12,under_tone_-12,1250.0,-200.0,-94.01,-101.98
nlsbuss_mike,Waves,SSL 4000 G+ console buss,console-ssl,drive_12,under_tone_-12,12500.0,-161.92,-94.01,-101.98
nlsbuss_mike,Waves,SSL 4000 G+ console buss,console-ssl,drive_12,under_tone_-12,160.0,-200.0,-94.01,-101.98
nlsbuss_mike,Waves,SSL 4000 G+ console buss,console-ssl,drive_12,under_tone_-12,1600.0,-200.0,-94.01,-101.98
nlsbuss_mike,Waves,SSL 4000 G+ console buss,console-ssl,drive_12,under_tone_-12,16000.0,-164.37,-94.01,-101.98
nlsbuss_mike,Waves,SSL 4000 G+ console buss,console-ssl,drive_12,under_tone_-12,20.0,-191.42,-94.01,-101.98
nlsbuss_mike,Waves,SSL 4000 G+ console buss,console-ssl,drive_12,under_tone_-12,200.0,-200.0,-94.01,-101.98
nlsbuss_mike,Waves,SSL 4000 G+ console buss,console-ssl,drive_12,under_tone_-12,2000.0,-160.07,-94.01,-101.98
nlsbuss_mike,Waves,SSL 4000 G+ console buss,console-ssl,drive_12,under_tone_-12,20000.0,-93.31,-94.01,-101.98
nlsbuss_mike,Waves,SSL 4000 G+ console buss,console-ssl,drive_12,under_tone_-12,25.0,-197.41,-94.01,-101.98
nlsbuss_mike,Waves,SSL 4000 G+ console buss,console-ssl,drive_12,under_tone_-12,250.0,-200.0,-94.01,-101.98
nlsbuss_mike,Waves,SSL 4000 G+ console buss,console-ssl,drive_12,under_tone_-12,2500.0,-200.0,-94.01,-101.98
nlsbuss_mike,Waves,SSL 4000 G+ console buss,console-ssl,drive_12,under_tone_-12,31.5,-198.72,-94.01,-101.98
nlsbuss_mike,Waves,SSL 4000 G+ console buss,console-ssl,drive_12,under_tone_-12,315.0,-200.0,-94.01,-101.98
nlsbuss_mike,Waves,SSL 4000 G+ console buss,console-ssl,drive_12,under_tone_-12,3150.0,-159.97,-94.01,-101.98
nlsbuss_mike,Waves,SSL 4000 G+ console buss,console-ssl,drive_12,under_tone_-12,40.0,-200.0,-94.01,-101.98
nlsbuss_mike,Waves,SSL 4000 G+ console buss,console-ssl,drive_12,under_tone_-12,400.0,-200.0,-94.01,-101.98
nlsbuss_mike,Waves,SSL 4000 G+ console buss,console-ssl,drive_12,under_tone_-12,4000.0,-160.12,-94.01,-101.98
nlsbuss_mike,Waves,SSL 4000 G+ console buss,console-ssl,drive_12,under_tone_-12,50.0,-200.0,-94.01,-101.98
nlsbuss_mike,Waves,SSL 4000 G+ console buss,console-ssl,drive_12,under_tone_-12,500.0,-200.0,-94.01,-101.98
nlsbuss_mike,Waves,SSL 4000 G+ console buss,console-ssl,drive_12,under_tone_-12,5000.0,-160.48,-94.01,-101.98
nlsbuss_mike,Waves,SSL 4000 G+ console buss,console-ssl,drive_12,under_tone_-12,63.0,-200.0,-94.01,-101.98
nlsbuss_mike,Waves,SSL 4000 G+ console buss,console-ssl,drive_12,under_tone_-12,630.0,-200.0,-94.01,-101.98
nlsbuss_mike,Waves,SSL 4000 G+ console buss,console-ssl,drive_12,under_tone_-12,6300.0,-158.41,-94.01,-101.98
nlsbuss_mike,Waves,SSL 4000 G+ console buss,console-ssl,drive_12,under_tone_-12,80.0,-200.0,-94.01,-101.98
nlsbuss_mike,Waves,SSL 4000 G+ console buss,console-ssl,drive_12,under_tone_-12,800.0,-200.0,-94.01,-101.98
nlsbuss_mike,Waves,SSL 4000 G+ console buss,console-ssl,drive_12,under_tone_-12,8000.0,-162.44,-94.01,-101.98
nlsbuss_mike,Waves,SSL 4000 G+ console buss,console-ssl,drive_6,silence,100.0,-200.0,-200.0,-200.0
nlsbuss_mike,Waves,SSL 4000 G+ console buss,console-ssl,drive_6,silence,1000.0,-200.0,-200.0,-200.0
nlsbuss_mike,Waves,SSL 4000 G+ console buss,console-ssl,drive_6,silence,10000.0,-200.0,-200.0,-200.0
nlsbuss_mike,Waves,SSL 4000 G+ console buss,console-ssl,drive_6,silence,125.0,-200.0,-200.0,-200.0
nlsbuss_mike,Waves,SSL 4000 G+ console buss,console-ssl,drive_6,silence,1250.0,-200.0,-200.0,-200.0
nlsbuss_mike,Waves,SSL 4000 G+ console buss,console-ssl,drive_6,silence,12500.0,-200.0,-200.0,-200.0
nlsbuss_mike,Waves,SSL 4000 G+ console buss,console-ssl,drive_6,silence,160.0,-200.0,-200.0,-200.0
nlsbuss_mike,Waves,SSL 4000 G+ console buss,console-ssl,drive_6,silence,1600.0,-200.0,-200.0,-200.0
nlsbuss_mike,Waves,SSL 4000 G+ console buss,console-ssl,drive_6,silence,16000.0,-200.0,-200.0,-200.0
nlsbuss_mike,Waves,SSL 4000 G+ console buss,console-ssl,drive_6,silence,20.0,-200.0,-200.0,-200.0
nlsbuss_mike,Waves,SSL 4000 G+ console buss,console-ssl,drive_6,silence,200.0,-200.0,-200.0,-200.0
nlsbuss_mike,Waves,SSL 4000 G+ console buss,console-ssl,drive_6,silence,2000.0,-200.0,-200.0,-200.0
nlsbuss_mike,Waves,SSL 4000 G+ console buss,console-ssl,drive_6,silence,20000.0,-200.0,-200.0,-200.0
nlsbuss_mike,Waves,SSL 4000 G+ console buss,console-ssl,drive_6,silence,25.0,-200.0,-200.0,-200.0
nlsbuss_mike,Waves,SSL 4000 G+ console buss,console-ssl,drive_6,silence,250.0,-200.0,-200.0,-200.0
nlsbuss_mike,Waves,SSL 4000 G+ console buss,console-ssl,drive_6,silence,2500.0,-200.0,-200.0,-200.0
nlsbuss_mike,Waves,SSL 4000 G+ console buss,console-ssl,drive_6,silence,31.5,-200.0,-200.0,-200.0
nlsbuss_mike,Waves,SSL 4000 G+ console buss,console-ssl,drive_6,silence,315.0,-200.0,-200.0,-200.0
nlsbuss_mike,Waves,SSL 4000 G+ console buss,console-ssl,drive_6,silence,3150.0,-200.0,-200.0,-200.0
nlsbuss_mike,Waves,SSL 4000 G+ console buss,console-ssl,drive_6,silence,40.0,-200.0,-200.0,-200.0
nlsbuss_mike,Waves,SSL 4000 G+ console buss,console-ssl,drive_6,silence,400.0,-200.0,-200.0,-200.0
nlsbuss_mike,Waves,SSL 4000 G+ console buss,console-ssl,drive_6,silence,4000.0,-200.0,-200.0,-200.0
nlsbuss_mike,Waves,SSL 4000 G+ console buss,console-ssl,drive_6,silence,50.0,-200.0,-200.0,-200.0
nlsbuss_mike,Waves,SSL 4000 G+ console buss,console-ssl,drive_6,silence,500.0,-200.0,-200.0,-200.0
nlsbuss_mike,Waves,SSL 4000 G+ console buss,console-ssl,drive_6,silence,5000.0,-200.0,-200.0,-200.0
nlsbuss_mike,Waves,SSL 4000 G+ console buss,console-ssl,drive_6,silence,63.0,-200.0,-200.0,-200.0
nlsbuss_mike,Waves,SSL 4000 G+ console buss,console-ssl,drive_6,silence,630.0,-200.0,-200.0,-200.0
nlsbuss_mike,Waves,SSL 4000 G+ console buss,console-ssl,drive_6,silence,6300.0,-200.0,-200.0,-200.0
nlsbuss_mike,Waves,SSL 4000 G+ console buss,console-ssl,drive_6,silence,80.0,-200.0,-200.0,-200.0
nlsbuss_mike,Waves,SSL 4000 G+ console buss,console-ssl,drive_6,silence,800.0,-200.0,-200.0,-200.0
nlsbuss_mike,Waves,SSL 4000 G+ console buss,console-ssl,drive_6,silence,8000.0,-200.0,-200.0,-200.0
nlsbuss_mike,Waves,SSL 4000 G+ console buss,console-ssl,drive_6,under_tone_-12,100.0,-200.0,-116.4,-129.3
nlsbuss_mike,Waves,SSL 4000 G+ console buss,console-ssl,drive_6,under_tone_-12,1000.0,-162.97,-116.4,-129.3
nlsbuss_mike,Waves,SSL 4000 G+ console buss,console-ssl,drive_6,under_tone_-12,10000.0,-163.67,-116.4,-129.3
nlsbuss_mike,Waves,SSL 4000 G+ console buss,console-ssl,drive_6,under_tone_-12,125.0,-200.0,-116.4,-129.3
nlsbuss_mike,Waves,SSL 4000 G+ console buss,console-ssl,drive_6,under_tone_-12,1250.0,-200.0,-116.4,-129.3
nlsbuss_mike,Waves,SSL 4000 G+ console buss,console-ssl,drive_6,under_tone_-12,12500.0,-167.16,-116.4,-129.3
nlsbuss_mike,Waves,SSL 4000 G+ console buss,console-ssl,drive_6,under_tone_-12,160.0,-200.0,-116.4,-129.3
nlsbuss_mike,Waves,SSL 4000 G+ console buss,console-ssl,drive_6,under_tone_-12,1600.0,-200.0,-116.4,-129.3
nlsbuss_mike,Waves,SSL 4000 G+ console buss,console-ssl,drive_6,under_tone_-12,16000.0,-167.0,-116.4,-129.3
nlsbuss_mike,Waves,SSL 4000 G+ console buss,console-ssl,drive_6,under_tone_-12,20.0,-200.0,-116.4,-129.3
nlsbuss_mike,Waves,SSL 4000 G+ console buss,console-ssl,drive_6,under_tone_-12,200.0,-200.0,-116.4,-129.3
nlsbuss_mike,Waves,SSL 4000 G+ console buss,console-ssl,drive_6,under_tone_-12,2000.0,-163.19,-116.4,-129.3
nlsbuss_mike,Waves,SSL 4000 G+ console buss,console-ssl,drive_6,under_tone_-12,20000.0,-120.77,-116.4,-129.3
nlsbuss_mike,Waves,SSL 4000 G+ console buss,console-ssl,drive_6,under_tone_-12,25.0,-200.0,-116.4,-129.3
nlsbuss_mike,Waves,SSL 4000 G+ console buss,console-ssl,drive_6,under_tone_-12,250.0,-200.0,-116.4,-129.3
nlsbuss_mike,Waves,SSL 4000 G+ console buss,console-ssl,drive_6,under_tone_-12,2500.0,-200.0,-116.4,-129.3
nlsbuss_mike,Waves,SSL 4000 G+ console buss,console-ssl,drive_6,under_tone_-12,31.5,-200.0,-116.4,-129.3
nlsbuss_mike,Waves,SSL 4000 G+ console buss,console-ssl,drive_6,under_tone_-12,315.0,-200.0,-116.4,-129.3
nlsbuss_mike,Waves,SSL 4000 G+ console buss,console-ssl,drive_6,under_tone_-12,3150.0,-163.41,-116.4,-129.3
nlsbuss_mike,Waves,SSL 4000 G+ console buss,console-ssl,drive_6,under_tone_-12,40.0,-200.0,-116.4,-129.3
nlsbuss_mike,Waves,SSL 4000 G+ console buss,console-ssl,drive_6,under_tone_-12,400.0,-200.0,-116.4,-129.3
nlsbuss_mike,Waves,SSL 4000 G+ console buss,console-ssl,drive_6,under_tone_-12,4000.0,-163.79,-116.4,-129.3
nlsbuss_mike,Waves,SSL 4000 G+ console buss,console-ssl,drive_6,under_tone_-12,50.0,-200.0,-116.4,-129.3
nlsbuss_mike,Waves,SSL 4000 G+ console buss,console-ssl,drive_6,under_tone_-12,500.0,-200.0,-116.4,-129.3
nlsbuss_mike,Waves,SSL 4000 G+ console buss,console-ssl,drive_6,under_tone_-12,5000.0,-164.2,-116.4,-129.3
nlsbuss_mike,Waves,SSL 4000 G+ console buss,console-ssl,drive_6,under_tone_-12,63.0,-200.0,-116.4,-129.3
nlsbuss_mike,Waves,SSL 4000 G+ console buss,console-ssl,drive_6,under_tone_-12,630.0,-200.0,-116.4,-129.3
nlsbuss_mike,Waves,SSL 4000 G+ console buss,console-ssl,drive_6,under_tone_-12,6300.0,-162.11,-116.4,-129.3
nlsbuss_mike,Waves,SSL 4000 G+ console buss,console-ssl,drive_6,under_tone_-12,80.0,-200.0,-116.4,-129.3
nlsbuss_mike,Waves,SSL 4000 G+ console buss,console-ssl,drive_6,under_tone_-12,800.0,-200.0,-116.4,-129.3
nlsbuss_mike,Waves,SSL 4000 G+ console buss,console-ssl,drive_6,under_tone_-12,8000.0,-166.53,-116.4,-129.3
nlsbuss_mike,Waves,SSL 4000 G+ console buss,console-ssl,matched_thd_0.1_pct,silence,100.0,-200.0,-200.0,-200.0
nlsbuss_mike,Waves,SSL 4000 G+ console buss,console-ssl,matched_thd_0.1_pct,silence,1000.0,-200.0,-200.0,-200.0
nlsbuss_mike,Waves,SSL 4000 G+ console buss,console-ssl,matched_thd_0.1_pct,silence,10000.0,-200.0,-200.0,-200.0
nlsbuss_mike,Waves,SSL 4000 G+ console buss,console-ssl,matched_thd_0.1_pct,silence,125.0,-200.0,-200.0,-200.0
nlsbuss_mike,Waves,SSL 4000 G+ console buss,console-ssl,matched_thd_0.1_pct,silence,1250.0,-200.0,-200.0,-200.0
nlsbuss_mike,Waves,SSL 4000 G+ console buss,console-ssl,matched_thd_0.1_pct,silence,12500.0,-200.0,-200.0,-200.0
nlsbuss_mike,Waves,SSL 4000 G+ console buss,console-ssl,matched_thd_0.1_pct,silence,160.0,-200.0,-200.0,-200.0
nlsbuss_mike,Waves,SSL 4000 G+ console buss,console-ssl,matched_thd_0.1_pct,silence,1600.0,-200.0,-200.0,-200.0
nlsbuss_mike,Waves,SSL 4000 G+ console buss,console-ssl,matched_thd_0.1_pct,silence,16000.0,-200.0,-200.0,-200.0
nlsbuss_mike,Waves,SSL 4000 G+ console buss,console-ssl,matched_thd_0.1_pct,silence,20.0,-200.0,-200.0,-200.0
nlsbuss_mike,Waves,SSL 4000 G+ console buss,console-ssl,matched_thd_0.1_pct,silence,200.0,-200.0,-200.0,-200.0
nlsbuss_mike,Waves,SSL 4000 G+ console buss,console-ssl,matched_thd_0.1_pct,silence,2000.0,-200.0,-200.0,-200.0
nlsbuss_mike,Waves,SSL 4000 G+ console buss,console-ssl,matched_thd_0.1_pct,silence,20000.0,-200.0,-200.0,-200.0
nlsbuss_mike,Waves,SSL 4000 G+ console buss,console-ssl,matched_thd_0.1_pct,silence,25.0,-200.0,-200.0,-200.0
nlsbuss_mike,Waves,SSL 4000 G+ console buss,console-ssl,matched_thd_0.1_pct,silence,250.0,-200.0,-200.0,-200.0
nlsbuss_mike,Waves,SSL 4000 G+ console buss,console-ssl,matched_thd_0.1_pct,silence,2500.0,-200.0,-200.0,-200.0
nlsbuss_mike,Waves,SSL 4000 G+ console buss,console-ssl,matched_thd_0.1_pct,silence,31.5,-200.0,-200.0,-200.0
nlsbuss_mike,Waves,SSL 4000 G+ console buss,console-ssl,matched_thd_0.1_pct,silence,315.0,-200.0,-200.0,-200.0
nlsbuss_mike,Waves,SSL 4000 G+ console buss,console-ssl,matched_thd_0.1_pct,silence,3150.0,-200.0,-200.0,-200.0
nlsbuss_mike,Waves,SSL 4000 G+ console buss,console-ssl,matched_thd_0.1_pct,silence,40.0,-200.0,-200.0,-200.0
nlsbuss_mike,Waves,SSL 4000 G+ console buss,console-ssl,matched_thd_0.1_pct,silence,400.0,-200.0,-200.0,-200.0
nlsbuss_mike,Waves,SSL 4000 G+ console buss,console-ssl,matched_thd_0.1_pct,silence,4000.0,-200.0,-200.0,-200.0
nlsbuss_mike,Waves,SSL 4000 G+ console buss,console-ssl,matched_thd_0.1_pct,silence,50.0,-200.0,-200.0,-200.0
nlsbuss_mike,Waves,SSL 4000 G+ console buss,console-ssl,matched_thd_0.1_pct,silence,500.0,-200.0,-200.0,-200.0
nlsbuss_mike,Waves,SSL 4000 G+ console buss,console-ssl,matched_thd_0.1_pct,silence,5000.0,-200.0,-200.0,-200.0
nlsbuss_mike,Waves,SSL 4000 G+ console buss,console-ssl,matched_thd_0.1_pct,silence,63.0,-200.0,-200.0,-200.0
nlsbuss_mike,Waves,SSL 4000 G+ console buss,console-ssl,matched_thd_0.1_pct,silence,630.0,-200.0,-200.0,-200.0
nlsbuss_mike,Waves,SSL 4000 G+ console buss,console-ssl,matched_thd_0.1_pct,silence,6300.0,-200.0,-200.0,-200.0
nlsbuss_mike,Waves,SSL 4000 G+ console buss,console-ssl,matched_thd_0.1_pct,silence,80.0,-200.0,-200.0,-200.0
nlsbuss_mike,Waves,SSL 4000 G+ console buss,console-ssl,matched_thd_0.1_pct,silence,800.0,-200.0,-200.0,-200.0
nlsbuss_mike,Waves,SSL 4000 G+ console buss,console-ssl,matched_thd_0.1_pct,silence,8000.0,-200.0,-200.0,-200.0
nlsbuss_mike,Waves,SSL 4000 G+ console buss,console-ssl,matched_thd_0.1_pct,under_tone_-12,100.0,-200.0,-116.18,-131.23
nlsbuss_mike,Waves,SSL 4000 G+ console buss,console-ssl,matched_thd_0.1_pct,under_tone_-12,1000.0,-162.12,-116.18,-131.23
nlsbuss_mike,Waves,SSL 4000 G+ console buss,console-ssl,matched_thd_0.1_pct,under_tone_-12,10000.0,-163.34,-116.18,-131.23
nlsbuss_mike,Waves,SSL 4000 G+ console buss,console-ssl,matched_thd_0.1_pct,under_tone_-12,125.0,-200.0,-116.18,-131.23
nlsbuss_mike,Waves,SSL 4000 G+ console buss,console-ssl,matched_thd_0.1_pct,under_tone_-12,1250.0,-200.0,-116.18,-131.23
nlsbuss_mike,Waves,SSL 4000 G+ console buss,console-ssl,matched_thd_0.1_pct,under_tone_-12,12500.0,-166.83,-116.18,-131.23
nlsbuss_mike,Waves,SSL 4000 G+ console buss,console-ssl,matched_thd_0.1_pct,under_tone_-12,160.0,-200.0,-116.18,-131.23
nlsbuss_mike,Waves,SSL 4000 G+ console buss,console-ssl,matched_thd_0.1_pct,under_tone_-12,1600.0,-200.0,-116.18,-131.23
nlsbuss_mike,Waves,SSL 4000 G+ console buss,console-ssl,matched_thd_0.1_pct,under_tone_-12,16000.0,-165.75,-116.18,-131.23
nlsbuss_mike,Waves,SSL 4000 G+ console buss,console-ssl,matched_thd_0.1_pct,under_tone_-12,20.0,-200.0,-116.18,-131.23
nlsbuss_mike,Waves,SSL 4000 G+ console buss,console-ssl,matched_thd_0.1_pct,under_tone_-12,200.0,-200.0,-116.18,-131.23
nlsbuss_mike,Waves,SSL 4000 G+ console buss,console-ssl,matched_thd_0.1_pct,under_tone_-12,2000.0,-162.31,-116.18,-131.23
nlsbuss_mike,Waves,SSL 4000 G+ console buss,console-ssl,matched_thd_0.1_pct,under_tone_-12,20000.0,-123.32,-116.18,-131.23
nlsbuss_mike,Waves,SSL 4000 G+ console buss,console-ssl,matched_thd_0.1_pct,under_tone_-12,25.0,-200.0,-116.18,-131.23
nlsbuss_mike,Waves,SSL 4000 G+ console buss,console-ssl,matched_thd_0.1_pct,under_tone_-12,250.0,-200.0,-116.18,-131.23
nlsbuss_mike,Waves,SSL 4000 G+ console buss,console-ssl,matched_thd_0.1_pct,under_tone_-12,2500.0,-200.0,-116.18,-131.23
nlsbuss_mike,Waves,SSL 4000 G+ console buss,console-ssl,matched_thd_0.1_pct,under_tone_-12,31.5,-200.0,-116.18,-131.23
nlsbuss_mike,Waves,SSL 4000 G+ console buss,console-ssl,matched_thd_0.1_pct,under_tone_-12,315.0,-200.0,-116.18,-131.23
nlsbuss_mike,Waves,SSL 4000 G+ console buss,console-ssl,matched_thd_0.1_pct,under_tone_-12,3150.0,-162.6,-116.18,-131.23
nlsbuss_mike,Waves,SSL 4000 G+ console buss,console-ssl,matched_thd_0.1_pct,under_tone_-12,40.0,-200.0,-116.18,-131.23
nlsbuss_mike,Waves,SSL 4000 G+ console buss,console-ssl,matched_thd_0.1_pct,under_tone_-12,400.0,-200.0,-116.18,-131.23
nlsbuss_mike,Waves,SSL 4000 G+ console buss,console-ssl,matched_thd_0.1_pct,under_tone_-12,4000.0,-163.0,-116.18,-131.23
nlsbuss_mike,Waves,SSL 4000 G+ console buss,console-ssl,matched_thd_0.1_pct,under_tone_-12,50.0,-200.0,-116.18,-131.23
nlsbuss_mike,Waves,SSL 4000 G+ console buss,console-ssl,matched_thd_0.1_pct,under_tone_-12,500.0,-200.0,-116.18,-131.23
nlsbuss_mike,Waves,SSL 4000 G+ console buss,console-ssl,matched_thd_0.1_pct,under_tone_-12,5000.0,-163.55,-116.18,-131.23
nlsbuss_mike,Waves,SSL 4000 G+ console buss,console-ssl,matched_thd_0.1_pct,under_tone_-12,63.0,-200.0,-116.18,-131.23
nlsbuss_mike,Waves,SSL 4000 G+ console buss,console-ssl,matched_thd_0.1_pct,under_tone_-12,630.0,-200.0,-116.18,-131.23
nlsbuss_mike,Waves,SSL 4000 G+ console buss,console-ssl,matched_thd_0.1_pct,under_tone_-12,6300.0,-161.48,-116.18,-131.23
nlsbuss_mike,Waves,SSL 4000 G+ console buss,console-ssl,matched_thd_0.1_pct,under_tone_-12,80.0,-200.0,-116.18,-131.23
nlsbuss_mike,Waves,SSL 4000 G+ console buss,console-ssl,matched_thd_0.1_pct,under_tone_-12,800.0,-200.0,-116.18,-131.23
nlsbuss_mike,Waves,SSL 4000 G+ console buss,console-ssl,matched_thd_0.1_pct,under_tone_-12,8000.0,-165.82,-116.18,-131.23
nlsbuss_mike,Waves,SSL 4000 G+ console buss,console-ssl,matched_thd_1_pct,silence,100.0,-200.0,-200.0,-200.0
nlsbuss_mike,Waves,SSL 4000 G+ console buss,console-ssl,matched_thd_1_pct,silence,1000.0,-200.0,-200.0,-200.0
nlsbuss_mike,Waves,SSL 4000 G+ console buss,console-ssl,matched_thd_1_pct,silence,10000.0,-200.0,-200.0,-200.0
nlsbuss_mike,Waves,SSL 4000 G+ console buss,console-ssl,matched_thd_1_pct,silence,125.0,-200.0,-200.0,-200.0
nlsbuss_mike,Waves,SSL 4000 G+ console buss,console-ssl,matched_thd_1_pct,silence,1250.0,-200.0,-200.0,-200.0
nlsbuss_mike,Waves,SSL 4000 G+ console buss,console-ssl,matched_thd_1_pct,silence,12500.0,-200.0,-200.0,-200.0
nlsbuss_mike,Waves,SSL 4000 G+ console buss,console-ssl,matched_thd_1_pct,silence,160.0,-200.0,-200.0,-200.0
nlsbuss_mike,Waves,SSL 4000 G+ console buss,console-ssl,matched_thd_1_pct,silence,1600.0,-200.0,-200.0,-200.0
nlsbuss_mike,Waves,SSL 4000 G+ console buss,console-ssl,matched_thd_1_pct,silence,16000.0,-200.0,-200.0,-200.0
nlsbuss_mike,Waves,SSL 4000 G+ console buss,console-ssl,matched_thd_1_pct,silence,20.0,-200.0,-200.0,-200.0
nlsbuss_mike,Waves,SSL 4000 G+ console buss,console-ssl,matched_thd_1_pct,silence,200.0,-200.0,-200.0,-200.0
nlsbuss_mike,Waves,SSL 4000 G+ console buss,console-ssl,matched_thd_1_pct,silence,2000.0,-200.0,-200.0,-200.0
nlsbuss_mike,Waves,SSL 4000 G+ console buss,console-ssl,matched_thd_1_pct,silence,20000.0,-200.0,-200.0,-200.0
nlsbuss_mike,Waves,SSL 4000 G+ console buss,console-ssl,matched_thd_1_pct,silence,25.0,-200.0,-200.0,-200.0
nlsbuss_mike,Waves,SSL 4000 G+ console buss,console-ssl,matched_thd_1_pct,silence,250.0,-200.0,-200.0,-200.0
nlsbuss_mike,Waves,SSL 4000 G+ console buss,console-ssl,matched_thd_1_pct,silence,2500.0,-200.0,-200.0,-200.0
nlsbuss_mike,Waves,SSL 4000 G+ console buss,console-ssl,matched_thd_1_pct,silence,31.5,-200.0,-200.0,-200.0
nlsbuss_mike,Waves,SSL 4000 G+ console buss,console-ssl,matched_thd_1_pct,silence,315.0,-200.0,-200.0,-200.0
nlsbuss_mike,Waves,SSL 4000 G+ console buss,console-ssl,matched_thd_1_pct,silence,3150.0,-200.0,-200.0,-200.0
nlsbuss_mike,Waves,SSL 4000 G+ console buss,console-ssl,matched_thd_1_pct,silence,40.0,-200.0,-200.0,-200.0
nlsbuss_mike,Waves,SSL 4000 G+ console buss,console-ssl,matched_thd_1_pct,silence,400.0,-200.0,-200.0,-200.0
nlsbuss_mike,Waves,SSL 4000 G+ console buss,console-ssl,matched_thd_1_pct,silence,4000.0,-200.0,-200.0,-200.0
nlsbuss_mike,Waves,SSL 4000 G+ console buss,console-ssl,matched_thd_1_pct,silence,50.0,-200.0,-200.0,-200.0
nlsbuss_mike,Waves,SSL 4000 G+ console buss,console-ssl,matched_thd_1_pct,silence,500.0,-200.0,-200.0,-200.0
nlsbuss_mike,Waves,SSL 4000 G+ console buss,console-ssl,matched_thd_1_pct,silence,5000.0,-200.0,-200.0,-200.0
nlsbuss_mike,Waves,SSL 4000 G+ console buss,console-ssl,matched_thd_1_pct,silence,63.0,-200.0,-200.0,-200.0
nlsbuss_mike,Waves,SSL 4000 G+ console buss,console-ssl,matched_thd_1_pct,silence,630.0,-200.0,-200.0,-200.0
nlsbuss_mike,Waves,SSL 4000 G+ console buss,console-ssl,matched_thd_1_pct,silence,6300.0,-200.0,-200.0,-200.0
nlsbuss_mike,Waves,SSL 4000 G+ console buss,console-ssl,matched_thd_1_pct,silence,80.0,-200.0,-200.0,-200.0
nlsbuss_mike,Waves,SSL 4000 G+ console buss,console-ssl,matched_thd_1_pct,silence,800.0,-200.0,-200.0,-200.0
nlsbuss_mike,Waves,SSL 4000 G+ console buss,console-ssl,matched_thd_1_pct,silence,8000.0,-200.0,-200.0,-200.0
nlsbuss_mike,Waves,SSL 4000 G+ console buss,console-ssl,matched_thd_1_pct,under_tone_-12,100.0,-200.0,-95.91,-104.07
nlsbuss_mike,Waves,SSL 4000 G+ console buss,console-ssl,matched_thd_1_pct,under_tone_-12,1000.0,-159.74,-95.91,-104.07
nlsbuss_mike,Waves,SSL 4000 G+ console buss,console-ssl,matched_thd_1_pct,under_tone_-12,10000.0,-159.06,-95.91,-104.07
nlsbuss_mike,Waves,SSL 4000 G+ console buss,console-ssl,matched_thd_1_pct,under_tone_-12,125.0,-200.0,-95.91,-104.07
nlsbuss_mike,Waves,SSL 4000 G+ console buss,console-ssl,matched_thd_1_pct,under_tone_-12,1250.0,-200.0,-95.91,-104.07
nlsbuss_mike,Waves,SSL 4000 G+ console buss,console-ssl,matched_thd_1_pct,under_tone_-12,12500.0,-162.19,-95.91,-104.07
nlsbuss_mike,Waves,SSL 4000 G+ console buss,console-ssl,matched_thd_1_pct,under_tone_-12,160.0,-200.0,-95.91,-104.07
nlsbuss_mike,Waves,SSL 4000 G+ console buss,console-ssl,matched_thd_1_pct,under_tone_-12,1600.0,-200.0,-95.91,-104.07
nlsbuss_mike,Waves,SSL 4000 G+ console buss,console-ssl,matched_thd_1_pct,under_tone_-12,16000.0,-164.32,-95.91,-104.07
nlsbuss_mike,Waves,SSL 4000 G+ console buss,console-ssl,matched_thd_1_pct,under_tone_-12,20.0,-200.0,-95.91,-104.07
nlsbuss_mike,Waves,SSL 4000 G+ console buss,console-ssl,matched_thd_1_pct,under_tone_-12,200.0,-200.0,-95.91,-104.07
nlsbuss_mike,Waves,SSL 4000 G+ console buss,console-ssl,matched_thd_1_pct,under_tone_-12,2000.0,-160.12,-95.91,-104.07
nlsbuss_mike,Waves,SSL 4000 G+ console buss,console-ssl,matched_thd_1_pct,under_tone_-12,20000.0,-96.18,-95.91,-104.07
nlsbuss_mike,Waves,SSL 4000 G+ console buss,console-ssl,matched_thd_1_pct,under_tone_-12,25.0,-198.25,-95.91,-104.07
nlsbuss_mike,Waves,SSL 4000 G+ console buss,console-ssl,matched_thd_1_pct,under_tone_-12,250.0,-200.0,-95.91,-104.07
nlsbuss_mike,Waves,SSL 4000 G+ console buss,console-ssl,matched_thd_1_pct,under_tone_-12,2500.0,-200.0,-95.91,-104.07
nlsbuss_mike,Waves,SSL 4000 G+ console buss,console-ssl,matched_thd_1_pct,under_tone_-12,31.5,-200.0,-95.91,-104.07
nlsbuss_mike,Waves,SSL 4000 G+ console buss,console-ssl,matched_thd_1_pct,under_tone_-12,315.0,-200.0,-95.91,-104.07
nlsbuss_mike,Waves,SSL 4000 G+ console buss,console-ssl,matched_thd_1_pct,under_tone_-12,3150.0,-159.82,-95.91,-104.07
nlsbuss_mike,Waves,SSL 4000 G+ console buss,console-ssl,matched_thd_1_pct,under_tone_-12,40.0,-200.0,-95.91,-104.07
nlsbuss_mike,Waves,SSL 4000 G+ console buss,console-ssl,matched_thd_1_pct,under_tone_-12,400.0,-200.0,-95.91,-104.07
nlsbuss_mike,Waves,SSL 4000 G+ console buss,console-ssl,matched_thd_1_pct,under_tone_-12,4000.0,-160.27,-95.91,-104.07
nlsbuss_mike,Waves,SSL 4000 G+ console buss,console-ssl,matched_thd_1_pct,under_tone_-12,50.0,-200.0,-95.91,-104.07
nlsbuss_mike,Waves,SSL 4000 G+ console buss,console-ssl,matched_thd_1_pct,under_tone_-12,500.0,-200.0,-95.91,-104.07
nlsbuss_mike,Waves,SSL 4000 G+ console buss,console-ssl,matched_thd_1_pct,under_tone_-12,5000.0,-160.87,-95.91,-104.07
nlsbuss_mike,Waves,SSL 4000 G+ console buss,console-ssl,matched_thd_1_pct,under_tone_-12,63.0,-200.0,-95.91,-104.07
nlsbuss_mike,Waves,SSL 4000 G+ console buss,console-ssl,matched_thd_1_pct,under_tone_-12,630.0,-200.0,-95.91,-104.07
nlsbuss_mike,Waves,SSL 4000 G+ console buss,console-ssl,matched_thd_1_pct,under_tone_-12,6300.0,-158.4,-95.91,-104.07
nlsbuss_mike,Waves,SSL 4000 G+ console buss,console-ssl,matched_thd_1_pct,under_tone_-12,80.0,-200.0,-95.91,-104.07
nlsbuss_mike,Waves,SSL 4000 G+ console buss,console-ssl,matched_thd_1_pct,under_tone_-12,800.0,-200.0,-95.91,-104.07
nlsbuss_mike,Waves,SSL 4000 G+ console buss,console-ssl,matched_thd_1_pct,under_tone_-12,8000.0,-162.46,-95.91,-104.07
nlsbuss_nevo,Waves,Neve 5116 console buss,console-neve,drive_0,silence,100.0,-200.0,-200.0,-200.0
nlsbuss_nevo,Waves,Neve 5116 console buss,console-neve,drive_0,silence,1000.0,-200.0,-200.0,-200.0
nlsbuss_nevo,Waves,Neve 5116 console buss,console-neve,drive_0,silence,10000.0,-200.0,-200.0,-200.0
nlsbuss_nevo,Waves,Neve 5116 console buss,console-neve,drive_0,silence,125.0,-200.0,-200.0,-200.0
nlsbuss_nevo,Waves,Neve 5116 console buss,console-neve,drive_0,silence,1250.0,-200.0,-200.0,-200.0
nlsbuss_nevo,Waves,Neve 5116 console buss,console-neve,drive_0,silence,12500.0,-200.0,-200.0,-200.0
nlsbuss_nevo,Waves,Neve 5116 console buss,console-neve,drive_0,silence,160.0,-200.0,-200.0,-200.0
nlsbuss_nevo,Waves,Neve 5116 console buss,console-neve,drive_0,silence,1600.0,-200.0,-200.0,-200.0
nlsbuss_nevo,Waves,Neve 5116 console buss,console-neve,drive_0,silence,16000.0,-200.0,-200.0,-200.0
nlsbuss_nevo,Waves,Neve 5116 console buss,console-neve,drive_0,silence,20.0,-200.0,-200.0,-200.0
nlsbuss_nevo,Waves,Neve 5116 console buss,console-neve,drive_0,silence,200.0,-200.0,-200.0,-200.0
nlsbuss_nevo,Waves,Neve 5116 console buss,console-neve,drive_0,silence,2000.0,-200.0,-200.0,-200.0
nlsbuss_nevo,Waves,Neve 5116 console buss,console-neve,drive_0,silence,20000.0,-200.0,-200.0,-200.0
nlsbuss_nevo,Waves,Neve 5116 console buss,console-neve,drive_0,silence,25.0,-200.0,-200.0,-200.0
nlsbuss_nevo,Waves,Neve 5116 console buss,console-neve,drive_0,silence,250.0,-200.0,-200.0,-200.0
nlsbuss_nevo,Waves,Neve 5116 console buss,console-neve,drive_0,silence,2500.0,-200.0,-200.0,-200.0
nlsbuss_nevo,Waves,Neve 5116 console buss,console-neve,drive_0,silence,31.5,-200.0,-200.0,-200.0
nlsbuss_nevo,Waves,Neve 5116 console buss,console-neve,drive_0,silence,315.0,-200.0,-200.0,-200.0
nlsbuss_nevo,Waves,Neve 5116 console buss,console-neve,drive_0,silence,3150.0,-200.0,-200.0,-200.0
nlsbuss_nevo,Waves,Neve 5116 console buss,console-neve,drive_0,silence,40.0,-200.0,-200.0,-200.0
nlsbuss_nevo,Waves,Neve 5116 console buss,console-neve,drive_0,silence,400.0,-200.0,-200.0,-200.0
nlsbuss_nevo,Waves,Neve 5116 console buss,console-neve,drive_0,silence,4000.0,-200.0,-200.0,-200.0
nlsbuss_nevo,Waves,Neve 5116 console buss,console-neve,drive_0,silence,50.0,-200.0,-200.0,-200.0
nlsbuss_nevo,Waves,Neve 5116 console buss,console-neve,drive_0,silence,500.0,-200.0,-200.0,-200.0
nlsbuss_nevo,Waves,Neve 5116 console buss,console-neve,drive_0,silence,5000.0,-200.0,-200.0,-200.0
nlsbuss_nevo,Waves,Neve 5116 console buss,console-neve,drive_0,silence,63.0,-200.0,-200.0,-200.0
nlsbuss_nevo,Waves,Neve 5116 console buss,console-neve,drive_0,silence,630.0,-200.0,-200.0,-200.0
nlsbuss_nevo,Waves,Neve 5116 console buss,console-neve,drive_0,silence,6300.0,-200.0,-200.0,-200.0
nlsbuss_nevo,Waves,Neve 5116 console buss,console-neve,drive_0,silence,80.0,-200.0,-200.0,-200.0
nlsbuss_nevo,Waves,Neve 5116 console buss,console-neve,drive_0,silence,800.0,-200.0,-200.0,-200.0
nlsbuss_nevo,Waves,Neve 5116 console buss,console-neve,drive_0,silence,8000.0,-200.0,-200.0,-200.0
nlsbuss_nevo,Waves,Neve 5116 console buss,console-neve,drive_0,under_tone_-12,100.0,-191.28,-92.87,-126.96
nlsbuss_nevo,Waves,Neve 5116 console buss,console-neve,drive_0,under_tone_-12,1000.0,-127.56,-92.87,-126.96
nlsbuss_nevo,Waves,Neve 5116 console buss,console-neve,drive_0,under_tone_-12,10000.0,-150.42,-92.87,-126.96
nlsbuss_nevo,Waves,Neve 5116 console buss,console-neve,drive_0,under_tone_-12,125.0,-191.34,-92.87,-126.96
nlsbuss_nevo,Waves,Neve 5116 console buss,console-neve,drive_0,under_tone_-12,1250.0,-181.5,-92.87,-126.96
nlsbuss_nevo,Waves,Neve 5116 console buss,console-neve,drive_0,under_tone_-12,12500.0,-157.22,-92.87,-126.96
nlsbuss_nevo,Waves,Neve 5116 console buss,console-neve,drive_0,under_tone_-12,160.0,-190.04,-92.87,-126.96
nlsbuss_nevo,Waves,Neve 5116 console buss,console-neve,drive_0,under_tone_-12,1600.0,-180.42,-92.87,-126.96
nlsbuss_nevo,Waves,Neve 5116 console buss,console-neve,drive_0,under_tone_-12,16000.0,-158.03,-92.87,-126.96
nlsbuss_nevo,Waves,Neve 5116 console buss,console-neve,drive_0,under_tone_-12,20.0,-182.28,-92.87,-126.96
nlsbuss_nevo,Waves,Neve 5116 console buss,console-neve,drive_0,under_tone_-12,200.0,-189.19,-92.87,-126.96
nlsbuss_nevo,Waves,Neve 5116 console buss,console-neve,drive_0,under_tone_-12,2000.0,-162.0,-92.87,-126.96
nlsbuss_nevo,Waves,Neve 5116 console buss,console-neve,drive_0,under_tone_-12,20000.0,-149.55,-92.87,-126.96
nlsbuss_nevo,Waves,Neve 5116 console buss,console-neve,drive_0,under_tone_-12,25.0,-195.19,-92.87,-126.96
nlsbuss_nevo,Waves,Neve 5116 console buss,console-neve,drive_0,under_tone_-12,250.0,-187.78,-92.87,-126.96
nlsbuss_nevo,Waves,Neve 5116 console buss,console-neve,drive_0,under_tone_-12,2500.0,-178.61,-92.87,-126.96
nlsbuss_nevo,Waves,Neve 5116 console buss,console-neve,drive_0,under_tone_-12,31.5,-194.53,-92.87,-126.96
nlsbuss_nevo,Waves,Neve 5116 console buss,console-neve,drive_0,under_tone_-12,315.0,-186.94,-92.87,-126.96
nlsbuss_nevo,Waves,Neve 5116 console buss,console-neve,drive_0,under_tone_-12,3150.0,-138.36,-92.87,-126.96
nlsbuss_nevo,Waves,Neve 5116 console buss,console-neve,drive_0,under_tone_-12,40.0,-193.4,-92.87,-126.96
nlsbuss_nevo,Waves,Neve 5116 console buss,console-neve,drive_0,under_tone_-12,400.0,-186.65,-92.87,-126.96
nlsbuss_nevo,Waves,Neve 5116 console buss,console-neve,drive_0,under_tone_-12,4000.0,-162.72,-92.87,-126.96
nlsbuss_nevo,Waves,Neve 5116 console buss,console-neve,drive_0,under_tone_-12,50.0,-194.32,-92.87,-126.96
nlsbuss_nevo,Waves,Neve 5116 console buss,console-neve,drive_0,under_tone_-12,500.0,-185.35,-92.87,-126.96
nlsbuss_nevo,Waves,Neve 5116 console buss,console-neve,drive_0,under_tone_-12,5000.0,-144.18,-92.87,-126.96
nlsbuss_nevo,Waves,Neve 5116 console buss,console-neve,drive_0,under_tone_-12,63.0,-193.65,-92.87,-126.96
nlsbuss_nevo,Waves,Neve 5116 console buss,console-neve,drive_0,under_tone_-12,630.0,-184.86,-92.87,-126.96
nlsbuss_nevo,Waves,Neve 5116 console buss,console-neve,drive_0,under_tone_-12,6300.0,-148.51,-92.87,-126.96
nlsbuss_nevo,Waves,Neve 5116 console buss,console-neve,drive_0,under_tone_-12,80.0,-193.49,-92.87,-126.96
nlsbuss_nevo,Waves,Neve 5116 console buss,console-neve,drive_0,under_tone_-12,800.0,-182.98,-92.87,-126.96
nlsbuss_nevo,Waves,Neve 5116 console buss,console-neve,drive_0,under_tone_-12,8000.0,-164.78,-92.87,-126.96
nlsbuss_nevo,Waves,Neve 5116 console buss,console-neve,drive_12,silence,100.0,-200.0,-200.0,-200.0
nlsbuss_nevo,Waves,Neve 5116 console buss,console-neve,drive_12,silence,1000.0,-200.0,-200.0,-200.0
nlsbuss_nevo,Waves,Neve 5116 console buss,console-neve,drive_12,silence,10000.0,-200.0,-200.0,-200.0
nlsbuss_nevo,Waves,Neve 5116 console buss,console-neve,drive_12,silence,125.0,-200.0,-200.0,-200.0
nlsbuss_nevo,Waves,Neve 5116 console buss,console-neve,drive_12,silence,1250.0,-200.0,-200.0,-200.0
nlsbuss_nevo,Waves,Neve 5116 console buss,console-neve,drive_12,silence,12500.0,-200.0,-200.0,-200.0
nlsbuss_nevo,Waves,Neve 5116 console buss,console-neve,drive_12,silence,160.0,-200.0,-200.0,-200.0
nlsbuss_nevo,Waves,Neve 5116 console buss,console-neve,drive_12,silence,1600.0,-200.0,-200.0,-200.0
nlsbuss_nevo,Waves,Neve 5116 console buss,console-neve,drive_12,silence,16000.0,-200.0,-200.0,-200.0
nlsbuss_nevo,Waves,Neve 5116 console buss,console-neve,drive_12,silence,20.0,-200.0,-200.0,-200.0
nlsbuss_nevo,Waves,Neve 5116 console buss,console-neve,drive_12,silence,200.0,-200.0,-200.0,-200.0
nlsbuss_nevo,Waves,Neve 5116 console buss,console-neve,drive_12,silence,2000.0,-200.0,-200.0,-200.0
nlsbuss_nevo,Waves,Neve 5116 console buss,console-neve,drive_12,silence,20000.0,-200.0,-200.0,-200.0
nlsbuss_nevo,Waves,Neve 5116 console buss,console-neve,drive_12,silence,25.0,-200.0,-200.0,-200.0
nlsbuss_nevo,Waves,Neve 5116 console buss,console-neve,drive_12,silence,250.0,-200.0,-200.0,-200.0
nlsbuss_nevo,Waves,Neve 5116 console buss,console-neve,drive_12,silence,2500.0,-200.0,-200.0,-200.0
nlsbuss_nevo,Waves,Neve 5116 console buss,console-neve,drive_12,silence,31.5,-200.0,-200.0,-200.0
nlsbuss_nevo,Waves,Neve 5116 console buss,console-neve,drive_12,silence,315.0,-200.0,-200.0,-200.0
nlsbuss_nevo,Waves,Neve 5116 console buss,console-neve,drive_12,silence,3150.0,-200.0,-200.0,-200.0
nlsbuss_nevo,Waves,Neve 5116 console buss,console-neve,drive_12,silence,40.0,-200.0,-200.0,-200.0
nlsbuss_nevo,Waves,Neve 5116 console buss,console-neve,drive_12,silence,400.0,-200.0,-200.0,-200.0
nlsbuss_nevo,Waves,Neve 5116 console buss,console-neve,drive_12,silence,4000.0,-200.0,-200.0,-200.0
nlsbuss_nevo,Waves,Neve 5116 console buss,console-neve,drive_12,silence,50.0,-200.0,-200.0,-200.0
nlsbuss_nevo,Waves,Neve 5116 console buss,console-neve,drive_12,silence,500.0,-200.0,-200.0,-200.0
nlsbuss_nevo,Waves,Neve 5116 console buss,console-neve,drive_12,silence,5000.0,-200.0,-200.0,-200.0
nlsbuss_nevo,Waves,Neve 5116 console buss,console-neve,drive_12,silence,63.0,-200.0,-200.0,-200.0
nlsbuss_nevo,Waves,Neve 5116 console buss,console-neve,drive_12,silence,630.0,-200.0,-200.0,-200.0
nlsbuss_nevo,Waves,Neve 5116 console buss,console-neve,drive_12,silence,6300.0,-200.0,-200.0,-200.0
nlsbuss_nevo,Waves,Neve 5116 console buss,console-neve,drive_12,silence,80.0,-200.0,-200.0,-200.0
nlsbuss_nevo,Waves,Neve 5116 console buss,console-neve,drive_12,silence,800.0,-200.0,-200.0,-200.0
nlsbuss_nevo,Waves,Neve 5116 console buss,console-neve,drive_12,silence,8000.0,-200.0,-200.0,-200.0
nlsbuss_nevo,Waves,Neve 5116 console buss,console-neve,drive_12,under_tone_-12,100.0,-181.06,-50.72,-85.21
nlsbuss_nevo,Waves,Neve 5116 console buss,console-neve,drive_12,under_tone_-12,1000.0,-85.95,-50.72,-85.21
nlsbuss_nevo,Waves,Neve 5116 console buss,console-neve,drive_12,under_tone_-12,10000.0,-106.05,-50.72,-85.21
nlsbuss_nevo,Waves,Neve 5116 console buss,console-neve,drive_12,under_tone_-12,125.0,-180.02,-50.72,-85.21
nlsbuss_nevo,Waves,Neve 5116 console buss,console-neve,drive_12,under_tone_-12,1250.0,-170.99,-50.72,-85.21
nlsbuss_nevo,Waves,Neve 5116 console buss,console-neve,drive_12,under_tone_-12,12500.0,-112.96,-50.72,-85.21
nlsbuss_nevo,Waves,Neve 5116 console buss,console-neve,drive_12,under_tone_-12,160.0,-181.04,-50.72,-85.21
nlsbuss_nevo,Waves,Neve 5116 console buss,console-neve,drive_12,under_tone_-12,1600.0,-170.96,-50.72,-85.21
nlsbuss_nevo,Waves,Neve 5116 console buss,console-neve,drive_12,under_tone_-12,16000.0,-113.35,-50.72,-85.21
nlsbuss_nevo,Waves,Neve 5116 console buss,console-neve,drive_12,under_tone_-12,20.0,-140.13,-50.72,-85.21
nlsbuss_nevo,Waves,Neve 5116 console buss,console-neve,drive_12,under_tone_-12,200.0,-179.15,-50.72,-85.21
nlsbuss_nevo,Waves,Neve 5116 console buss,console-neve,drive_12,under_tone_-12,2000.0,-128.88,-50.72,-85.21
nlsbuss_nevo,Waves,Neve 5116 console buss,console-neve,drive_12,under_tone_-12,20000.0,-101.15,-50.72,-85.21
nlsbuss_nevo,Waves,Neve 5116 console buss,console-neve,drive_12,under_tone_-12,25.0,-182.48,-50.72,-85.21
nlsbuss_nevo,Waves,Neve 5116 console buss,console-neve,drive_12,under_tone_-12,250.0,-178.66,-50.72,-85.21
nlsbuss_nevo,Waves,Neve 5116 console buss,console-neve,drive_12,under_tone_-12,2500.0,-169.0,-50.72,-85.21
nlsbuss_nevo,Waves,Neve 5116 console buss,console-neve,drive_12,under_tone_-12,31.5,-172.16,-50.72,-85.21
nlsbuss_nevo,Waves,Neve 5116 console buss,console-neve,drive_12,under_tone_-12,315.0,-177.77,-50.72,-85.21
nlsbuss_nevo,Waves,Neve 5116 console buss,console-neve,drive_12,under_tone_-12,3150.0,-96.04,-50.72,-85.21
nlsbuss_nevo,Waves,Neve 5116 console buss,console-neve,drive_12,under_tone_-12,40.0,-177.34,-50.72,-85.21
nlsbuss_nevo,Waves,Neve 5116 console buss,console-neve,drive_12,under_tone_-12,400.0,-177.37,-50.72,-85.21
nlsbuss_nevo,Waves,Neve 5116 console buss,console-neve,drive_12,under_tone_-12,4000.0,-129.46,-50.72,-85.21
nlsbuss_nevo,Waves,Neve 5116 console buss,console-neve,drive_12,under_tone_-12,50.0,-179.7,-50.72,-85.21
nlsbuss_nevo,Waves,Neve 5116 console buss,console-neve,drive_12,under_tone_-12,500.0,-176.47,-50.72,-85.21
nlsbuss_nevo,Waves,Neve 5116 console buss,console-neve,drive_12,under_tone_-12,5000.0,-101.18,-50.72,-85.21
nlsbuss_nevo,Waves,Neve 5116 console buss,console-neve,drive_12,under_tone_-12,63.0,-180.45,-50.72,-85.21
nlsbuss_nevo,Waves,Neve 5116 console buss,console-neve,drive_12,under_tone_-12,630.0,-174.87,-50.72,-85.21
nlsbuss_nevo,Waves,Neve 5116 console buss,console-neve,drive_12,under_tone_-12,6300.0,-104.88,-50.72,-85.21
nlsbuss_nevo,Waves,Neve 5116 console buss,console-neve,drive_12,under_tone_-12,80.0,-179.85,-50.72,-85.21
nlsbuss_nevo,Waves,Neve 5116 console buss,console-neve,drive_12,under_tone_-12,800.0,-172.79,-50.72,-85.21
nlsbuss_nevo,Waves,Neve 5116 console buss,console-neve,drive_12,under_tone_-12,8000.0,-130.55,-50.72,-85.21
nlsbuss_nevo,Waves,Neve 5116 console buss,console-neve,drive_6,silence,100.0,-200.0,-200.0,-200.0
nlsbuss_nevo,Waves,Neve 5116 console buss,console-neve,drive_6,silence,1000.0,-200.0,-200.0,-200.0
nlsbuss_nevo,Waves,Neve 5116 console buss,console-neve,drive_6,silence,10000.0,-200.0,-200.0,-200.0
nlsbuss_nevo,Waves,Neve 5116 console buss,console-neve,drive_6,silence,125.0,-200.0,-200.0,-200.0
nlsbuss_nevo,Waves,Neve 5116 console buss,console-neve,drive_6,silence,1250.0,-200.0,-200.0,-200.0
nlsbuss_nevo,Waves,Neve 5116 console buss,console-neve,drive_6,silence,12500.0,-200.0,-200.0,-200.0
nlsbuss_nevo,Waves,Neve 5116 console buss,console-neve,drive_6,silence,160.0,-200.0,-200.0,-200.0
nlsbuss_nevo,Waves,Neve 5116 console buss,console-neve,drive_6,silence,1600.0,-200.0,-200.0,-200.0
nlsbuss_nevo,Waves,Neve 5116 console buss,console-neve,drive_6,silence,16000.0,-200.0,-200.0,-200.0
nlsbuss_nevo,Waves,Neve 5116 console buss,console-neve,drive_6,silence,20.0,-200.0,-200.0,-200.0
nlsbuss_nevo,Waves,Neve 5116 console buss,console-neve,drive_6,silence,200.0,-200.0,-200.0,-200.0
nlsbuss_nevo,Waves,Neve 5116 console buss,console-neve,drive_6,silence,2000.0,-200.0,-200.0,-200.0
nlsbuss_nevo,Waves,Neve 5116 console buss,console-neve,drive_6,silence,20000.0,-200.0,-200.0,-200.0
nlsbuss_nevo,Waves,Neve 5116 console buss,console-neve,drive_6,silence,25.0,-200.0,-200.0,-200.0
nlsbuss_nevo,Waves,Neve 5116 console buss,console-neve,drive_6,silence,250.0,-200.0,-200.0,-200.0
nlsbuss_nevo,Waves,Neve 5116 console buss,console-neve,drive_6,silence,2500.0,-200.0,-200.0,-200.0
nlsbuss_nevo,Waves,Neve 5116 console buss,console-neve,drive_6,silence,31.5,-200.0,-200.0,-200.0
nlsbuss_nevo,Waves,Neve 5116 console buss,console-neve,drive_6,silence,315.0,-200.0,-200.0,-200.0
nlsbuss_nevo,Waves,Neve 5116 console buss,console-neve,drive_6,silence,3150.0,-200.0,-200.0,-200.0
nlsbuss_nevo,Waves,Neve 5116 console buss,console-neve,drive_6,silence,40.0,-200.0,-200.0,-200.0
nlsbuss_nevo,Waves,Neve 5116 console buss,console-neve,drive_6,silence,400.0,-200.0,-200.0,-200.0
nlsbuss_nevo,Waves,Neve 5116 console buss,console-neve,drive_6,silence,4000.0,-200.0,-200.0,-200.0
nlsbuss_nevo,Waves,Neve 5116 console buss,console-neve,drive_6,silence,50.0,-200.0,-200.0,-200.0
nlsbuss_nevo,Waves,Neve 5116 console buss,console-neve,drive_6,silence,500.0,-200.0,-200.0,-200.0
nlsbuss_nevo,Waves,Neve 5116 console buss,console-neve,drive_6,silence,5000.0,-200.0,-200.0,-200.0
nlsbuss_nevo,Waves,Neve 5116 console buss,console-neve,drive_6,silence,63.0,-200.0,-200.0,-200.0
nlsbuss_nevo,Waves,Neve 5116 console buss,console-neve,drive_6,silence,630.0,-200.0,-200.0,-200.0
nlsbuss_nevo,Waves,Neve 5116 console buss,console-neve,drive_6,silence,6300.0,-200.0,-200.0,-200.0
nlsbuss_nevo,Waves,Neve 5116 console buss,console-neve,drive_6,silence,80.0,-200.0,-200.0,-200.0
nlsbuss_nevo,Waves,Neve 5116 console buss,console-neve,drive_6,silence,800.0,-200.0,-200.0,-200.0
nlsbuss_nevo,Waves,Neve 5116 console buss,console-neve,drive_6,silence,8000.0,-200.0,-200.0,-200.0
nlsbuss_nevo,Waves,Neve 5116 console buss,console-neve,drive_6,under_tone_-12,100.0,-186.81,-72.15,-106.3
nlsbuss_nevo,Waves,Neve 5116 console buss,console-neve,drive_6,under_tone_-12,1000.0,-106.93,-72.15,-106.3
nlsbuss_nevo,Waves,Neve 5116 console buss,console-neve,drive_6,under_tone_-12,10000.0,-129.27,-72.15,-106.3
nlsbuss_nevo,Waves,Neve 5116 console buss,console-neve,drive_6,under_tone_-12,125.0,-187.05,-72.15,-106.3
nlsbuss_nevo,Waves,Neve 5116 console buss,console-neve,drive_6,under_tone_-12,1250.0,-177.81,-72.15,-106.3
nlsbuss_nevo,Waves,Neve 5116 console buss,console-neve,drive_6,under_tone_-12,12500.0,-136.95,-72.15,-106.3
nlsbuss_nevo,Waves,Neve 5116 console buss,console-neve,drive_6,under_tone_-12,160.0,-188.31,-72.15,-106.3
nlsbuss_nevo,Waves,Neve 5116 console buss,console-neve,drive_6,under_tone_-12,1600.0,-177.22,-72.15,-106.3
nlsbuss_nevo,Waves,Neve 5116 console buss,console-neve,drive_6,under_tone_-12,16000.0,-138.14,-72.15,-106.3
nlsbuss_nevo,Waves,Neve 5116 console buss,console-neve,drive_6,under_tone_-12,20.0,-161.3,-72.15,-106.3
nlsbuss_nevo,Waves,Neve 5116 console buss,console-neve,drive_6,under_tone_-12,200.0,-186.12,-72.15,-106.3
nlsbuss_nevo,Waves,Neve 5116 console buss,console-neve,drive_6,under_tone_-12,2000.0,-149.38,-72.15,-106.3
nlsbuss_nevo,Waves,Neve 5116 console buss,console-neve,drive_6,under_tone_-12,20000.0,-126.3,-72.15,-106.3
nlsbuss_nevo,Waves,Neve 5116 console buss,console-neve,drive_6,under_tone_-12,25.0,-187.51,-72.15,-106.3
nlsbuss_nevo,Waves,Neve 5116 console buss,console-neve,drive_6,under_tone_-12,250.0,-184.01,-72.15,-106.3
nlsbuss_nevo,Waves,Neve 5116 console buss,console-neve,drive_6,under_tone_-12,2500.0,-174.98,-72.15,-106.3
nlsbuss_nevo,Waves,Neve 5116 console buss,console-neve,drive_6,under_tone_-12,31.5,-188.69,-72.15,-106.3
nlsbuss_nevo,Waves,Neve 5116 console buss,console-neve,drive_6,under_tone_-12,315.0,-183.53,-72.15,-106.3
nlsbuss_nevo,Waves,Neve 5116 console buss,console-neve,drive_6,under_tone_-12,3150.0,-117.55,-72.15,-106.3
nlsbuss_nevo,Waves,Neve 5116 console buss,console-neve,drive_6,under_tone_-12,40.0,-188.04,-72.15,-106.3
nlsbuss_nevo,Waves,Neve 5116 console buss,console-neve,drive_6,under_tone_-12,400.0,-183.42,-72.15,-106.3
nlsbuss_nevo,Waves,Neve 5116 console buss,console-neve,drive_6,under_tone_-12,4000.0,-150.7,-72.15,-106.3
nlsbuss_nevo,Waves,Neve 5116 console buss,console-neve,drive_6,under_tone_-12,50.0,-190.78,-72.15,-106.3
nlsbuss_nevo,Waves,Neve 5116 console buss,console-neve,drive_6,under_tone_-12,500.0,-182.5,-72.15,-106.3
nlsbuss_nevo,Waves,Neve 5116 console buss,console-neve,drive_6,under_tone_-12,5000.0,-123.23,-72.15,-106.3
nlsbuss_nevo,Waves,Neve 5116 console buss,console-neve,drive_6,under_tone_-12,63.0,-189.04,-72.15,-106.3
nlsbuss_nevo,Waves,Neve 5116 console buss,console-neve,drive_6,under_tone_-12,630.0,-181.29,-72.15,-106.3
nlsbuss_nevo,Waves,Neve 5116 console buss,console-neve,drive_6,under_tone_-12,6300.0,-127.44,-72.15,-106.3
nlsbuss_nevo,Waves,Neve 5116 console buss,console-neve,drive_6,under_tone_-12,80.0,-189.02,-72.15,-106.3
nlsbuss_nevo,Waves,Neve 5116 console buss,console-neve,drive_6,under_tone_-12,800.0,-180.11,-72.15,-106.3
nlsbuss_nevo,Waves,Neve 5116 console buss,console-neve,drive_6,under_tone_-12,8000.0,-152.85,-72.15,-106.3
nlsbuss_nevo,Waves,Neve 5116 console buss,console-neve,matched_thd_0.1_pct,silence,100.0,-200.0,-200.0,-200.0
nlsbuss_nevo,Waves,Neve 5116 console buss,console-neve,matched_thd_0.1_pct,silence,1000.0,-200.0,-200.0,-200.0
nlsbuss_nevo,Waves,Neve 5116 console buss,console-neve,matched_thd_0.1_pct,silence,10000.0,-200.0,-200.0,-200.0
nlsbuss_nevo,Waves,Neve 5116 console buss,console-neve,matched_thd_0.1_pct,silence,125.0,-200.0,-200.0,-200.0
nlsbuss_nevo,Waves,Neve 5116 console buss,console-neve,matched_thd_0.1_pct,silence,1250.0,-200.0,-200.0,-200.0
nlsbuss_nevo,Waves,Neve 5116 console buss,console-neve,matched_thd_0.1_pct,silence,12500.0,-200.0,-200.0,-200.0
nlsbuss_nevo,Waves,Neve 5116 console buss,console-neve,matched_thd_0.1_pct,silence,160.0,-200.0,-200.0,-200.0
nlsbuss_nevo,Waves,Neve 5116 console buss,console-neve,matched_thd_0.1_pct,silence,1600.0,-200.0,-200.0,-200.0
nlsbuss_nevo,Waves,Neve 5116 console buss,console-neve,matched_thd_0.1_pct,silence,16000.0,-200.0,-200.0,-200.0
nlsbuss_nevo,Waves,Neve 5116 console buss,console-neve,matched_thd_0.1_pct,silence,20.0,-200.0,-200.0,-200.0
nlsbuss_nevo,Waves,Neve 5116 console buss,console-neve,matched_thd_0.1_pct,silence,200.0,-200.0,-200.0,-200.0
nlsbuss_nevo,Waves,Neve 5116 console buss,console-neve,matched_thd_0.1_pct,silence,2000.0,-200.0,-200.0,-200.0
nlsbuss_nevo,Waves,Neve 5116 console buss,console-neve,matched_thd_0.1_pct,silence,20000.0,-200.0,-200.0,-200.0
nlsbuss_nevo,Waves,Neve 5116 console buss,console-neve,matched_thd_0.1_pct,silence,25.0,-200.0,-200.0,-200.0
nlsbuss_nevo,Waves,Neve 5116 console buss,console-neve,matched_thd_0.1_pct,silence,250.0,-200.0,-200.0,-200.0
nlsbuss_nevo,Waves,Neve 5116 console buss,console-neve,matched_thd_0.1_pct,silence,2500.0,-200.0,-200.0,-200.0
nlsbuss_nevo,Waves,Neve 5116 console buss,console-neve,matched_thd_0.1_pct,silence,31.5,-200.0,-200.0,-200.0
nlsbuss_nevo,Waves,Neve 5116 console buss,console-neve,matched_thd_0.1_pct,silence,315.0,-200.0,-200.0,-200.0
nlsbuss_nevo,Waves,Neve 5116 console buss,console-neve,matched_thd_0.1_pct,silence,3150.0,-200.0,-200.0,-200.0
nlsbuss_nevo,Waves,Neve 5116 console buss,console-neve,matched_thd_0.1_pct,silence,40.0,-200.0,-200.0,-200.0
nlsbuss_nevo,Waves,Neve 5116 console buss,console-neve,matched_thd_0.1_pct,silence,400.0,-200.0,-200.0,-200.0
nlsbuss_nevo,Waves,Neve 5116 console buss,console-neve,matched_thd_0.1_pct,silence,4000.0,-200.0,-200.0,-200.0
nlsbuss_nevo,Waves,Neve 5116 console buss,console-neve,matched_thd_0.1_pct,silence,50.0,-200.0,-200.0,-200.0
nlsbuss_nevo,Waves,Neve 5116 console buss,console-neve,matched_thd_0.1_pct,silence,500.0,-200.0,-200.0,-200.0
nlsbuss_nevo,Waves,Neve 5116 console buss,console-neve,matched_thd_0.1_pct,silence,5000.0,-200.0,-200.0,-200.0
nlsbuss_nevo,Waves,Neve 5116 console buss,console-neve,matched_thd_0.1_pct,silence,63.0,-200.0,-200.0,-200.0
nlsbuss_nevo,Waves,Neve 5116 console buss,console-neve,matched_thd_0.1_pct,silence,630.0,-200.0,-200.0,-200.0
nlsbuss_nevo,Waves,Neve 5116 console buss,console-neve,matched_thd_0.1_pct,silence,6300.0,-200.0,-200.0,-200.0
nlsbuss_nevo,Waves,Neve 5116 console buss,console-neve,matched_thd_0.1_pct,silence,80.0,-200.0,-200.0,-200.0
nlsbuss_nevo,Waves,Neve 5116 console buss,console-neve,matched_thd_0.1_pct,silence,800.0,-200.0,-200.0,-200.0
nlsbuss_nevo,Waves,Neve 5116 console buss,console-neve,matched_thd_0.1_pct,silence,8000.0,-200.0,-200.0,-200.0
nlsbuss_nevo,Waves,Neve 5116 console buss,console-neve,matched_thd_0.1_pct,under_tone_-12,100.0,-188.99,-67.12,-101.38
nlsbuss_nevo,Waves,Neve 5116 console buss,console-neve,matched_thd_0.1_pct,under_tone_-12,1000.0,-102.03,-67.12,-101.38
nlsbuss_nevo,Waves,Neve 5116 console buss,console-neve,matched_thd_0.1_pct,under_tone_-12,10000.0,-123.8,-67.12,-101.38
nlsbuss_nevo,Waves,Neve 5116 console buss,console-neve,matched_thd_0.1_pct,under_tone_-12,125.0,-185.63,-67.12,-101.38
nlsbuss_nevo,Waves,Neve 5116 console buss,console-neve,matched_thd_0.1_pct,under_tone_-12,1250.0,-177.47,-67.12,-101.38
nlsbuss_nevo,Waves,Neve 5116 console buss,console-neve,matched_thd_0.1_pct,under_tone_-12,12500.0,-131.37,-67.12,-101.38
nlsbuss_nevo,Waves,Neve 5116 console buss,console-neve,matched_thd_0.1_pct,under_tone_-12,160.0,-186.22,-67.12,-101.38
nlsbuss_nevo,Waves,Neve 5116 console buss,console-neve,matched_thd_0.1_pct,under_tone_-12,1600.0,-176.97,-67.12,-101.38
nlsbuss_nevo,Waves,Neve 5116 console buss,console-neve,matched_thd_0.1_pct,under_tone_-12,16000.0,-132.54,-67.12,-101.38
nlsbuss_nevo,Waves,Neve 5116 console buss,console-neve,matched_thd_0.1_pct,under_tone_-12,20.0,-156.47,-67.12,-101.38
nlsbuss_nevo,Waves,Neve 5116 console buss,console-neve,matched_thd_0.1_pct,under_tone_-12,200.0,-185.02,-67.12,-101.38
nlsbuss_nevo,Waves,Neve 5116 console buss,console-neve,matched_thd_0.1_pct,under_tone_-12,2000.0,-144.64,-67.12,-101.38
nlsbuss_nevo,Waves,Neve 5116 console buss,console-neve,matched_thd_0.1_pct,under_tone_-12,20000.0,-120.1,-67.12,-101.38
nlsbuss_nevo,Waves,Neve 5116 console buss,console-neve,matched_thd_0.1_pct,under_tone_-12,25.0,-186.79,-67.12,-101.38
nlsbuss_nevo,Waves,Neve 5116 console buss,console-neve,matched_thd_0.1_pct,under_tone_-12,250.0,-185.57,-67.12,-101.38
nlsbuss_nevo,Waves,Neve 5116 console buss,console-neve,matched_thd_0.1_pct,under_tone_-12,2500.0,-174.5,-67.12,-101.38
nlsbuss_nevo,Waves,Neve 5116 console buss,console-neve,matched_thd_0.1_pct,under_tone_-12,31.5,-185.14,-67.12,-101.38
nlsbuss_nevo,Waves,Neve 5116 console buss,console-neve,matched_thd_0.1_pct,under_tone_-12,315.0,-182.9,-67.12,-101.38
nlsbuss_nevo,Waves,Neve 5116 console buss,console-neve,matched_thd_0.1_pct,under_tone_-12,3150.0,-112.5,-67.12,-101.38
nlsbuss_nevo,Waves,Neve 5116 console buss,console-neve,matched_thd_0.1_pct,under_tone_-12,40.0,-187.61,-67.12,-101.38
nlsbuss_nevo,Waves,Neve 5116 console buss,console-neve,matched_thd_0.1_pct,under_tone_-12,400.0,-182.48,-67.12,-101.38
nlsbuss_nevo,Waves,Neve 5116 console buss,console-neve,matched_thd_0.1_pct,under_tone_-12,4000.0,-145.62,-67.12,-101.38
nlsbuss_nevo,Waves,Neve 5116 console buss,console-neve,matched_thd_0.1_pct,under_tone_-12,50.0,-188.05,-67.12,-101.38
nlsbuss_nevo,Waves,Neve 5116 console buss,console-neve,matched_thd_0.1_pct,under_tone_-12,500.0,-182.06,-67.12,-101.38
nlsbuss_nevo,Waves,Neve 5116 console buss,console-neve,matched_thd_0.1_pct,under_tone_-12,5000.0,-118.04,-67.12,-101.38
nlsbuss_nevo,Waves,Neve 5116 console buss,console-neve,matched_thd_0.1_pct,under_tone_-12,63.0,-186.73,-67.12,-101.38
nlsbuss_nevo,Waves,Neve 5116 console buss,console-neve,matched_thd_0.1_pct,under_tone_-12,630.0,-180.55,-67.12,-101.38
nlsbuss_nevo,Waves,Neve 5116 console buss,console-neve,matched_thd_0.1_pct,under_tone_-12,6300.0,-122.13,-67.12,-101.38
nlsbuss_nevo,Waves,Neve 5116 console buss,console-neve,matched_thd_0.1_pct,under_tone_-12,80.0,-189.6,-67.12,-101.38
nlsbuss_nevo,Waves,Neve 5116 console buss,console-neve,matched_thd_0.1_pct,under_tone_-12,800.0,-179.25,-67.12,-101.38
nlsbuss_nevo,Waves,Neve 5116 console buss,console-neve,matched_thd_0.1_pct,under_tone_-12,8000.0,-147.47,-67.12,-101.38
nlsbuss_spike,Waves,EMI TG12345 console buss,console-emi,drive_0,silence,100.0,-200.0,-200.0,-200.0
nlsbuss_spike,Waves,EMI TG12345 console buss,console-emi,drive_0,silence,1000.0,-200.0,-200.0,-200.0
nlsbuss_spike,Waves,EMI TG12345 console buss,console-emi,drive_0,silence,10000.0,-200.0,-200.0,-200.0
nlsbuss_spike,Waves,EMI TG12345 console buss,console-emi,drive_0,silence,125.0,-200.0,-200.0,-200.0
nlsbuss_spike,Waves,EMI TG12345 console buss,console-emi,drive_0,silence,1250.0,-200.0,-200.0,-200.0
nlsbuss_spike,Waves,EMI TG12345 console buss,console-emi,drive_0,silence,12500.0,-200.0,-200.0,-200.0
nlsbuss_spike,Waves,EMI TG12345 console buss,console-emi,drive_0,silence,160.0,-200.0,-200.0,-200.0
nlsbuss_spike,Waves,EMI TG12345 console buss,console-emi,drive_0,silence,1600.0,-200.0,-200.0,-200.0
nlsbuss_spike,Waves,EMI TG12345 console buss,console-emi,drive_0,silence,16000.0,-200.0,-200.0,-200.0
nlsbuss_spike,Waves,EMI TG12345 console buss,console-emi,drive_0,silence,20.0,-200.0,-200.0,-200.0
nlsbuss_spike,Waves,EMI TG12345 console buss,console-emi,drive_0,silence,200.0,-200.0,-200.0,-200.0
nlsbuss_spike,Waves,EMI TG12345 console buss,console-emi,drive_0,silence,2000.0,-200.0,-200.0,-200.0
nlsbuss_spike,Waves,EMI TG12345 console buss,console-emi,drive_0,silence,20000.0,-200.0,-200.0,-200.0
nlsbuss_spike,Waves,EMI TG12345 console buss,console-emi,drive_0,silence,25.0,-200.0,-200.0,-200.0
nlsbuss_spike,Waves,EMI TG12345 console buss,console-emi,drive_0,silence,250.0,-200.0,-200.0,-200.0
nlsbuss_spike,Waves,EMI TG12345 console buss,console-emi,drive_0,silence,2500.0,-200.0,-200.0,-200.0
nlsbuss_spike,Waves,EMI TG12345 console buss,console-emi,drive_0,silence,31.5,-200.0,-200.0,-200.0
nlsbuss_spike,Waves,EMI TG12345 console buss,console-emi,drive_0,silence,315.0,-200.0,-200.0,-200.0
nlsbuss_spike,Waves,EMI TG12345 console buss,console-emi,drive_0,silence,3150.0,-200.0,-200.0,-200.0
nlsbuss_spike,Waves,EMI TG12345 console buss,console-emi,drive_0,silence,40.0,-200.0,-200.0,-200.0
nlsbuss_spike,Waves,EMI TG12345 console buss,console-emi,drive_0,silence,400.0,-200.0,-200.0,-200.0
nlsbuss_spike,Waves,EMI TG12345 console buss,console-emi,drive_0,silence,4000.0,-200.0,-200.0,-200.0
nlsbuss_spike,Waves,EMI TG12345 console buss,console-emi,drive_0,silence,50.0,-200.0,-200.0,-200.0
nlsbuss_spike,Waves,EMI TG12345 console buss,console-emi,drive_0,silence,500.0,-200.0,-200.0,-200.0
nlsbuss_spike,Waves,EMI TG12345 console buss,console-emi,drive_0,silence,5000.0,-200.0,-200.0,-200.0
nlsbuss_spike,Waves,EMI TG12345 console buss,console-emi,drive_0,silence,63.0,-200.0,-200.0,-200.0
nlsbuss_spike,Waves,EMI TG12345 console buss,console-emi,drive_0,silence,630.0,-200.0,-200.0,-200.0
nlsbuss_spike,Waves,EMI TG12345 console buss,console-emi,drive_0,silence,6300.0,-200.0,-200.0,-200.0
nlsbuss_spike,Waves,EMI TG12345 console buss,console-emi,drive_0,silence,80.0,-200.0,-200.0,-200.0
nlsbuss_spike,Waves,EMI TG12345 console buss,console-emi,drive_0,silence,800.0,-200.0,-200.0,-200.0
nlsbuss_spike,Waves,EMI TG12345 console buss,console-emi,drive_0,silence,8000.0,-200.0,-200.0,-200.0
nlsbuss_spike,Waves,EMI TG12345 console buss,console-emi,drive_0,under_tone_-12,100.0,-198.95,-54.55,-136.64
nlsbuss_spike,Waves,EMI TG12345 console buss,console-emi,drive_0,under_tone_-12,1000.0,-157.48,-54.55,-136.64
nlsbuss_spike,Waves,EMI TG12345 console buss,console-emi,drive_0,under_tone_-12,10000.0,-163.07,-54.55,-136.64
nlsbuss_spike,Waves,EMI TG12345 console buss,console-emi,drive_0,under_tone_-12,125.0,-198.29,-54.55,-136.64
nlsbuss_spike,Waves,EMI TG12345 console buss,console-emi,drive_0,under_tone_-12,1250.0,-192.93,-54.55,-136.64
nlsbuss_spike,Waves,EMI TG12345 console buss,console-emi,drive_0,under_tone_-12,12500.0,-166.37,-54.55,-136.64
nlsbuss_spike,Waves,EMI TG12345 console buss,console-emi,drive_0,under_tone_-12,160.0,-198.97,-54.55,-136.64
nlsbuss_spike,Waves,EMI TG12345 console buss,console-emi,drive_0,under_tone_-12,1600.0,-194.45,-54.55,-136.64
nlsbuss_spike,Waves,EMI TG12345 console buss,console-emi,drive_0,under_tone_-12,16000.0,-165.46,-54.55,-136.64
nlsbuss_spike,Waves,EMI TG12345 console buss,console-emi,drive_0,under_tone_-12,20.0,-195.26,-54.55,-136.64
nlsbuss_spike,Waves,EMI TG12345 console buss,console-emi,drive_0,under_tone_-12,200.0,-200.0,-54.55,-136.64
nlsbuss_spike,Waves,EMI TG12345 console buss,console-emi,drive_0,under_tone_-12,2000.0,-162.15,-54.55,-136.64
nlsbuss_spike,Waves,EMI TG12345 console buss,console-emi,drive_0,under_tone_-12,20000.0,-128.43,-54.55,-136.64
nlsbuss_spike,Waves,EMI TG12345 console buss,console-emi,drive_0,under_tone_-12,25.0,-194.28,-54.55,-136.64
nlsbuss_spike,Waves,EMI TG12345 console buss,console-emi,drive_0,under_tone_-12,250.0,-200.0,-54.55,-136.64
nlsbuss_spike,Waves,EMI TG12345 console buss,console-emi,drive_0,under_tone_-12,2500.0,-191.72,-54.55,-136.64
nlsbuss_spike,Waves,EMI TG12345 console buss,console-emi,drive_0,under_tone_-12,31.5,-196.86,-54.55,-136.64
nlsbuss_spike,Waves,EMI TG12345 console buss,console-emi,drive_0,under_tone_-12,315.0,-200.0,-54.55,-136.64
nlsbuss_spike,Waves,EMI TG12345 console buss,console-emi,drive_0,under_tone_-12,3150.0,-162.25,-54.55,-136.64
nlsbuss_spike,Waves,EMI TG12345 console buss,console-emi,drive_0,under_tone_-12,40.0,-198.06,-54.55,-136.64
nlsbuss_spike,Waves,EMI TG12345 console buss,console-emi,drive_0,under_tone_-12,400.0,-200.0,-54.55,-136.64
nlsbuss_spike,Waves,EMI TG12345 console buss,console-emi,drive_0,under_tone_-12,4000.0,-162.89,-54.55,-136.64
nlsbuss_spike,Waves,EMI TG12345 console buss,console-emi,drive_0,under_tone_-12,50.0,-197.27,-54.55,-136.64
nlsbuss_spike,Waves,EMI TG12345 console buss,console-emi,drive_0,under_tone_-12,500.0,-199.56,-54.55,-136.64
nlsbuss_spike,Waves,EMI TG12345 console buss,console-emi,drive_0,under_tone_-12,5000.0,-163.49,-54.55,-136.64
nlsbuss_spike,Waves,EMI TG12345 console buss,console-emi,drive_0,under_tone_-12,63.0,-199.07,-54.55,-136.64
nlsbuss_spike,Waves,EMI TG12345 console buss,console-emi,drive_0,under_tone_-12,630.0,-198.68,-54.55,-136.64
nlsbuss_spike,Waves,EMI TG12345 console buss,console-emi,drive_0,under_tone_-12,6300.0,-161.11,-54.55,-136.64
nlsbuss_spike,Waves,EMI TG12345 console buss,console-emi,drive_0,under_tone_-12,80.0,-197.34,-54.55,-136.64
nlsbuss_spike,Waves,EMI TG12345 console buss,console-emi,drive_0,under_tone_-12,800.0,-192.93,-54.55,-136.64
nlsbuss_spike,Waves,EMI TG12345 console buss,console-emi,drive_0,under_tone_-12,8000.0,-165.59,-54.55,-136.64
nlsbuss_spike,Waves,EMI TG12345 console buss,console-emi,drive_12,silence,100.0,-200.0,-200.0,-200.0
nlsbuss_spike,Waves,EMI TG12345 console buss,console-emi,drive_12,silence,1000.0,-200.0,-200.0,-200.0
nlsbuss_spike,Waves,EMI TG12345 console buss,console-emi,drive_12,silence,10000.0,-200.0,-200.0,-200.0
nlsbuss_spike,Waves,EMI TG12345 console buss,console-emi,drive_12,silence,125.0,-200.0,-200.0,-200.0
nlsbuss_spike,Waves,EMI TG12345 console buss,console-emi,drive_12,silence,1250.0,-200.0,-200.0,-200.0
nlsbuss_spike,Waves,EMI TG12345 console buss,console-emi,drive_12,silence,12500.0,-200.0,-200.0,-200.0
nlsbuss_spike,Waves,EMI TG12345 console buss,console-emi,drive_12,silence,160.0,-200.0,-200.0,-200.0
nlsbuss_spike,Waves,EMI TG12345 console buss,console-emi,drive_12,silence,1600.0,-200.0,-200.0,-200.0
nlsbuss_spike,Waves,EMI TG12345 console buss,console-emi,drive_12,silence,16000.0,-200.0,-200.0,-200.0
nlsbuss_spike,Waves,EMI TG12345 console buss,console-emi,drive_12,silence,20.0,-200.0,-200.0,-200.0
nlsbuss_spike,Waves,EMI TG12345 console buss,console-emi,drive_12,silence,200.0,-200.0,-200.0,-200.0
nlsbuss_spike,Waves,EMI TG12345 console buss,console-emi,drive_12,silence,2000.0,-200.0,-200.0,-200.0
nlsbuss_spike,Waves,EMI TG12345 console buss,console-emi,drive_12,silence,20000.0,-200.0,-200.0,-200.0
nlsbuss_spike,Waves,EMI TG12345 console buss,console-emi,drive_12,silence,25.0,-200.0,-200.0,-200.0
nlsbuss_spike,Waves,EMI TG12345 console buss,console-emi,drive_12,silence,250.0,-200.0,-200.0,-200.0
nlsbuss_spike,Waves,EMI TG12345 console buss,console-emi,drive_12,silence,2500.0,-200.0,-200.0,-200.0
nlsbuss_spike,Waves,EMI TG12345 console buss,console-emi,drive_12,silence,31.5,-200.0,-200.0,-200.0
nlsbuss_spike,Waves,EMI TG12345 console buss,console-emi,drive_12,silence,315.0,-200.0,-200.0,-200.0
nlsbuss_spike,Waves,EMI TG12345 console buss,console-emi,drive_12,silence,3150.0,-200.0,-200.0,-200.0
nlsbuss_spike,Waves,EMI TG12345 console buss,console-emi,drive_12,silence,40.0,-200.0,-200.0,-200.0
nlsbuss_spike,Waves,EMI TG12345 console buss,console-emi,drive_12,silence,400.0,-200.0,-200.0,-200.0
nlsbuss_spike,Waves,EMI TG12345 console buss,console-emi,drive_12,silence,4000.0,-200.0,-200.0,-200.0
nlsbuss_spike,Waves,EMI TG12345 console buss,console-emi,drive_12,silence,50.0,-200.0,-200.0,-200.0
nlsbuss_spike,Waves,EMI TG12345 console buss,console-emi,drive_12,silence,500.0,-200.0,-200.0,-200.0
nlsbuss_spike,Waves,EMI TG12345 console buss,console-emi,drive_12,silence,5000.0,-200.0,-200.0,-200.0
nlsbuss_spike,Waves,EMI TG12345 console buss,console-emi,drive_12,silence,63.0,-200.0,-200.0,-200.0
nlsbuss_spike,Waves,EMI TG12345 console buss,console-emi,drive_12,silence,630.0,-200.0,-200.0,-200.0
nlsbuss_spike,Waves,EMI TG12345 console buss,console-emi,drive_12,silence,6300.0,-200.0,-200.0,-200.0
nlsbuss_spike,Waves,EMI TG12345 console buss,console-emi,drive_12,silence,80.0,-200.0,-200.0,-200.0
nlsbuss_spike,Waves,EMI TG12345 console buss,console-emi,drive_12,silence,800.0,-200.0,-200.0,-200.0
nlsbuss_spike,Waves,EMI TG12345 console buss,console-emi,drive_12,silence,8000.0,-200.0,-200.0,-200.0
nlsbuss_spike,Waves,EMI TG12345 console buss,console-emi,drive_12,under_tone_-12,100.0,-188.82,-33.55,-110.88
nlsbuss_spike,Waves,EMI TG12345 console buss,console-emi,drive_12,under_tone_-12,1000.0,-139.28,-33.55,-110.88
nlsbuss_spike,Waves,EMI TG12345 console buss,console-emi,drive_12,under_tone_-12,10000.0,-155.69,-33.55,-110.88
nlsbuss_spike,Waves,EMI TG12345 console buss,console-emi,drive_12,under_tone_-12,125.0,-189.02,-33.55,-110.88
nlsbuss_spike,Waves,EMI TG12345 console buss,console-emi,drive_12,under_tone_-12,1250.0,-182.04,-33.55,-110.88
nlsbuss_spike,Waves,EMI TG12345 console buss,console-emi,drive_12,under_tone_-12,12500.0,-158.99,-33.55,-110.88
nlsbuss_spike,Waves,EMI TG12345 console buss,console-emi,drive_12,under_tone_-12,160.0,-191.12,-33.55,-110.88
nlsbuss_spike,Waves,EMI TG12345 console buss,console-emi,drive_12,under_tone_-12,1600.0,-183.57,-33.55,-110.88
nlsbuss_spike,Waves,EMI TG12345 console buss,console-emi,drive_12,under_tone_-12,16000.0,-158.04,-33.55,-110.88
nlsbuss_spike,Waves,EMI TG12345 console buss,console-emi,drive_12,under_tone_-12,20.0,-188.75,-33.55,-110.88
nlsbuss_spike,Waves,EMI TG12345 console buss,console-emi,drive_12,under_tone_-12,200.0,-190.16,-33.55,-110.88
nlsbuss_spike,Waves,EMI TG12345 console buss,console-emi,drive_12,under_tone_-12,2000.0,-154.94,-33.55,-110.88
nlsbuss_spike,Waves,EMI TG12345 console buss,console-emi,drive_12,under_tone_-12,20000.0,-102.17,-33.55,-110.88
nlsbuss_spike,Waves,EMI TG12345 console buss,console-emi,drive_12,under_tone_-12,25.0,-189.35,-33.55,-110.88
nlsbuss_spike,Waves,EMI TG12345 console buss,console-emi,drive_12,under_tone_-12,250.0,-191.42,-33.55,-110.88
nlsbuss_spike,Waves,EMI TG12345 console buss,console-emi,drive_12,under_tone_-12,2500.0,-181.17,-33.55,-110.88
nlsbuss_spike,Waves,EMI TG12345 console buss,console-emi,drive_12,under_tone_-12,31.5,-185.08,-33.55,-110.88
nlsbuss_spike,Waves,EMI TG12345 console buss,console-emi,drive_12,under_tone_-12,315.0,-191.16,-33.55,-110.88
nlsbuss_spike,Waves,EMI TG12345 console buss,console-emi,drive_12,under_tone_-12,3150.0,-150.09,-33.55,-110.88
nlsbuss_spike,Waves,EMI TG12345 console buss,console-emi,drive_12,under_tone_-12,40.0,-187.23,-33.55,-110.88
nlsbuss_spike,Waves,EMI TG12345 console buss,console-emi,drive_12,under_tone_-12,400.0,-191.02,-33.55,-110.88
nlsbuss_spike,Waves,EMI TG12345 console buss,console-emi,drive_12,under_tone_-12,4000.0,-155.69,-33.55,-110.88
nlsbuss_spike,Waves,EMI TG12345 console buss,console-emi,drive_12,under_tone_-12,50.0,-186.69,-33.55,-110.88
nlsbuss_spike,Waves,EMI TG12345 console buss,console-emi,drive_12,under_tone_-12,500.0,-189.75,-33.55,-110.88
nlsbuss_spike,Waves,EMI TG12345 console buss,console-emi,drive_12,under_tone_-12,5000.0,-154.52,-33.55,-110.88
nlsbuss_spike,Waves,EMI TG12345 console buss,console-emi,drive_12,under_tone_-12,63.0,-187.08,-33.55,-110.88
nlsbuss_spike,Waves,EMI TG12345 console buss,console-emi,drive_12,under_tone_-12,630.0,-188.12,-33.55,-110.88
nlsbuss_spike,Waves,EMI TG12345 console buss,console-emi,drive_12,under_tone_-12,6300.0,-153.66,-33.55,-110.88
nlsbuss_spike,Waves,EMI TG12345 console buss,console-emi,drive_12,under_tone_-12,80.0,-189.42,-33.55,-110.88
nlsbuss_spike,Waves,EMI TG12345 console buss,console-emi,drive_12,under_tone_-12,800.0,-183.55,-33.55,-110.88
nlsbuss_spike,Waves,EMI TG12345 console buss,console-emi,drive_12,under_tone_-12,8000.0,-158.75,-33.55,-110.88
nlsbuss_spike,Waves,EMI TG12345 console buss,console-emi,drive_6,silence,100.0,-200.0,-200.0,-200.0
nlsbuss_spike,Waves,EMI TG12345 console buss,console-emi,drive_6,silence,1000.0,-200.0,-200.0,-200.0
nlsbuss_spike,Waves,EMI TG12345 console buss,console-emi,drive_6,silence,10000.0,-200.0,-200.0,-200.0
nlsbuss_spike,Waves,EMI TG12345 console buss,console-emi,drive_6,silence,125.0,-200.0,-200.0,-200.0
nlsbuss_spike,Waves,EMI TG12345 console buss,console-emi,drive_6,silence,1250.0,-200.0,-200.0,-200.0
nlsbuss_spike,Waves,EMI TG12345 console buss,console-emi,drive_6,silence,12500.0,-200.0,-200.0,-200.0
nlsbuss_spike,Waves,EMI TG12345 console buss,console-emi,drive_6,silence,160.0,-200.0,-200.0,-200.0
nlsbuss_spike,Waves,EMI TG12345 console buss,console-emi,drive_6,silence,1600.0,-200.0,-200.0,-200.0
nlsbuss_spike,Waves,EMI TG12345 console buss,console-emi,drive_6,silence,16000.0,-200.0,-200.0,-200.0
nlsbuss_spike,Waves,EMI TG12345 console buss,console-emi,drive_6,silence,20.0,-200.0,-200.0,-200.0
nlsbuss_spike,Waves,EMI TG12345 console buss,console-emi,drive_6,silence,200.0,-200.0,-200.0,-200.0
nlsbuss_spike,Waves,EMI TG12345 console buss,console-emi,drive_6,silence,2000.0,-200.0,-200.0,-200.0
nlsbuss_spike,Waves,EMI TG12345 console buss,console-emi,drive_6,silence,20000.0,-200.0,-200.0,-200.0
nlsbuss_spike,Waves,EMI TG12345 console buss,console-emi,drive_6,silence,25.0,-200.0,-200.0,-200.0
nlsbuss_spike,Waves,EMI TG12345 console buss,console-emi,drive_6,silence,250.0,-200.0,-200.0,-200.0
nlsbuss_spike,Waves,EMI TG12345 console buss,console-emi,drive_6,silence,2500.0,-200.0,-200.0,-200.0
nlsbuss_spike,Waves,EMI TG12345 console buss,console-emi,drive_6,silence,31.5,-200.0,-200.0,-200.0
nlsbuss_spike,Waves,EMI TG12345 console buss,console-emi,drive_6,silence,315.0,-200.0,-200.0,-200.0
nlsbuss_spike,Waves,EMI TG12345 console buss,console-emi,drive_6,silence,3150.0,-200.0,-200.0,-200.0
nlsbuss_spike,Waves,EMI TG12345 console buss,console-emi,drive_6,silence,40.0,-200.0,-200.0,-200.0
nlsbuss_spike,Waves,EMI TG12345 console buss,console-emi,drive_6,silence,400.0,-200.0,-200.0,-200.0
nlsbuss_spike,Waves,EMI TG12345 console buss,console-emi,drive_6,silence,4000.0,-200.0,-200.0,-200.0
nlsbuss_spike,Waves,EMI TG12345 console buss,console-emi,drive_6,silence,50.0,-200.0,-200.0,-200.0
nlsbuss_spike,Waves,EMI TG12345 console buss,console-emi,drive_6,silence,500.0,-200.0,-200.0,-200.0
nlsbuss_spike,Waves,EMI TG12345 console buss,console-emi,drive_6,silence,5000.0,-200.0,-200.0,-200.0
nlsbuss_spike,Waves,EMI TG12345 console buss,console-emi,drive_6,silence,63.0,-200.0,-200.0,-200.0
nlsbuss_spike,Waves,EMI TG12345 console buss,console-emi,drive_6,silence,630.0,-200.0,-200.0,-200.0
nlsbuss_spike,Waves,EMI TG12345 console buss,console-emi,drive_6,silence,6300.0,-200.0,-200.0,-200.0
nlsbuss_spike,Waves,EMI TG12345 console buss,console-emi,drive_6,silence,80.0,-200.0,-200.0,-200.0
nlsbuss_spike,Waves,EMI TG12345 console buss,console-emi,drive_6,silence,800.0,-200.0,-200.0,-200.0
nlsbuss_spike,Waves,EMI TG12345 console buss,console-emi,drive_6,silence,8000.0,-200.0,-200.0,-200.0
nlsbuss_spike,Waves,EMI TG12345 console buss,console-emi,drive_6,under_tone_-12,100.0,-194.58,-44.37,-125.55
nlsbuss_spike,Waves,EMI TG12345 console buss,console-emi,drive_6,under_tone_-12,1000.0,-149.02,-44.37,-125.55
nlsbuss_spike,Waves,EMI TG12345 console buss,console-emi,drive_6,under_tone_-12,10000.0,-161.32,-44.37,-125.55
nlsbuss_spike,Waves,EMI TG12345 console buss,console-emi,drive_6,under_tone_-12,125.0,-196.21,-44.37,-125.55
nlsbuss_spike,Waves,EMI TG12345 console buss,console-emi,drive_6,under_tone_-12,1250.0,-189.19,-44.37,-125.55
nlsbuss_spike,Waves,EMI TG12345 console buss,console-emi,drive_6,under_tone_-12,12500.0,-164.55,-44.37,-125.55
nlsbuss_spike,Waves,EMI TG12345 console buss,console-emi,drive_6,under_tone_-12,160.0,-196.35,-44.37,-125.55
nlsbuss_spike,Waves,EMI TG12345 console buss,console-emi,drive_6,under_tone_-12,1600.0,-190.86,-44.37,-125.55
nlsbuss_spike,Waves,EMI TG12345 console buss,console-emi,drive_6,under_tone_-12,16000.0,-163.66,-44.37,-125.55
nlsbuss_spike,Waves,EMI TG12345 console buss,console-emi,drive_6,under_tone_-12,20.0,-193.27,-44.37,-125.55
nlsbuss_spike,Waves,EMI TG12345 console buss,console-emi,drive_6,under_tone_-12,200.0,-197.9,-44.37,-125.55
nlsbuss_spike,Waves,EMI TG12345 console buss,console-emi,drive_6,under_tone_-12,2000.0,-160.27,-44.37,-125.55
nlsbuss_spike,Waves,EMI TG12345 console buss,console-emi,drive_6,under_tone_-12,20000.0,-117.19,-44.37,-125.55
nlsbuss_spike,Waves,EMI TG12345 console buss,console-emi,drive_6,under_tone_-12,25.0,-194.2,-44.37,-125.55
nlsbuss_spike,Waves,EMI TG12345 console buss,console-emi,drive_6,under_tone_-12,250.0,-196.19,-44.37,-125.55
nlsbuss_spike,Waves,EMI TG12345 console buss,console-emi,drive_6,under_tone_-12,2500.0,-188.51,-44.37,-125.55
nlsbuss_spike,Waves,EMI TG12345 console buss,console-emi,drive_6,under_tone_-12,31.5,-194.28,-44.37,-125.55
nlsbuss_spike,Waves,EMI TG12345 console buss,console-emi,drive_6,under_tone_-12,315.0,-197.52,-44.37,-125.55
nlsbuss_spike,Waves,EMI TG12345 console buss,console-emi,drive_6,under_tone_-12,3150.0,-159.04,-44.37,-125.55
nlsbuss_spike,Waves,EMI TG12345 console buss,console-emi,drive_6,under_tone_-12,40.0,-192.88,-44.37,-125.55
nlsbuss_spike,Waves,EMI TG12345 console buss,console-emi,drive_6,under_tone_-12,400.0,-196.81,-44.37,-125.55
nlsbuss_spike,Waves,EMI TG12345 console buss,console-emi,drive_6,under_tone_-12,4000.0,-161.15,-44.37,-125.55
nlsbuss_spike,Waves,EMI TG12345 console buss,console-emi,drive_6,under_tone_-12,50.0,-195.53,-44.37,-125.55
nlsbuss_spike,Waves,EMI TG12345 console buss,console-emi,drive_6,under_tone_-12,500.0,-196.45,-44.37,-125.55
nlsbuss_spike,Waves,EMI TG12345 console buss,console-emi,drive_6,under_tone_-12,5000.0,-161.36,-44.37,-125.55
nlsbuss_spike,Waves,EMI TG12345 console buss,console-emi,drive_6,under_tone_-12,63.0,-192.02,-44.37,-125.55
nlsbuss_spike,Waves,EMI TG12345 console buss,console-emi,drive_6,under_tone_-12,630.0,-194.61,-44.37,-125.55
nlsbuss_spike,Waves,EMI TG12345 console buss,console-emi,drive_6,under_tone_-12,6300.0,-159.62,-44.37,-125.55
nlsbuss_spike,Waves,EMI TG12345 console buss,console-emi,drive_6,under_tone_-12,80.0,-194.45,-44.37,-125.55
nlsbuss_spike,Waves,EMI TG12345 console buss,console-emi,drive_6,under_tone_-12,800.0,-189.64,-44.37,-125.55
nlsbuss_spike,Waves,EMI TG12345 console buss,console-emi,drive_6,under_tone_-12,8000.0,-163.99,-44.37,-125.55
nlsbuss_spike,Waves,EMI TG12345 console buss,console-emi,matched_thd_1_pct,silence,100.0,-200.0,-200.0,-200.0
nlsbuss_spike,Waves,EMI TG12345 console buss,console-emi,matched_thd_1_pct,silence,1000.0,-200.0,-200.0,-200.0
nlsbuss_spike,Waves,EMI TG12345 console buss,console-emi,matched_thd_1_pct,silence,10000.0,-200.0,-200.0,-200.0
nlsbuss_spike,Waves,EMI TG12345 console buss,console-emi,matched_thd_1_pct,silence,125.0,-200.0,-200.0,-200.0
nlsbuss_spike,Waves,EMI TG12345 console buss,console-emi,matched_thd_1_pct,silence,1250.0,-200.0,-200.0,-200.0
nlsbuss_spike,Waves,EMI TG12345 console buss,console-emi,matched_thd_1_pct,silence,12500.0,-200.0,-200.0,-200.0
nlsbuss_spike,Waves,EMI TG12345 console buss,console-emi,matched_thd_1_pct,silence,160.0,-200.0,-200.0,-200.0
nlsbuss_spike,Waves,EMI TG12345 console buss,console-emi,matched_thd_1_pct,silence,1600.0,-200.0,-200.0,-200.0
nlsbuss_spike,Waves,EMI TG12345 console buss,console-emi,matched_thd_1_pct,silence,16000.0,-200.0,-200.0,-200.0
nlsbuss_spike,Waves,EMI TG12345 console buss,console-emi,matched_thd_1_pct,silence,20.0,-200.0,-200.0,-200.0
nlsbuss_spike,Waves,EMI TG12345 console buss,console-emi,matched_thd_1_pct,silence,200.0,-200.0,-200.0,-200.0
nlsbuss_spike,Waves,EMI TG12345 console buss,console-emi,matched_thd_1_pct,silence,2000.0,-200.0,-200.0,-200.0
nlsbuss_spike,Waves,EMI TG12345 console buss,console-emi,matched_thd_1_pct,silence,20000.0,-200.0,-200.0,-200.0
nlsbuss_spike,Waves,EMI TG12345 console buss,console-emi,matched_thd_1_pct,silence,25.0,-200.0,-200.0,-200.0
nlsbuss_spike,Waves,EMI TG12345 console buss,console-emi,matched_thd_1_pct,silence,250.0,-200.0,-200.0,-200.0
nlsbuss_spike,Waves,EMI TG12345 console buss,console-emi,matched_thd_1_pct,silence,2500.0,-200.0,-200.0,-200.0
nlsbuss_spike,Waves,EMI TG12345 console buss,console-emi,matched_thd_1_pct,silence,31.5,-200.0,-200.0,-200.0
nlsbuss_spike,Waves,EMI TG12345 console buss,console-emi,matched_thd_1_pct,silence,315.0,-200.0,-200.0,-200.0
nlsbuss_spike,Waves,EMI TG12345 console buss,console-emi,matched_thd_1_pct,silence,3150.0,-200.0,-200.0,-200.0
nlsbuss_spike,Waves,EMI TG12345 console buss,console-emi,matched_thd_1_pct,silence,40.0,-200.0,-200.0,-200.0
nlsbuss_spike,Waves,EMI TG12345 console buss,console-emi,matched_thd_1_pct,silence,400.0,-200.0,-200.0,-200.0
nlsbuss_spike,Waves,EMI TG12345 console buss,console-emi,matched_thd_1_pct,silence,4000.0,-200.0,-200.0,-200.0
nlsbuss_spike,Waves,EMI TG12345 console buss,console-emi,matched_thd_1_pct,silence,50.0,-200.0,-200.0,-200.0
nlsbuss_spike,Waves,EMI TG12345 console buss,console-emi,matched_thd_1_pct,silence,500.0,-200.0,-200.0,-200.0
nlsbuss_spike,Waves,EMI TG12345 console buss,console-emi,matched_thd_1_pct,silence,5000.0,-200.0,-200.0,-200.0
nlsbuss_spike,Waves,EMI TG12345 console buss,console-emi,matched_thd_1_pct,silence,63.0,-200.0,-200.0,-200.0
nlsbuss_spike,Waves,EMI TG12345 console buss,console-emi,matched_thd_1_pct,silence,630.0,-200.0,-200.0,-200.0
nlsbuss_spike,Waves,EMI TG12345 console buss,console-emi,matched_thd_1_pct,silence,6300.0,-200.0,-200.0,-200.0
nlsbuss_spike,Waves,EMI TG12345 console buss,console-emi,matched_thd_1_pct,silence,80.0,-200.0,-200.0,-200.0
nlsbuss_spike,Waves,EMI TG12345 console buss,console-emi,matched_thd_1_pct,silence,800.0,-200.0,-200.0,-200.0
nlsbuss_spike,Waves,EMI TG12345 console buss,console-emi,matched_thd_1_pct,silence,8000.0,-200.0,-200.0,-200.0
nlsbuss_spike,Waves,EMI TG12345 console buss,console-emi,matched_thd_1_pct,under_tone_-12,100.0,-196.29,-49.96,-131.67
nlsbuss_spike,Waves,EMI TG12345 console buss,console-emi,matched_thd_1_pct,under_tone_-12,1000.0,-153.88,-49.96,-131.67
nlsbuss_spike,Waves,EMI TG12345 console buss,console-emi,matched_thd_1_pct,under_tone_-12,10000.0,-162.28,-49.96,-131.67
nlsbuss_spike,Waves,EMI TG12345 console buss,console-emi,matched_thd_1_pct,under_tone_-12,125.0,-197.7,-49.96,-131.67
nlsbuss_spike,Waves,EMI TG12345 console buss,console-emi,matched_thd_1_pct,under_tone_-12,1250.0,-192.36,-49.96,-131.67
nlsbuss_spike,Waves,EMI TG12345 console buss,console-emi,matched_thd_1_pct,under_tone_-12,12500.0,-165.43,-49.96,-131.67
nlsbuss_spike,Waves,EMI TG12345 console buss,console-emi,matched_thd_1_pct,under_tone_-12,160.0,-198.92,-49.96,-131.67
nlsbuss_spike,Waves,EMI TG12345 console buss,console-emi,matched_thd_1_pct,under_tone_-12,1600.0,-192.99,-49.96,-131.67
nlsbuss_spike,Waves,EMI TG12345 console buss,console-emi,matched_thd_1_pct,under_tone_-12,16000.0,-164.61,-49.96,-131.67
nlsbuss_spike,Waves,EMI TG12345 console buss,console-emi,matched_thd_1_pct,under_tone_-12,20.0,-193.25,-49.96,-131.67
nlsbuss_spike,Waves,EMI TG12345 console buss,console-emi,matched_thd_1_pct,under_tone_-12,200.0,-199.67,-49.96,-131.67
nlsbuss_spike,Waves,EMI TG12345 console buss,console-emi,matched_thd_1_pct,under_tone_-12,2000.0,-161.52,-49.96,-131.67
nlsbuss_spike,Waves,EMI TG12345 console buss,console-emi,matched_thd_1_pct,under_tone_-12,20000.0,-123.36,-49.96,-131.67
nlsbuss_spike,Waves,EMI TG12345 console buss,console-emi,matched_thd_1_pct,under_tone_-12,25.0,-194.54,-49.96,-131.67
nlsbuss_spike,Waves,EMI TG12345 console buss,console-emi,matched_thd_1_pct,under_tone_-12,250.0,-199.27,-49.96,-131.67
nlsbuss_spike,Waves,EMI TG12345 console buss,console-emi,matched_thd_1_pct,under_tone_-12,2500.0,-190.69,-49.96,-131.67
nlsbuss_spike,Waves,EMI TG12345 console buss,console-emi,matched_thd_1_pct,under_tone_-12,31.5,-194.29,-49.96,-131.67
nlsbuss_spike,Waves,EMI TG12345 console buss,console-emi,matched_thd_1_pct,under_tone_-12,315.0,-199.91,-49.96,-131.67
nlsbuss_spike,Waves,EMI TG12345 console buss,console-emi,matched_thd_1_pct,under_tone_-12,3150.0,-161.21,-49.96,-131.67
nlsbuss_spike,Waves,EMI TG12345 console buss,console-emi,matched_thd_1_pct,under_tone_-12,40.0,-196.2,-49.96,-131.67
nlsbuss_spike,Waves,EMI TG12345 console buss,console-emi,matched_thd_1_pct,under_tone_-12,400.0,-200.0,-49.96,-131.67
nlsbuss_spike,Waves,EMI TG12345 console buss,console-emi,matched_thd_1_pct,under_tone_-12,4000.0,-162.06,-49.96,-131.67
nlsbuss_spike,Waves,EMI TG12345 console buss,console-emi,matched_thd_1_pct,under_tone_-12,50.0,-197.31,-49.96,-131.67
nlsbuss_spike,Waves,EMI TG12345 console buss,console-emi,matched_thd_1_pct,under_tone_-12,500.0,-198.67,-49.96,-131.67
nlsbuss_spike,Waves,EMI TG12345 console buss,console-emi,matched_thd_1_pct,under_tone_-12,5000.0,-162.59,-49.96,-131.67
nlsbuss_spike,Waves,EMI TG12345 console buss,console-emi,matched_thd_1_pct,under_tone_-12,63.0,-196.83,-49.96,-131.67
nlsbuss_spike,Waves,EMI TG12345 console buss,console-emi,matched_thd_1_pct,under_tone_-12,630.0,-197.4,-49.96,-131.67
nlsbuss_spike,Waves,EMI TG12345 console buss,console-emi,matched_thd_1_pct,under_tone_-12,6300.0,-160.67,-49.96,-131.67
nlsbuss_spike,Waves,EMI TG12345 console buss,console-emi,matched_thd_1_pct,under_tone_-12,80.0,-198.5,-49.96,-131.67
nlsbuss_spike,Waves,EMI TG12345 console buss,console-emi,matched_thd_1_pct,under_tone_-12,800.0,-192.18,-49.96,-131.67
nlsbuss_spike,Waves,EMI TG12345 console buss,console-emi,matched_thd_1_pct,under_tone_-12,8000.0,-164.82,-49.96,-131.67
nlsbuss_spike,Waves,EMI TG12345 console buss,console-emi,matched_thd_3_pct,silence,100.0,-200.0,-200.0,-200.0
nlsbuss_spike,Waves,EMI TG12345 console buss,console-emi,matched_thd_3_pct,silence,1000.0,-200.0,-200.0,-200.0
nlsbuss_spike,Waves,EMI TG12345 console buss,console-emi,matched_thd_3_pct,silence,10000.0,-200.0,-200.0,-200.0
nlsbuss_spike,Waves,EMI TG12345 console buss,console-emi,matched_thd_3_pct,silence,125.0,-200.0,-200.0,-200.0
nlsbuss_spike,Waves,EMI TG12345 console buss,console-emi,matched_thd_3_pct,silence,1250.0,-200.0,-200.0,-200.0
nlsbuss_spike,Waves,EMI TG12345 console buss,console-emi,matched_thd_3_pct,silence,12500.0,-200.0,-200.0,-200.0
nlsbuss_spike,Waves,EMI TG12345 console buss,console-emi,matched_thd_3_pct,silence,160.0,-200.0,-200.0,-200.0
nlsbuss_spike,Waves,EMI TG12345 console buss,console-emi,matched_thd_3_pct,silence,1600.0,-200.0,-200.0,-200.0
nlsbuss_spike,Waves,EMI TG12345 console buss,console-emi,matched_thd_3_pct,silence,16000.0,-200.0,-200.0,-200.0
nlsbuss_spike,Waves,EMI TG12345 console buss,console-emi,matched_thd_3_pct,silence,20.0,-200.0,-200.0,-200.0
nlsbuss_spike,Waves,EMI TG12345 console buss,console-emi,matched_thd_3_pct,silence,200.0,-200.0,-200.0,-200.0
nlsbuss_spike,Waves,EMI TG12345 console buss,console-emi,matched_thd_3_pct,silence,2000.0,-200.0,-200.0,-200.0
nlsbuss_spike,Waves,EMI TG12345 console buss,console-emi,matched_thd_3_pct,silence,20000.0,-200.0,-200.0,-200.0
nlsbuss_spike,Waves,EMI TG12345 console buss,console-emi,matched_thd_3_pct,silence,25.0,-200.0,-200.0,-200.0
nlsbuss_spike,Waves,EMI TG12345 console buss,console-emi,matched_thd_3_pct,silence,250.0,-200.0,-200.0,-200.0
nlsbuss_spike,Waves,EMI TG12345 console buss,console-emi,matched_thd_3_pct,silence,2500.0,-200.0,-200.0,-200.0
nlsbuss_spike,Waves,EMI TG12345 console buss,console-emi,matched_thd_3_pct,silence,31.5,-200.0,-200.0,-200.0
nlsbuss_spike,Waves,EMI TG12345 console buss,console-emi,matched_thd_3_pct,silence,315.0,-200.0,-200.0,-200.0
nlsbuss_spike,Waves,EMI TG12345 console buss,console-emi,matched_thd_3_pct,silence,3150.0,-200.0,-200.0,-200.0
nlsbuss_spike,Waves,EMI TG12345 console buss,console-emi,matched_thd_3_pct,silence,40.0,-200.0,-200.0,-200.0
nlsbuss_spike,Waves,EMI TG12345 console buss,console-emi,matched_thd_3_pct,silence,400.0,-200.0,-200.0,-200.0
nlsbuss_spike,Waves,EMI TG12345 console buss,console-emi,matched_thd_3_pct,silence,4000.0,-200.0,-200.0,-200.0
nlsbuss_spike,Waves,EMI TG12345 console buss,console-emi,matched_thd_3_pct,silence,50.0,-200.0,-200.0,-200.0
nlsbuss_spike,Waves,EMI TG12345 console buss,console-emi,matched_thd_3_pct,silence,500.0,-200.0,-200.0,-200.0
nlsbuss_spike,Waves,EMI TG12345 console buss,console-emi,matched_thd_3_pct,silence,5000.0,-200.0,-200.0,-200.0
nlsbuss_spike,Waves,EMI TG12345 console buss,console-emi,matched_thd_3_pct,silence,63.0,-200.0,-200.0,-200.0
nlsbuss_spike,Waves,EMI TG12345 console buss,console-emi,matched_thd_3_pct,silence,630.0,-200.0,-200.0,-200.0
nlsbuss_spike,Waves,EMI TG12345 console buss,console-emi,matched_thd_3_pct,silence,6300.0,-200.0,-200.0,-200.0
nlsbuss_spike,Waves,EMI TG12345 console buss,console-emi,matched_thd_3_pct,silence,80.0,-200.0,-200.0,-200.0
nlsbuss_spike,Waves,EMI TG12345 console buss,console-emi,matched_thd_3_pct,silence,800.0,-200.0,-200.0,-200.0
nlsbuss_spike,Waves,EMI TG12345 console buss,console-emi,matched_thd_3_pct,silence,8000.0,-200.0,-200.0,-200.0
nlsbuss_spike,Waves,EMI TG12345 console buss,console-emi,matched_thd_3_pct,under_tone_-12,100.0,-191.01,-34.78,-112.59
nlsbuss_spike,Waves,EMI TG12345 console buss,console-emi,matched_thd_3_pct,under_tone_-12,1000.0,-140.39,-34.78,-112.59
nlsbuss_spike,Waves,EMI TG12345 console buss,console-emi,matched_thd_3_pct,under_tone_-12,10000.0,-156.3,-34.78,-112.59
nlsbuss_spike,Waves,EMI TG12345 console buss,console-emi,matched_thd_3_pct,under_tone_-12,125.0,-192.04,-34.78,-112.59
nlsbuss_spike,Waves,EMI TG12345 console buss,console-emi,matched_thd_3_pct,under_tone_-12,1250.0,-184.7,-34.78,-112.59
nlsbuss_spike,Waves,EMI TG12345 console buss,console-emi,matched_thd_3_pct,under_tone_-12,12500.0,-159.56,-34.78,-112.59
nlsbuss_spike,Waves,EMI TG12345 console buss,console-emi,matched_thd_3_pct,under_tone_-12,160.0,-192.78,-34.78,-112.59
nlsbuss_spike,Waves,EMI TG12345 console buss,console-emi,matched_thd_3_pct,under_tone_-12,1600.0,-185.78,-34.78,-112.59
nlsbuss_spike,Waves,EMI TG12345 console buss,console-emi,matched_thd_3_pct,under_tone_-12,16000.0,-158.78,-34.78,-112.59
nlsbuss_spike,Waves,EMI TG12345 console buss,console-emi,matched_thd_3_pct,under_tone_-12,20.0,-188.0,-34.78,-112.59
nlsbuss_spike,Waves,EMI TG12345 console buss,console-emi,matched_thd_3_pct,under_tone_-12,200.0,-191.28,-34.78,-112.59
nlsbuss_spike,Waves,EMI TG12345 console buss,console-emi,matched_thd_3_pct,under_tone_-12,2000.0,-155.7,-34.78,-112.59
nlsbuss_spike,Waves,EMI TG12345 console buss,console-emi,matched_thd_3_pct,under_tone_-12,20000.0,-103.91,-34.78,-112.59
nlsbuss_spike,Waves,EMI TG12345 console buss,console-emi,matched_thd_3_pct,under_tone_-12,25.0,-188.03,-34.78,-112.59
nlsbuss_spike,Waves,EMI TG12345 console buss,console-emi,matched_thd_3_pct,under_tone_-12,250.0,-191.76,-34.78,-112.59
nlsbuss_spike,Waves,EMI TG12345 console buss,console-emi,matched_thd_3_pct,under_tone_-12,2500.0,-183.69,-34.78,-112.59
nlsbuss_spike,Waves,EMI TG12345 console buss,console-emi,matched_thd_3_pct,under_tone_-12,31.5,-189.46,-34.78,-112.59
nlsbuss_spike,Waves,EMI TG12345 console buss,console-emi,matched_thd_3_pct,under_tone_-12,315.0,-191.73,-34.78,-112.59
nlsbuss_spike,Waves,EMI TG12345 console buss,console-emi,matched_thd_3_pct,under_tone_-12,3150.0,-151.28,-34.78,-112.59
nlsbuss_spike,Waves,EMI TG12345 console buss,console-emi,matched_thd_3_pct,under_tone_-12,40.0,-192.21,-34.78,-112.59
nlsbuss_spike,Waves,EMI TG12345 console buss,console-emi,matched_thd_3_pct,under_tone_-12,400.0,-192.53,-34.78,-112.59
nlsbuss_spike,Waves,EMI TG12345 console buss,console-emi,matched_thd_3_pct,under_tone_-12,4000.0,-156.35,-34.78,-112.59
nlsbuss_spike,Waves,EMI TG12345 console buss,console-emi,matched_thd_3_pct,under_tone_-12,50.0,-190.5,-34.78,-112.59
nlsbuss_spike,Waves,EMI TG12345 console buss,console-emi,matched_thd_3_pct,under_tone_-12,500.0,-191.51,-34.78,-112.59
nlsbuss_spike,Waves,EMI TG12345 console buss,console-emi,matched_thd_3_pct,under_tone_-12,5000.0,-155.26,-34.78,-112.59
nlsbuss_spike,Waves,EMI TG12345 console buss,console-emi,matched_thd_3_pct,under_tone_-12,63.0,-189.49,-34.78,-112.59
nlsbuss_spike,Waves,EMI TG12345 console buss,console-emi,matched_thd_3_pct,under_tone_-12,630.0,-189.6,-34.78,-112.59
nlsbuss_spike,Waves,EMI TG12345 console buss,console-emi,matched_thd_3_pct,under_tone_-12,6300.0,-154.57,-34.78,-112.59
nlsbuss_spike,Waves,EMI TG12345 console buss,console-emi,matched_thd_3_pct,under_tone_-12,80.0,-188.24,-34.78,-112.59
nlsbuss_spike,Waves,EMI TG12345 console buss,console-emi,matched_thd_3_pct,under_tone_-12,800.0,-184.95,-34.78,-112.59
nlsbuss_spike,Waves,EMI TG12345 console buss,console-emi,matched_thd_3_pct,under_tone_-12,8000.0,-159.3,-34.78,-112.59
ssl_ev2,Waves,SSL 4000 E console channel,console-ssl,analog_off,silence,100.0,-200.0,-200.0,-200.0
ssl_ev2,Waves,SSL 4000 E console channel,console-ssl,analog_off,silence,1000.0,-200.0,-200.0,-200.0
ssl_ev2,Waves,SSL 4000 E console channel,console-ssl,analog_off,silence,10000.0,-200.0,-200.0,-200.0
ssl_ev2,Waves,SSL 4000 E console channel,console-ssl,analog_off,silence,125.0,-200.0,-200.0,-200.0
ssl_ev2,Waves,SSL 4000 E console channel,console-ssl,analog_off,silence,1250.0,-200.0,-200.0,-200.0
ssl_ev2,Waves,SSL 4000 E console channel,console-ssl,analog_off,silence,12500.0,-200.0,-200.0,-200.0
ssl_ev2,Waves,SSL 4000 E console channel,console-ssl,analog_off,silence,160.0,-200.0,-200.0,-200.0
ssl_ev2,Waves,SSL 4000 E console channel,console-ssl,analog_off,silence,1600.0,-200.0,-200.0,-200.0
ssl_ev2,Waves,SSL 4000 E console channel,console-ssl,analog_off,silence,16000.0,-200.0,-200.0,-200.0
ssl_ev2,Waves,SSL 4000 E console channel,console-ssl,analog_off,silence,20.0,-200.0,-200.0,-200.0
ssl_ev2,Waves,SSL 4000 E console channel,console-ssl,analog_off,silence,200.0,-200.0,-200.0,-200.0
ssl_ev2,Waves,SSL 4000 E console channel,console-ssl,analog_off,silence,2000.0,-200.0,-200.0,-200.0
ssl_ev2,Waves,SSL 4000 E console channel,console-ssl,analog_off,silence,20000.0,-200.0,-200.0,-200.0
ssl_ev2,Waves,SSL 4000 E console channel,console-ssl,analog_off,silence,25.0,-200.0,-200.0,-200.0
ssl_ev2,Waves,SSL 4000 E console channel,console-ssl,analog_off,silence,250.0,-200.0,-200.0,-200.0
ssl_ev2,Waves,SSL 4000 E console channel,console-ssl,analog_off,silence,2500.0,-200.0,-200.0,-200.0
ssl_ev2,Waves,SSL 4000 E console channel,console-ssl,analog_off,silence,31.5,-200.0,-200.0,-200.0
ssl_ev2,Waves,SSL 4000 E console channel,console-ssl,analog_off,silence,315.0,-200.0,-200.0,-200.0
ssl_ev2,Waves,SSL 4000 E console channel,console-ssl,analog_off,silence,3150.0,-200.0,-200.0,-200.0
ssl_ev2,Waves,SSL 4000 E console channel,console-ssl,analog_off,silence,40.0,-200.0,-200.0,-200.0
ssl_ev2,Waves,SSL 4000 E console channel,console-ssl,analog_off,silence,400.0,-200.0,-200.0,-200.0
ssl_ev2,Waves,SSL 4000 E console channel,console-ssl,analog_off,silence,4000.0,-200.0,-200.0,-200.0
ssl_ev2,Waves,SSL 4000 E console channel,console-ssl,analog_off,silence,50.0,-200.0,-200.0,-200.0
ssl_ev2,Waves,SSL 4000 E console channel,console-ssl,analog_off,silence,500.0,-200.0,-200.0,-200.0
ssl_ev2,Waves,SSL 4000 E console channel,console-ssl,analog_off,silence,5000.0,-200.0,-200.0,-200.0
ssl_ev2,Waves,SSL 4000 E console channel,console-ssl,analog_off,silence,63.0,-200.0,-200.0,-200.0
ssl_ev2,Waves,SSL 4000 E console channel,console-ssl,analog_off,silence,630.0,-200.0,-200.0,-200.0
ssl_ev2,Waves,SSL 4000 E console channel,console-ssl,analog_off,silence,6300.0,-200.0,-200.0,-200.0
ssl_ev2,Waves,SSL 4000 E console channel,console-ssl,analog_off,silence,80.0,-200.0,-200.0,-200.0
ssl_ev2,Waves,SSL 4000 E console channel,console-ssl,analog_off,silence,800.0,-200.0,-200.0,-200.0
ssl_ev2,Waves,SSL 4000 E console channel,console-ssl,analog_off,silence,8000.0,-200.0,-200.0,-200.0
ssl_ev2,Waves,SSL 4000 E console channel,console-ssl,analog_off,under_tone_-12,100.0,-200.0,-118.67,-168.95
ssl_ev2,Waves,SSL 4000 E console channel,console-ssl,analog_off,under_tone_-12,1000.0,-181.38,-118.67,-168.95
ssl_ev2,Waves,SSL 4000 E console channel,console-ssl,analog_off,under_tone_-12,10000.0,-175.85,-118.67,-168.95
ssl_ev2,Waves,SSL 4000 E console channel,console-ssl,analog_off,under_tone_-12,125.0,-200.0,-118.67,-168.95
ssl_ev2,Waves,SSL 4000 E console channel,console-ssl,analog_off,under_tone_-12,1250.0,-200.0,-118.67,-168.95
ssl_ev2,Waves,SSL 4000 E console channel,console-ssl,analog_off,under_tone_-12,12500.0,-174.21,-118.67,-168.95
ssl_ev2,Waves,SSL 4000 E console channel,console-ssl,analog_off,under_tone_-12,160.0,-200.0,-118.67,-168.95
ssl_ev2,Waves,SSL 4000 E console channel,console-ssl,analog_off,under_tone_-12,1600.0,-200.0,-118.67,-168.95
ssl_ev2,Waves,SSL 4000 E console channel,console-ssl,analog_off,under_tone_-12,16000.0,-171.71,-118.67,-168.95
ssl_ev2,Waves,SSL 4000 E console channel,console-ssl,analog_off,under_tone_-12,20.0,-200.0,-118.67,-168.95
ssl_ev2,Waves,SSL 4000 E console channel,console-ssl,analog_off,under_tone_-12,200.0,-200.0,-118.67,-168.95
ssl_ev2,Waves,SSL 4000 E console channel,console-ssl,analog_off,under_tone_-12,2000.0,-181.01,-118.67,-168.95
ssl_ev2,Waves,SSL 4000 E console channel,console-ssl,analog_off,under_tone_-12,20000.0,-166.82,-118.67,-168.95
ssl_ev2,Waves,SSL 4000 E console channel,console-ssl,analog_off,under_tone_-12,25.0,-200.0,-118.67,-168.95
ssl_ev2,Waves,SSL 4000 E console channel,console-ssl,analog_off,under_tone_-12,250.0,-200.0,-118.67,-168.95
ssl_ev2,Waves,SSL 4000 E console channel,console-ssl,analog_off,under_tone_-12,2500.0,-200.0,-118.67,-168.95
ssl_ev2,Waves,SSL 4000 E console channel,console-ssl,analog_off,under_tone_-12,31.5,-200.0,-118.67,-168.95
ssl_ev2,Waves,SSL 4000 E console channel,console-ssl,analog_off,under_tone_-12,315.0,-200.0,-118.67,-168.95
ssl_ev2,Waves,SSL 4000 E console channel,console-ssl,analog_off,under_tone_-12,3150.0,-182.52,-118.67,-168.95
ssl_ev2,Waves,SSL 4000 E console channel,console-ssl,analog_off,under_tone_-12,40.0,-200.0,-118.67,-168.95
ssl_ev2,Waves,SSL 4000 E console channel,console-ssl,analog_off,under_tone_-12,400.0,-200.0,-118.67,-168.95
ssl_ev2,Waves,SSL 4000 E console channel,console-ssl,analog_off,under_tone_-12,4000.0,-182.06,-118.67,-168.95
ssl_ev2,Waves,SSL 4000 E console channel,console-ssl,analog_off,under_tone_-12,50.0,-200.0,-118.67,-168.95
ssl_ev2,Waves,SSL 4000 E console channel,console-ssl,analog_off,under_tone_-12,500.0,-200.0,-118.67,-168.95
ssl_ev2,Waves,SSL 4000 E console channel,console-ssl,analog_off,under_tone_-12,5000.0,-182.22,-118.67,-168.95
ssl_ev2,Waves,SSL 4000 E console channel,console-ssl,analog_off,under_tone_-12,63.0,-200.0,-118.67,-168.95
ssl_ev2,Waves,SSL 4000 E console channel,console-ssl,analog_off,under_tone_-12,630.0,-200.0,-118.67,-168.95
ssl_ev2,Waves,SSL 4000 E console channel,console-ssl,analog_off,under_tone_-12,6300.0,-178.8,-118.67,-168.95
ssl_ev2,Waves,SSL 4000 E console channel,console-ssl,analog_off,under_tone_-12,80.0,-200.0,-118.67,-168.95
ssl_ev2,Waves,SSL 4000 E console channel,console-ssl,analog_off,under_tone_-12,800.0,-200.0,-118.67,-168.95
ssl_ev2,Waves,SSL 4000 E console channel,console-ssl,analog_off,under_tone_-12,8000.0,-181.38,-118.67,-168.95
ssl_ev2,Waves,SSL 4000 E console channel,console-ssl,line_0,silence,100.0,-200.0,-200.0,-200.0
ssl_ev2,Waves,SSL 4000 E console channel,console-ssl,line_0,silence,1000.0,-200.0,-200.0,-200.0
ssl_ev2,Waves,SSL 4000 E console channel,console-ssl,line_0,silence,10000.0,-200.0,-200.0,-200.0
ssl_ev2,Waves,SSL 4000 E console channel,console-ssl,line_0,silence,125.0,-200.0,-200.0,-200.0
ssl_ev2,Waves,SSL 4000 E console channel,console-ssl,line_0,silence,1250.0,-200.0,-200.0,-200.0
ssl_ev2,Waves,SSL 4000 E console channel,console-ssl,line_0,silence,12500.0,-200.0,-200.0,-200.0
ssl_ev2,Waves,SSL 4000 E console channel,console-ssl,line_0,silence,160.0,-200.0,-200.0,-200.0
ssl_ev2,Waves,SSL 4000 E console channel,console-ssl,line_0,silence,1600.0,-200.0,-200.0,-200.0
ssl_ev2,Waves,SSL 4000 E console channel,console-ssl,line_0,silence,16000.0,-200.0,-200.0,-200.0
ssl_ev2,Waves,SSL 4000 E console channel,console-ssl,line_0,silence,20.0,-200.0,-200.0,-200.0
ssl_ev2,Waves,SSL 4000 E console channel,console-ssl,line_0,silence,200.0,-200.0,-200.0,-200.0
ssl_ev2,Waves,SSL 4000 E console channel,console-ssl,line_0,silence,2000.0,-200.0,-200.0,-200.0
ssl_ev2,Waves,SSL 4000 E console channel,console-ssl,line_0,silence,20000.0,-200.0,-200.0,-200.0
ssl_ev2,Waves,SSL 4000 E console channel,console-ssl,line_0,silence,25.0,-200.0,-200.0,-200.0
ssl_ev2,Waves,SSL 4000 E console channel,console-ssl,line_0,silence,250.0,-200.0,-200.0,-200.0
ssl_ev2,Waves,SSL 4000 E console channel,console-ssl,line_0,silence,2500.0,-200.0,-200.0,-200.0
ssl_ev2,Waves,SSL 4000 E console channel,console-ssl,line_0,silence,31.5,-200.0,-200.0,-200.0
ssl_ev2,Waves,SSL 4000 E console channel,console-ssl,line_0,silence,315.0,-200.0,-200.0,-200.0
ssl_ev2,Waves,SSL 4000 E console channel,console-ssl,line_0,silence,3150.0,-200.0,-200.0,-200.0
ssl_ev2,Waves,SSL 4000 E console channel,console-ssl,line_0,silence,40.0,-200.0,-200.0,-200.0
ssl_ev2,Waves,SSL 4000 E console channel,console-ssl,line_0,silence,400.0,-200.0,-200.0,-200.0
ssl_ev2,Waves,SSL 4000 E console channel,console-ssl,line_0,silence,4000.0,-200.0,-200.0,-200.0
ssl_ev2,Waves,SSL 4000 E console channel,console-ssl,line_0,silence,50.0,-200.0,-200.0,-200.0
ssl_ev2,Waves,SSL 4000 E console channel,console-ssl,line_0,silence,500.0,-200.0,-200.0,-200.0
ssl_ev2,Waves,SSL 4000 E console channel,console-ssl,line_0,silence,5000.0,-200.0,-200.0,-200.0
ssl_ev2,Waves,SSL 4000 E console channel,console-ssl,line_0,silence,63.0,-200.0,-200.0,-200.0
ssl_ev2,Waves,SSL 4000 E console channel,console-ssl,line_0,silence,630.0,-200.0,-200.0,-200.0
ssl_ev2,Waves,SSL 4000 E console channel,console-ssl,line_0,silence,6300.0,-200.0,-200.0,-200.0
ssl_ev2,Waves,SSL 4000 E console channel,console-ssl,line_0,silence,80.0,-200.0,-200.0,-200.0
ssl_ev2,Waves,SSL 4000 E console channel,console-ssl,line_0,silence,800.0,-200.0,-200.0,-200.0
ssl_ev2,Waves,SSL 4000 E console channel,console-ssl,line_0,silence,8000.0,-200.0,-200.0,-200.0
ssl_ev2,Waves,SSL 4000 E console channel,console-ssl,line_0,under_tone_-12,100.0,-200.0,-55.83,-131.13
ssl_ev2,Waves,SSL 4000 E console channel,console-ssl,line_0,under_tone_-12,1000.0,-181.36,-55.83,-131.13
ssl_ev2,Waves,SSL 4000 E console channel,console-ssl,line_0,under_tone_-12,10000.0,-175.83,-55.83,-131.13
ssl_ev2,Waves,SSL 4000 E console channel,console-ssl,line_0,under_tone_-12,125.0,-200.0,-55.83,-131.13
ssl_ev2,Waves,SSL 4000 E console channel,console-ssl,line_0,under_tone_-12,1250.0,-200.0,-55.83,-131.13
ssl_ev2,Waves,SSL 4000 E console channel,console-ssl,line_0,under_tone_-12,12500.0,-174.19,-55.83,-131.13
ssl_ev2,Waves,SSL 4000 E console channel,console-ssl,line_0,under_tone_-12,160.0,-200.0,-55.83,-131.13
ssl_ev2,Waves,SSL 4000 E console channel,console-ssl,line_0,under_tone_-12,1600.0,-200.0,-55.83,-131.13
ssl_ev2,Waves,SSL 4000 E console channel,console-ssl,line_0,under_tone_-12,16000.0,-171.68,-55.83,-131.13
ssl_ev2,Waves,SSL 4000 E console channel,console-ssl,line_0,under_tone_-12,20.0,-200.0,-55.83,-131.13
ssl_ev2,Waves,SSL 4000 E console channel,console-ssl,line_0,under_tone_-12,200.0,-200.0,-55.83,-131.13
ssl_ev2,Waves,SSL 4000 E console channel,console-ssl,line_0,under_tone_-12,2000.0,-180.98,-55.83,-131.13
ssl_ev2,Waves,SSL 4000 E console channel,console-ssl,line_0,under_tone_-12,20000.0,-121.35,-55.83,-131.13
ssl_ev2,Waves,SSL 4000 E console channel,console-ssl,line_0,under_tone_-12,25.0,-200.0,-55.83,-131.13
ssl_ev2,Waves,SSL 4000 E console channel,console-ssl,line_0,under_tone_-12,250.0,-200.0,-55.83,-131.13
ssl_ev2,Waves,SSL 4000 E console channel,console-ssl,line_0,under_tone_-12,2500.0,-200.0,-55.83,-131.13
ssl_ev2,Waves,SSL 4000 E console channel,console-ssl,line_0,under_tone_-12,31.5,-200.0,-55.83,-131.13
ssl_ev2,Waves,SSL 4000 E console channel,console-ssl,line_0,under_tone_-12,315.0,-200.0,-55.83,-131.13
ssl_ev2,Waves,SSL 4000 E console channel,console-ssl,line_0,under_tone_-12,3150.0,-182.5,-55.83,-131.13
ssl_ev2,Waves,SSL 4000 E console channel,console-ssl,line_0,under_tone_-12,40.0,-200.0,-55.83,-131.13
ssl_ev2,Waves,SSL 4000 E console channel,console-ssl,line_0,under_tone_-12,400.0,-200.0,-55.83,-131.13
ssl_ev2,Waves,SSL 4000 E console channel,console-ssl,line_0,under_tone_-12,4000.0,-182.05,-55.83,-131.13
ssl_ev2,Waves,SSL 4000 E console channel,console-ssl,line_0,under_tone_-12,50.0,-200.0,-55.83,-131.13
ssl_ev2,Waves,SSL 4000 E console channel,console-ssl,line_0,under_tone_-12,500.0,-200.0,-55.83,-131.13
ssl_ev2,Waves,SSL 4000 E console channel,console-ssl,line_0,under_tone_-12,5000.0,-182.2,-55.83,-131.13
ssl_ev2,Waves,SSL 4000 E console channel,console-ssl,line_0,under_tone_-12,63.0,-200.0,-55.83,-131.13
ssl_ev2,Waves,SSL 4000 E console channel,console-ssl,line_0,under_tone_-12,630.0,-200.0,-55.83,-131.13
ssl_ev2,Waves,SSL 4000 E console channel,console-ssl,line_0,under_tone_-12,6300.0,-178.78,-55.83,-131.13
ssl_ev2,Waves,SSL 4000 E console channel,console-ssl,line_0,under_tone_-12,80.0,-200.0,-55.83,-131.13
ssl_ev2,Waves,SSL 4000 E console channel,console-ssl,line_0,under_tone_-12,800.0,-200.0,-55.83,-131.13
ssl_ev2,Waves,SSL 4000 E console channel,console-ssl,line_0,under_tone_-12,8000.0,-181.36,-55.83,-131.13
ssl_ev2,Waves,SSL 4000 E console channel,console-ssl,line_10,silence,100.0,-200.0,-200.0,-200.0
ssl_ev2,Waves,SSL 4000 E console channel,console-ssl,line_10,silence,1000.0,-200.0,-200.0,-200.0
ssl_ev2,Waves,SSL 4000 E console channel,console-ssl,line_10,silence,10000.0,-200.0,-200.0,-200.0
ssl_ev2,Waves,SSL 4000 E console channel,console-ssl,line_10,silence,125.0,-200.0,-200.0,-200.0
ssl_ev2,Waves,SSL 4000 E console channel,console-ssl,line_10,silence,1250.0,-200.0,-200.0,-200.0
ssl_ev2,Waves,SSL 4000 E console channel,console-ssl,line_10,silence,12500.0,-200.0,-200.0,-200.0
ssl_ev2,Waves,SSL 4000 E console channel,console-ssl,line_10,silence,160.0,-200.0,-200.0,-200.0
ssl_ev2,Waves,SSL 4000 E console channel,console-ssl,line_10,silence,1600.0,-200.0,-200.0,-200.0
ssl_ev2,Waves,SSL 4000 E console channel,console-ssl,line_10,silence,16000.0,-200.0,-200.0,-200.0
ssl_ev2,Waves,SSL 4000 E console channel,console-ssl,line_10,silence,20.0,-200.0,-200.0,-200.0
ssl_ev2,Waves,SSL 4000 E console channel,console-ssl,line_10,silence,200.0,-200.0,-200.0,-200.0
ssl_ev2,Waves,SSL 4000 E console channel,console-ssl,line_10,silence,2000.0,-200.0,-200.0,-200.0
ssl_ev2,Waves,SSL 4000 E console channel,console-ssl,line_10,silence,20000.0,-200.0,-200.0,-200.0
ssl_ev2,Waves,SSL 4000 E console channel,console-ssl,line_10,silence,25.0,-200.0,-200.0,-200.0
ssl_ev2,Waves,SSL 4000 E console channel,console-ssl,line_10,silence,250.0,-200.0,-200.0,-200.0
ssl_ev2,Waves,SSL 4000 E console channel,console-ssl,line_10,silence,2500.0,-200.0,-200.0,-200.0
ssl_ev2,Waves,SSL 4000 E console channel,console-ssl,line_10,silence,31.5,-200.0,-200.0,-200.0
ssl_ev2,Waves,SSL 4000 E console channel,console-ssl,line_10,silence,315.0,-200.0,-200.0,-200.0
ssl_ev2,Waves,SSL 4000 E console channel,console-ssl,line_10,silence,3150.0,-200.0,-200.0,-200.0
ssl_ev2,Waves,SSL 4000 E console channel,console-ssl,line_10,silence,40.0,-200.0,-200.0,-200.0
ssl_ev2,Waves,SSL 4000 E console channel,console-ssl,line_10,silence,400.0,-200.0,-200.0,-200.0
ssl_ev2,Waves,SSL 4000 E console channel,console-ssl,line_10,silence,4000.0,-200.0,-200.0,-200.0
ssl_ev2,Waves,SSL 4000 E console channel,console-ssl,line_10,silence,50.0,-200.0,-200.0,-200.0
ssl_ev2,Waves,SSL 4000 E console channel,console-ssl,line_10,silence,500.0,-200.0,-200.0,-200.0
ssl_ev2,Waves,SSL 4000 E console channel,console-ssl,line_10,silence,5000.0,-200.0,-200.0,-200.0
ssl_ev2,Waves,SSL 4000 E console channel,console-ssl,line_10,silence,63.0,-200.0,-200.0,-200.0
ssl_ev2,Waves,SSL 4000 E console channel,console-ssl,line_10,silence,630.0,-200.0,-200.0,-200.0
ssl_ev2,Waves,SSL 4000 E console channel,console-ssl,line_10,silence,6300.0,-200.0,-200.0,-200.0
ssl_ev2,Waves,SSL 4000 E console channel,console-ssl,line_10,silence,80.0,-200.0,-200.0,-200.0
ssl_ev2,Waves,SSL 4000 E console channel,console-ssl,line_10,silence,800.0,-200.0,-200.0,-200.0
ssl_ev2,Waves,SSL 4000 E console channel,console-ssl,line_10,silence,8000.0,-200.0,-200.0,-200.0
ssl_ev2,Waves,SSL 4000 E console channel,console-ssl,line_10,under_tone_-12,100.0,-200.0,-50.33,-127.26
ssl_ev2,Waves,SSL 4000 E console channel,console-ssl,line_10,under_tone_-12,1000.0,-181.45,-50.33,-127.26
ssl_ev2,Waves,SSL 4000 E console channel,console-ssl,line_10,under_tone_-12,10000.0,-172.11,-50.33,-127.26
ssl_ev2,Waves,SSL 4000 E console channel,console-ssl,line_10,under_tone_-12,125.0,-200.0,-50.33,-127.26
ssl_ev2,Waves,SSL 4000 E console channel,console-ssl,line_10,under_tone_-12,1250.0,-169.0,-50.33,-127.26
ssl_ev2,Waves,SSL 4000 E console channel,console-ssl,line_10,under_tone_-12,12500.0,-170.53,-50.33,-127.26
ssl_ev2,Waves,SSL 4000 E console channel,console-ssl,line_10,under_tone_-12,160.0,-189.99,-50.33,-127.26
ssl_ev2,Waves,SSL 4000 E console channel,console-ssl,line_10,under_tone_-12,1600.0,-159.78,-50.33,-127.26
ssl_ev2,Waves,SSL 4000 E console channel,console-ssl,line_10,under_tone_-12,16000.0,-168.16,-50.33,-127.26
ssl_ev2,Waves,SSL 4000 E console channel,console-ssl,line_10,under_tone_-12,20.0,-200.0,-50.33,-127.26
ssl_ev2,Waves,SSL 4000 E console channel,console-ssl,line_10,under_tone_-12,200.0,-200.0,-50.33,-127.26
ssl_ev2,Waves,SSL 4000 E console channel,console-ssl,line_10,under_tone_-12,2000.0,-180.23,-50.33,-127.26
ssl_ev2,Waves,SSL 4000 E console channel,console-ssl,line_10,under_tone_-12,20000.0,-119.25,-50.33,-127.26
ssl_ev2,Waves,SSL 4000 E console channel,console-ssl,line_10,under_tone_-12,25.0,-200.0,-50.33,-127.26
ssl_ev2,Waves,SSL 4000 E console channel,console-ssl,line_10,under_tone_-12,250.0,-200.0,-50.33,-127.26
ssl_ev2,Waves,SSL 4000 E console channel,console-ssl,line_10,under_tone_-12,2500.0,-169.14,-50.33,-127.26
ssl_ev2,Waves,SSL 4000 E console channel,console-ssl,line_10,under_tone_-12,31.5,-200.0,-50.33,-127.26
ssl_ev2,Waves,SSL 4000 E console channel,console-ssl,line_10,under_tone_-12,315.0,-161.31,-50.33,-127.26
ssl_ev2,Waves,SSL 4000 E console channel,console-ssl,line_10,under_tone_-12,3150.0,-172.99,-50.33,-127.26
ssl_ev2,Waves,SSL 4000 E console channel,console-ssl,line_10,under_tone_-12,40.0,-200.0,-50.33,-127.26
ssl_ev2,Waves,SSL 4000 E console channel,console-ssl,line_10,under_tone_-12,400.0,-189.76,-50.33,-127.26
ssl_ev2,Waves,SSL 4000 E console channel,console-ssl,line_10,under_tone_-12,4000.0,-170.51,-50.33,-127.26
ssl_ev2,Waves,SSL 4000 E console channel,console-ssl,line_10,under_tone_-12,50.0,-200.0,-50.33,-127.26
ssl_ev2,Waves,SSL 4000 E console channel,console-ssl,line_10,under_tone_-12,500.0,-200.0,-50.33,-127.26
ssl_ev2,Waves,SSL 4000 E console channel,console-ssl,line_10,under_tone_-12,5000.0,-175.46,-50.33,-127.26
ssl_ev2,Waves,SSL 4000 E console channel,console-ssl,line_10,under_tone_-12,63.0,-200.0,-50.33,-127.26
ssl_ev2,Waves,SSL 4000 E console channel,console-ssl,line_10,under_tone_-12,630.0,-161.92,-50.33,-127.26
ssl_ev2,Waves,SSL 4000 E console channel,console-ssl,line_10,under_tone_-12,6300.0,-173.25,-50.33,-127.26
ssl_ev2,Waves,SSL 4000 E console channel,console-ssl,line_10,under_tone_-12,80.0,-200.0,-50.33,-127.26
ssl_ev2,Waves,SSL 4000 E console channel,console-ssl,line_10,under_tone_-12,800.0,-168.86,-50.33,-127.26
ssl_ev2,Waves,SSL 4000 E console channel,console-ssl,line_10,under_tone_-12,8000.0,-173.24,-50.33,-127.26
ssl_native,SSL,SSL 9000/4000 channel strip,console-ssl,default,silence,100.0,-200.0,-200.0,-200.0
ssl_native,SSL,SSL 9000/4000 channel strip,console-ssl,default,silence,1000.0,-200.0,-200.0,-200.0
ssl_native,SSL,SSL 9000/4000 channel strip,console-ssl,default,silence,10000.0,-200.0,-200.0,-200.0
ssl_native,SSL,SSL 9000/4000 channel strip,console-ssl,default,silence,125.0,-200.0,-200.0,-200.0
ssl_native,SSL,SSL 9000/4000 channel strip,console-ssl,default,silence,1250.0,-200.0,-200.0,-200.0
ssl_native,SSL,SSL 9000/4000 channel strip,console-ssl,default,silence,12500.0,-200.0,-200.0,-200.0
ssl_native,SSL,SSL 9000/4000 channel strip,console-ssl,default,silence,160.0,-200.0,-200.0,-200.0
ssl_native,SSL,SSL 9000/4000 channel strip,console-ssl,default,silence,1600.0,-200.0,-200.0,-200.0
ssl_native,SSL,SSL 9000/4000 channel strip,console-ssl,default,silence,16000.0,-200.0,-200.0,-200.0
ssl_native,SSL,SSL 9000/4000 channel strip,console-ssl,default,silence,20.0,-200.0,-200.0,-200.0
ssl_native,SSL,SSL 9000/4000 channel strip,console-ssl,default,silence,200.0,-200.0,-200.0,-200.0
ssl_native,SSL,SSL 9000/4000 channel strip,console-ssl,default,silence,2000.0,-200.0,-200.0,-200.0
ssl_native,SSL,SSL 9000/4000 channel strip,console-ssl,default,silence,20000.0,-200.0,-200.0,-200.0
ssl_native,SSL,SSL 9000/4000 channel strip,console-ssl,default,silence,25.0,-200.0,-200.0,-200.0
ssl_native,SSL,SSL 9000/4000 channel strip,console-ssl,default,silence,250.0,-200.0,-200.0,-200.0
ssl_native,SSL,SSL 9000/4000 channel strip,console-ssl,default,silence,2500.0,-200.0,-200.0,-200.0
ssl_native,SSL,SSL 9000/4000 channel strip,console-ssl,default,silence,31.5,-200.0,-200.0,-200.0
ssl_native,SSL,SSL 9000/4000 channel strip,console-ssl,default,silence,315.0,-200.0,-200.0,-200.0
ssl_native,SSL,SSL 9000/4000 channel strip,console-ssl,default,silence,3150.0,-200.0,-200.0,-200.0
ssl_native,SSL,SSL 9000/4000 channel strip,console-ssl,default,silence,40.0,-200.0,-200.0,-200.0
ssl_native,SSL,SSL 9000/4000 channel strip,console-ssl,default,silence,400.0,-200.0,-200.0,-200.0
ssl_native,SSL,SSL 9000/4000 channel strip,console-ssl,default,silence,4000.0,-200.0,-200.0,-200.0
ssl_native,SSL,SSL 9000/4000 channel strip,console-ssl,default,silence,50.0,-200.0,-200.0,-200.0
ssl_native,SSL,SSL 9000/4000 channel strip,console-ssl,default,silence,500.0,-200.0,-200.0,-200.0
ssl_native,SSL,SSL 9000/4000 channel strip,console-ssl,default,silence,5000.0,-200.0,-200.0,-200.0
ssl_native,SSL,SSL 9000/4000 channel strip,console-ssl,default,silence,63.0,-200.0,-200.0,-200.0
ssl_native,SSL,SSL 9000/4000 channel strip,console-ssl,default,silence,630.0,-200.0,-200.0,-200.0
ssl_native,SSL,SSL 9000/4000 channel strip,console-ssl,default,silence,6300.0,-200.0,-200.0,-200.0
ssl_native,SSL,SSL 9000/4000 channel strip,console-ssl,default,silence,80.0,-200.0,-200.0,-200.0
ssl_native,SSL,SSL 9000/4000 channel strip,console-ssl,default,silence,800.0,-200.0,-200.0,-200.0
ssl_native,SSL,SSL 9000/4000 channel strip,console-ssl,default,silence,8000.0,-200.0,-200.0,-200.0
ssl_native,SSL,SSL 9000/4000 channel strip,console-ssl,default,under_tone_-12,100.0,-200.0,-172.43,-181.18
ssl_native,SSL,SSL 9000/4000 channel strip,console-ssl,default,under_tone_-12,1000.0,-200.0,-172.43,-181.18
ssl_native,SSL,SSL 9000/4000 channel strip,console-ssl,default,under_tone_-12,10000.0,-200.0,-172.43,-181.18
ssl_native,SSL,SSL 9000/4000 channel strip,console-ssl,default,under_tone_-12,125.0,-200.0,-172.43,-181.18
ssl_native,SSL,SSL 9000/4000 channel strip,console-ssl,default,under_tone_-12,1250.0,-200.0,-172.43,-181.18
ssl_native,SSL,SSL 9000/4000 channel strip,console-ssl,default,under_tone_-12,12500.0,-200.0,-172.43,-181.18
ssl_native,SSL,SSL 9000/4000 channel strip,console-ssl,default,under_tone_-12,160.0,-200.0,-172.43,-181.18
ssl_native,SSL,SSL 9000/4000 channel strip,console-ssl,default,under_tone_-12,1600.0,-200.0,-172.43,-181.18
ssl_native,SSL,SSL 9000/4000 channel strip,console-ssl,default,under_tone_-12,16000.0,-200.0,-172.43,-181.18
ssl_native,SSL,SSL 9000/4000 channel strip,console-ssl,default,under_tone_-12,20.0,-200.0,-172.43,-181.18
ssl_native,SSL,SSL 9000/4000 channel strip,console-ssl,default,under_tone_-12,200.0,-200.0,-172.43,-181.18
ssl_native,SSL,SSL 9000/4000 channel strip,console-ssl,default,under_tone_-12,2000.0,-200.0,-172.43,-181.18
ssl_native,SSL,SSL 9000/4000 channel strip,console-ssl,default,under_tone_-12,20000.0,-183.69,-172.43,-181.18
ssl_native,SSL,SSL 9000/4000 channel strip,console-ssl,default,under_tone_-12,25.0,-200.0,-172.43,-181.18
ssl_native,SSL,SSL 9000/4000 channel strip,console-ssl,default,under_tone_-12,250.0,-200.0,-172.43,-181.18
ssl_native,SSL,SSL 9000/4000 channel strip,console-ssl,default,under_tone_-12,2500.0,-200.0,-172.43,-181.18
ssl_native,SSL,SSL 9000/4000 channel strip,console-ssl,default,under_tone_-12,31.5,-200.0,-172.43,-181.18
ssl_native,SSL,SSL 9000/4000 channel strip,console-ssl,default,under_tone_-12,315.0,-200.0,-172.43,-181.18
ssl_native,SSL,SSL 9000/4000 channel strip,console-ssl,default,under_tone_-12,3150.0,-200.0,-172.43,-181.18
ssl_native,SSL,SSL 9000/4000 channel strip,console-ssl,default,under_tone_-12,40.0,-200.0,-172.43,-181.18
ssl_native,SSL,SSL 9000/4000 channel strip,console-ssl,default,under_tone_-12,400.0,-200.0,-172.43,-181.18
ssl_native,SSL,SSL 9000/4000 channel strip,console-ssl,default,under_tone_-12,4000.0,-200.0,-172.43,-181.18
ssl_native,SSL,SSL 9000/4000 channel strip,console-ssl,default,under_tone_-12,50.0,-200.0,-172.43,-181.18
ssl_native,SSL,SSL 9000/4000 channel strip,console-ssl,default,under_tone_-12,500.0,-200.0,-172.43,-181.18
ssl_native,SSL,SSL 9000/4000 channel strip,console-ssl,default,under_tone_-12,5000.0,-200.0,-172.43,-181.18
ssl_native,SSL,SSL 9000/4000 channel strip,console-ssl,default,under_tone_-12,63.0,-200.0,-172.43,-181.18
ssl_native,SSL,SSL 9000/4000 channel strip,console-ssl,default,under_tone_-12,630.0,-200.0,-172.43,-181.18
ssl_native,SSL,SSL 9000/4000 channel strip,console-ssl,default,under_tone_-12,6300.0,-200.0,-172.43,-181.18
ssl_native,SSL,SSL 9000/4000 channel strip,console-ssl,default,under_tone_-12,80.0,-200.0,-172.43,-181.18
ssl_native,SSL,SSL 9000/4000 channel strip,console-ssl,default,under_tone_-12,800.0,-200.0,-172.43,-181.18
ssl_native,SSL,SSL 9000/4000 channel strip,console-ssl,default,under_tone_-12,8000.0,-200.0,-172.43,-181.18
ssl_native,SSL,SSL 9000/4000 channel strip,console-ssl,trim_+10,silence,100.0,-200.0,-200.0,-200.0
ssl_native,SSL,SSL 9000/4000 channel strip,console-ssl,trim_+10,silence,1000.0,-200.0,-200.0,-200.0
ssl_native,SSL,SSL 9000/4000 channel strip,console-ssl,trim_+10,silence,10000.0,-200.0,-200.0,-200.0
ssl_native,SSL,SSL 9000/4000 channel strip,console-ssl,trim_+10,silence,125.0,-200.0,-200.0,-200.0
ssl_native,SSL,SSL 9000/4000 channel strip,console-ssl,trim_+10,silence,1250.0,-200.0,-200.0,-200.0
ssl_native,SSL,SSL 9000/4000 channel strip,console-ssl,trim_+10,silence,12500.0,-200.0,-200.0,-200.0
ssl_native,SSL,SSL 9000/4000 channel strip,console-ssl,trim_+10,silence,160.0,-200.0,-200.0,-200.0
ssl_native,SSL,SSL 9000/4000 channel strip,console-ssl,trim_+10,silence,1600.0,-200.0,-200.0,-200.0
ssl_native,SSL,SSL 9000/4000 channel strip,console-ssl,trim_+10,silence,16000.0,-200.0,-200.0,-200.0
ssl_native,SSL,SSL 9000/4000 channel strip,console-ssl,trim_+10,silence,20.0,-200.0,-200.0,-200.0
ssl_native,SSL,SSL 9000/4000 channel strip,console-ssl,trim_+10,silence,200.0,-200.0,-200.0,-200.0
ssl_native,SSL,SSL 9000/4000 channel strip,console-ssl,trim_+10,silence,2000.0,-200.0,-200.0,-200.0
ssl_native,SSL,SSL 9000/4000 channel strip,console-ssl,trim_+10,silence,20000.0,-200.0,-200.0,-200.0
ssl_native,SSL,SSL 9000/4000 channel strip,console-ssl,trim_+10,silence,25.0,-200.0,-200.0,-200.0
ssl_native,SSL,SSL 9000/4000 channel strip,console-ssl,trim_+10,silence,250.0,-200.0,-200.0,-200.0
ssl_native,SSL,SSL 9000/4000 channel strip,console-ssl,trim_+10,silence,2500.0,-200.0,-200.0,-200.0
ssl_native,SSL,SSL 9000/4000 channel strip,console-ssl,trim_+10,silence,31.5,-200.0,-200.0,-200.0
ssl_native,SSL,SSL 9000/4000 channel strip,console-ssl,trim_+10,silence,315.0,-200.0,-200.0,-200.0
ssl_native,SSL,SSL 9000/4000 channel strip,console-ssl,trim_+10,silence,3150.0,-200.0,-200.0,-200.0
ssl_native,SSL,SSL 9000/4000 channel strip,console-ssl,trim_+10,silence,40.0,-200.0,-200.0,-200.0
ssl_native,SSL,SSL 9000/4000 channel strip,console-ssl,trim_+10,silence,400.0,-200.0,-200.0,-200.0
ssl_native,SSL,SSL 9000/4000 channel strip,console-ssl,trim_+10,silence,4000.0,-200.0,-200.0,-200.0
ssl_native,SSL,SSL 9000/4000 channel strip,console-ssl,trim_+10,silence,50.0,-200.0,-200.0,-200.0
ssl_native,SSL,SSL 9000/4000 channel strip,console-ssl,trim_+10,silence,500.0,-200.0,-200.0,-200.0
ssl_native,SSL,SSL 9000/4000 channel strip,console-ssl,trim_+10,silence,5000.0,-200.0,-200.0,-200.0
ssl_native,SSL,SSL 9000/4000 channel strip,console-ssl,trim_+10,silence,63.0,-200.0,-200.0,-200.0
ssl_native,SSL,SSL 9000/4000 channel strip,console-ssl,trim_+10,silence,630.0,-200.0,-200.0,-200.0
ssl_native,SSL,SSL 9000/4000 channel strip,console-ssl,trim_+10,silence,6300.0,-200.0,-200.0,-200.0
ssl_native,SSL,SSL 9000/4000 channel strip,console-ssl,trim_+10,silence,80.0,-200.0,-200.0,-200.0
ssl_native,SSL,SSL 9000/4000 channel strip,console-ssl,trim_+10,silence,800.0,-200.0,-200.0,-200.0
ssl_native,SSL,SSL 9000/4000 channel strip,console-ssl,trim_+10,silence,8000.0,-200.0,-200.0,-200.0
ssl_native,SSL,SSL 9000/4000 channel strip,console-ssl,trim_+10,under_tone_-12,100.0,-200.0,-174.64,-182.37
ssl_native,SSL,SSL 9000/4000 channel strip,console-ssl,trim_+10,under_tone_-12,1000.0,-200.0,-174.64,-182.37
ssl_native,SSL,SSL 9000/4000 channel strip,console-ssl,trim_+10,under_tone_-12,10000.0,-200.0,-174.64,-182.37
ssl_native,SSL,SSL 9000/4000 channel strip,console-ssl,trim_+10,under_tone_-12,125.0,-200.0,-174.64,-182.37
ssl_native,SSL,SSL 9000/4000 channel strip,console-ssl,trim_+10,under_tone_-12,1250.0,-200.0,-174.64,-182.37
ssl_native,SSL,SSL 9000/4000 channel strip,console-ssl,trim_+10,under_tone_-12,12500.0,-200.0,-174.64,-182.37
ssl_native,SSL,SSL 9000/4000 channel strip,console-ssl,trim_+10,under_tone_-12,160.0,-200.0,-174.64,-182.37
ssl_native,SSL,SSL 9000/4000 channel strip,console-ssl,trim_+10,under_tone_-12,1600.0,-200.0,-174.64,-182.37
ssl_native,SSL,SSL 9000/4000 channel strip,console-ssl,trim_+10,under_tone_-12,16000.0,-200.0,-174.64,-182.37
ssl_native,SSL,SSL 9000/4000 channel strip,console-ssl,trim_+10,under_tone_-12,20.0,-200.0,-174.64,-182.37
ssl_native,SSL,SSL 9000/4000 channel strip,console-ssl,trim_+10,under_tone_-12,200.0,-200.0,-174.64,-182.37
ssl_native,SSL,SSL 9000/4000 channel strip,console-ssl,trim_+10,under_tone_-12,2000.0,-200.0,-174.64,-182.37
ssl_native,SSL,SSL 9000/4000 channel strip,console-ssl,trim_+10,under_tone_-12,20000.0,-172.82,-174.64,-182.37
ssl_native,SSL,SSL 9000/4000 channel strip,console-ssl,trim_+10,under_tone_-12,25.0,-200.0,-174.64,-182.37
ssl_native,SSL,SSL 9000/4000 channel strip,console-ssl,trim_+10,under_tone_-12,250.0,-200.0,-174.64,-182.37
ssl_native,SSL,SSL 9000/4000 channel strip,console-ssl,trim_+10,under_tone_-12,2500.0,-200.0,-174.64,-182.37
ssl_native,SSL,SSL 9000/4000 channel strip,console-ssl,trim_+10,under_tone_-12,31.5,-200.0,-174.64,-182.37
ssl_native,SSL,SSL 9000/4000 channel strip,console-ssl,trim_+10,under_tone_-12,315.0,-200.0,-174.64,-182.37
ssl_native,SSL,SSL 9000/4000 channel strip,console-ssl,trim_+10,under_tone_-12,3150.0,-200.0,-174.64,-182.37
ssl_native,SSL,SSL 9000/4000 channel strip,console-ssl,trim_+10,under_tone_-12,40.0,-200.0,-174.64,-182.37
ssl_native,SSL,SSL 9000/4000 channel strip,console-ssl,trim_+10,under_tone_-12,400.0,-200.0,-174.64,-182.37
ssl_native,SSL,SSL 9000/4000 channel strip,console-ssl,trim_+10,under_tone_-12,4000.0,-200.0,-174.64,-182.37
ssl_native,SSL,SSL 9000/4000 channel strip,console-ssl,trim_+10,under_tone_-12,50.0,-200.0,-174.64,-182.37
ssl_native,SSL,SSL 9000/4000 channel strip,console-ssl,trim_+10,under_tone_-12,500.0,-200.0,-174.64,-182.37
ssl_native,SSL,SSL 9000/4000 channel strip,console-ssl,trim_+10,under_tone_-12,5000.0,-200.0,-174.64,-182.37
ssl_native,SSL,SSL 9000/4000 channel strip,console-ssl,trim_+10,under_tone_-12,63.0,-200.0,-174.64,-182.37
ssl_native,SSL,SSL 9000/4000 channel strip,console-ssl,trim_+10,under_tone_-12,630.0,-200.0,-174.64,-182.37
ssl_native,SSL,SSL 9000/4000 channel strip,console-ssl,trim_+10,under_tone_-12,6300.0,-200.0,-174.64,-182.37
ssl_native,SSL,SSL 9000/4000 channel strip,console-ssl,trim_+10,under_tone_-12,80.0,-200.0,-174.64,-182.37
ssl_native,SSL,SSL 9000/4000 channel strip,console-ssl,trim_+10,under_tone_-12,800.0,-200.0,-174.64,-182.37
ssl_native,SSL,SSL 9000/4000 channel strip,console-ssl,trim_+10,under_tone_-12,8000.0,-200.0,-174.64,-182.37
