slug,maker,models,group,setting,depth,matched,hz,level_dbfs,thd_pct,thd_db,gain_db,noise_floor_db,clipped,rejected_runs,h2,h3,h4,h5,h6,h7,h8
api_vision,UAD,API 1608 console channel,console-api,line_gain_0,full,,100.0,-12.0,0.019533656056369846,-74.18432926992617,8.941,-125.82142494474118,False,0,-100.82537292380961,-76.33070185242039,-119.04120500832376,-80.1495580969968,-117.78637382018331,-82.89714777312946,-128.45525694855291
api_vision,UAD,API 1608 console channel,console-api,line_gain_0,full,,100.0,-15.0,0.028454999818010217,-70.91682825666551,8.939,-128.83591014008567,False,0,-102.05921434008843,-72.87811894758312,-120.98717714830599,-77.10694713599115,-118.43071528172891,-80.04732863047066,-128.26845087227437
api_vision,UAD,API 1608 console channel,console-api,line_gain_0,full,,100.0,-18.0,0.040407784924083125,-67.87069912161701,8.937,-131.84342527199814,False,0,-103.08123551513134,-69.7018499454971,-122.63625332884212,-74.21680575314058,-118.94777496946213,-77.38752768152773,-128.0745302371144
api_vision,UAD,API 1608 console channel,console-api,line_gain_0,full,,100.0,-21.0,0.05607282231535832,-65.02495167983543,8.933,-134.85607784172367,False,0,-103.8697855569204,-66.7080949066276,-123.91513684887906,-71.53802247424602,-119.20950936203076,-75.11480324220341,-128.08656126163368
api_vision,UAD,API 1608 console channel,console-api,line_gain_0,full,,100.0,-24.0,0.07538459809201281,-62.45434752475777,8.928,-137.87456456341334,False,0,-104.42876118582107,-63.90293888779585,-124.79610482316383,-69.26523453541583,-119.42394663824251,-73.69497569625506,-128.10448350659237
api_vision,UAD,API 1608 console channel,console-api,line_gain_0,full,,100.0,-27.0,0.09603238520979304,-60.35164568377028,8.921,-140.87567743263003,False,0,-104.85793982755423,-61.39944366563486,-125.25522825123485,-67.88430963564993,-119.53825163558767,-74.57288184592855,-127.57809719187924
api_vision,UAD,API 1608 console channel,console-api,line_gain_0,full,,100.0,-3.0,0.0047494935014464655,-86.4670540443681,8.942,-116.79503932560866,True,0,-95.43200148452149,-92.52391022073907,-111.68575314907517,-90.93498069543286,-114.40314208408047,-92.26687699724066,-128.0591725551599
api_vision,UAD,API 1608 console channel,console-api,line_gain_0,full,,100.0,-30.0,0.1115969908786333,-59.04695031270425,8.911,-143.88863003465758,False,0,-105.09879292946582,-59.517955667522955,-125.9447669252556,-68.95269043861579,-119.955154582111,-91.57462930228834,-126.37843666605167
api_vision,UAD,API 1608 console channel,console-api,line_gain_0,full,,100.0,-36.0,0.10774152875854322,-59.35233732971085,8.883,-149.83959122677072,False,0,-105.31910788303688,-65.29135036998254,-130.91407411523744,-62.60289996320124,-123.52241273179006,-65.00436412298879,-125.13279087857097
api_vision,UAD,API 1608 console channel,console-api,line_gain_0,full,,100.0,-42.0,0.13629673187704242,-57.3102911510663,8.888,-155.79629674068016,False,0,-106.66824769601192,-57.40840212105445,-129.62245938621177,-74.26915728850179,-120.58484268200155,-83.91999259814921,-126.54297585288988
api_vision,UAD,API 1608 console channel,console-api,line_gain_0,full,,100.0,-48.0,0.0680933421310234,-63.337906988502326,8.917,-161.79599949909482,False,0,-106.35262236682978,-63.43654197747833,-129.79431213179143,-80.27119728982282,-120.57980708420408,-90.03056376855179,-126.65069138614203
api_vision,UAD,API 1608 console channel,console-api,line_gain_0,full,,100.0,-54.0,0.034054973832176844,-69.3563889818577,8.931,-167.79599658817438,False,0,-106.2964339039884,-69.45655077955206,-129.6556780271053,-86.23393842253962,-120.57378739197398,-96.21075418727828,-126.58550080636837
api_vision,UAD,API 1608 console channel,console-api,line_gain_0,full,,100.0,-6.0,0.007943645910553148,-81.99960245671923,8.942,-119.80331910930332,True,0,-97.50465522528711,-85.53936375619507,-114.34096638006112,-86.8494040335983,-115.81646885346811,-88.97064827611395,-128.74235677306748
api_vision,UAD,API 1608 console channel,console-api,line_gain_0,full,,100.0,-60.0,0.017035079383832342,-75.37311676539727,8.939,-173.79629125359253,False,0,-106.26245872103588,-75.47789480993418,-129.59605467467617,-92.13579089928275,-120.59496596456455,-102.567404081413,-126.67973511383984
api_vision,UAD,API 1608 console channel,console-api,line_gain_0,full,,100.0,-9.0,0.012882620016180662,-77.79991605807176,8.941,-122.81191309966131,True,0,-99.24659391970525,-80.32788741528447,-116.71664252828968,-83.3577688488434,-116.8977172963956,-85.87608891652508,-128.76409031134625
api_vision,UAD,API 1608 console channel,console-api,line_gain_0,full,,100.0,0.0,0.00478034422885762,-86.41081658110207,8.941,-113.78035637939772,True,0,-93.22676380221378,-88.80689439472592,-109.0310817314576,-96.56322894332513,-112.80942252770237,-95.93966818611491,-126.21916928777043
api_vision,UAD,API 1608 console channel,console-api,line_gain_0,full,,100.0,3.0,0.008071854101416108,-81.86053393126669,8.939,-106.73316949658216,True,0,-91.62306110988771,-82.4628921757631,-102.21941292230301,-103.7468486813122,-122.83124840470607,-103.71493594931968,-109.81798509704359
api_vision,UAD,API 1608 console channel,console-api,line_gain_0,full,,1000.0,-12.0,0.020753863375636842,-73.65802093176653,9.094,-125.84764935304875,False,0,-103.86545149541155,-75.50746771566727,-117.95629552199303,-80.06738540326049,-130.32810449383302,-82.96937766807491,-121.27473016110974
api_vision,UAD,API 1608 console channel,console-api,line_gain_0,full,,1000.0,-15.0,0.02910977422775922,-70.71922325777726,9.092,-128.85945704924615,False,0,-104.26179951390296,-72.5408542210526,-117.94319301227472,-77.13690505181395,-130.28516885381495,-80.15162444706158,-121.27404674178032
api_vision,UAD,API 1608 console channel,console-api,line_gain_0,full,,1000.0,-18.0,0.04056601104005397,-67.83675390973657,9.09,-131.86089500469134,False,0,-104.55226856284087,-69.60329615587735,-117.93597524448197,-74.29681114952045,-130.34888904188173,-77.50137124356976,-121.29554751046709
api_vision,UAD,API 1608 console channel,console-api,line_gain_0,full,,1000.0,-21.0,0.0557922437094043,-65.06852345793011,9.086,-134.86916621549733,False,0,-104.76570495415608,-66.72605386970727,-117.94057108680323,-71.63585393371756,-130.36303901512264,-75.21291049043559,-121.28933138332005
api_vision,UAD,API 1608 console channel,console-api,line_gain_0,full,,1000.0,-24.0,0.07476550256446202,-62.525974861369555,9.081,-137.8910256672007,False,0,-104.913939774393,-63.97288522108376,-117.93926578348942,-69.3516681627249,-130.35119446104994,-73.74146659568298,-121.29309886950237
api_vision,UAD,API 1608 console channel,console-api,line_gain_0,full,,1000.0,-27.0,0.09530411152748612,-60.41776726001791,9.074,-140.91032503314116,False,0,-105.01685647155797,-61.48217228935775,-117.91467918120354,-67.91881992185995,-130.34575002941378,-74.44714108176149,-121.306674163827
api_vision,UAD,API 1608 console channel,console-api,line_gain_0,full,,1000.0,-3.0,0.007439512200128923,-82.56911079375303,9.097,-116.82106686741216,True,0,-101.7297474222729,-84.48494350610163,-118.04380219184765,-89.0895355434161,-130.23230121006685,-91.73030371110403,-121.25647522349196
api_vision,UAD,API 1608 console channel,console-api,line_gain_0,full,,1000.0,-30.0,0.11117261017022577,-59.08004395240657,9.064,-143.92371137673837,False,0,-105.08475294085295,-59.57558035551678,-117.9172333231038,-68.80128215154072,-130.39387060656435,-88.37488184021774,-121.25943503862436
api_vision,UAD,API 1608 console channel,console-api,line_gain_0,full,,1000.0,-36.0,0.10821133247554598,-59.31454510365054,9.036,-149.85702873534575,False,0,-105.14467742835384,-64.56168814449086,-117.80186554400707,-63.06933121899479,-130.3985222347937,-64.8428874261856,-121.19441340383247
api_vision,UAD,API 1608 console channel,console-api,line_gain_0,full,,1000.0,-42.0,0.1381822695158333,-57.19095357417597,9.039,-155.8136279036208,False,0,-105.22756608271338,-57.28882751363572,-117.80333510886237,-74.16335200012091,-130.31758722241915,-83.79168466958389,-121.17531060631862
api_vision,UAD,API 1608 console channel,console-api,line_gain_0,full,,1000.0,-48.0,0.06899708509823749,-63.22338512800591,9.069,-161.81545593471606,False,0,-105.26633623014072,-63.321895056047936,-117.84462138958318,-80.16956559461192,-130.31405705496135,-89.88227796430394,-121.20416636551221
api_vision,UAD,API 1608 console channel,console-api,line_gain_0,full,,1000.0,-54.0,0.03450021926250869,-69.24356289610262,9.083,-167.81620943340383,False,0,-105.28831267394806,-69.3437957966063,-117.86285365376025,-86.13772172171521,-130.2945120713557,-96.01963830659852,-121.21824377424154
api_vision,UAD,API 1608 console channel,console-api,line_gain_0,full,,1000.0,-6.0,0.010472588617868171,-79.59891912000172,9.096,-119.82869737757694,True,0,-102.6419240708733,-81.48093997097268,-117.98631244514446,-86.05610273419828,-130.27967326874258,-88.7929104764076,-121.25657002659823
api_vision,UAD,API 1608 console channel,console-api,line_gain_0,full,,1000.0,-60.0,0.017257957635157174,-75.260212029037,9.091,-173.81856281721397,False,0,-105.30005385318773,-75.36566913676029,-117.87457792050164,-92.05297375808628,-130.3154040296843,-102.27596142796209,-121.22281421223363
api_vision,UAD,API 1608 console channel,console-api,line_gain_0,full,,1000.0,-9.0,0.014751130360873735,-76.62349397923413,9.095,-122.83917993653336,True,0,-103.33137444939047,-78.48914084640475,-117.97433475647901,-83.04622745797923,-130.29088346304323,-85.86504740505376,-121.26413640798857
api_vision,UAD,API 1608 console channel,console-api,line_gain_0,full,,1000.0,0.0,0.005304828176064818,-85.50657356756348,9.097,-113.81368682182932,True,0,-100.61026531626192,-87.51127724722434,-118.07402210356906,-92.15175276551385,-130.21074089442837,-94.66140647515908,-121.25713322455285
api_vision,UAD,API 1608 console channel,console-api,line_gain_0,full,,1000.0,3.0,0.15910756688756686,-55.96618331098166,9.092,-105.51175831980603,True,0,-63.98708283627107,-64.39263646505093,-64.14419544756048,-64.03367942403652,-64.50688060262475,-64.92978464944488,-65.0478470427557
api_vision,UAD,API 1608 console channel,console-api,line_gain_12,full,,100.0,-12.0,0.004976368975748655,-86.0617485221697,20.94,-112.45520936910685,True,0,-91.80498267327894,-88.92418922635704,-108.50717588537844,-95.96160063776146,-115.76562105854534,-95.76953906943265,-124.63546050814848
api_vision,UAD,API 1608 console channel,console-api,line_gain_12,full,,100.0,-15.0,0.0049143509280415824,-86.17067668577035,20.941,-115.47728384723709,True,0,-94.19921403537133,-92.45875036474258,-111.29503411796095,-90.70315067433407,-116.7453970543692,-92.1700826637942,-124.7433207505635
api_vision,UAD,API 1608 console channel,console-api,line_gain_12,full,,100.0,-18.0,0.008049767306567744,-81.88433347074007,20.941,-118.48917860657662,True,0,-96.3750029497049,-85.45403406201594,-114.08347222466317,-86.7516183136824,-117.50088601392042,-88.91980134661743,-124.93632479379863
api_vision,UAD,API 1608 console channel,console-api,line_gain_12,full,,100.0,-21.0,0.012960882364992352,-77.74730862177341,20.94,-121.50238440034877,True,0,-98.30404560421886,-80.27764653316606,-116.96180090539613,-83.31245962206953,-118.07859505334469,-85.84668552522224,-125.1401642137791
api_vision,UAD,API 1608 console channel,console-api,line_gain_12,full,,100.0,-24.0,0.019589534147935326,-74.15951783384357,20.94,-124.51221707067398,False,0,-99.95973094159848,-76.30577998276001,-119.32624558383398,-80.1291283811605,-118.53082167905796,-82.87937629185306,-125.24310233985696
api_vision,UAD,API 1608 console channel,console-api,line_gain_12,full,,100.0,-27.0,0.02850176907556047,-70.90256365884053,20.938,-127.52901414942706,False,0,-101.32934401192549,-72.86242315530357,-121.50226182124678,-77.09889486127265,-118.76107171297639,-80.0331777427513,-125.25198421015494
api_vision,UAD,API 1608 console channel,console-api,line_gain_12,full,,100.0,-3.0,22.878748573904094,-12.811354687013468,16.732,-98.50921156546096,True,0,-39.72948854489605,-13.001000887904317,-46.023239784467236,-27.481326798427915,-72.93917227911595,-35.05864154403093,-51.45780699836746
api_vision,UAD,API 1608 console channel,console-api,line_gain_12,full,,100.0,-30.0,0.040444763837351,-67.8627539229338,20.936,-130.5411621323215,False,0,-102.46253566413246,-69.69288561968051,-123.29830104389339,-74.21310090586759,-119.0146421963388,-77.37854452103556,-125.39423908978257
api_vision,UAD,API 1608 console channel,console-api,line_gain_12,full,,100.0,-36.0,0.07541176096762314,-62.45121835448035,20.927,-136.56633152921333,False,0,-104.01404364646376,-63.899084231840924,-126.34859702439114,-69.26529392162121,-119.13656839147077,-73.69029849358735,-125.59723958536065
api_vision,UAD,API 1608 console channel,console-api,line_gain_12,full,,100.0,-42.0,0.11161038368567079,-59.04590797757318,20.91,-142.57755399179726,False,0,-104.83589424994562,-59.51637544247799,-128.0086422066981,-68.95644286408312,-119.39006164198504,-91.57381573040502,-124.74825179893557
api_vision,UAD,API 1608 console channel,console-api,line_gain_12,full,,100.0,-48.0,0.10774483225808625,-59.352071012786496,20.882,-148.54225648630975,False,0,-105.19820931865348,-65.29512046916034,-132.42583783170386,-62.59836684378135,-121.80089307280073,-65.00775905559411,-124.01288308704048
api_vision,UAD,API 1608 console channel,console-api,line_gain_12,full,,100.0,-54.0,0.136272797216211,-57.31181658807118,20.887,-154.5015309697598,False,0,-106.35521324639387,-57.41000073245529,-132.61126583600034,-74.26602729781293,-119.60337988593326,-83.93374932324213,-125.09911220509444
api_vision,UAD,API 1608 console channel,console-api,line_gain_12,full,,100.0,-6.0,12.972152652806448,-17.73975898616476,19.276,-103.93316052847587,True,0,-50.25305920171829,-18.021544577016925,-80.6395340895406,-31.204021703652707,-59.67444124523116,-35.39448609498422,-82.11778257054337
api_vision,UAD,API 1608 console channel,console-api,line_gain_12,full,,100.0,-60.0,0.0680748046856095,-63.34027192053372,20.916,-160.49753281507176,False,0,-106.1127501155984,-63.439059856597524,-131.61211688389392,-80.26417137337017,-119.6330039318689,-90.05916994236529,-124.98258536284908
api_vision,UAD,API 1608 console channel,console-api,line_gain_12,full,,100.0,-9.0,0.008239163565875464,-81.68233750674463,20.939,-106.8101033991878,True,0,-89.99071074477888,-82.51219653515776,-101.97707413567166,-102.16595711717841,-118.63679769389606,-103.20899131039698,-112.75317961394606
api_vision,UAD,API 1608 console channel,console-api,line_gain_12,full,,100.0,0.0,30.048363978328535,-10.443583374739838,13.936,-95.40864855612456,True,0,-38.5479850504163,-11.132223269969757,-41.13594703390774,-19.23007600214501,-46.50167093656073,-29.7468858275891,-61.10895322444014
api_vision,UAD,API 1608 console channel,console-api,line_gain_12,full,,100.0,3.0,35.04947935492082,-9.10636857817716,11.034,-93.50947884220776,True,0,-39.01174825749423,-10.300680754049383,-40.20521821366544,-16.380953415993936,-42.38585112451194,-22.060511852016983,-45.935756402991295
api_vision,UAD,API 1608 console channel,console-api,line_gain_12,full,,1000.0,-12.0,0.005318990343599804,-85.4834159624364,21.08,-112.51716560994424,True,0,-100.67311885793046,-87.47778909762286,-117.3443607066352,-92.16878518160073,-128.35820761030942,-94.60575754171998,-120.20613605248747
api_vision,UAD,API 1608 console channel,console-api,line_gain_12,full,,1000.0,-15.0,0.00745874541424455,-82.54668432317854,21.079,-115.52503181341709,True,0,-101.82237312515159,-84.45551904150962,-117.23796951714162,-89.09619500418808,-128.442917406191,-91.68413526751708,-120.17239163149821
api_vision,UAD,API 1608 console channel,console-api,line_gain_12,full,,1000.0,-18.0,0.010499416977666765,-79.57669632414807,21.079,-118.53378556074,True,0,-102.68329812289947,-81.45420178079597,-117.28220844405747,-86.05479789311703,-128.43368172317815,-88.754968488994,-120.19744048699266
api_vision,UAD,API 1608 console channel,console-api,line_gain_12,full,,1000.0,-21.0,0.0147860287770068,-76.6029690580181,21.078,-121.54238435505175,True,0,-103.32661842275476,-78.46529716632772,-117.36401413555416,-83.04119377083985,-128.35772085636606,-85.83360947527795,-120.23011179397842
api_vision,UAD,API 1608 console channel,console-api,line_gain_12,full,,1000.0,-24.0,0.020800222396835495,-73.63864043035814,21.077,-124.54776820969974,False,0,-103.8388084428631,-75.48571657191812,-117.38279505185736,-80.05882145487763,-128.344835303336,-82.94260954538707,-120.23668844843833
api_vision,UAD,API 1608 console channel,console-api,line_gain_12,full,,1000.0,-27.0,0.029171978607239687,-70.70068227182371,21.075,-127.56001055037784,False,0,-104.22381012766684,-72.52046037577254,-117.38597343694359,-77.12626332047698,-128.38003628492137,-80.12825813075696,-120.24943385486708
api_vision,UAD,API 1608 console channel,console-api,line_gain_12,full,,1000.0,-3.0,23.18098287976343,-12.697363075638249,16.765,-99.05484303652834,True,0,-39.60523213753662,-12.901260175651629,-45.60557520249618,-26.848676701915902,-96.20991154203335,-35.93951825052069,-51.67885615023082
api_vision,UAD,API 1608 console channel,console-api,line_gain_12,full,,1000.0,-30.0,0.040647798164153745,-67.81925949146314,21.072,-130.56609613964423,False,0,-104.48718476175307,-69.58416957049431,-117.41757329664523,-74.28540118356207,-128.37312980858113,-77.48142554343086,-120.25495455898208
api_vision,UAD,API 1608 console channel,console-api,line_gain_12,full,,1000.0,-36.0,0.07488895459928162,-62.51164463674965,21.064,-136.58883250650527,False,0,-104.82893196237283,-63.95633250642773,-117.42188728630481,-69.3427409952317,-128.36585824834253,-73.7334810672769,-120.26662651942206
api_vision,UAD,API 1608 console channel,console-api,line_gain_12,full,,1000.0,-42.0,0.11123982617375627,-59.07479396894387,21.047,-142.61964223699113,False,0,-104.98813684247605,-59.5667230554097,-117.43996707536839,-68.82284147326712,-128.36307818166426,-88.69949484814774,-120.2686723174684
api_vision,UAD,API 1608 console channel,console-api,line_gain_12,full,,1000.0,-48.0,0.10814065804244218,-59.320219840883496,21.019,-148.56076991465721,False,0,-105.05014938619986,-64.64750789896787,-117.34869295938041,-63.0091401679242,-128.37284781731708,-64.8637238757012,-120.21565326619549
api_vision,UAD,API 1608 console channel,console-api,line_gain_12,full,,1000.0,-54.0,0.13789821092378812,-57.20882736552822,21.022,-154.52814920656027,False,0,-105.11765669289295,-57.30677275034682,-117.34311951091138,-74.17669011028224,-128.29024225155257,-83.82069601099312,-120.17944003232805
api_vision,UAD,API 1608 console channel,console-api,line_gain_12,full,,1000.0,-6.0,13.426338976759052,-17.440847846317745,19.324,-102.9258039238306,True,0,-50.00649589053968,-17.694297342905443,-97.09149150142964,-31.819347110716176,-59.53273919024491,-34.52161861176242,-98.09242651216616
api_vision,UAD,API 1608 console channel,console-api,line_gain_12,full,,1000.0,-60.0,0.0688511577400119,-63.2417750526956,21.052,-160.5272849106909,False,0,-105.16092882364397,-63.34044146538831,-117.37724931983642,-80.17858092876958,-128.30551173172165,-89.92322263179098,-120.20882822555636
api_vision,UAD,API 1608 console channel,console-api,line_gain_12,full,,1000.0,-9.0,0.11747108045568927,-58.60138073497254,21.076,-105.97432360258702,True,0,-66.69289782284376,-67.23852595003196,-66.79553249270509,-66.58440756997922,-67.08192295083039,-67.55255041689112,-67.52661404552968
api_vision,UAD,API 1608 console channel,console-api,line_gain_12,full,,1000.0,0.0,30.247138024891317,-10.386314237617679,13.963,-95.97157105643444,True,0,-38.37048159439792,-11.099925887945314,-40.866158835118625,-19.06602536974731,-45.976200862789995,-29.17360745137372,-58.88544884042804
api_vision,UAD,API 1608 console channel,console-api,line_gain_12,full,,1000.0,3.0,35.13528364100121,-9.08513072258395,11.057,-94.39968254865838,True,0,-38.788618488613245,-10.296767921962644,-39.947629275462205,-16.328028911639628,-42.053033133752905,-21.91233305936151,-45.45511073719089
api_vision,UAD,API 1608 console channel,console-api,line_gain_3,curve,,1000.0,-12.0,0.01476944041103331,-76.61271918110594,12.086,-122.3186580912296,True,0,-103.3200231502629,-78.4769617010248,-117.74355683777371,-83.04218221875246,-129.57609312382118,-85.84937751218243,-120.86244577649023
api_vision,UAD,API 1608 console channel,console-api,line_gain_3,curve,,1000.0,-15.0,0.020778510822948026,-73.64771162311425,12.084,-125.32380816861243,False,0,-103.85247219115135,-75.49623577922715,-117.72662867432905,-80.06130147855389,-129.54206320416097,-82.95614591412645,-120.85804348846
api_vision,UAD,API 1608 console channel,console-api,line_gain_3,curve,,1000.0,-18.0,0.02914400062150112,-70.70901665009463,12.083,-128.3369337292289,False,0,-104.23442214544343,-72.52978596876838,-117.74292132183967,-77.13034347235154,-129.58076450797546,-80.13923181802912,-120.88689017147775
api_vision,UAD,API 1608 console channel,console-api,line_gain_3,curve,,1000.0,-21.0,0.04061025902066666,-67.82728480961444,12.08,-131.34028794346665,False,0,-104.52236772627603,-69.59315249328539,-117.73511566546938,-74.28970041772655,-129.6162495769517,-77.49120854525736,-120.88498162262755
api_vision,UAD,API 1608 console channel,console-api,line_gain_3,curve,,1000.0,-24.0,0.055849784647913917,-65.05956994296493,12.076,-134.3467025190772,False,0,-104.72845594911885,-66.71626094280947,-117.73853482162919,-71.62927247881889,-129.6282011335733,-75.20453280494321,-120.88759495683318
api_vision,UAD,API 1608 console channel,console-api,line_gain_3,curve,,1000.0,-27.0,0.07483251096126042,-62.51819364068858,12.071,-137.36715974323894,False,0,-104.87425914162502,-63.96396700382711,-117.7389082246644,-69.34644046305135,-129.6356074265264,-73.73749467898035,-120.90072397412757
api_vision,UAD,API 1608 console channel,console-api,line_gain_3,curve,,1000.0,-3.0,0.005313412661879343,-85.49252907304356,12.088,-113.29515165441111,True,0,-100.59150814103133,-87.49425062847179,-117.85856653699285,-92.1548116921881,-129.46116630402452,-94.63569213766048,-120.85105086891309
api_vision,UAD,API 1608 console channel,console-api,line_gain_3,curve,,1000.0,-30.0,0.09536924445926721,-60.411833158986,12.064,-140.38676024767014,False,0,-104.97671935500387,-61.47450652559485,-117.73344488121413,-67.91747046907746,-129.59218425182377,-74.45495639698856,-120.88825911605778
api_vision,UAD,API 1608 console channel,console-api,line_gain_3,curve,,1000.0,-36.0,0.11526170758488385,-58.766299013989816,12.042,-146.3874466111429,False,0,-105.08069985620625,-59.1531187592555,-117.70507456393729,-87.46307407886816,-129.671226886437,-69.53169251781853,-120.7905475401852
api_vision,UAD,API 1608 console channel,console-api,line_gain_3,curve,,1000.0,-42.0,0.13998197489055203,-57.07855767351467,12.014,-152.09349037195554,False,0,-105.09935776046696,-58.89106966107984,-117.37902996266101,-61.905433881817316,-129.12568799383084,-76.25005485485342,-120.69049541087512
api_vision,UAD,API 1608 console channel,console-api,line_gain_3,curve,,1000.0,-48.0,0.09750660584159523,-60.21931921764547,12.047,-158.2983293080035,False,0,-105.21034713303732,-60.317476097632714,-117.62944707652207,-77.17847787169158,-129.57045014947695,-86.85008710379108,-120.7916021909196
api_vision,UAD,API 1608 console channel,console-api,line_gain_3,curve,,1000.0,-54.0,0.048727852990206905,-66.24445447504085,12.068,-164.29887473719302,False,0,-105.23790720458352,-66.34369511673539,-117.6695618627059,-83.16365835564083,-129.5468663877353,-92.96603991576515,-120.82296450152108
api_vision,UAD,API 1608 console channel,console-api,line_gain_3,curve,,1000.0,-6.0,0.007448552444683799,-82.55856240106013,12.087,-116.29959984931189,True,0,-101.77486185784173,-84.47113874480675,-117.70362752428228,-89.09134640018843,-129.5345541442383,-91.71023495396128,-120.82769636613726
api_vision,UAD,API 1608 console channel,console-api,line_gain_3,curve,,1000.0,-60.0,0.02437055877956231,-72.26269025988499,12.078,-170.29797677614553,False,0,-105.25465775783957,-72.3650306579212,-117.67265297468349,-89.1026681913591,-129.5820999657289,-99.16405559882546,-120.82972245292636
api_vision,UAD,API 1608 console channel,console-api,line_gain_3,curve,,1000.0,-9.0,0.010486583260114413,-79.587319812849,12.087,-119.30695969932337,True,0,-102.61292955898301,-81.46777424525622,-117.7828885799847,-86.05283474583437,-129.52804611216015,-88.775364272433,-120.85574001025958
api_vision,UAD,API 1608 console channel,console-api,line_gain_3,curve,,1000.0,0.0,0.13569429534452568,-57.34876819823792,12.083,-105.67740648668028,True,0,-65.40753587402187,-65.88777268300764,-65.53131175015008,-65.38125816538583,-65.8529261623801,-66.30747991442551,-66.33946279555367
api_vision,UAD,API 1608 console channel,console-api,line_gain_3,curve,,1000.0,3.0,13.456427707141424,-17.42140434902767,10.326,-103.09910041686912,True,0,-49.99646623194913,-17.673165632743096,-94.5688716034016,-31.860578647693927,-59.519074054546536,-34.47107976741591,-94.95501628174961
api_vision,UAD,API 1608 console channel,console-api,line_gain_6,full,,100.0,-12.0,0.007972516579699152,-81.9680913784467,14.929,-118.92602416452965,True,0,-97.20979018386103,-85.53401797738202,-114.28837778148775,-86.81781047006801,-115.73490791730649,-88.92020049384043,-127.44854310632219
api_vision,UAD,API 1608 console channel,console-api,line_gain_6,full,,100.0,-15.0,0.012920492020411112,-77.7744189564148,14.928,-121.93551260515326,True,0,-99.06984318186159,-80.30540247144731,-116.95642629939476,-83.33513325714415,-116.76798370792605,-85.84174213176135,-127.15782588451587
api_vision,UAD,API 1608 console channel,console-api,line_gain_6,full,,100.0,-18.0,0.01957635101118514,-74.16536513052817,14.927,-124.94323137927148,False,0,-100.57598998559534,-76.31173878146075,-119.22797937420822,-80.13634684629099,-117.54134517262783,-82.8712540341995,-126.84363866722987
api_vision,UAD,API 1608 console channel,console-api,line_gain_6,full,,100.0,-21.0,0.02851276660029318,-70.89921281905302,14.926,-127.95520091462883,False,0,-101.87375343673011,-72.85960153146753,-121.47717627714017,-77.09465336920539,-118.11599014009528,-80.02506183059143,-126.63192816784934
api_vision,UAD,API 1608 console channel,console-api,line_gain_6,full,,100.0,-24.0,0.04047628901128594,-67.85598623551914,14.924,-130.96879317190766,False,0,-102.89748162839854,-69.6865425294448,-123.11505336343609,-74.20507365067525,-118.54508699283251,-77.37061448859598,-126.64157449591448
api_vision,UAD,API 1608 console channel,console-api,line_gain_6,full,,100.0,-27.0,0.05615748012540299,-65.01184775837172,14.92,-133.9774971263936,False,0,-103.69858279819731,-66.69373061900164,-124.6363867192515,-71.52910399415605,-118.83173883013691,-75.10113001139675,-126.65010600808982
api_vision,UAD,API 1608 console channel,console-api,line_gain_6,full,,100.0,-3.0,0.008173873163417352,-81.75144211314748,14.926,-106.89589383070691,True,0,-91.10645545544264,-82.40707169169451,-102.20444083248015,-103.5524443268259,-122.79691495099327,-103.14788547434469,-111.08098905513685
api_vision,UAD,API 1608 console channel,console-api,line_gain_6,full,,100.0,-30.0,0.07548117005731461,-62.4432275263963,14.915,-136.9953379374258,False,0,-104.29754915230383,-63.89032712546001,-125.85564323216227,-69.25752271542477,-118.93977872215527,-73.68874861347423,-126.60278258654284
api_vision,UAD,API 1608 console channel,console-api,line_gain_6,full,,100.0,-36.0,0.11164459237699957,-59.04324615184271,14.898,-143.007333511123,False,0,-104.97144738464955,-59.51156116473376,-127.0659382142286,-68.97074827885119,-119.47059943489174,-91.94397275599897,-125.2821554415195
api_vision,UAD,API 1608 console channel,console-api,line_gain_6,full,,100.0,-42.0,0.10768826453321746,-59.356632438434616,14.87,-148.9664517852864,False,0,-105.25622492945035,-65.36616707714452,-131.78041265331873,-62.56028848085036,-122.5276659839601,-65.02520408242344,-124.2244912348149
api_vision,UAD,API 1608 console channel,console-api,line_gain_6,full,,100.0,-48.0,0.1360866157926162,-57.32369171683601,14.875,-154.92681355932962,False,0,-106.51862509335527,-57.42185668267065,-130.84192359242778,-74.2791959823919,-119.98700414111546,-83.94131133800768,-125.50144386946484
api_vision,UAD,API 1608 console channel,console-api,line_gain_6,full,,100.0,-54.0,0.0679842373077444,-63.35183540582079,14.904,-160.92425610834357,False,0,-106.2089597246264,-63.45058477898104,-130.99150569848229,-80.27804424562076,-119.97158055957007,-90.06387266428861,-125.56364861845758
api_vision,UAD,API 1608 console channel,console-api,line_gain_6,full,,100.0,-6.0,0.00485668557815687,-86.27320023686642,14.928,-112.90299274335047,True,0,-92.83139115298853,-88.76823846583312,-108.7610796493174,-96.41256561117345,-112.93730907253894,-95.80400983132876,-127.3568448539055
api_vision,UAD,API 1608 console channel,console-api,line_gain_6,full,,100.0,-60.0,0.03399707697562647,-69.3711684285239,14.918,-166.92181286390388,False,0,-106.15408588723051,-69.47162594570598,-130.66158787915094,-86.23259387287658,-119.97763907953117,-96.26513619425346,-125.5374397052418
api_vision,UAD,API 1608 console channel,console-api,line_gain_6,full,,100.0,-9.0,0.004790068310938891,-86.39316586176187,14.929,-115.91241106884596,True,0,-95.10628665884248,-92.57822494511872,-111.53119263276679,-90.86902253545534,-114.44044225457746,-92.18860232979578,-127.64938571425157
api_vision,UAD,API 1608 console channel,console-api,line_gain_6,full,,100.0,0.0,12.924295429613647,-17.771862464674722,13.273,-104.19922636376099,True,0,-50.230615031608004,-18.05669743490119,-79.89787382781255,-31.150151249073943,-59.6574408327536,-35.490490227545244,-81.30691623410073
api_vision,UAD,API 1608 console channel,console-api,line_gain_6,full,,100.0,3.0,22.84979598092873,-12.82235346527642,10.731,-98.55598384129742,True,0,-40.60165778443136,-13.009004445823358,-46.90898655619108,-27.529513915405065,-73.42013861472043,-34.991763289929494,-52.32627282773615
api_vision,UAD,API 1608 console channel,console-api,line_gain_6,full,,1000.0,-12.0,0.010493374453951725,-79.58169658299832,15.083,-118.95295196280416,True,0,-102.61674163065692,-81.46073607785654,-117.60581495341609,-86.05331217254546,-128.9901338694902,-88.76599911159053,-120.57426312315411
api_vision,UAD,API 1608 console channel,console-api,line_gain_6,full,,1000.0,-15.0,0.014777943017222536,-76.60772024770033,15.082,-121.96038482988985,True,0,-103.31416057516797,-78.47114602384718,-117.57883368977286,-83.04091084649096,-128.9499637727039,-85.84197268346857,-120.56439642233241
api_vision,UAD,API 1608 console channel,console-api,line_gain_6,full,,1000.0,-18.0,0.020790003395328306,-73.64290879483072,15.08,-124.96736117619182,False,0,-103.82175316926254,-75.49079253581598,-117.60622638619685,-80.05940410940673,-128.9796977105717,-82.94956332048753,-120.58775533497233
api_vision,UAD,API 1608 console channel,console-api,line_gain_6,full,,1000.0,-21.0,0.02915786027998839,-70.70488698889864,15.079,-127.97908046594246,False,0,-104.21539821119232,-72.52526334159295,-117.60781036814313,-77.1279991173805,-129.00282016488885,-80.13391240376066,-120.60309126786527
api_vision,UAD,API 1608 console channel,console-api,line_gain_6,full,,1000.0,-24.0,0.040629703848119224,-67.82312686511163,15.076,-130.9829935621821,False,0,-104.50886637365102,-69.58855127597892,-117.58638645251943,-74.28724419469452,-129.0399158234162,-77.48627659072858,-120.5940724399934
api_vision,UAD,API 1608 console channel,console-api,line_gain_6,full,,1000.0,-27.0,0.0558733233151254,-65.05590992540223,15.073,-133.989934180023,False,0,-104.7037495614616,-66.7121763055306,-117.60330292762804,-71.62686757566802,-129.04150990090724,-75.20105330804901,-120.60768782086349
api_vision,UAD,API 1608 console channel,console-api,line_gain_6,full,,1000.0,-3.0,0.12644008172758342,-57.96230464231398,15.08,-105.79576805761592,True,0,-66.03958029461235,-66.54809853555817,-66.1500887296457,-65.97119272535173,-66.45479730787501,-66.91608200005481,-66.9198373886576
api_vision,UAD,API 1608 console channel,console-api,line_gain_6,full,,1000.0,-30.0,0.07486122036017637,-62.51486194908847,15.068,-137.00870037904411,False,0,-104.84961876789956,-63.960095099105,-117.60231329009801,-69.34451795343342,-129.0523259621133,-73.73544763479386,-120.61212771195281
api_vision,UAD,API 1608 console channel,console-api,line_gain_6,full,,1000.0,-36.0,0.11122404383268841,-59.07602638185633,15.051,-143.0425052690452,False,0,-105.01497398668641,-59.56878891742445,-117.60578152307684,-68.8178018404233,-129.04986317387375,-88.62780888686606,-120.58657029184324
api_vision,UAD,API 1608 console channel,console-api,line_gain_6,full,,1000.0,-42.0,0.10815572849396471,-59.31900946209697,15.023,-148.97986849969567,False,0,-105.07829097968921,-64.62848524673635,-117.48455846433427,-63.02256731495354,-129.10521175470552,-64.85887302286409,-120.52007648020064
api_vision,UAD,API 1608 console channel,console-api,line_gain_6,full,,1000.0,-48.0,0.13796277104405494,-57.20476182435676,15.026,-154.94253019723004,False,0,-105.1548523324302,-57.30268467581266,-117.4895077022248,-74.1740632456757,-128.98599600225776,-83.81301067801513,-120.50385382246411
api_vision,UAD,API 1608 console channel,console-api,line_gain_6,full,,1000.0,-54.0,0.06888515189321566,-63.23748759255022,15.055,-160.94305584349274,False,0,-105.19771837434803,-63.33610341431228,-117.52469766901223,-80.17734429931166,-128.9727661441897,-89.9113395068564,-120.53402085737703
api_vision,UAD,API 1608 console channel,console-api,line_gain_6,full,,1000.0,-6.0,0.005316857339932175,-85.48689984736109,15.084,-112.93623827422336,True,0,-100.61567365591105,-87.4852663217856,-117.64585035903823,-92.16135068468363,-128.91831087975078,-94.62031628426467,-120.55664494474743
api_vision,UAD,API 1608 console channel,console-api,line_gain_6,full,,1000.0,-60.0,0.034441131680430837,-69.2584517352552,15.07,-166.94273361747005,False,0,-105.21828729075524,-69.35891055310103,-117.54348493126885,-86.14012617630706,-128.98351319303964,-96.06646725798542,-120.55033665403803
api_vision,UAD,API 1608 console channel,console-api,line_gain_6,full,,1000.0,-9.0,0.0074538707451174465,-82.55236284921523,15.083,-115.94624536072727,True,0,-101.77344647372462,-84.46368178633392,-117.56383597004645,-89.09247966194752,-129.00135446995463,-91.69761575334584,-120.54968468587754
api_vision,UAD,API 1608 console channel,console-api,line_gain_6,full,,1000.0,0.0,13.441304155529362,-17.43117182791782,13.325,-103.02543824353533,True,0,-50.000848360147934,-17.683780125577606,-95.78298285577128,-31.839802947740225,-59.5247720960173,-34.496429935113866,-96.38415487342479
api_vision,UAD,API 1608 console channel,console-api,line_gain_6,full,,1000.0,3.0,23.188040935155442,-12.694718832321307,10.765,-99.07720926963319,True,0,-40.51473902810689,-12.896931461713741,-46.50665069734067,-26.82812529168394,-94.9203480070036,-35.95770140355548,-52.59354405241314
api_vision,UAD,API 1608 console channel,console-api,line_gain_9,curve,,1000.0,-12.0,0.007457154927300637,-82.5485366812396,18.081,-115.69918535440331,True,0,-101.75249084395341,-84.45847834744852,-117.47574398617769,-89.09574268791388,-128.59724132695388,-91.69039676217913,-120.3655035195437
api_vision,UAD,API 1608 console channel,console-api,line_gain_9,curve,,1000.0,-15.0,0.01049667519667778,-79.57896482316396,18.08,-118.7048830956146,True,0,-102.64365784079524,-81.45703844074303,-117.45676259681615,-86.05465805113766,-128.58571167884375,-88.76000887810105,-120.36282434281573
api_vision,UAD,API 1608 console channel,console-api,line_gain_9,curve,,1000.0,-18.0,0.014783036170435034,-76.60472720969098,18.079,-121.71382521053008,True,0,-103.30177514330859,-78.46748959696197,-117.48761529015141,-83.0411035873077,-128.57630581962698,-85.83684205792741,-120.37809768057079
api_vision,UAD,API 1608 console channel,console-api,line_gain_9,curve,,1000.0,-21.0,0.02079675270579689,-73.64008944694817,18.078,-124.72104325609087,False,0,-103.82262357481045,-75.48752403705656,-117.48670489858894,-80.05878513577994,-128.6006116384802,-82.94502114133061,-120.39036394293719
api_vision,UAD,API 1608 console channel,console-api,line_gain_9,curve,,1000.0,-24.0,0.029166838044261827,-70.70221299751825,18.076,-127.73335033959808,False,0,-104.20343230047055,-72.52219942265299,-117.50568365879204,-77.12692495178038,-128.60426781725357,-80.13036888505025,-120.40302145005624
api_vision,UAD,API 1608 console channel,console-api,line_gain_9,curve,,1000.0,-27.0,0.04064100290585057,-67.8207116684677,18.074,-130.73520441356357,False,0,-104.4839655695594,-69.5858691767884,-117.50289649074752,-74.28584256078294,-128.61002860540677,-77.4834546346125,-120.40444745981614
api_vision,UAD,API 1608 console channel,console-api,line_gain_9,curve,,1000.0,-3.0,13.432086453952076,-17.43713043157303,16.324,-102.97098092803427,True,0,-50.00358351441783,-17.690257393757783,-96.64647195820221,-31.82718481263935,-59.527866686853116,-34.511922966929184,-97.39764684579194
api_vision,UAD,API 1608 console channel,console-api,line_gain_9,curve,,1000.0,-30.0,0.05588838452899725,-65.05356887237394,18.07,-133.74197423276357,False,0,-104.69452041803862,-66.70953802720332,-117.49904260716092,-71.62550010008604,-128.6552955794315,-75.19861560439715,-120.40126491118629
api_vision,UAD,API 1608 console channel,console-api,line_gain_9,curve,,1000.0,-36.0,0.09541231441845421,-60.40791138666408,18.058,-139.77916804103108,False,0,-104.92876011582851,-61.46937310089846,-117.50656357966696,-67.91704091737,-128.602376977291,-74.45944955594129,-120.42360959753955
api_vision,UAD,API 1608 console channel,console-api,line_gain_9,curve,,1000.0,-42.0,0.11526087528075525,-58.766361734975476,18.036,-145.7837140206317,False,0,-105.03475009488825,-59.15496124010424,-117.48358678819294,-87.70542886583578,-128.68196951128058,-69.5086288485688,-120.3398102135914
api_vision,UAD,API 1608 console channel,console-api,line_gain_9,curve,,1000.0,-48.0,0.14020040070215306,-57.065014902496294,18.007,-151.51058991897278,False,0,-105.05281213876238,-58.85638467665983,-117.26762280284694,-61.93496535795163,-128.16535369753632,-76.2247966446391,-120.20035421636827
api_vision,UAD,API 1608 console channel,console-api,line_gain_9,curve,,1000.0,-54.0,0.09743194587737393,-60.22597247566546,18.041,-157.69727090651458,False,0,-105.15598683828335,-60.32418109982716,-117.42509657226834,-77.18191603464174,-128.57958969501993,-86.86461553870859,-120.33355426779407
api_vision,UAD,API 1608 console channel,console-api,line_gain_9,curve,,1000.0,-6.0,0.12087743156218175,-58.353095531656976,18.077,-105.89410583779653,True,0,-66.43742937180546,-66.96994464157187,-66.54544333298618,-66.34686411354002,-66.8385629683775,-67.30532709614477,-67.29109585091047
api_vision,UAD,API 1608 console channel,console-api,line_gain_9,curve,,1000.0,-60.0,0.04868812071461531,-66.25153976438037,18.062,-163.69615458559156,False,0,-105.18826295455256,-66.3508839714814,-117.4442523749851,-83.1648355960632,-128.58430354729097,-92.98731329655763,-120.35347445491007
api_vision,UAD,API 1608 console channel,console-api,line_gain_9,curve,,1000.0,-9.0,0.005318687301754953,-85.48391084263649,18.081,-112.68970873259852,True,0,-100.64138220836611,-87.47996452818802,-117.46440293647211,-92.16486609123086,-128.58818330297657,-94.61223652514134,-120.34183696626764
api_vision,UAD,API 1608 console channel,console-api,line_gain_9,curve,,1000.0,0.0,23.18339635099195,-12.696458797608333,13.765,-99.02889840771547,True,0,-40.03063120638939,-12.89947907310928,-46.0276104523465,-26.840439864644132,-95.81390276546087,-35.945682853246225,-52.10601099153729
api_vision,UAD,API 1608 console channel,console-api,line_gain_9,curve,,1000.0,3.0,30.24740317556832,-10.38623809621807,10.963,-95.99918458835832,True,0,-39.15413281426352,-11.09843145652289,-41.64805567116382,-19.06126843830873,-46.75551067124882,-29.162204154327377,-59.64852152220363
bx_console_n,Brainworx,Neve VXS console channel,console-neve,thd_-30,full,,100.0,-12.0,0.2396522441371722,-52.40836999717621,2.984,-130.54970165406274,False,0,-125.06307944603022,-52.408408010683914,-129.84473390082508,-103.26014379553112,-118.83707106471654,-118.8343696829956,-134.47200536644263
bx_console_n,Brainworx,Neve VXS console channel,console-neve,thd_-30,full,,100.0,-15.0,0.12055554882128297,-58.376255910292166,3.015,-130.45689322293964,False,0,-113.64008264287,-58.37632519357251,-118.30585535465414,-109.36811847122246,-114.54142714305891,-116.62381536241641,-128.9662316808972
bx_console_n,Brainworx,Neve VXS console channel,console-neve,thd_-30,full,,100.0,-18.0,0.06046362438282248,-64.37011646758269,3.031,-130.48495867163848,False,0,-115.126560250553,-64.37030293066837,-122.84794596718814,-113.44641603559991,-131.855560944476,-120.59530583346725,-111.77438015357738
bx_console_n,Brainworx,Neve VXS console channel,console-neve,thd_-30,full,,100.0,-21.0,0.030434537227735127,-70.33266595048428,3.038,-130.47209215356781,False,0,-113.21299296648503,-70.3342337278706,-118.0153341877535,-112.84911055079947,-110.12069657228508,-112.07820366155586,-112.24157877500755
bx_console_n,Brainworx,Neve VXS console channel,console-neve,thd_-30,full,,100.0,-24.0,0.01500776558034843,-76.47367925088368,3.042,-130.42101012003857,False,0,-110.32652163357383,-76.49105872338801,-121.12731027193165,-106.1888567337978,-115.47380522861855,-103.08583696307956,-114.10872964798544
bx_console_n,Brainworx,Neve VXS console channel,console-neve,thd_-30,full,,100.0,-27.0,0.00727208506761226,-82.76682098907023,3.044,-130.39530932419802,False,0,-118.27123459205808,-82.8667491051378,-105.98896687453097,-106.15794946061995,-110.66302926341896,-102.46914133817538,-113.78961298970843
bx_console_n,Brainworx,Neve VXS console channel,console-neve,thd_-30,full,,100.0,-3.0,1.825806467872301,-34.77090517556937,2.567,-131.31433048761116,False,0,-126.09768880602579,-34.772750213441384,-128.90516905320627,-68.49111172055618,-131.70096957927643,-103.17128017766784,-131.48589706779453
bx_console_n,Brainworx,Neve VXS console channel,console-neve,thd_-30,full,,100.0,-30.0,0.004603460245442398,-86.73831205952351,3.045,-130.43085516508114,False,0,-107.91064152224507,-87.6717057048943,-97.61139533795044,-106.68482058485728,-98.94821511195629,-101.7266566223002,-113.679533139304
bx_console_n,Brainworx,Neve VXS console channel,console-neve,thd_-30,full,,100.0,-36.0,0.0036555672895582352,-88.74090434891167,3.046,-130.41450567657276,False,0,-95.14178541043876,-99.80346918233509,-94.30527971734142,-96.69890495602627,-97.31421847772071,-113.19487498428232,-98.2306555984286
bx_console_n,Brainworx,Neve VXS console channel,console-neve,thd_-30,full,,100.0,-42.0,0.008510610893628551,-81.400785300753,3.046,-130.39258738269152,False,0,-89.03938955839243,-90.49939609745493,-86.81448744231045,-90.40422046234687,-91.35651485692121,-88.66645887161512,-107.09844415217117
bx_console_n,Brainworx,Neve VXS console channel,console-neve,thd_-30,full,,100.0,-48.0,0.02064540067957495,-73.70353368108002,3.047,-130.39996959817853,False,0,-85.91671452665577,-83.48353657441265,-76.03297601828031,-89.9327783398792,-80.5512982603266,-91.15014553545487,-102.27056275961522
bx_console_n,Brainworx,Neve VXS console channel,console-neve,thd_-30,full,,100.0,-54.0,0.0231190469939685,-72.72060144464186,3.047,-130.41095395480409,False,0,-85.56356195446557,-78.43370017095361,-85.21789244458289,-89.2483067369696,-84.58235840753794,-76.35629917885444,-82.58802046512218
bx_console_n,Brainworx,Neve VXS console channel,console-neve,thd_-30,full,,100.0,-6.0,0.9369772506028629,-40.56541906927929,2.801,-130.90427523443503,False,0,-126.8897316974811,-40.565895982993894,-126.25696448583241,-80.16029086266872,-124.1800508636118,-117.45435659083803,-137.68329890233315
bx_console_n,Brainworx,Neve VXS console channel,console-neve,thd_-30,full,,100.0,-60.0,0.04391248933357882,-67.14823885381603,3.05,-130.43745036126234,False,0,-80.02045230440152,-74.35771574261581,-75.26642494038511,-79.33650503603437,-78.87094249513224,-72.03929664399989,-75.32740056121673
bx_console_n,Brainworx,Neve VXS console channel,console-neve,thd_-30,full,,100.0,-9.0,0.47526956785153734,-46.46119986547349,2.922,-130.6352870667343,False,0,-134.57327895268628,-46.46131989756498,-124.0877591701744,-92.05258330257064,-128.11300535031125,-129.1261117394846,-126.4718122293071
bx_console_n,Brainworx,Neve VXS console channel,console-neve,thd_-30,full,,100.0,0.0,3.480034464760079,-29.168329099338468,2.127,-132.14741591205384,True,0,-138.73302046791426,-29.17522085789541,-139.24748646595438,-57.17243030261098,-132.28454705622167,-85.68470223598851,-135.8348869763718
bx_console_n,Brainworx,Neve VXS console channel,console-neve,thd_-30,full,,100.0,3.0,6.372461569590017,-23.913855499018762,1.341,-133.37185503480956,True,0,-147.72241927388006,-23.938147726941995,-137.5039772306291,-46.471342907391275,-152.26973391472544,-69.3790045374954,-136.14927273225342
bx_console_n,Brainworx,Neve VXS console channel,console-neve,thd_-30,full,,1000.0,-12.0,0.23961651625179112,-52.40966500530377,2.984,-130.5821451253277,False,0,-119.42585116425597,-52.40970704940625,-118.58143759056475,-102.91710772301855,-121.22307100845916,-123.28292583212509,-121.26085675700463
bx_console_n,Brainworx,Neve VXS console channel,console-neve,thd_-30,full,,1000.0,-15.0,0.12050604382495067,-58.37982342128386,3.015,-130.56665530625767,False,0,-115.5455323761866,-58.379855707322214,-120.445053309976,-119.61979362419368,-123.15156006829025,-116.01946027883073,-115.18864420940473
bx_console_n,Brainworx,Neve VXS console channel,console-neve,thd_-30,full,,1000.0,-18.0,0.060377981901185325,-64.38242814219959,3.031,-130.47733891613174,False,0,-118.10894849504415,-64.38277333280057,-114.05926346213002,-107.32876263322103,-113.62361302108992,-123.15432672511504,-127.48289985390073
bx_console_n,Brainworx,Neve VXS console channel,console-neve,thd_-30,full,,1000.0,-21.0,0.030270275096243474,-70.37967264314959,3.039,-130.44788766012462,False,0,-114.08573989803077,-70.38162819398934,-115.59387208762821,-107.95015611745183,-114.24352705202146,-116.83081663970329,-108.95586077091082
bx_console_n,Brainworx,Neve VXS console channel,console-neve,thd_-30,full,,1000.0,-24.0,0.01518729438593631,-76.37039177477561,3.042,-130.4219060973044,False,0,-107.00467770176198,-76.38860374435572,-102.60610137823724,-108.92714700710066,-113.57328399890429,-113.65741053318087,-126.75578562046128
bx_console_n,Brainworx,Neve VXS console channel,console-neve,thd_-30,full,,1000.0,-27.0,0.007688925202336712,-82.28268727761814,3.044,-130.42876859241755,False,0,-104.56736734784033,-82.48537022665671,-112.77041320797609,-102.17295646527654,-99.46728358703524,-105.08687736802558,-106.07823140388612
bx_console_n,Brainworx,Neve VXS console channel,console-neve,thd_-30,full,,1000.0,-3.0,1.825845620945253,-34.77071891507007,2.567,-131.32768510358065,False,0,-144.31805265115838,-34.772559800968914,-131.17289460396788,-68.50077664713541,-130.83504832604604,-102.95888969140051,-131.1992344878039
bx_console_n,Brainworx,Neve VXS console channel,console-neve,thd_-30,full,,1000.0,-30.0,0.004008801176362235,-87.93970965648127,3.046,-130.3935488422856,False,0,-100.96681268334956,-89.54658038637439,-114.53840572092666,-102.24857798237792,-108.68579661374534,-95.70512041254575,-101.45783520670372
bx_console_n,Brainworx,Neve VXS console channel,console-neve,thd_-30,full,,1000.0,-36.0,0.004449251222127396,-87.03426143188842,3.046,-130.45105727176608,False,0,-108.34014757543486,-93.8760522449767,-104.64588820352856,-105.54642388379324,-94.914633172386,-94.52617077787039,-90.87291541999092
bx_console_n,Brainworx,Neve VXS console channel,console-neve,thd_-30,full,,1000.0,-42.0,0.009591798828393146,-80.36199876798182,3.047,-130.43037872634403,False,0,-96.48020948693443,-94.5176887104278,-88.60894567919448,-97.44580688209956,-83.0802595580573,-90.65226135593078,-88.91521868290006
bx_console_n,Brainworx,Neve VXS console channel,console-neve,thd_-30,full,,1000.0,-48.0,0.01580320809864758,-76.02509482026277,3.047,-130.44140704840697,False,0,-82.05701133590776,-84.62596007839026,-82.89366750638902,-82.1195513576548,-89.45903385280731,-85.39780837848735,-111.15956707149084
bx_console_n,Brainworx,Neve VXS console channel,console-neve,thd_-30,full,,1000.0,-54.0,0.03739924038261747,-68.54274437363095,3.048,-130.42744608323528,False,0,-79.70758611818475,-81.8832700742618,-80.5231632704495,-81.64927877802657,-78.16309656480168,-73.84807358218767,-72.96758485458936
bx_console_n,Brainworx,Neve VXS console channel,console-neve,thd_-30,full,,1000.0,-6.0,0.9369665298957061,-40.56551845206779,2.801,-130.8727771380876,False,0,-147.35375130524554,-40.56599765796101,-119.66708819429056,-80.13931267156323,-130.63794319374915,-121.30463849926167,-127.63542353932338
bx_console_n,Brainworx,Neve VXS console channel,console-neve,thd_-30,full,,1000.0,-60.0,0.05717458084818703,-64.85594021120144,3.049,-130.39252816378024,False,0,-77.4018000671495,-70.77033974812785,-77.05368320477231,-70.68707495115248,-70.82714873324076,-75.67121160818736,-79.94389302267871
bx_console_n,Brainworx,Neve VXS console channel,console-neve,thd_-30,full,,1000.0,-9.0,0.47530617891116395,-46.46053079806947,2.922,-130.6976105320869,False,0,-123.05179903489247,-46.46065416494154,-129.61427162772588,-91.93859684697124,-124.5209514783466,-123.29589190928561,-124.35876319636253
bx_console_n,Brainworx,Neve VXS console channel,console-neve,thd_-30,full,,1000.0,0.0,3.4800657310093226,-29.1682510616141,2.127,-132.13369676248757,True,0,-132.59532359054384,-29.175143426801316,-132.75709514474872,-57.17196157762409,-149.20946753421654,-85.6904669408799,-138.2085225110846
bx_console_n,Brainworx,Neve VXS console channel,console-neve,thd_-30,full,,1000.0,3.0,6.372477141152639,-23.913834274456214,1.341,-133.3522874465338,True,0,-135.64341226568507,-23.938127249506735,-132.48373945060058,-46.471222388679664,-126.31451197775525,-69.37224429674727,-136.91323372157558
bx_console_n,Brainworx,Neve VXS console channel,console-neve,thd_-35,curve,,1000.0,-12.0,0.12272795632382565,-58.221129952594396,1.663,-131.86399643685874,False,0,-121.41687960507339,-58.22115437994662,-123.80558683945766,-113.32692456447828,-117.78084991351795,-125.29315781155935,-121.4090221110543
bx_console_n,Brainworx,Neve VXS console channel,console-neve,thd_-35,curve,,1000.0,-15.0,0.06172549112049463,-64.19070891813617,1.679,-131.77230082655458,False,0,-112.15578401319335,-64.19098064615872,-110.32367627080791,-130.1603948046029,-112.69024250511721,-116.22129422199723,-122.19798284430703
bx_console_n,Brainworx,Neve VXS console channel,console-neve,thd_-35,curve,,1000.0,-18.0,0.030560809495682066,-70.2967029267622,1.687,-131.7483068102627,False,0,-119.50228508251291,-70.29719558871099,-120.82819882867496,-116.56860446528084,-119.06021562571603,-115.20300021152123,-116.60878773557081
bx_console_n,Brainworx,Neve VXS console channel,console-neve,thd_-35,curve,,1000.0,-21.0,0.015449506624763598,-76.22170770156475,1.691,-131.76038148790292,False,0,-111.83700944852674,-76.22897605814225,-130.18081276410487,-105.69382897503728,-117.22665535962076,-121.63076053925664,-114.2804091977463
bx_console_n,Brainworx,Neve VXS console channel,console-neve,thd_-35,curve,,1000.0,-24.0,0.008267887341342317,-81.65210899446708,1.693,-131.78683294784696,False,0,-110.44828880444582,-81.68935967227478,-110.3893222097601,-109.06697717097535,-115.7026003274619,-110.84098195961818,-107.72267977789286
bx_console_n,Brainworx,Neve VXS console channel,console-neve,thd_-35,curve,,1000.0,-27.0,0.004303590688655814,-87.32338081612369,1.694,-131.7981348954812,False,0,-102.33194153858122,-87.75351608364628,-103.44606009483604,-110.84951406297665,-108.4433367966623,-103.23673770540765,-120.13071952837755
bx_console_n,Brainworx,Neve VXS console channel,console-neve,thd_-35,curve,,1000.0,-3.0,0.9542858249667833,-40.40643054335739,1.446,-132.3047147732813,False,0,-122.00385046438706,-40.40693457311667,-140.18909601883726,-79.76058400461241,-143.0371962275294,-121.4532164597118,-128.2863901218322
bx_console_n,Brainworx,Neve VXS console channel,console-neve,thd_-35,curve,,1000.0,-30.0,0.0028059050034932916,-91.03854072999525,1.695,-131.80421724595703,False,0,-102.49652099541098,-93.91250237055799,-104.96387193332664,-98.32989026957512,-101.87884798239453,-109.3463122036458,-101.57805266431397
bx_console_n,Brainworx,Neve VXS console channel,console-neve,thd_-35,curve,,1000.0,-36.0,0.005303074602547571,-85.50944526548523,1.695,-131.80608044067787,False,0,-92.33124140977347,-91.63648926651035,-96.12678559196277,-92.15335661549945,-97.08695908806627,-94.03106655471515,-100.09987371439348
bx_console_n,Brainworx,Neve VXS console channel,console-neve,thd_-35,curve,,1000.0,-42.0,0.012097121798178312,-78.34635893393292,1.695,-131.8123023789747,False,0,-88.54691757681104,-89.0228382955742,-88.18978868261503,-96.41461839159402,-89.1897816178419,-92.79535862274471,-80.70149701004323
bx_console_n,Brainworx,Neve VXS console channel,console-neve,thd_-35,curve,,1000.0,-48.0,0.01975460544487271,-74.08663279960594,1.695,-131.80810568672985,False,0,-79.62399300647546,-89.72635064319711,-82.53498458374132,-84.65546878524975,-80.86261753933928,-83.64802460847996,-82.56674786839768
bx_console_n,Brainworx,Neve VXS console channel,console-neve,thd_-35,curve,,1000.0,-54.0,0.037584850300801116,-68.4997435038961,1.696,-131.78351931032995,False,0,-79.25770237801886,-78.36182367433948,-82.24910031721419,-80.9423035361044,-74.91232464891948,-72.81567246588543,-77.89163107108325
bx_console_n,Brainworx,Neve VXS console channel,console-neve,thd_-35,curve,,1000.0,-6.0,0.4843016185200006,-46.297681591064645,1.569,-132.0679699654256,False,0,-135.08543296176788,-46.29781183893756,-135.74435062489658,-91.53305829403831,-126.00092113014597,-124.09584426102339,-128.55557888514784
bx_console_n,Brainworx,Neve VXS console channel,console-neve,thd_-35,curve,,1000.0,-60.0,0.07116660451374095,-62.954475092938516,1.696,-131.7771237472749,False,0,-66.00122963821559,-71.78415644951757,-77.49443573013345,-73.40588685624357,-69.94864122429293,-77.09580447327139,-83.11506582530653
bx_console_n,Brainworx,Neve VXS console channel,console-neve,thd_-35,curve,,1000.0,-9.0,0.24423386584436158,-52.24388232546527,1.631,-131.971904655513,False,0,-115.86706855924257,-52.24391441382536,-125.70995882429082,-104.06323575927516,-121.36372783955898,-131.06053281833067,-119.31634301093156
bx_console_n,Brainworx,Neve VXS console channel,console-neve,thd_-35,curve,,1000.0,0.0,1.8580794491954946,-34.618714400932554,1.207,-132.75952523613796,True,0,-135.0968279603331,-34.62065384439291,-137.03753378899125,-68.12236310867962,-135.3552301252507,-102.44559700299203,-140.66752077072496
bx_console_n,Brainworx,Neve VXS console channel,console-neve,thd_-35,curve,,1000.0,3.0,3.5367552968946736,-29.027899747356138,0.76,-133.56296368017416,True,0,-137.17642849695784,-29.035104689433332,-154.5153359454283,-56.83965043419097,-139.3828655759488,-85.011937937615,-132.6100056900302
bx_console_n,Brainworx,Neve VXS console channel,console-neve,thd_-40,curve,,1000.0,-12.0,0.06614049666772286,-63.59065096339597,0.908,-132.56843648780443,False,0,-116.71435251086842,-63.59072315048679,-121.55267014690607,-119.6095846545837,-115.9446545003536,-121.68821015074904,-129.03774495997817
bx_console_n,Brainworx,Neve VXS console channel,console-neve,thd_-40,curve,,1000.0,-15.0,0.03327601711965569,-69.55737321882211,0.917,-132.53147900389393,False,0,-113.48772570226323,-69.55785014278233,-119.5152636726519,-116.83043925341164,-121.33603209266697,-114.43554646956649,-128.2237964758227
bx_console_n,Brainworx,Neve VXS console channel,console-neve,thd_-40,curve,,1000.0,-18.0,0.01668792054285014,-75.55195553487519,0.921,-132.5470933467623,False,0,-110.85339206824719,-75.55673965744998,-123.9250503898205,-112.80255086978721,-120.85880793900328,-109.4290480356153,-113.40162479298796
bx_console_n,Brainworx,Neve VXS console channel,console-neve,thd_-40,curve,,1000.0,-21.0,0.008289819033417732,-81.62909899972051,0.923,-132.6044306575111,False,0,-106.52383327381195,-81.65687452055752,-113.81648601039949,-122.8596156646035,-109.12979230614144,-117.20486547968106,-115.60110828642004
bx_console_n,Brainworx,Neve VXS console channel,console-neve,thd_-40,curve,,1000.0,-24.0,0.0040682938776241745,-87.81175365765696,0.925,-132.5381163122526,False,0,-113.78846988773503,-88.14023407289598,-115.57449278801764,-100.88028497674487,-114.91395385719555,-105.69190547462442,-117.51288883388439
bx_console_n,Brainworx,Neve VXS console channel,console-neve,thd_-40,curve,,1000.0,-27.0,0.0021889027958716615,-93.19547048041736,0.925,-132.54637304247518,False,0,-114.48272299918014,-93.95763561966754,-108.54443518362734,-112.34892720879296,-104.32322203173293,-115.17421273726816,-108.61373042868196
bx_console_n,Brainworx,Neve VXS console channel,console-neve,thd_-40,curve,,1000.0,-3.0,0.5200067889532182,-45.67981972785502,0.79,-132.81596287294514,False,0,-126.57553031667302,-45.67996719798473,-138.84703635205744,-90.3732981840836,-135.05619929592953,-126.03390566962673,-134.37771231622503
bx_console_n,Brainworx,Neve VXS console channel,console-neve,thd_-40,curve,,1000.0,-30.0,0.002505244640562629,-92.02299716552596,0.925,-132.54884719126372,False,0,-103.08949722370704,-115.1541649232574,-95.62186646803185,-100.0959124789097,-107.02656136896464,-103.84406737661678,-98.46111396011814
bx_console_n,Brainworx,Neve VXS console channel,console-neve,thd_-40,curve,,1000.0,-36.0,0.00457276393997349,-86.79642435293765,0.926,-132.58031804703083,False,0,-98.27359192481146,-92.85584038582368,-94.3553350894269,-94.52189329890514,-94.63790356932854,-95.47060942892162,-101.14838643182574
bx_console_n,Brainworx,Neve VXS console channel,console-neve,thd_-40,curve,,1000.0,-42.0,0.010331558359095373,-79.71668333589633,0.926,-132.55687721714077,False,0,-88.3329592966126,-86.2978118562966,-87.91855712442954,-91.70597660705324,-88.42089319232034,-86.16154733519595,-91.47485619766081
bx_console_n,Brainworx,Neve VXS console channel,console-neve,thd_-40,curve,,1000.0,-48.0,0.014865839888266357,-76.55621098106751,0.926,-132.51128037632387,False,0,-85.12462310166542,-80.68092036640718,-87.58321983152017,-86.26727267340102,-87.16289370490401,-89.14177100915953,-84.90683536314052
bx_console_n,Brainworx,Neve VXS console channel,console-neve,thd_-40,curve,,1000.0,-54.0,0.035181370981403066,-69.07374481089876,0.926,-132.56392241466685,False,0,-89.3469246819052,-78.37880200287758,-75.79105610478705,-92.94695767424696,-80.92946826042683,-75.78194622451105,-73.30351660430365
bx_console_n,Brainworx,Neve VXS console channel,console-neve,thd_-40,curve,,1000.0,-6.0,0.2624005361513729,-51.62070563841651,0.857,-132.68882899234157,False,0,-126.0247678562039,-51.62074742848727,-132.24658888833733,-101.86573198192633,-121.56497716400203,-131.41914347664851,-130.05271691474394
bx_console_n,Brainworx,Neve VXS console channel,console-neve,thd_-40,curve,,1000.0,-60.0,0.030582180660920437,-70.29063100944899,0.927,-132.52415096409962,False,0,-81.59684599102727,-77.1792476396851,-80.40916121019308,-82.27435365396971,-77.5422062078355,-79.81911964604596,-76.12655317102517
bx_console_n,Brainworx,Neve VXS console channel,console-neve,thd_-40,curve,,1000.0,-9.0,0.13192540996885865,-57.59343095087178,0.891,-132.62097520353714,False,0,-125.28023535401344,-57.59344759022645,-132.27844639149023,-113.70657928578383,-120.91007945816115,-120.5192390678655,-124.49827367889554
bx_console_n,Brainworx,Neve VXS console channel,console-neve,thd_-40,curve,,1000.0,0.0,1.0237154192036073,-39.79641510639277,0.658,-133.02688551612005,True,0,-133.72898874895657,-39.79699715225647,-134.94413656264877,-78.52564706099925,-129.6986969443638,-117.15773849058223,-132.183993465279
bx_console_n,Brainworx,Neve VXS console channel,console-neve,thd_-40,curve,,1000.0,3.0,1.9895271148174165,-34.02500275150957,0.403,-133.54700920072378,True,0,-133.33824979771788,-34.02723883124273,-140.4411473939262,-66.91120326132602,-134.36510757766757,-100.04463898508124,-147.1271258963616
bx_console_n,Brainworx,Neve VXS console channel,console-neve,thd_-50,curve,,1000.0,-12.0,0.02013069930293715,-73.92282276538471,0.221,-133.23430720369242,False,0,-123.17787646358215,-73.92348964124332,-116.39410818039791,-122.9953780257773,-116.73178976795816,-122.52707425087027,-125.78023664444609
bx_console_n,Brainworx,Neve VXS console channel,console-neve,thd_-50,curve,,1000.0,-15.0,0.01018810400546013,-79.83813260364064,0.224,-133.22811173410153,False,0,-113.43024347931097,-79.84462311213507,-116.52853194536866,-121.59444339370634,-112.66954019515047,-119.54931502933432,-118.16022866844295
bx_console_n,Brainworx,Neve VXS console channel,console-neve,thd_-50,curve,,1000.0,-18.0,0.005023015750879265,-85.98070920006116,0.225,-133.22975148740557,False,0,-112.50544275907899,-86.05060169790005,-120.92653039978484,-112.81480598012485,-108.89672052940153,-117.43210980286958,-108.56153795547868
bx_console_n,Brainworx,Neve VXS console channel,console-neve,thd_-50,curve,,1000.0,-21.0,0.0028426328952303242,-90.9255844514251,0.226,-133.32458366772957,False,0,-105.83188823625841,-91.34340345751902,-109.57253447079218,-119.22570000752394,-111.71642430550196,-108.99696786945245,-107.83977389262587
bx_console_n,Brainworx,Neve VXS console channel,console-neve,thd_-50,curve,,1000.0,-24.0,0.001764413569905307,-95.0679922154204,0.226,-133.23151178715227,False,0,-108.70076197714128,-96.71449233198308,-121.35726938602102,-107.61621612878507,-108.95345270002387,-119.61132517854719,-102.76700954850224
bx_console_n,Brainworx,Neve VXS console channel,console-neve,thd_-50,curve,,1000.0,-27.0,0.0016923613065344585,-95.43013825521798,0.226,-133.2502925548323,False,0,-108.89544276920914,-98.39342825631283,-105.67153575770453,-111.20750444238959,-101.07367989195708,-126.30729451398359,-108.02604474204328
bx_console_n,Brainworx,Neve VXS console channel,console-neve,thd_-50,curve,,1000.0,-3.0,0.1593627166904962,-55.9522655069172,0.185,-133.31332007098334,False,0,-139.83209796352375,-55.95227951103445,-138.4316810625791,-111.03046104168021,-126.89888878756172,-132.56129053636522,-137.67729675630463
bx_console_n,Brainworx,Neve VXS console channel,console-neve,thd_-50,curve,,1000.0,-30.0,0.0016336916304393043,-95.7365983176048,0.226,-133.2898544119846,False,0,-101.4519373729798,-104.82763429287454,-104.6061807312326,-109.82842544154809,-103.62929216214917,-103.63963777913517,-105.11888582995533
bx_console_n,Brainworx,Neve VXS console channel,console-neve,thd_-50,curve,,1000.0,-36.0,0.003973323447098201,-88.01692159810104,0.226,-133.24341892718698,False,0,-96.43363997738749,-101.80817062703588,-92.01566128681647,-101.24951922327087,-103.48579768193942,-92.94869391865227,-105.25435499414212
bx_console_n,Brainworx,Neve VXS console channel,console-neve,thd_-50,curve,,1000.0,-42.0,0.00769534495838395,-82.27543814650126,0.226,-133.20081429758943,False,0,-94.65654558714047,-93.8488318820504,-88.4527641613125,-94.04807548293013,-91.68511596725554,-89.77932070196269,-87.9179151523935
bx_console_n,Brainworx,Neve VXS console channel,console-neve,thd_-50,curve,,1000.0,-48.0,0.018703100188877813,-74.56172799405243,0.227,-133.22503281145484,False,0,-83.30192584058005,-85.75360008682838,-91.61780626627063,-79.07291752966864,-80.49036971748743,-87.13721331068149,-84.30316230550642
bx_console_n,Brainworx,Neve VXS console channel,console-neve,thd_-50,curve,,1000.0,-54.0,0.02729680213120282,-71.27776456696543,0.227,-133.23789015517775,False,0,-78.53743098718368,-82.09187976248555,-74.76501305777245,-89.00435932538886,-83.48306607401508,-80.31186659370447,-82.29153941284204
bx_console_n,Brainworx,Neve VXS console channel,console-neve,thd_-50,curve,,1000.0,-6.0,0.08005171036057024,-61.932587692826814,0.205,-133.20177001063462,False,0,-133.55410814783272,-61.932614424527046,-125.93675001315192,-115.75758685358062,-128.19154969639072,-124.57773911091346,-123.1053890472387
bx_console_n,Brainworx,Neve VXS console channel,console-neve,thd_-50,curve,,1000.0,-60.0,0.0644351582968933,-63.81754200439233,0.226,-133.24614126844185,False,0,-83.04813002271683,-65.77306157971199,-80.80598785748927,-73.30363865229509,-77.21461396944963,-71.59868211391819,-86.31946787036333
bx_console_n,Brainworx,Neve VXS console channel,console-neve,thd_-50,curve,,1000.0,-9.0,0.04007550667306502,-67.94241956341884,0.216,-133.30749232313667,False,0,-129.96398453413937,-67.94246699320838,-120.75149952596361,-128.68483056866853,-125.57157874903993,-124.37582719140737,-134.64324783979583
bx_console_n,Brainworx,Neve VXS console channel,console-neve,thd_-50,curve,,1000.0,0.0,0.3166685393387657,-49.987901623010764,0.144,-133.36687970073422,True,0,-143.07598590217108,-49.987955583251996,-138.56348984634013,-99.04799951678582,-144.13997253357257,-133.8387451236035,-136.76478499052095
bx_console_n,Brainworx,Neve VXS console channel,console-neve,thd_-50,curve,,1000.0,3.0,0.6265960269283344,-44.060247263729465,0.063,-133.55587832640023,True,0,-136.24991107093572,-44.0604654818235,-136.1176717778435,-87.04972392053227,-140.1735971477309,-129.68001500588474,-135.11244824944112
bx_console_n,Brainworx,Neve VXS console channel,console-neve,thd_-60,full,,100.0,-12.0,0.006240291072375399,-84.09590305193402,0.0,-133.4784187830129,False,0,-114.99042379070943,-84.10269688316143,-122.55442733799981,-126.46703340708126,-121.03695259734586,-125.76298819004863,-119.6500661825265
bx_console_n,Brainworx,Neve VXS console channel,console-neve,thd_-60,full,,100.0,-15.0,0.003238939445806961,-89.79194342693894,0.001,-133.51917560068136,False,0,-131.20801242536015,-89.8262693749092,-115.78902855813547,-129.00804732512947,-116.83676786479056,-116.42765104974826,-119.69515892867669
bx_console_n,Brainworx,Neve VXS console channel,console-neve,thd_-60,full,,100.0,-18.0,0.0017475527010381163,-95.1513943668682,0.001,-133.41527979836076,False,0,-115.46898072924661,-95.5407010292877,-118.42021601305959,-116.51289957399662,-114.03787344622566,-115.01303607324509,-109.00456269917225
bx_console_n,Brainworx,Neve VXS console channel,console-neve,thd_-60,full,,100.0,-21.0,0.0010458602479779644,-99.61052687508962,0.002,-133.46073122636642,False,0,-106.75342749104585,-103.42840876089099,-114.09285904873255,-112.77039706444671,-107.79869262606674,-111.00037942897112,-110.39573246661067
bx_console_n,Brainworx,Neve VXS console channel,console-neve,thd_-60,full,,100.0,-24.0,0.0014182869102776687,-96.96471810596037,0.002,-133.41748994553424,False,0,-111.12333132837165,-102.56871328269389,-104.99445758058908,-107.85692948512435,-104.54427302893217,-102.74536027587928,-117.51554874570111
bx_console_n,Brainworx,Neve VXS console channel,console-neve,thd_-60,full,,100.0,-27.0,0.001883469439405256,-94.50082844263967,0.002,-133.513156851915,False,0,-101.60661761772565,-104.869022897343,-104.7721228358308,-109.56449605718873,-110.13470642297081,-99.63476378810816,-100.4466059511907
bx_console_n,Brainworx,Neve VXS console channel,console-neve,thd_-60,full,,100.0,-3.0,0.049977883608790914,-66.02444277390907,-0.011,-133.49683321059592,False,0,-126.7873696219738,-66.02446684484326,-126.93744986405838,-122.26624362850445,-127.46622032549908,-134.14729287035985,-127.92343868979168
bx_console_n,Brainworx,Neve VXS console channel,console-neve,thd_-60,full,,100.0,-30.0,0.002573252177407865,-91.79035302130332,0.002,-133.51545114038828,False,0,-110.77652658184279,-96.50534454194427,-108.53484782290394,-100.47296954972285,-98.07549985399207,-99.6048692173241,-102.13061792166896
bx_console_n,Brainworx,Neve VXS console channel,console-neve,thd_-60,full,,100.0,-36.0,0.0048199376891635785,-86.33917152330326,0.002,-133.51602221402428,False,0,-91.17682025124564,-99.97045834154677,-90.32427609163997,-109.46159627264181,-96.36468404117008,-96.20243581914454,-103.02926234251197
bx_console_n,Brainworx,Neve VXS console channel,console-neve,thd_-60,full,,100.0,-42.0,0.00805551208447022,-81.87813693011995,0.002,-133.42572731885053,False,0,-86.92471054295618,-94.85423009905813,-85.71539428482009,-96.13024349212574,-89.95481849789037,-116.47895847093037,-97.1339576675797
bx_console_n,Brainworx,Neve VXS console channel,console-neve,thd_-60,full,,100.0,-48.0,0.006278583192007854,-84.04276693835317,0.002,-133.45731433531208,False,0,-90.12084928454055,-98.29545323647069,-91.46558912846433,-94.95702071981073,-88.82788051939784,-97.6486217642501,-95.13114442681386
bx_console_n,Brainworx,Neve VXS console channel,console-neve,thd_-60,full,,100.0,-54.0,0.036226919750354754,-68.81937181905738,0.003,-133.47401758844092,False,0,-77.50096010115189,-81.69587241055487,-87.9809312979645,-80.06823737978208,-72.13491889610357,-75.00137109192093,-86.0583566498533
bx_console_n,Brainworx,Neve VXS console channel,console-neve,thd_-60,full,,100.0,-6.0,0.025056734240197644,-72.02151066514884,-0.005,-133.4916392389438,False,0,-123.74080231818029,-72.02159575521499,-126.41322422981924,-132.14613469989695,-138.72785723356205,-123.03517122649777,-141.21494312927095
bx_console_n,Brainworx,Neve VXS console channel,console-neve,thd_-60,full,,100.0,-60.0,0.07446169029290917,-62.561342188957084,0.004,-133.46070357539188,False,0,-85.29143176096272,-71.2612293231667,-72.74908403232665,-65.42650887946007,-71.34477894409986,-76.24686612278256,-73.99546755312136
bx_console_n,Brainworx,Neve VXS console channel,console-neve,thd_-60,full,,100.0,-9.0,0.012547587561750997,-78.0287952993256,-0.001,-133.5079121932097,False,0,-119.70806052408045,-78.02958841545929,-125.15318003581108,-140.33966727243714,-126.9649615785835,-125.03771752459849,-120.10423196163337
bx_console_n,Brainworx,Neve VXS console channel,console-neve,thd_-60,full,,100.0,0.0,0.09951079543132306,-60.0425960449983,-0.024,-133.5238896686534,False,0,-129.67985840857952,-60.04260171854553,-131.61723374663237,-120.58321694868661,-130.5949634764379,-128.596803726186,-137.59483859966633
bx_console_n,Brainworx,Neve VXS console channel,console-neve,thd_-60,full,,100.0,3.0,0.19803410338576405,-54.06520027185148,-0.05,-133.5588409679163,True,0,-144.53642434861808,-54.065221268723576,-133.7582924772438,-107.26710302125399,-138.66547262682192,-128.8937381226068,-140.08652682086682
bx_console_n,Brainworx,Neve VXS console channel,console-neve,thd_-60,full,,1000.0,-12.0,0.006333406798493729,-83.96725232166702,0.0,-133.4760559103539,False,0,-134.188263929732,-83.96997894272062,-123.2736278445705,-123.69089762475666,-130.74443404863007,-120.49738766512465,-122.18000853765642
bx_console_n,Brainworx,Neve VXS console channel,console-neve,thd_-60,full,,1000.0,-15.0,0.0031081884874985316,-90.14985304968494,0.001,-133.45431200653746,False,0,-123.95611008378866,-90.19273401630608,-122.80928214603675,-120.01941525935095,-117.92618269241078,-116.25501752294642,-114.44927991715055
bx_console_n,Brainworx,Neve VXS console channel,console-neve,thd_-60,full,,1000.0,-18.0,0.0016288301155145762,-95.7624841915709,0.002,-133.40111993185207,False,0,-109.55612288846936,-96.09171407395183,-120.5730225022033,-127.55759517915607,-116.01825254589393,-114.80796904498673,-118.43302159560422
bx_console_n,Brainworx,Neve VXS console channel,console-neve,thd_-60,full,,1000.0,-21.0,0.0011066795962486073,-99.11956194055432,0.002,-133.40641689704702,False,0,-110.36122501433361,-102.24024109904019,-113.61268839101209,-112.21991392889663,-114.18136529890708,-105.31063795311846,-110.01598018512976
bx_console_n,Brainworx,Neve VXS console channel,console-neve,thd_-60,full,,1000.0,-24.0,0.0010466507741708501,-99.60396401972457,0.002,-133.47219996262118,False,0,-105.22554480623411,-105.54462072172099,-103.91113591690234,-124.99949598227354,-112.4113961714685,-113.89940563376742,-120.624890164492
bx_console_n,Brainworx,Neve VXS console channel,console-neve,thd_-60,full,,1000.0,-27.0,0.00119392920135649,-98.46042851223734,0.002,-133.47479360208493,False,0,-109.45628810850101,-107.26511168466254,-103.55833834870478,-105.60892639599842,-104.43982136079808,-117.20884826941068,-115.22029918376192
bx_console_n,Brainworx,Neve VXS console channel,console-neve,thd_-60,full,,1000.0,-3.0,0.049972933910594396,-66.02530304765928,-0.011,-133.52653026920967,False,0,-130.26121425390954,-66.02531721613869,-131.0390791970213,-125.41259352508118,-131.1489691066099,-138.86686434879,-125.77522352257274
bx_console_n,Brainworx,Neve VXS console channel,console-neve,thd_-60,full,,1000.0,-30.0,0.0024318711834034994,-92.28118866873196,0.002,-133.53754271487622,False,0,-104.47710711202436,-96.5156425518132,-109.58349909000587,-102.03571412267914,-104.25840538576041,-97.59072642606998,-103.2407946081649
bx_console_n,Brainworx,Neve VXS console channel,console-neve,thd_-60,full,,1000.0,-36.0,0.004641755439459074,-86.66635489971037,0.002,-133.47114105020174,False,0,-93.7289717972632,-92.49896802506169,-107.91325989982178,-94.5597958911096,-97.75796144667657,-92.31156589893898,-103.24310088960458
bx_console_n,Brainworx,Neve VXS console channel,console-neve,thd_-60,full,,1000.0,-42.0,0.007464072444968086,-82.54048308111217,0.002,-133.49910741723423,False,0,-90.868635085893,-90.71273365440541,-94.00432020574839,-92.61576775239219,-94.42733391756892,-90.99645480706108,-87.44044757641322
bx_console_n,Brainworx,Neve VXS console channel,console-neve,thd_-60,full,,1000.0,-48.0,0.018055776916885917,-74.86767639402898,0.002,-133.41205483717349,False,0,-83.76760516567384,-85.40321116134857,-91.70226915098138,-82.20231646251565,-83.47015485233047,-78.68890348848106,-90.97229087672949
bx_console_n,Brainworx,Neve VXS console channel,console-neve,thd_-60,full,,1000.0,-54.0,0.027952573238661328,-71.07156411912136,0.003,-133.4960286541415,False,0,-86.77256032904624,-80.79375218826962,-74.15826455945363,-79.67721289383141,-82.55877351076954,-87.53631832038293,-79.49482315165896
bx_console_n,Brainworx,Neve VXS console channel,console-neve,thd_-60,full,,1000.0,-6.0,0.025063930891600993,-72.01901631196664,-0.005,-133.49234987018446,False,0,-124.8486689628124,-72.01907474311129,-136.56067849468263,-134.0646444459862,-137.20713237879917,-124.29739993545428,-131.82625909307365
bx_console_n,Brainworx,Neve VXS console channel,console-neve,thd_-60,full,,1000.0,-60.0,0.07782079355126385,-62.17808689876739,0.003,-133.4780850137996,False,0,-67.78459470283677,-69.10190194232283,-73.61047537578611,-67.98100048719743,-70.64960183655745,-78.02726058293102,-79.39358492508416
bx_console_n,Brainworx,Neve VXS console channel,console-neve,thd_-60,full,,1000.0,-9.0,0.012519212076084347,-78.04846007071748,-0.001,-133.48125946230022,False,0,-127.31521826063312,-78.04892847334474,-124.81023101572364,-125.67199941330665,-127.59888119873786,-129.99566778272924,-122.00950060095657
bx_console_n,Brainworx,Neve VXS console channel,console-neve,thd_-60,full,,1000.0,0.0,0.0995427685676911,-60.0398056891696,-0.024,-133.4814079745477,False,0,-132.45169001524272,-60.039811754029664,-132.48499551851467,-119.4498803799509,-130.1454877955847,-150.60029706949615,-134.22127875048537
bx_console_n,Brainworx,Neve VXS console channel,console-neve,thd_-60,full,,1000.0,3.0,0.19803390532865423,-54.06520895875453,-0.05,-133.56177945639845,True,0,-134.02065689605854,-54.0652304733191,-141.9652359428876,-107.14162172618927,-139.36319246525954,-133.14146552256676,-140.2804426322724
frontdaw_british,Sonimus,British console style,style-frontdaw,matched_thd_0.1_pct,full,thd_0.1_pct,100.0,-12.0,0.09580184483555068,-60.37252255450733,0.21,-200.0,False,0,-67.06270617606316,-61.42178432873738,-95.58613955164674,-107.44237365895536,-137.9324657538661,-105.57598652529819,-154.0910685789302
frontdaw_british,Sonimus,British console style,style-frontdaw,matched_thd_0.1_pct,full,thd_0.1_pct,100.0,-15.0,0.05517413913593726,-65.16528868536648,0.254,-200.0,False,0,-69.34681970797817,-67.25598540518051,-104.01119458723227,-104.56183626553455,-148.6523088280381,-110.73430743561283,-173.0492207003832
frontdaw_british,Sonimus,British console style,style-frontdaw,matched_thd_0.1_pct,full,thd_0.1_pct,100.0,-18.0,0.030187362182975314,-70.4034966924551,0.264,-200.0,False,0,-72.3243619477064,-74.88018458946406,-114.72696260803613,-102.51152197167067,-146.48095747885685,-112.28799157463145,-157.0260592794729
frontdaw_british,Sonimus,British console style,style-frontdaw,matched_thd_0.1_pct,full,thd_0.1_pct,100.0,-21.0,0.021457536087877392,-73.36840296787915,0.275,-200.0,False,0,-74.86650867001282,-78.718580824598,-121.72544837507613,-159.20719565798092,-179.33925671086126,-158.3988908289101,-200.0
frontdaw_british,Sonimus,British console style,style-frontdaw,matched_thd_0.1_pct,full,thd_0.1_pct,100.0,-24.0,0.013956737226712784,-77.10432196384657,0.275,-200.0,False,0,-77.83185332226464,-85.2228615778071,-131.14381981833148,-125.89690387955477,-175.75848827720978,-135.362185626408,-188.1923888675868
frontdaw_british,Sonimus,British console style,style-frontdaw,matched_thd_0.1_pct,full,thd_0.1_pct,100.0,-27.0,0.009535979297754656,-80.4126940087896,0.276,-200.0,False,0,-80.78449934229312,-91.27250880669763,-140.15172609159774,-131.16461966742952,-181.2356209184772,-140.66342515388138,-199.84847034343673
frontdaw_british,Sonimus,British console style,style-frontdaw,matched_thd_0.1_pct,full,thd_0.1_pct,100.0,-3.0,0.6749071360186136,-43.41511959787388,-0.011,-195.13492341406567,False,0,-70.11611480898443,-43.43041955592925,-72.94520139302358,-79.46684353581682,-91.1880762145168,-114.66983872646227,-122.5256395334465
frontdaw_british,Sonimus,British console style,style-frontdaw,matched_thd_0.1_pct,full,thd_0.1_pct,100.0,-30.0,0.006634866894305172,-83.56335570662729,0.277,-200.0,False,0,-83.75393496380275,-97.23584332563615,-149.08437668932524,-137.7239661585571,-197.42260611425095,-147.26339483660178,-191.37154233929112
frontdaw_british,Sonimus,British console style,style-frontdaw,matched_thd_0.1_pct,full,thd_0.1_pct,100.0,-36.0,0.003287192441135385,-89.66349740801306,0.278,-200.0,False,0,-89.71721811783374,-108.7667646795783,-166.87502144903473,-174.9059788021412,-188.19453285570884,-174.9312272104588,-188.54071030363679
frontdaw_british,Sonimus,British console style,style-frontdaw,matched_thd_0.1_pct,full,thd_0.1_pct,100.0,-42.0,0.0016287905901894723,-95.76269496663824,0.276,-200.0,False,0,-95.76624022760784,-126.7081817641047,-188.73623120427624,-145.40980783371865,-200.0,-156.815866782351,-194.0598051027919
frontdaw_british,Sonimus,British console style,style-frontdaw,matched_thd_0.1_pct,full,thd_0.1_pct,100.0,-48.0,0.0008214323805906602,-101.70856362802408,0.278,-200.0,False,0,-101.71183539945416,-132.94039165666157,-191.1420117730161,-182.30261411609962,-193.83747211989754,-178.64659079393863,-197.37108146657792
frontdaw_british,Sonimus,British console style,style-frontdaw,matched_thd_0.1_pct,full,thd_0.1_pct,100.0,-54.0,0.00041112487189858216,-107.72052497660098,0.278,-200.0,False,0,-107.72084247902595,-149.10815447491476,-194.72586640598553,-172.26490731195662,-200.0,-177.66093964416143,-200.0
frontdaw_british,Sonimus,British console style,style-frontdaw,matched_thd_0.1_pct,full,thd_0.1_pct,100.0,-6.0,0.3519915906477539,-49.0693542406023,0.094,-198.66857763557545,False,0,-65.2565246430109,-49.17979596290241,-79.20439289590904,-90.15302677579245,-105.2493095126193,-111.96628538076891,-143.12599891623518
frontdaw_british,Sonimus,British console style,style-frontdaw,matched_thd_0.1_pct,full,thd_0.1_pct,100.0,-60.0,0.0002052098063756513,-113.75603778805899,0.277,-200.0,False,0,-113.75603938081255,-179.68065358857564,-200.0,-185.395906359456,-194.38046582654508,-188.85019677627028,-200.0
frontdaw_british,Sonimus,British console style,style-frontdaw,matched_thd_0.1_pct,full,thd_0.1_pct,100.0,-9.0,0.18174690220359047,-54.81065965530445,0.16,-200.0,False,0,-65.36642090688204,-55.21359123909767,-87.08456806541218,-102.48522163331793,-120.66089231767677,-106.51170430813568,-152.54077963662348
frontdaw_british,Sonimus,British console style,style-frontdaw,matched_thd_0.1_pct,full,thd_0.1_pct,100.0,0.0,1.2607845693879876,-37.98718230214526,-0.187,-194.1972432399099,True,0,-78.30401079105128,-37.99318568663117,-72.1830124283784,-68.90236240306453,-78.13824250254802,-97.94462655597906,-103.66445293280646
frontdaw_british,Sonimus,British console style,style-frontdaw,matched_thd_0.1_pct,full,thd_0.1_pct,100.0,3.0,13.237722908634204,-17.563734275668807,-1.922,-189.849432625308,True,0,-75.22056850912216,-17.749171075770928,-93.07302617077214,-32.615092248970804,-76.85286078200191,-37.33332509357616,-78.23202755762128
frontdaw_british,Sonimus,British console style,style-frontdaw,matched_thd_0.1_pct,full,thd_0.1_pct,1000.0,-12.0,0.09720462742928815,-60.24626119958781,0.4,-200.0,False,0,-67.17864780836899,-61.23145712188154,-95.68482805342606,-108.95239845072118,-138.88427979588437,-115.12074512842867,-154.27708388808946
frontdaw_british,Sonimus,British console style,style-frontdaw,matched_thd_0.1_pct,full,thd_0.1_pct,1000.0,-15.0,0.05618498374041335,-65.00759480964369,0.437,-200.0,False,0,-69.46579527210753,-66.93473193344505,-104.12557717028767,-135.2148283917399,-150.86073729226732,-133.7708877707613,-177.71247533208748
frontdaw_british,Sonimus,British console style,style-frontdaw,matched_thd_0.1_pct,full,thd_0.1_pct,1000.0,-18.0,0.03214145672224632,-69.85868887871138,0.443,-200.0,False,0,-72.2505774731002,-73.59166082572645,-113.59700002304983,-110.85415711989296,-156.75249100840384,-120.15675401167269,-165.6421449487746
frontdaw_british,Sonimus,British console style,style-frontdaw,matched_thd_0.1_pct,full,thd_0.1_pct,1000.0,-21.0,0.020754217136109386,-73.65787287748961,0.448,-200.0,False,0,-75.03729521467115,-79.31077422070392,-122.27209190802375,-120.84934335602352,-169.33852479373186,-130.16394601455144,-178.15771537299742
frontdaw_british,Sonimus,British console style,style-frontdaw,matched_thd_0.1_pct,full,thd_0.1_pct,1000.0,-24.0,0.013527998826590833,-77.37532886161426,0.448,-200.0,False,0,-78.00621672878835,-86.06784358276434,-131.9143217182317,-118.99089429939878,-168.91046109479635,-128.65119112723772,-179.77352966668343
frontdaw_british,Sonimus,British console style,style-frontdaw,matched_thd_0.1_pct,full,thd_0.1_pct,1000.0,-27.0,0.009474641914103618,-80.46874389668082,0.451,-200.0,False,0,-80.87536702902936,-90.95646917129156,-139.8974650309219,-144.2907307051203,-193.00146473044651,-154.2570817294145,-194.10099709091338
frontdaw_british,Sonimus,British console style,style-frontdaw,matched_thd_0.1_pct,full,thd_0.1_pct,1000.0,-3.0,0.6679853222145494,-43.50466160531727,0.172,-195.22897610835992,False,0,-70.29961550047203,-43.51967569354309,-73.07129240199822,-79.74479172126246,-91.25354516679772,-123.62455257363577,-122.35804308489179
frontdaw_british,Sonimus,British console style,style-frontdaw,matched_thd_0.1_pct,full,thd_0.1_pct,1000.0,-30.0,0.006548289809225593,-83.67744216320354,0.451,-200.0,False,0,-83.86966904713667,-97.31326853604293,-149.18678318716084,-138.86399908380494,-191.3442749698387,-148.44083995649808,-191.86013196280481
frontdaw_british,Sonimus,British console style,style-frontdaw,matched_thd_0.1_pct,full,thd_0.1_pct,1000.0,-36.0,0.0031785474639917845,-89.95542598074842,0.449,-200.0,False,0,-89.9649679800514,-116.65170740217755,-173.66444423625327,-132.730105704209,-193.95459454279577,-146.67321960121424,-197.22295084670705
frontdaw_british,Sonimus,British console style,style-frontdaw,matched_thd_0.1_pct,full,thd_0.1_pct,1000.0,-42.0,0.0015886288095717067,-95.97955131685345,0.448,-200.0,False,0,-95.97957001783861,-151.03953178928614,-191.12342878462104,-155.7869786201514,-186.5720950731907,-164.51821851323876,-187.99489063317867
frontdaw_british,Sonimus,British console style,style-frontdaw,matched_thd_0.1_pct,full,thd_0.1_pct,1000.0,-48.0,0.0008072066166506879,-101.86030573712992,0.451,-200.0,False,0,-101.86097031692717,-140.1059584964438,-192.73996027414245,-156.9528375336299,-194.47956729928313,-170.3451463241751,-190.6944041004959
frontdaw_british,Sonimus,British console style,style-frontdaw,matched_thd_0.1_pct,full,thd_0.1_pct,1000.0,-54.0,0.000403850228148314,-107.87559334870613,0.451,-200.0,False,0,-107.87559358022503,-200.0,-197.17483333866818,-187.079909045804,-198.0834489564259,-182.11861579048292,-197.23115365278602
frontdaw_british,Sonimus,British console style,style-frontdaw,matched_thd_0.1_pct,full,thd_0.1_pct,1000.0,-6.0,0.34746542679111303,-49.18176803447413,0.278,-198.70608935163693,False,0,-65.40596431060179,-49.29106142659301,-79.36921772579709,-93.57579496724307,-105.58706643415798,-115.0046837999568,-151.31989262936492
frontdaw_british,Sonimus,British console style,style-frontdaw,matched_thd_0.1_pct,full,thd_0.1_pct,1000.0,-60.0,0.00020336672560207118,-113.83440207738596,0.452,-200.0,False,0,-113.83448269103309,-161.4693098704114,-189.4680838528396,-174.7344979308056,-197.1801959467733,-177.11217747621572,-194.79602246065645
frontdaw_british,Sonimus,British console style,style-frontdaw,matched_thd_0.1_pct,full,thd_0.1_pct,1000.0,-9.0,0.18347250671679569,-54.72858010788428,0.348,-200.0,False,0,-65.46176100519097,-55.1146117239745,-87.10761906318814,-106.63316885201382,-120.15493528186106,-123.11184312899948,-166.58045051029663
frontdaw_british,Sonimus,British console style,style-frontdaw,matched_thd_0.1_pct,full,thd_0.1_pct,1000.0,0.0,1.250355812932893,-38.05932765016925,-0.006,-194.44783816120992,True,0,-78.21995881984343,-38.06593898155268,-72.34782104509779,-68.26483465056216,-78.14212949576132,-112.59530436743616,-102.7662108595855
frontdaw_british,Sonimus,British console style,style-frontdaw,matched_thd_0.1_pct,full,thd_0.1_pct,1000.0,3.0,13.472566292796166,-17.41099341494717,-1.728,-187.4441325934329,True,0,-75.37847377352672,-17.576644457890318,-95.96021771968539,-33.41882809703027,-77.3140663473793,-36.49529234736622,-78.24315159825144
frontdaw_british,Sonimus,British console style,style-frontdaw,mojo_0,full,,100.0,-12.0,4.699972558721218e-08,-186.55809355460798,-0.176,-200.0,False,0,-200.0,-198.06394761322284,-200.0,-194.5047064009538,-200.0,-187.69967083615026,-200.0
frontdaw_british,Sonimus,British console style,style-frontdaw,mojo_0,full,,100.0,-15.0,6.860037664047465e-08,-183.27346999710966,-0.176,-200.0,False,0,-200.0,-191.9140949492345,-200.0,-188.29660535383127,-200.0,-185.8801527253263,-200.0
frontdaw_british,Sonimus,British console style,style-frontdaw,mojo_0,full,,100.0,-18.0,2.5001351873333432e-08,-192.04073015035482,-0.176,-200.0,False,0,-200.0,-200.0,-200.0,-193.4402388153404,-200.0,-200.0,-200.0
frontdaw_british,Sonimus,British console style,style-frontdaw,mojo_0,full,,100.0,-21.0,4.529119940788485e-08,-186.8797235623494,-0.176,-200.0,False,0,-200.0,-187.59821600645546,-200.0,-200.0,-200.0,-195.0680188087007,-200.0
frontdaw_british,Sonimus,British console style,style-frontdaw,mojo_0,full,,100.0,-24.0,2.288208286263936e-08,-192.81008892050014,-0.176,-200.0,False,0,-200.0,-195.57140877118235,-200.0,-199.1723635170107,-200.0,-199.02024579302648,-200.0
frontdaw_british,Sonimus,British console style,style-frontdaw,mojo_0,full,,100.0,-27.0,2.5496234146570185e-08,-191.8704792228041,-0.176,-200.0,False,0,-200.0,-193.5006842936948,-200.0,-200.0,-200.0,-198.74653976795798,-200.0
frontdaw_british,Sonimus,British console style,style-frontdaw,mojo_0,full,,100.0,-3.0,5.7022140940401837e-08,-184.87912961596177,-0.176,-200.0,False,0,-200.0,-190.10507254369105,-200.0,-192.47314366198987,-200.0,-187.67105867471858,-200.0
frontdaw_british,Sonimus,British console style,style-frontdaw,mojo_0,full,,100.0,-30.0,8.163163763092475e-08,-181.76282981864813,-0.176,-200.0,False,0,-200.0,-184.124704213587,-200.0,-189.9765405569811,-200.0,-187.47232148034124,-200.0
frontdaw_british,Sonimus,British console style,style-frontdaw,mojo_0,full,,100.0,-36.0,7.318239898819172e-08,-182.71186716065128,-0.176,-200.0,False,0,-200.0,-184.7490973511873,-200.0,-190.9974750402106,-200.0,-189.1703007637256,-200.0
frontdaw_british,Sonimus,British console style,style-frontdaw,mojo_0,full,,100.0,-42.0,4.808673389067375e-08,-186.35949439465534,-0.176,-200.0,False,0,-200.0,-189.15325307055153,-200.0,-192.84027849606514,-200.0,-192.3875196378911,-200.0
frontdaw_british,Sonimus,British console style,style-frontdaw,mojo_0,full,,100.0,-48.0,7.730512758683357e-08,-182.2358339744635,-0.176,-200.0,False,0,-200.0,-184.33127101663158,-200.0,-186.74078948225423,-200.0,-197.7105997765571,-200.0
frontdaw_british,Sonimus,British console style,style-frontdaw,mojo_0,full,,100.0,-54.0,7.353674089691518e-08,-182.66991243409436,-0.176,-200.0,False,0,-200.0,-185.72511991909352,-200.0,-186.0883125892177,-200.0,-195.68126933719338,-200.0
frontdaw_british,Sonimus,British console style,style-frontdaw,mojo_0,full,,100.0,-6.0,5.05655142597173e-08,-185.9229114310708,-0.176,-200.0,False,0,-200.0,-188.77356050439715,-200.0,-192.23727497810984,-200.0,-191.98490264128094,-200.0
frontdaw_british,Sonimus,British console style,style-frontdaw,mojo_0,full,,100.0,-60.0,8.952571704970785e-08,-180.96104383704238,-0.176,-200.0,False,0,-200.0,-181.9450660511422,-200.0,-191.00559250024983,-200.0,-190.80055333236143,-200.0
frontdaw_british,Sonimus,British console style,style-frontdaw,mojo_0,full,,100.0,-9.0,5.707227875728362e-08,-184.87149573564903,-0.176,-200.0,False,0,-200.0,-189.35247676306193,-200.0,-188.73699199762217,-200.0,-191.19794284298683,-200.0
frontdaw_british,Sonimus,British console style,style-frontdaw,mojo_0,full,,100.0,0.0,5.7782103580802945e-08,-184.76413303076228,-0.176,-200.0,True,0,-200.0,-198.17854742462646,-200.0,-186.05609856488473,-200.0,-191.50569987713885,-200.0
frontdaw_british,Sonimus,British console style,style-frontdaw,mojo_0,full,,100.0,3.0,13.517382681028828,-17.382147820588322,-1.904,-200.0,True,0,-200.0,-17.641542028739636,-200.0,-31.472325238995268,-200.0,-34.597720271364444,-200.0
frontdaw_british,Sonimus,British console style,style-frontdaw,mojo_0,full,,1000.0,-12.0,7.75584526243743e-08,-182.20741728309906,-0.002,-200.0,False,0,-200.0,-190.19855074737183,-200.0,-198.8150721481519,-200.0,-183.07274419360135,-200.0
frontdaw_british,Sonimus,British console style,style-frontdaw,mojo_0,full,,1000.0,-15.0,7.028255097494652e-08,-183.06304967482774,-0.002,-200.0,False,0,-200.0,-186.92218572241734,-200.0,-189.44810232714963,-200.0,-187.5166956351336,-200.0
frontdaw_british,Sonimus,British console style,style-frontdaw,mojo_0,full,,1000.0,-18.0,3.6290484494158735e-08,-188.80414467471297,-0.002,-200.0,False,0,-200.0,-192.53281751643502,-200.0,-197.73418789479396,-200.0,-192.28935953998783,-200.0
frontdaw_british,Sonimus,British console style,style-frontdaw,mojo_0,full,,1000.0,-21.0,4.884812438717774e-08,-186.22304214307493,-0.002,-200.0,False,0,-200.0,-187.6976355821135,-200.0,-195.69095367801378,-200.0,-193.7998117057499,-200.0
frontdaw_british,Sonimus,British console style,style-frontdaw,mojo_0,full,,1000.0,-24.0,3.7271349652965714e-08,-188.5724976097889,-0.002,-200.0,False,0,-200.0,-190.4498814850744,-200.0,-200.0,-200.0,-193.7609058651775,-200.0
frontdaw_british,Sonimus,British console style,style-frontdaw,mojo_0,full,,1000.0,-27.0,5.44455317192687e-08,-185.2807551296581,-0.002,-200.0,False,0,-200.0,-188.6034075909814,-200.0,-193.82340509194407,-200.0,-189.3180868616373,-200.0
frontdaw_british,Sonimus,British console style,style-frontdaw,mojo_0,full,,1000.0,-3.0,3.8851425913573514e-08,-188.21186074445183,-0.002,-200.0,False,0,-200.0,-195.70068705991488,-200.0,-191.36804642533252,-200.0,-192.92215236725312,-200.0
frontdaw_british,Sonimus,British console style,style-frontdaw,mojo_0,full,,1000.0,-30.0,5.510179079909029e-08,-185.17668572839992,-0.002,-200.0,False,0,-200.0,-188.13706989764694,-200.0,-191.48299267714026,-200.0,-191.02470591750574,-200.0
frontdaw_british,Sonimus,British console style,style-frontdaw,mojo_0,full,,1000.0,-36.0,4.179823989023495e-08,-187.57684011667763,-0.002,-200.0,False,0,-200.0,-193.39706949680743,-200.0,-190.22812665424593,-200.0,-194.6741315871162,-200.0
frontdaw_british,Sonimus,British console style,style-frontdaw,mojo_0,full,,1000.0,-42.0,6.998773405706733e-08,-183.09956134203128,-0.002,-200.0,False,0,-200.0,-194.45072817772427,-200.0,-188.19145040197682,-200.0,-185.19579473182287,-200.0
frontdaw_british,Sonimus,British console style,style-frontdaw,mojo_0,full,,1000.0,-48.0,3.5466456020073e-08,-189.00364412332823,-0.002,-200.0,False,0,-200.0,-192.94869511634445,-200.0,-195.69412626923477,-200.0,-193.1767080714472,-200.0
frontdaw_british,Sonimus,British console style,style-frontdaw,mojo_0,full,,1000.0,-54.0,6.10711615971728e-08,-184.2832763895228,-0.002,-200.0,False,0,-200.0,-189.8845648340256,-200.0,-188.0826395868945,-200.0,-189.40160179393402,-200.0
frontdaw_british,Sonimus,British console style,style-frontdaw,mojo_0,full,,1000.0,-6.0,5.8933984355508395e-08,-184.5926839304755,-0.002,-200.0,False,0,-200.0,-187.51670487992874,-200.0,-189.8077115831262,-200.0,-191.82771121344612,-200.0
frontdaw_british,Sonimus,British console style,style-frontdaw,mojo_0,full,,1000.0,-60.0,1.1759699691981496e-07,-178.59207537434827,-0.002,-200.0,False,0,-200.0,-180.0667838102046,-200.0,-185.82855748465897,-200.0,-188.639584228585,-200.0
frontdaw_british,Sonimus,British console style,style-frontdaw,mojo_0,full,,1000.0,-9.0,7.765033695870887e-08,-182.19713310675988,-0.002,-200.0,False,0,-200.0,-183.85076183386658,-200.0,-187.2657688295423,-200.0,-200.0,-200.0
frontdaw_british,Sonimus,British console style,style-frontdaw,mojo_0,full,,1000.0,0.0,5.897131579549311e-08,-184.58718363866237,-0.002,-200.0,True,0,-200.0,-190.39168668236204,-200.0,-186.9827902866465,-200.0,-192.5176991486197,-200.0
frontdaw_british,Sonimus,British console style,style-frontdaw,mojo_0,full,,1000.0,3.0,13.31396527835583,-17.51385159968956,-1.735,-200.0,True,0,-200.0,-17.77091859451351,-200.0,-31.668081538665493,-200.0,-34.71436698520716,-200.0
frontdaw_british,Sonimus,British console style,style-frontdaw,mojo_100,full,,100.0,-12.0,0.6444668089632583,-43.81598889143386,3.13,-197.56886604286493,False,2,-50.09341024041124,-44.9857076894807,-79.5350702292917,-81.63552318815023,-115.71667175863087,-88.16910006560157,-134.98495274742885
frontdaw_british,Sonimus,British console style,style-frontdaw,mojo_100,full,,100.0,-15.0,0.3817740293529563,-48.36387236705682,3.534,-199.10189135417232,False,1,-52.3060233643435,-50.610400782995725,-87.52101120269339,-84.76528791325805,-124.83088657968592,-90.19885873457196,-138.24025840526124
frontdaw_british,Sonimus,British console style,style-frontdaw,mojo_100,full,,100.0,-18.0,0.24374377975784076,-52.26132917013231,3.703,-200.0,False,1,-54.91669872520095,-55.65861500501783,-95.71003437203984,-110.04713422612726,-146.5534999399443,-121.63902186610105,-167.5566529363445
frontdaw_british,Sonimus,British console style,style-frontdaw,mojo_100,full,,100.0,-21.0,0.1535184432341208,-56.2767888449539,3.725,-200.0,False,0,-57.777794674006984,-61.61993428861392,-104.6260656297716,-140.4410104662354,-162.67096997037646,-146.2060837291586,-191.60716558744954
frontdaw_british,Sonimus,British console style,style-frontdaw,mojo_100,full,,100.0,-24.0,0.10105912411070343,-59.90848940308315,3.735,-200.0,False,2,-60.71084720613609,-67.63776594392685,-113.61218818352752,-139.72311788616312,-181.79743778411637,-147.1766432763498,-195.21779573283067
frontdaw_british,Sonimus,British console style,style-frontdaw,mojo_100,full,,100.0,-27.0,0.06670342508497501,-63.51703730748188,3.717,-200.0,False,2,-63.78058711765114,-75.82572188697642,-124.4998939010672,-103.42557345682563,-155.8910020344725,-113.38600773079669,-166.78484264251338
frontdaw_british,Sonimus,British console style,style-frontdaw,mojo_100,full,,100.0,-3.0,4.1073180485476355,-27.72883332845808,1.442,-190.87947763504062,False,0,-49.14739887859527,-27.76570729007461,-57.20718106746698,-67.51941375231006,-78.94652202560721,-87.64068230468729,-115.7863935750285
frontdaw_british,Sonimus,British console style,style-frontdaw,mojo_100,full,,100.0,-30.0,0.04651287908154664,-66.64853554882372,3.721,-200.0,False,0,-66.75905227772259,-82.66333950683395,-134.19332464141948,-107.34565576129023,-162.85999697530434,-117.82451611176432,-173.64450751556987
frontdaw_british,Sonimus,British console style,style-frontdaw,mojo_100,full,,100.0,-36.0,0.02334966580477044,-72.6343866190304,3.74,-200.0,False,0,-72.6733235236725,-93.13148960003298,-150.80626144771264,-124.58937840141382,-181.82949268304424,-134.60142764743435,-200.0
frontdaw_british,Sonimus,British console style,style-frontdaw,mojo_100,full,,100.0,-42.0,0.011705099341406127,-78.63249792171976,3.746,-200.0,False,2,-78.64546359858602,-103.88907423576566,-167.85557525394583,-147.8930423688405,-200.0,-155.57922463693959,-190.6893048142497
frontdaw_british,Sonimus,British console style,style-frontdaw,mojo_100,full,,100.0,-48.0,0.005862158764202741,-84.6388484757699,3.746,-200.0,False,1,-84.64226336997399,-115.6849192850426,-189.02548302341938,-158.44586037436713,-192.72996298340573,-164.09539642428524,-200.0
frontdaw_british,Sonimus,British console style,style-frontdaw,mojo_100,full,,100.0,-54.0,0.0029082340387841994,-90.7274129351965,3.727,-200.0,False,2,-90.72741339185458,-179.28492630467753,-184.23093525187323,-164.28579323162342,-183.71182219361071,-163.04826640949784,-189.52420713503034
frontdaw_british,Sonimus,British console style,style-frontdaw,mojo_100,full,,100.0,-6.0,2.141522934039223,-33.38554540575123,2.162,-192.07730480632256,False,1,-47.46712231163909,-33.56275191922339,-64.09127223138466,-75.64270665231484,-92.36198149195191,-91.8958442365606,-134.69254263690507
frontdaw_british,Sonimus,British console style,style-frontdaw,mojo_100,full,,100.0,-60.0,0.001425388921562688,-96.9213324191704,3.685,-200.0,False,1,-96.92133771696317,-161.13314325684772,-199.5271298809922,-166.0140657816852,-200.0,-158.36599602136818,-191.46661641259115
frontdaw_british,Sonimus,British console style,style-frontdaw,mojo_100,full,,100.0,-9.0,1.1521622624520593,-38.76972707233446,2.683,-195.56816921696463,False,0,-48.316003750159226,-39.283603338303934,-71.68882153573107,-80.9345813850406,-105.30321187221516,-89.747310266268,-137.7685199793009
frontdaw_british,Sonimus,British console style,style-frontdaw,mojo_100,full,,100.0,0.0,8.339753476155867,-21.576935739109878,0.289,-190.91775109864966,True,0,-65.61167510456342,-21.583131444444113,-52.327870547796806,-54.58973271973828,-65.03545673119336,-106.86390423828526,-92.73670855147047
frontdaw_british,Sonimus,British console style,style-frontdaw,mojo_100,full,,100.0,3.0,12.144976843945134,-18.31206617799453,-2.096,-191.32721530673308,True,0,-58.07690832536191,-18.318209629116,-52.833816838904454,-49.022423011182106,-58.077197595066195,-97.80396209407769,-83.5680283928991
frontdaw_british,Sonimus,British console style,style-frontdaw,mojo_100,full,,1000.0,-12.0,0.6675499718123112,-43.510324361964095,3.454,-199.53530244002042,False,1,-50.154531693101205,-44.571872746403834,-79.25818471364903,-90.73862354915896,-124.06385058012643,-97.52440044249079,-136.97368704921803
frontdaw_british,Sonimus,British console style,style-frontdaw,mojo_100,full,,1000.0,-15.0,0.38130031029902867,-48.3746568260188,3.773,-200.0,False,1,-52.46190567344498,-50.524529811310714,-87.70051228058247,-87.44302574278703,-133.83024950715185,-96.47987647921829,-138.61789041784266
frontdaw_british,Sonimus,British console style,style-frontdaw,mojo_100,full,,1000.0,-18.0,0.2408810523687522,-52.36394720263397,3.878,-200.0,False,1,-55.0326062364342,-55.74550382836668,-95.81421480592844,-125.85159896071828,-147.41086668889545,-140.39226902623616,-190.51838554685816
frontdaw_british,Sonimus,British console style,style-frontdaw,mojo_100,full,,1000.0,-21.0,0.15094456057755562,-56.42365065099135,3.898,-200.0,False,2,-57.90267156297076,-61.82051776661009,-104.82215529880683,-121.08951489792709,-171.305980906391,-128.8406032972096,-178.7723321314164
frontdaw_british,Sonimus,British console style,style-frontdaw,mojo_100,full,,1000.0,-24.0,0.0984709954545065,-60.13383343451922,3.902,-200.0,False,0,-60.86277792536205,-68.24458962561712,-114.16722569986527,-109.38500818843411,-159.70037004543255,-118.92674163292975,-170.04589224444626
frontdaw_british,Sonimus,British console style,style-frontdaw,mojo_100,full,,1000.0,-27.0,0.06774480657364422,-63.38247985788605,3.915,-200.0,False,1,-63.79611513470745,-73.79938095621092,-122.75779291306405,-137.14020590717763,-193.0982936829073,-146.96596815258494,-188.11674447256368
frontdaw_british,Sonimus,British console style,style-frontdaw,mojo_100,full,,1000.0,-3.0,4.1947497716747755,-27.545878818384338,1.701,-192.69183170165604,False,0,-49.449218857933786,-27.579536364368206,-57.056050918168424,-66.06815596373045,-78.26417192634833,-120.88671975696036,-111.80924958888866
frontdaw_british,Sonimus,British console style,style-frontdaw,mojo_100,full,,1000.0,-30.0,0.04590190247406623,-66.76338628190557,3.896,-200.0,False,1,-66.87524538499441,-82.72565409085922,-134.26402643984358,-107.62103134769629,-162.67157694605754,-118.11146733980222,-174.684257522686
frontdaw_british,Sonimus,British console style,style-frontdaw,mojo_100,full,,1000.0,-36.0,0.022936218157731596,-72.78956378503992,3.908,-200.0,False,1,-72.81663895882954,-94.87192010921311,-152.37270176216938,-119.36872753795933,-180.57647166732946,-130.11399594060265,-200.0
frontdaw_british,Sonimus,British console style,style-frontdaw,mojo_100,full,,1000.0,-42.0,0.011493620304301297,-78.79086308065767,3.913,-200.0,False,2,-78.7960353331612,-108.06771353907963,-171.05968868594903,-129.41694266924767,-197.18334148282975,-142.64997655132998,-196.88195652879162
frontdaw_british,Sonimus,British console style,style-frontdaw,mojo_100,full,,1000.0,-48.0,0.005755174180719811,-84.7988305576925,3.912,-200.0,False,2,-84.7990056650006,-128.96992941991772,-197.05632909265628,-141.69881865681242,-190.05533737375018,-168.26480947433328,-186.70995508359465
frontdaw_british,Sonimus,British console style,style-frontdaw,mojo_100,full,,1000.0,-54.0,0.0028715939453445695,-90.83753942065405,3.904,-200.0,False,1,-90.83754937540162,-149.19912635544605,-183.4799821460793,-154.36736973143758,-184.14370059372513,-154.94035387780033,-184.2952207705042
frontdaw_british,Sonimus,British console style,style-frontdaw,mojo_100,full,,1000.0,-6.0,2.1962731676736005,-33.16627288521143,2.447,-194.01967493125125,False,0,-47.595220794845694,-33.32982219371616,-63.86260432804595,-77.30853767935417,-91.81171999982924,-128.06179916443202,-130.89743395307227
frontdaw_british,Sonimus,British console style,style-frontdaw,mojo_100,full,,1000.0,-60.0,0.0014500541320124937,-96.77231569605219,3.918,-200.0,False,2,-96.77231826321156,-177.16567849202727,-199.27768619586143,-164.68108745964895,-199.2447343619795,-160.54062436723308,-197.37498541197414
frontdaw_british,Sonimus,British console style,style-frontdaw,mojo_100,full,,1000.0,-9.0,1.2009172266735921,-38.409738507024954,2.995,-198.08704035397534,False,1,-48.36216963826021,-38.87515626487019,-71.3165329795759,-88.3119529332737,-105.25291093843225,-145.1302883588662,-149.85901376379493
frontdaw_british,Sonimus,British console style,style-frontdaw,mojo_100,full,,1000.0,0.0,8.428467268756657,-21.485027907844334,0.508,-192.2207502629595,True,0,-68.39745465568666,-21.491188460010363,-52.40947863125225,-54.153948326066725,-64.68637120534228,-93.56499567222833,-91.9993790867216
frontdaw_british,Sonimus,British console style,style-frontdaw,mojo_100,full,,1000.0,3.0,17.147905865020984,-15.315778185073391,-1.584,-192.45063965626338,True,0,-59.59910715712569,-15.350607345720583,-64.90555690490767,-36.61041304026497,-53.73423230408763,-49.71565066549773,-65.2873403900357
frontdaw_british,Sonimus,British console style,style-frontdaw,mojo_25,curve,,1000.0,-12.0,0.2433207839496011,-52.27641585927045,1.028,-200.0,False,0,-59.31813329596305,-53.234156188076454,-87.73652427645436,-110.79679844606238,-127.15420226402733,-127.31281169355191,-168.62888540003894
frontdaw_british,Sonimus,British console style,style-frontdaw,mojo_25,curve,,1000.0,-15.0,0.13817145704997633,-57.191633252980125,1.119,-200.0,False,0,-61.656804163922104,-59.114881814747406,-96.31215298072588,-155.7720329358556,-142.5223475104688,-129.100513261665,-172.38380362350156
frontdaw_british,Sonimus,British console style,style-frontdaw,mojo_25,curve,,1000.0,-18.0,0.08000228920317731,-61.937951716640185,1.137,-200.0,False,0,-64.41336385716606,-65.55924395829832,-105.58664025003957,-106.2282413502429,-153.89217577422957,-115.35159158591014,-160.45836126164542
frontdaw_british,Sonimus,British console style,style-frontdaw,mojo_25,curve,,1000.0,-21.0,0.04994226350103223,-66.03063556579225,1.142,-200.0,False,0,-67.29232481541081,-72.01631548142339,-114.92554424618154,-106.93061946015348,-154.22318670895064,-116.48264443955168,-164.4635455135167
frontdaw_british,Sonimus,British console style,style-frontdaw,mojo_25,curve,,1000.0,-24.0,0.03422878243505976,-69.31217098080631,1.153,-200.0,False,0,-70.11307333064303,-77.04862700002963,-123.0264369094411,-154.1193289971988,-184.85313378228278,-160.28200951048353,-193.6595883080238
frontdaw_british,Sonimus,British console style,style-frontdaw,mojo_25,curve,,1000.0,-27.0,0.023268984059441826,-72.66445155816756,1.155,-200.0,False,0,-73.07770721780982,-83.08515417162398,-132.04017616133748,-145.34180816599493,-188.8198823161741,-154.62356800408372,-196.36562128777217
frontdaw_british,Sonimus,British console style,style-frontdaw,mojo_25,curve,,1000.0,-3.0,1.603686768419266,-35.89760908053009,0.453,-194.823007545795,False,0,-61.641696624827624,-35.91463650321289,-65.418972452431,-75.24196294478047,-84.41520220140083,-93.33596671431127,-121.77089811518243
frontdaw_british,Sonimus,British console style,style-frontdaw,mojo_25,curve,,1000.0,-30.0,0.016138628574797892,-75.8426674687392,1.156,-200.0,False,0,-76.05607715456762,-89.0346648816199,-141.00180957286878,-172.22842747110633,-193.06262465173768,-170.37993419303618,-186.7371338934254
frontdaw_british,Sonimus,British console style,style-frontdaw,mojo_25,curve,,1000.0,-36.0,0.007893780005302907,-82.05429962573264,1.154,-200.0,False,0,-82.08712395805073,-103.29469929138673,-160.86587409932656,-131.01290115016585,-190.86628884466074,-140.81228041682212,-196.5294086653607
frontdaw_british,Sonimus,British console style,style-frontdaw,mojo_25,curve,,1000.0,-42.0,0.003967762369071093,-88.0290869163022,1.157,-200.0,False,0,-88.04187970718874,-113.3438065118928,-176.54888247659332,-158.77837519775233,-186.46629669412272,-170.69702911089712,-188.482610370814
frontdaw_british,Sonimus,British console style,style-frontdaw,mojo_25,curve,,1000.0,-48.0,0.0019856220134395215,-94.04206842095286,1.156,-200.0,False,0,-94.04457712612327,-126.42862461649116,-192.79932861216423,-161.00186739538682,-193.3937593947641,-166.4077163128839,-189.69219189770718
frontdaw_british,Sonimus,British console style,style-frontdaw,mojo_25,curve,,1000.0,-54.0,0.000995423780652854,-100.03983976364333,1.157,-200.0,False,0,-100.04047234117434,-138.41229451303872,-200.0,-172.3840869724446,-198.27979741163148,-169.1303425727514,-195.88107956083098
frontdaw_british,Sonimus,British console style,style-frontdaw,mojo_25,curve,,1000.0,-6.0,0.8377124572537038,-41.53810052614504,0.716,-197.32388602757322,False,0,-57.42797421985791,-41.655794637637776,-71.80268650072155,-86.94029057679201,-98.42183577179894,-105.23435924679967,-151.79902797847714
frontdaw_british,Sonimus,British console style,style-frontdaw,mojo_25,curve,,1000.0,-60.0,0.0004979604782239162,-106.05610249301384,1.156,-200.0,False,0,-106.0561026543006,-181.31305946360087,-196.41642773854005,-196.72111106010595,-194.01625064132548,-190.44504898873114,-200.0
frontdaw_british,Sonimus,British console style,style-frontdaw,mojo_25,curve,,1000.0,-9.0,0.44491644103153655,-47.0344309087593,0.891,-200.0,False,0,-57.635760271826314,-47.43279009541877,-79.49970910870702,-98.21558848623674,-112.66600607752997,-118.16781461546775,-166.22868307900436
frontdaw_british,Sonimus,British console style,style-frontdaw,mojo_25,curve,,1000.0,0.0,3.114089970771778,-30.133376883236842,0.017,-194.06302638572913,True,0,-71.357273432858,-30.139897433628725,-63.6054331216358,-60.653580242849785,-70.69940489989035,-99.99517515230755,-95.674691896626
frontdaw_british,Sonimus,British console style,style-frontdaw,mojo_25,curve,,1000.0,3.0,13.850992154603102,-17.170382334392674,-1.714,-189.4597098830931,True,0,-66.88008916651664,-17.23573686500852,-82.71037621134991,-37.37570347705547,-68.31177066338891,-39.8675311464434,-70.14723563119658
frontdaw_british,Sonimus,British console style,style-frontdaw,mojo_50,full,,100.0,-12.0,0.3933746998981023,-48.103871507956306,1.662,-200.0,False,0,-54.37866933083829,-49.27374790388461,-83.57699277760126,-103.37749420018287,-129.06605960336032,-89.73348104746748,-134.14673843090878
frontdaw_british,Sonimus,British console style,style-frontdaw,mojo_50,full,,100.0,-15.0,0.23768986809919102,-52.479786607118726,1.889,-200.0,False,0,-56.559629472425655,-54.63494563145437,-91.45891875208667,-90.33514359305583,-132.07470496536166,-96.31574461137696,-148.49830424071868
frontdaw_british,Sonimus,British console style,style-frontdaw,mojo_50,full,,100.0,-18.0,0.14890786211948778,-56.54164743045435,1.979,-200.0,False,0,-59.20898704882846,-59.92477622280411,-99.97615172649746,-114.540592287362,-150.7735419346148,-127.59315891697739,-175.7047649997076
frontdaw_british,Sonimus,British console style,style-frontdaw,mojo_50,full,,100.0,-21.0,0.09126214642814544,-60.794186422216725,1.983,-200.0,False,1,-62.13295843930812,-66.55807699379748,-109.50070267643972,-105.02492682722733,-152.83749633484214,-114.4173031669834,-162.71672541142894
frontdaw_british,Sonimus,British console style,style-frontdaw,mojo_50,full,,100.0,-24.0,0.061631696351801185,-64.2039175715303,1.997,-200.0,False,0,-64.99821237389418,-71.97315621278261,-117.94220157170213,-130.5361395718906,-190.45221357787764,-139.93974649821186,-189.86418287557913
frontdaw_british,Sonimus,British console style,style-frontdaw,mojo_50,full,,100.0,-27.0,0.041119399179667906,-67.71906479409859,1.992,-200.0,False,2,-68.03176092891682,-79.30430350105327,-128.0946177948144,-111.13687941362166,-163.6004394996043,-120.81649277627248,-176.22125099366315
frontdaw_british,Sonimus,British console style,style-frontdaw,mojo_50,full,,100.0,-3.0,2.8110180131246616,-31.02272742811745,0.68,-192.98199884163114,False,0,-55.191634500275164,-31.04526308243233,-60.47229705825198,-68.03304416770791,-80.18573936144917,-102.79400137048329,-112.34428355214575
frontdaw_british,Sonimus,British console style,style-frontdaw,mojo_50,full,,100.0,-30.0,0.028913231324932644,-70.77806738266018,2.0,-200.0,False,0,-70.96446692356406,-84.54496629976299,-136.41202278768532,-123.51367991579393,-176.3933183033396,-133.22533835863942,-200.0
frontdaw_british,Sonimus,British console style,style-frontdaw,mojo_50,full,,100.0,-36.0,0.014270987439987405,-76.91091952172775,2.001,-200.0,False,0,-76.95150415670875,-97.22811789264395,-154.85526080446013,-129.7315776266888,-184.7098158210247,-139.65722754908228,-194.8557402128802
frontdaw_british,Sonimus,British console style,style-frontdaw,mojo_50,full,,100.0,-42.0,0.0071467281052750836,-82.917854803268,2.004,-200.0,False,0,-82.92949282116385,-108.643561977213,-172.672034937528,-146.13874094113785,-193.71271923817832,-157.1169506751747,-190.23582709876447
frontdaw_british,Sonimus,British console style,style-frontdaw,mojo_50,full,,100.0,-48.0,0.0035301999376894716,-89.04401394110307,1.989,-200.0,False,0,-89.04401401079433,-176.29208940249978,-194.6775344391426,-175.5416497673285,-186.9518063455898,-168.44921790533613,-184.80211262002263
frontdaw_british,Sonimus,British console style,style-frontdaw,mojo_50,full,,100.0,-54.0,0.001764941182497081,-95.06539526209639,1.987,-200.0,False,1,-95.0653957484976,-172.1717138642077,-187.0890394333027,-168.64924206426315,-190.01346416122314,-168.28957741535388,-192.79014855009407
frontdaw_british,Sonimus,British console style,style-frontdaw,mojo_50,full,,100.0,-6.0,1.417560389018664,-36.969168616123625,1.123,-195.08944171403175,False,0,-52.07779183508065,-37.109430418328124,-67.33633868509575,-86.19034324484618,-95.18341824719064,-88.87212280217304,-129.7104074813294
frontdaw_british,Sonimus,British console style,style-frontdaw,mojo_50,full,,100.0,-60.0,0.0008927234488789025,-100.98566115206468,1.997,-200.0,False,1,-100.9856626001875,-173.3878284761749,-190.54466702844095,-174.0223618959215,-195.09275571270607,-167.4733326923318,-197.435560935335
frontdaw_british,Sonimus,British console style,style-frontdaw,mojo_50,full,,100.0,-9.0,0.7619470963617198,-42.36150363241501,1.435,-198.03319356075673,False,0,-52.514818636570254,-42.80531856485416,-74.90911245664329,-85.21989069374312,-108.08310750810408,-95.9992855979101,-154.0424308952335
frontdaw_british,Sonimus,British console style,style-frontdaw,mojo_50,full,,100.0,0.0,5.560128921455894,-25.098302768258932,-0.079,-192.67263364346903,True,0,-70.7912473033649,-25.104585871490777,-57.35427025970143,-56.33217499757076,-66.58805166842784,-97.51148787613965,-92.42150348342321
frontdaw_british,Sonimus,British console style,style-frontdaw,mojo_50,full,,100.0,3.0,12.4688282606322,-18.083487135483725,-2.003,-190.57029685177523,True,0,-60.86913537968009,-18.099332464481723,-66.11462022857953,-42.694358994197955,-60.699599508026196,-61.13199967633634,-67.8832151997531
frontdaw_british,Sonimus,British console style,style-frontdaw,mojo_50,full,,1000.0,-12.0,0.4287381726329163,-47.35615694859788,1.934,-200.0,False,0,-54.32630193268898,-48.33168537575219,-82.89851347808104,-105.51062168966803,-122.425540657435,-123.8608471299992,-167.21918432181917
frontdaw_british,Sonimus,British console style,style-frontdaw,mojo_50,full,,1000.0,-15.0,0.2442498076740621,-52.24331539158001,2.107,-200.0,False,0,-56.65836621122792,-54.19473933087745,-91.39507337845934,-109.8501878768927,-139.9756342664313,-115.37107349907978,-157.57053561616365
frontdaw_british,Sonimus,British console style,style-frontdaw,mojo_50,full,,1000.0,-18.0,0.14696774347442207,-56.65555947759194,2.153,-200.0,False,0,-59.32714455583944,-60.03367136677544,-100.10281157654104,-126.85165157909198,-151.46607786536447,-166.37634675510395,-192.18964280239635
frontdaw_british,Sonimus,British console style,style-frontdaw,mojo_50,full,,1000.0,-21.0,0.09195354537575338,-60.728630427497436,2.164,-200.0,False,1,-62.19558963647509,-66.15538225808595,-109.15256234540266,-120.47388208324763,-187.9403641633348,-129.01126115741113,-177.922888377376
frontdaw_british,Sonimus,British console style,style-frontdaw,mojo_50,full,,1000.0,-24.0,0.0605709006581082,-64.35471937106668,2.17,-200.0,False,0,-65.1265961761655,-72.23747393284869,-118.19514850605435,-121.50847524943654,-174.01112070952348,-130.8094353127585,-181.2847986079606
frontdaw_british,Sonimus,British console style,style-frontdaw,mojo_50,full,,1000.0,-27.0,0.04045786203242172,-67.85994141897332,2.165,-200.0,False,0,-68.15930554030012,-79.62876364718095,-128.3859627800308,-110.3084879574088,-162.68599185034412,-120.15507219678037,-174.79756109279495
frontdaw_british,Sonimus,British console style,style-frontdaw,mojo_50,full,,1000.0,-3.0,2.809803978540787,-31.026479537894964,0.895,-193.8132222996549,False,0,-55.46309375438513,-31.04793654712015,-60.51755613560197,-68.20937479820604,-80.04501882029365,-112.41559788667689,-112.11968731487546
frontdaw_british,Sonimus,British console style,style-frontdaw,mojo_50,full,,1000.0,-30.0,0.0286955874966068,-70.84369758671642,2.177,-200.0,False,3,-71.05693258182421,-84.03916492464046,-135.995682244396,-164.49648296876387,-196.467791710169,-164.08367057393014,-200.0
frontdaw_british,Sonimus,British console style,style-frontdaw,mojo_50,full,,1000.0,-36.0,0.014109317386212725,-77.00987994117425,2.177,-200.0,False,1,-77.0568365650311,-96.69487681780419,-154.58046758445522,-135.34716070018848,-199.40022721609463,-144.88328836964544,-192.54447847502541
frontdaw_british,Sonimus,British console style,style-frontdaw,mojo_50,full,,1000.0,-42.0,0.007058095577886639,-83.02624929790662,2.179,-200.0,False,2,-83.03997372004795,-108.03601408543776,-172.2049281527551,-184.2889314464651,-195.47953474986053,-182.37966055999127,-192.63482051245862
frontdaw_british,Sonimus,British console style,style-frontdaw,mojo_50,full,,1000.0,-48.0,0.003528167756833938,-89.04901546550286,2.178,-200.0,False,0,-89.05093974386125,-122.59234611651911,-195.8552839611661,-151.66642041089386,-200.0,-156.3339073102843,-196.28114091189954
frontdaw_british,Sonimus,British console style,style-frontdaw,mojo_50,full,,1000.0,-54.0,0.0017704961114547817,-95.03810045493849,2.179,-200.0,False,0,-95.03887124464302,-132.568000918372,-187.27082222962088,-156.08059550041776,-187.4393868270127,-166.63625268973647,-189.84995803392482
frontdaw_british,Sonimus,British console style,style-frontdaw,mojo_50,full,,1000.0,-6.0,1.4543609925013112,-36.746555644056784,1.359,-196.04725749504547,False,0,-52.170398520332455,-36.87724105304032,-67.1431284419319,-80.10324766259743,-94.0192040578704,-126.27119175489628,-132.7936970531536
frontdaw_british,Sonimus,British console style,style-frontdaw,mojo_50,full,,1000.0,-60.0,0.000884452416213434,-101.06651054579913,2.176,-200.0,False,0,-101.06651528375701,-164.26113258469783,-183.312731493389,-168.17152652529327,-187.37487055517016,-164.97146873198946,-188.62374205960998
frontdaw_british,Sonimus,British console style,style-frontdaw,mojo_50,full,,1000.0,-9.0,0.7741307615804293,-42.22371349341393,1.676,-199.22291415717328,False,0,-52.6117455557594,-42.64290661369082,-74.8310560502201,-92.60971577246865,-108.21557252263021,-119.12271150559138,-163.46312525699685
frontdaw_british,Sonimus,British console style,style-frontdaw,mojo_50,full,,1000.0,0.0,5.532981210221659,-25.140816092593532,0.122,-193.37494039523364,True,0,-69.99909708293588,-25.14702479957065,-57.54775890974382,-56.39800825664732,-66.5378203003218,-97.67984724988753,-92.32904688953133
frontdaw_british,Sonimus,British console style,style-frontdaw,mojo_50,full,,1000.0,3.0,14.719912953440016,-16.641895164036224,-1.682,-190.0544736090402,True,0,-60.91805689547912,-16.64764902695657,-71.75838132477895,-55.261751702060465,-61.63561190590491,-46.2264148920889,-65.15241265493972
frontdaw_british,Sonimus,British console style,style-frontdaw,mojo_75,curve,,1000.0,-12.0,0.5614630449807927,-45.01357646709184,2.733,-200.0,False,1,-51.78357219168934,-46.04093373167586,-80.66517739073839,-96.35247816680553,-123.47439077004994,-101.74439819046526,-141.16812726231828
frontdaw_british,Sonimus,British console style,style-frontdaw,mojo_75,curve,,1000.0,-15.0,0.3249229277832258,-49.76439284245012,2.988,-200.0,False,1,-54.07326067687503,-51.777330325723156,-88.97396548490309,-96.93401981105644,-148.65197319524702,-105.07929196438597,-147.231638048292
frontdaw_british,Sonimus,British console style,style-frontdaw,mojo_75,curve,,1000.0,-18.0,0.1938186348743498,-54.25208939255409,3.048,-200.0,False,2,-56.76602111740206,-57.82358812740768,-97.86054315764554,-100.5840849906266,-149.9619373699298,-109.592941902968,-154.69778705545284
frontdaw_british,Sonimus,British console style,style-frontdaw,mojo_75,curve,,1000.0,-21.0,0.123238638142023,-58.185062190658,3.07,-200.0,False,1,-59.602723912687765,-63.73711105422811,-106.71537718894184,-108.9398240189017,-158.88562709533878,-118.0714727741041,-166.6902130672563
frontdaw_british,Sonimus,British console style,style-frontdaw,mojo_75,curve,,1000.0,-24.0,0.08199508551597769,-61.724243537021536,3.083,-200.0,False,1,-62.50956035080131,-69.53850812385139,-115.50342613878017,-123.98319418405826,-177.4340734466057,-133.5240741805449,-187.99590687629745
frontdaw_british,Sonimus,British console style,style-frontdaw,mojo_75,curve,,1000.0,-27.0,0.05423904927154845,-65.31375863198616,3.069,-200.0,False,2,-65.5758247723371,-77.64627164220605,-126.32143729378686,-105.2195027953286,-157.58538366420004,-115.21496623931833,-168.71722417020055
frontdaw_british,Sonimus,British console style,style-frontdaw,mojo_75,curve,,1000.0,-3.0,3.6258883220553284,-28.811711527491035,1.309,-192.8524491868612,False,0,-51.903429695271804,-28.838607715946925,-58.295465321592474,-67.66211906757259,-78.78090927615884,-95.818127808506,-113.70933288703651
frontdaw_british,Sonimus,British console style,style-frontdaw,mojo_75,curve,,1000.0,-30.0,0.038145773227492685,-68.37107154771991,3.079,-200.0,False,2,-68.51482975710007,-83.24971775771773,-134.94280641935856,-112.69421357004117,-167.39560850578724,-122.74990413278832,-179.780169325067
frontdaw_british,Sonimus,British console style,style-frontdaw,mojo_75,curve,,1000.0,-36.0,0.01901910898543337,-74.41619665835458,3.089,-200.0,False,2,-74.45814086602952,-94.59053448726316,-152.31311343514145,-127.81691022835788,-188.2769870088148,-138.25898889690293,-199.51628552159212
frontdaw_british,Sonimus,British console style,style-frontdaw,mojo_75,curve,,1000.0,-42.0,0.009442652777774946,-80.49811959517612,3.081,-200.0,False,1,-80.49972380257792,-114.98875403319771,-179.33716638902905,-129.17531927891628,-193.78883403997364,-148.09143088518823,-195.463520893574
frontdaw_british,Sonimus,British console style,style-frontdaw,mojo_75,curve,,1000.0,-48.0,0.004739798082125042,-86.4848031820741,3.084,-200.0,False,2,-86.48482777998203,-139.9279949032793,-191.47937799043677,-146.71359768526824,-196.73964955147127,-153.70999149833904,-189.85716995956278
frontdaw_british,Sonimus,British console style,style-frontdaw,mojo_75,curve,,1000.0,-54.0,0.0023883022967070137,-92.43821407444862,3.092,-200.0,False,2,-92.43853711939025,-133.7664210026874,-183.09563953905194,-158.20838659800515,-182.3244335607021,-155.7844347269778,-185.81687350468474
frontdaw_british,Sonimus,British console style,style-frontdaw,mojo_75,curve,,1000.0,-6.0,1.8845877470514294,-34.49567273687374,1.931,-194.4110829290662,False,0,-49.39680848375752,-34.64260940445791,-65.03657114161047,-79.44019265232738,-92.58761105901841,-105.15524804652884,-136.65295582281843
frontdaw_british,Sonimus,British console style,style-frontdaw,mojo_75,curve,,1000.0,-60.0,0.0011964780552539923,-98.44190524848261,3.092,-200.0,False,3,-98.44193629335527,-150.3624496095617,-191.45124502832235,-163.389234890216,-191.3388133831893,-162.41811367003373,-189.1211236346767
frontdaw_british,Sonimus,British console style,style-frontdaw,mojo_75,curve,,1000.0,-9.0,1.0182331300560454,-39.843055530250766,2.372,-198.25453514308523,False,0,-50.00971631989631,-40.28509459469718,-72.59793257926364,-90.30956454765101,-106.29517861176525,-119.20735795907852,-158.4565349675368
frontdaw_british,Sonimus,British console style,style-frontdaw,mojo_75,curve,,1000.0,0.0,7.274043834181826,-22.76448172334974,0.291,-192.48976242517497,True,0,-80.45163103394366,-22.770423535801548,-54.33801649951309,-54.90884431815148,-65.05585641894507,-114.325411556596,-91.84425204786723
frontdaw_british,Sonimus,British console style,style-frontdaw,mojo_75,curve,,1000.0,3.0,15.818393560652119,-16.01675246881359,-1.639,-190.80870808559368,True,0,-57.59928293279654,-16.030464489242753,-64.71063960936146,-41.7828933834651,-57.71745121344765,-50.798872802176476,-63.36608763423455
nls_mike,Waves,SSL 4000 G+ console channel,console-ssl,drive_0,full,,100.0,-12.0,0.2512073127936277,-51.99935444362573,-0.145,-138.86931648743086,False,0,-68.39974934365725,-52.26364597124058,-99.23743332437871,-66.90764295958498,-115.44130559987174,-76.18208805559664,-125.81659984828244
nls_mike,Waves,SSL 4000 G+ console channel,console-ssl,drive_0,full,,100.0,-15.0,0.193180118892723,-54.28075141963887,-0.153,-141.94544525763058,False,0,-70.89139170277394,-54.52072005549524,-104.37208435835922,-69.7135116751957,-120.90949887622065,-79.09783519458915,-130.90825982146274
nls_mike,Waves,SSL 4000 G+ console channel,console-ssl,drive_0,full,,100.0,-18.0,0.1453924485994333,-56.749162986013005,-0.16,-145.00415407079714,False,0,-73.51428844790583,-56.971949756077066,-109.7273823739696,-72.60137868441542,-126.19798911185518,-82.05081967093804,-135.23513548608526
nls_mike,Waves,SSL 4000 G+ console channel,console-ssl,drive_0,full,,100.0,-21.0,0.10764109129761455,-59.360438157569305,-0.165,-148.04826141419565,False,0,-76.23809084242316,-59.57110169203,-115.25203552855959,-75.5384739171062,-131.10765303117876,-85.02421970373999,-138.35640053803633
nls_mike,Waves,SSL 4000 G+ console channel,console-ssl,drive_0,full,,100.0,-24.0,0.07871643727531659,-62.078691408070114,-0.169,-151.081636942861,False,0,-79.03783029529555,-62.28079742854035,-120.88796292189762,-78.5041507684839,-135.33400767100008,-88.00815227660087,-140.1814660389239
nls_mike,Waves,SSL 4000 G+ console channel,console-ssl,drive_0,full,,100.0,-27.0,0.05704368946833202,-64.87584785950551,-0.172,-154.10609223952005,False,0,-81.89378560473682,-65.07190737122232,-126.58323108787806,-81.48596918487868,-138.58600751012165,-90.99712396020209,-140.99149051135686
nls_mike,Waves,SSL 4000 G+ console channel,console-ssl,drive_0,full,,100.0,-3.0,0.4565417935162752,-46.810389187886884,-0.103,-129.53198561901746,False,0,-62.065411726275414,-47.22336881958749,-85.82658732478424,-59.5489158066038,-99.78794463711196,-68.04150903902737,-109.69535382068821
nls_mike,Waves,SSL 4000 G+ console channel,console-ssl,drive_0,full,,100.0,-30.0,0.04106487674028809,-67.73058952812897,-0.174,-157.1250103956885,False,0,-84.79103950533911,-67.92236183859265,-132.20693161927892,-84.47706084472875,-140.82339437832402,-93.98837176162243,-141.47741765555838
nls_mike,Waves,SSL 4000 G+ console channel,console-ssl,drive_0,full,,100.0,-36.0,0.021005311900841706,-73.55341730769591,-0.176,-163.14874280360158,False,0,-90.66794024808434,-73.73992901838193,-141.9688714570034,-90.47404336003488,-143.0308626980128,-99.96951321186559,-141.74025665326408
nls_mike,Waves,SSL 4000 G+ console channel,console-ssl,drive_0,full,,100.0,-42.0,0.010635337715937018,-79.46497429794397,-0.177,-169.1600513319759,False,0,-96.6117079772148,-79.6486625783013,-145.98695607171572,-96.48278521852667,-143.59979153324105,-105.93950918094026,-141.74326553009175
nls_mike,Waves,SSL 4000 G+ console channel,console-ssl,drive_0,full,,100.0,-48.0,0.005356370983628859,-85.4225870254213,-0.178,-175.16647538456712,False,0,-102.59469399328123,-85.60446427145827,-146.4780811731026,-102.50603214918165,-143.739518776118,-111.88323953116472,-141.7445862535589
nls_mike,Waves,SSL 4000 G+ console channel,console-ssl,drive_0,full,,100.0,-54.0,0.0026896557149357937,-91.40606615216583,-0.178,-181.16901813814064,False,0,-108.60936530561122,-91.58631850445022,-146.54953787966858,-108.55391555843555,-143.85059773282595,-117.76583656752786,-141.750440055841
nls_mike,Waves,SSL 4000 G+ console channel,console-ssl,drive_0,full,,100.0,-6.0,0.38866774478413807,-48.208429992289126,-0.12,-132.66009725731197,False,0,-63.95129127951275,-48.555028934939074,-89.89666911388241,-61.752726421678894,-104.74855448634868,-70.59705722449425,-114.99804106738237
nls_mike,Waves,SSL 4000 G+ console channel,console-ssl,drive_0,full,,100.0,-60.0,0.0013477958518146253,-97.40751769228515,-0.178,-187.1714462789886,False,0,-114.66285814656291,-97.58565157563163,-146.56394418613306,-114.65217597090997,-143.8678841965687,-123.52935556587262,-141.73879294242664
nls_mike,Waves,SSL 4000 G+ console channel,console-ssl,drive_0,full,,100.0,-9.0,0.31781376184920107,-49.95654602137917,-0.133,-135.77281569765435,False,0,-66.07413677930944,-50.255137331147914,-94.38945204562246,-64.23221335177969,-110.01137215485882,-73.33303786644305,-120.43230768219489
nls_mike,Waves,SSL 4000 G+ console channel,console-ssl,drive_0,full,,100.0,0.0,9.291985012706476,-20.637829987130676,-1.032,-128.0119567098812,False,0,-31.81325176728567,-21.707172261531355,-41.012167146378225,-29.676789077786697,-45.45655683504151,-63.88069881125581,-43.93661175193241
nls_mike,Waves,SSL 4000 G+ console channel,console-ssl,drive_0,full,,100.0,3.0,20.11771740071718,-13.928425936049301,-3.399,-127.55894272432434,True,0,-32.7739862092588,-14.10689195174546,-41.4438693261119,-35.736042432696316,-46.675834101358156,-31.53262306491949,-44.12524986405821
nls_mike,Waves,SSL 4000 G+ console channel,console-ssl,drive_0,full,,1000.0,-12.0,0.07053939105771699,-63.03136587534246,-0.16,-138.72274416536197,False,0,-79.89068224912283,-63.25459136996204,-116.20520052041519,-78.81042684974915,-125.2589540848924,-88.1802213728706,-126.29888151401491
nls_mike,Waves,SSL 4000 G+ console channel,console-ssl,drive_0,full,,1000.0,-15.0,0.052186707145670114,-65.64880210411752,-0.169,-141.80497676610392,False,0,-82.61676853066112,-65.8600430630256,-121.4188310746566,-81.74872177854289,-126.15320635220412,-91.14052247271675,-126.25709376560485
nls_mike,Waves,SSL 4000 G+ console channel,console-ssl,drive_0,full,,1000.0,-18.0,0.038144118840638015,-68.37144826398601,-0.175,-144.87203534212273,False,0,-85.41758265457005,-68.57423982455873,-125.75451165558243,-84.71571133227789,-126.53392166703375,-94.1068110369267,-126.23449226382404
nls_mike,Waves,SSL 4000 G+ console channel,console-ssl,drive_0,full,,1000.0,-21.0,0.027632662106488362,-71.17154547035187,-0.179,-147.92359020427338,False,0,-88.27304372786011,-71.36838159463719,-128.25370770185077,-87.69982223990976,-126.71787502744712,-97.07233677017865,-126.22620916736386
nls_mike,Waves,SSL 4000 G+ console channel,console-ssl,drive_0,full,,1000.0,-24.0,0.01988822393659541,-74.02807997247967,-0.182,-150.96320184677285,False,0,-91.16834925907766,-74.22073798976488,-129.0906807650162,-90.69408981581384,-126.81714258077,-100.02940610382163,-126.25137392861426
nls_mike,Waves,SSL 4000 G+ console channel,console-ssl,drive_0,full,,1000.0,-27.0,0.014247418111994722,-76.92527660968102,-0.185,-153.99159409656488,False,0,-94.0917998560262,-77.11502441240373,-129.2481861898947,-93.6960619975814,-126.86489035273283,-102.96907238991628,-126.27018413332252
nls_mike,Waves,SSL 4000 G+ console channel,console-ssl,drive_0,full,,1000.0,-3.0,0.15479112721762767,-56.2050787426829,-0.118,-129.37228713546222,False,0,-72.43413706526113,-56.50329523538767,-100.82475600738222,-70.43051347382352,-115.6629869975037,-79.48290742802405,-125.02091732070059
nls_mike,Waves,SSL 4000 G+ console channel,console-ssl,drive_0,full,,1000.0,-30.0,0.010172483569555798,-79.85146005880199,-0.186,-157.01363586703536,False,0,-97.03502583589399,-80.03923840878176,-129.24070378069197,-96.70370686505254,-126.89745366639725,-105.88566382280091,-126.28248173754145
nls_mike,Waves,SSL 4000 G+ console channel,console-ssl,drive_0,full,,1000.0,-36.0,0.00515301069127027,-85.75877912960689,-0.189,-163.03970589295918,False,0,-102.9552464730625,-85.94498258459117,-129.23729358331812,-102.73463891739233,-126.92832641814178,-111.56715088946956,-126.29617048813819
nls_mike,Waves,SSL 4000 G+ console channel,console-ssl,drive_0,full,,1000.0,-42.0,0.0025990177630762974,-91.7038150457654,-0.19,-169.05214385019914,False,0,-108.88781786217638,-91.89294476853317,-129.22411854893937,-108.78361275767845,-126.95681854697781,-116.82031569083009,-126.31420137198403
nls_mike,Waves,SSL 4000 G+ console channel,console-ssl,drive_0,full,,1000.0,-48.0,0.0013106129303595252,-97.65051103316621,-0.19,-175.05826921669876,False,0,-114.78329536988078,-97.85659795874864,-129.21934141771197,-114.80024164910957,-126.95617818154793,-121.13111720215792,-126.31607645643635
nls_mike,Waves,SSL 4000 G+ console channel,console-ssl,drive_0,full,,1000.0,-54.0,0.0006653588708439096,-103.53888097098502,-0.19,-181.06361806995818,False,0,-120.53993010737653,-103.81488826931557,-129.20440568571496,-120.53018287478125,-126.96039971716475,-123.94658107244797,-126.32078364829992
nls_mike,Waves,SSL 4000 G+ console channel,console-ssl,drive_0,full,,1000.0,-6.0,0.12215046155901553,-58.262097753155174,-0.135,-132.50484300101039,False,0,-74.7669009375058,-58.52637301219183,-105.70806751625652,-73.11198216503551,-120.08587774428446,-82.32820789721215,-126.23180637838266
nls_mike,Waves,SSL 4000 G+ console channel,console-ssl,drive_0,full,,1000.0,-60.0,0.0003469043434166177,-109.19580525077708,-0.19,-187.06282279982082,False,0,-125.86603919413315,-109.73867479271085,-129.22054791146837,-125.07802736619377,-126.95625467523585,-125.38350964711705,-126.31328761585523
nls_mike,Waves,SSL 4000 G+ console channel,console-ssl,drive_0,full,,1000.0,-9.0,0.09381481079451846,-60.55457185958986,-0.15,-135.62292971780155,False,0,-77.26397816554643,-60.79478876484424,-110.87289822654341,-75.92095703053444,-123.3864789118328,-85.23691325737192,-126.37404855678415
nls_mike,Waves,SSL 4000 G+ console channel,console-ssl,drive_0,full,,1000.0,0.0,9.29353683373727,-20.636379509026888,-1.079,-128.60740619026967,False,0,-32.55007552081501,-21.64410127679771,-45.28412553448093,-29.384472031531985,-45.62699736234708,-66.42236081559959,-46.346917211477475
nls_mike,Waves,SSL 4000 G+ console channel,console-ssl,drive_0,full,,1000.0,3.0,20.28648681592952,-13.855863138743851,-3.462,-128.538711867548,False,0,-33.447217085280364,-14.026137085075504,-41.03346784830463,-34.85051159527201,-50.55387993045018,-31.64537730729974,-45.14320309945986
nls_mike,Waves,SSL 4000 G+ console channel,console-ssl,drive_12,full,,100.0,-12.0,8.046328558712773,-21.888044753906595,9.862,-135.86163452573768,False,0,-34.34324373039297,-23.011049708506913,-34.173148202197055,-32.33516300244479,-40.54182957179467,-42.864014756241914,-61.408349695679554
nls_mike,Waves,SSL 4000 G+ console channel,console-ssl,drive_12,full,,100.0,-15.0,4.36588062402839,-27.198562866969674,10.276,-137.75352520173135,False,0,-42.69687960915407,-27.57802382626363,-67.44566253014139,-40.31886583243426,-81.88684159239332,-48.98775735387066,-92.1552094274432
nls_mike,Waves,SSL 4000 G+ console channel,console-ssl,drive_12,full,,100.0,-18.0,3.6004351023241354,-28.872900256208794,10.368,-141.6187416879314,False,0,-44.80377476049291,-29.195172199002787,-71.82474329825516,-42.768188331162904,-87.15315255078826,-51.7438405557776,-97.84322582840146
nls_mike,Waves,SSL 4000 G+ console channel,console-ssl,drive_12,full,,100.0,-21.0,2.8584620111295,-30.877351503428056,10.467,-145.1755989442018,False,0,-47.13763135340797,-31.158525664536853,-76.59913400155467,-45.45994719452349,-92.71114343280709,-54.651729608757364,-103.78564372689225
nls_mike,Waves,SSL 4000 G+ console channel,console-ssl,drive_12,full,,100.0,-24.0,2.2022752225531352,-33.14256814718532,10.562,-148.74105797642014,False,0,-49.64959558650793,-33.39450085209301,-81.68513183070098,-48.307466233090075,-98.45220830679341,-57.64120795166712,-109.95675146282393
nls_mike,Waves,SSL 4000 G+ console channel,console-ssl,drive_12,full,,100.0,-27.0,1.6582513469519526,-35.60699282527964,10.644,-152.81035347279018,False,0,-52.2963702546481,-35.83823835497152,-87.00555642588077,-51.24607317142649,-104.28098536464756,-60.66743491594391,-116.42437822391828
nls_mike,Waves,SSL 4000 G+ console channel,console-ssl,drive_12,full,,100.0,-3.0,32.962614291983165,-9.639567027145574,2.197,-132.62521310824167,True,0,-22.194276880867157,-10.877923900868307,-47.86809745004039,-17.394942947480974,-51.04651051918513,-25.746517564341126,-47.61845656101401
nls_mike,Waves,SSL 4000 G+ console channel,console-ssl,drive_12,full,,100.0,-30.0,1.2274319206241187,-38.22005173264917,10.711,-156.80268124364642,False,0,-55.04278083757784,-38.436701475651496,-92.49242827656082,-54.23268704706043,-110.11159457323792,-63.705251461931134,-123.46245119473396
nls_mike,Waves,SSL 4000 G+ console channel,console-ssl,drive_12,full,,100.0,-36.0,0.6498601276661402,-43.74360216928419,10.804,-164.39411786698602,False,0,-60.73293327585377,-43.94270908804204,-103.70938328520123,-60.25788666859838,-121.27680552357477,-69.7736160123741,-141.8224526767281
nls_mike,Waves,SSL 4000 G+ console channel,console-ssl,drive_12,full,,100.0,-42.0,0.3349098105855803,-49.50144260783052,10.856,-171.44450706364606,False,0,-66.57735133861229,-49.691823110958836,-114.71005915258006,-66.29049708305894,-129.72703777517427,-75.81507288237462,-136.87071711645646
nls_mike,Waves,SSL 4000 G+ console channel,console-ssl,drive_12,full,,100.0,-48.0,0.17022399562193338,-55.37958439247266,10.884,-178.06572853398353,False,0,-72.50123855596831,-55.56561902384814,-124.20205041669644,-72.31184816290985,-133.08603057796586,-81.83145951341339,-134.95710403107697
nls_mike,Waves,SSL 4000 G+ console channel,console-ssl,drive_12,full,,100.0,-54.0,0.08591019319847037,-61.31910608607211,10.898,-184.40234589945842,False,0,-78.46739971797787,-61.50298788629059,-130.2069247697829,-78.32224554720487,-133.880688599786,-87.82584021746374,-134.4603449034409
nls_mike,Waves,SSL 4000 G+ console channel,console-ssl,drive_12,full,,100.0,-6.0,26.960894306757027,-11.385314122520674,5.044,-133.91312745541958,True,0,-23.505997586326774,-12.058245116179496,-39.80544514992181,-22.33942880353485,-48.55324522078071,-53.3748388174584,-48.303089411623965
nls_mike,Waves,SSL 4000 G+ console channel,console-ssl,drive_12,full,,100.0,-60.0,0.04319971010426671,-67.29038335098866,10.905,-190.58012170268714,False,0,-84.45914380433078,-67.47322604855115,-132.60976274992976,-84.32423978635845,-134.01869300648283,-93.79451222660069,-134.34920135532923
nls_mike,Waves,SSL 4000 G+ console channel,console-ssl,drive_12,full,,100.0,-9.0,18.90525700350121,-14.468348286744344,7.711,-135.1352394279672,True,0,-26.164676964862046,-14.90130920112323,-35.596549626103915,-59.45388255914431,-45.98926940645658,-31.777565558383802,-51.69621382613747
nls_mike,Waves,SSL 4000 G+ console channel,console-ssl,drive_12,full,,100.0,0.0,36.97243883022396,-8.642438018251408,-0.729,-131.227611468257,True,0,-21.45415296505481,-10.352829832527938,-50.21332925871558,-15.41555043400112,-54.20489319269808,-20.67166930365511,-45.71067564664354
nls_mike,Waves,SSL 4000 G+ console channel,console-ssl,drive_12,full,,100.0,3.0,39.30045985855124,-8.112047357446775,-3.692,-129.66289321664084,True,0,-21.00577772591576,-10.117242546989713,-43.92086074772196,-14.518965466189677,-50.47388785585096,-18.607364240297738,-45.73611206424207
nls_mike,Waves,SSL 4000 G+ console channel,console-ssl,drive_12,full,,1000.0,-12.0,5.346443858019244,-25.438699785189804,8.509,-135.76999075945307,False,0,-28.508644303202107,-30.97324740697186,-45.360535040578725,-33.14008214132467,-49.62164356036692,-39.36896820733785,-50.6807869179156
nls_mike,Waves,SSL 4000 G+ console channel,console-ssl,drive_12,full,,1000.0,-15.0,1.060404622440642,-39.49056775578212,8.657,-138.89385933903267,False,0,-56.057847678528525,-39.747448468300604,-87.64030617471077,-54.488973052431675,-104.72597506583384,-63.76120757133231,-114.37650420727024
nls_mike,Waves,SSL 4000 G+ console channel,console-ssl,drive_12,full,,1000.0,-18.0,0.819950716387609,-41.72424500706066,8.53,-142.75700857692328,False,0,-58.479661741597965,-41.959262816290064,-92.72384894772232,-57.208327193050934,-110.72671952537304,-66.5751188941141,-119.38670335441512
nls_mike,Waves,SSL 4000 G+ console channel,console-ssl,drive_12,full,,1000.0,-21.0,0.6197957151901626,-44.15502860955332,8.431,-146.3194505781598,False,0,-61.0479448107061,-44.37462182201657,-98.02516377819073,-60.022959896123396,-117.1663017504929,-69.44676548339015,-123.8705064969634
nls_mike,Waves,SSL 4000 G+ console channel,console-ssl,drive_12,full,,1000.0,-24.0,0.46039307043239797,-46.73742443479887,8.356,-149.4796707329709,False,0,-63.72984322407258,-46.94615047961233,-103.47610384189633,-62.90043277820537,-124.43265349899644,-72.35809823443277,-127.54376181513302
nls_mike,Waves,SSL 4000 G+ console channel,console-ssl,drive_12,full,,1000.0,-27.0,0.33752260580231985,-49.433942693907724,8.3,-153.41040308836241,False,0,-66.49774939938942,-49.63501703654194,-109.00360935383651,-65.81880112237482,-133.90383491042198,-75.29725183072512,-130.17163860014062
nls_mike,Waves,SSL 4000 G+ console channel,console-ssl,drive_12,full,,1000.0,-3.0,31.17748925267961,-10.123177236189884,1.426,-132.95441326601048,False,0,-33.19850695716142,-11.007000004352566,-35.17504469135932,-18.36424611660086,-36.94931427094347,-26.492437854083263,-40.09751593490126
nls_mike,Waves,SSL 4000 G+ console channel,console-ssl,drive_12,full,,1000.0,-30.0,0.24504872787098117,-52.21495095423676,8.26,-157.22739506161952,False,0,-69.32947944499296,-52.410642864930246,-114.51471979359779,-68.76362241153512,-146.7479479544382,-78.25649732378403,-131.96495341329714
nls_mike,Waves,SSL 4000 G+ console channel,console-ssl,drive_12,full,,1000.0,-36.0,0.1266879380427187,-57.94529464642846,8.209,-164.48433301024235,False,0,-75.1198867153639,-58.13456934499656,-124.6520110603155,-74.69847705192149,-135.7443285419841,-84.21621037482636,-133.63016291922006
nls_mike,Waves,SSL 4000 G+ console channel,console-ssl,drive_12,full,,1000.0,-42.0,0.06450732902002827,-63.807818801206864,8.182,-171.2646527880011,False,0,-81.00814588816662,-63.99404185756478,-130.7990040717772,-80.6621055618682,-134.00413072992905,-90.21679705159129,-134.21125329638352
nls_mike,Waves,SSL 4000 G+ console channel,console-ssl,drive_12,full,,1000.0,-48.0,0.03259201783841576,-69.73777501287515,8.169,-177.71681765116506,False,0,-86.94175312303791,-69.92278335096711,-132.52935791932464,-86.6332377430231,-133.65742191598056,-96.2586781264321,-134.45425914750987
nls_mike,Waves,SSL 4000 G+ console channel,console-ssl,drive_12,full,,1000.0,-54.0,0.016403546956655066,-75.70124467667154,8.162,-183.95563313604114,False,0,-92.88850765085805,-75.88626930137282,-132.8529225648125,-92.59717065327936,-133.56759845229314,-102.36328586072293,-134.52424956458975
nls_mike,Waves,SSL 4000 G+ console channel,console-ssl,drive_12,full,,1000.0,-6.0,25.1333452092668,-11.994994072766081,4.162,-133.4912851219531,False,0,-30.47198402518749,-12.410362351044775,-33.413484136283564,-23.700239893209556,-38.92023433508892,-59.02528349206983,-48.56348492087999
nls_mike,Waves,SSL 4000 G+ console channel,console-ssl,drive_12,full,,1000.0,-60.0,0.008241167764383092,-81.68022489786719,8.159,-190.08198264857626,False,0,-98.82092690305676,-81.86657363983764,-132.95695631140364,-98.53636233383064,-133.55970681199912,-108.58275111748036,-134.55377322392965
nls_mike,Waves,SSL 4000 G+ console channel,console-ssl,drive_12,full,,1000.0,-9.0,16.90099835227275,-15.441752811777516,6.643,-134.26904362728632,False,0,-27.86521550695344,-15.85096514825837,-35.57245554613996,-43.81033743061292,-48.77530138385698,-32.43506421055335,-45.104465584483684
nls_mike,Waves,SSL 4000 G+ console channel,console-ssl,drive_12,full,,1000.0,0.0,35.164551936013815,-9.077898239236706,-1.431,-132.77467225858604,False,0,-35.42821254609006,-10.359548017070745,-38.49199950850852,-16.251308937269116,-38.81288536932088,-21.41212345137201,-39.59424341424896
nls_mike,Waves,SSL 4000 G+ console channel,console-ssl,drive_12,full,,1000.0,3.0,37.500060395290646,-8.519360656474777,-4.349,-132.4387363217917,False,0,-36.622278541479936,-10.045168203411274,-43.138760612324525,-15.280695952400482,-43.25122816530264,-19.336675989953264,-42.7686027047297
nls_mike,Waves,SSL 4000 G+ console channel,console-ssl,drive_3,curve,,1000.0,-12.0,0.14218044455792184,-56.94320264379996,0.549,-138.99331518576733,False,0,-73.78349155119415,-57.16858119016565,-109.6266003220783,-72.66326770823011,-124.69127320000041,-82.06507611415867,-126.42505901533995
nls_mike,Waves,SSL 4000 G+ console channel,console-ssl,drive_3,curve,,1000.0,-15.0,0.10550351987985837,-59.53466101796103,0.532,-142.16164011287893,False,0,-76.48878073021608,-59.74745401528668,-115.04690779431661,-75.58555725034748,-126.83624538278737,-85.02835479899088,-126.87872236283638
nls_mike,Waves,SSL 4000 G+ console channel,console-ssl,drive_3,curve,,1000.0,-18.0,0.07728542891728214,-62.23804756984134,0.519,-145.2970952305557,False,0,-79.27397486591707,-62.44197496002486,-120.37289698983753,-78.54017944104511,-127.62528179773204,-88.0064770340891,-127.10922687337116
nls_mike,Waves,SSL 4000 G+ console channel,console-ssl,drive_3,curve,,1000.0,-21.0,0.05607813221868023,-65.02412919491822,0.51,-148.4044255224759,False,0,-82.11819262660286,-65.22181579195703,-125.08036416835353,-81.51351419833846,-127.88159370854096,-90.99403768104743,-127.23195239964306
nls_mike,Waves,SSL 4000 G+ console channel,console-ssl,drive_3,curve,,1000.0,-24.0,0.04040839212048505,-67.87056860218071,0.504,-151.4849260480194,False,0,-85.00531079137096,-68.0638676547407,-128.27531416610705,-84.49774910751053,-127.96198061000925,-93.98683011320259,-127.3129033645118
nls_mike,Waves,SSL 4000 G+ console channel,console-ssl,drive_3,curve,,1000.0,-27.0,0.028971165638612052,-70.76068061699276,0.499,-154.54486099478225,False,0,-87.9231538597443,-70.95091305459441,-129.697617515091,-87.48798626508005,-128.00701673830224,-96.98357315586739,-127.36997120753347
nls_mike,Waves,SSL 4000 G+ console channel,console-ssl,drive_3,curve,,1000.0,-3.0,0.8098666614357808,-41.83172957229077,0.602,-129.54401057651745,False,0,-48.05025022948152,-52.552469024358366,-49.63946976847116,-49.20717261701291,-50.58873876572672,-51.45979802385199,-52.50265412120122
nls_mike,Waves,SSL 4000 G+ console channel,console-ssl,drive_3,curve,,1000.0,-30.0,0.020696383914301623,-73.6821105626023,0.495,-157.5905755659971,False,0,-90.8626917214044,-73.87022165779173,-130.13901399590566,-90.48169343169299,-128.05665604985302,-99.98176098621477,-127.42593873297514
nls_mike,Waves,SSL 4000 G+ console channel,console-ssl,drive_3,curve,,1000.0,-36.0,0.010488903199456192,-79.58539845219683,0.491,-163.64478129477018,False,0,-96.77998180565433,-79.77122510810477,-130.3117983179836,-96.47352878516213,-128.0988187951124,-105.97718751073494,-127.46817612498947
nls_mike,Waves,SSL 4000 G+ console channel,console-ssl,drive_3,curve,,1000.0,-42.0,0.005288312979302819,-85.53365699646253,0.489,-169.67243791073852,False,0,-102.7167687019448,-85.7193234604771,-130.31271211298022,-102.46386673270092,-128.11528784684333,-111.92832332788647,-127.50646300598459
nls_mike,Waves,SSL 4000 G+ console channel,console-ssl,drive_3,curve,,1000.0,-48.0,0.00266074839281917,-91.49992383010398,0.488,-175.68771293488365,False,0,-108.63970997633382,-91.68895421491173,-130.33754246361642,-108.43331854948495,-128.1365785110898,-117.67468409005238,-127.5180841873021
nls_mike,Waves,SSL 4000 G+ console channel,console-ssl,drive_3,curve,,1000.0,-54.0,0.0013394732591987557,-97.46131904161331,0.487,-181.69442594044796,False,0,-114.49991567812265,-97.66471531217945,-130.32356715681,-114.32333963987232,-128.12046898483908,-122.66865907837331,-127.50596266478395
nls_mike,Waves,SSL 4000 G+ console channel,console-ssl,drive_3,curve,,1000.0,-6.0,0.24398427378121573,-52.252763311761896,0.599,-132.55034297066464,False,0,-68.72253024105517,-52.52127433025884,-99.22956257160223,-67.01645346559614,-115.55311247343658,-76.23312103039771,-123.09533167697506
nls_mike,Waves,SSL 4000 G+ console channel,console-ssl,drive_3,curve,,1000.0,-60.0,0.0006780744681493473,-103.37445216011076,0.487,-187.6982793539743,False,0,-120.19479299521976,-103.6331187036065,-130.3327776654227,-119.90166895638816,-128.13349689388255,-125.92375368148177,-127.50705824104986
nls_mike,Waves,SSL 4000 G+ console channel,console-ssl,drive_3,curve,,1000.0,-9.0,0.18834769861046644,-54.50079364002195,0.571,-135.79125458016628,False,0,-71.18425844974301,-54.74402612328348,-104.31938731522136,-69.7954191157717,-120.68524925298578,-79.12725660480749,-125.36416434512681
nls_mike,Waves,SSL 4000 G+ console channel,console-ssl,drive_3,curve,,1000.0,0.0,13.266439667525823,-17.544912274001437,-1.037,-129.39070141675566,False,0,-31.81547385621998,-17.98148060471869,-48.75720726608218,-31.724929931391557,-42.94769551373352,-35.403303719252285,-63.95274790818752
nls_mike,Waves,SSL 4000 G+ console channel,console-ssl,drive_3,curve,,1000.0,3.0,22.922753116886184,-12.794664460387208,-3.561,-129.26267332798483,False,0,-33.93584830239105,-13.02463814748857,-38.32622132724802,-27.28967909900117,-49.991948297131984,-35.791654310303294,-47.22561813284968
nls_mike,Waves,SSL 4000 G+ console channel,console-ssl,drive_6,full,,100.0,-12.0,1.2018756861306155,-38.40280900971918,1.517,-141.08129729665407,False,0,-54.632759962837866,-38.68764689408816,-83.82654831132898,-52.91876010466596,-99.75357179209107,-62.090782461816296,-110.72984308308321
nls_mike,Waves,SSL 4000 G+ console channel,console-ssl,drive_6,full,,100.0,-15.0,0.9400146011590627,-40.53730800984515,1.506,-144.44257050633843,False,0,-57.0219593231552,-40.79183102756711,-88.77464795453372,-55.64698427697907,-105.26801248300644,-64.96729156342754,-116.60035647050051
nls_mike,Waves,SSL 4000 G+ console channel,console-ssl,drive_6,full,,100.0,-18.0,0.7167302051474282,-42.892885853613656,1.499,-147.7361517074911,False,0,-59.56619675005123,-43.12594846093547,-93.97941908974659,-58.487955603783334,-110.7967911750926,-67.89989972053772,-122.52609850529723
nls_mike,Waves,SSL 4000 G+ console channel,console-ssl,drive_6,full,,100.0,-21.0,0.5358356273155871,-45.4193682769613,1.495,-150.964369697966,False,0,-62.231032169461955,-45.63727942725925,-99.37142088080462,-61.398154394709664,-116.16888446904157,-70.86334066882584,-128.1809167064561
nls_mike,Waves,SSL 4000 G+ console channel,console-ssl,drive_6,full,,100.0,-24.0,0.39468713595275745,-48.07494056688455,1.492,-154.1300626828683,False,0,-64.98747649233499,-48.28216013955479,-104.88393653059462,-64.34890624881993,-121.17093180283393,-73.8429090340068,-132.6198041621893
nls_mike,Waves,SSL 4000 G+ console channel,console-ssl,drive_6,full,,100.0,-27.0,0.28752974864526154,-50.826344306157964,1.49,-157.2505339999461,False,0,-67.81224953318772,-51.02601353017451,-110.4407699430049,-67.32259892682988,-125.49905973022089,-76.83041323506635,-134.68236210448305
nls_mike,Waves,SSL 4000 G+ console channel,console-ssl,drive_6,full,,100.0,-3.0,5.76990761668277,-24.776622807547724,1.243,-131.247958676519,False,0,-35.924053997392924,-26.496017880925248,-36.753592053770255,-32.93559972595661,-44.14345005646346,-41.419077260353546,-56.388978816884006
nls_mike,Waves,SSL 4000 G+ console channel,console-ssl,drive_6,full,,100.0,-30.0,0.20777876693026273,-53.647976707874804,1.489,-160.33891104756407,False,0,-70.68753663010443,-53.84229953840408,-115.93687705518869,-70.30902250950737,-128.87621387964882,-79.82125272488165,-135.10866784991123
nls_mike,Waves,SSL 4000 G+ console channel,console-ssl,drive_6,full,,100.0,-36.0,0.10678141348275276,-59.43008669228241,1.488,-166.43994936883274,False,0,-76.53977512010512,-59.61788691529869,-125.77993644374837,-76.2997082061209,-132.68598176974916,-85.80343567674895,-134.93403687582676
nls_mike,Waves,SSL 4000 G+ console channel,console-ssl,drive_6,full,,100.0,-42.0,0.05419249333586672,-65.32121734251362,1.488,-172.49052546038018,False,0,-82.47713631200236,-65.50556623733725,-131.40285989295256,-82.30065232131776,-133.94062863230656,-91.77479021736895,-134.84627183860906
nls_mike,Waves,SSL 4000 G+ console channel,console-ssl,drive_6,full,,100.0,-48.0,0.02732314681210759,-71.26938568660907,1.488,-178.52163220699174,False,0,-88.46990203256142,-71.45162450590556,-133.05474321597765,-88.30815276093979,-134.31397485920525,-97.7195521045968,-134.72831060014795
nls_mike,Waves,SSL 4000 G+ console channel,console-ssl,drive_6,full,,100.0,-54.0,0.013725526158916089,-77.24941996337313,1.488,-184.53419681033878,False,0,-94.5143819934237,-77.42988201313095,-133.36716852260696,-94.32427816415316,-134.3490591357334,-103.60975093552611,-134.71879599901465
nls_mike,Waves,SSL 4000 G+ console channel,console-ssl,drive_6,full,,100.0,-6.0,1.7731998250202128,-35.024846404579705,1.559,-134.11104199653184,False,0,-50.47087389391018,-35.41140092337375,-74.9904497571208,-48.060652032256655,-89.30438901220253,-56.691536119543066,-99.50410730093097
nls_mike,Waves,SSL 4000 G+ console channel,console-ssl,drive_6,full,,100.0,-60.0,0.0068773545845938686,-83.25157167205856,1.488,-190.5432428394205,False,0,-100.63565854081733,-83.42973525993673,-133.49705264396118,-100.35675166117235,-134.33373110310885,-109.39513803025835,-134.71599775602246
nls_mike,Waves,SSL 4000 G+ console channel,console-ssl,drive_6,full,,100.0,-9.0,1.4883494659412708,-36.54590168076912,1.534,-137.63044401932052,False,0,-52.43653680683692,-36.873305588930926,-79.20749193150796,-50.364267560924354,-94.39138045694233,-59.31171604982619,-105.00843622054589
nls_mike,Waves,SSL 4000 G+ console channel,console-ssl,drive_6,full,,100.0,0.0,17.35296924565573,-15.212524058185263,-0.853,-130.4200603011576,True,0,-34.40416395961431,-15.397117624685293,-41.053859585825414,-45.03784536463931,-43.08173606673108,-31.445355185765607,-48.396708679071395
nls_mike,Waves,SSL 4000 G+ console channel,console-ssl,drive_6,full,,100.0,3.0,25.85181951367881,-11.750177695933433,-3.495,-129.6339639885428,True,0,-33.24796009244174,-12.130591659693264,-38.202586476454535,-23.053485784756056,-52.010555968391294,-49.32363003757297,-49.27606488594126
nls_mike,Waves,SSL 4000 G+ console channel,console-ssl,drive_6,full,,1000.0,-12.0,0.2997956673462847,-50.463492957519776,0.969,-140.8397600062091,False,0,-67.28113763231451,-50.691369773903084,-102.71745010975363,-66.12105845971966,-120.47389706621047,-75.51665651692784,-125.36823804024606
nls_mike,Waves,SSL 4000 G+ console channel,console-ssl,drive_6,full,,1000.0,-15.0,0.22347947183703307,-53.01524727411764,0.933,-144.25800119593586,False,0,-69.95272656369363,-53.22980104853298,-108.19195084446478,-69.01809628400865,-125.631747471732,-78.4593278055263,-127.46570113678834
nls_mike,Waves,SSL 4000 G+ console channel,console-ssl,drive_6,full,,1000.0,-18.0,0.16426734173917107,-55.68897541569024,0.906,-147.59816617785293,False,0,-72.71262550560792,-55.8941434703388,-113.80261884996622,-71.95490900980693,-128.9572273647042,-81.42326300852281,-128.6739015174614
nls_mike,Waves,SSL 4000 G+ console channel,console-ssl,drive_6,full,,1000.0,-21.0,0.11949198973122592,-58.45322414237168,0.886,-150.86345855141195,False,0,-75.5380952847027,-58.651781872213974,-119.4709437977024,-74.91586244676941,-130.24590554150404,-84.40121210919582,-129.34600469113047
nls_mike,Waves,SSL 4000 G+ console channel,console-ssl,drive_6,full,,1000.0,-24.0,0.08626055233615647,-61.28375530688112,0.872,-154.0690850311339,False,0,-78.41138842064046,-61.47766187519535,-124.87996341050476,-77.89136268164162,-130.55979304338803,-87.3889830258488,-129.7330946865503
nls_mike,Waves,SSL 4000 G+ console channel,console-ssl,drive_6,full,,1000.0,-27.0,0.06192720869453258,-64.16236989855936,0.862,-157.2229432773365,False,0,-81.31904498312912,-64.35301254207124,-129.2112741936162,-80.8756926214542,-130.6033340850237,-90.38389361276296,-129.95931188863824
nls_mike,Waves,SSL 4000 G+ console channel,console-ssl,drive_6,full,,1000.0,-3.0,4.845875367002508,-26.292555196950566,0.791,-131.46028772536565,False,0,-31.918328038345436,-29.95806122809743,-40.778740464328784,-33.021224952309105,-51.61424012832725,-40.07631499993472,-50.89911852882169
nls_mike,Waves,SSL 4000 G+ console channel,console-ssl,drive_6,full,,1000.0,-30.0,0.044281838102144665,-67.075487204353,0.854,-160.33707371040973,False,0,-84.25088617328754,-67.26384430888699,-131.54313033452308,-83.86560212290877,-130.63099113208548,-93.38509866002107,-130.1112023377749
nls_mike,Waves,SSL 4000 G+ console channel,console-ssl,drive_6,full,,1000.0,-36.0,0.022468303769866377,-72.96859426251491,0.845,-166.4780836234856,False,0,-90.15734984108896,-73.15433051465902,-132.3815612234298,-89.85389016987205,-130.68733119449118,-99.40756389191085,-130.27622060185618
nls_mike,Waves,SSL 4000 G+ console channel,console-ssl,drive_6,full,,1000.0,-42.0,0.0113344097682339,-78.91202181083426,0.84,-172.55237716718088,False,0,-96.08673388104266,-79.09677489931455,-132.36960873778776,-95.84733206225833,-130.72881838220815,-105.46303186040767,-130.34052214846508
nls_mike,Waves,SSL 4000 G+ console channel,console-ssl,drive_6,full,,1000.0,-48.0,0.005702946055913455,-84.87801472761726,0.838,-178.5872415012413,False,0,-102.00332327722366,-85.06315296678162,-132.3570459100747,-101.83934437963913,-130.72847315467538,-111.5627006979841,-130.37901709490873
nls_mike,Waves,SSL 4000 G+ console channel,console-ssl,drive_6,full,,1000.0,-54.0,0.0028678280953099507,-90.84893769813095,0.837,-184.6081093097547,False,0,-107.86632375107692,-91.03664564697523,-132.31256144585197,-107.82427454978136,-130.72948021153388,-117.67701236509068,-130.37817860451472
nls_mike,Waves,SSL 4000 G+ console channel,console-ssl,drive_6,full,,1000.0,-6.0,0.5074564882536097,-45.892023806087614,1.076,-133.7976772665953,False,0,-62.320350988839095,-46.16553573127049,-92.41466618852704,-60.55897493853191,-108.95559379955715,-69.75310956695174,-117.7955526410656
nls_mike,Waves,SSL 4000 G+ console channel,console-ssl,drive_6,full,,1000.0,-60.0,0.001444261637055805,-96.80708248938845,0.836,-190.61639355534754,False,0,-113.60450267325555,-97.00383402872384,-132.34377864462087,-113.76011003151083,-130.7610922284045,-123.58942403012509,-130.39005103233808
nls_mike,Waves,SSL 4000 G+ console channel,console-ssl,drive_6,full,,1000.0,-9.0,0.3947643343530607,-48.07324182589127,1.016,-137.3477746027172,False,0,-64.72594467679285,-48.320014550468606,-97.4396854160627,-63.28878671521575,-114.71960568088241,-72.60762795491351,-122.08540486575433
nls_mike,Waves,SSL 4000 G+ console channel,console-ssl,drive_6,full,,1000.0,0.0,16.653467288892806,-15.5699066333461,-1.274,-130.96374507734498,False,0,-31.158059203087618,-15.830307690623027,-39.09557846105005,-43.293912067439535,-46.43613228596127,-31.972400229448134,-46.90254255778517
nls_mike,Waves,SSL 4000 G+ console channel,console-ssl,drive_6,full,,1000.0,3.0,25.035346935244277,-12.028927717002523,-3.873,-130.7113179075606,False,0,-34.511814520398005,-12.384314831456173,-36.2427642113369,-23.71279649138488,-41.70170847934824,-55.41596995448158,-50.18643366980966
nls_mike,Waves,SSL 4000 G+ console channel,console-ssl,drive_9,curve,,1000.0,-12.0,0.6153620877713173,-44.21738527970773,4.991,-137.6405541908339,False,0,-60.83985076925675,-44.46775602307356,-93.10679516397207,-59.35361510488938,-110.73160095130369,-68.65970837067134,-118.24933067881575
nls_mike,Waves,SSL 4000 G+ console channel,console-ssl,drive_9,curve,,1000.0,-15.0,0.4702828897570227,-46.55281643695534,4.917,-141.2990595333873,False,0,-63.34859484381877,-46.78323890068904,-98.29623890506197,-62.14687147683758,-117.10303321037479,-71.53717551662712,-122.31038379703911
nls_mike,Waves,SSL 4000 G+ console channel,console-ssl,drive_9,curve,,1000.0,-18.0,0.35226808849123525,-49.06253394420261,4.86,-144.85249183818058,False,0,-65.98458566494025,-49.27889013348022,-103.67343575804026,-65.01553120195075,-124.10660216140735,-74.45713860016664,-125.56191864181692
nls_mike,Waves,SSL 4000 G+ console channel,console-ssl,drive_9,curve,,1000.0,-21.0,0.259874789224703,-51.70471699802608,4.817,-148.28838199414184,False,0,-68.71781710943905,-51.91116579283862,-109.17242960345041,-67.93185370460152,-131.60283811132396,-77.40532172444323,-127.95498155033218
nls_mike,Waves,SSL 4000 G+ console channel,console-ssl,drive_9,curve,,1000.0,-24.0,0.18954628922981834,-54.445694267777924,4.785,-151.62698947830341,False,0,-71.5238411982265,-54.645169493549545,-114.69980225702257,-70.87780030342824,-135.61822757627573,-80.37301088480311,-129.53959891816086
nls_mike,Waves,SSL 4000 G+ console channel,console-ssl,drive_9,curve,,1000.0,-27.0,0.1370990438324105,-57.25931148185467,4.762,-154.88342683213506,False,0,-74.38332193135832,-57.45388479635665,-120.10194969046145,-73.84206542138993,-134.28527551486007,-83.35496120840767,-130.4979175431912
nls_mike,Waves,SSL 4000 G+ console channel,console-ssl,drive_9,curve,,1000.0,-3.0,21.186430351623798,-13.478844206214553,1.566,-131.9676825555542,False,0,-31.141775000382985,-13.715127427085111,-35.18969653095095,-30.733620273062527,-45.12654822446586,-33.85069238358274,-47.444835518418316
nls_mike,Waves,SSL 4000 G+ console channel,console-ssl,drive_9,curve,,1000.0,-30.0,0.09856276354192565,-60.125742561753924,4.745,-158.06663141531155,False,0,-77.28156528489376,-60.31687900529899,-125.04500916119312,-76.81748725048166,-133.11051333765812,-86.34868267276565,-131.09193626282462
nls_mike,Waves,SSL 4000 G+ console channel,console-ssl,drive_9,curve,,1000.0,-36.0,0.050337583792202927,-65.96215268910129,4.725,-164.29710686300825,False,0,-83.15229375715134,-66.14925961354734,-131.16104519974039,-82.78536850568454,-132.1998935292378,-92.36801297271452,-131.6045868237493
nls_mike,Waves,SSL 4000 G+ console channel,console-ssl,drive_9,curve,,1000.0,-42.0,0.025472456609187503,-71.878583377629,4.714,-170.41218334672044,False,0,-89.07608936881756,-72.06394192534438,-132.62985399979073,-88.7597078198263,-132.06918438834677,-98.43912294304164,-131.86569763948657
nls_mike,Waves,SSL 4000 G+ console channel,console-ssl,drive_9,curve,,1000.0,-48.0,0.012830954312004306,-77.83482082881554,4.709,-176.47045383068735,False,0,-95.01581030991888,-78.01987640342847,-132.8349722609101,-94.7256876657811,-132.00519635556378,-104.60006711414042,-131.9092507843677
nls_mike,Waves,SSL 4000 G+ console channel,console-ssl,drive_9,curve,,1000.0,-54.0,0.006449762511077586,-83.80912552753456,4.706,-182.49664398618035,False,0,-100.94170875433164,-83.99524742082127,-132.89989266081088,-100.66688779122438,-132.01388946253957,-110.93463516376352,-131.96031649683013
nls_mike,Waves,SSL 4000 G+ console channel,console-ssl,drive_9,curve,,1000.0,-6.0,11.206373671325968,-19.0106980055838,3.918,-132.65412914391297,False,0,-29.085798649708664,-19.888054288592972,-44.77657850226115,-30.314080038574893,-44.21233745888125,-42.398884197218116,-54.12086533217015
nls_mike,Waves,SSL 4000 G+ console channel,console-ssl,drive_9,curve,,1000.0,-60.0,0.003240238914462484,-89.78845933039037,4.705,-188.5136188489203,False,0,-106.81730197464026,-89.97799908500986,-132.9066569882097,-106.55147722930344,-132.01486318697312,-117.6315545441969,-131.97557944653505
nls_mike,Waves,SSL 4000 G+ console channel,console-ssl,drive_9,curve,,1000.0,-9.0,0.7847197901812449,-42.105707891918065,5.086,-133.8993667715676,False,0,-58.49293348104954,-42.38429430290086,-88.17266327283727,-56.67661970564146,-104.79691694525668,-65.84788258944839,-113.59880294592705
nls_mike,Waves,SSL 4000 G+ console channel,console-ssl,drive_9,curve,,1000.0,0.0,28.284077344340652,-10.969159676493128,-1.121,-131.6808689967272,False,0,-34.683901583404634,-11.57753982232952,-35.670198011518764,-20.393760637351473,-38.34002210609726,-32.80861870490165,-43.72245363233023
nls_mike,Waves,SSL 4000 G+ console channel,console-ssl,drive_9,curve,,1000.0,3.0,33.29860717399489,-9.551478638761898,-3.96,-131.4013828304503,False,0,-38.591392816240585,-10.633784293744895,-39.04533228650208,-17.124908603057285,-38.963088849944,-23.384766394464734,-40.24442084413606
nls_mike,Waves,SSL 4000 G+ console channel,console-ssl,matched_thd_0.1_pct,full,thd_0.1_pct,100.0,-12.0,0.3709176547572844,-48.61444989685776,0.288,-138.90633910912945,False,0,-64.97561590542554,-48.8834206005886,-95.39306552131609,-63.429654430353715,-111.49969145026732,-72.68096705762925,-122.14241545324884
nls_mike,Waves,SSL 4000 G+ console channel,console-ssl,matched_thd_0.1_pct,full,thd_0.1_pct,100.0,-15.0,0.28644394752228763,-50.85920699668272,0.276,-142.0112998303955,False,0,-67.4412641380414,-51.102477903942315,-100.47866469245216,-66.21607971016732,-116.9397307627926,-75.58584746523272,-127.46579093096099
nls_mike,Waves,SSL 4000 G+ console channel,console-ssl,matched_thd_0.1_pct,full,thd_0.1_pct,100.0,-18.0,0.21628790269886566,-53.29935541224009,0.267,-145.09726324995384,False,0,-70.04422090989027,-53.52446017016231,-105.79302956873548,-69.09169790971806,-122.22775079679928,-78.53228290198122,-132.18759958874432
nls_mike,Waves,SSL 4000 G+ console channel,console-ssl,matched_thd_0.1_pct,full,thd_0.1_pct,100.0,-21.0,0.1605219140046539,-55.88931341077198,0.26,-148.15793704130817,False,0,-72.75328843926559,-56.10159137213836,-111.27797677073872,-72.0213629218519,-127.14744327892882,-81.50161960632917,-135.80009248995907
nls_mike,Waves,SSL 4000 G+ console channel,console-ssl,matched_thd_0.1_pct,full,thd_0.1_pct,100.0,-24.0,0.1176006284278947,-58.59180714988507,0.255,-151.20636313172412,False,0,-75.54259478454868,-58.79502419602254,-116.87406172156616,-74.98258683814812,-131.41339575774938,-84.48294254318458,-137.8728021748883
nls_mike,Waves,SSL 4000 G+ console channel,console-ssl,matched_thd_0.1_pct,full,thd_0.1_pct,100.0,-27.0,0.08533493873606174,-61.377462379331,0.252,-154.24153734912147,False,0,-78.39168619627075,-61.574260971997546,-122.49657175141624,-77.96190427100781,-134.72556506148342,-87.47017666226478,-138.8329210073294
nls_mike,Waves,SSL 4000 G+ console channel,console-ssl,matched_thd_0.1_pct,full,thd_0.1_pct,100.0,-3.0,0.6612437090787144,-43.59276893430784,0.342,-129.43894588599025,False,0,-58.758567909409976,-44.01830503604135,-82.18849820248258,-56.199231929953655,-95.99808105415185,-64.627064517928,-105.87472159134471
nls_mike,Waves,SSL 4000 G+ console channel,console-ssl,matched_thd_0.1_pct,full,thd_0.1_pct,100.0,-30.0,0.06148948432178375,-64.22398298254267,0.249,-157.26652354909328,False,0,-81.28515145316703,-64.41621361084663,-128.0180994784688,-80.95155419435679,-137.01845723310564,-90.45995705238242,-139.20210757737954
nls_mike,Waves,SSL 4000 G+ console channel,console-ssl,matched_thd_0.1_pct,full,thd_0.1_pct,100.0,-36.0,0.03148850139908566,-70.03696015633528,0.246,-163.29962180778728,False,0,-87.16207446807294,-70.22351232749105,-136.91156335415434,-86.9472498948447,-139.29164271138006,-96.4382208940036,-139.48253780762502
nls_mike,Waves,SSL 4000 G+ console channel,console-ssl,matched_thd_0.1_pct,full,thd_0.1_pct,100.0,-42.0,0.01595065721369121,-75.94442836072623,0.245,-169.3149580795788,False,0,-93.11730093045074,-76.12774667598964,-139.88129094787587,-92.95647666147532,-139.91626393752065,-102.40421821776904,-139.5037666082232
nls_mike,Waves,SSL 4000 G+ console channel,console-ssl,matched_thd_0.1_pct,full,thd_0.1_pct,100.0,-48.0,0.00803360879700105,-81.90178640812461,0.244,-175.3239721484416,False,0,-99.12926044281775,-82.08271551662585,-140.35943163031715,-98.98068701425841,-140.14185141090465,-108.33760443331605,-139.4305288777288
nls_mike,Waves,SSL 4000 G+ console channel,console-ssl,matched_thd_0.1_pct,full,thd_0.1_pct,100.0,-54.0,0.004032545385056916,-87.88841472121591,0.243,-181.3280396838451,False,0,-105.20500056082136,-88.0666791563063,-140.32730433419565,-105.03034401248425,-140.2205486562844,-114.20303718840938,-139.44070355593257
nls_mike,Waves,SSL 4000 G+ console channel,console-ssl,matched_thd_0.1_pct,full,thd_0.1_pct,100.0,-6.0,0.567176541097498,-44.92563480482839,0.321,-132.61951896686685,False,0,-60.59922181588061,-45.281394849695715,-86.17937432758268,-58.346436201783256,-100.88974281170549,-67.14143043644005,-111.16051306426634
nls_mike,Waves,SSL 4000 G+ console channel,console-ssl,matched_thd_0.1_pct,full,thd_0.1_pct,100.0,-60.0,0.0020187739701596364,-93.89824607291123,0.243,-187.33090185141072,False,0,-111.38753453946755,-94.07240187146499,-140.40459976916426,-111.13007077856659,-140.22911838740052,-119.93298442150319,-139.46474916501973
nls_mike,Waves,SSL 4000 G+ console channel,console-ssl,matched_thd_0.1_pct,full,thd_0.1_pct,100.0,-9.0,0.46678011360028365,-46.6177530927061,0.302,-135.7742581753755,False,0,-62.6826980038048,-46.9229258524159,-90.60322144230335,-60.78371720564162,-106.10033743676408,-69.84958738385315,-116.63552700563172
nls_mike,Waves,SSL 4000 G+ console channel,console-ssl,matched_thd_0.1_pct,full,thd_0.1_pct,100.0,0.0,11.386035806731789,-18.8725490951169,-0.932,-128.30701184969027,False,0,-32.21003424747074,-19.5078081569339,-44.614200081845794,-30.053107015793017,-42.234949347613906,-41.96090267686067,-47.66084271202671
nls_mike,Waves,SSL 4000 G+ console channel,console-ssl,matched_thd_0.1_pct,full,thd_0.1_pct,100.0,3.0,21.62303902906833,-13.301665355848629,-3.388,-127.79124810717218,True,0,-33.73754018706198,-13.49014898423876,-40.11873818172298,-30.536505062988788,-50.2970305091213,-32.719026293408334,-44.22944286247686
nls_mike,Waves,SSL 4000 G+ console channel,console-ssl,matched_thd_0.1_pct,full,thd_0.1_pct,1000.0,-12.0,0.09972187565505672,-60.024191230124146,0.218,-138.74294794491965,False,0,-76.87436524975057,-60.248458929496536,-112.93674314782187,-75.77371490319169,-125.16628509322376,-85.16684804303051,-126.43455474001127
nls_mike,Waves,SSL 4000 G+ console channel,console-ssl,matched_thd_0.1_pct,full,thd_0.1_pct,1000.0,-15.0,0.07387677249790164,-62.62984172239699,0.207,-141.86255698311632,False,0,-79.59114719537281,-62.841842337346,-118.29684517685122,-78.70447105238222,-126.47428334000392,-88.1319417235023,-126.55565719621455
nls_mike,Waves,SSL 4000 G+ console channel,console-ssl,matched_thd_0.1_pct,full,thd_0.1_pct,1000.0,-18.0,0.05405197903400583,-65.34376800727034,0.198,-144.9588544484264,False,0,-82.38500184649055,-65.54712476538857,-123.27740370230504,-81.66529955750192,-126.96828936770451,-91.10838773318044,-126.5959879088801
nls_mike,Waves,SSL 4000 G+ console channel,console-ssl,matched_thd_0.1_pct,full,thd_0.1_pct,1000.0,-21.0,0.0391851867901244,-68.13756157344143,0.192,-148.02840980700302,False,0,-85.2354956886733,-68.33483339133743,-127.02576380017524,-84.64362081709706,-127.17614771302473,-94.08983764964037,-126.65009985949007
nls_mike,Waves,SSL 4000 G+ console channel,console-ssl,matched_thd_0.1_pct,full,thd_0.1_pct,1000.0,-24.0,0.02821769488860724,-70.98956933540867,0.187,-151.08367009850457,False,0,-88.12719903891205,-71.18256435205404,-128.9188586742792,-87.63209629017038,-127.2842384864645,-97.0722798256686,-126.69517525841583
nls_mike,Waves,SSL 4000 G+ console channel,console-ssl,matched_thd_0.1_pct,full,thd_0.1_pct,1000.0,-27.0,0.020221660048546315,-73.88366389841151,0.184,-154.12605204343387,False,0,-91.04853761892937,-74.07367623594591,-129.504099520887,-90.62640839841086,-127.326862694185,-100.0516246654113,-126.71626748100478
nls_mike,Waves,SSL 4000 G+ console channel,console-ssl,matched_thd_0.1_pct,full,thd_0.1_pct,1000.0,-3.0,0.2172883179465012,-53.25927243978842,0.279,-129.25065174758333,False,0,-69.46588734935482,-53.56033188347535,-97.65591628870725,-67.43583568384085,-113.08687059986013,-76.48379405904927,-122.35419650239734
nls_mike,Waves,SSL 4000 G+ console channel,console-ssl,matched_thd_0.1_pct,full,thd_0.1_pct,1000.0,-30.0,0.014441398410799078,-76.807815009721,0.181,-157.15422156163504,False,0,-93.99055980137126,-76.99576913848074,-129.63153936758022,-93.62513301972874,-127.367649912406,-103.02292919349925,-126.75588185327459
nls_mike,Waves,SSL 4000 G+ console channel,console-ssl,matched_thd_0.1_pct,full,thd_0.1_pct,1000.0,-36.0,0.0073164145824806326,-82.71403386658527,0.178,-163.19229711482757,False,0,-99.91140676829798,-82.89995157737448,-129.68039720764918,-99.62903865001556,-127.39173399607269,-108.913434524411,-126.76640806681544
nls_mike,Waves,SSL 4000 G+ console channel,console-ssl,matched_thd_0.1_pct,full,thd_0.1_pct,1000.0,-42.0,0.003688916356561168,-88.66202383932817,0.177,-169.20897296811978,False,0,-105.84708025353254,-88.84881302310482,-129.6945710708004,-105.63719388065243,-127.43190975298731,-114.60498162951508,-126.78660778186087
nls_mike,Waves,SSL 4000 G+ console channel,console-ssl,matched_thd_0.1_pct,full,thd_0.1_pct,1000.0,-48.0,0.0018571240078062992,-94.62318191327269,0.176,-175.21907907452058,False,0,-111.76491367718273,-94.81770223979423,-129.6837900551348,-111.61930728219795,-127.42114168595674,-119.74324801113798,-126.79603879644023
nls_mike,Waves,SSL 4000 G+ console channel,console-ssl,matched_thd_0.1_pct,full,thd_0.1_pct,1000.0,-54.0,0.0009373308672494741,-100.56214161967125,0.176,-181.22460343761378,False,0,-117.59864817103485,-100.78899048850508,-129.6732510650644,-117.4515669461576,-127.43902703386736,-123.58725899800953,-126.80066377198656
nls_mike,Waves,SSL 4000 G+ console channel,console-ssl,matched_thd_0.1_pct,full,thd_0.1_pct,1000.0,-6.0,0.1719724210630206,-55.290823892138796,0.254,-132.43277269189315,False,0,-71.77878320148746,-55.5571342935115,-102.4933439577481,-70.09861507738549,-118.12533461460502,-79.31913827127728,-125.04098535403432
nls_mike,Waves,SSL 4000 G+ console channel,console-ssl,matched_thd_0.1_pct,full,thd_0.1_pct,1000.0,-60.0,0.0004790583776189963,-106.3922312125863,0.175,-187.22802462829173,False,0,-123.17969936595253,-106.74467025707209,-129.69279790229004,-122.66738781373223,-127.43043899691608,-125.69296236259346,-126.79275910300782
nls_mike,Waves,SSL 4000 G+ console channel,console-ssl,matched_thd_0.1_pct,full,thd_0.1_pct,1000.0,-9.0,0.1323878246318565,-57.56303908015301,0.234,-135.59696136101059,False,0,-74.25997895621688,-57.80470859365744,-107.61618233568578,-72.89408399869247,-122.40234548988886,-82.22328278765835,-126.11304671001626
nls_mike,Waves,SSL 4000 G+ console channel,console-ssl,matched_thd_0.1_pct,full,thd_0.1_pct,1000.0,0.0,11.340865571116614,-18.907075948696736,-1.028,-128.9329360173752,False,0,-32.124833533182084,-19.550713920445993,-51.27734717059647,-29.941981554892394,-43.23918147789844,-40.76568354726412,-51.973060244671714
nls_mike,Waves,SSL 4000 G+ console channel,console-ssl,matched_thd_0.1_pct,full,thd_0.1_pct,1000.0,3.0,21.663802378617593,-13.285306293897651,-3.489,-128.8223033011094,False,0,-33.689245620352175,-13.475192378353618,-39.51832345977625,-30.21649726276867,-53.713083726828145,-33.13462842707649,-45.70078998172626
nls_mike,Waves,SSL 4000 G+ console channel,console-ssl,matched_thd_1_pct,full,thd_1_pct,100.0,-12.0,3.989323240614799,-27.98201545867225,8.63,-135.38267062639602,False,0,-43.23407366150417,-28.395513099643182,-66.97793326797198,-40.71459632520717,-80.9724094983917,-49.204717948837875,-91.02077309118411
nls_mike,Waves,SSL 4000 G+ console channel,console-ssl,matched_thd_1_pct,full,thd_1_pct,100.0,-15.0,3.376617612282715,-29.430362372003106,8.666,-139.2380882269313,False,0,-45.171144041918,-29.77734103187047,-71.09574243535474,-42.96897485147216,-86.0123378116373,-51.811671681073065,-96.5175468709948
nls_mike,Waves,SSL 4000 G+ console channel,console-ssl,matched_thd_1_pct,full,thd_1_pct,100.0,-18.0,2.740953589908425,-31.2419663582893,8.718,-142.94913938868038,False,0,-47.358214494568934,-31.540833727494892,-75.64788044784444,-45.512386925993155,-91.39791053907979,-54.612391027360914,-102.30200697192635
nls_mike,Waves,SSL 4000 G+ console channel,console-ssl,matched_thd_1_pct,full,thd_1_pct,100.0,-21.0,2.150135429311141,-33.35068369145378,8.775,-146.48077848925655,False,0,-49.75027679510592,-33.615178358502476,-80.55484606502033,-48.25419836414808,-97.01605919052157,-57.528703593046124,-108.32417369938882
nls_mike,Waves,SSL 4000 G+ console channel,console-ssl,matched_thd_1_pct,full,thd_1_pct,100.0,-24.0,1.641932847337622,-35.69289217730465,8.828,-149.7954523624831,False,0,-52.303146565801015,-35.93301499359205,-85.73753110187963,-51.1212606159213,-102.76436468732598,-60.506531666741886,-114.60419419082756
nls_mike,Waves,SSL 4000 G+ console channel,console-ssl,matched_thd_1_pct,full,thd_1_pct,100.0,-27.0,1.2284048782493366,-38.213169351050205,8.874,-152.88838889812092,False,0,-54.978179379743246,-38.43608001570566,-91.12431464882073,-54.061193737946496,-108.54998703681983,-63.51276577021474,-121.28479261750735
nls_mike,Waves,SSL 4000 G+ console channel,console-ssl,matched_thd_1_pct,full,thd_1_pct,100.0,-3.0,29.63201308169628,-10.564776865387564,2.226,-132.22396737415218,True,0,-24.583105569582784,-11.383356534287337,-41.280948545446456,-19.579108656280134,-48.64936025979564,-33.1012977451228,-51.19690530256012
nls_mike,Waves,SSL 4000 G+ console channel,console-ssl,matched_thd_1_pct,full,thd_1_pct,100.0,-30.0,0.9050730975214495,-40.86632687847698,8.912,-156.24873337326824,False,0,-57.74399884435886,-41.07710108145929,-96.64764855200534,-57.04007906938599,-114.25956919689321,-66.5292438207475,-128.7527264005837
nls_mike,Waves,SSL 4000 G+ console channel,console-ssl,matched_thd_1_pct,full,thd_1_pct,100.0,-36.0,0.4764942163737303,-46.43884732809833,8.964,-162.95228966405926,False,0,-63.456770082362524,-46.63503396838669,-107.83631449131386,-63.04318920300703,-124.71587740059513,-72.56217295749563,-139.7270562494315
nls_mike,Waves,SSL 4000 G+ console channel,console-ssl,matched_thd_1_pct,full,thd_1_pct,100.0,-42.0,0.24486590456584784,-52.22143364742544,8.993,-169.3701287298921,False,0,-69.3122061594357,-52.41036285084758,-118.5276575771954,-69.05815212577505,-131.38205954847064,-78.58030929767293,-135.9210715772883
nls_mike,Waves,SSL 4000 G+ console channel,console-ssl,matched_thd_1_pct,full,thd_1_pct,100.0,-48.0,0.12427806154509462,-58.1121105873941,9.008,-175.59280658143933,False,0,-75.24191940444572,-58.29742709987788,-127.07050281876106,-75.06871268834016,-133.68424785210698,-84.58089626379952,-134.88055044061434
nls_mike,Waves,SSL 4000 G+ console channel,console-ssl,matched_thd_1_pct,full,thd_1_pct,100.0,-54.0,0.06267474825257574,-64.05814803618208,9.016,-181.7092473512913,False,0,-81.21182007359852,-64.24168445440779,-131.78990837869486,-81.07311232326046,-134.18747336205396,-90.56153269608052,-134.59302405774926
nls_mike,Waves,SSL 4000 G+ console channel,console-ssl,matched_thd_1_pct,full,thd_1_pct,100.0,-6.0,22.457018339540042,-12.972958126803114,4.985,-133.35489497755478,True,0,-26.570070650983904,-13.335567990864357,-37.75184791564963,-29.63553415549999,-48.047577605976244,-32.64333293345902,-46.62503546822442
nls_mike,Waves,SSL 4000 G+ console channel,console-ssl,matched_thd_1_pct,full,thd_1_pct,100.0,-60.0,0.031502301470437956,-70.03315433411296,9.02,-187.767851253293,False,0,-87.20744199288819,-70.21584692681272,-133.42996840694502,-87.07188306776365,-134.33255694797163,-96.51212654098389,-134.58343088671154
nls_mike,Waves,SSL 4000 G+ console channel,console-ssl,matched_thd_1_pct,full,thd_1_pct,100.0,-9.0,12.65247244309497,-17.95649199810699,7.431,-134.48896122854475,True,0,-31.00993465115957,-18.54257294236015,-35.5962164071748,-30.599711220461177,-48.165197264622854,-43.30973634990562,-47.03376385862491
nls_mike,Waves,SSL 4000 G+ console channel,console-ssl,matched_thd_1_pct,full,thd_1_pct,100.0,0.0,34.817961285098356,-9.163933239074026,-0.659,-131.00612924559974,True,0,-23.50632462768702,-10.538185839346495,-45.967809456983574,-16.34214690357847,-48.854304873384706,-22.885958453452375,-46.12868984624864
nls_mike,Waves,SSL 4000 G+ console channel,console-ssl,matched_thd_1_pct,full,thd_1_pct,100.0,3.0,38.05184946070972,-8.392484601226428,-3.603,-129.63759319002276,True,0,-22.868415106462002,-10.155640384555166,-46.79200814534368,-14.948540761978492,-50.929251634581966,-19.551709508120233,-44.88345431715588
nls_mike,Waves,SSL 4000 G+ console channel,console-ssl,matched_thd_1_pct,full,thd_1_pct,1000.0,-12.0,0.9993288788298959,-40.005831241371006,7.44,-135.81572490059852,False,0,-56.44874787290029,-40.27762772953403,-86.66767537442996,-54.70535068923594,-103.38313452752877,-63.908098365114355,-112.80137947596472
nls_mike,Waves,SSL 4000 G+ console channel,console-ssl,matched_thd_1_pct,full,thd_1_pct,1000.0,-15.0,0.7817310034818541,-42.13885327130714,7.319,-139.7069178610415,False,0,-58.802588500715835,-42.384416876952535,-91.63134590167138,-57.38073007906071,-109.29302291959061,-66.7053949904932,-117.73748887038478
nls_mike,Waves,SSL 4000 G+ console channel,console-ssl,matched_thd_1_pct,full,thd_1_pct,1000.0,-18.0,0.5962846144173028,-44.49092792711741,7.225,-143.4463418471658,False,0,-61.31698187355455,-44.71795853567133,-96.84217148288997,-60.16881429241255,-115.628604501345,-69.56863596999092,-122.16273730713024
nls_mike,Waves,SSL 4000 G+ console channel,console-ssl,matched_thd_1_pct,full,thd_1_pct,1000.0,-21.0,0.445999511831581,-47.01331233288571,7.153,-147.0334167148514,False,0,-63.95740171397475,-47.227278723170045,-102.23298193162584,-63.03100323981583,-122.66037033631852,-72.47604281673135,-125.85654189559585
nls_mike,Waves,SSL 4000 G+ console channel,console-ssl,matched_thd_1_pct,full,thd_1_pct,1000.0,-24.0,0.3286639676872981,-49.66495812356047,7.098,-150.4364131290152,False,0,-66.69404999656692,-49.869724486844795,-107.73172165950798,-65.94092271194566,-131.29640907996566,-75.41359706304297,-128.63051323748346
nls_mike,Waves,SSL 4000 G+ console channel,console-ssl,matched_thd_1_pct,full,thd_1_pct,1000.0,-27.0,0.23952676147655602,-52.41291914709198,7.058,-153.69028180503025,False,0,-69.50272029506584,-52.611210329139524,-113.25117818766634,-68.88125877673308,-141.71116488922806,-78.37239169584979,-130.4881949701183
nls_mike,Waves,SSL 4000 G+ console channel,console-ssl,matched_thd_1_pct,full,thd_1_pct,1000.0,-3.0,28.04159970400622,-11.043944291421752,1.545,-132.56546803690907,False,0,-32.819820472586045,-11.644500927120244,-34.61396395382775,-20.631011671759293,-37.75041048650765,-33.68296072107925,-43.61637673302367
nls_mike,Waves,SSL 4000 G+ console channel,console-ssl,matched_thd_1_pct,full,thd_1_pct,1000.0,-30.0,0.17314854161777105,-55.231623240825996,7.029,-156.81714327243992,False,0,-72.36426265404441,-55.42536380292884,-118.64816762689976,-71.84090036399559,-138.09723741387447,-81.34682595478495,-131.68744856063188
nls_mike,Waves,SSL 4000 G+ console channel,console-ssl,matched_thd_1_pct,full,thd_1_pct,1000.0,-36.0,0.08903274448837324,-61.0090047805317,6.993,-162.82999100362275,False,0,-78.19130021971012,-61.19734585326907,-127.76527294300354,-77.79202230176753,-133.96931766013037,-87.33053582398719,-132.8035365943732
nls_mike,Waves,SSL 4000 G+ console channel,console-ssl,matched_thd_1_pct,full,thd_1_pct,1000.0,-42.0,0.04520829768287446,-66.89563692007641,6.974,-169.1673993615248,False,0,-84.09682997832859,-67.08147609302883,-131.89317639477048,-83.76139955588938,-133.16214790568029,-93.35589741669281,-133.21812712041518
nls_mike,Waves,SSL 4000 G+ console channel,console-ssl,matched_thd_1_pct,full,thd_1_pct,1000.0,-48.0,0.02280971387346505,-72.83760325014842,6.965,-175.35062206271664,False,0,-90.03574023719077,-73.02259364111862,-132.8011629241434,-89.73145299893831,-133.00882401666559,-99.43473490993283,-133.34480439203205
nls_mike,Waves,SSL 4000 G+ console channel,console-ssl,matched_thd_1_pct,full,thd_1_pct,1000.0,-54.0,0.011472813915105252,-78.8066010091527,6.96,-181.44747514378068,False,0,-95.97882401072275,-78.99197160070086,-133.0126341301259,-95.68705988817355,-132.98295027620415,-105.61002666885643,-133.41352053448705
nls_mike,Waves,SSL 4000 G+ console channel,console-ssl,matched_thd_1_pct,full,thd_1_pct,1000.0,-6.0,20.854472399747763,-13.616015859136066,4.189,-133.02258330619267,False,0,-29.788474828657897,-13.881634479900613,-34.353339012806686,-31.815798107925634,-45.079243153016755,-33.446554065140674,-46.62251087644954
nls_mike,Waves,SSL 4000 G+ console channel,console-ssl,matched_thd_1_pct,full,thd_1_pct,1000.0,-60.0,0.0057629692497386505,-84.7870739547357,6.958,-187.50468196158488,False,0,-101.89622602925266,-84.97439579338294,-133.0426826411583,-101.60552681099495,-132.96101252629362,-111.97711528651254,-133.42203086221969
nls_mike,Waves,SSL 4000 G+ console channel,console-ssl,matched_thd_1_pct,full,thd_1_pct,1000.0,-9.0,10.764944470976022,-19.35976412128902,6.454,-134.04029872922354,False,0,-27.93408548028017,-20.501788682875592,-44.72808390785648,-30.119484278029635,-44.32663332608649,-46.63960734079257,-52.758718305076464
nls_mike,Waves,SSL 4000 G+ console channel,console-ssl,matched_thd_1_pct,full,thd_1_pct,1000.0,0.0,33.14933457335756,-9.590503700550347,-1.269,-132.2050921152187,False,0,-35.83336044827148,-10.662401380561219,-37.460056082929576,-17.218037959789967,-38.050771174002115,-23.611653995301694,-39.675896998070606
nls_mike,Waves,SSL 4000 G+ console channel,console-ssl,matched_thd_1_pct,full,thd_1_pct,1000.0,3.0,36.324958428880166,-8.795897480925468,-4.167,-132.02251625002594,False,0,-38.008179174817,-10.196359244149573,-42.152880412965,-15.74098170065352,-41.37343794020174,-20.296573870030237,-41.16621976018913
nls_mike,Waves,SSL 4000 G+ console channel,console-ssl,matched_thd_3_pct,full,thd_3_pct,100.0,-12.0,5.965305633743066,-24.487346005010476,9.508,-135.24123940402012,False,0,-41.79084719534675,-25.398229589303057,-38.14315562673742,-35.23072633988172,-40.291744777349635,-44.703199922099685,-45.768821275648904
nls_mike,Waves,SSL 4000 G+ console channel,console-ssl,matched_thd_3_pct,full,thd_3_pct,100.0,-15.0,3.982222284211371,-27.997490033776092,9.691,-138.32502091554898,False,0,-43.58773720443797,-28.36451133785699,-68.75746592631825,-41.27186507857814,-83.37417172882,-50.00705025462962,-93.73051192986422
nls_mike,Waves,SSL 4000 G+ console channel,console-ssl,matched_thd_3_pct,full,thd_3_pct,100.0,-18.0,3.265247554629771,-29.72167774239327,9.766,-142.12402117825644,False,0,-45.72305230830116,-30.034966758155704,-73.19980903441332,-43.75628389316809,-88.68547379351922,-52.77995206337706,-99.45558562560082
nls_mike,Waves,SSL 4000 G+ console channel,console-ssl,matched_thd_3_pct,full,thd_3_pct,100.0,-21.0,2.5811394542153683,-31.763770613809974,9.848,-145.68840618693167,False,0,-48.07716812356506,-32.038534062856876,-78.02257509257868,-46.46642885756911,-94.26726005053192,-55.690506421179236,-105.423828100928
nls_mike,Waves,SSL 4000 G+ console channel,console-ssl,matched_thd_3_pct,full,thd_3_pct,100.0,-24.0,1.9823022274419608,-34.056602620586965,9.925,-148.88857785800295,False,0,-50.60306969039304,-34.30399278946412,-83.14394699902728,-49.32068712399478,-100.01145304546226,-58.67476147436092,-111.63094171761921
nls_mike,Waves,SSL 4000 G+ console channel,console-ssl,matched_thd_3_pct,full,thd_3_pct,100.0,-27.0,1.4892004672457229,-36.540936723821666,9.993,-152.73364273599987,False,0,-53.259255128111704,-36.768975229148005,-88.48879959610777,-52.25908666796782,-105.83037634529937,-61.692467395832935,-118.17508938844989
nls_mike,Waves,SSL 4000 G+ console channel,console-ssl,matched_thd_3_pct,full,thd_3_pct,100.0,-3.0,31.830484795199304,-9.943134935857314,2.212,-132.4580105986964,True,0,-23.024362482618148,-11.027409712426612,-44.60945973624206,-18.057410353688542,-49.49288119073512,-27.693298278220873,-48.67717643811706
nls_mike,Waves,SSL 4000 G+ console channel,console-ssl,matched_thd_3_pct,full,thd_3_pct,100.0,-30.0,1.1004980964616422,-39.16821408623665,10.048,-156.48869277910353,False,0,-56.01198984990461,-39.38260306907112,-93.98968149274309,-55.24206416459826,-111.62374320792985,-64.72131999553775,-125.37492580238933
nls_mike,Waves,SSL 4000 G+ console channel,console-ssl,matched_thd_3_pct,full,thd_3_pct,100.0,-36.0,0.5814984971114913,-44.709028067447704,10.123,-163.6475770209144,False,0,-61.70931039310282,-44.90701188832263,-105.20048124559493,-61.25771058179402,-122.5671406154221,-70.77491615546951,-141.51252023750448
nls_mike,Waves,SSL 4000 G+ console channel,console-ssl,matched_thd_3_pct,full,thd_3_pct,100.0,-42.0,0.29937985830657166,-50.475548429930164,10.166,-170.3683387303077,False,0,-67.55714830475783,-50.66537038438146,-116.10729199515447,-67.28287715088382,-130.3979972830394,-76.80677468326425,-136.4026395293541
nls_mike,Waves,SSL 4000 G+ console channel,console-ssl,matched_thd_3_pct,full,thd_3_pct,100.0,-48.0,0.15208854309219544,-56.35807000680912,10.188,-176.76521202309732,False,0,-73.48281193171537,-56.54382893321387,-125.27971440111783,-73.29965153881051,-133.28029652196085,-82.81686342412029,-134.85767014669395
nls_mike,Waves,SSL 4000 G+ console channel,console-ssl,matched_thd_3_pct,full,thd_3_pct,100.0,-54.0,0.07673735175619681,-62.29986385191115,10.2,-182.9855849224123,False,0,-79.45018101092943,-62.4836096287817,-130.82085503905478,-79.30761545643651,-133.96856624968382,-88.8064286205983,-134.5170470615631
nls_mike,Waves,SSL 4000 G+ console channel,console-ssl,matched_thd_3_pct,full,thd_3_pct,100.0,-6.0,25.40355524211647,-11.902109987298413,5.031,-133.71004886900988,True,0,-24.546317247840847,-12.441075320539055,-38.76934537741099,-24.26732963587738,-48.67033362573184,-39.40873835737364,-47.71524277816865
nls_mike,Waves,SSL 4000 G+ console channel,console-ssl,matched_thd_3_pct,full,thd_3_pct,100.0,-60.0,0.038581455581093924,-68.27242783093331,10.205,-189.09603912620085,False,0,-85.44315544419406,-68.45520993317767,-132.9022254623781,-85.30826592499446,-134.1087983541629,-94.76840722840068,-134.42986760054933
nls_mike,Waves,SSL 4000 G+ console channel,console-ssl,matched_thd_3_pct,full,thd_3_pct,100.0,-9.0,16.757875179842024,-15.51562097446137,7.631,-134.88214366241334,True,0,-27.733765508021627,-15.946603255877159,-35.53446776149058,-37.15730564154904,-45.81371214005586,-33.30168524145662,-56.72459558065483
nls_mike,Waves,SSL 4000 G+ console channel,console-ssl,matched_thd_3_pct,full,thd_3_pct,100.0,0.0,36.26038642447534,-8.811351439381038,-0.701,-131.13173274512948,True,0,-22.177627537899852,-10.40252733591074,-49.96697187826057,-15.702782983011392,-52.09021789215296,-21.345903568227026,-45.63885553661554
nls_mike,Waves,SSL 4000 G+ console channel,console-ssl,matched_thd_3_pct,full,thd_3_pct,100.0,3.0,38.894740209312985,-8.202182499202454,-3.659,-129.65274293148892,True,0,-21.668668894560486,-10.12051045201783,-45.50877994279504,-14.651679008489786,-51.82725166955046,-18.90095258014132,-45.358226697899646
nls_mike,Waves,SSL 4000 G+ console channel,console-ssl,matched_thd_3_pct,full,thd_3_pct,1000.0,-12.0,2.8573271583879523,-30.880800617979247,8.223,-135.71462280111623,False,0,-32.47345278597691,-52.4645952132106,-43.25550743343052,-40.27758423619184,-41.94114551223085,-45.264209184129385,-49.9154186697929
nls_mike,Waves,SSL 4000 G+ console channel,console-ssl,matched_thd_3_pct,full,thd_3_pct,1000.0,-15.0,0.9483661402433015,-40.46047920286053,8.176,-139.18030912209218,False,0,-57.06474501769971,-40.71299416555448,-89.10183516844802,-55.55096425612832,-106.38720295161644,-64.84370283731383,-115.66455981796284
nls_mike,Waves,SSL 4000 G+ console channel,console-ssl,matched_thd_3_pct,full,thd_3_pct,1000.0,-18.0,0.7294672480847878,-42.739884049238164,8.061,-143.00753552947435,False,0,-59.5224339193929,-42.971819577809796,-94.23484573007983,-58.29761391341688,-112.49542938989475,-67.67730995998916,-120.49344270199305
nls_mike,Waves,SSL 4000 G+ console channel,console-ssl,matched_thd_3_pct,full,thd_3_pct,1000.0,-21.0,0.549147956699714,-45.206212560137295,7.973,-146.60337303955035,False,0,-62.11881470073316,-45.42363399905951,-99.57092379762028,-61.1312826502334,-119.12969621184145,-70.56326565050077,-124.6799574122093
nls_mike,Waves,SSL 4000 G+ console channel,console-ssl,matched_thd_3_pct,full,thd_3_pct,1000.0,-24.0,0.40665025579888653,-47.81557900351126,7.907,-149.9246773117586,False,0,-64.82213046538993,-48.02277648422561,-105.04225532975892,-64.02182795867145,-126.8201964889697,-73.4850944912146,-128.00573146135642
nls_mike,Waves,SSL 4000 G+ console channel,console-ssl,matched_thd_3_pct,full,thd_3_pct,1000.0,-27.0,0.29743397195915333,-50.532188585023746,7.857,-153.03760764625926,False,0,-67.60604174495248,-50.73218837913344,-110.57134216133448,-66.94908496012759,-137.5034872167456,-76.43209459132949,-130.33946951651083
nls_mike,Waves,SSL 4000 G+ console channel,console-ssl,matched_thd_3_pct,full,thd_3_pct,1000.0,-3.0,30.10897221549872,-10.42608138177788,1.477,-132.88252462097748,False,0,-33.12857380206343,-11.208538308584385,-34.9473253629301,-19.057221764093956,-37.106523708726456,-28.412245341806926,-41.01984962408488
nls_mike,Waves,SSL 4000 G+ console channel,console-ssl,matched_thd_3_pct,full,thd_3_pct,1000.0,-30.0,0.2155770019298889,-53.32795144370306,7.821,-156.66521911197336,False,0,-70.44952170675366,-53.522889641002756,-116.05237272547633,-69.89994208961792,-142.94613152014844,-79.39722415076174,-131.89809998275842
nls_mike,Waves,SSL 4000 G+ console channel,console-ssl,matched_thd_3_pct,full,thd_3_pct,1000.0,-36.0,0.11121475478931271,-59.07675182729257,7.776,-163.59530975445392,False,0,-76.254399224874,-59.26566575993967,-125.88037558903346,-75.84148814165327,-135.00957999703868,-85.36602518104097,-133.3391153356955
nls_mike,Waves,SSL 4000 G+ console channel,console-ssl,matched_thd_3_pct,full,thd_3_pct,1000.0,-42.0,0.05656690681682144,-64.94875137273073,7.753,-170.15919880020596,False,0,-82.14967863120208,-65.13482141760593,-131.27757697575913,-81.8076691412857,-133.7108014161769,-91.37531720932428,-133.8299634739153
nls_mike,Waves,SSL 4000 G+ console channel,console-ssl,matched_thd_3_pct,full,thd_3_pct,1000.0,-48.0,0.02856454864900406,-70.88345267750577,7.741,-176.4644663293558,False,0,-88.08565586232476,-71.06844695345065,-132.66430578539786,-87.7786371758779,-133.39661312715347,-97.4290634714241,-133.9842143769413
nls_mike,Waves,SSL 4000 G+ console channel,console-ssl,matched_thd_3_pct,full,thd_3_pct,1000.0,-54.0,0.014372808393417782,-76.84916728088247,7.735,-182.62819717416352,False,0,-94.03183239691435,-77.03430710469142,-132.9435196254084,-93.73963684730379,-133.3538083259598,-103.55619500074917,-134.09119674278034
nls_mike,Waves,SSL 4000 G+ console channel,console-ssl,matched_thd_3_pct,full,thd_3_pct,1000.0,-6.0,23.654279155447608,-12.521805643562995,4.184,-133.3695059461993,False,0,-30.248780804958724,-12.86205477610374,-33.60269555520943,-25.782163645095867,-40.53153993262613,-40.19182791795117,-49.80057894748738
nls_mike,Waves,SSL 4000 G+ console channel,console-ssl,matched_thd_3_pct,full,thd_3_pct,1000.0,-60.0,0.007220352608266684,-82.82883186000552,7.732,-188.7176136520884,False,0,-99.95979734544693,-83.01549126235307,-132.99197961212727,-99.67198931742784,-133.33340190809506,-109.82493339061216,-134.0790555040213
nls_mike,Waves,SSL 4000 G+ console channel,console-ssl,matched_thd_3_pct,full,thd_3_pct,1000.0,-9.0,14.813446036556574,-16.58687800503589,6.598,-134.26501453814615,False,0,-27.775303110134946,-17.13600604336847,-37.55031342504522,-34.70813145947935,-45.80056981325505,-34.19587719995429,-47.8333853780076
nls_mike,Waves,SSL 4000 G+ console channel,console-ssl,matched_thd_3_pct,full,thd_3_pct,1000.0,0.0,34.49278756228166,-9.245434127150975,-1.366,-132.57523396346724,False,0,-35.66311036795731,-10.456607897524965,-38.14999517892851,-16.556889062650903,-38.494387317720964,-22.089031861000056,-39.51590929156179
nls_mike,Waves,SSL 4000 G+ console channel,console-ssl,matched_thd_3_pct,full,thd_3_pct,1000.0,3.0,37.11090129846172,-8.609969959537304,-4.278,-132.25331610270447,False,0,-37.169670055535605,-10.094288210357973,-42.92632352720539,-15.42880126713083,-42.5579660730896,-19.641660155514653,-42.11611676311606
nls_nevo,Waves,Neve 5116 console channel,console-neve,drive_0,full,,100.0,-12.0,0.007799939880831807,-82.15817489368686,-0.083,-137.85532513130812,False,0,-93.0758597138044,-82.69681150563551,-127.87759562885336,-97.09882943443642,-135.28571635173518,-106.60421000230741,-133.08687963919323
nls_nevo,Waves,Neve 5116 console channel,console-neve,drive_0,full,,100.0,-15.0,0.006054196623879963,-84.35886956887929,-0.083,-140.85566035323896,False,0,-95.55488856628942,-84.8504994298372,-140.18462967472024,-99.87125872460368,-133.45532554904742,-109.63141446005153,-132.90379837284434
nls_nevo,Waves,Neve 5116 console channel,console-neve,drive_0,full,,100.0,-18.0,0.004591483327789392,-86.7609397663591,-0.084,-143.85602450002904,False,0,-98.19790886252798,-87.21661660785196,-137.97865426216345,-102.7455132949689,-132.58204214670886,-112.7635991333419,-132.83285183167186
nls_nevo,Waves,Neve 5116 console channel,console-neve,drive_0,full,,100.0,-21.0,0.003420511788648196,-89.31817816918836,-0.084,-146.85605428040344,False,0,-100.9799581579455,-89.74488772723458,-133.063453356359,-105.6848192328286,-132.15296767027684,-115.99282879855156,-132.79331835216593
nls_nevo,Waves,Neve 5116 console channel,console-neve,drive_0,full,,100.0,-24.0,0.002514894952654601,-91.98960301482698,-0.084,-149.85674149817217,False,0,-103.88401613378062,-92.3911464644924,-131.1575780447672,-108.66104732851281,-131.9213117201669,-119.34721549582466,-132.7581372079665
nls_nevo,Waves,Neve 5116 console channel,console-neve,drive_0,full,,100.0,-27.0,0.00183146848794502,-94.74401098721043,-0.084,-152.85485683035293,False,0,-106.90274840535457,-95.12209120840738,-130.30807734208648,-111.65660021399789,-131.82169758197605,-122.83331103679402,-132.74070790536928
nls_nevo,Waves,Neve 5116 console channel,console-neve,drive_0,full,,100.0,-3.0,0.013657306640266388,-77.29269878995939,-0.082,-128.8533622349412,False,0,-86.92739569600826,-78.1026052466053,-110.67517734734894,-90.03151883489704,-126.6965344832382,-98.45211406427237,-132.02445463769754
nls_nevo,Waves,Neve 5116 console channel,console-neve,drive_0,full,,100.0,-30.0,0.0013253314948968795,-97.55350962853001,-0.084,-155.85606067867164,False,0,-110.03786249377269,-97.90819333748411,-129.8822419063547,-114.66381750449463,-131.78024373819846,-126.52111534974463,-132.74620408445432
nls_nevo,Waves,Neve 5116 console channel,console-neve,drive_0,full,,100.0,-36.0,0.0006889486143846769,-103.23626337959516,-0.084,-161.85680448464444,False,0,-116.64908958786548,-103.55070644858478,-129.59394390044915,-120.55834152904083,-131.76334797323244,-133.6599089584597,-132.7455423452256
nls_nevo,Waves,Neve 5116 console channel,console-neve,drive_0,full,,100.0,-42.0,0.0003630299502751882,-108.80115087654073,-0.084,-167.85695696739447,False,0,-123.1952491545816,-109.14277699226045,-129.53858087132693,-125.83043679922514,-131.76737474562705,-135.87031164736413,-132.75975044268543
nls_nevo,Waves,Neve 5116 console channel,console-neve,drive_0,full,,100.0,-48.0,0.00020462473294802005,-113.78083748738766,-0.084,-173.8575152573888,False,0,-126.58692126355433,-114.45739908231329,-129.50997962379017,-129.30591260106092,-131.76781150922352,-134.47936763290156,-132.74928661925242
nls_nevo,Waves,Neve 5116 console channel,console-neve,drive_0,full,,100.0,-54.0,0.00013482212807637247,-117.40477644195202,-0.084,-179.8560943901323,False,0,-126.17287441456048,-119.1610637365195,-129.50009239509225,-130.67427091807733,-131.7409576004056,-133.4525780543635,-132.73507557141033
nls_nevo,Waves,Neve 5116 console channel,console-neve,drive_0,full,,100.0,-6.0,0.011784842077747697,-78.5735246568912,-0.083,-131.8548534594915,False,0,-88.73156010147747,-79.26307881889728,-115.14153161569794,-92.10129003729685,-133.97906983168704,-100.95766803415245,-133.29110790125307
nls_nevo,Waves,Neve 5116 console channel,console-neve,drive_0,full,,100.0,-60.0,0.00010870378435919929,-119.27510672679132,-0.084,-185.8559728593699,False,0,-125.35534215507579,-122.7886615968511,-129.50811992496185,-130.93245950432672,-131.75356773998908,-132.89562408410202,-132.73269460137388
nls_nevo,Waves,Neve 5116 console channel,console-neve,drive_0,full,,100.0,-9.0,0.009759030009419203,-80.21186693046025,-0.083,-134.8562097029063,False,0,-90.79077653946094,-80.81408066618324,-120.61941316717166,-94.48533106298245,-137.929714336536,-103.69812283552787,-133.26812964327488
nls_nevo,Waves,Neve 5116 console channel,console-neve,drive_0,full,,100.0,0.0,9.499401518614105,-20.44607510548809,-0.836,-128.223694556764,False,0,-23.64404506835648,-24.62884036622456,-31.222237058576333,-34.23429080307911,-50.58087787960801,-53.7702818285273,-39.450645269486216
nls_nevo,Waves,Neve 5116 console channel,console-neve,drive_0,full,,100.0,3.0,19.408876843099936,-14.239991914548291,-3.045,-127.97231767882556,False,0,-23.451640561049665,-14.964011788046623,-34.98918359764073,-45.78032076755431,-36.66694411474292,-32.930300435957335,-37.00007110327662
nls_nevo,Waves,Neve 5116 console channel,console-neve,drive_0,full,,1000.0,-12.0,0.0010411660714250734,-99.64959985453211,-0.056,-137.78592648696704,False,0,-111.41573788200317,-100.14061469401476,-127.78801001045318,-116.06122137739732,-125.84274391025443,-119.31483190359943,-125.28772315616784
nls_nevo,Waves,Neve 5116 console channel,console-neve,drive_0,full,,1000.0,-15.0,0.0007585640744828127,-102.40015458577105,-0.056,-140.78492399598943,False,0,-114.47249505943994,-102.9135700933727,-127.95650795972806,-118.93388297366455,-125.87072106845497,-120.70013113566516,-125.27363891668239
nls_nevo,Waves,Neve 5116 console channel,console-neve,drive_0,full,,1000.0,-18.0,0.0005476468316739043,-105.2299884106184,-0.056,-143.78724070196716,False,0,-117.71670566026464,-105.8104335377712,-128.03384053634855,-121.58605925555923,-125.89164359356703,-121.83808809449546,-125.27767236072157
nls_nevo,Waves,Neve 5116 console channel,console-neve,drive_0,full,,1000.0,-21.0,0.0003941249309003342,-108.0873218477279,-0.056,-146.78699407074822,False,0,-121.20121612723142,-108.82162999497545,-128.08234590127395,-123.82225017762421,-125.89378527940897,-122.73107840093708,-125.2703276282036
nls_nevo,Waves,Neve 5116 console channel,console-neve,drive_0,full,,1000.0,-24.0,0.0002852560351978468,-110.8953031677904,-0.056,-149.7861232745419,False,0,-125.0339842065746,-111.95410400957891,-128.1031594956216,-125.45171061004369,-125.89478941411507,-123.44508353174284,-125.26867988008148
nls_nevo,Waves,Neve 5116 console channel,console-neve,drive_0,full,,1000.0,-27.0,0.0002110486996594285,-113.51234638665434,-0.056,-152.78605816713429,False,0,-129.4572752379695,-115.22497749289869,-128.1043211725469,-126.4169738341865,-125.88977045233045,-123.97139498199529,-125.27379892646537
nls_nevo,Waves,Neve 5116 console channel,console-neve,drive_0,full,,1000.0,-3.0,0.0024354780302236773,-92.26831567450824,-0.055,-128.78508795462727,False,0,-103.24179391867516,-92.81987588060525,-125.71777371690101,-107.37224227561818,-125.4598909540479,-113.78340045735564,-125.39493738357885
nls_nevo,Waves,Neve 5116 console channel,console-neve,drive_0,full,,1000.0,-30.0,0.0001632518182227781,-115.74283946112246,-0.056,-155.78627387888156,False,0,-135.01832673253045,-118.68634445783351,-128.10961445142675,-126.87871085426923,-125.89314026686105,-124.36331644445418,-125.27104852136212
nls_nevo,Waves,Neve 5116 console channel,console-neve,drive_0,full,,1000.0,-36.0,0.00012084301338592335,-118.355569070729,-0.056,-161.78621582986398,False,0,-151.20569115956468,-126.41360565844364,-128.11747022373953,-127.0476511594333,-125.89721281887432,-124.87766775187563,-125.27097006774524
nls_nevo,Waves,Neve 5116 console channel,console-neve,drive_0,full,,1000.0,-42.0,0.0001124825690488777,-118.9782954625928,-0.056,-167.78774091220532,False,0,-138.39389192810123,-134.59828960715228,-128.107116455875,-126.96054291240957,-125.89671988672295,-125.14467008684335,-125.27251777975819
nls_nevo,Waves,Neve 5116 console channel,console-neve,drive_0,full,,1000.0,-48.0,0.00011281953739279264,-118.9523137079135,-0.056,-173.7856425529203,False,0,-135.4198322213554,-134.7870207153544,-128.1172700620869,-126.86905382254905,-125.89798632654896,-125.27169003370894,-125.27546268710114
nls_nevo,Waves,Neve 5116 console channel,console-neve,drive_0,full,,1000.0,-54.0,0.00011416168384129508,-118.84959268336402,-0.056,-179.786485680566,False,0,-134.21979754596524,-132.45693376875113,-128.12264466928934,-126.81402441987176,-125.90048310885054,-125.3464209239769,-125.26772933681133
nls_nevo,Waves,Neve 5116 console channel,console-neve,drive_0,full,,1000.0,-6.0,0.0018745768026240056,-94.54193523104222,-0.055,-131.78512756108086,False,0,-105.79405669407947,-95.05645251283043,-126.85887777784566,-110.20381708489597,-125.66834013575239,-115.83280580248206,-125.34551184115958
nls_nevo,Waves,Neve 5116 console channel,console-neve,drive_0,full,,1000.0,-60.0,0.0001150981363463756,-118.77863416702846,-0.056,-185.7875799519619,False,0,-133.67865865127908,-131.2814311759533,-128.11221676877244,-126.80055754631385,-125.9001327895869,-125.37769821250052,-125.26991692495454
nls_nevo,Waves,Neve 5116 console channel,console-neve,drive_0,full,,1000.0,-9.0,0.0014098022407050955,-97.01683607021201,-0.055,-134.78685021902203,False,0,-108.52363140897742,-97.5104820735801,-127.4870675574553,-113.1252593153573,-125.78929379940183,-117.69514693874982,-125.30625945174698
nls_nevo,Waves,Neve 5116 console channel,console-neve,drive_0,full,,1000.0,0.0,9.036566846764961,-20.879930688497875,-0.738,-128.35074021881186,False,0,-23.86772321574931,-25.480466811649663,-30.79716525917752,-35.09129837227671,-69.73106632848415,-51.97930214165805,-40.84748086232536
nls_nevo,Waves,Neve 5116 console channel,console-neve,drive_0,full,,1000.0,3.0,18.983951798239914,-14.432267549949408,-2.914,-128.3467760534663,False,0,-23.479896954060973,-15.184963385880291,-34.99762421978663,-52.91345370165245,-36.017136708146914,-33.16842721565592,-37.135695981535235
nls_nevo,Waves,Neve 5116 console channel,console-neve,drive_12,full,,100.0,-12.0,0.6986477766150605,-43.114834374230526,5.9,-131.8023598820016,False,0,-53.129560707474994,-43.82867402031779,-77.87493292118268,-56.545682997931586,-92.40293859694597,-65.20764805696156,-102.89108648516017
nls_nevo,Waves,Neve 5116 console channel,console-neve,drive_12,full,,100.0,-15.0,0.580972924636132,-44.716882135502054,5.895,-134.81096584224238,False,0,-55.13592649197882,-45.34203068833292,-82.15389109298937,-58.892798285815786,-97.57404802710093,-67.8622526188127,-108.56030543830252
nls_nevo,Waves,Neve 5116 console channel,console-neve,drive_12,full,,100.0,-18.0,0.46589461217069045,-46.63424623825895,5.891,-137.8120485228653,False,0,-57.362771363732165,-47.196314674953726,-86.81182722715461,-61.47736054105909,-102.98384657893854,-70.66282879233967,-114.41567438551817
nls_nevo,Waves,Neve 5116 console channel,console-neve,drive_12,full,,100.0,-21.0,0.36253173168840136,-48.81307948977428,5.889,-140.81449097779605,False,0,-59.773734184290454,-49.330555709256956,-91.76290833971876,-64.22491963606338,-108.46389252670143,-73.5510844970984,-120.25140061604947
nls_nevo,Waves,Neve 5116 console channel,console-neve,drive_12,full,,100.0,-24.0,0.27539893518193065,-51.20075486513352,5.887,-143.81585473795676,False,0,-62.33232318660238,-51.68685330203541,-96.90508185348014,-67.07749006858172,-113.77825991299196,-76.48838656467996,-125.49225524118108
nls_nevo,Waves,Neve 5116 console channel,console-neve,drive_12,full,,100.0,-27.0,0.20534551803997597,-53.750295436118805,5.886,-146.81699121386416,False,0,-65.00537797118541,-54.21441976607804,-102.10960061920419,-69.99389558870722,-118.57167154725903,-79.4513808023645,-129.08261708652498
nls_nevo,Waves,Neve 5116 console channel,console-neve,drive_12,full,,100.0,-3.0,18.720932440212103,-14.553450479956329,3.005,-128.10498286370753,True,0,-22.803374550733764,-15.465926636830776,-33.38097592878529,-44.59287165013235,-34.81575344581024,-34.97771462976845,-35.919294179865354
nls_nevo,Waves,Neve 5116 console channel,console-neve,drive_12,full,,100.0,-30.0,0.1509662858939819,-56.422400588574824,5.885,-149.81626152049668,False,0,-67.76470158130203,-56.87125022406923,-107.1968866916359,-72.947337699639,-122.41333426826762,-82.42592019511184,-130.6337724858201
nls_nevo,Waves,Neve 5116 console channel,console-neve,drive_12,full,,100.0,-36.0,0.07928747367990754,-62.015908395237616,5.884,-155.81571866620115,False,0,-73.45524193823869,-62.447358914100946,-115.94541804634974,-78.90571896409222,-126.47955047121829,-88.38063920716876,-131.13659325919394
nls_nevo,Waves,Neve 5116 console channel,console-neve,drive_12,full,,100.0,-42.0,0.040694627944046415,-67.80925835517245,5.884,-161.81611722788378,False,0,-79.27253132180087,-68.23433554887812,-121.06400473157252,-84.88652360374202,-127.50903705291597,-94.31203119861557,-131.0814950536022
nls_nevo,Waves,Neve 5116 console channel,console-neve,drive_12,full,,100.0,-48.0,0.020635352049752597,-73.70776234870858,5.884,-167.81639929394288,False,0,-85.13166255647857,-74.1343691234841,-122.88360676097602,-90.86495509451872,-127.62631588997196,-100.18190915221967,-131.02901569109113
nls_nevo,Waves,Neve 5116 console channel,console-neve,drive_12,full,,100.0,-54.0,0.010396013672844496,-79.66266315972483,5.884,-173.81664634778534,False,0,-90.96317452513654,-80.09989271975834,-123.3188370934626,-96.82488160102352,-127.6056430263006,-105.92622614558628,-130.98925612842118
nls_nevo,Waves,Neve 5116 console channel,console-neve,drive_12,full,,100.0,-6.0,9.89466321274518,-20.09197966803102,5.112,-128.3525315698485,True,0,-22.986466914819616,-24.491770840454514,-30.30220159209085,-38.520596870484034,-54.938635091379254,-41.63488843294705,-42.016614850064286
nls_nevo,Waves,Neve 5116 console channel,console-neve,drive_12,full,,100.0,-60.0,0.005217971547338508,-85.64996586718269,5.884,-179.8179010295815,False,0,-96.67957283783164,-86.11401410178915,-123.3876654463014,-102.7398574863864,-127.55255686569159,-111.43188235252497,-130.9774290319265
nls_nevo,Waves,Neve 5116 console channel,console-neve,drive_12,full,,100.0,-9.0,0.8057260154716382,-41.87625227053786,5.906,-128.79265289670562,False,0,-51.37482056191283,-42.713776090916156,-74.04674975488514,-54.520895477806036,-87.60511053883164,-62.77811517306922,-97.53990680728755
nls_nevo,Waves,Neve 5116 console channel,console-neve,drive_12,full,,100.0,0.0,26.312274318277485,-11.596832235405287,0.339,-127.81589665024546,True,0,-25.335914854609307,-12.275429295199354,-28.18544251503226,-22.746532984815587,-37.957211837651855,-44.86603410754367,-41.95045809399539
nls_nevo,Waves,Neve 5116 console channel,console-neve,drive_12,full,,100.0,3.0,32.118931307005,-9.864778268609317,-2.51,-127.23649164462222,True,0,-28.425234196604094,-10.94203893373152,-28.755041931705684,-17.90792754403426,-31.845825610341446,-25.3778528416124,-38.1691696564678
nls_nevo,Waves,Neve 5116 console channel,console-neve,drive_12,full,,1000.0,-12.0,0.11689619204196056,-58.643992719808516,5.627,-131.8230445385435,False,0,-69.64471485603802,-59.154135163135166,-102.1646594357048,-74.16566106146207,-116.0231629581946,-83.43467921179503,-126.50551857834749
nls_nevo,Waves,Neve 5116 console channel,console-neve,drive_12,full,,1000.0,-15.0,0.08852116474707622,-61.059057606621735,5.614,-134.83380612817015,False,0,-72.22310043548872,-61.53970633261598,-107.39391616631835,-77.02859411086577,-119.55755040229545,-86.34631728362642,-126.04019042835247
nls_nevo,Waves,Neve 5116 console channel,console-neve,drive_12,full,,1000.0,-18.0,0.06584369460677597,-63.62971616153003,5.605,-137.84489558491052,False,0,-74.91399102961918,-64.08949650608065,-112.70709325396538,-79.95319116867033,-122.11838194794986,-89.273415683373,-125.56043876677532
nls_nevo,Waves,Neve 5116 console channel,console-neve,drive_12,full,,1000.0,-21.0,0.04831695245183387,-66.31800932511074,5.598,-140.8519476265296,False,0,-77.69065254331562,-66.76297601038388,-117.86444994020093,-82.91545739949045,-123.74871263020952,-92.1993826353919,-125.27867082977292
nls_nevo,Waves,Neve 5116 console channel,console-neve,drive_12,full,,1000.0,-24.0,0.03510010785705327,-69.09383098028403,5.593,-143.85413295940464,False,0,-80.53180820481678,-69.52821196979029,-122.35428053206576,-85.90143884890573,-124.68046341810035,-95.11205100888506,-125.13254660339334
nls_nevo,Waves,Neve 5116 console channel,console-neve,drive_12,full,,1000.0,-27.0,0.025310072086807495,-71.93413235810863,5.589,-146.85725151944064,False,0,-83.42142028474841,-72.36085816773543,-125.44849119182396,-88.90355557751323,-125.18248051735719,-97.99917685758437,-125.0585489809226
nls_nevo,Waves,Neve 5116 console channel,console-neve,drive_12,full,,1000.0,-3.0,19.343491496491374,-14.269302662141804,2.959,-128.59103863851382,True,0,-21.217541786429926,-15.468239202676383,-33.29151443130522,-56.373259652234886,-33.78087660296911,-34.938402707825944,-35.837568104289275
nls_nevo,Waves,Neve 5116 console channel,console-neve,drive_12,full,,1000.0,-30.0,0.018151476618842134,-74.82176078850227,5.587,-149.85884311648556,False,0,-86.34772333378581,-75.24285149882809,-126.98681745557657,-91.91860845811574,-125.43365927665977,-100.84601156454173,-125.02238873510021
nls_nevo,Waves,Neve 5116 console channel,console-neve,drive_12,full,,1000.0,-36.0,0.009233675723037344,-80.69250762963385,5.583,-155.86260293786938,False,0,-92.28134051248287,-81.10589779012999,-127.82146597468385,-97.98999493200799,-125.6096212731532,-106.35452865606666,-124.99899072472884
nls_nevo,Waves,Neve 5116 console channel,console-neve,drive_12,full,,1000.0,-42.0,0.004653210558192617,-86.64494590316139,5.582,-161.86558073046984,False,0,-98.30315667389354,-87.0532040067166,-127.93046936927499,-104.13980805248505,-125.65808204484611,-111.44662160847636,-125.00305871004045
nls_nevo,Waves,Neve 5116 console channel,console-neve,drive_12,full,,1000.0,-48.0,0.0023299748077230584,-92.6529754930076,5.581,-167.86291561354204,False,0,-104.42605242352454,-93.05944402876639,-127.96097593084505,-110.42165392555674,-125.66178206382041,-115.86405260834057,-125.00761266622075
nls_nevo,Waves,Neve 5116 console channel,console-neve,drive_12,full,,1000.0,-54.0,0.0011605117556707995,-98.70700911799838,5.58,-173.8638921101969,False,0,-110.7190907054013,-99.12796247233547,-127.9589539595281,-116.86536790064153,-125.65528410462613,-119.35273492440821,-124.99394771141806
nls_nevo,Waves,Neve 5116 console channel,console-neve,drive_12,full,,1000.0,-6.0,10.25576569110678,-19.78063819687528,4.961,-128.67836635826453,False,0,-22.13865109306107,-25.152503389081442,-29.711739151648153,-37.65367555925639,-65.1208705959385,-42.85010682206398,-42.137061517655845
nls_nevo,Waves,Neve 5116 console channel,console-neve,drive_12,full,,1000.0,-60.0,0.0005770451403214723,-104.77580424205968,5.58,-179.865879093242,False,0,-117.35275483147217,-105.29238457828185,-127.9685730042168,-123.12524937045819,-125.66478769602622,-121.80199089354443,-124.9989820998821
nls_nevo,Waves,Neve 5116 console channel,console-neve,drive_12,full,,1000.0,-9.0,0.15083052316760506,-56.43021525130425,5.642,-128.80765968273994,False,0,-67.21083391298538,-56.98207009295187,-97.14486782836767,-71.40193095888286,-111.72218903125922,-80.5625180111352,-125.17906266719831
nls_nevo,Waves,Neve 5116 console channel,console-neve,drive_12,full,,1000.0,0.0,27.13562931328769,-11.329202041396002,0.315,-128.5811951476514,True,0,-23.443599070707464,-12.080268365716408,-27.29289472169091,-22.970685044444092,-37.82612777571214,-50.634713041233,-40.74805676891959
nls_nevo,Waves,Neve 5116 console channel,console-neve,drive_12,full,,1000.0,3.0,33.15368819599449,-9.58936302598605,-2.525,-128.54945693003367,True,0,-26.22344264489234,-10.682893939977467,-27.626893569926825,-17.793808027154547,-31.033403270635947,-25.573319548069698,-37.569404273723094
nls_nevo,Waves,Neve 5116 console channel,console-neve,drive_3,curve,,1000.0,-12.0,0.0034023475253321576,-89.36442656799227,0.672,-137.05401332638667,False,0,-100.75886208666617,-89.82565322081373,-126.96012378080982,-105.7575944691084,-125.67829277292331,-112.72433906411202,-125.31049032749918
nls_nevo,Waves,Neve 5116 console channel,console-neve,drive_3,curve,,1000.0,-15.0,0.0024930269567074318,-92.06546051026152,0.671,-140.0540352422417,False,0,-103.60411009281609,-92.51255028412689,-127.5742889108799,-108.78243262463066,-125.78898611457186,-114.92282494589836,-125.28771030502901
nls_nevo,Waves,Neve 5116 console channel,console-neve,drive_3,curve,,1000.0,-18.0,0.001806287407245029,-94.86426291600134,0.671,-143.0529710361846,False,0,-106.5481496367531,-95.30448132032214,-127.85217300189068,-111.8361101916198,-125.84634096074316,-116.90896254510108,-125.27949804230103
nls_nevo,Waves,Neve 5116 console channel,console-neve,drive_3,curve,,1000.0,-21.0,0.0012975648564597646,-97.73741851007338,0.671,-146.05478299241193,False,0,-109.5880831903677,-98.18000920206971,-127.99419966341642,-114.89215812951707,-125.87702614993356,-118.65718877119912,-125.273902357661
nls_nevo,Waves,Neve 5116 console channel,console-neve,drive_3,curve,,1000.0,-24.0,0.0009262156138090845,-100.6657580420105,0.671,-149.0557377071735,False,0,-112.733669526037,-101.1260124808738,-128.0489968703651,-117.9093371156612,-125.877937476975,-120.14735543311622,-125.26506034614643
nls_nevo,Waves,Neve 5116 console channel,console-neve,drive_3,curve,,1000.0,-27.0,0.0006584796772604329,-103.62915248359138,0.671,-152.05482028603194,False,0,-116.00627086199735,-104.13662533022895,-128.08609725662433,-120.77447023970983,-125.88963264965699,-121.38735679102476,-125.26896042945418
nls_nevo,Waves,Neve 5116 console channel,console-neve,drive_3,curve,,1000.0,-3.0,0.5966322142886442,-44.48586602483977,0.651,-128.25034952520633,False,0,-51.86625152281981,-52.14497862053012,-52.387141223812,-52.836596448375566,-53.34388951032048,-53.958819790447365,-54.73292665806407
nls_nevo,Waves,Neve 5116 console channel,console-neve,drive_3,curve,,1000.0,-30.0,0.00046757165845046767,-106.60303642375403,0.671,-155.0546835755653,False,0,-119.46321307735333,-107.21819390451778,-128.10284719652282,-123.30045221313043,-125.89163275316416,-122.3772240511507,-125.26737185911898
nls_nevo,Waves,Neve 5116 console channel,console-neve,drive_3,curve,,1000.0,-36.0,0.00024213768229500236,-112.31875237809524,0.67,-161.05440602998212,False,0,-127.37471676111058,-113.6427115742866,-128.09733641918874,-126.44016923820385,-125.88750729265853,-123.76321372519033,-125.26593748540847
nls_nevo,Waves,Neve 5116 console channel,console-neve,drive_3,curve,,1000.0,-42.0,0.00014579457913542344,-116.72517246896714,0.67,-167.05543955114834,False,0,-139.38709742602447,-120.63777462503238,-128.1111339657988,-127.20185948018081,-125.89306977826288,-124.54859413779475,-125.26652821723695
nls_nevo,Waves,Neve 5116 console channel,console-neve,drive_3,curve,,1000.0,-48.0,0.00011669741699288911,-118.65877513241733,0.67,-173.05422214957798,False,0,-144.8898550280332,-128.61988783247764,-128.11286497788277,-127.12530088859452,-125.89545189033197,-124.96569178368914,-125.2745211122178
nls_nevo,Waves,Neve 5116 console channel,console-neve,drive_3,curve,,1000.0,-54.0,0.00011230933249243724,-118.99168307930042,0.67,-179.0549919952801,False,0,-137.22288824913147,-135.17348475414238,-128.1174839093329,-126.98078155455588,-125.9008393884247,-125.18613084744466,-125.26690947877916
nls_nevo,Waves,Neve 5116 console channel,console-neve,drive_3,curve,,1000.0,-6.0,0.006039774635714813,-84.37958532125771,0.673,-131.05065126754516,False,0,-95.41586500408658,-84.89391856263212,-123.53167613480692,-99.88508413813551,-125.06988252526924,-107.8659513665997,-125.47464404129899
nls_nevo,Waves,Neve 5116 console channel,console-neve,drive_3,curve,,1000.0,-60.0,0.00011330420222649001,-118.91507965446496,0.67,-185.05462390211147,False,0,-134.96745339724097,-133.80969241641876,-128.1040787720953,-126.88211301538601,-125.8899936192368,-125.2939753373993,-125.26638958279815
nls_nevo,Waves,Neve 5116 console channel,console-neve,drive_3,curve,,1000.0,-9.0,0.0045762047503018445,-86.78989104821262,0.672,-134.05374730344332,False,0,-98.02225607613329,-87.27284105829841,-125.73962276279106,-102.78438897993001,-125.47376701646292,-110.35871674757868,-125.37203803131288
nls_nevo,Waves,Neve 5116 console channel,console-neve,drive_3,curve,,1000.0,0.0,11.543735671695131,-18.753072525398846,-0.288,-128.35733993006258,True,0,-21.263960540025874,-23.37777170224511,-30.840830244203,-37.11134306407193,-41.013487418312835,-43.93428048572402,-39.26242686245654
nls_nevo,Waves,Neve 5116 console channel,console-neve,drive_3,curve,,1000.0,3.0,20.555000630766656,-13.741650111130692,-2.522,-128.37499948440464,True,0,-21.54093194643828,-14.754276948508187,-31.41014945561341,-39.445974834116136,-36.16781139844227,-34.62761918189726,-34.5391814706096
nls_nevo,Waves,Neve 5116 console channel,console-neve,drive_6,full,,100.0,-12.0,0.07867238517127445,-62.08355365582161,1.344,-136.42379815107824,False,0,-72.7121436478443,-62.66664411183534,-101.45568728771102,-76.67363265061286,-118.38649300749154,-85.80713201412576,-129.37676994498415
nls_nevo,Waves,Neve 5116 console channel,console-neve,drive_6,full,,100.0,-15.0,0.06191134239088108,-64.16459558615063,1.342,-139.4297152551478,False,0,-75.058506612466,-64.69608831642336,-106.5298386607816,-79.36529288532046,-125.19946784102552,-88.67712084525358,-134.52049639326148
nls_nevo,Waves,Neve 5116 console channel,console-neve,drive_6,full,,100.0,-18.0,0.0474540047065828,-66.47454262002108,1.34,-142.43587082874444,False,0,-77.56812181064147,-66.96939920464135,-112.04972635147615,-82.18306754757614,-133.52140848345624,-91.61337011931467,-136.4890071424316
nls_nevo,Waves,Neve 5116 console channel,console-neve,drive_6,full,,100.0,-21.0,0.03562889311650244,-68.96395339348611,1.339,-145.43891457594566,False,0,-80.2070663198949,-69.43273175088999,-118.12213138855226,-85.0794364758788,-142.3263799764657,-94.58930649641614,-136.38657535466712
nls_nevo,Waves,Neve 5116 console channel,console-neve,drive_6,full,,100.0,-24.0,0.026331898832046265,-71.59035644298643,1.338,-148.44281865782406,False,0,-82.9461308738133,-72.04041224000056,-125.12087194121791,-88.0227594080899,-139.89154406940548,-97.59009237697931,-136.1197200416382
nls_nevo,Waves,Neve 5116 console channel,console-neve,drive_6,full,,100.0,-27.0,0.01923252923564214,-74.31927197424947,1.337,-151.44338969336783,False,0,-85.76179385483998,-74.75565888590056,-134.34320905083155,-90.99302587123381,-137.42117814681552,-100.60993679309783,-135.91389687657053
nls_nevo,Waves,Neve 5116 console channel,console-neve,drive_6,full,,100.0,-3.0,4.089226712010221,-27.767176218624208,1.132,-128.46611089952395,False,0,-32.42380729846859,-33.158142330843745,-35.20637717980892,-37.27116500227156,-40.546063613998406,-44.832513078737,-51.82711807581007
nls_nevo,Waves,Neve 5116 console channel,console-neve,drive_6,full,,100.0,-30.0,0.013925767716733772,-77.12361706355071,1.336,-154.44363950323884,False,0,-88.63611291396325,-77.54970649907695,-147.87122009393303,-93.97846359609844,-136.33304305560313,-103.64660372126686,-135.8367420289236
nls_nevo,Waves,Neve 5116 console channel,console-neve,drive_6,full,,100.0,-36.0,0.007176815937621396,-82.88136383779039,1.336,-160.44568716876657,False,0,-94.51301718545123,-83.29226057996551,-136.35243348689076,-99.97225698305705,-135.7069592023762,-109.78568378701901,-135.806558540961
nls_nevo,Waves,Neve 5116 console channel,console-neve,drive_6,full,,100.0,-42.0,0.0036502088532167185,-88.75364571796852,1.335,-166.44632366692719,False,0,-100.52347936093916,-89.15074158547196,-134.5953833235127,-105.98210335228944,-135.59171720930868,-116.07561574910648,-135.82681470749276
nls_nevo,Waves,Neve 5116 console channel,console-neve,drive_6,full,,100.0,-48.0,0.0018454059318065133,-94.67816175484,1.335,-172.44558655131274,False,0,-106.67518809178739,-95.05705795970658,-134.2414603561892,-111.99739985686664,-135.5902385386155,-122.63635523779215,-135.7999496270582
nls_nevo,Waves,Neve 5116 console channel,console-neve,drive_6,full,,100.0,-54.0,0.0009317467205487533,-100.61404254298955,1.335,-178.44589890372023,False,0,-113.03517334173088,-100.96592137552312,-134.17813572626278,-118.00235312128216,-135.5817919727387,-129.62289797573172,-135.81718306908112
nls_nevo,Waves,Neve 5116 console channel,console-neve,drive_6,full,,100.0,-6.0,0.11453610742570014,-58.821151614302785,1.35,-130.41753927169037,False,0,-68.65209797513272,-59.578344816700486,-92.64251274544826,-71.94143871386129,-107.0653665708353,-80.4660698650202,-117.39190414760088
nls_nevo,Waves,Neve 5116 console channel,console-neve,drive_6,full,,100.0,-60.0,0.00047255804321570915,-106.51089680975595,1.335,-184.4473763392423,False,0,-119.7463996324621,-106.83006382250133,-134.2155981087269,-123.8954867187654,-135.6355452753395,-136.3802759027522,-135.82848835607732
nls_nevo,Waves,Neve 5116 console channel,console-neve,drive_6,full,,100.0,-9.0,0.09677217232540397,-60.2849901974243,1.347,-133.42047517138792,False,0,-70.56524382561935,-60.94064415202091,-96.81748491513753,-74.17259335992435,-112.41885396268896,-83.04847113404594,-123.2599647462767
nls_nevo,Waves,Neve 5116 console channel,console-neve,drive_6,full,,100.0,0.0,14.1097782179095,-17.009596251482954,-0.168,-128.16148614669464,True,0,-20.93363002427212,-19.67610883603427,-39.665427051583556,-35.02608858993261,-32.591985179945596,-43.47465202672027,-42.93718056714135
nls_nevo,Waves,Neve 5116 console channel,console-neve,drive_6,full,,100.0,3.0,22.864010145675465,-12.816951916784728,-2.598,-127.88476991087258,True,0,-22.221199731085534,-13.610727980291745,-29.49625703492891,-30.14978573579494,-45.01156385381567,-35.89637606315701,-34.45781215521375
nls_nevo,Waves,Neve 5116 console channel,console-neve,drive_6,full,,1000.0,-12.0,0.011072090534570344,-79.11540743443787,1.354,-136.3508344736312,False,0,-90.38901427279046,-79.58136873222435,-123.60355010665707,-95.35088301017612,-125.10578993822129,-103.96202505425371,-125.41191007455792
nls_nevo,Waves,Neve 5116 console channel,console-neve,drive_6,full,,1000.0,-15.0,0.00815323965385773,-81.77339583935697,1.353,-139.35092770180427,False,0,-93.16039120300225,-82.22194689630757,-125.91888008349355,-98.331908486821,-125.48534922281577,-106.6487445049234,-125.32266275604465
nls_nevo,Waves,Neve 5116 console channel,console-neve,drive_6,full,,1000.0,-18.0,0.005935220757657628,-84.53126246072686,1.352,-142.35215296598633,False,0,-96.01061974958164,-84.9673747594573,-127.11918001081672,-101.34805266082708,-125.68636925368148,-109.24057497255791,-125.28427499194648
nls_nevo,Waves,Neve 5116 console channel,console-neve,drive_6,full,,1000.0,-21.0,0.004283299681757596,-87.36443078112976,1.352,-145.35317070900012,False,0,-98.92642364139441,-87.79172420995975,-127.6637195951897,-104.39236099790675,-125.78544934425301,-111.69738623476974,-125.25899904263683
nls_nevo,Waves,Neve 5116 console channel,console-neve,drive_6,full,,1000.0,-24.0,0.003070911045753716,-90.25465526930094,1.351,-148.35360851919594,False,0,-101.8988655184402,-90.67614540319977,-127.90375775873953,-107.46447274861309,-125.8315853244364,-113.98976614407093,-125.24737050165102
nls_nevo,Waves,Neve 5116 console channel,console-neve,drive_6,full,,1000.0,-27.0,0.0021904439444111337,-93.1893571272274,1.351,-151.35361183537194,False,0,-104.92618643037916,-93.60846976580288,-128.00456980204902,-110.55931978981648,-125.85662047866501,-116.07969861772376,-125.250235410165
nls_nevo,Waves,Neve 5116 console channel,console-neve,drive_6,full,,1000.0,-3.0,3.5198009752669104,-29.069637854227214,1.175,-128.39123189076543,False,0,-33.84136548340043,-34.910980394282355,-36.32859278268103,-38.331220711584784,-41.017891251254966,-44.6493185177355,-49.964810262914945
nls_nevo,Waves,Neve 5116 console channel,console-neve,drive_6,full,,1000.0,-30.0,0.0015560541225632758,-96.15950602967986,1.351,-154.35289499647294,False,0,-108.01405824126925,-96.5814611463159,-128.06357293257116,-113.66955792320911,-125.86266283870188,-117.93052523687305,-125.24358313727085
nls_nevo,Waves,Neve 5116 console channel,console-neve,drive_6,full,,1000.0,-36.0,0.0007785227639967601,-102.17457368288984,1.35,-160.3547567669188,False,0,-114.43820349558045,-102.641515385967,-128.09585784185614,-119.7854568337647,-125.87447373191502,-120.88058304946412,-125.24589732682543
nls_nevo,Waves,Neve 5116 console channel,console-neve,drive_6,full,,1000.0,-42.0,0.0003896998153305173,-108.18539600018192,1.35,-166.35580412189202,False,0,-121.45262005837168,-108.89069447897549,-128.10086512775422,-124.82630584465832,-125.87636922401344,-122.84417509980392,-125.24569442850736
nls_nevo,Waves,Neve 5116 console channel,console-neve,drive_6,full,,1000.0,-48.0,0.00020606824867029695,-113.71977839727137,1.35,-172.3534437854462,False,0,-130.0100307939524,-115.46162899188272,-128.0951961588996,-127.10962044038013,-125.8694291876445,-124.0248013231855,-125.24405712357996
nls_nevo,Waves,Neve 5116 console channel,console-neve,drive_6,full,,1000.0,-54.0,0.00013350848346947874,-117.48982274487594,1.35,-178.35384548661744,False,0,-145.93582406474522,-122.64418786949248,-128.12037838617823,-127.3537837354611,-125.88286294402108,-124.67610393155658,-125.24210704264257
nls_nevo,Waves,Neve 5116 console channel,console-neve,drive_6,full,,1000.0,-6.0,0.01941995153688771,-74.23503716444957,1.358,-130.34584162060455,False,0,-85.17207592404104,-74.75958830762572,-115.77925888014678,-89.56859832811597,-123.1000434696027,-98.43075605917102,-125.91495959429038
nls_nevo,Waves,Neve 5116 console channel,console-neve,drive_6,full,,1000.0,-60.0,0.00011452701278971904,-118.82184133689451,1.35,-184.35504603622337,False,0,-141.51750885625012,-130.62800319296576,-128.1065951284897,-127.15582137167799,-125.88542426649144,-125.02783650575849,-125.2461340497465
nls_nevo,Waves,Neve 5116 console channel,console-neve,drive_6,full,,1000.0,-9.0,0.014809534174088203,-76.58917203525402,1.356,-133.34870144210578,False,0,-87.71721730116064,-77.07948147272029,-120.07608768368799,-92.42118299427234,-124.38089724479461,-101.2115386231699,-125.58506497875553
nls_nevo,Waves,Neve 5116 console channel,console-neve,drive_6,full,,1000.0,0.0,13.783732525178777,-17.21266326019356,-0.06,-128.38668602074694,True,0,-20.793650670322855,-20.185329572696048,-37.92651521794091,-35.05795619732655,-32.94236997320783,-44.85762691740056,-41.349380281107585
nls_nevo,Waves,Neve 5116 console channel,console-neve,drive_6,full,,1000.0,3.0,22.61305700337735,-12.91281444972816,-2.472,-128.40362772165088,True,0,-22.03969755032719,-13.743229764886566,-29.313273125382644,-31.135668580407838,-43.406456999099355,-35.60216481159683,-34.14205916676786
nls_nevo,Waves,Neve 5116 console channel,console-neve,drive_9,curve,,1000.0,-12.0,0.035726800123993346,-68.9401175940729,3.604,-134.03647491522509,False,0,-80.0824105618541,-69.42549546165338,-114.25515173075867,-84.83920590634008,-122.66330347796007,-93.99055680664416,-125.7993333056134
nls_nevo,Waves,Neve 5116 console channel,console-neve,drive_9,curve,,1000.0,-15.0,0.02663749534736671,-71.49013226267404,3.6,-137.04031428884238,False,0,-82.76314234707138,-71.95297878135713,-119.02119913150713,-87.76638677021657,-124.12299962009445,-96.86506497072659,-125.4895558967813
nls_nevo,Waves,Neve 5116 console channel,console-neve,drive_9,curve,,1000.0,-18.0,0.0195796113738381,-74.1639186509361,3.597,-140.04287450030733,False,0,-85.53501084505834,-74.61068256759174,-123.03770408986253,-90.73638110577934,-124.94778499484073,-99.71772134166937,-125.33218184588088
nls_nevo,Waves,Neve 5116 console channel,console-neve,drive_9,curve,,1000.0,-21.0,0.014238965216580416,-76.93043141771676,3.595,-143.04557170695546,False,0,-88.37644598074257,-77.36563525492451,-125.73418957157699,-93.7345274138,-125.39093102000619,-102.52680923464732,-125.25288739569947
nls_nevo,Waves,Neve 5116 console channel,console-neve,drive_9,curve,,1000.0,-24.0,0.010273290667721216,-79.7658084797077,3.594,-146.04557584082644,False,0,-91.27201360036665,-80.19254250192515,-127.0760074473639,-96.7542264199244,-125.61117691570168,-105.27339427436942,-125.21158814536213
nls_nevo,Waves,Neve 5116 console channel,console-neve,drive_9,curve,,1000.0,-27.0,0.007368479761534721,-82.65244209975313,3.593,-149.04590857704227,False,0,-94.21069820568376,-83.07287853850339,-127.63933001565574,-99.79326289103041,-125.71326615382999,-107.92994693017042,-125.19352883906983
nls_nevo,Waves,Neve 5116 console channel,console-neve,drive_9,curve,,1000.0,-3.0,12.016409187467422,-18.40450582644953,2.602,-128.4643216429247,True,0,-21.059588186833608,-22.68349984307629,-31.77047563665778,-36.413930202635164,-38.16853700319217,-45.00069904696333,-38.66519657288701
nls_nevo,Waves,Neve 5116 console channel,console-neve,drive_9,curve,,1000.0,-30.0,0.005261496533647944,-85.57781422770299,3.592,-152.04830600915452,False,0,-97.18604884394296,-85.99355001275234,-127.89822801248569,-102.85290382470944,-125.78473556245733,-110.46644764161937,-125.19288620304293
nls_nevo,Waves,Neve 5116 console channel,console-neve,drive_9,curve,,1000.0,-36.0,0.0026569192191450747,-91.51243299318593,3.591,-158.0484687118622,False,0,-103.24257394589678,-91.92300626276702,-128.03922039219867,-109.05319819637496,-125.8113678443294,-115.0523641055421,-125.18391404179536
nls_nevo,Waves,Neve 5116 console channel,console-neve,drive_9,curve,,1000.0,-42.0,0.001329013743383835,-97.52941055955165,3.59,-164.04925118474932,False,0,-109.47549317853156,-97.9483526651764,-128.0614483594614,-115.36467602229486,-125.82532358468643,-118.76030702362179,-125.18548941977113
nls_nevo,Waves,Neve 5116 console channel,console-neve,drive_9,curve,,1000.0,-48.0,0.0006609749364157786,-103.59630016528556,3.59,-170.04913317298045,False,0,-116.02684115290991,-104.08320327046567,-128.07603383893257,-121.55058298880489,-125.82390697826449,-121.44632937953425,-125.18148107771441
nls_nevo,Waves,Neve 5116 console channel,console-neve,drive_9,curve,,1000.0,-54.0,0.0003322464066744123,-109.57079414720278,3.59,-176.04909146958036,False,0,-123.28391773405414,-110.39757052691158,-128.07755145567083,-126.16517842230314,-125.82281549749308,-123.17254150182515,-125.18167377561363
nls_nevo,Waves,Neve 5116 console channel,console-neve,drive_9,curve,,1000.0,-6.0,1.154478207238582,-38.752285214491884,3.568,-128.37042016958364,False,0,-45.472069574416274,-46.022586857068916,-46.350312829284164,-47.18974444364544,-48.00180438309346,-48.98168884032834,-50.37581885480283
nls_nevo,Waves,Neve 5116 console channel,console-neve,drive_9,curve,,1000.0,-60.0,0.00018172339402903594,-114.81178321017083,3.59,-182.0498924007816,False,0,-132.52745255852133,-117.04953531824744,-128.0758284728859,-127.62252729269754,-125.83124748140523,-124.19236705367916,-125.18271914243735
nls_nevo,Waves,Neve 5116 console channel,console-neve,drive_9,curve,,1000.0,-9.0,0.04702771668743631,-66.55292213637738,3.609,-131.03248572115805,False,0,-77.51957052147341,-67.07005507196378,-109.28837683698582,-81.98032627645841,-120.35283981317826,-91.11774512990789,-126.37677605009607
nls_nevo,Waves,Neve 5116 console channel,console-neve,drive_9,curve,,1000.0,0.0,21.007867534247335,-13.552360594062593,0.339,-128.47155616771852,True,0,-21.61577476066033,-14.52153778374141,-30.830654741823192,-37.11691082317111,-37.171377242657016,-34.60892105723205,-34.247673049628624
nls_nevo,Waves,Neve 5116 console channel,console-neve,drive_9,curve,,1000.0,3.0,28.392932754456666,-10.935794922786977,-2.37,-128.40287202668517,True,0,-23.989561307227625,-11.726287493512451,-27.19955250388027,-21.51847460834091,-35.19818781517968,-38.223529999716945,-47.64923664138188
nls_nevo,Waves,Neve 5116 console channel,console-neve,matched_thd_0.1_pct,full,thd_0.1_pct,100.0,-12.0,0.6058495995516909,-44.352703496595744,5.596,-132.10559167654787,False,0,-54.4158295875833,-45.0555684099935,-79.39787655754276,-57.86580129916774,-94.03475271696267,-66.56558084042403,-104.5843734285475
nls_nevo,Waves,Neve 5116 console channel,console-neve,matched_thd_0.1_pct,full,thd_0.1_pct,100.0,-15.0,0.5017900848629273,-45.98955848784391,5.59,-135.11139443857533,False,0,-56.446115882217896,-46.60686357734108,-83.72182229383093,-60.24091018544111,-99.24727766245476,-69.23801898623749,-110.29726987087456
nls_nevo,Waves,Neve 5116 console channel,console-neve,matched_thd_0.1_pct,full,thd_0.1_pct,100.0,-18.0,0.40104237964925915,-47.93619462862836,5.585,-138.11748176271468,False,0,-58.693247145576635,-48.49268859004751,-88.41820460296955,-62.844954162286825,-104.69300289064054,-72.04938061226359,-116.21055037554954
nls_nevo,Waves,Neve 5116 console channel,console-neve,matched_thd_0.1_pct,full,thd_0.1_pct,100.0,-21.0,0.31121897885929356,-50.13867853168438,5.582,-141.1217121393868,False,0,-61.12071980054281,-50.65220236088156,-93.40098981211227,-65.60513726648256,-110.20652687569176,-74.94362701926717,-122.12336372889483
nls_nevo,Waves,Neve 5116 console channel,console-neve,matched_thd_0.1_pct,full,thd_0.1_pct,100.0,-24.0,0.235916218131454,-52.544844047664114,5.579,-144.1240755438002,False,0,-63.69230844099042,-53.02813773824298,-98.56933643598796,-68.46534082436395,-115.55499816790038,-77.88415539887302,-127.5174172195892
nls_nevo,Waves,Neve 5116 console channel,console-neve,matched_thd_0.1_pct,full,thd_0.1_pct,100.0,-27.0,0.17562086184787962,-55.10847791811206,5.578,-147.12489333132655,False,0,-66.3753551451998,-55.57060297918366,-103.7955054830011,-71.3861115446962,-120.39401043984941,-80.84873638747708,-131.24556372699126
nls_nevo,Waves,Neve 5116 console channel,console-neve,matched_thd_0.1_pct,full,thd_0.1_pct,100.0,-3.0,17.922375684010774,-14.93208846705767,2.968,-128.1361379231041,True,0,-22.393268971152864,-15.996174269548726,-35.20295463878365,-52.84541358270454,-33.49040464097898,-35.471530024188674,-37.48405888714081
nls_nevo,Waves,Neve 5116 console channel,console-neve,matched_thd_0.1_pct,full,thd_0.1_pct,100.0,-30.0,0.12895689583246356,-57.79110858941763,5.576,-150.12811821408638,False,0,-69.1422329113879,-58.23851918801415,-108.90160578629255,-74.3418815667946,-124.2790429701181,-83.82447007043744,-132.8202814478041
nls_nevo,Waves,Neve 5116 console channel,console-neve,matched_thd_0.1_pct,full,thd_0.1_pct,100.0,-36.0,0.06762389912741186,-63.397995837125414,5.575,-156.12829047695897,False,0,-74.84273505225255,-63.828649704044594,-117.67149110509433,-80.30200069733573,-128.36672109420772,-89.78092224189305,-133.25995784209545
nls_nevo,Waves,Neve 5116 console channel,console-neve,matched_thd_0.1_pct,full,thd_0.1_pct,100.0,-42.0,0.03468047933322386,-69.19829817181994,5.574,-162.12963193865707,False,0,-80.66600025303077,-69.62282289693847,-122.79204088079872,-86.28327559480603,-129.38084909702175,-95.71519823068117,-133.19072455711432
nls_nevo,Waves,Neve 5116 console channel,console-neve,matched_thd_0.1_pct,full,thd_0.1_pct,100.0,-48.0,0.017578708000546502,-75.10026095709128,5.574,-168.12997184184152,False,0,-86.52978138707203,-75.52627733947337,-124.60924920644075,-92.26202578874997,-129.49193113611125,-101.59029255234239,-133.12238989202527
nls_nevo,Waves,Neve 5116 console channel,console-neve,matched_thd_0.1_pct,full,thd_0.1_pct,100.0,-54.0,0.008854412469478885,-81.05680501862241,5.574,-174.1272088143599,False,0,-92.3667068258986,-81.49308182428315,-125.03266277742972,-98.22314626208792,-129.4694469325929,-107.34660354445438,-133.09582597871523
nls_nevo,Waves,Neve 5116 console channel,console-neve,matched_thd_0.1_pct,full,thd_0.1_pct,100.0,-6.0,9.063653940846557,-20.85393369230593,4.921,-128.50484146415837,True,0,-23.949120468635062,-25.257402817361122,-30.384732255438898,-36.932538309478154,-55.79447858969192,-44.41609832470149,-43.00869126508836
nls_nevo,Waves,Neve 5116 console channel,console-neve,matched_thd_0.1_pct,full,thd_0.1_pct,100.0,-60.0,0.004443836636187145,-87.0448382984332,5.573,-180.12825079267827,False,0,-98.09242971610999,-87.50693909059868,-125.09841879005448,-104.1401195747941,-129.41153591911166,-112.87643836663648,-133.07877118361657
nls_nevo,Waves,Neve 5116 console channel,console-neve,matched_thd_0.1_pct,full,thd_0.1_pct,100.0,-9.0,0.7018849693178162,-43.074681155808335,5.603,-129.10132489104487,False,0,-52.634278156772396,-43.89697486816472,-75.51879919502512,-55.80375543571656,-89.18767968543065,-64.10889908719466,-99.18637558628241
nls_nevo,Waves,Neve 5116 console channel,console-neve,matched_thd_0.1_pct,full,thd_0.1_pct,100.0,0.0,25.742553831266942,-11.786967408299024,0.334,-127.82864209679789,True,0,-24.76064633270414,-12.452164116800418,-28.23048776003816,-23.61174715865738,-39.89201674838028,-57.12615016124931,-39.637506784270286
nls_nevo,Waves,Neve 5116 console channel,console-neve,matched_thd_0.1_pct,full,thd_0.1_pct,100.0,3.0,31.76021446067842,-9.962331473277441,-2.501,-127.27577097212354,True,0,-27.739130282940003,-10.996790183365059,-28.49640895549214,-18.20091327639301,-31.985375790921772,-26.199805387647604,-39.266620776591296
nls_nevo,Waves,Neve 5116 console channel,console-neve,matched_thd_0.1_pct,full,thd_0.1_pct,1000.0,-12.0,0.0996262804328685,-60.0325216770146,5.379,-132.10844370009798,False,0,-71.05357909485697,-60.538983192702034,-103.83347950028838,-75.6075373122252,-117.20051294731229,-84.87316066158753,-126.52953385499623
nls_nevo,Waves,Neve 5116 console channel,console-neve,matched_thd_0.1_pct,full,thd_0.1_pct,1000.0,-15.0,0.07526865250638078,-62.46771717666582,5.369,-135.1193332615079,False,0,-73.64710236911093,-62.945738255190456,-109.05715621297563,-78.48050343142187,-120.45334970675135,-87.78501564963415,-125.95310488570604
nls_nevo,Waves,Neve 5116 console channel,console-neve,matched_thd_0.1_pct,full,thd_0.1_pct,1000.0,-18.0,0.055886995101944864,-65.05378481277293,5.361,-138.12859000073198,False,0,-76.34978542672454,-65.51167320095279,-114.31795744146781,-81.41178126285189,-122.71811542598805,-90.70831385359497,-125.50889080642622
nls_nevo,Waves,Neve 5116 console channel,console-neve,matched_thd_0.1_pct,full,thd_0.1_pct,1000.0,-21.0,0.04095569667277801,-67.75371364291439,5.355,-141.13324219610985,False,0,-79.13558214547017,-68.19729504922493,-119.31482524573451,-84.37886770077468,-124.11373218060795,-93.62674712958928,-125.27239363837113
nls_nevo,Waves,Neve 5116 console channel,console-neve,matched_thd_0.1_pct,full,thd_0.1_pct,1000.0,-24.0,0.029722593770231478,-70.53826588278737,5.351,-144.1371685975233,False,0,-81.98406950798883,-70.97158952462547,-123.426537665567,-87.36889843605853,-124.8968133388253,-96.5271302123848,-125.14802470947096
nls_nevo,Waves,Neve 5116 console channel,console-neve,matched_thd_0.1_pct,full,thd_0.1_pct,1000.0,-27.0,0.021416181782381617,-73.38515910953586,5.348,-147.13736712679147,False,0,-84.87959458430346,-73.81105357378695,-126.0195548827258,-90.37461445282588,-125.29724787716998,-99.3959414874221,-125.08931517881528
nls_nevo,Waves,Neve 5116 console channel,console-neve,matched_thd_0.1_pct,full,thd_0.1_pct,1000.0,-3.0,18.375450847699316,-14.715239931116486,2.955,-128.5684360466038,True,0,-21.058611579083227,-16.081730638987466,-35.47686561997392,-46.88866710089008,-32.65718908964832,-35.74714528669996,-37.80059250621705
nls_nevo,Waves,Neve 5116 console channel,console-neve,matched_thd_0.1_pct,full,thd_0.1_pct,1000.0,-30.0,0.015349896833295667,-76.27789078143097,5.345,-150.14097374972604,False,0,-87.81126511167582,-76.69826964218795,-127.23037846467278,-93.39404018905506,-125.50849913772737,-102.21803270196196,-125.05789859965857
nls_nevo,Waves,Neve 5116 console channel,console-neve,matched_thd_0.1_pct,full,thd_0.1_pct,1000.0,-36.0,0.007801590794825306,-82.15633665651629,5.342,-156.14287553124805,False,0,-93.75595717976665,-82.56909638270693,-127.87086432602277,-99.47831447071943,-125.65648062768064,-107.64515428621348,-125.03088733544308
nls_nevo,Waves,Neve 5116 console channel,console-neve,matched_thd_0.1_pct,full,thd_0.1_pct,1000.0,-42.0,0.0039283613446175975,-88.11577142200024,5.341,-162.14554565364963,False,0,-99.79400395974258,-88.52361992994841,-127.95955294692222,-105.6492969168385,-125.69149291774309,-112.60099961773645,-125.03766377727254
nls_nevo,Waves,Neve 5116 console channel,console-neve,matched_thd_0.1_pct,full,thd_0.1_pct,1000.0,-48.0,0.0019651076172927024,-94.1322732180705,5.34,-168.14429195322472,False,0,-105.94737208378578,-94.54010212868792,-127.9814971806411,-111.96262919315083,-125.69542676979486,-116.81597482079617,-125.04199216677408
nls_nevo,Waves,Neve 5116 console channel,console-neve,matched_thd_0.1_pct,full,thd_0.1_pct,1000.0,-54.0,0.0009778648846627007,-100.19442298398687,5.34,-174.1442672692272,False,0,-112.30262085938705,-100.62668775378734,-127.98891483448796,-118.40463873814004,-125.69174009820026,-120.05375022045072,-125.02867655405848
nls_nevo,Waves,Neve 5116 console channel,console-neve,matched_thd_0.1_pct,full,thd_0.1_pct,1000.0,-6.0,9.13684894449953,-20.7840711005664,4.798,-128.65117994838073,False,0,-23.37278175792884,-26.093613445218264,-30.045024302311184,-36.49272920623418,-51.97805975766472,-46.54947115541371,-43.200985723215936
nls_nevo,Waves,Neve 5116 console channel,console-neve,matched_thd_0.1_pct,full,thd_0.1_pct,1000.0,-60.0,0.00048685562772831774,-106.25199610944696,5.34,-180.14591692683126,False,0,-119.07960518573022,-106.82636265388892,-127.97970018301989,-124.37253650888012,-125.69907825128337,-122.26633558257961,-125.04441337671733
nls_nevo,Waves,Neve 5116 console channel,console-neve,matched_thd_0.1_pct,full,thd_0.1_pct,1000.0,-9.0,0.12892822280743715,-57.79304007529249,5.393,-129.09551037828555,False,0,-68.60063437230615,-58.33971183184883,-98.79483181124866,-72.82884641552508,-113.11418285336258,-81.99634681137209,-126.08505042992297
nls_nevo,Waves,Neve 5116 console channel,console-neve,matched_thd_0.1_pct,full,thd_0.1_pct,1000.0,0.0,26.376066052906236,-11.57579956542002,0.342,-128.56650201301156,True,0,-23.174074748218935,-12.314521163508982,-27.462489414848733,-23.94284633349503,-40.08990326401793,-54.84248669219336,-38.59568180244364
nls_nevo,Waves,Neve 5116 console channel,console-neve,matched_thd_0.1_pct,full,thd_0.1_pct,1000.0,3.0,32.58096642172247,-9.740720754511868,-2.485,-128.51543971178788,True,0,-25.91430241202753,-10.789315301700022,-27.499561538251903,-18.1501795406761,-31.27396087515447,-26.49064902749284,-38.836781826142094
nls_spike,Waves,EMI TG12345 console channel,console-emi,drive_0,full,,100.0,-12.0,0.052539414693782684,-65.59029539410378,-0.119,-139.05000307037056,False,0,-65.93774317149749,-76.89695503240371,-99.68799218183239,-92.13407691062747,-116.63100891611643,-101.53388736048493,-125.81215741526148
nls_spike,Waves,EMI TG12345 console channel,console-emi,drive_0,full,,100.0,-15.0,0.03882478387625537,-68.2178190631077,-0.12,-142.05406071145785,False,0,-68.57636031565161,-79.36924928990214,-105.06026272034681,-95.03232991647229,-121.79381680462171,-104.49288148170247,-128.49383520815647
nls_spike,Waves,EMI TG12345 console channel,console-emi,drive_0,full,,100.0,-18.0,0.02836372475834039,-70.94473475343692,-0.122,-145.0595567288402,False,0,-71.31174592955706,-81.98411215706285,-110.53946322794681,-97.97420591124548,-125.68906602600335,-107.46058020253152,-129.5944278708597
nls_spike,Waves,EMI TG12345 console channel,console-emi,drive_0,full,,100.0,-21.0,0.020544077893349017,-73.74626693940985,-0.123,-148.0615354217917,False,0,-74.11965994192039,-84.70479132727193,-115.9193282885688,-100.94076070225277,-127.68963410312308,-110.43008332987893,-129.94332229532492
nls_spike,Waves,EMI TG12345 console channel,console-emi,drive_0,full,,100.0,-24.0,0.014786138061552396,-76.60290486025355,-0.123,-151.06347639126443,False,0,-76.98105026815769,-87.50352329914313,-120.67516220116325,-103.91698774295419,-128.37610686105606,-113.37452298008408,-130.04189726309986
nls_spike,Waves,EMI TG12345 console channel,console-emi,drive_0,full,,100.0,-27.0,0.010593034880509535,-79.49959195359361,-0.124,-154.0646108850724,False,0,-79.88136902933235,-90.35805561262693,-123.89593010398448,-106.8923157115766,-128.56723405031485,-116.2793190544766,-130.07153250320798
nls_spike,Waves,EMI TG12345 console channel,console-emi,drive_0,full,,100.0,-3.0,0.11716926913969132,-58.623725580882905,-0.11,-130.0313599009318,False,0,-58.91924456284846,-70.82445459677642,-85.0840104066371,-84.10094818340299,-100.11836564308958,-92.98167773751238,-110.528549938369
nls_spike,Waves,EMI TG12345 console channel,console-emi,drive_0,full,,100.0,-30.0,0.007563977444011214,-82.42499549806314,-0.124,-157.06549439895187,False,0,-82.80963474433742,-93.25301096843944,-125.35164574227481,-109.85238842549418,-128.61826282600575,-119.08467072014767,-130.0899070025481
nls_spike,Waves,EMI TG12345 console channel,console-emi,drive_0,full,,100.0,-36.0,0.00383312552108448,-88.32893917858742,-0.125,-163.06686863247046,False,0,-88.7191545115268,-99.11336504815108,-125.92568726089043,-115.6434128647536,-128.63217816156333,-124.05964838475988,-130.09569743470993
nls_spike,Waves,EMI TG12345 console channel,console-emi,drive_0,full,,100.0,-42.0,0.0019360948925329306,-94.26146721438022,-0.125,-169.06683332628512,False,0,-94.6633656337329,-104.99642662311238,-125.95719831939734,-120.90119496453906,-128.639699098447,-127.39137003644812,-130.10478172337127
nls_spike,Waves,EMI TG12345 console channel,console-emi,drive_0,full,,100.0,-48.0,0.0009817840673244256,-100.15968040070646,-0.125,-175.06783616703393,False,0,-100.60032363262081,-110.7851541730524,-125.95550675721546,-124.72999831217206,-128.63537772928882,-128.89078062573594,-130.1009135754582
nls_spike,Waves,EMI TG12345 console channel,console-emi,drive_0,full,,100.0,-54.0,0.0005091610014183821,-105.86289736028169,-0.125,-181.0675827847952,False,0,-106.44425664323333,-116.15119380324913,-125.95194256576261,-126.62855037664123,-128.6335960290678,-129.34809012960898,-130.1036955529642
nls_spike,Waves,EMI TG12345 console channel,console-emi,drive_0,full,,100.0,-6.0,0.09164419129982562,-60.7579011358856,-0.113,-133.03829333671106,False,0,-61.07382773370337,-72.5681252385722,-89.62852224936627,-86.6133549543151,-105.48731155067398,-95.74169093980868,-116.06029986741
nls_spike,Waves,EMI TG12345 console channel,console-emi,drive_0,full,,100.0,-60.0,0.0002850976704687697,-110.90012662586916,-0.125,-187.06761116200371,False,0,-111.93149643976939,-120.31172925945782,-125.95658918519095,-127.28199732409053,-128.64375057845442,-129.49416213744746,-130.09917031173111
nls_spike,Waves,EMI TG12345 console channel,console-emi,drive_0,full,,100.0,-9.0,0.07004727197290465,-63.09217547742406,-0.116,-136.04480332583972,False,0,-63.425493372224075,-74.6119867014266,-94.52003478851566,-89.31268579256817,-111.0540564510397,-98.60811147046236,-121.38809205029803
nls_spike,Waves,EMI TG12345 console channel,console-emi,drive_0,full,,100.0,0.0,6.869678340921182,-23.261271948862557,-0.76,-127.643176384415,False,0,-43.53129572918607,-24.491054824890757,-53.02079443613216,-29.79153328635855,-61.21934104400051,-42.05575139960565,-56.48809092646421
nls_spike,Waves,EMI TG12345 console channel,console-emi,drive_0,full,,100.0,3.0,19.230099078249907,-14.320369563252909,-3.206,-127.40775789015424,True,0,-43.07767183626622,-14.43311486733706,-51.467269605719174,-40.35341417989552,-57.3804917516756,-30.99669796110639,-56.28789012757793
nls_spike,Waves,EMI TG12345 console channel,console-emi,drive_0,full,,1000.0,-12.0,0.04131585334162632,-67.67766545709435,-0.093,-139.05897199914017,False,0,-68.0277036255234,-78.94744434111189,-102.41007821816055,-94.18637460301277,-125.07864618537658,-104.39683385697266,-123.25332766154007
nls_spike,Waves,EMI TG12345 console channel,console-emi,drive_0,full,,1000.0,-15.0,0.030386673876293378,-70.34633670338793,-0.094,-142.06245465178299,False,0,-70.70610631384432,-81.48288555211629,-107.54153617961006,-97.03308392918927,-137.61649062895356,-107.59650151175299,-124.76906281363904
nls_spike,Waves,EMI TG12345 console channel,console-emi,drive_0,full,,1000.0,-18.0,0.022117905364196548,-73.10512008970201,-0.095,-145.06412285950339,False,0,-73.4720758659591,-84.14869310777212,-112.55027194653434,-99.88775523200044,-133.3955642519194,-110.91125324250241,-125.57957559037676
nls_spike,Waves,EMI TG12345 console channel,console-emi,drive_0,full,,1000.0,-21.0,0.01597453097207756,-75.93143768590005,-0.096,-148.0673055968665,False,0,-76.30347735307143,-86.9128418124013,-117.19752651520572,-102.7232510591147,-129.7242510861654,-114.38073592584988,-125.9809733846227
nls_spike,Waves,EMI TG12345 console channel,console-emi,drive_0,full,,1000.0,-24.0,0.011471076117858478,-78.80791676817229,-0.097,-151.0683375383749,False,0,-79.18334025526204,-89.7513905485922,-121.18916546546765,-105.51579127465808,-128.2727802400762,-118.0668213561453,-126.19416398645974
nls_spike,Waves,EMI TG12345 console channel,console-emi,drive_0,full,,1000.0,-27.0,0.008202257566830436,-81.72133194287058,-0.097,-154.0684622575353,False,0,-82.09880989344089,-92.64667334938927,-124.27803086389719,-108.24211129624216,-127.62707518309193,-122.03543512442118,-126.29160737210205
nls_spike,Waves,EMI TG12345 console channel,console-emi,drive_0,full,,1000.0,-3.0,0.09424461092158302,-60.514869483224984,-0.086,-130.04122133995543,False,0,-60.81695151910759,-72.57843318349141,-87.78743601337034,-86.10162898616927,-103.80453669545064,-95.40541793999591,-112.51725809096422
nls_spike,Waves,EMI TG12345 console channel,console-emi,drive_0,full,,1000.0,-30.0,0.005846439083334134,-84.66217142134992,-0.097,-157.0694375947912,False,0,-85.04066538129835,-95.58750032826273,-126.3874695051253,-110.87159558106504,-127.31466530531698,-126.31001384546599,-126.35058964372666
nls_spike,Waves,EMI TG12345 console channel,console-emi,drive_0,full,,1000.0,-36.0,0.0029510478021428374,-90.60047511166997,-0.098,-163.07113850181588,False,0,-90.9792993047531,-101.58401798514225,-128.40866073959967,-115.72645180697108,-127.08938632566343,-132.06486701264194,-126.38957222036126
nls_spike,Waves,EMI TG12345 console channel,console-emi,drive_0,full,,1000.0,-42.0,0.0014813043916894794,-96.58711379179357,-0.098,-169.07156496957055,False,0,-96.97002520666837,-107.74116420838709,-128.9958234584668,-119.81926949173067,-127.02824565003908,-129.9919503271935,-126.4016509512779
nls_spike,Waves,EMI TG12345 console channel,console-emi,drive_0,full,,1000.0,-48.0,0.000742187826420514,-102.58972346705148,-0.098,-175.07130787228044,False,0,-103.00822811161575,-114.14372376292256,-129.16201769862667,-122.93113659579359,-127.016845927769,-128.22437926848445,-126.39793488782408
nls_spike,Waves,EMI TG12345 console channel,console-emi,drive_0,full,,1000.0,-54.0,0.00037570538005180507,-108.50305171704044,-0.098,-181.0703728371516,False,0,-109.11054265711626,-120.97504059637457,-129.19530470142342,-125.0554458969387,-127.01852397561636,-127.3635870172117,-126.40285548798514
nls_spike,Waves,EMI TG12345 console channel,console-emi,drive_0,full,,1000.0,-6.0,0.07305052310555958,-62.72753339581352,-0.089,-133.0484260229767,False,0,-63.048839437703734,-74.44156179927057,-92.41660268971262,-88.66684265165313,-109.7989526202219,-98.28912243172678,-117.02134315112423
nls_spike,Waves,EMI TG12345 console channel,console-emi,drive_0,full,,1000.0,-60.0,0.00020157426871757092,-113.91129814167226,-0.098,-187.07168891844378,False,0,-115.3180243197076,-128.42727007965158,-129.2097384715357,-126.36045183316264,-127.01176845810019,-126.96540246268171,-126.39510567299354
nls_spike,Waves,EMI TG12345 console channel,console-emi,drive_0,full,,1000.0,-9.0,0.05541723163030368,-65.12710346415139,-0.091,-136.05358647735014,False,0,-65.46441523432732,-76.5836655883959,-97.32536884320211,-91.38217787952406,-116.59434220186372,-101.29348362695933,-120.69909455091812
nls_spike,Waves,EMI TG12345 console channel,console-emi,drive_0,full,,1000.0,0.0,6.723259786177357,-23.44840214639586,-0.722,-128.3857635900764,False,0,-43.20145763109859,-24.69732578962423,-52.69651829942643,-29.959976531959907,-65.02270868162486,-41.912307590840626,-55.99229569754325
nls_spike,Waves,EMI TG12345 console channel,console-emi,drive_0,full,,1000.0,3.0,19.05084541264977,-14.401714940552557,-3.164,-128.52073196493333,False,0,-43.208752579713156,-14.512118264504183,-52.481426684831256,-40.734714418325375,-59.205891300496766,-31.137570594735855,-56.22117770255766
nls_spike,Waves,EMI TG12345 console channel,console-emi,drive_12,full,,100.0,-12.0,1.8934502867252136,-34.45492185928501,5.32,-133.05922277828867,False,0,-34.76433954609428,-46.38317624606256,-62.50304417028096,-60.183334285270575,-78.11443886473532,-69.2383446103344,-88.81084888623755
nls_spike,Waves,EMI TG12345 console channel,console-emi,drive_12,full,,100.0,-15.0,1.4673062873321763,-36.66958443050981,5.26,-136.18983541504534,False,0,-36.99744421743996,-48.27688628683107,-67.22990485849971,-62.77119812716472,-83.60925461591485,-72.0183240862077,-94.54723248049154
nls_spike,Waves,EMI TG12345 console channel,console-emi,drive_12,full,,100.0,-18.0,1.1128618922739222,-39.07117457754582,5.212,-139.29964825490583,False,0,-39.41423671702368,-50.44192946366287,-72.27028501224936,-65.51230236843435,-89.29989088617077,-74.88342337070955,-100.39971142871345
nls_spike,Waves,EMI TG12345 console channel,console-emi,drive_12,full,,100.0,-21.0,0.8295302877085848,-41.62335504886063,5.174,-142.38661810056712,False,0,-41.97846089467742,-52.821592701517666,-77.55966561279706,-68.35355251822628,-95.1220440121231,-77.80015062723207,-106.31561668297712
nls_spike,Waves,EMI TG12345 console channel,console-emi,drive_12,full,,100.0,-24.0,0.6100296548400514,-44.292981049936955,5.145,-145.45441693179401,False,0,-44.657343928897774,-55.36640639535896,-83.04206484259156,-71.25752020386028,-101.02708723209994,-80.74807385864462,-112.23586333102088
nls_spike,Waves,EMI TG12345 console channel,console-emi,drive_12,full,,100.0,-27.0,0.4440218912486399,-47.0519123538284,5.123,-148.50477489013275,False,0,-47.4232315470756,-58.03557715537255,-88.67083948975433,-74.19962876603846,-106.97505049641676,-83.71476748992498,-118.01779229987288
nls_spike,Waves,EMI TG12345 console channel,console-emi,drive_12,full,,100.0,-3.0,8.927293739351285,-20.985603503513218,5.141,-123.33284715840959,True,0,-22.031058842175632,-30.988671918112228,-32.835168010500894,-34.982945961232005,-42.29848421090708,-71.45882267531664,-49.347881889799474
nls_spike,Waves,EMI TG12345 console channel,console-emi,drive_12,full,,100.0,-30.0,0.3207210086721315,-49.87745181786135,5.107,-151.54290924316194,False,0,-50.25391280110909,-60.79684019226023,-94.40932693206335,-77.16447905605901,-112.901966741599,-86.6930914555269,-123.25225500677652
nls_spike,Waves,EMI TG12345 console channel,console-emi,drive_12,full,,100.0,-36.0,0.1647766043481586,-55.66208902314006,5.088,-157.59079576307113,False,0,-56.04502382537281,-66.50290985224065,-106.08749145894151,-83.12940046355098,-123.5015133984792,-92.66877189509975,-128.9627727684072
nls_spike,Waves,EMI TG12345 console channel,console-emi,drive_12,full,,100.0,-42.0,0.08363534365180307,-61.55220308538474,5.077,-163.61579387761427,False,0,-61.93850318256318,-72.3532070742681,-117.41651292114453,-89.11496894587972,-127.9562688153076,-98.656790239358,-129.83157579300925
nls_spike,Waves,EMI TG12345 console channel,console-emi,drive_12,full,,100.0,-48.0,0.04218679103848171,-67.49647016421945,5.072,-169.6303745411507,False,0,-67.88451379950124,-78.27725509175437,-124.49402304044358,-95.10744604030299,-128.4322513066741,-104.64327885977156,-129.91092420186962
nls_spike,Waves,EMI TG12345 console channel,console-emi,drive_12,full,,100.0,-54.0,0.021212876057433452,-73.46800891048423,5.069,-175.63668186422746,False,0,-73.85702456906341,-84.23820853512446,-125.73013468918519,-101.09805406961682,-128.47457948652328,-110.60580195211207,-129.93175990283393
nls_spike,Waves,EMI TG12345 console channel,console-emi,drive_12,full,,100.0,-6.0,2.9092077885632626,-30.724505168021146,5.473,-126.7407507739807,True,0,-30.98971476999436,-43.64797796289026,-54.25816296285623,-55.75524522498391,-68.05280078585662,-64.15678691729484,-77.9708410562457
nls_spike,Waves,EMI TG12345 console channel,console-emi,drive_12,full,,100.0,-60.0,0.010650578428656476,-79.45253610450104,5.068,-181.6396747965137,False,0,-79.84238411657067,-90.21598893513179,-125.80152665681095,-107.06952597172995,-128.4791496173486,-116.44566994563951,-129.94236038005218
nls_spike,Waves,EMI TG12345 console channel,console-emi,drive_12,full,,100.0,-9.0,2.3814630732658384,-32.46312296456127,5.392,-129.90615764537358,False,0,-32.7512873799624,-44.82101141669445,-58.15774485249867,-57.81784136704117,-72.89775670128051,-66.59430881813564,-83.25563423098231
nls_spike,Waves,EMI TG12345 console channel,console-emi,drive_12,full,,100.0,0.0,18.474624476893435,-14.668487609970436,3.102,-122.61056314951888,True,0,-20.967732846080544,-16.110688082233168,-32.07356165691311,-39.06318514757143,-36.731728528848706,-32.50407361125754,-39.08631729898415
nls_spike,Waves,EMI TG12345 console channel,console-emi,drive_12,full,,100.0,3.0,26.70246676796857,-11.468972335081558,0.361,-122.25263772556984,True,0,-23.29371956823924,-12.204602490115539,-27.26116650351151,-23.695739540234065,-36.161891252912746,-48.877017107418695,-46.54137879887135
nls_spike,Waves,EMI TG12345 console channel,console-emi,drive_12,full,,1000.0,-12.0,1.4817688566059708,-36.5843907466979,5.531,-133.16649748967657,False,0,-36.899871537247016,-48.396331016396104,-65.54925667947666,-62.49140204405023,-81.52954542282855,-71.69430343601248,-92.20176359772766
nls_spike,Waves,EMI TG12345 console channel,console-emi,drive_12,full,,1000.0,-15.0,1.1376354543760245,-38.87993763256869,5.483,-136.27639134302524,False,0,-39.2126571492862,-50.404475754792564,-70.40013757774341,-65.1487454292514,-87.1435437821145,-74.523168930079,-97.86977551780284
nls_spike,Waves,EMI TG12345 console channel,console-emi,drive_12,full,,1000.0,-18.0,0.8563160178185782,-41.347318644143165,5.445,-139.3699634922667,False,0,-41.69401903616623,-52.660988458359725,-75.5338605760514,-67.93567821179388,-92.96190214635567,-77.42368802876234,-103.52117714560437
nls_spike,Waves,EMI TG12345 console channel,console-emi,drive_12,full,,1000.0,-21.0,0.6345111325854587,-43.95121507491524,5.415,-142.44213028682103,False,0,-44.30885011279915,-55.11169514453431,-80.8848923290395,-70.80487057095532,-98.96770286134343,-80.36883690768313,-109.01319365827578
nls_spike,Waves,EMI TG12345 console channel,console-emi,drive_12,full,,1000.0,-24.0,0.4644925297256214,-46.66042532447371,5.393,-145.49554013087464,False,0,-47.02637873356159,-57.7104872570397,-86.39375326720653,-73.72387714784685,-105.20835883468732,-83.34287905228291,-114.12472326642339
nls_spike,Waves,EMI TG12345 console channel,console-emi,drive_12,full,,1000.0,-27.0,0.3369356258834923,-49.44906132940624,5.376,-148.53701921515585,False,0,-49.82120991686691,-60.42005809588339,-92.00471917902193,-76.67152806031693,-111.85214461293705,-86.33784023931855,-118.51401618662959
nls_spike,Waves,EMI TG12345 console channel,console-emi,drive_12,full,,1000.0,-3.0,8.33635119136844,-21.58047995656114,5.312,-123.64165003088539,True,0,-22.818952155411427,-30.757120414161328,-32.76069171464308,-35.37375451362893,-42.63281306083097,-77.97940964408552,-50.02215738057678
nls_spike,Waves,EMI TG12345 console channel,console-emi,drive_12,full,,1000.0,-30.0,0.24275646488151204,-52.296583910172096,5.364,-151.56767842659906,False,0,-52.673268785054205,-63.21133326584953,-97.65876860185521,-79.63443942534388,-119.37606468342489,-89.35052251017865,-121.83606447544054
nls_spike,Waves,EMI TG12345 console channel,console-emi,drive_12,full,,1000.0,-36.0,0.1243200186811385,-58.10917866566457,5.349,-157.60548814735355,False,0,-58.49145730249531,-68.95658356047231,-108.77209999352375,-85.57411944987075,-137.8904214433955,-95.43266362639301,-125.15320729108535
nls_spike,Waves,EMI TG12345 console channel,console-emi,drive_12,full,,1000.0,-42.0,0.06299007487487095,-64.01455750827674,5.342,-163.62359572773715,False,0,-64.39952360201565,-74.83092232674875,-118.58406792633096,-91.49728043558412,-128.9635475510114,-101.6278246486332,-126.0946002959154
nls_spike,Waves,EMI TG12345 console channel,console-emi,drive_12,full,,1000.0,-48.0,0.031738730197190965,-69.96820904966027,5.338,-169.63437011921727,False,0,-70.3541494527365,-80.77498960500286,-125.16997798673655,-97.36248976439043,-127.4630281652361,-108.03549927144246,-126.31665984600022
nls_spike,Waves,EMI TG12345 console channel,console-emi,drive_12,full,,1000.0,-54.0,0.01594468390569999,-75.94768171954114,5.336,-175.64003904961712,False,0,-76.33339042248421,-86.76166314078452,-128.02320077356006,-103.10677373449522,-127.1218553694051,-114.88689292948331,-126.38476247905254
nls_spike,Waves,EMI TG12345 console channel,console-emi,drive_12,full,,1000.0,-6.0,2.3302895581849614,-32.651802217173824,5.656,-126.88279056824767,True,0,-32.9245195852415,-45.36321633174705,-56.972327844300885,-57.833976102700674,-71.1676295048183,-66.44478836588696,-81.26087229450265
nls_spike,Waves,EMI TG12345 console channel,console-emi,drive_12,full,,1000.0,-60.0,0.007995835342760275,-81.94272315667848,5.335,-181.64218386715623,False,0,-82.32711316645448,-92.78425320398247,-128.91446282953663,-108.6218092051756,-127.03937084209818,-122.63457457349305,-126.39855383577755
nls_spike,Waves,EMI TG12345 console channel,console-emi,drive_12,full,,1000.0,-9.0,1.8842420119887817,-34.49726634380141,5.589,-130.03408060949485,False,0,-34.79246499724961,-46.69605204044845,-61.05067345515963,-60.0272909035536,-76.17698658674541,-68.98044668652253,-86.62963302319145
nls_spike,Waves,EMI TG12345 console channel,console-emi,drive_12,full,,1000.0,0.0,17.99679192495302,-14.896098090669529,3.282,-123.70034804065425,True,0,-21.480837186246646,-16.22932593955835,-32.95659975947054,-39.60999499481177,-36.65177537561905,-32.96065862502142,-39.45972785812534
nls_spike,Waves,EMI TG12345 console channel,console-emi,drive_12,full,,1000.0,3.0,26.183157617385003,-11.639559597941114,0.542,-123.74563319881835,True,0,-23.893463507579888,-12.329505946624215,-27.810549206820667,-23.872625952051386,-36.93765377806781,-49.8430287908231,-46.522262799965134
nls_spike,Waves,EMI TG12345 console channel,console-emi,drive_3,curve,,1000.0,-12.0,0.12058766524300461,-58.37394226694644,0.505,-138.4465860458066,False,0,-58.721470834960165,-69.67684226316416,-92.68157978378206,-84.93269692193658,-111.37420882977865,-94.63939195683298,-118.16059051246499
nls_spike,Waves,EMI TG12345 console channel,console-emi,drive_3,curve,,1000.0,-15.0,0.08899502049019158,-61.01268585229998,0.501,-141.45606155895072,False,0,-61.370823618472144,-72.16776858053618,-97.98365917726102,-87.81068025717623,-118.6730187859912,-97.67729077741453,-121.56668494625833
nls_spike,Waves,EMI TG12345 console channel,console-emi,drive_3,curve,,1000.0,-18.0,0.06494982620158549,-63.74844013424966,0.498,-144.46550453153128,False,0,-64.11457742382349,-74.79792450119339,-103.35188036255315,-90.72152599724772,-128.19497244318566,-100.76440190641337,-123.80194071605257
nls_spike,Waves,EMI TG12345 console channel,console-emi,drive_3,curve,,1000.0,-21.0,0.04700514665535227,-66.55709175973256,0.496,-147.4686955348291,False,0,-66.92909696216927,-77.5322796299807,-108.66214322533595,-93.64292014492749,-138.58665684014537,-103.90658236557525,-125.06986794490997
nls_spike,Waves,EMI TG12345 console channel,console-emi,drive_3,curve,,1000.0,-24.0,0.03380767040209583,-69.41969508593982,0.494,-150.47343648346018,False,0,-69.79587362124792,-80.343946606028,-113.73753734552173,-96.55775811650841,-131.8489389364962,-107.12066197919185,-125.73101293905967
nls_spike,Waves,EMI TG12345 console channel,console-emi,drive_3,curve,,1000.0,-27.0,0.024205029406979092,-72.32188770786445,0.493,-153.47627578781618,False,0,-72.70092261038603,-83.21276792143547,-118.32737757876362,-99.45268463592706,-129.1636848556497,-110.43216407476419,-126.06220539293334
nls_spike,Waves,EMI TG12345 console channel,console-emi,drive_3,curve,,1000.0,-3.0,0.27054315578446514,-51.35526896795916,0.526,-129.3985126889648,False,0,-51.65220528125239,-63.51941410410612,-78.0836916644192,-76.89504702013281,-93.45274415171856,-85.95196978878049,-103.41047645889732
nls_spike,Waves,EMI TG12345 console channel,console-emi,drive_3,curve,,1000.0,-30.0,0.017272338465970517,-75.25297720451049,0.492,-156.48038709518397,False,0,-75.63383398156562,-86.1242875961575,-122.13582611492822,-102.31326670557898,-128.01944008275885,-113.88793702914268,-126.23111340559517
nls_spike,Waves,EMI TG12345 console channel,console-emi,drive_3,curve,,1000.0,-36.0,0.008736630775018246,-81.17312035858265,0.491,-162.48053751158062,False,0,-81.55524305617881,-92.03973027106727,-126.83984765814569,-107.86590118928778,-127.26402059580215,-121.47182401944441,-126.36804571356356
nls_spike,Waves,EMI TG12345 console channel,console-emi,drive_3,curve,,1000.0,-42.0,0.004394490063087959,-87.14183026452682,0.49,-168.48089920158515,False,0,-87.52305844442381,-98.05046091268089,-128.5445214957504,-113.04208572044323,-127.07037158668956,-129.82843558327085,-126.39629295016792
nls_spike,Waves,EMI TG12345 console channel,console-emi,drive_3,curve,,1000.0,-48.0,0.0022026542622991547,-93.14107332306983,0.49,-174.48169436886704,False,0,-93.5215504097936,-104.16421847542004,-129.0358985662079,-117.59935883663915,-127.01612747534878,-131.4668866803715,-126.39204159774472
nls_spike,Waves,EMI TG12345 console channel,console-emi,drive_3,curve,,1000.0,-54.0,0.0011016712586231939,-99.1589596135929,0.49,-180.4846901300397,False,0,-99.55019819745237,-110.43828855500269,-129.17166743909925,-121.28799083210568,-127.02165651735497,-129.0885751845873,-126.39749429858433
nls_spike,Waves,EMI TG12345 console channel,console-emi,drive_3,curve,,1000.0,-6.0,0.21110390801443105,-53.51007453674666,0.518,-132.4159904773522,False,0,-53.82702904161242,-65.29705541101409,-82.64981595358677,-79.41982350259399,-99.01012686973907,-88.74844363825274,-108.70010844558314
nls_spike,Waves,EMI TG12345 console channel,console-emi,drive_3,curve,,1000.0,-60.0,0.0005523719298040133,-105.15536798640721,0.49,-186.4843962359154,False,0,-105.62200697959872,-117.00305750618398,-129.2154692340975,-123.96969815389127,-127.01937420083695,-127.793894938317,-126.40130777394548
nls_spike,Waves,EMI TG12345 console channel,console-emi,drive_3,curve,,1000.0,-9.0,0.1610326347468971,-55.861722025419525,0.511,-135.43315270516717,False,0,-56.19559954116135,-67.36911748865535,-87.5423167439992,-82.12015555629966,-104.9490981667775,-91.65671999095578,-113.73913589946396
nls_spike,Waves,EMI TG12345 console channel,console-emi,drive_3,curve,,1000.0,0.0,6.717217711488027,-23.45621151142487,-0.105,-127.73511880545705,True,0,-41.15465506177277,-24.759617966697615,-54.52625711286387,-29.90321243929346,-63.596760531693626,-41.92912459882521,-55.90198613638477
nls_spike,Waves,EMI TG12345 console channel,console-emi,drive_3,curve,,1000.0,3.0,19.037037841373294,-14.40801253628562,-2.546,-127.87191686199219,True,0,-41.64602919438817,-14.522194985330925,-49.85697342849601,-40.9704933821865,-61.89104953848171,-31.08723410173923,-56.076936086907175
nls_spike,Waves,EMI TG12345 console channel,console-emi,drive_6,full,,100.0,-12.0,0.4634424818937528,-46.68008317413151,0.739,-138.03265603248957,False,0,-47.02083948186909,-58.085291391346914,-79.43212891702461,-73.06791862363812,-96.35948558289931,-82.4225707876945,-107.40306282073682
nls_spike,Waves,EMI TG12345 console channel,console-emi,drive_6,full,,100.0,-15.0,0.3454044743280366,-49.233440818672264,0.724,-141.0683795579968,False,0,-49.5867480404774,-60.456684586096955,-84.70826934767045,-75.91938115194603,-102.18060525843852,-85.35646907138579,-113.2618730974904
nls_spike,Waves,EMI TG12345 console channel,console-emi,drive_6,full,,100.0,-18.0,0.25398460131209116,-51.903852263499786,0.712,-144.09837854405052,False,0,-52.266848702530766,-62.99530499109055,-90.17975310890787,-78.83321307801585,-108.06979971109014,-88.31851365632917,-118.95560180867531
nls_spike,Waves,EMI TG12345 console channel,console-emi,drive_6,full,,100.0,-21.0,0.18485673089132648,-54.66329463070664,0.703,-147.1204867185452,False,0,-55.03360095703411,-65.65982988613275,-95.799768277429,-81.7839730162995,-113.93057807224864,-91.29674444952062,-124.00843694102149
nls_spike,Waves,EMI TG12345 console channel,console-emi,drive_6,full,,100.0,-24.0,0.1335184371002011,-57.48917519864495,0.696,-150.1352363954369,False,0,-57.86489351814487,-68.41775188965086,-101.52462805371658,-84.75599743351623,-119.52618196934075,-94.28298721852207,-127.54046400739419
nls_spike,Waves,EMI TG12345 console channel,console-emi,drive_6,full,,100.0,-27.0,0.09589709531302534,-60.36389094493492,0.691,-153.14722972105147,False,0,-60.74357813483883,-71.24383243923754,-107.3053065959864,-87.73995193704079,-124.18060342780137,-97.275062623439,-129.21249762777404
nls_spike,Waves,EMI TG12345 console channel,console-emi,drive_6,full,,100.0,-3.0,0.9926550011110122,-40.064033300943535,0.814,-128.86529105324834,False,0,-40.34845005682163,-52.50596345829733,-65.38430877336536,-65.35974015192886,-79.97074196656105,-74.08061200406736,-90.25989011733388
nls_spike,Waves,EMI TG12345 console channel,console-emi,drive_6,full,,100.0,-30.0,0.06859497997657144,-63.27415332675369,0.688,-156.15726304593346,False,0,-63.65671383263656,-74.11950552585922,-113.03102871845482,-90.7305275045171,-127.01646109281917,-100.26882985337075,-129.7641050423361
nls_spike,Waves,EMI TG12345 console channel,console-emi,drive_6,full,,100.0,-36.0,0.034816562301577064,-69.16428224459162,0.684,-162.16648174766937,False,0,-69.5504285395258,-79.9673441434731,-122.56240570289026,-96.72049225646019,-128.47393640857717,-106.25224772569527,-130.0095072278938
nls_spike,Waves,EMI TG12345 console channel,console-emi,drive_6,full,,100.0,-42.0,0.01756265489183114,-75.10819665046638,0.682,-168.1726193939262,False,0,-75.49630229101416,-85.88933175767795,-125.62285588839174,-102.7089448947389,-128.575627399636,-112.19920371797686,-130.05042701152328
nls_spike,Waves,EMI TG12345 console channel,console-emi,drive_6,full,,100.0,-48.0,0.008832280029803071,-81.0785433994753,0.68,-174.17576469245236,False,0,-81.46808648999857,-91.84709401616561,-125.88927307987609,-108.66747742251351,-128.57921776358384,-117.9826157215011,-130.0508504753293
nls_spike,Waves,EMI TG12345 console channel,console-emi,drive_6,full,,100.0,-54.0,0.004436502922332629,-87.05918456148744,0.68,-180.17817141360348,False,0,-87.45115405736189,-97.81614367289883,-125.90925741606486,-114.50397235597349,-128.58336862019567,-123.17850691651503,-130.04497360206827
nls_spike,Waves,EMI TG12345 console channel,console-emi,drive_6,full,,100.0,-6.0,0.7889049142712484,-42.05950677220791,0.784,-131.92970823165925,False,0,-42.365557281798836,-54.051094741891355,-69.70358645363652,-67.72456396594636,-85.17608589755696,-76.73972501891964,-95.81809698211117
nls_spike,Waves,EMI TG12345 console channel,console-emi,drive_6,full,,100.0,-60.0,0.002229851215634928,-93.03448227611679,0.68,-186.1773135636773,False,0,-93.43440976967734,-103.76513389056163,-125.90287798944874,-119.9079119681586,-128.57991173020656,-126.90717369206993,-130.0459279998916
nls_spike,Waves,EMI TG12345 console channel,console-emi,drive_6,full,,100.0,-9.0,0.6111712503870135,-44.27674166495425,0.759,-134.98535987809947,False,0,-44.60175008272769,-55.93103912098097,-74.408964276959,-70.3178733958564,-90.66751694363681,-79.5384325079931,-101.55908560648184
nls_spike,Waves,EMI TG12345 console channel,console-emi,drive_6,full,,100.0,0.0,6.924646321421137,-23.192048068599384,0.187,-126.46291316964906,True,0,-36.07908866659378,-24.74557686783797,-58.89691848048316,-29.474040778067536,-58.43554361165292,-42.12084816426264,-55.99100005902927
nls_spike,Waves,EMI TG12345 console channel,console-emi,drive_6,full,,100.0,3.0,19.255148409987047,-14.309062593652794,-2.255,-126.23120608285596,True,0,-37.205528978334115,-14.446934791738189,-43.713816356733275,-41.396967649711684,-59.27850755104113,-30.708676559117055,-55.8520209934679
nls_spike,Waves,EMI TG12345 console channel,console-emi,drive_6,full,,1000.0,-12.0,0.3624098220187342,-48.81600081202738,0.84,-138.0660490606496,False,0,-49.160547692795795,-60.1612770078368,-82.52902218033489,-75.34230026822306,-100.09227181440643,-84.86286879166096,-109.89432719791309
nls_spike,Waves,EMI TG12345 console channel,console-emi,drive_6,full,,1000.0,-15.0,0.2685992566997554,-51.417903869953754,0.828,-141.09721569335431,False,0,-51.773845800022,-62.601811804140326,-87.84744607456203,-78.21396909988994,-106.31043034297551,-87.83509704950247,-114.89159541524705
nls_spike,Waves,EMI TG12345 console channel,console-emi,drive_6,full,,1000.0,-18.0,0.1966627501904856,-54.12555783656023,0.819,-144.11961952799987,False,0,-54.490192274172415,-65.19320210322208,-93.31129332859945,-81.13351540944912,-113.00680268845613,-90.83967838285159,-119.1295930896054
nls_spike,Waves,EMI TG12345 console channel,console-emi,drive_6,full,,1000.0,-21.0,0.14267483244178997,-56.913052576336874,0.812,-147.13793699367307,False,0,-57.28416037515542,-67.89767543012451,-98.84880592771322,-84.07807649243195,-120.73668618002735,-93.87162617322014,-122.24257745795369
nls_spike,Waves,EMI TG12345 console channel,console-emi,drive_6,full,,1000.0,-24.0,0.10280394628897571,-59.75980427906558,0.807,-150.14838321613956,False,0,-60.13563861999114,-70.68569604608926,-104.3719152689207,-87.03306589479914,-131.40650248226055,-96.93183463466102,-124.20081460321543
nls_spike,Waves,EMI TG12345 console channel,console-emi,drive_6,full,,1000.0,-27.0,0.07370545153875686,-62.65000777724491,0.803,-153.15842626221877,False,0,-63.02922022857487,-73.53499453759343,-109.75935870616505,-89.98832316408519,-136.6108776948789,-100.02438556717821,-125.28225276874467
nls_spike,Waves,EMI TG12345 console channel,console-emi,drive_6,full,,1000.0,-3.0,0.7967342376346506,-41.97373039457459,0.901,-128.92108713232346,False,0,-42.26528990992097,-54.24895409267861,-68.13731824429473,-67.43733710135136,-83.14917759071142,-76.35850557268456,-93.4409059556976
nls_spike,Waves,EMI TG12345 console channel,console-emi,drive_6,full,,1000.0,-30.0,0.0526512689639997,-65.57182314582,0.8,-156.16440410141206,False,0,-65.9533900102319,-76.4290363179512,-114.82046861959743,-92.93564246866802,-130.86115139946185,-103.16268435012836,-125.8376807911624
nls_spike,Waves,EMI TG12345 console channel,console-emi,drive_6,full,,1000.0,-36.0,0.026675247395019135,-71.47783088189857,0.797,-162.17359256542065,False,0,-71.8619055911184,-82.30747288098158,-122.92943561941482,-98.77557171490974,-127.85385507049769,-109.65092626927336,-126.26820559459121
nls_spike,Waves,EMI TG12345 console channel,console-emi,drive_6,full,,1000.0,-42.0,0.01343755642205567,-77.43359398412957,0.795,-168.17646033990727,False,0,-77.81811591638663,-88.26358638476988,-127.18630411434894,-104.47590044410126,-127.20850868985221,-116.67011581881766,-126.36236487946493
nls_spike,Waves,EMI TG12345 console channel,console-emi,drive_6,full,,1000.0,-48.0,0.006747129938678118,-83.41761851926702,0.794,-174.17891294808777,False,0,-83.80100360263278,-94.27671993172991,-128.65361749095348,-109.90891037810867,-127.05700244977926,-124.70288246930411,-126.3899306973731
nls_spike,Waves,EMI TG12345 console channel,console-emi,drive_6,full,,1000.0,-54.0,0.0033803388110504435,-89.42079536488912,0.794,-180.18003233828523,False,0,-89.802081460765,-100.35386655602126,-129.07335550519758,-114.88105981338782,-127.03055855653668,-131.80018496981614,-126.39896327516868
nls_spike,Waves,EMI TG12345 console channel,console-emi,drive_6,full,,1000.0,-6.0,0.6267469923934225,-44.05815482876945,0.877,-131.97941718214702,False,0,-44.370433223616445,-55.92757062975947,-72.60295176852254,-69.89579753994045,-88.51343774757771,-79.08806544349663,-98.94948766576617
nls_spike,Waves,EMI TG12345 console channel,console-emi,drive_6,full,,1000.0,-60.0,0.0016905275109329973,-95.43955514630291,0.794,-186.18124477363256,False,0,-95.82187064547102,-106.53178602560338,-129.17802950886016,-119.13487383911627,-127.01862761626569,-130.46463746512856,-126.40115258357726
nls_spike,Waves,EMI TG12345 console channel,console-emi,drive_6,full,,1000.0,-9.0,0.4813366906849721,-46.35102064492006,0.857,-135.02503484461516,False,0,-46.68106444523798,-57.91829445931762,-77.42417067041838,-72.55294547065039,-94.1720334000604,-81.93800678436068,-104.49425044638319
nls_spike,Waves,EMI TG12345 console channel,console-emi,drive_6,full,,1000.0,0.0,6.733940486788753,-23.434614522764534,0.284,-127.24222884203549,True,0,-36.94863301334195,-24.94398923485666,-64.75960783537911,-29.738415412753287,-60.475434233409125,-41.9845213740885,-55.63013903992356
nls_spike,Waves,EMI TG12345 console channel,console-emi,drive_6,full,,1000.0,3.0,19.005714028006565,-14.422316193832081,-2.154,-127.38145804454868,True,0,-38.187798439134426,-14.551645642081825,-44.87677872329502,-41.697926430883854,-75.96238657276612,-30.941224206893377,-55.71011503352412
nls_spike,Waves,EMI TG12345 console channel,console-emi,drive_9,curve,,1000.0,-12.0,0.7317588063046414,-42.712640847470055,3.267,-135.56919202344548,False,0,-43.04403638167693,-54.25821100993636,-74.0099239093379,-68.94895660833068,-90.7461173420989,-78.32583665639805,-101.30200174491209
nls_spike,Waves,EMI TG12345 console channel,console-emi,drive_9,curve,,1000.0,-15.0,0.5507080746360506,-45.18157111449378,3.243,-138.6272889832787,False,0,-45.52720926526656,-56.51075712612548,-79.13285089514717,-71.7401613162331,-96.60934521519923,-81.2403550752883,-106.85179245182914
nls_spike,Waves,EMI TG12345 console channel,console-emi,drive_9,curve,,1000.0,-18.0,0.40800910398741425,-47.786602926075645,3.224,-141.6738431611549,False,0,-48.14340668655119,-58.95853117155766,-84.47127772219103,-74.61317274186803,-102.70397348315727,-84.19970892508388,-112.13789385042061
nls_spike,Waves,EMI TG12345 console channel,console-emi,drive_9,curve,,1000.0,-21.0,0.2986534424328234,-50.49664949974027,3.21,-144.70864995008077,False,0,-50.861959122616085,-61.55524485813867,-89.9620083428905,-77.5346453816507,-109.12986253784838,-87.18888155247811,-116.86091184727334
nls_spike,Waves,EMI TG12345 console channel,console-emi,drive_9,curve,,1000.0,-24.0,0.21662306354533334,-53.28590613083094,3.199,-147.73712254618113,False,0,-53.65755170392813,-64.26343813562566,-95.54265593694019,-80.4827855421124,-116.1914201839641,-90.20088958299405,-120.64349513117149
nls_spike,Waves,EMI TG12345 console channel,console-emi,drive_9,curve,,1000.0,-27.0,0.156064611643415,-56.133911280244064,3.191,-150.75584572951922,False,0,-56.5101909823355,-67.05391275602285,-101.14258228611564,-83.44371800542379,-124.83070214751717,-93.23418735596745,-123.23127803063633
nls_spike,Waves,EMI TG12345 console channel,console-emi,drive_9,curve,,1000.0,-3.0,1.5003694398589944,-36.476035806392304,3.378,-126.3131899018058,True,0,-36.74682162211945,-49.236900162166826,-60.61849868209282,-61.63074553145381,-74.74222817375959,-70.21433467733634,-84.77476500071988
nls_spike,Waves,EMI TG12345 console channel,console-emi,drive_9,curve,,1000.0,-30.0,0.11187999044394584,-59.02495158790184,3.186,-153.77105265057713,False,0,-59.404563198157774,-69.90455113835782,-106.66654412726518,-86.40838492522184,-137.48882667743612,-96.2914108416123,-124.75869829292384
nls_spike,Waves,EMI TG12345 console channel,console-emi,drive_9,curve,,1000.0,-36.0,0.056936576562994654,-64.89217298631644,3.179,-159.78716969337572,False,0,-65.27573003641835,-75.72543057470719,-116.83978841019935,-92.3224431461621,-129.7009818197859,-102.50640369706585,-125.9889108803408
nls_spike,Waves,EMI TG12345 console channel,console-emi,drive_9,curve,,1000.0,-42.0,0.028752480151311075,-70.82649375369778,3.175,-165.79438628283395,False,0,-71.21164318132183,-81.64302774109697,-124.17947122266851,-98.1743204544587,-127.6176105351104,-108.9606532273516,-126.30341599118532
nls_spike,Waves,EMI TG12345 console channel,console-emi,drive_9,curve,,1000.0,-48.0,0.014460334002840853,-76.79643351300753,3.173,-171.7998163016552,False,0,-77.18160296963477,-87.61784805825579,-127.67382364141916,-103.89408330683975,-127.15132285595514,-115.90180753166143,-126.3690585807973
nls_spike,Waves,EMI TG12345 console channel,console-emi,drive_9,curve,,1000.0,-54.0,0.007255000970117192,-82.78725050307345,3.173,-177.80186234838527,False,0,-83.17112398783797,-93.6379073690717,-128.80597515766192,-109.36356573976636,-127.05248624090474,-123.82163079482395,-126.40228097929719
nls_spike,Waves,EMI TG12345 console channel,console-emi,drive_9,curve,,1000.0,-6.0,1.2126775654648485,-38.32509313607309,3.335,-129.41027924669902,False,0,-38.6184806930526,-50.5616068428984,-64.68331563433497,-63.82225424457368,-79.7498094955355,-72.75810921477104,-90.13099155849724
nls_spike,Waves,EMI TG12345 console channel,console-emi,drive_9,curve,,1000.0,-60.0,0.0036336695194126426,-88.79309148234326,3.172,-183.80318275184595,False,0,-89.17482191647571,-99.71252923552753,-129.1202476833323,-114.39413202831238,-127.02131688446259,-131.45548764324988,-126.39812190240379
nls_spike,Waves,EMI TG12345 console channel,console-emi,drive_9,curve,,1000.0,-9.0,0.9533449249776732,-40.41499882013614,3.298,-132.49430067945195,False,0,-40.72889059363582,-52.255271683057444,-69.16991650388437,-66.28796546638372,-85.11035034700484,-75.48359057573305,-95.68162204612125
nls_spike,Waves,EMI TG12345 console channel,console-emi,drive_9,curve,,1000.0,0.0,8.63927457313339,-21.270454460866375,2.589,-124.63926701834971,True,0,-28.07625892825936,-23.3154718455543,-47.726067928135436,-29.35711862034353,-46.378875991669155,-50.23472366814411,-44.346171648708435
nls_spike,Waves,EMI TG12345 console channel,console-emi,drive_9,curve,,1000.0,3.0,19.998586777848143,-13.980013862987944,0.106,-124.74130394596996,True,0,-29.494467461683058,-14.240254591458504,-36.512490669042236,-36.97283823046992,-60.26827010806437,-31.280973991770743,-44.78669965454258
nls_spike,Waves,EMI TG12345 console channel,console-emi,matched_thd_0.1_pct,full,thd_0.1_pct,100.0,-12.0,0.12816481193102916,-57.84462390848916,0.377,-138.52367624212906,False,0,-58.189369452117745,-69.19053976726927,-91.38150476646649,-84.32518817396173,-108.44211163364494,-93.70877844749641,-119.1576486873589
nls_spike,Waves,EMI TG12345 console channel,console-emi,matched_thd_0.1_pct,full,thd_0.1_pct,100.0,-15.0,0.09500080050867489,-60.44545470368925,0.372,-141.53412600049018,False,0,-60.80187597231634,-71.62559450142696,-96.7283129719317,-87.20836423896026,-114.19456992590382,-96.66193048689713,-124.13273151858162
nls_spike,Waves,EMI TG12345 console channel,console-emi,matched_thd_0.1_pct,full,thd_0.1_pct,100.0,-18.0,0.06956543327786689,-63.15213011175162,0.369,-144.54265754673986,False,0,-63.51750255498999,-74.21239234240164,-102.24575109869336,-90.14257437046068,-119.70037811994968,-99.63615940476211,-127.62298661211244
nls_spike,Waves,EMI TG12345 console channel,console-emi,matched_thd_0.1_pct,full,thd_0.1_pct,100.0,-21.0,0.05047368448860978,-65.93869982778862,0.366,-147.549048780846,False,0,-66.31079130887106,-76.91274514515955,-107.86784181368411,-93.10611197765319,-124.28893435735512,-102.61998695243234,-129.2806072893322
nls_spike,Waves,EMI TG12345 console channel,console-emi,matched_thd_0.1_pct,full,thd_0.1_pct,100.0,-24.0,0.036372530993227056,-68.78452954770015,0.365,-150.55416888823382,False,0,-69.16159288238336,-79.69679010560769,-113.4621351565477,-96.0856656136219,-127.07130770451144,-105.60544012159609,-129.83781104301767
nls_spike,Waves,EMI TG12345 console channel,console-emi,matched_thd_0.1_pct,full,thd_0.1_pct,100.0,-27.0,0.026080443408693924,-71.67370058371647,0.363,-153.5572844462268,False,0,-72.05441185556649,-82.54180026862704,-118.68082825837313,-99.07282319849463,-128.18055261566425,-108.58675675012023,-130.00450501236446
nls_spike,Waves,EMI TG12345 console channel,console-emi,matched_thd_0.1_pct,full,thd_0.1_pct,100.0,-3.0,0.2816462089038615,-51.005921804121286,0.398,-129.47580943346975,False,0,-51.29686877212065,-63.30317548201517,-76.98527801804667,-76.4060106286716,-91.83788897070087,-85.22284804740784,-102.22733904280874
nls_spike,Waves,EMI TG12345 console channel,console-emi,matched_thd_0.1_pct,full,thd_0.1_pct,100.0,-30.0,0.018633270392882595,-74.59421827627474,0.362,-156.55999483228356,False,0,-74.97762575802858,-85.4305777165105,-122.73186946686864,-102.0618861324226,-128.50966216566513,-111.55479886665046,-130.0555254998324
nls_spike,Waves,EMI TG12345 console channel,console-emi,matched_thd_0.1_pct,full,thd_0.1_pct,100.0,-36.0,0.009444886534084552,-80.4960651019408,0.361,-162.56418035070072,False,0,-80.88314658496083,-91.29258203093855,-125.67897463736712,-108.02483596009394,-128.6249206857843,-117.35893759200792,-130.09193211605867
nls_spike,Waves,EMI TG12345 console channel,console-emi,matched_thd_0.1_pct,full,thd_0.1_pct,100.0,-42.0,0.004762871762741515,-86.44262222861124,0.361,-168.56368465305366,False,0,-86.83304053122036,-97.21445787841566,-125.93583422402672,-113.8859775916424,-128.6307857391969,-122.64704015861746,-130.0876158229683
nls_spike,Waves,EMI TG12345 console channel,console-emi,matched_thd_0.1_pct,full,thd_0.1_pct,100.0,-48.0,0.0023980536113112102,-92.40282223928583,0.36,-174.56562920569053,False,0,-92.8005992484514,-103.14572497468886,-125.94732289758669,-119.36718717304855,-128.62399849152504,-126.57923039129763,-130.09115883115624
nls_spike,Waves,EMI TG12345 console channel,console-emi,matched_thd_0.1_pct,full,thd_0.1_pct,100.0,-54.0,0.0012109797207778938,-98.33726259094574,0.36,-180.56474853333654,False,0,-98.7605873313119,-109.0070413407866,-125.94664795051148,-123.74407458269107,-128.62851374886654,-128.55853712605057,-130.0959261687996
nls_spike,Waves,EMI TG12345 console channel,console-emi,matched_thd_0.1_pct,full,thd_0.1_pct,100.0,-6.0,0.22158513967943927,-53.08918736728555,0.389,-132.4957120151249,False,0,-53.40108345015188,-64.97182234409644,-81.44393069156135,-78.865398912451,-97.15343076982151,-87.9493261434964,-107.84252158358073
nls_spike,Waves,EMI TG12345 console channel,console-emi,matched_thd_0.1_pct,full,thd_0.1_pct,100.0,-60.0,0.0006210403934946159,-104.1376030334635,0.36,-186.56488035643125,False,0,-104.65681107610197,-114.56003781296032,-125.94739088474482,-126.23388687972607,-128.63218953543554,-129.2247076622856,-130.09664146221243
nls_spike,Waves,EMI TG12345 console channel,console-emi,matched_thd_0.1_pct,full,thd_0.1_pct,100.0,-9.0,0.1701997351221558,-55.38082240266383,0.382,-135.51019793568622,False,0,-55.710768607323175,-66.95429123408844,-86.26543666744345,-81.52753187594462,-102.72195549828848,-90.79395342521572,-113.55802090546462
nls_spike,Waves,EMI TG12345 console channel,console-emi,matched_thd_0.1_pct,full,thd_0.1_pct,100.0,0.0,6.86988767132926,-23.261007279538795,-0.248,-127.08343907275234,True,0,-41.54861604235726,-24.539026028697283,-54.42783340876244,-29.72966374046049,-60.63338644495872,-42.065912289894534,-56.394875092835775
nls_spike,Waves,EMI TG12345 console channel,console-emi,matched_thd_0.1_pct,full,thd_0.1_pct,100.0,3.0,19.232677644799885,-14.319204949232846,-2.693,-126.85313292008172,True,0,-41.63882253199147,-14.435501217418079,-49.41619302789146,-40.54337561762334,-58.4564424934484,-30.94045953298221,-56.18939747621387
nls_spike,Waves,EMI TG12345 console channel,console-emi,matched_thd_0.1_pct,full,thd_0.1_pct,1000.0,-12.0,0.10074654864796585,-59.9353964578448,0.417,-138.53796586587555,False,0,-60.28338421459847,-71.23196767811575,-94.33102786967532,-86.49377977505638,-113.37041593091543,-96.25320566107781,-119.24978118277069
nls_spike,Waves,EMI TG12345 console channel,console-emi,matched_thd_0.1_pct,full,thd_0.1_pct,1000.0,-15.0,0.07430676930423281,-62.57943240915989,0.414,-141.5455354953983,False,0,-62.93789259511633,-73.7304844014487,-99.61940112295193,-89.36995175003892,-121.06908923494261,-99.30749218931695,-122.32195668362772
nls_spike,Waves,EMI TG12345 console channel,console-emi,matched_thd_0.1_pct,full,thd_0.1_pct,1000.0,-18.0,0.05420481482790519,-65.31924269715947,0.411,-144.55317478747082,False,0,-65.68558047169947,-76.3665590335725,-104.95276177923189,-92.2760084423782,-131.8191894719866,-102.41776040737108,-124.24749846385474
nls_spike,Waves,EMI TG12345 console channel,console-emi,matched_thd_0.1_pct,full,thd_0.1_pct,1000.0,-21.0,0.03921500345756931,-68.13095484724678,0.409,-147.5577249317122,False,0,-68.50304620451756,-79.10565709339569,-110.19269681120385,-95.188526162301,-136.42011184057444,-105.5928999542742,-125.30356148532047
nls_spike,Waves,EMI TG12345 console channel,console-emi,matched_thd_0.1_pct,full,thd_0.1_pct,1000.0,-24.0,0.02819709589330298,-70.99591237436493,0.408,-150.5603365404374,False,0,-71.37206978618201,-81.92127490911793,-115.13768888616943,-98.09089662285592,-130.79601092181542,-108.85289908069294,-125.84973951434188
nls_spike,Waves,EMI TG12345 console channel,console-emi,matched_thd_0.1_pct,full,thd_0.1_pct,1000.0,-27.0,0.020183830886391932,-73.89992802568605,0.407,-153.56338859679443,False,0,-74.2788239580014,-84.7937524776786,-119.52265198021665,-100.96781162712264,-128.7379118177065,-112.2309178733932,-126.1298443725253
nls_spike,Waves,EMI TG12345 console channel,console-emi,matched_thd_0.1_pct,full,thd_0.1_pct,1000.0,-3.0,0.22669343496595354,-52.89122113689128,0.434,-129.49709434027727,False,0,-53.18903349527816,-65.03781559483483,-79.71276037976953,-78.44173314063765,-95.16001257854245,-87.52866370937001,-105.0013231304685
nls_spike,Waves,EMI TG12345 console channel,console-emi,matched_thd_0.1_pct,full,thd_0.1_pct,1000.0,-30.0,0.014400387821770574,-76.83251623227987,0.406,-156.56427686236543,False,0,-77.21311478082893,-87.7088861709902,-123.059028135209,-103.80336194845844,-127.83812233323277,-115.78105325053188,-126.26903506008823
nls_spike,Waves,EMI TG12345 console channel,console-emi,matched_thd_0.1_pct,full,thd_0.1_pct,1000.0,-36.0,0.0072817580844218,-82.75527506707989,0.405,-162.5686720335906,False,0,-83.13688129885858,-93.63337683314327,-127.22099730638712,-109.27520425998567,-127.21619247627447,-123.67853417259072,-126.371521766994
nls_spike,Waves,EMI TG12345 console channel,console-emi,matched_thd_0.1_pct,full,thd_0.1_pct,1000.0,-42.0,0.00366155539487111,-88.72668782262308,0.405,-168.56859607503682,False,0,-89.10730306800266,-99.6593206891882,-128.66712597397628,-114.31445688239803,-127.0697667458727,-131.38603369200152,-126.40483439743754
nls_spike,Waves,EMI TG12345 console channel,console-emi,matched_thd_0.1_pct,full,thd_0.1_pct,1000.0,-48.0,0.0018346684851236114,-94.7288479807007,0.404,-174.5681421283101,False,0,-95.10998815213111,-105.8026969361294,-129.0731349997695,-118.66570803311174,-127.02367054481704,-130.77754072627306,-126.39479322204365
nls_spike,Waves,EMI TG12345 console channel,console-emi,matched_thd_0.1_pct,full,thd_0.1_pct,1000.0,-54.0,0.0009177562238727659,-100.74545323188822,0.404,-180.56938922994587,False,0,-101.14602220111419,-112.13348653588324,-129.175099150959,-122.09428457060932,-127.01334855621033,-128.64897421002235,-126.40422390694309
nls_spike,Waves,EMI TG12345 console channel,console-emi,matched_thd_0.1_pct,full,thd_0.1_pct,1000.0,-6.0,0.17668012339233724,-55.05624612209765,0.427,-132.51312376342617,False,0,-55.37395235219836,-66.8303224161587,-84.29232193607473,-80.97508535907268,-100.76411809933568,-90.33697586461669,-110.21354417906487
nls_spike,Waves,EMI TG12345 console channel,console-emi,matched_thd_0.1_pct,full,thd_0.1_pct,1000.0,-60.0,0.0004615787524688434,-106.7150838193133,0.404,-186.56874802886028,False,0,-107.23202352259898,-118.81418868214887,-129.20704893392946,-124.50700966663383,-127.01704847860505,-127.56992670135624,-126.4033223005728
nls_spike,Waves,EMI TG12345 console channel,console-emi,matched_thd_0.1_pct,full,thd_0.1_pct,1000.0,-9.0,0.13464212478377438,-57.416380867770734,0.422,-135.5267371647378,False,0,-57.75086386174871,-68.91456168281518,-89.19241121633905,-83.68000627639813,-106.78297624142996,-93.25682536306489,-115.09380827484148
nls_spike,Waves,EMI TG12345 console channel,console-emi,matched_thd_0.1_pct,full,thd_0.1_pct,1000.0,0.0,6.718152553283986,-23.455002771729305,-0.198,-127.83578606706229,True,0,-41.619703071756575,-24.744191343455057,-54.03336988762448,-29.917232771499982,-63.925393435998465,-41.92479911023871,-55.92457402651733
nls_spike,Waves,EMI TG12345 console channel,console-emi,matched_thd_0.1_pct,full,thd_0.1_pct,1000.0,3.0,19.040301521377508,-14.406523568575459,-2.639,-127.97192665956244,True,0,-42.00875689737184,-14.519705743324216,-50.43862513907616,-40.91164411782224,-61.1425430215828,-31.09966132815937,-56.11116361720195
nls_spike,Waves,EMI TG12345 console channel,console-emi,matched_thd_1_pct,full,thd_1_pct,100.0,-12.0,1.2680422160485099,-37.93732575098291,4.103,-134.43782743331275,False,0,-38.2567157985326,-49.68691270443732,-67.2727217332093,-63.86216741716452,-83.29720159436445,-73.02682298298487,-94.12872869167957
nls_spike,Waves,EMI TG12345 console channel,console-emi,matched_thd_1_pct,full,thd_1_pct,100.0,-15.0,0.9697756420878871,-40.26657456567346,4.062,-137.5325906300865,False,0,-40.60273981006813,-51.74185041707379,-72.18376707244941,-66.55014908770147,-88.91531708370742,-75.86896565280357,-99.94381933940835
nls_spike,Waves,EMI TG12345 console channel,console-emi,matched_thd_1_pct,full,thd_1_pct,100.0,-18.0,0.7276937949609114,-42.761026565765704,4.03,-140.60655399754967,False,0,-43.1107203838705,-54.03529302927538,-77.371336982309,-69.35913905041838,-94.69091587133926,-78.77442578080128,-105.83764002046635
nls_spike,Waves,EMI TG12345 console channel,console-emi,matched_thd_1_pct,full,thd_1_pct,100.0,-21.0,0.5378997921648818,-45.385972470439036,4.005,-143.66498698027283,False,0,-45.74620549991263,-56.5142940458717,-82.77539770684511,-72.2446692099214,-100.56607586828052,-81.71721376197317,-111.7476779431619
nls_spike,Waves,EMI TG12345 console channel,console-emi,matched_thd_1_pct,full,thd_1_pct,100.0,-24.0,0.3930464089658342,-48.1111233452744,3.986,-146.71029542038366,False,0,-48.47935671367259,-59.13419797836922,-88.34477705624815,-75.17685287893177,-106.49841950962164,-84.68209845684883,-117.54479968658924
nls_spike,Waves,EMI TG12345 console channel,console-emi,matched_thd_1_pct,full,thd_1_pct,100.0,-27.0,0.28472188178926755,-50.91158309294777,3.972,-149.74236241919624,False,0,-51.28577296092324,-61.859153521022385,-94.03900592454342,-78.13666615830118,-112.41350462169811,-87.65980855901661,-122.85125297107301
nls_spike,Waves,EMI TG12345 console channel,console-emi,matched_thd_1_pct,full,thd_1_pct,100.0,-3.0,2.577677649330301,-31.775427882943596,4.264,-124.84419167234877,True,0,-31.958318455750945,-48.61858277013219,-71.58475321028507,-50.81637639256051,-54.79277592744825,-61.73087946249883,-58.82298986688938
nls_spike,Waves,EMI TG12345 console channel,console-emi,matched_thd_1_pct,full,thd_1_pct,100.0,-30.0,0.20493417876126385,-53.76771208531525,3.962,-152.76832824293194,False,0,-54.146275639488536,-64.66130010369677,-99.82291108300797,-81.11280259898385,-118.14764334636956,-90.6459633562293,-126.83414687544402
nls_spike,Waves,EMI TG12345 console channel,console-emi,matched_thd_1_pct,full,thd_1_pct,100.0,-36.0,0.10482481710537139,-59.5907177333073,3.949,-158.79912500055516,False,0,-59.97475667244178,-70.41840179667754,-111.47121883567286,-87.08937575838567,-126.47232272414163,-96.63012436261349,-129.63483482778494
nls_spike,Waves,EMI TG12345 console channel,console-emi,matched_thd_1_pct,full,thd_1_pct,100.0,-42.0,0.05308470941273393,-65.50061111282217,3.942,-164.81672623629063,False,0,-65.88749539138676,-76.29483369022218,-121.61739249736414,-93.07974225624135,-128.37308680741415,-102.6197781919533,-129.939057952289
nls_spike,Waves,EMI TG12345 console channel,console-emi,matched_thd_1_pct,full,thd_1_pct,100.0,-48.0,0.026745986773630822,-71.45482748991873,3.939,-170.82616795353624,False,0,-71.8432204492733,-82.23188466009046,-125.44912084565894,-99.07192377385599,-128.50314459044108,-108.59564972391371,-129.97268789275003
nls_spike,Waves,EMI TG12345 console channel,console-emi,matched_thd_1_pct,full,thd_1_pct,100.0,-54.0,0.013441603907708731,-77.43097812756793,3.937,-176.82878392341303,False,0,-77.820350594631,-88.1984332271335,-125.83562466258917,-105.05459594741416,-128.52001337163713,-114.49792582731625,-129.97027381014246
nls_spike,Waves,EMI TG12345 console channel,console-emi,matched_thd_1_pct,full,thd_1_pct,100.0,-6.0,2.014079111897528,-33.91846949207541,4.212,-128.2052086092656,False,0,-34.195719331788034,-46.52943179728226,-58.548554178975294,-59.10761557381594,-72.84112940574568,-67.71611616406022,-82.99965232538055
nls_spike,Waves,EMI TG12345 console channel,console-emi,matched_thd_1_pct,full,thd_1_pct,100.0,-60.0,0.006747816594841438,-83.41673460029125,3.937,-182.83081371077333,False,0,-83.80743959937014,-94.17594569289507,-125.85013796716721,-110.98653008036155,-128.52770420416763,-120.11210136709808,-129.9913836972095
nls_spike,Waves,EMI TG12345 console channel,console-emi,matched_thd_1_pct,full,thd_1_pct,100.0,-9.0,1.6199639918533184,-35.80989277474252,4.154,-131.3280781494075,False,0,-36.1093968232304,-47.92941504501154,-62.70516732413013,-61.35607998806386,-77.90920921648191,-70.28894234970186,-88.45506418743405
nls_spike,Waves,EMI TG12345 console channel,console-emi,matched_thd_1_pct,full,thd_1_pct,100.0,0.0,13.11588708466746,-17.64404661699296,3.061,-122.67590904513462,True,0,-21.153231450319254,-20.82174555224093,-47.348774489231474,-30.781425826818243,-35.265623095956244,-44.6659984847426,-41.349619088157255
nls_spike,Waves,EMI TG12345 console channel,console-emi,matched_thd_1_pct,full,thd_1_pct,100.0,3.0,22.601002388603852,-12.917445976179929,0.517,-122.41904719581615,True,0,-22.828819129349185,-13.636181175589853,-29.257454485981334,-31.47867059574084,-54.94870425591288,-33.08404694659151,-37.32690664020291
nls_spike,Waves,EMI TG12345 console channel,console-emi,matched_thd_1_pct,full,thd_1_pct,1000.0,-12.0,0.992786985785613,-40.06287849075341,4.273,-134.5149142745243,False,0,-40.38771441857375,-51.71479728641366,-70.33709714825848,-66.16013150474602,-86.74624289923086,-75.46716376081817,-97.40077963367756
nls_spike,Waves,EMI TG12345 console channel,console-emi,matched_thd_1_pct,full,thd_1_pct,1000.0,-15.0,0.7531598257591565,-42.462257074128075,4.24,-137.59258224360042,False,0,-42.802631302742085,-53.86917375957495,-75.35167136303927,-68.90106849649204,-92.49933766184097,-78.34941593744765,-103.0366684974827
nls_spike,Waves,EMI TG12345 console channel,console-emi,matched_thd_1_pct,full,thd_1_pct,1000.0,-18.0,0.5615259470343686,-45.01260342051734,4.214,-140.6558324060814,False,0,-45.36532793684944,-56.24075975893284,-80.61070660855353,-71.74258502592501,-98.45782606434206,-81.28621487720378,-108.54055339170868
nls_spike,Waves,EMI TG12345 console channel,console-emi,matched_thd_1_pct,full,thd_1_pct,1000.0,-21.0,0.4130096464598058,-47.68079609252146,4.195,-143.703132262789,False,0,-48.04303028558849,-58.779684733424666,-86.05060090981232,-74.64562173506421,-104.65563480404022,-84.25759227672194,-113.69178686495704
nls_spike,Waves,EMI TG12345 console channel,console-emi,matched_thd_1_pct,full,thd_1_pct,1000.0,-24.0,0.3006536600957217,-50.4386700954949,4.18,-146.740047914022,False,0,-50.80805037451498,-61.44477148635182,-91.61203251730996,-77.58424248017361,-111.24177968053857,-87.25325284179796,-118.16036517565287
nls_spike,Waves,EMI TG12345 console channel,console-emi,matched_thd_1_pct,full,thd_1_pct,1000.0,-27.0,0.21718275603490247,-53.26349320009713,4.169,-149.7660673260757,False,0,-53.6381418303304,-64.20344826612852,-97.2333542576607,-80.54194076914597,-118.6473181699939,-90.26851835198616,-121.58133440353706
nls_spike,Waves,EMI TG12345 console channel,console-emi,matched_thd_1_pct,full,thd_1_pct,1000.0,-3.0,2.096776781274401,-33.568956024176806,4.404,-125.14162880104351,True,0,-33.759052739185776,-50.361524899384726,-76.5629941669994,-52.436083906465115,-56.419506265394475,-62.309838456013324,-59.86887159872193
nls_spike,Waves,EMI TG12345 console channel,console-emi,matched_thd_1_pct,full,thd_1_pct,1000.0,-30.0,0.15599858691194013,-56.137586712285945,4.162,-152.785815943986,False,0,-56.51605592008696,-67.03077153815433,-102.84129983292098,-83.50789677885034,-128.2545161771955,-93.30405099140614,-123.81765291436403
nls_spike,Waves,EMI TG12345 console channel,console-emi,matched_thd_1_pct,full,thd_1_pct,1000.0,-36.0,0.07958339447371965,-61.98355081629189,4.152,-158.8094928595745,False,0,-62.366642519075306,-72.82176138559423,-113.53329279682274,-89.43794838300911,-131.7770965462273,-99.45075017807987,-125.74033808162689
nls_spike,Waves,EMI TG12345 console channel,console-emi,matched_thd_1_pct,full,thd_1_pct,1000.0,-42.0,0.04024148122690562,-67.90652083894706,4.147,-164.8220067732732,False,0,-68.2916774426283,-78.72170487504087,-122.09057273725405,-95.32783849470569,-128.00044754434046,-105.76845401577475,-126.2412833031108
nls_spike,Waves,EMI TG12345 console channel,console-emi,matched_thd_1_pct,full,thd_1_pct,1000.0,-48.0,0.020253778679399724,-73.86987880057225,4.144,-170.8279521913911,False,0,-74.25549482333882,-84.6829364798024,-126.8488311029194,-101.12336494842425,-127.24089903961419,-112.42541079636423,-126.35922064160783
nls_spike,Waves,EMI TG12345 console channel,console-emi,matched_thd_1_pct,full,thd_1_pct,1000.0,-54.0,0.010167444295289006,-79.85576396600597,4.143,-176.83180759195037,False,0,-80.24056603521002,-90.68681146559273,-128.5565478089521,-106.7337776705981,-127.07162307074799,-119.79670222721194,-126.38928950832864
nls_spike,Waves,EMI TG12345 console channel,console-emi,matched_thd_1_pct,full,thd_1_pct,1000.0,-6.0,1.6103767222467185,-35.861450314708776,4.361,-128.30972344444618,False,0,-36.146038361347664,-48.2892592305008,-61.31663851188093,-61.216364137981,-76.00969551285226,-70.02052510617288,-86.28699048500695
nls_spike,Waves,EMI TG12345 console channel,console-emi,matched_thd_1_pct,full,thd_1_pct,1000.0,-60.0,0.005095325461579771,-85.85656140820956,4.143,-182.8327960325979,False,0,-86.23943524873026,-96.73489625990038,-129.06196558178243,-112.00846695469949,-127.0307358343822,-128.2018997790473,-126.40619924887993
nls_spike,Waves,EMI TG12345 console channel,console-emi,matched_thd_1_pct,full,thd_1_pct,1000.0,-9.0,1.280751630903919,-37.85070164844883,4.313,-131.41981839089954,False,0,-38.156776785807374,-49.83468853105151,-65.63537151029296,-63.57487331254323,-81.22757340165438,-72.67332518991581,-91.77776050237514
nls_spike,Waves,EMI TG12345 console channel,console-emi,matched_thd_1_pct,full,thd_1_pct,1000.0,0.0,12.724610707116963,-17.90710990923409,3.206,-123.53171888919947,True,0,-21.575595601920593,-20.93895793480077,-45.7510771416586,-31.148719526476384,-35.46743463450886,-45.5502397868711,-41.39352798244353
nls_spike,Waves,EMI TG12345 console channel,console-emi,matched_thd_1_pct,full,thd_1_pct,1000.0,3.0,22.199736649153984,-13.073043549273365,0.664,-123.57739472617422,True,0,-23.267884801250872,-13.747349508798251,-29.778145060588148,-31.612604877680237,-64.16322857833234,-33.42505588910443,-37.48874296732414
nlsbuss_mike,Waves,SSL 4000 G+ console buss,console-ssl,drive_0,full,,100.0,-12.0,0.04229937935378666,-67.47332009703965,0.236,-137.54464105762239,False,0,-77.0658388850149,-68.0904763581782,-119.06621618987744,-84.38433740429195,-137.89200565094893,-93.93096796301586,-139.48612407029418
nlsbuss_mike,Waves,SSL 4000 G+ console buss,console-ssl,drive_0,full,,100.0,-15.0,0.030624233833903645,-70.27869535597362,0.233,-140.5758159860178,False,0,-79.9235744798099,-70.8847919821829,-124.6208653419663,-87.36291342467143,-141.8350889440708,-96.92541187943371,-140.2228608109549
nlsbuss_mike,Waves,SSL 4000 G+ console buss,console-ssl,drive_0,full,,100.0,-18.0,0.022030702241896072,-73.13943318461091,0.23,-143.5965467873593,False,0,-82.82198276893767,-73.73770101412858,-130.00112548332578,-90.35025271247031,-143.2319528190178,-99.9253540546947,-140.55693264075643
nlsbuss_mike,Waves,SSL 4000 G+ console buss,console-ssl,drive_0,full,,100.0,-21.0,0.015775961900096017,-76.04008302498178,0.228,-146.61256492211675,False,0,-85.75007500749709,-76.63278977841748,-134.99665934623252,-93.34077529375955,-143.28589601797862,-102.92858700822683,-140.6542453242328
nlsbuss_mike,Waves,SSL 4000 G+ console buss,console-ssl,drive_0,full,,100.0,-24.0,0.011259305955619586,-78.96976758744559,0.227,-149.62374226049033,False,0,-88.6998266949787,-79.55851810162494,-139.17657544428081,-96.33312443594848,-143.28664541673686,-105.93477367591332,-140.75823913918222
nlsbuss_mike,Waves,SSL 4000 G+ console buss,console-ssl,drive_0,full,,100.0,-27.0,0.008016699232873872,-81.9200881954677,0.226,-152.6313694048322,False,0,-91.66500350898902,-82.50602868503358,-142.02662953580517,-99.3251705456336,-143.05144042982772,-108.94461253976401,-140.81218771421635
nlsbuss_mike,Waves,SSL 4000 G+ console buss,console-ssl,drive_0,full,,100.0,-3.0,0.10440127805007327,-59.625883695890266,0.257,-128.39516235080498,False,0,-68.90909033512327,-60.31221303136742,-102.68631882625358,-75.59629630505286,-120.1422683149261,-85.01298705839689,-129.9035635245026
nlsbuss_mike,Waves,SSL 4000 G+ console buss,console-ssl,drive_0,full,,100.0,-30.0,0.005697885948440816,-84.88572496103414,0.225,-155.63668982266475,False,0,-94.64282902595144,-85.469545595447,-143.92791418603423,-102.3166551419933,-142.96867479929304,-111.96275234706206,-140.84451015364547
nlsbuss_mike,Waves,SSL 4000 G+ console buss,console-ssl,drive_0,full,,100.0,-36.0,0.0028684585684482793,-90.84702837231015,0.224,-161.6449834017436,False,0,-100.62348520179044,-91.42818008988728,-145.25674291064158,-108.2874616097886,-142.9623077174366,-118.01877745066787,-140.78443261621115
nlsbuss_mike,Waves,SSL 4000 G+ console buss,console-ssl,drive_0,full,,100.0,-42.0,0.0014396953908851003,-96.83458771436781,0.224,-167.64885055842282,False,0,-106.6338345002142,-97.41400173803152,-145.53833220510558,-114.23085351430869,-143.03120757875237,-124.10110344682533,-140.76052019412626
nlsbuss_mike,Waves,SSL 4000 G+ console buss,console-ssl,drive_0,full,,100.0,-48.0,0.0007209964992572368,-102.84133687917468,0.223,-173.6494505315238,False,0,-112.67503920363492,-103.4204202667269,-145.5529901544498,-120.10723990472414,-143.00407204594313,-130.1638048922686,-140.85120606365666
nlsbuss_mike,Waves,SSL 4000 G+ console buss,console-ssl,drive_0,full,,100.0,-54.0,0.0003602513684631378,-108.86788721570011,0.223,-179.6520020678871,False,0,-118.77912038773091,-109.44917102314923,-145.59421589164623,-125.86482185658183,-142.9975991731251,-135.8408044567825,-140.8297407575382
nlsbuss_mike,Waves,SSL 4000 G+ console buss,console-ssl,drive_0,full,,100.0,-6.0,0.07837568352279335,-62.116373172313416,0.248,-131.45846216066897,False,0,-71.53650695647326,-62.771320230394075,-108.02523120966262,-78.4846677428869,-126.14281728525364,-87.96747606602366,-134.4976818406927
nlsbuss_mike,Waves,SSL 4000 G+ console buss,console-ssl,drive_0,full,,100.0,-60.0,0.00017978646329280343,-114.9048602162999,0.223,-185.65200191192287,False,0,-124.97676625066217,-115.50569301544357,-145.63050522943067,-131.31927309671,-142.94673425395254,-140.04511877894313,-140.86489835253983
nlsbuss_mike,Waves,SSL 4000 G+ console buss,console-ssl,drive_0,full,,100.0,-9.0,0.05791904568991331,-64.74357204913913,0.241,-134.50766800997735,False,0,-74.2636823182052,-65.37636779289959,-113.50806703423666,-81.42068093724546,-132.23324504804475,-90.94308139807183,-137.74896423775292
nlsbuss_mike,Waves,SSL 4000 G+ console buss,console-ssl,drive_0,full,,100.0,0.0,2.3361751718017123,-32.62989191873886,0.198,-125.25788340673964,True,0,-37.687641744775895,-39.02265114040763,-40.055619141385925,-41.54732632084237,-43.49892022703827,-46.00741971253265,-49.3124817139175
nlsbuss_mike,Waves,SSL 4000 G+ console buss,console-ssl,drive_0,full,,100.0,3.0,13.522458545907218,-17.378886824911664,-1.621,-121.87651031252562,True,0,-33.716705701082546,-17.672027004147743,-49.875051372457015,-35.15839393719864,-43.160393711514615,-33.9689594130825,-53.85676142750824
nlsbuss_mike,Waves,SSL 4000 G+ console buss,console-ssl,drive_0,full,,1000.0,-12.0,0.061968706937037064,-64.15655131824201,0.08,-137.4406365121011,False,0,-73.9373950223713,-64.76414065505041,-114.44938230676695,-80.61433568339896,-123.52779777889839,-89.74077480926196,-125.69530918795851
nlsbuss_mike,Waves,SSL 4000 G+ console buss,console-ssl,drive_0,full,,1000.0,-15.0,0.045073885057333354,-66.92150014266537,0.073,-140.46881562856368,False,0,-76.76448898642388,-67.5156791734352,-120.04093418156744,-83.5906579036612,-124.673893680323,-92.6942462164138,-125.41243075387774
nlsbuss_mike,Waves,SSL 4000 G+ console buss,console-ssl,drive_0,full,,1000.0,-18.0,0.032536995379025026,-69.75245108733026,0.068,-143.4909863979752,False,0,-79.64025802589302,-70.33711117909445,-124.77531130948014,-86.58203395319596,-125.22247692106534,-95.64017382111922,-125.25147332543064
nlsbuss_mike,Waves,SSL 4000 G+ console buss,console-ssl,drive_0,full,,1000.0,-21.0,0.02335789749141322,-72.63132503681933,0.064,-146.50469575678218,False,0,-82.55142191664686,-73.20921439737737,-127.41519487416414,-89.58394120627075,-125.47638939543182,-98.56861465836147,-125.1707414190086
nlsbuss_mike,Waves,SSL 4000 G+ console buss,console-ssl,drive_0,full,,1000.0,-24.0,0.016701978022279136,-75.54464184256878,0.061,-149.51504492451963,False,0,-85.48810607887947,-76.1176974212367,-128.13910274026097,-92.59435198380352,-125.60686474942312,-101.47270986597414,-125.14629234397079
nlsbuss_mike,Waves,SSL 4000 G+ console buss,console-ssl,drive_0,full,,1000.0,-27.0,0.011908864380981765,-78.48259300978634,0.06,-152.52341055534797,False,0,-88.44314090354882,-79.05221932112602,-128.19289099873916,-95.61308373712353,-125.67352455947854,-104.33674158642609,-125.12516850482385
nlsbuss_mike,Waves,SSL 4000 G+ console buss,console-ssl,drive_0,full,,1000.0,-3.0,0.14905694010750895,-56.532955967235985,0.118,-128.2899750467735,False,0,-65.94817636630255,-57.22433366055954,-97.97246845347934,-71.90228676531886,-113.28927278414206,-80.92423343930845,-126.23374109121558
nlsbuss_mike,Waves,SSL 4000 G+ console buss,console-ssl,drive_0,full,,1000.0,-30.0,0.008474441844050707,-81.43777792628859,0.058,-155.52909369379708,False,0,-91.41154604325865,-82.0049682508922,-128.10025672420613,-98.64222082359541,-125.7028119547037,-107.14218544823608,-125.12016964065714
nlsbuss_mike,Waves,SSL 4000 G+ console buss,console-ssl,drive_0,full,,1000.0,-36.0,0.004275656895901622,-87.37994304866247,0.057,-161.53573227234048,False,0,-97.37411721417283,-87.9450287209017,-128.00698452608694,-104.73849955206988,-125.73358112071253,-112.46700195459658,-125.11804623118056
nlsbuss_mike,Waves,SSL 4000 G+ console buss,console-ssl,drive_0,full,,1000.0,-42.0,0.0021530955955471024,-93.33873374912304,0.056,-167.5389213045587,False,0,-103.35568063992187,-93.90838160822548,-127.98976778880872,-110.89625620732969,-125.74010244642639,-117.12022916127529,-125.1152875326257
nlsbuss_mike,Waves,SSL 4000 G+ console buss,console-ssl,drive_0,full,,1000.0,-48.0,0.001086774809678661,-99.27720873273003,0.055,-173.54109552544395,False,0,-109.34325582570557,-99.87534602839696,-127.9748337128836,-117.05053022572606,-125.73854420283695,-120.6668484581485,-125.12109724530757
nlsbuss_mike,Waves,SSL 4000 G+ console buss,console-ssl,drive_0,full,,1000.0,-54.0,0.0005558124207003026,-105.10143504605131,0.055,-179.54128757264144,False,0,-115.30123864523051,-105.82415995276943,-127.97445141767781,-122.66753631632463,-125.7519764653796,-122.9046715736134,-125.13050421948822
nlsbuss_mike,Waves,SSL 4000 G+ console buss,console-ssl,drive_0,full,,1000.0,-6.0,0.11314271996721617,-58.927467699369515,0.102,-131.35417865834506,False,0,-68.50397967803477,-59.58084972188857,-103.26838234672519,-74.74916782604402,-117.83970229310697,-83.843233557312,-126.96310436680564
nlsbuss_mike,Waves,SSL 4000 G+ console buss,console-ssl,drive_0,full,,1000.0,-60.0,0.00029791071936522334,-110.5182773960945,0.055,-185.54289532214372,False,0,-121.1250148278985,-111.71241492147226,-127.98044339943333,-126.18765665402907,-125.74738310994661,-124.11058111193937,-125.1193143717907
nlsbuss_mike,Waves,SSL 4000 G+ console buss,console-ssl,drive_0,full,,1000.0,-9.0,0.08431839929036924,-61.4815529349357,0.089,-134.4016969152766,False,0,-71.17639291981249,-62.108100977209915,-108.78457626701959,-77.66182599758524,-121.34358049223869,-86.78706900520952,-126.23595635145712
nlsbuss_mike,Waves,SSL 4000 G+ console buss,console-ssl,drive_0,full,,1000.0,0.0,6.090077326865981,-24.307543860255482,-0.174,-125.65548796492926,False,0,-32.00326851933299,-26.87502373640898,-38.11673156275657,-31.303114716579366,-54.86116224251425,-39.872171180276666,-46.27258873371534
nlsbuss_mike,Waves,SSL 4000 G+ console buss,console-ssl,drive_0,full,,1000.0,3.0,18.156347977707572,-14.819430046508407,-2.307,-125.45609352632509,False,0,-31.897301127206465,-15.039904811768071,-46.223982067397586,-49.92512089868147,-44.03224415455348,-30.496261052577623,-46.96098955555685
nlsbuss_mike,Waves,SSL 4000 G+ console buss,console-ssl,drive_12,full,,100.0,-12.0,1.524447720661612,-36.337749294354964,7.215,-138.3267725945995,False,0,-45.64182287362722,-37.01908089684724,-79.8474078732027,-52.37179391503708,-97.04486352664448,-61.79294924577274,-108.17586892062828
nlsbuss_mike,Waves,SSL 4000 G+ console buss,console-ssl,drive_12,full,,100.0,-15.0,1.1533737849223857,-38.76059847818225,7.117,-141.9076530523368,False,0,-48.19558252428038,-39.41204672587577,-85.16624327166936,-55.18017879160175,-102.77225440087577,-64.66094713441724,-113.9522727469402
nlsbuss_mike,Waves,SSL 4000 G+ console buss,console-ssl,drive_12,full,,100.0,-18.0,0.8571864768114958,-41.33849378229321,7.046,-146.00007013209023,False,0,-50.86876204190621,-41.96885837248442,-90.68110067254607,-58.056827546599266,-108.52912322420238,-67.57140228003966,-119.63074222847597
nlsbuss_mike,Waves,SSL 4000 G+ console buss,console-ssl,drive_12,full,,100.0,-21.0,0.6285961005176549,-44.03256634893058,6.993,-150.01637400266506,False,0,-53.6316133961794,-44.64805489265977,-96.35524995771132,-60.97715312290231,-114.22777429106802,-70.51001784133155,-124.85219738100545
nlsbuss_mike,Waves,SSL 4000 G+ console buss,console-ssl,drive_12,full,,100.0,-24.0,0.45644232200756973,-46.81228187919548,6.956,-153.91840261240725,False,0,-56.460649752614216,-47.41727120454172,-102.17138106863524,-63.925338227769224,-119.69538266298662,-73.46752257312835,-128.9417880234081
nlsbuss_mike,Waves,SSL 4000 G+ console buss,console-ssl,drive_12,full,,100.0,-27.0,0.32906422577256633,-49.654386589546526,6.929,-157.67142887786503,False,0,-59.33788071400852,-50.25196954015986,-108.13829486444355,-66.89141072782346,-124.56890468231325,-76.43781635747564,-131.23804785964055
nlsbuss_mike,Waves,SSL 4000 G+ console buss,console-ssl,drive_12,full,,100.0,-3.0,25.21133887153016,-11.968081801998533,3.647,-122.16992984477919,True,0,-37.51925842650677,-12.473181533977627,-38.11475617288954,-21.90184305001476,-44.13969138988115,-38.15598763680089,-56.88394235205871
nlsbuss_mike,Waves,SSL 4000 G+ console buss,console-ssl,drive_12,full,,100.0,-30.0,0.23600609454096963,-52.54153563624726,6.91,-161.28863457968774,False,0,-62.24988004105995,-53.133897684977796,-114.31573862014817,-69.86913356443974,-128.30601588196893,-79.41674368704271,-132.11070829648372
nlsbuss_mike,Waves,SSL 4000 G+ console buss,console-ssl,drive_12,full,,100.0,-36.0,0.1201780278635791,-58.403498541817996,6.886,-168.1426608326691,False,0,-68.14115351405681,-58.98962292695145,-127.63710141973375,-75.84578365353083,-131.65464503948573,-85.39004544203056,-132.48401570242973
nlsbuss_mike,Waves,SSL 4000 G+ console buss,console-ssl,drive_12,full,,100.0,-42.0,0.060725038235632106,-64.33264406136851,6.874,-174.62681032027828,False,0,-74.08285930634199,-64.91580151347931,-134.88296104327884,-81.83942409994002,-132.26773095093006,-91.37355661246261,-132.47855826224477
nlsbuss_mike,Waves,SSL 4000 G+ console buss,console-ssl,drive_12,full,,100.0,-48.0,0.0305683005169036,-70.29457411500888,6.868,-180.88197119326503,False,0,-80.04669771267159,-70.87656337755851,-133.23680785629594,-87.8456586314594,-132.41996036548477,-97.35707686281167,-132.4829885987464
nlsbuss_mike,Waves,SSL 4000 G+ console buss,console-ssl,drive_12,full,,100.0,-54.0,0.015362877430722158,-76.2705486870681,6.865,-187.01540558255928,False,0,-86.01490912525708,-76.85258485502376,-132.65080752044332,-93.86758418418071,-132.46087181215995,-103.3338861824555,-132.47982898564982
nlsbuss_mike,Waves,SSL 4000 G+ console buss,console-ssl,drive_12,full,,100.0,-6.0,18.018792688519703,-14.885486227493406,6.184,-123.81929310726049,True,0,-33.84052351369978,-15.068894581217611,-39.46434444583288,-37.39424356745412,-50.9267281235481,-32.24838754659082,-45.184634555975656
nlsbuss_mike,Waves,SSL 4000 G+ console buss,console-ssl,drive_12,full,,100.0,-60.0,0.007719184415220712,-82.24857166862348,6.864,-193.07951854167524,False,0,-91.97176243585467,-82.83198123533852,-132.4555054928104,-99.91543867836056,-132.46664399183513,-109.28081952519915,-132.43909276186236
nlsbuss_mike,Waves,SSL 4000 G+ console buss,console-ssl,drive_12,full,,100.0,-9.0,8.15675306108645,-21.769653707959655,8.068,-127.13865835411924,False,0,-30.704504482425232,-23.174595202100683,-46.21787170675682,-30.41744856814734,-45.26546339748023,-57.06208773612043,-46.078908086324546
nlsbuss_mike,Waves,SSL 4000 G+ console buss,console-ssl,drive_12,full,,100.0,0.0,30.46244110003464,-10.324705950533993,0.877,-121.86611642107236,True,0,-41.716789408166534,-11.367379436728285,-39.654685306090855,-17.938762897922146,-41.63333401721324,-24.606588312457166,-45.87185557967626
nlsbuss_mike,Waves,SSL 4000 G+ console buss,console-ssl,drive_12,full,,100.0,3.0,33.80645113754738,-9.420008345864447,-1.999,-121.66899545619829,True,0,-46.40331280611325,-10.85134727995891,-42.22635441466928,-16.27875359008748,-42.53843573236008,-20.78090425289542,-44.113002923202316
nlsbuss_mike,Waves,SSL 4000 G+ console buss,console-ssl,drive_12,full,,1000.0,-12.0,1.082600150102011,-39.31063834060448,7.035,-138.6685967915444,False,0,-45.93470342945241,-40.56188033967385,-74.94926175613136,-54.58988531329218,-68.56769916618363,-67.68319239106225,-76.63031934814077
nlsbuss_mike,Waves,SSL 4000 G+ console buss,console-ssl,drive_12,full,,1000.0,-15.0,0.7814977094073352,-42.14144581145539,6.913,-141.9276338389868,False,0,-51.866331437454434,-42.761326835763356,-90.2359783435451,-58.408180707990084,-108.11384354452203,-67.61383832447451,-117.48623916188181
nlsbuss_mike,Waves,SSL 4000 G+ console buss,console-ssl,drive_12,full,,1000.0,-18.0,0.5776566252169504,-44.76660482629281,6.822,-145.89597244647882,False,0,-54.56856541070274,-45.36961490458795,-95.80758382249668,-61.28293945366367,-114.11087972938856,-70.51273131935771,-122.37296907929027
nlsbuss_mike,Waves,SSL 4000 G+ console buss,console-ssl,drive_12,full,,1000.0,-21.0,0.4219623159754643,-47.49452665350038,6.755,-149.86259557163743,False,0,-57.351848314956264,-48.08563729670614,-101.51532284207221,-64.19749701998397,-120.20485950231667,-73.44111494592585,-126.6058868537675
nlsbuss_mike,Waves,SSL 4000 G+ console buss,console-ssl,drive_12,full,,1000.0,-24.0,0.3055503869241701,-50.29834323977162,6.706,-153.7199250623836,False,0,-60.19517680239409,-50.88106121353619,-107.34025363123266,-67.1388998273977,-126.18271276844355,-76.39086019080506,-129.85189726319265
nlsbuss_mike,Waves,SSL 4000 G+ console buss,console-ssl,drive_12,full,,1000.0,-27.0,0.21984791078442767,-53.15755314253715,6.671,-157.44596446430006,False,0,-63.08236792017142,-53.734361168424975,-113.27619481933104,-70.09844205124378,-131.15410833062515,-79.35622894536736,-132.11346354832185
nlsbuss_mike,Waves,SSL 4000 G+ console buss,console-ssl,drive_12,full,,1000.0,-3.0,30.094114904675628,-10.430368502951254,3.153,-127.4065267844967,False,0,-33.97640401231994,-11.081200185278687,-38.93664712524967,-19.482640631171005,-44.74558440025429,-31.127897915565296,-52.10193883652933
nlsbuss_mike,Waves,SSL 4000 G+ console buss,console-ssl,drive_12,full,,1000.0,-30.0,0.1574562111553116,-56.056804062597145,6.645,-161.03666258780922,False,0,-66.0012364267269,-56.62946017725438,-119.30922020042419,-73.07039678337041,-133.67548490331723,-82.33341249992083,-133.45352653894753
nlsbuss_mike,Waves,SSL 4000 G+ console buss,console-ssl,drive_12,full,,1000.0,-36.0,0.08004511899413895,-61.93330290850784,6.614,-167.85587738334834,False,0,-71.90017695050147,-62.5010669466699,-130.3814796247731,-79.03747055518855,-134.10106849476958,-88.31249797693513,-134.6072019464253
nlsbuss_mike,Waves,SSL 4000 G+ console buss,console-ssl,drive_12,full,,1000.0,-42.0,0.04041332310658208,-67.86950873848001,6.598,-174.31667288141648,False,0,-77.84441057611804,-68.43511654147525,-133.6056901705479,-85.02142011486723,-133.96690898377318,-94.31934574246054,-134.98470833552386
nlsbuss_mike,Waves,SSL 4000 G+ console buss,console-ssl,drive_12,full,,1000.0,-48.0,0.02033656019416875,-73.83445006958831,6.59,-180.56154627249256,False,0,-83.80695949782941,-74.39954269833858,-133.27460408724588,-91.0145212422538,-133.86650921871433,-100.35623962657291,-135.11227681596577
nlsbuss_mike,Waves,SSL 4000 G+ console buss,console-ssl,drive_12,full,,1000.0,-54.0,0.010220098915950075,-79.8108980166222,6.585,-186.6835418124737,False,0,-89.76918229798228,-80.37693329624722,-133.1174441497488,-97.01242943540224,-133.84818947894345,-106.43914026464697,-135.1352890907653
nlsbuss_mike,Waves,SSL 4000 G+ console buss,console-ssl,drive_12,full,,1000.0,-6.0,22.651405225157117,-12.898097009799006,5.81,-127.94103699361928,False,0,-31.808130442746577,-13.114479023545142,-39.893711244336224,-28.973569103690195,-51.5522166567382,-33.607385637141796,-46.49064062560385
nlsbuss_mike,Waves,SSL 4000 G+ console buss,console-ssl,drive_12,full,,1000.0,-60.0,0.005136241631596015,-85.78709106638391,6.583,-192.74935464016605,False,0,-95.71228076214001,-86.35614710138557,-133.0690944584413,-103.01128722314775,-133.88792383061852,-112.6138172084302,-135.1274356962695
nlsbuss_mike,Waves,SSL 4000 G+ console buss,console-ssl,drive_12,full,,1000.0,-9.0,12.439452124170252,-18.103974940636128,8.001,-128.83234222593723,False,0,-29.876263588681205,-18.753110688649024,-49.83168142961941,-30.397380936588455,-42.49737557913573,-38.67199443585913,-53.52981084346826
nlsbuss_mike,Waves,SSL 4000 G+ console buss,console-ssl,drive_12,full,,1000.0,0.0,35.37842786685039,-9.025229400217139,0.321,-127.18319952581595,False,0,-36.03182655419488,-10.187616137280253,-40.16510847665718,-16.36088828244059,-43.601836894454145,-22.31691151256517,-46.85599991997418
nlsbuss_mike,Waves,SSL 4000 G+ console buss,console-ssl,drive_12,full,,1000.0,3.0,38.63511881423294,-8.260354956699796,-2.591,-126.94853740382746,False,0,-37.88245891131402,-9.76644567292872,-41.97888537279401,-14.999877205624701,-44.95138635832778,-19.266552110785476,-46.87790978359839
nlsbuss_mike,Waves,SSL 4000 G+ console buss,console-ssl,drive_3,curve,,1000.0,-12.0,0.11869790518674464,-58.511138910523215,0.654,-137.68490010070732,False,0,-68.28848068184432,-59.11950980889786,-108.5677443923143,-74.94985980689529,-122.26141425695678,-84.13811950855099,-126.57153264022662
nlsbuss_mike,Waves,SSL 4000 G+ console buss,console-ssl,drive_3,curve,,1000.0,-15.0,0.08642851171742907,-61.26685930808204,0.641,-140.7426095392174,False,0,-71.10690906256534,-61.86168495546453,-114.29574758044586,-77.91538020520694,-124.55277288126437,-87.1069045561539,-126.31932321488543
nlsbuss_mike,Waves,SSL 4000 G+ console buss,console-ssl,drive_3,curve,,1000.0,-18.0,0.06243738253434234,-64.09110622965508,0.631,-143.78414182939673,False,0,-73.97613970061558,-64.67635648398159,-119.93806359527058,-80.89640429368592,-125.67048122250107,-90.07812187767232,-126.15471587423332
nlsbuss_mike,Waves,SSL 4000 G+ console buss,console-ssl,drive_3,curve,,1000.0,-21.0,0.04484775652389488,-66.96518554678457,0.624,-146.8188474240226,False,0,-76.88237522136046,-67.5436614236281,-124.84211823475061,-83.88687866792966,-126.17007636069077,-93.0482255721991,-126.04770055682103
nlsbuss_mike,Waves,SSL 4000 G+ console buss,console-ssl,drive_3,curve,,1000.0,-24.0,0.032080434718114594,-69.87519510551361,0.619,-149.83719719443312,False,0,-79.81531126959256,-70.44886682543896,-127.82624236824495,-86.88425651514707,-126.39418286655459,-96.0109415335825,-126.0023129784432
nlsbuss_mike,Waves,SSL 4000 G+ console buss,console-ssl,drive_3,curve,,1000.0,-27.0,0.022879868303652455,-72.81092959335092,0.616,-152.8566654219661,False,0,-82.7672515701088,-73.381206706928,-128.85485623556622,-89.88680388847074,-126.50859877020261,-98.96252328664067,-125.99868350319906
nlsbuss_mike,Waves,SSL 4000 G+ console buss,console-ssl,drive_3,curve,,1000.0,-3.0,0.28383521308349063,-50.93867452435151,0.728,-128.3824030154847,False,0,-60.34639970471028,-51.63187312053292,-92.23123796109162,-66.28505874394587,-108.36775897206263,-75.32538921816843,-120.323421926066
nlsbuss_mike,Waves,SSL 4000 G+ console buss,console-ssl,drive_3,curve,,1000.0,-30.0,0.016283709062022707,-75.76493331362833,0.613,-155.86893283559778,False,0,-85.73304820620633,-76.33278399372398,-129.01142772624854,-92.89397741322745,-126.56042779408688,-101.89620395954577,-125.97881482548323
nlsbuss_mike,Waves,SSL 4000 G+ console buss,console-ssl,drive_3,curve,,1000.0,-36.0,0.008215212579714182,-81.70762388255199,0.61,-161.88127816104543,False,0,-91.6901037983301,-82.27272583605111,-128.958200546077,-98.92533816398637,-126.6127144608778,-107.65967942657883,-125.98764981721206
nlsbuss_mike,Waves,SSL 4000 G+ console buss,console-ssl,drive_3,curve,,1000.0,-42.0,0.004132971105890729,-87.67475261827622,0.608,-167.88859289124747,False,0,-97.6656801187874,-88.23969617460673,-128.9099224050773,-104.98368220172398,-126.62938621569184,-113.14814803009357,-125.98401884852149
nlsbuss_mike,Waves,SSL 4000 G+ console buss,console-ssl,drive_3,curve,,1000.0,-48.0,0.0020782662752294465,-93.64597619568976,0.608,-173.89347069666027,False,0,-103.64642705191474,-94.21654950864338,-128.8829645262729,-111.07198927755711,-126.61824325999814,-118.02365213722658,-125.98436159571789
nlsbuss_mike,Waves,SSL 4000 G+ console buss,console-ssl,drive_3,curve,,1000.0,-54.0,0.001048010006014339,-99.59269141696821,0.607,-179.89462723586087,False,0,-109.61735505500464,-100.19105603127292,-128.89165036619215,-117.10349598174083,-126.62992800093335,-121.7453751278616,-125.99234635335708
nlsbuss_mike,Waves,SSL 4000 G+ console buss,console-ssl,drive_3,curve,,1000.0,-6.0,0.2159897001768869,-53.311339167999506,0.696,-131.5095378928785,False,0,-62.88217872942575,-53.96604763091945,-97.47689584697595,-69.11252996817994,-113.69660553412703,-78.2356066396281,-124.93936546549858
nlsbuss_mike,Waves,SSL 4000 G+ console buss,console-ssl,drive_3,curve,,1000.0,-60.0,0.0005349574346975342,-105.4336154478521,0.607,-185.89653569880335,False,0,-115.54338027814521,-106.1462837488861,-128.88378882178026,-122.6009330367788,-126.63097936829229,-124.05081665989695,-125.99853325114792
nlsbuss_mike,Waves,SSL 4000 G+ console buss,console-ssl,drive_3,curve,,1000.0,-9.0,0.16127454536413985,-55.84868347432372,0.672,-134.60843436978695,False,0,-65.53914250458556,-56.47622625938226,-102.93734218339479,-72.00991201756956,-118.52713728064083,-81.17801791848713,-126.60831309351826
nlsbuss_mike,Waves,SSL 4000 G+ console buss,console-ssl,drive_3,curve,,1000.0,0.0,10.391143507649945,-19.66673314561137,0.037,-126.1480843471308,False,0,-31.071333347968814,-20.604762046148885,-44.531641033843414,-29.196859540720457,-43.841415037628515,-49.024951399666264,-46.208552341787765
nlsbuss_mike,Waves,SSL 4000 G+ console buss,console-ssl,drive_3,curve,,1000.0,3.0,21.29246927981105,-13.435479413402447,-2.309,-125.84991169893462,False,0,-32.35256069691705,-13.625937743101616,-42.0217870293833,-32.710075738658205,-49.10260722020814,-31.406903518296545,-45.32233719292891
nlsbuss_mike,Waves,SSL 4000 G+ console buss,console-ssl,drive_6,full,,100.0,-12.0,0.20355168627175604,-53.82650590936787,1.311,-139.56529190453102,False,0,-63.38621443985363,-54.450456526942396,-104.35820788858528,-70.64165745455018,-121.66951593077408,-80.15781465753864,-137.63179467731823
nlsbuss_mike,Waves,SSL 4000 G+ console buss,console-ssl,drive_6,full,,100.0,-15.0,0.1481362789603012,-56.5867713720744,1.295,-142.70421672938542,False,0,-66.20693023494727,-57.19772828588377,-110.15901237494026,-73.60461735757058,-126.85862683982224,-83.1316950457173,-148.95164473742784
nlsbuss_mike,Waves,SSL 4000 G+ console buss,console-ssl,drive_6,full,,100.0,-18.0,0.1069749562883914,-59.41435764606765,1.283,-145.81051504744312,False,0,-69.07770834136493,-60.01614599970323,-116.13657980629637,-76.58277336800747,-131.46430313278287,-86.11201809829714,-147.63509721256048
nlsbuss_mike,Waves,SSL 4000 G+ console buss,console-ssl,drive_6,full,,100.0,-21.0,0.07681744251340468,-62.29080311832053,1.275,-148.8862897388318,False,0,-71.9848469912179,-62.8861184623974,-122.37817229637031,-79.5701983788721,-135.17781104871028,-89.09565948952164,-144.059948827803
nlsbuss_mike,Waves,SSL 4000 G+ console buss,console-ssl,drive_6,full,,100.0,-24.0,0.05493850409629914,-65.20246340051787,1.268,-151.94227454606113,False,0,-74.91808597779138,-65.79321711972202,-129.1167043277001,-82.56370038510198,-137.86724297162792,-92.08001789189251,-142.35731256197707
nlsbuss_mike,Waves,SSL 4000 G+ console buss,console-ssl,drive_6,full,,100.0,-27.0,0.03917737579454683,-68.13929315146892,1.264,-154.98132016586086,False,0,-77.86982679003916,-68.72684515828924,-137.01051652535097,-85.56147427398986,-139.56672142917574,-95.06295472321355,-141.61898688444046
nlsbuss_mike,Waves,SSL 4000 G+ console buss,console-ssl,drive_6,full,,100.0,-3.0,0.48810373647131167,-46.229757355467754,1.402,-129.85168410169481,False,0,-55.431462204189465,-46.9352045743766,-87.99403585360926,-61.98066613404451,-104.81142223000744,-71.3445208914784,-116.30352489838096
nlsbuss_mike,Waves,SSL 4000 G+ console buss,console-ssl,drive_6,full,,100.0,-30.0,0.027880359201505674,-71.09403270457462,1.261,-158.0122686647868,False,0,-80.83453349282098,-71.67935187565745,-148.71806365706453,-88.56292261360251,-140.61124880179176,-98.042541768104,-141.23423426059006
nlsbuss_mike,Waves,SSL 4000 G+ console buss,console-ssl,drive_6,full,,100.0,-36.0,0.014064596964738958,-77.0374541693681,1.257,-164.0495568200595,False,0,-86.78751557412026,-77.62020600581485,-146.28467954997762,-94.57644162864031,-141.42868399490285,-103.98000333726227,-140.9114734140926
nlsbuss_mike,Waves,SSL 4000 G+ console buss,console-ssl,drive_6,full,,100.0,-42.0,0.0070753081863490375,-83.00509276776033,1.255,-170.06740476092358,False,0,-92.75391936785546,-83.5868805175393,-143.26106562835312,-100.61020681448939,-141.5860255963408,-109.86472107941557,-140.8439063971037
nlsbuss_mike,Waves,SSL 4000 G+ console buss,console-ssl,drive_6,full,,100.0,-48.0,0.003555913291983532,-88.98097674971815,1.254,-176.07779177871421,False,0,-98.7172911632893,-89.56299496028024,-142.63909107098002,-106.67994533555577,-141.6720443007929,-115.6356612673751,-140.84847569192945
nlsbuss_mike,Waves,SSL 4000 G+ console buss,console-ssl,drive_6,full,,100.0,-54.0,0.0017879360931980998,-94.95296016793213,1.254,-182.07953686954315,False,0,-104.6599520218602,-95.5365321344349,-142.36489893520834,-112.82495307553616,-141.71791092582518,-121.20906765725613,-140.84651840234318
nlsbuss_mike,Waves,SSL 4000 G+ console buss,console-ssl,drive_6,full,,100.0,-6.0,0.3709960998356012,-48.61261311922362,1.363,-133.1455221862431,False,0,-57.972487844963155,-49.28107488912718,-93.24951666320702,-64.80800308298014,-110.49588175297409,-74.25322469226725,-122.61501517701856
nlsbuss_mike,Waves,SSL 4000 G+ console buss,console-ssl,drive_6,full,,100.0,-60.0,0.0009008868547706909,-100.90659500027076,1.254,-188.08226232450605,False,0,-110.55138360191253,-101.49482962805935,-142.3329680745648,-119.12245673780271,-141.70730626731665,-126.41611221940508,-140.7760477459927
nlsbuss_mike,Waves,SSL 4000 G+ console buss,console-ssl,drive_6,full,,100.0,-9.0,0.2767595289708393,-51.157948344254194,1.333,-136.381447473835,False,0,-60.63365662519132,-51.80031186103178,-98.71586392568504,-67.70388650798252,-116.1610692363685,-77.19551804261906,-129.48172182464043
nlsbuss_mike,Waves,SSL 4000 G+ console buss,console-ssl,drive_6,full,,100.0,0.0,9.83068384538307,-20.14832541152324,0.685,-124.70196717006714,True,0,-33.42056580184894,-20.823843258029484,-49.98388685305813,-30.80068725259246,-43.53686421145204,-43.76797118590866,-50.337648865232445
nlsbuss_mike,Waves,SSL 4000 G+ console buss,console-ssl,drive_6,full,,100.0,3.0,19.29503002431476,-14.291090826035077,-1.661,-122.27212003039284,True,0,-35.54746055397972,-14.464045955585906,-40.44379440134571,-32.05152984862023,-54.076047750357546,-33.6649399913012,-45.68724109790832
nlsbuss_mike,Waves,SSL 4000 G+ console buss,console-ssl,drive_6,full,,1000.0,-12.0,0.23966287290872182,-52.40798477946284,0.822,-139.4517706921893,False,0,-62.18142360720195,-53.017184817421246,-102.28536792772202,-68.83225340477303,-118.91658960852526,-78.0420676659996,-127.08454438084078
nlsbuss_mike,Waves,SSL 4000 G+ console buss,console-ssl,drive_6,full,,1000.0,-15.0,0.17485569066493956,-55.1464045808877,0.795,-142.59110451036958,False,0,-64.98335723083841,-55.74185946525513,-108.02189090204769,-71.7821531769225,-123.24452669991624,-81.00482983274841,-127.98422435936358
nlsbuss_mike,Waves,SSL 4000 G+ console buss,console-ssl,drive_6,full,,1000.0,-18.0,0.12650294336295015,-57.95798739151563,0.775,-145.69556254739416,False,0,-67.84040927668859,-58.54374092295863,-113.87354155087111,-74.7509250887275,-126.10138604291713,-83.97764581099122,-128.08086156448243
nlsbuss_mike,Waves,SSL 4000 G+ console buss,console-ssl,drive_6,full,,1000.0,-21.0,0.0909613328915607,-60.82286368777658,0.761,-148.77532526144645,False,0,-70.73762592241702,-61.401771160926266,-119.75190516977888,-77.73159159571986,-127.55126150636322,-86.9561722035695,-128.0556582359758
nlsbuss_mike,Waves,SSL 4000 G+ console buss,console-ssl,drive_6,full,,1000.0,-24.0,0.06511617233599859,-63.72622272202426,0.75,-151.8315283127331,False,0,-73.66383768511737,-64.30029922231009,-125.24939721830344,-80.72003143034868,-128.15073256108008,-89.93746766946114,-128.0409930106893
nlsbuss_mike,Waves,SSL 4000 G+ console buss,console-ssl,drive_6,full,,1000.0,-27.0,0.046466683921401235,-66.65716639377268,0.743,-154.8707961545429,False,0,-76.61062727966446,-67.22785318764326,-129.25455105061735,-83.71392420184299,-128.42796773778934,-92.91887480458074,-128.03409148130103
nlsbuss_mike,Waves,SSL 4000 G+ console buss,console-ssl,drive_6,full,,1000.0,-3.0,2.61312798723765,-31.656786372695528,1.059,-129.51778850579967,False,0,-33.265651535666535,-41.805408731563006,-43.17822947040579,-44.09076544973773,-45.43028807704558,-47.2659959118526,-49.62193227511138
nlsbuss_mike,Waves,SSL 4000 G+ console buss,console-ssl,drive_6,full,,1000.0,-30.0,0.03308356126740071,-69.60775494276827,0.738,-157.9006234395415,False,0,-79.57210013862971,-70.17606098017967,-130.85652358411602,-86.7119030201013,-128.52987543588148,-95.89822929064297,-128.03100130407188
nlsbuss_mike,Waves,SSL 4000 G+ console buss,console-ssl,drive_6,full,,1000.0,-36.0,0.01669853818488667,-75.54643091959288,0.731,-163.93728653339502,False,0,-85.52205131011758,-76.11199565612168,-131.04340724539088,-92.71872283690918,-128.63539719909866,-101.83540102868697,-128.02374723937552
nlsbuss_mike,Waves,SSL 4000 G+ console buss,console-ssl,drive_6,full,,1000.0,-42.0,0.008401951381008193,-81.51239671785282,0.728,-169.9564442069089,False,0,-91.48891368093798,-82.07706979052594,-130.9297772161732,-98.74184185769315,-128.66845612143723,-107.70678326928387,-128.05657062558154
nlsbuss_mike,Waves,SSL 4000 G+ console buss,console-ssl,drive_6,full,,1000.0,-48.0,0.004222681494017228,-87.48823350106568,0.726,-175.9659850964377,False,0,-97.4571106410177,-88.05382909194896,-130.88735939849485,-104.78649930963562,-128.67034745245144,-113.41905164351061,-128.0585838586337
nlsbuss_mike,Waves,SSL 4000 G+ console buss,console-ssl,drive_6,full,,1000.0,-54.0,0.0021233494223632243,-93.45957063276855,0.726,-181.97062412493239,False,0,-103.40859964492351,-94.03046819414092,-130.85138987105188,-110.86277829783926,-128.67890279238162,-118.7083344193696,-128.05535890499453
nlsbuss_mike,Waves,SSL 4000 G+ console buss,console-ssl,drive_6,full,,1000.0,-6.0,0.4333850883106876,-47.262520714767746,0.907,-133.02998465794556,False,0,-56.8265043056962,-47.91880163587535,-91.27433630193535,-63.04287265480154,-108.1251849678161,-72.17440108342154,-119.26686439246203
nlsbuss_mike,Waves,SSL 4000 G+ console buss,console-ssl,drive_6,full,,1000.0,-60.0,0.0010710125671762585,-99.40410866322692,0.725,-187.97089201065106,False,0,-109.3191068298789,-99.99533060257701,-130.87584899222506,-116.9220073384951,-128.69263000543742,-123.03770467473117,-128.0497686879495
nlsbuss_mike,Waves,SSL 4000 G+ console buss,console-ssl,drive_6,full,,1000.0,-9.0,0.32475509635005323,-49.768880497210205,0.858,-136.265538361877,False,0,-59.45420259969041,-50.39755565674979,-96.69119561392185,-65.91291268637242,-113.69434512718641,-75.09536125240783,-124.21114544303192
nlsbuss_mike,Waves,SSL 4000 G+ console buss,console-ssl,drive_6,full,,1000.0,0.0,14.348935531078984,-16.863606313269635,0.013,-126.93385904546858,False,0,-30.923930257726706,-17.274024381244665,-49.57437073495218,-32.40498359942031,-42.41711820799526,-33.95338378403463,-55.651334305455514
nlsbuss_mike,Waves,SSL 4000 G+ console buss,console-ssl,drive_6,full,,1000.0,3.0,24.021082935455315,-12.38814834641342,-2.451,-126.52971969359923,False,0,-32.86370234248085,-12.6448595469975,-40.055866779791465,-26.13379985669515,-51.63194431807004,-36.2843974090615,-47.40649723203401
nlsbuss_mike,Waves,SSL 4000 G+ console buss,console-ssl,drive_9,curve,,1000.0,-12.0,0.4706592436436106,-46.54586814888948,4.222,-137.93309977492268,False,0,-56.25596627274025,-47.1690321699129,-94.16902773349153,-62.76574563267101,-111.97011139187907,-71.96698497055516,-120.61177633842847
nlsbuss_mike,Waves,SSL 4000 G+ console buss,console-ssl,drive_9,curve,,1000.0,-15.0,0.3470331632157121,-49.192580422718976,4.168,-141.2373794682999,False,0,-58.983898291693805,-49.7979043783358,-99.75235830962546,-65.67342900104742,-117.8900330795064,-74.90159785814635,-124.56456949595616
nlsbuss_mike,Waves,SSL 4000 G+ console buss,console-ssl,drive_9,curve,,1000.0,-18.0,0.2530286796854172,-51.93660501338414,4.128,-144.46622829345526,False,0,-61.78633370214478,-52.52934445388711,-105.46132985839344,-68.61311929422047,-123.51554907046625,-77.85702958155538,-127.22992244821356
nlsbuss_mike,Waves,SSL 4000 G+ console buss,console-ssl,drive_9,curve,,1000.0,-21.0,0.18297225328946126,-54.7522952717201,4.099,-147.6434692290278,False,0,-64.64377518909922,-55.33615730630583,-111.25967039035348,-71.57325818162582,-127.92354521867023,-80.82700590309892,-128.68979852106133
nlsbuss_mike,Waves,SSL 4000 G+ console buss,console-ssl,drive_9,curve,,1000.0,-24.0,0.13152013803955948,-57.62015487962863,4.078,-150.76547377503493,False,0,-67.54124815710101,-58.19776144894889,-117.09800680570417,-74.54659953516722,-130.08480290430674,-83.80774477828979,-129.4486158145811
nlsbuss_mike,Waves,SSL 4000 G+ console buss,console-ssl,drive_9,curve,,1000.0,-27.0,0.09412721640168553,-60.52569568786972,4.063,-153.85794119602147,False,0,-70.46759613275042,-61.098908824078464,-122.81814254281754,-77.52838554161285,-130.7048374851552,-86.79669015356981,-129.85133951938013
nlsbuss_mike,Waves,SSL 4000 G+ console buss,console-ssl,drive_9,curve,,1000.0,-3.0,18.78806623333438,-14.522358349463943,3.014,-127.35328044009125,False,0,-31.36628466949865,-14.729593493600582,-42.902520908945796,-49.76955520473829,-45.98732580372544,-30.946645180176837,-46.26832184172503
nlsbuss_mike,Waves,SSL 4000 G+ console buss,console-ssl,drive_9,curve,,1000.0,-30.0,0.06715667438176899,-63.45821636783495,4.052,-156.9257950403306,False,0,-73.41452472498301,-64.02835575077619,-127.82428223511153,-80.51589927705822,-130.76948563127527,-89.79198325927297,-130.02046048916668
nlsbuss_mike,Waves,SSL 4000 G+ console buss,console-ssl,drive_9,curve,,1000.0,-36.0,0.033980579199181384,-69.3753844570354,4.039,-163.00944184005482,False,0,-79.347432977797,-69.94197003603232,-132.23948783814643,-86.50096883941976,-130.70824668704887,-95.80037358697632,-130.16754013829714
nlsbuss_mike,Waves,SSL 4000 G+ console buss,console-ssl,drive_9,curve,,1000.0,-42.0,0.01711619626404785,-75.331854845837,4.032,-169.0501724513206,False,0,-85.30773487127463,-75.89706101687405,-132.5209584284857,-92.49221463172074,-130.7342138567031,-101.83651210678866,-130.24416107256337
nlsbuss_mike,Waves,SSL 4000 G+ console buss,console-ssl,drive_9,curve,,1000.0,-48.0,0.008603865505171266,-81.30612774165266,4.029,-175.07191302268546,False,0,-91.27606612745711,-81.87147814306384,-132.47411015656857,-98.48491904800328,-130.73527745656864,-107.91056808506619,-130.26983165505104
nlsbuss_mike,Waves,SSL 4000 G+ console buss,console-ssl,drive_9,curve,,1000.0,-54.0,0.004322391433919468,-87.28551812298628,4.027,-181.08266236145522,False,0,-97.23631783116547,-87.85302542397666,-132.44976563031895,-104.47194338593332,-130.74705607288055,-114.02914955716206,-130.29740372453892
nlsbuss_mike,Waves,SSL 4000 G+ console buss,console-ssl,drive_9,curve,,1000.0,-6.0,7.205350109845673,-22.846898237097317,4.925,-128.4430763644182,False,0,-30.171796908682055,-24.987569066265472,-40.25988392207947,-30.605830295950692,-52.91072372145983,-42.255382710174544,-45.14911688767552
nlsbuss_mike,Waves,SSL 4000 G+ console buss,console-ssl,drive_9,curve,,1000.0,-60.0,0.002173251665435632,-93.25779957776463,4.026,-187.08629814962836,False,0,-103.1679210829924,-93.83178483637684,-132.47920914630097,-110.43556703258741,-130.7192152890841,-120.11466253937927,-130.2710763602273
nlsbuss_mike,Waves,SSL 4000 G+ console buss,console-ssl,drive_9,curve,,1000.0,-9.0,0.6288280577032889,-44.02936177468274,4.294,-134.5467791805182,False,0,-53.62739743342256,-44.67781404315714,-88.74648289561048,-59.90820284508794,-106.06981320767548,-69.06284462800878,-115.74690292480693
nlsbuss_mike,Waves,SSL 4000 G+ console buss,console-ssl,drive_9,curve,,1000.0,0.0,27.212326838253333,-11.304686430256545,0.427,-126.92323313017059,False,0,-33.50916768211602,-11.736408902150446,-39.26528175692428,-21.943913874131333,-47.476155974069734,-45.652460546699515,-51.97532628160605
nlsbuss_mike,Waves,SSL 4000 G+ console buss,console-ssl,drive_9,curve,,1000.0,3.0,33.44372024357021,-9.513708361869023,-2.381,-126.70289448907178,False,0,-35.69260619274835,-10.492294984314954,-39.96596088376841,-17.28963960511354,-43.91933068728227,-24.591735978462758,-48.35266722139785
nlsbuss_mike,Waves,SSL 4000 G+ console buss,console-ssl,matched_thd_0.1_pct,full,thd_0.1_pct,100.0,-12.0,0.07401869827740912,-62.613171137022746,0.761,-137.63346176150395,False,0,-72.19405390584686,-63.23266689870223,-113.91193346890249,-79.49299577089037,-131.92415609291123,-89.02256834414578,-139.98045863787362
nlsbuss_mike,Waves,SSL 4000 G+ console buss,console-ssl,matched_thd_0.1_pct,full,thd_0.1_pct,100.0,-15.0,0.05367480836168326,-65.40458994952019,0.755,-140.68263131094602,False,0,-75.0404152392508,-66.01237627247568,-119.63104127635235,-82.4686151887837,-137.1437042256708,-92.01010724253891,-141.50916677307202
nlsbuss_mike,Waves,SSL 4000 G+ console buss,console-ssl,matched_thd_0.1_pct,full,thd_0.1_pct,100.0,-18.0,0.03865937122181071,-68.25490427729193,0.75,-143.71848565772768,False,0,-77.93016164670425,-68.85440677364298,-125.40269675237519,-85.45478861309839,-141.02576377374152,-95.00107489952856,-141.8965513321321
nlsbuss_mike,Waves,SSL 4000 G+ console buss,console-ssl,matched_thd_0.1_pct,full,thd_0.1_pct,100.0,-21.0,0.02770771157995519,-71.14798683494237,0.747,-146.74475880490195,False,0,-80.85144526013728,-71.74163444618091,-131.15424361882268,-88.44654069987705,-143.18753414358892,-97.99526436285117,-142.03362371397952
nlsbuss_mike,Waves,SSL 4000 G+ console buss,console-ssl,matched_thd_0.1_pct,full,thd_0.1_pct,100.0,-24.0,0.019788621287336397,-74.07168925802479,0.744,-149.76316608037456,False,0,-83.79530695615065,-74.66118364813666,-136.73611636589513,-91.44196744967964,-143.96777205183957,-100.98942585711625,-141.988360702503
nlsbuss_mike,Waves,SSL 4000 G+ console buss,console-ssl,matched_thd_0.1_pct,full,thd_0.1_pct,100.0,-27.0,0.01409676647800535,-77.01760989129895,0.743,-152.7772696539704,False,0,-86.75557120130955,-77.60418284953816,-141.66503982542991,-94.43881711383148,-144.17728803121184,-103.98379596598895,-141.86886983113826
nlsbuss_mike,Waves,SSL 4000 G+ console buss,console-ssl,matched_thd_0.1_pct,full,thd_0.1_pct,100.0,-3.0,0.18105953261413854,-54.84357210097872,0.797,-128.38427193966908,False,0,-64.09854162396232,-55.5364485363944,-97.44787549957657,-70.73797927296911,-114.57311551833905,-80.13462669234013,-125.53011665869833
nlsbuss_mike,Waves,SSL 4000 G+ console buss,console-ssl,matched_thd_0.1_pct,full,thd_0.1_pct,100.0,-30.0,0.0100241349393155,-79.97906191488772,0.741,-155.78780006388664,False,0,-89.72755483775506,-80.56351248554746,-145.2059627262176,-97.43774786355237,-144.27201795416275,-106.97696463680934,-141.9838398251993
nlsbuss_mike,Waves,SSL 4000 G+ console buss,console-ssl,matched_thd_0.1_pct,full,thd_0.1_pct,100.0,-36.0,0.005050916790048242,-85.93259572189538,0.74,-161.79905636996665,False,0,-95.69440492617795,-86.51446514003936,-147.52944109460267,-103.43656110291184,-144.37286561068464,-112.95746290227626,-141.97786833955558
nlsbuss_mike,Waves,SSL 4000 G+ console buss,console-ssl,matched_thd_0.1_pct,full,thd_0.1_pct,100.0,-42.0,0.002538132330519869,-91.90971477708496,0.739,-167.80404394065306,False,0,-101.67993478568626,-92.4901851442315,-147.78262597204562,-109.4376757165093,-144.4179775539436,-118.91979493433531,-141.85379249592447
nlsbuss_mike,Waves,SSL 4000 G+ console buss,console-ssl,matched_thd_0.1_pct,full,thd_0.1_pct,100.0,-48.0,0.001273669713630998,-97.89886356159005,0.739,-173.80743584724297,False,0,-107.6771609075382,-98.4787446319923,-147.8401816314886,-115.43290811693987,-144.39964242497527,-124.8051155506299,-141.92555659576786
nlsbuss_mike,Waves,SSL 4000 G+ console buss,console-ssl,matched_thd_0.1_pct,full,thd_0.1_pct,100.0,-54.0,0.0006385929237830463,-103.89551796331645,0.739,-179.8080035113278,False,0,-113.68461285416741,-104.47590469864906,-147.82666207765087,-121.42736621899182,-144.40697237847976,-130.5144087118125,-141.9212797253155
nlsbuss_mike,Waves,SSL 4000 G+ console buss,console-ssl,matched_thd_0.1_pct,full,thd_0.1_pct,100.0,-6.0,0.13644892812407725,-57.30059743170682,0.782,-131.48875349793616,False,0,-66.69982001537888,-57.960174602843075,-102.7744726218536,-73.60970225947169,-120.391888104395,-83.0765939674726,-131.26834861272766
nlsbuss_mike,Waves,SSL 4000 G+ console buss,console-ssl,matched_thd_0.1_pct,full,thd_0.1_pct,100.0,-60.0,0.0003202493531564461,-109.89023477551376,0.738,-185.8098336604942,False,0,-119.70021940179791,-110.4752194979319,-147.81995320396658,-127.39582529971409,-144.3770691872477,-135.66614318218686,-141.9261672417108
nlsbuss_mike,Waves,SSL 4000 G+ console buss,console-ssl,matched_thd_0.1_pct,full,thd_0.1_pct,100.0,-9.0,0.10112976072843322,-59.90242040585359,0.77,-134.57050678321548,False,0,-69.40698571069751,-60.538502561470146,-108.27833050907684,-76.5354337821651,-126.24419990708151,-86.04296027005583,-136.42130820086868
nlsbuss_mike,Waves,SSL 4000 G+ console buss,console-ssl,matched_thd_0.1_pct,full,thd_0.1_pct,100.0,0.0,5.019695136498191,-25.986453165295067,0.531,-124.89723670936408,True,0,-34.219980019468316,-28.425377558525994,-39.9849799122598,-32.90276600792454,-56.78466286727628,-41.31975494860933,-48.09698850437683
nlsbuss_mike,Waves,SSL 4000 G+ console buss,console-ssl,matched_thd_0.1_pct,full,thd_0.1_pct,100.0,3.0,15.840109164981866,-16.00483659434228,-1.572,-121.79754612334307,True,0,-34.23578757242203,-16.19476849722841,-44.565554063891426,-49.23006036386888,-45.300551820971826,-32.208810065614266,-47.245215363106745
nlsbuss_mike,Waves,SSL 4000 G+ console buss,console-ssl,matched_thd_0.1_pct,full,thd_0.1_pct,1000.0,-12.0,0.09943323844676757,-60.049368315867696,0.529,-137.52783720282298,False,0,-69.82766940101604,-60.65753132151453,-110.16174036972225,-76.49246952751139,-122.74044577912144,-85.66928575173529,-126.33426824008333
nlsbuss_mike,Waves,SSL 4000 G+ console buss,console-ssl,matched_thd_0.1_pct,full,thd_0.1_pct,1000.0,-15.0,0.07237605328241052,-62.808102059373674,0.518,-140.57416026111716,False,0,-72.6489463755574,-63.40276179879191,-115.8801297179539,-79.46101063300956,-124.61913855808132,-88.63614965706331,-126.03035724011663
nlsbuss_mike,Waves,SSL 4000 G+ console buss,console-ssl,matched_thd_0.1_pct,full,thd_0.1_pct,1000.0,-18.0,0.05227247437854396,-65.63453883159637,0.51,-143.60933243884563,False,0,-75.52030552121852,-66.21964287738368,-121.38631236431925,-82.44464381718839,-125.52820606629135,-91.60386465663174,-125.86645418668837
nlsbuss_mike,Waves,SSL 4000 G+ console buss,console-ssl,matched_thd_0.1_pct,full,thd_0.1_pct,1000.0,-21.0,0.03753960911078797,-68.51020507750691,0.504,-146.6356267987922,False,0,-78.42812241236999,-69.08854520663877,-125.79359279941505,-85.43774719659194,-125.94513369037833,-94.56589431809861,-125.76257769161438
nlsbuss_mike,Waves,SSL 4000 G+ console buss,console-ssl,matched_thd_0.1_pct,full,thd_0.1_pct,1000.0,-24.0,0.026849351326463728,-71.4213240456501,0.5,-149.6535118082158,False,0,-81.36221362118565,-71.9948601518114,-128.0555378350937,-88.4378215959243,-126.12806727448944,-97.5184354029494,-125.7191456983822
nlsbuss_mike,Waves,SSL 4000 G+ console buss,console-ssl,matched_thd_0.1_pct,full,thd_0.1_pct,1000.0,-27.0,0.019147257319233033,-74.35786852417172,0.497,-152.66682271977407,False,0,-84.31524469028184,-74.92798758995788,-128.6575782940046,-91.44373807669726,-126.2248746571845,-100.4531148848781,-125.70618626981032
nlsbuss_mike,Waves,SSL 4000 G+ console buss,console-ssl,matched_thd_0.1_pct,full,thd_0.1_pct,1000.0,-3.0,0.2382223659215914,-52.46034932890899,0.591,-128.27980187324923,False,0,-61.870227548877295,-53.15302952001795,-93.79097947580127,-67.81293501001029,-109.77412912870598,-76.85027113817638,-122.08771057302583
nlsbuss_mike,Waves,SSL 4000 G+ console buss,console-ssl,matched_thd_0.1_pct,full,thd_0.1_pct,1000.0,-30.0,0.013626369063135461,-77.3123970519327,0.495,-155.67590244544928,False,0,-87.2817580055301,-77.8800935946006,-128.71864011951817,-94.45493203576403,-126.2755795040953,-103.3625599546889,-125.68735074031352
nlsbuss_mike,Waves,SSL 4000 G+ console buss,console-ssl,matched_thd_0.1_pct,full,thd_0.1_pct,1000.0,-36.0,0.006874193000396588,-83.25556557481504,0.492,-161.6885558594669,False,0,-93.24084188133855,-83.82055591239421,-128.6126360190204,-100.4977562986479,-126.28550266443469,-109.03866195705925,-125.6558987033699
nlsbuss_mike,Waves,SSL 4000 G+ console buss,console-ssl,matched_thd_0.1_pct,full,thd_0.1_pct,1000.0,-42.0,0.0034587494553240273,-89.22161792485382,0.491,-167.69418433309323,False,0,-99.21758626328293,-89.78707981663445,-128.62158754618338,-106.57692722134598,-126.35014819419135,-114.34890722892474,-125.7051880210593
nlsbuss_mike,Waves,SSL 4000 G+ console buss,console-ssl,matched_thd_0.1_pct,full,thd_0.1_pct,1000.0,-48.0,0.001740139131488034,-95.18832053294722,0.49,-173.69788296586418,False,0,-105.20100283844003,-95.76274439486517,-128.57561588354702,-112.68304185689055,-126.31971998116356,-118.8942493869283,-125.6935404475159
nlsbuss_mike,Waves,SSL 4000 G+ console buss,console-ssl,matched_thd_0.1_pct,full,thd_0.1_pct,1000.0,-54.0,0.0008793680740801453,-101.11658611438793,0.49,-179.69813215021577,False,0,-111.1714933181755,-101.73346416884769,-128.5821320558027,-118.67337999874452,-126.33200207467613,-122.17992550601994,-125.6892268896031
nlsbuss_mike,Waves,SSL 4000 G+ console buss,console-ssl,matched_thd_0.1_pct,full,thd_0.1_pct,1000.0,-6.0,0.18113242280932476,-54.84007607523793,0.565,-131.38084139483385,False,0,-64.41253490336169,-55.4944105187624,-99.0489801287325,-70.64663246571236,-114.94417579674288,-79.76453971400443,-125.91532206443804
nlsbuss_mike,Waves,SSL 4000 G+ console buss,console-ssl,matched_thd_0.1_pct,full,thd_0.1_pct,1000.0,-60.0,0.0004523356560641234,-106.89078353928656,0.49,-185.69867460927406,False,0,-117.09238810830581,-107.67991797726958,-128.58394587268376,-123.8194019308647,-126.33935905558728,-124.07974279010305,-125.69263150521348
nlsbuss_mike,Waves,SSL 4000 G+ console buss,console-ssl,matched_thd_0.1_pct,full,thd_0.1_pct,1000.0,-9.0,0.13516300281359464,-57.382843367997864,0.544,-134.46538015431926,False,0,-67.07455166627146,-58.0101096301701,-104.52135358881115,-73.54876764794862,-119.4569309852922,-82.7091522323613,-126.65708936224385
nlsbuss_mike,Waves,SSL 4000 G+ console buss,console-ssl,matched_thd_0.1_pct,full,thd_0.1_pct,1000.0,0.0,9.272393719341963,-20.6561627175343,0.0,-126.03068326721356,False,0,-31.190421658892348,-21.86574309505812,-42.286705998585525,-29.181819727110856,-45.82641736977318,-56.5115942621197,-44.55251606353191
nlsbuss_mike,Waves,SSL 4000 G+ console buss,console-ssl,matched_thd_0.1_pct,full,thd_0.1_pct,1000.0,3.0,20.497276031116385,-13.766077006454447,-2.3,-125.73550108474114,False,0,-32.21890622273486,-13.953880269012476,-42.8084152552875,-35.909911230656775,-47.51647251075457,-30.850210320310097,-45.31636908068461
nlsbuss_mike,Waves,SSL 4000 G+ console buss,console-ssl,matched_thd_1_pct,full,thd_1_pct,100.0,-12.0,1.4701568514298922,-36.65272655569639,7.14,-138.36929670349258,False,0,-45.963009724153856,-37.33261668156843,-80.28067256151603,-52.70445249689044,-97.49500136503636,-62.12867141717702,-108.64264338211967
nlsbuss_mike,Waves,SSL 4000 G+ console buss,console-ssl,matched_thd_1_pct,full,thd_1_pct,100.0,-15.0,1.1112503392589559,-39.08376186867721,7.045,-141.65726565159602,False,0,-48.523285490363,-39.7341929714906,-85.60948377483975,-55.51722063148218,-103.22352605975024,-64.99971673337795,-114.42871838613222
nlsbuss_mike,Waves,SSL 4000 G+ console buss,console-ssl,matched_thd_1_pct,full,thd_1_pct,100.0,-18.0,0.8253037278506711,-41.667723864047915,6.974,-145.6097858009032,False,0,-51.20128217577527,-42.29737049045279,-91.13263544695604,-58.396676632888656,-108.97790579829277,-67.91213229247575,-120.11891445917207
nlsbuss_mike,Waves,SSL 4000 G+ console buss,console-ssl,matched_thd_1_pct,full,thd_1_pct,100.0,-21.0,0.6049069965237727,-44.366227845839276,6.923,-149.49187183494848,False,0,-53.96763724199428,-44.981209770261266,-96.8138513603796,-61.318803069044534,-114.65839487085054,-70.85198290683273,-125.33184456279967
nlsbuss_mike,Waves,SSL 4000 G+ console buss,console-ssl,matched_thd_1_pct,full,thd_1_pct,100.0,-24.0,0.4390788898022746,-47.149148851297475,6.886,-153.25375470091973,False,0,-56.799200683840844,-47.75378092060226,-102.63761190235908,-64.2681299456448,-120.09773925284992,-73.81030876819908,-129.36867417623188
nlsbuss_mike,Waves,SSL 4000 G+ console buss,console-ssl,matched_thd_1_pct,full,thd_1_pct,100.0,-27.0,0.31646255558249825,-49.9935533821856,6.86,-156.89106425431015,False,0,-59.67824222760698,-50.59088414438666,-108.61655197428951,-67.23494670031712,-124.91656462547157,-76.78108097730548,-131.54299019994394
nlsbuss_mike,Waves,SSL 4000 G+ console buss,console-ssl,matched_thd_1_pct,full,thd_1_pct,100.0,-3.0,24.908482455471816,-12.073054619314682,3.645,-122.20162848923326,True,0,-37.33948853736901,-12.552739262301166,-38.08636804566886,-22.21196449435212,-44.45024829651813,-39.961240645674295,-56.61747826934523
nlsbuss_mike,Waves,SSL 4000 G+ console buss,console-ssl,matched_thd_1_pct,full,thd_1_pct,100.0,-30.0,0.2269254213659194,-52.88233698926304,6.841,-160.39209657595546,False,0,-62.59152301749776,-53.47452071267415,-114.80868590737835,-70.21317545102727,-128.60157924233522,-79.76025245877237,-132.3461521562374
nlsbuss_mike,Waves,SSL 4000 G+ console buss,console-ssl,matched_thd_1_pct,full,thd_1_pct,100.0,-36.0,0.11552761103846418,-58.74628414425567,6.818,-167.08401854366036,False,0,-68.48431946376627,-59.332320671983034,-128.21562539852314,-76.19051752769991,-131.80683559587865,-85.73345656933819,-132.66482099811824
nlsbuss_mike,Waves,SSL 4000 G+ console buss,console-ssl,matched_thd_1_pct,full,thd_1_pct,100.0,-42.0,0.05836879265426987,-64.6763857976691,6.806,-173.47110259898102,False,0,-74.42674010843636,-65.25949689895538,-135.08207453737302,-82.18473673673856,-132.4482210706859,-91.71627337897982,-132.6736085172261
nlsbuss_mike,Waves,SSL 4000 G+ console buss,console-ssl,matched_thd_1_pct,full,thd_1_pct,100.0,-48.0,0.029380687053692373,-70.63876105305374,6.8,-179.67268413959306,False,0,-80.39091331818906,-71.22071659938058,-133.4035446454708,-88.191693683555,-132.59209202407,-97.69835746646478,-132.6595675460927
nlsbuss_mike,Waves,SSL 4000 G+ console buss,console-ssl,matched_thd_1_pct,full,thd_1_pct,100.0,-54.0,0.01476589200744083,-76.61480624359146,6.798,-185.78040710776943,False,0,-86.3587563380765,-77.1968581471977,-132.8213011900183,-94.21439619517768,-132.62790855349007,-103.67136816389711,-132.63220623549583
nlsbuss_mike,Waves,SSL 4000 G+ console buss,console-ssl,matched_thd_1_pct,full,thd_1_pct,100.0,-6.0,17.617660672828944,-15.081035181055707,6.169,-123.91182681273844,True,0,-33.68936888607948,-15.266692386528034,-39.69787117708557,-39.819769093556516,-49.92202563141879,-32.07817519832085,-45.23659946230252
nlsbuss_mike,Waves,SSL 4000 G+ console buss,console-ssl,matched_thd_1_pct,full,thd_1_pct,100.0,-60.0,0.007419337032557749,-82.5926980021429,6.796,-191.83254811896845,False,0,-92.31503845534995,-83.17617229470629,-132.67079498726721,-100.26355143108313,-132.6243859641583,-109.60997281857269,-132.641800653728
nlsbuss_mike,Waves,SSL 4000 G+ console buss,console-ssl,matched_thd_1_pct,full,thd_1_pct,100.0,-9.0,7.640631853529526,-22.337414506092127,8.002,-127.39403034875505,False,0,-30.592250534749024,-23.978057000272237,-45.24384316437014,-30.594107901979264,-46.474618348350496,-49.38431487956385,-45.5151843478686
nlsbuss_mike,Waves,SSL 4000 G+ console buss,console-ssl,matched_thd_1_pct,full,thd_1_pct,100.0,0.0,30.25034379185765,-10.385393705480976,0.881,-121.88436341732383,True,0,-41.507293404755,-11.404471708882731,-39.548949935524405,-18.060216716791924,-41.639740987125585,-24.90280942641595,-46.09529911406103
nlsbuss_mike,Waves,SSL 4000 G+ console buss,console-ssl,matched_thd_1_pct,full,thd_1_pct,100.0,3.0,33.675337295191476,-9.453760913016048,-1.993,-121.68857364515078,True,0,-46.15490438006611,-10.87003916042277,-42.086940262408376,-16.335823888012015,-42.4551444111422,-20.901437259533356,-44.10473595857866
nlsbuss_mike,Waves,SSL 4000 G+ console buss,console-ssl,matched_thd_1_pct,full,thd_1_pct,1000.0,-12.0,1.0109813133882057,-39.90513743352892,6.954,-138.6733101125221,False,0,-49.52639219514695,-40.54819672705893,-85.15856758859444,-55.85561989056073,-102.5480413616281,-65.02060934285896,-112.43749944325842
nlsbuss_mike,Waves,SSL 4000 G+ console buss,console-ssl,matched_thd_1_pct,full,thd_1_pct,1000.0,-15.0,0.7585291950390073,-42.400553979803924,6.837,-142.05510419739278,False,0,-52.12811172753244,-43.01984442772006,-90.58149686365388,-58.67572452610018,-108.48146906058159,-67.88248468207198,-117.76858652208125
nlsbuss_mike,Waves,SSL 4000 G+ console buss,console-ssl,matched_thd_1_pct,full,thd_1_pct,1000.0,-18.0,0.5603324580544204,-45.03108439356691,6.749,-145.5154920496983,False,0,-54.83496800460954,-45.63367843190971,-96.15896349162277,-61.55376345905344,-114.49446028524855,-70.7842775683522,-122.60186957986954
nlsbuss_mike,Waves,SSL 4000 G+ console buss,console-ssl,matched_thd_1_pct,full,thd_1_pct,1000.0,-21.0,0.4091193174399863,-47.76300027756983,6.684,-149.35357694234122,False,0,-57.62170788365612,-48.35381627375682,-101.87087682827794,-64.47066509816958,-120.58969773239247,-73.7148502015963,-126.73497520386937
nlsbuss_mike,Waves,SSL 4000 G+ console buss,console-ssl,matched_thd_1_pct,full,thd_1_pct,1000.0,-24.0,0.29615040211568516,-50.56975346667351,6.636,-153.07760085639566,False,0,-60.4675722512704,-51.15226346598408,-107.69730805383878,-67.41374160228612,-126.56556509891871,-76.66626457854407,-129.90852182974916
nlsbuss_mike,Waves,SSL 4000 G+ console buss,console-ssl,matched_thd_1_pct,full,thd_1_pct,1000.0,-27.0,0.21303227192144275,-53.43109201988674,6.602,-156.6818795218433,False,0,-63.356604222363934,-54.00775367334754,-113.63477368579565,-70.37443625769127,-131.44550652817276,-79.63289022967544,-132.05515842742523
nlsbuss_mike,Waves,SSL 4000 G+ console buss,console-ssl,matched_thd_1_pct,full,thd_1_pct,1000.0,-3.0,29.782448823899824,-10.520791916107516,3.146,-127.41495300378163,False,0,-33.88081776608763,-11.145425046399577,-38.90992993548205,-19.717247248692257,-44.900561447651334,-31.98039651688134,-52.37063695347843
nlsbuss_mike,Waves,SSL 4000 G+ console buss,console-ssl,matched_thd_1_pct,full,thd_1_pct,1000.0,-30.0,0.1525478178700375,-56.331880007403576,6.577,-160.1703009011457,False,0,-66.27680480442942,-56.90443245288438,-119.65814366409202,-73.3472413269312,-133.7483396894604,-82.61094767339424,-133.3398243086319
nlsbuss_mike,Waves,SSL 4000 G+ console buss,console-ssl,matched_thd_1_pct,full,thd_1_pct,1000.0,-36.0,0.0775329870563248,-62.21026967928666,6.547,-166.83335686423976,False,0,-72.177333523825,-62.77799206883862,-130.606798529572,-79.31501071011839,-134.02598402711416,-88.59220518584023,-134.43777025668453
nlsbuss_mike,Waves,SSL 4000 G+ console buss,console-ssl,matched_thd_1_pct,full,thd_1_pct,1000.0,-42.0,0.039140801590179825,-68.14740568770084,6.531,-173.19881558693695,False,0,-78.12231547855392,-68.71300118876677,-133.56428700853098,-85.29945387262872,-133.84081334782815,-94.60063041278835,-134.7174344764741
nlsbuss_mike,Waves,SSL 4000 G+ console buss,console-ssl,matched_thd_1_pct,full,thd_1_pct,1000.0,-48.0,0.019695104071173877,-74.11283439974505,6.523,-179.395389677338,False,0,-84.08510817618178,-74.67794862310595,-133.3097321134824,-91.29249851619379,-133.78658657563403,-100.64073937076365,-134.8734260555023
nlsbuss_mike,Waves,SSL 4000 G+ console buss,console-ssl,matched_thd_1_pct,full,thd_1_pct,1000.0,-54.0,0.0098975811894428,-80.08941854123503,6.519,-185.4921856715024,False,0,-90.04718737912313,-80.65550759996803,-133.15529597100203,-97.28989805349681,-133.78526130282293,-106.73100168261642,-134.9250005670618
nlsbuss_mike,Waves,SSL 4000 G+ console buss,console-ssl,matched_thd_1_pct,full,thd_1_pct,1000.0,-6.0,22.238808519541713,-13.057769690045815,5.791,-127.98253326743905,False,0,-31.7062723370703,-13.266053613945628,-40.05250486032358,-29.940738024501854,-51.21481293771751,-33.03607869093177,-46.25881470600235
nlsbuss_mike,Waves,SSL 4000 G+ console buss,console-ssl,matched_thd_1_pct,full,thd_1_pct,1000.0,-60.0,0.004974047072653957,-86.06580218068986,6.517,-191.54509502793584,False,0,-95.99042210694124,-86.63496696002224,-133.12936145794484,-103.28648691450981,-133.82741033041498,-112.91410341417239,-134.92749507294025
nlsbuss_mike,Waves,SSL 4000 G+ console buss,console-ssl,matched_thd_1_pct,full,thd_1_pct,1000.0,-9.0,11.867299902924263,-18.51296164559582,7.947,-128.8985519605382,False,0,-29.80475859970064,-19.248884418125048,-49.06008649411707,-30.042849049324076,-42.69195141498286,-40.670039909332026,-51.475782089349245
nlsbuss_mike,Waves,SSL 4000 G+ console buss,console-ssl,matched_thd_1_pct,full,thd_1_pct,1000.0,0.0,35.16884928319757,-9.076836829358216,0.319,-127.20255377873684,False,0,-35.95218638333149,-10.218263491115835,-40.10201625737136,-16.458212327178728,-43.57783642056961,-22.543960449180695,-46.91690235397794
nlsbuss_mike,Waves,SSL 4000 G+ console buss,console-ssl,matched_thd_1_pct,full,thd_1_pct,1000.0,3.0,38.50908938036897,-8.28873501926531,-2.591,-126.98091453129729,False,0,-37.8228485132704,-9.782148394548356,-41.9214404707768,-15.046037423769306,-44.888573843180374,-19.363320697011343,-46.81746427227679
nlsbuss_nevo,Waves,Neve 5116 console buss,console-neve,drive_0,full,,100.0,-12.0,0.011240468887849202,-78.98431144231739,-0.095,-137.9290724261487,False,0,-79.06700064520888,-129.87475085140113,-96.54296452032222,-133.509504699723,-108.38407757418526,-136.83061374339337,-117.10904371721696
nlsbuss_nevo,Waves,Neve 5116 console buss,console-neve,drive_0,full,,100.0,-15.0,0.010959604899310051,-79.2041020432052,-0.095,-140.9321274109383,False,0,-79.27903707289764,-128.77419715173343,-97.15940191575748,-133.66586360142009,-109.39217861060934,-136.73355167236042,-118.42977395395943
nlsbuss_nevo,Waves,Neve 5116 console buss,console-neve,drive_0,full,,100.0,-18.0,0.010554852365641956,-79.53095673880901,-0.095,-143.93312974721346,False,0,-79.59638678312966,-127.46032181881108,-98.03968961991508,-133.73128501449915,-110.79236304402147,-136.52785236679944,-120.18254167078626
nlsbuss_nevo,Waves,Neve 5116 console buss,console-neve,drive_0,full,,100.0,-21.0,0.00999905676324944,-80.00081932367321,-0.095,-146.93735282559322,False,0,-80.05542231956072,-126.17458532317414,-99.25752845807023,-133.54615796180008,-112.68240926070166,-136.17465150948658,-122.43139472860791
nlsbuss_nevo,Waves,Neve 5116 console buss,console-neve,drive_0,full,,100.0,-24.0,0.009276760491449253,-80.6520731185296,-0.095,-149.94055776301778,False,0,-80.69532068265227,-125.08704398780763,-100.88655244770209,-133.3498172306844,-115.15970059109065,-135.70930280923986,-125.13846301274361
nlsbuss_nevo,Waves,Neve 5116 console buss,console-neve,drive_0,full,,100.0,-27.0,0.008393022262017682,-81.52163249887548,-0.095,-152.9427734315186,False,0,-81.55392845091868,-124.31173737042343,-103.00018571175204,-133.08772726394557,-118.33006192995629,-135.22986113791848,-128.10214506644496
nlsbuss_nevo,Waves,Neve 5116 console buss,console-neve,drive_0,full,,100.0,-3.0,0.011621033478424986,-78.69510495351142,-0.095,-128.92364964546377,False,0,-78.7908403153383,-131.13312589552788,-95.67522497257984,-132.5745910661186,-106.89000512142451,-136.62723429247143,-115.04438864261395
nlsbuss_nevo,Waves,Neve 5116 console buss,console-neve,drive_0,full,,100.0,-30.0,0.007379574777106396,-82.63937324396387,-0.095,-155.94662135889698,False,0,-82.66202853374881,-123.88868522678169,-105.65903397100728,-132.84438361623688,-122.31157337097117,-134.7221296608807,-130.82516253480475
nlsbuss_nevo,Waves,Neve 5116 console buss,console-neve,drive_0,full,,100.0,-36.0,0.005201167935078448,-85.67798247035823,-0.095,-161.95039279774915,False,0,-85.68725444899405,-124.04837206662566,-112.85755448703136,-132.40055073455062,-132.83203452810722,-133.91259681879208,-133.33391828641842
nlsbuss_nevo,Waves,Neve 5116 console buss,console-neve,drive_0,full,,100.0,-42.0,0.0032577736272419566,-89.74158193557356,-0.095,-167.95134469648957,False,0,-89.74542270654725,-125.07047336734314,-123.540979573213,-131.98102151434657,-135.27872026785818,-133.38112330110184,-133.40923357530474
nlsbuss_nevo,Waves,Neve 5116 console buss,console-neve,drive_0,full,,100.0,-48.0,0.0018554026994849668,-94.63123631738198,-0.095,-173.9511272493645,False,0,-94.63692646742922,-126.2355734327092,-157.7936195523548,-131.69190172038253,-133.11743941352128,-133.08868492629693,-133.27615424385917
nlsbuss_nevo,Waves,Neve 5116 console buss,console-neve,drive_0,full,,100.0,-54.0,0.0009873957710340407,-100.11017474347443,-0.095,-179.94984783427495,False,0,-100.13134952751678,-127.06362628162402,-132.9610901674282,-131.51291070997556,-132.42992400379921,-132.93553167448695,-133.15142096350593
nlsbuss_nevo,Waves,Neve 5116 console buss,console-neve,drive_0,full,,100.0,-6.0,0.011546686701321486,-78.75085235658784,-0.095,-131.92444889559496,False,0,-78.84368394876772,-131.03360938408062,-95.85104255122046,-132.9153125141114,-107.20447302354744,-136.69677886047984,-115.49185737753382
nlsbuss_nevo,Waves,Neve 5116 console buss,console-neve,drive_0,full,,100.0,-60.0,0.0005011620617503699,-106.00043625539682,-0.095,-185.94977182738086,False,0,-106.08706877522523,-127.51187793142067,-130.70490399835077,-131.3701044329053,-132.24020765055965,-132.83020196632162,-133.10408262535003
nlsbuss_nevo,Waves,Neve 5116 console buss,console-neve,drive_0,full,,100.0,-9.0,0.01142707980375284,-78.84129479218223,-0.095,-134.92607139648442,False,0,-78.92988902724538,-130.64819870224468,-96.12548898410581,-133.1881118004466,-107.67952523490223,-136.83326361713614,-116.15584784200644
nlsbuss_nevo,Waves,Neve 5116 console buss,console-neve,drive_0,full,,100.0,0.0,0.2031350214046849,-53.84430391579108,-0.106,-125.82686999827934,False,0,-81.64240286069465,-58.32001078724939,-88.3329395236416,-58.58350313584104,-87.8159755161349,-59.00644251315131,-88.52202127522321
nlsbuss_nevo,Waves,Neve 5116 console buss,console-neve,drive_0,full,,100.0,3.0,13.80451705911352,-17.199575644646213,-1.898,-125.77340165639419,False,0,-83.68340632146102,-17.43938912782368,-78.23961015862643,-32.019497309177474,-80.03615306917764,-34.02756257499802,-81.80190669339572
nlsbuss_nevo,Waves,Neve 5116 console buss,console-neve,drive_0,full,,1000.0,-12.0,0.007083886374310231,-82.99456827037847,0.026,-137.8685468779983,False,0,-83.13874636115102,-138.99212651192815,-98.3959877412321,-125.27332479814305,-108.40290924763373,-125.9303504523023,-113.7971003059132
nlsbuss_nevo,Waves,Neve 5116 console buss,console-neve,drive_0,full,,1000.0,-15.0,0.006752214922007232,-83.41107485265907,0.026,-140.86803868478282,False,0,-83.53369603510214,-140.2159447451397,-99.42919605271246,-125.08960976855413,-110.18303950611057,-125.9599539966669,-115.65158184379487
nlsbuss_nevo,Waves,Neve 5116 console buss,console-neve,drive_0,full,,1000.0,-18.0,0.006312179356647641,-83.9964133883184,0.026,-143.8708172944852,False,0,-84.0962001405881,-139.86309362489723,-100.82263726467357,-125.01460401529982,-112.56181072133126,-125.96305440791173,-117.8589500261294
nlsbuss_nevo,Waves,Neve 5116 console buss,console-neve,drive_0,full,,1000.0,-21.0,0.005761348884117648,-84.78951649699923,0.026,-146.87291995555162,False,0,-84.86714548791524,-138.87580947305278,-102.63160223995118,-125.02532609017595,-115.65680362675678,-125.93068280437302,-120.23160043664066
nlsbuss_nevo,Waves,Neve 5116 console buss,console-neve,drive_0,full,,1000.0,-24.0,0.0051144800769770266,-85.8239701761882,0.026,-149.8733832641849,False,0,-85.88200402515261,-138.53796403000686,-104.88513702344596,-125.15980648827875,-119.58990639654664,-125.88657946546535,-122.3974459512746
nlsbuss_nevo,Waves,Neve 5116 console buss,console-neve,drive_0,full,,1000.0,-27.0,0.004403997280355196,-87.12305915788897,0.026,-152.8741748171957,False,0,-87.1653969030784,-138.91486101226965,-107.57544501133992,-125.3691819346877,-124.28562628963313,-125.84500047825813,-123.94840572336255
nlsbuss_nevo,Waves,Neve 5116 console buss,console-neve,drive_0,full,,1000.0,-3.0,0.007589373817654862,-82.3958811059527,0.026,-128.865395288734,False,0,-82.58533487877685,-133.57716330720967,-96.80718810097675,-126.0549430926394,-105.56252688978992,-125.76872413776984,-110.4862534593154
nlsbuss_nevo,Waves,Neve 5116 console buss,console-neve,drive_0,full,,1000.0,-30.0,0.003674959891811247,-88.69494792811332,0.026,-155.87403840424017,False,0,-88.72611196161138,-139.85524881873116,-110.63856957613588,-125.62885993320216,-128.41427635387558,-125.78332870047723,-124.79161006015028
nlsbuss_nevo,Waves,Neve 5116 console buss,console-neve,drive_0,full,,1000.0,-36.0,0.0023409958295632013,-92.61198719979072,0.026,-161.87467065638958,False,0,-92.63455404415764,-138.92990394183448,-117.29848858975191,-126.1359335505571,-128.02045173726947,-125.690879302689,-125.31903217844409
nlsbuss_nevo,Waves,Neve 5116 console buss,console-neve,drive_0,full,,1000.0,-42.0,0.0013534138359616958,-97.37138776067,0.026,-167.87604159526595,False,0,-97.40770627178178,-135.15953545732518,-123.07873079862183,-126.49852826890236,-126.61106312013416,-125.63737770907544,-125.41320961475655
nlsbuss_nevo,Waves,Neve 5116 console buss,console-neve,drive_0,full,,1000.0,-48.0,0.0007341025173330511,-102.68486573347415,0.026,-173.87812088616823,False,0,-102.79051353883881,-132.8353597657537,-126.40372274544312,-126.72372143750994,-126.18526386787359,-125.6204124725548,-125.42517366998777
nlsbuss_nevo,Waves,Neve 5116 console buss,console-neve,drive_0,full,,1000.0,-54.0,0.0003884244101841255,-108.2138697011741,0.026,-179.87695703058645,False,0,-108.59136396037846,-131.54527746638956,-127.73982699623603,-126.80296484076031,-126.08946664833469,-125.58807820549596,-125.4262590747474
nlsbuss_nevo,Waves,Neve 5116 console buss,console-neve,drive_0,full,,1000.0,-6.0,0.007483086005671486,-82.51838526505985,0.026,-131.8650647966292,False,0,-82.69644234725962,-135.04657975687675,-97.1474004539405,-125.79677622333735,-106.19130952879983,-125.84141672614513,-111.26140422806144
nlsbuss_nevo,Waves,Neve 5116 console buss,console-neve,drive_0,full,,1000.0,-60.0,0.0002142565655007575,-113.38131722080828,0.026,-185.87677287447605,False,0,-114.7596844695932,-130.93321861865684,-128.1302916044111,-126.88550425503922,-126.07231763696768,-125.59380217952965,-125.43311605988465
nlsbuss_nevo,Waves,Neve 5116 console buss,console-neve,drive_0,full,,1000.0,-9.0,0.007320983007447407,-82.70861202351162,0.026,-134.8662176602117,False,0,-82.8715622011761,-136.94804610617035,-97.65693779078467,-125.5245766150943,-107.10601155210276,-125.90492433039857,-112.34517226905722
nlsbuss_nevo,Waves,Neve 5116 console buss,console-neve,drive_0,full,,1000.0,0.0,0.13532542648057874,-57.37241191095342,0.02,-125.9176041733413,True,0,-67.89105151322636,-63.035927605105655,-70.23906745977547,-63.31175410861576,-70.18128263440273,-63.620081062415295,-70.95855047883956
nlsbuss_nevo,Waves,Neve 5116 console buss,console-neve,drive_0,full,,1000.0,3.0,13.587930203718866,-17.336933852197987,-1.758,-125.9770849776484,True,0,-57.91100145659335,-17.581115534080006,-80.42282321106046,-31.95926440396927,-70.111585399504,-34.30840295309282,-86.445419307115
nlsbuss_nevo,Waves,Neve 5116 console buss,console-neve,drive_12,full,,100.0,-12.0,0.6506364091896432,-43.733232750756805,6.213,-130.4399567499828,False,0,-43.82894081506409,-100.9125431612973,-60.71160837912872,-108.04531876010346,-71.88684143501305,-106.085507684764,-80.47723770716661
nlsbuss_nevo,Waves,Neve 5116 console buss,console-neve,drive_12,full,,100.0,-15.0,0.6442287604429371,-43.81919781563383,6.213,-133.5690935792218,False,0,-43.91081285000796,-103.33698423315562,-60.96915925507464,-108.80701294780089,-72.32531227259057,-105.90473767156853,-81.12006794782383
nlsbuss_nevo,Waves,Neve 5116 console buss,console-neve,drive_12,full,,100.0,-18.0,0.63419820682156,-43.95549980526415,6.213,-136.63432595180643,False,0,-44.04138585840737,-105.88091666842249,-61.361675875837875,-108.90328879563947,-72.97346665357352,-105.82935335027385,-82.04536095312281
nlsbuss_nevo,Waves,Neve 5116 console buss,console-neve,drive_12,full,,100.0,-21.0,0.6190513603191684,-44.16546635472278,6.213,-139.6700303646374,False,0,-44.24378506588929,-104.77931672958688,-61.94188086846839,-108.03308126447725,-73.90156983493577,-105.92561501243806,-83.33467344318632
nlsbuss_nevo,Waves,Neve 5116 console buss,console-neve,drive_12,full,,100.0,-24.0,0.5971159968677013,-44.478825876370806,6.213,-142.7272196480589,False,0,-44.54778964892242,-100.88221518461879,-62.772164337420676,-106.65176809085693,-75.18714628795416,-106.25198725841486,-85.07252227344432
nlsbuss_nevo,Waves,Neve 5116 console buss,console-neve,drive_12,full,,100.0,-27.0,0.5668421714316305,-44.93075693917788,6.212,-145.7941974530752,False,0,-44.98897662572928,-97.58362394912814,-63.921037240511545,-105.39242694501411,-76.90834595530099,-106.86420786206803,-87.33617785097815
nlsbuss_nevo,Waves,Neve 5116 console buss,console-neve,drive_12,full,,100.0,-3.0,1.8228555503488817,-34.78495490086591,6.107,-121.12097995888567,True,0,-43.57851527445093,-38.793234800671776,-60.37554923029563,-40.13921868066423,-72.93089458119341,-42.32368456364084,-84.45187492949822
nlsbuss_nevo,Waves,Neve 5116 console buss,console-neve,drive_12,full,,100.0,-30.0,0.5272685646830009,-45.55936240351172,6.212,-148.87785458647724,False,0,-45.60619211478013,-95.26829103415567,-65.45680222399666,-104.59038439212426,-79.13433434675399,-107.78961908056182,-90.18523467827934
nlsbuss_nevo,Waves,Neve 5116 console buss,console-neve,drive_12,full,,100.0,-36.0,0.422300362524769,-47.48757091507564,6.212,-155.0727276427779,False,0,-47.513387902094834,-93.06139986097294,-69.91310482677393,-104.74003495166545,-85.2678303466658,-110.62043134805697,-97.71560639175648
nlsbuss_nevo,Waves,Neve 5116 console buss,console-neve,drive_12,full,,100.0,-42.0,0.3001662723054689,-50.45276216287607,6.212,-161.26826681449108,False,0,-50.46430944446642,-93.47498210972113,-76.38336041190941,-107.09610737370099,-93.58997823414822,-114.61532538343243,-107.42927361383698
nlsbuss_nevo,Waves,Neve 5116 console buss,console-neve,drive_12,full,,100.0,-48.0,0.18986867060533447,-54.430933807493574,6.212,-167.4216083090485,False,0,-54.43538058045225,-95.94103241582827,-84.71042851737744,-111.09666619497747,-103.55890209355074,-119.43775884616811,-118.5458927442196
nlsbuss_nevo,Waves,Neve 5116 console buss,console-neve,drive_12,full,,100.0,-54.0,0.1094978327584356,-59.21188953069952,6.211,-173.5185296331507,False,0,-59.21359613613867,-99.87616631541046,-94.41881766884654,-116.03060860555615,-114.30060367770665,-124.67555976845716,-129.68021300194172
nlsbuss_nevo,Waves,Neve 5116 console buss,console-neve,drive_12,full,,100.0,-6.0,0.6570034908137522,-43.648646458511465,6.213,-124.02452549384265,True,0,-43.74894905859894,-98.1005610389343,-60.44528945640252,-106.35703144307342,-71.41536434614471,-106.56401100639687,-79.76122677275906
nlsbuss_nevo,Waves,Neve 5116 console buss,console-neve,drive_12,full,,100.0,-60.0,0.059366992739247074,-64.5290989978403,6.211,-179.57172962763065,False,0,-64.52992543062545,-104.74702034712195,-104.9006975666935,-121.30993885872336,-124.76884181271758,-130.01134751850432,-138.31687818934338
nlsbuss_nevo,Waves,Neve 5116 console buss,console-neve,drive_12,full,,100.0,-9.0,0.6546065585385701,-43.68039295572554,6.213,-127.2497922824883,False,0,-43.778882764859624,-99.2348547983177,-60.54736132622554,-107.13941475869919,-71.59903683453439,-106.31768156491495,-80.04432931971793
nlsbuss_nevo,Waves,Neve 5116 console buss,console-neve,drive_12,full,,100.0,0.0,15.096857378056155,-16.42226895534535,4.149,-121.12052790814073,True,0,-42.48821365934201,-16.61569892392361,-70.09073457298037,-34.41067970809661,-80.15603167272884,-32.41004695672804,-73.6038371806813
nlsbuss_nevo,Waves,Neve 5116 console buss,console-neve,drive_12,full,,100.0,3.0,24.48178297146469,-12.223139127203543,1.544,-120.86603942733448,True,0,-41.950521042733016,-12.470878807353367,-61.95008144986558,-25.027886854114826,-68.94379260608477,-39.33101238961107,-76.51411675710635
nlsbuss_nevo,Waves,Neve 5116 console buss,console-neve,drive_12,full,,1000.0,-12.0,0.4202062059188569,-47.530750757953435,6.342,-131.3378339279212,False,0,-47.70299548673697,-102.60890920627112,-62.387908166771176,-107.6929037388754,-70.58039874857184,-113.20041245998905,-76.57832633779343
nlsbuss_nevo,Waves,Neve 5116 console buss,console-neve,drive_12,full,,1000.0,-15.0,0.41147837000449444,-47.71305978422678,6.342,-134.32622196872066,False,0,-47.87054560859018,-100.13901320855793,-62.893942200278225,-105.88328578241722,-71.40847622364203,-111.5982720898732,-77.70376019183945
nlsbuss_nevo,Waves,Neve 5116 console buss,console-neve,drive_12,full,,1000.0,-18.0,0.3986486550062844,-47.988193936533975,6.342,-137.31761664262703,False,0,-48.127260180891476,-98.0599066490777,-63.63069393631292,-104.47781617746827,-72.57381016482418,-110.5071683724239,-79.24713532473187
nlsbuss_nevo,Waves,Neve 5116 console buss,console-neve,drive_12,full,,1000.0,-21.0,0.38062757493400046,-48.38999504048226,6.342,-140.31168494302102,False,0,-48.507712386840616,-96.38879176239362,-64.66814489422183,-103.51969879189116,-74.15960760828783,-109.97010285104199,-81.29319419966777
nlsbuss_nevo,Waves,Neve 5116 console buss,console-neve,drive_12,full,,1000.0,-24.0,0.3565916783882123,-48.95657591935737,6.342,-143.33662384220045,False,0,-49.05146641030097,-95.15371547359297,-66.07923307816216,-103.0556145268274,-76.24455737417443,-110.01165759759013,-83.91240352339877
nlsbuss_nevo,Waves,Neve 5116 console buss,console-neve,drive_12,full,,1000.0,-27.0,0.3263356696972074,-49.726709072448614,6.341,-146.36446582373497,False,0,-49.79919261044928,-94.38522459817241,-67.93157240889992,-103.11310653212848,-78.89134177568506,-110.6378612562937,-87.14819000047828
nlsbuss_nevo,Waves,Neve 5116 console buss,console-neve,drive_12,full,,1000.0,-3.0,1.6335470866441573,-35.73736685125787,6.258,-122.68207988216685,True,0,-46.3032639889298,-39.37289676358669,-67.56216389463752,-41.16428116863734,-64.37432149637078,-42.93830018444286,-75.4976968373841
nlsbuss_nevo,Waves,Neve 5116 console buss,console-neve,drive_12,full,,1000.0,-30.0,0.2905811954803438,-50.73464987669688,6.341,-149.3880516176201,False,0,-50.78698976093704,-94.1075391922162,-70.2777918668517,-103.69680222930873,-82.13542583467861,-111.82819025181581,-91.00517634176562
nlsbuss_nevo,Waves,Neve 5116 console buss,console-neve,drive_12,full,,1000.0,-36.0,0.2102377921372567,-53.54578425888658,6.341,-155.44104729765036,False,0,-53.56897939567165,-95.04054021341462,-76.53721651189586,-106.29200527454401,-90.37880065947431,-115.55564158411953,-100.38595604753048
nlsbuss_nevo,Waves,Neve 5116 console buss,console-neve,drive_12,full,,1000.0,-42.0,0.13487575116456021,-57.401322471653856,6.34,-161.4846451196493,False,0,-57.40999888518917,-97.78200187423245,-84.73746756943454,-110.24341219025992,-100.6090580130919,-120.13436232001945,-111.32254887690962
nlsbuss_nevo,Waves,Neve 5116 console buss,console-neve,drive_12,full,,1000.0,-48.0,0.07849702843978915,-62.102935669331615,6.34,-167.51740260388178,False,0,-62.10603233396337,-101.93631465307946,-94.3783025051055,-114.67567244357562,-112.38266880848155,-123.83075345243574,-121.7006545914671
nlsbuss_nevo,Waves,Neve 5116 console buss,console-neve,drive_12,full,,1000.0,-54.0,0.04277227541670639,-67.37675290712293,6.34,-173.53326136185922,False,0,-67.37806927041507,-107.09476514962225,-104.72523087711643,-118.78713564665075,-124.70817541915841,-125.43725921179986,-125.4203460812149
nlsbuss_nevo,Waves,Neve 5116 console buss,console-neve,drive_12,full,,1000.0,-6.0,0.4295238942647568,-47.34025343019661,6.342,-125.37114700680877,True,0,-47.53140847098082,-108.8416070627502,-61.83352267160059,-112.34378392536838,-69.63055244690365,-117.76358268978298,-75.24140977653943
nlsbuss_nevo,Waves,Neve 5116 console buss,console-neve,drive_12,full,,1000.0,-60.0,0.022407483439233118,-72.99213831760306,6.34,-179.54432865545397,False,0,-72.99298119205287,-113.0322556171449,-114.66566971631798,-122.02325148459663,-127.43425494570334,-125.7610337070458,-125.52802450721308
nlsbuss_nevo,Waves,Neve 5116 console buss,console-neve,drive_12,full,,1000.0,-9.0,0.4259144412200253,-47.41355268639346,6.342,-128.35510682957926,False,0,-47.59686787265436,-105.48729797273094,-62.05114466722169,-109.85784996926684,-70.01064801504018,-115.26953919074161,-75.78426298592117
nlsbuss_nevo,Waves,Neve 5116 console buss,console-neve,drive_12,full,,1000.0,0.0,14.889936414065602,-16.542143137071182,4.323,-122.77591975679113,True,0,-47.66562436861317,-16.724014538886212,-56.90680659083543,-34.469379275807476,-81.64287460396142,-32.7346285997755,-74.00661827759883
nlsbuss_nevo,Waves,Neve 5116 console buss,console-neve,drive_12,full,,1000.0,3.0,24.219122555135947,-12.316831902939029,1.722,-122.76176600403613,True,0,-49.971026673660994,-12.557198073082088,-54.958818607542185,-25.186256362301943,-62.18251723276716,-39.39988407782927,-77.51583291754648
nlsbuss_nevo,Waves,Neve 5116 console buss,console-neve,drive_3,curve,,1000.0,-12.0,0.021349325194446194,-73.4123169504465,0.777,-137.10074396309517,False,0,-73.55646251878818,-128.4688800311605,-88.88004143146141,-122.80731771802407,-98.05736413870464,-126.18826446895946,-104.37909118939133
nlsbuss_nevo,Waves,Neve 5116 console buss,console-neve,drive_3,curve,,1000.0,-15.0,0.020435108178178944,-73.79246117807214,0.777,-140.10297765613876,False,0,-73.91561565730478,-125.72315538722948,-89.85563485949612,-122.36713601452082,-99.61403901657341,-126.22147118447728,-106.31287915378641
nlsbuss_nevo,Waves,Neve 5116 console buss,console-neve,drive_3,curve,,1000.0,-18.0,0.019205436288724283,-74.33151645090994,0.777,-143.10525424701152,False,0,-74.43194207863844,-123.829746329005,-91.1873817137778,-122.12290552892846,-101.68456818900223,-126.23906203806382,-108.78246967962383
nlsbuss_nevo,Waves,Neve 5116 console buss,console-neve,drive_3,curve,,1000.0,-21.0,0.017643123158953753,-75.0684906849442,0.777,-146.10878726729834,False,0,-75.14629494305667,-122.66482646915324,-92.94154673855675,-122.1070898369401,-104.35188483254572,-126.22142815423672,-111.79891883578377
nlsbuss_nevo,Waves,Neve 5116 console buss,console-neve,drive_3,curve,,1000.0,-24.0,0.015778307115694952,-76.03879189800956,0.777,-149.11082882211457,False,0,-76.09598677259457,-122.18700837379626,-95.16701652515478,-122.34144097237377,-107.69141446463269,-126.19228372383347,-115.26806238569337
nlsbuss_nevo,Waves,Neve 5116 console buss,console-neve,drive_3,curve,,1000.0,-27.0,0.013695318432922743,-77.268557308283,0.777,-152.1145480586511,False,0,-77.308568068713,-122.3845675373876,-97.88590541788635,-122.77187709587713,-111.76824930955526,-126.13677725520618,-118.8908646905953
nlsbuss_nevo,Waves,Neve 5116 console buss,console-neve,drive_3,curve,,1000.0,-3.0,0.0227158556923865,-72.8734179786757,0.777,-128.0950766501784,False,0,-73.06014952831323,-141.42489269137766,-87.4064993845196,-124.71535241665022,-95.57871886713147,-125.95336311398425,-101.1188241370394
nlsbuss_nevo,Waves,Neve 5116 console buss,console-neve,drive_3,curve,,1000.0,-30.0,0.011521531076824236,-78.76979608833787,0.777,-155.11895670288962,False,0,-78.79667752879976,-123.2445460672711,-101.08258054974709,-123.3469013971116,-116.64794134502812,-126.03960242619328,-122.03584847956625
nlsbuss_nevo,Waves,Neve 5116 console buss,console-neve,drive_3,curve,,1000.0,-36.0,0.007450747219415541,-82.5560034121589,0.777,-161.12124155406872,False,0,-82.56779961342617,-127.09925415912481,-108.61466778399303,-124.60245553292086,-127.41529468809563,-125.87637597900483,-124.9568147892519
nlsbuss_nevo,Waves,Neve 5116 console buss,console-neve,drive_3,curve,,1000.0,-42.0,0.004358398319067467,-87.21346163201088,0.777,-167.12359563040096,False,0,-87.22082622469672,-134.3999890655877,-116.6071887225152,-125.59968346532625,-127.79669203182208,-125.7374497659098,-125.38122332362342
nlsbuss_nevo,Waves,Neve 5116 console buss,console-neve,drive_3,curve,,1000.0,-48.0,0.0023788779937447373,-92.47255662375377,0.777,-173.12522276639083,False,0,-92.48426067749696,-140.52330348751843,-123.04903062267876,-126.22067488939145,-126.54728087673209,-125.6654154163217,-125.41941523460147
nlsbuss_nevo,Waves,Neve 5116 console buss,console-neve,drive_3,curve,,1000.0,-54.0,0.0012450862582176958,-98.09601120156104,0.777,-179.1238416690497,False,0,-98.13185764977507,-135.11190143436056,-126.53368889841548,-126.56531742505761,-126.1915224841039,-125.62281194222182,-125.4291926653852
nlsbuss_nevo,Waves,Neve 5116 console buss,console-neve,drive_3,curve,,1000.0,-6.0,0.02243193043407997,-72.98266701091461,0.777,-131.09722974294993,False,0,-73.15887862305331,-137.6674215193127,-87.71868880055736,-124.0577062735366,-96.12480985950111,-126.0634983246913,-101.86324867749128
nlsbuss_nevo,Waves,Neve 5116 console buss,console-neve,drive_3,curve,,1000.0,-60.0,0.0006383835624032425,-103.89836608131301,0.777,-185.12447741980114,False,0,-104.03250406515664,-132.55396732017073,-127.77758477131094,-126.76047712472652,-126.09861210485688,-125.61232868502223,-125.43487318960182
nlsbuss_nevo,Waves,Neve 5116 console buss,console-neve,drive_3,curve,,1000.0,-9.0,0.02199535654384035,-73.1533798746813,0.777,-134.09786385229228,False,0,-73.31541718949333,-132.32685397338992,-88.19022969153848,-123.39996709560309,-96.92400594372802,-126.1615865052589,-102.92178793425286
nlsbuss_nevo,Waves,Neve 5116 console buss,console-neve,drive_3,curve,,1000.0,0.0,0.14017899390291635,-57.066341227466054,0.771,-125.14683864275429,True,0,-65.20543080874744,-62.96682583798716,-70.95875209188301,-63.34978699784326,-69.95348587281582,-63.60175219331268,-71.05928250042241
nlsbuss_nevo,Waves,Neve 5116 console buss,console-neve,drive_3,curve,,1000.0,3.0,13.589257750873694,-17.336085278158272,-1.006,-125.21232454914033,True,0,-57.22152235695474,-17.57997038732259,-87.19351286053949,-31.96533706181961,-70.33089774293668,-34.31275145216172,-86.89364567576379
nlsbuss_nevo,Waves,Neve 5116 console buss,console-neve,drive_6,full,,100.0,-12.0,0.10126402175287776,-59.89089656754412,1.406,-136.27785290734758,False,0,-59.97892469896406,-125.25721034085522,-77.1986486673252,-129.40156170146594,-88.72085991652268,-124.21684393952269,-97.64922983011013
nlsbuss_nevo,Waves,Neve 5116 console buss,console-neve,drive_6,full,,100.0,-15.0,0.09921695843306967,-60.06828181408396,1.406,-139.29610902860634,False,0,-60.14949675796317,-124.57934317641372,-77.6978790169449,-128.76514191632816,-89.53188836317507,-124.24045755434788,-98.78583617787088
nlsbuss_nevo,Waves,Neve 5116 console buss,console-neve,drive_6,full,,100.0,-18.0,0.09620045992081458,-60.33645703313263,1.406,-142.31569504276453,False,0,-60.409017453029875,-118.7291681811533,-78.42170559808812,-126.26045254083206,-90.67068489087534,-124.49851715396855,-100.33745953614832
nlsbuss_nevo,Waves,Neve 5116 console buss,console-neve,drive_6,full,,100.0,-21.0,0.09195320648835957,-60.7286624387039,1.406,-145.33190715732053,False,0,-60.79097551373211,-114.58780405200773,-79.4372873164796,-123.9521359275526,-92.21828844609293,-125.14264894317486,-102.38971792900787
nlsbuss_nevo,Waves,Neve 5116 console buss,console-neve,drive_6,full,,100.0,-24.0,0.08627546950966714,-61.28225337213425,1.406,-148.35118706826808,False,0,-61.33334445904005,-111.8199614298901,-80.81418030535467,-122.42273730566959,-94.25008494288141,-126.19519580220577,-105.00987521153723
nlsbuss_nevo,Waves,Neve 5116 console buss,console-neve,drive_6,full,,100.0,-27.0,0.07911140365471503,-62.035218196708314,1.406,-151.36881691782852,False,0,-62.074994692973185,-110.02069900170375,-82.61796388884005,-121.6975619408691,-96.82952960103798,-127.75447256936653,-108.24427859930944
nlsbuss_nevo,Waves,Neve 5116 console buss,console-neve,drive_6,full,,100.0,-3.0,0.10395771547780788,-59.66286545804215,1.406,-127.23899441408432,False,0,-59.761800395258355,-115.9994830653744,-76.51245302166932,-124.25676055763182,-87.54643253610146,-125.02047714864182,-95.92624777903764
nlsbuss_nevo,Waves,Neve 5116 console buss,console-neve,drive_6,full,,100.0,-30.0,0.07062187846145697,-63.021214697623435,1.406,-154.38512588896683,False,0,-63.05052566987764,-109.00390849398292,-84.90103807077733,-121.7193550197422,-99.99672923125965,-129.84481150531155,-112.10884621815624
nlsbuss_nevo,Waves,Neve 5116 console buss,console-neve,drive_6,full,,100.0,-36.0,0.051432994389052904,-65.7751638130975,1.406,-160.41458607275032,False,0,-65.7886769810178,-108.90691473077919,-91.010498216726,-123.72205707158629,-108.12063899601438,-136.07717140291493,-121.59976704241808
nlsbuss_nevo,Waves,Neve 5116 console buss,console-neve,drive_6,full,,100.0,-42.0,0.03324114235984356,-69.56648119471912,1.406,-166.43433952247102,False,0,-69.5716749330686,-110.90167201098355,-99.12496083257511,-127.67169098104497,-118.59368821512787,-142.338913954725,-132.29747928128586
nlsbuss_nevo,Waves,Neve 5116 console buss,console-neve,drive_6,full,,100.0,-48.0,0.019465327225439838,-74.2147658219543,1.406,-172.44712146463422,False,0,-74.21663605327257,-114.3351812437595,-109.04089098950783,-132.00954512579972,-132.33524682381565,-139.13979764075793,-136.37192884870183
nlsbuss_nevo,Waves,Neve 5116 console buss,console-neve,drive_6,full,,100.0,-54.0,0.010644764233528779,-79.4572790625524,1.406,-178.4534541712281,False,0,-79.45815717645365,-118.49000515876008,-121.12145242228988,-134.10608621526512,-138.72226620171946,-136.54726077142465,-135.49597681627935
nlsbuss_nevo,Waves,Neve 5116 console buss,console-neve,drive_6,full,,100.0,-6.0,0.10344146823351044,-59.70610647539424,1.406,-130.24783404121845,False,0,-59.802689512270916,-117.81404363705826,-76.64894221845495,-125.7816177210481,-87.78862491824584,-124.67638133465529,-96.29295826509852
nlsbuss_nevo,Waves,Neve 5116 console buss,console-neve,drive_6,full,,100.0,-60.0,0.0055804488782665845,-85.06661732048306,1.406,-184.45647087525404,False,0,-85.06756927055855,-122.61898915740352,-143.04439216728133,-134.07870995147192,-135.2470186401915,-135.32126782230972,-134.9368520515082
nlsbuss_nevo,Waves,Neve 5116 console buss,console-neve,drive_6,full,,100.0,-9.0,0.10259932958281827,-59.77710954070897,1.406,-133.26242809763409,False,0,-59.870171231670554,-120.74445823570065,-76.86519146208995,-127.74132956885381,-88.16190770049359,-124.39483875082423,-96.84456774423452
nlsbuss_nevo,Waves,Neve 5116 console buss,console-neve,drive_6,full,,100.0,0.0,0.22661080937459288,-52.89438756114055,1.395,-124.1315567685813,True,0,-59.97960700959925,-58.3415171339496,-76.9538636433062,-58.59404080753652,-84.15872062787787,-59.00679965279279,-86.45169883130868
nlsbuss_nevo,Waves,Neve 5116 console buss,console-neve,drive_6,full,,100.0,3.0,13.805509988743253,-17.19895090949684,-0.397,-124.0491958254928,True,0,-59.468547571921846,-17.439027698742127,-77.19783868606721,-32.019576859596796,-81.87389503947735,-34.02620653283887,-80.58794745901062
nlsbuss_nevo,Waves,Neve 5116 console buss,console-neve,drive_6,full,,1000.0,-12.0,0.06425385859226294,-63.84201573658396,1.529,-136.31597349455745,False,0,-63.98949868119763,-116.09265736233438,-79.2523089592864,-118.06390973112956,-88.09545310361456,-124.74577453238261,-94.5423697504828
nlsbuss_nevo,Waves,Neve 5116 console buss,console-neve,drive_6,full,,1000.0,-15.0,0.0617411935471341,-64.18849958456666,1.529,-139.3255025510172,False,0,-64.31567275759159,-113.99718068666367,-80.15691665866765,-117.23988536736692,-89.51244097139828,-124.42821880848619,-96.37391632447878
nlsbuss_nevo,Waves,Neve 5116 console buss,console-neve,drive_6,full,,1000.0,-18.0,0.05831655871398291,-64.68416223688239,1.529,-142.3286560172539,False,0,-64.78888535174033,-112.42443891442322,-81.40428049120487,-116.74658794520806,-91.40443569051862,-124.35417692219168,-98.75082329019733
nlsbuss_nevo,Waves,Neve 5116 console buss,console-neve,drive_6,full,,1000.0,-21.0,0.05390108886558903,-65.36804922927436,1.529,-145.3344493381191,False,0,-65.44994707300151,-111.37044485755708,-83.06448581823096,-116.62792717071625,-93.8467846433126,-124.54852791987356,-101.72554083544097
nlsbuss_nevo,Waves,Neve 5116 console buss,console-neve,drive_6,full,,1000.0,-24.0,0.04854595635970785,-66.27693877703598,1.529,-148.33857275767164,False,0,-66.33757229599526,-110.85176857821745,-85.19555354857067,-116.91091186695789,-96.89575426407175,-124.93911951313106,-105.31121630925128
nlsbuss_nevo,Waves,Neve 5116 console buss,console-neve,drive_6,full,,1000.0,-27.0,0.04246338390710513,-67.43970799726532,1.529,-151.3416795090254,False,0,-67.48220149805834,-110.87382294280255,-87.83395796901766,-117.55687575600572,-100.58199209216545,-125.40653503365263,-109.45520143706695
nlsbuss_nevo,Waves,Neve 5116 console buss,console-neve,drive_6,full,,1000.0,-3.0,0.06794026267328648,-63.357455567530494,1.529,-127.29615075882859,False,0,-63.54485360082335,-126.29229900828612,-77.90621400077515,-121.7609781065018,-85.86272247537863,-125.78795429679366,-91.51639312758235
nlsbuss_nevo,Waves,Neve 5116 console buss,console-neve,drive_6,full,,1000.0,-30.0,0.03600746242385932,-68.87214967707155,1.528,-154.34861682868922,False,0,-68.90044756047422,-111.43601151826562,-90.9856074248629,-118.50895099800385,-104.91484525013169,-125.79323388993814,-113.99723136305428
nlsbuss_nevo,Waves,Neve 5116 console buss,console-neve,drive_6,full,,1000.0,-36.0,0.023632072856309194,-72.52996366250754,1.528,-160.3585305227599,False,0,-72.54116329379171,-114.09861486420351,-98.6808088285413,-120.90133285792062,-115.5367943486177,-126.0645841852724,-122.25866903284944
nlsbuss_nevo,Waves,Neve 5116 console buss,console-neve,drive_6,full,,1000.0,-42.0,0.013985269353495526,-77.08658329573782,1.528,-166.36586355006477,False,0,-77.09100044682768,-118.62547304519494,-107.62580803559528,-123.17904955453758,-127.0930256391865,-125.94310408521119,-125.16047691304323
nlsbuss_nevo,Waves,Neve 5116 console buss,console-neve,drive_6,full,,1000.0,-48.0,0.007697569701356114,-82.27292739756372,1.528,-172.3703525816468,False,0,-82.2755728627572,-125.09554811345949,-116.49154777559394,-124.81264509577952,-127.54808513710982,-125.8001155370634,-125.42525690225496
nlsbuss_nevo,Waves,Neve 5116 console buss,console-neve,drive_6,full,,1000.0,-54.0,0.004052015363712654,-87.84657833255805,1.528,-178.37075177069696,False,0,-87.85068372004821,-134.79629836014277,-123.23051987497874,-125.81405865536684,-126.47329323990448,-125.69396477097351,-125.43691761496804
nlsbuss_nevo,Waves,Neve 5116 console buss,console-neve,drive_6,full,,1000.0,-6.0,0.0671832698232089,-63.45477725560951,1.529,-130.30206927259178,False,0,-63.63248832671184,-122.03699322825584,-78.18867616212336,-120.41699998576348,-86.35081974722712,-125.57490077028635,-92.19890516323687
nlsbuss_nevo,Waves,Neve 5116 console buss,console-neve,drive_6,full,,1000.0,-60.0,0.002078974666269695,-93.64301605624038,1.528,-184.37420235823544,False,0,-93.65567650460542,-140.04673324135996,-126.64961436004975,-126.36157058071907,-126.16156889376293,-125.64567424752792,-125.43208948368635
nlsbuss_nevo,Waves,Neve 5116 console buss,console-neve,drive_6,full,,1000.0,-9.0,0.06600898345779542,-63.607939107146585,1.529,-133.30845850062045,False,0,-63.77241278765926,-118.73443471888343,-78.61841956726595,-119.15923284217853,-87.06947666635267,-125.17922771872287,-93.17971266550964
nlsbuss_nevo,Waves,Neve 5116 console buss,console-neve,drive_6,full,,1000.0,0.0,0.16243865196187343,-55.786212465386996,1.523,-124.36366602558351,True,0,-60.09423443895399,-62.76547223175149,-73.22830233230246,-63.46066922864905,-69.29968097889089,-63.55036092743199,-71.3213097319883
nlsbuss_nevo,Waves,Neve 5116 console buss,console-neve,drive_6,full,,1000.0,3.0,13.593232852901671,-17.33354487093331,-0.252,-124.43562050782398,True,0,-55.425492028946465,-17.576612607431482,-79.16873532266544,-31.98311411225053,-71.00931873345245,-34.32528517135423,-87.36568605116327
nlsbuss_nevo,Waves,Neve 5116 console buss,console-neve,drive_9,curve,,1000.0,-12.0,0.16488705232833986,-55.65626891538437,3.933,-133.82465078635738,False,0,-55.817238964432015,-109.00456637883755,-70.75385964817558,-113.15928688670829,-79.21573138213029,-119.67553679302293,-85.4309972483685
nlsbuss_nevo,Waves,Neve 5116 console buss,console-neve,drive_9,curve,,1000.0,-15.0,0.16013517412028436,-55.9102652731039,3.933,-136.84022201555126,False,0,-56.053511969038794,-106.7533708492421,-71.43822330943043,-111.82893722330284,-80.30855009602027,-118.61754692069454,-86.88362623208809
nlsbuss_nevo,Waves,Neve 5116 console buss,console-neve,drive_9,curve,,1000.0,-18.0,0.1533960191907326,-56.2837182139899,3.932,-139.8535776345381,False,0,-56.406102122492584,-104.93964576112454,-72.40843886043828,-110.87554616079957,-81.80634712573669,-118.0264066897241,-88.82268514818878
nlsbuss_nevo,Waves,Neve 5116 console buss,console-neve,drive_9,curve,,1000.0,-21.0,0.1443091795772665,-56.81412084688212,3.932,-142.86708697940267,False,0,-56.91382097842441,-103.57614741481927,-73.73731270561967,-110.3593249699994,-83.79011797728097,-117.96012292035046,-91.32314445819532
nlsbuss_nevo,Waves,Neve 5116 console buss,console-neve,drive_9,curve,,1000.0,-24.0,0.13273209573900696,-57.540480967440246,3.932,-145.88039249519767,False,0,-57.617521045169994,-102.69101589681073,-75.49392151546567,-110.31772145828391,-86.32861521936677,-118.42870393193948,-94.43431330848121
nlsbuss_nevo,Waves,Neve 5116 console buss,console-neve,drive_9,curve,,1000.0,-27.0,0.11887145537864083,-58.498448401292194,3.932,-148.8945235989039,False,0,-58.55475209971964,-102.30609471704241,-77.73417552335839,-110.75521408794977,-89.46569993567192,-119.4091051368416,-98.16938993886893
nlsbuss_nevo,Waves,Neve 5116 console buss,console-neve,drive_9,curve,,1000.0,-3.0,0.1714826675212897,-55.315595387673405,3.933,-124.82108690749413,True,0,-55.508214034118666,-118.79167512963159,-69.779418924279,-118.72216034627918,-77.56776837478063,-124.04488615826743,-83.14049847624135
nlsbuss_nevo,Waves,Neve 5116 console buss,console-neve,drive_9,curve,,1000.0,-30.0,0.10334068644409364,-59.714573159292364,3.932,-151.90671725800553,False,0,-59.75349749139646,-102.43093078141946,-80.49123968598482,-111.64900545264518,-93.21404794929296,-120.76603009955983,-102.49334055476892
nlsbuss_nevo,Waves,Neve 5116 console buss,console-neve,drive_9,curve,,1000.0,-36.0,0.07115478562991787,-62.95591770842541,3.932,-157.9272280827891,False,0,-62.97196399907206,-104.16937185298521,-87.53899964294497,-114.50861553540807,-102.4445318015566,-123.73858621604913,-112.49219397759313
nlsbuss_nevo,Waves,Neve 5116 console buss,console-neve,drive_9,curve,,1000.0,-42.0,0.04374255624220508,-67.18191682219742,3.932,-163.94407043405704,False,0,-67.18777686322069,-107.6460877697757,-96.30579743010473,-118.02933423435343,-113.75533851003001,-125.4727009967796,-121.98751504199657
nlsbuss_nevo,Waves,Neve 5116 console buss,console-neve,drive_9,curve,,1000.0,-48.0,0.024700305657559537,-72.14595344932481,3.932,-169.95505800586193,False,0,-72.14823248521769,-112.50495643839218,-106.05015113357653,-121.27432902619873,-125.82651501005694,-125.88302281987492,-125.29759029963905
nlsbuss_nevo,Waves,Neve 5116 console buss,console-neve,drive_9,curve,,1000.0,-54.0,0.013209080687824198,-77.58254813839552,3.932,-175.96062821228736,False,0,-77.58387875014786,-118.56722130663742,-115.52784779060103,-123.66583127332544,-127.49439715054362,-125.81285149404253,-125.47434280091919
nlsbuss_nevo,Waves,Neve 5116 console buss,console-neve,drive_9,curve,,1000.0,-6.0,0.17017441343255232,-55.38211475346476,3.933,-127.81881806389094,False,0,-55.567463803774174,-114.90200485010719,-69.97790314213249,-116.68837318457513,-77.91738747360084,-122.63759953784151,-83.64150751371335
nlsbuss_nevo,Waves,Neve 5116 console buss,console-neve,drive_9,curve,,1000.0,-60.0,0.006844152652314551,-83.29360624995212,3.932,-181.96471300953775,False,0,-83.29531754242574,-126.25137044165177,-122.77436184097324,-125.1843142930983,-126.47644617829599,-125.7377447650663,-125.44493479854252
nlsbuss_nevo,Waves,Neve 5116 console buss,console-neve,drive_9,curve,,1000.0,-9.0,0.16809279094088853,-55.48901823825733,3.933,-130.8152208400312,False,0,-55.66399272118449,-111.69906972115047,-70.2868042393037,-114.80325210430323,-78.44455648580104,-121.08099145624273,-84.37889914549305
nlsbuss_nevo,Waves,Neve 5116 console buss,console-neve,drive_9,curve,,1000.0,0.0,4.5786685302707655,-26.785215916015087,3.568,-122.86316820905427,True,0,-51.739107540802436,-28.70425405340719,-70.3087779879056,-32.22930615037648,-74.10130261104989,-38.43442394430329,-74.42230786651591
nlsbuss_nevo,Waves,Neve 5116 console buss,console-neve,drive_9,curve,,1000.0,3.0,17.022757661556575,-15.379401669771262,1.405,-122.88129172097798,True,0,-52.91717500207223,-15.50234386551069,-63.54191517075605,-44.00754764017546,-79.88263366669587,-31.172045049831727,-75.8036096651537
nlsbuss_nevo,Waves,Neve 5116 console buss,console-neve,matched_thd_0.1_pct,full,thd_0.1_pct,100.0,-12.0,0.1566101328614192,-56.10360284001442,2.526,-135.07415357627482,False,0,-56.19404384217241,-118.17874262551159,-73.30409983583178,-123.37654327313376,-84.7175068161247,-119.53272245576643,-93.55543883632542
nlsbuss_nevo,Waves,Neve 5116 console buss,console-neve,matched_thd_0.1_pct,full,thd_0.1_pct,100.0,-15.0,0.15391461921160857,-56.25440255575541,2.526,-138.09882338822752,False,0,-56.338699302912715,-120.63135517074573,-73.73474437913538,-123.43646522384206,-85.42454462831822,-119.46158730544184,-94.55710200836138
nlsbuss_nevo,Waves,Neve 5116 console buss,console-neve,matched_thd_0.1_pct,full,thd_0.1_pct,100.0,-18.0,0.14988064107086294,-56.48508916011792,2.526,-141.12418614389196,False,0,-56.561385599446055,-116.73904221171213,-74.36677906492714,-121.9168670310207,-86.42967666748724,-119.61918224105648,-95.94239356621105
nlsbuss_nevo,Waves,Neve 5116 console buss,console-neve,matched_thd_0.1_pct,full,thd_0.1_pct,100.0,-21.0,0.1440990275555963,-56.82677899977344,2.526,-144.14409322038748,False,0,-56.89334233770336,-112.25666028191311,-75.26459780863392,-119.96993554811644,-87.81208976364196,-120.03842142220134,-97.79599094005398
nlsbuss_nevo,Waves,Neve 5116 console buss,console-neve,matched_thd_0.1_pct,full,thd_0.1_pct,100.0,-24.0,0.13621343175781783,-57.31560130651377,2.526,-147.16750216489964,False,0,-57.37118418957674,-109.08433814355219,-76.49737778346261,-118.43273883305271,-89.64952409372947,-120.82901062671694,-100.19364596074362
nlsbuss_nevo,Waves,Neve 5116 console buss,console-neve,matched_thd_0.1_pct,full,thd_0.1_pct,100.0,-27.0,0.12604018275382564,-57.989819515717585,2.526,-150.18885179925286,False,0,-58.0339788184586,-106.96142834342625,-78.13290416235874,-117.5681906601484,-92.0099999818086,-121.99343210993837,-103.18996009584131
nlsbuss_nevo,Waves,Neve 5116 console buss,console-neve,matched_thd_0.1_pct,full,thd_0.1_pct,100.0,-3.0,0.1600845939168938,-55.91300922655105,2.526,-126.02388322044405,True,0,-56.01295536291383,-111.31786094380823,-72.72296471453025,-119.61430399763175,-83.71339829635693,-120.30671667408427,-92.06719680723195
nlsbuss_nevo,Waves,Neve 5116 console buss,console-neve,matched_thd_0.1_pct,full,thd_0.1_pct,100.0,-30.0,0.11369304508992231,-58.88532202928003,2.526,-153.21552042684726,False,0,-58.91856765535252,-105.66789930536513,-80.22896887809283,-117.39047602083998,-94.94006034980777,-123.6152931000265,-106.81101243291975
nlsbuss_nevo,Waves,Neve 5116 console buss,console-neve,matched_thd_0.1_pct,full,thd_0.1_pct,100.0,-36.0,0.08471528036597759,-61.44076495038818,2.526,-159.25961493886,False,0,-61.456760599201694,-105.12916446347944,-85.93776830745432,-118.97122627343353,-102.55254003071002,-128.26068222633236,-115.85791736310824
nlsbuss_nevo,Waves,Neve 5116 console buss,console-neve,matched_thd_0.1_pct,full,thd_0.1_pct,100.0,-42.0,0.05593446348400139,-65.04641046516882,2.526,-165.29626765435466,False,0,-65.05278432328475,-106.8228193703853,-93.65093493651949,-122.66495004491458,-112.32438291194188,-135.19928944859478,-126.98476495225074
nlsbuss_nevo,Waves,Neve 5116 console buss,console-neve,matched_thd_0.1_pct,full,thd_0.1_pct,100.0,-48.0,0.03329607817379219,-69.55213834956469,2.526,-171.31461116370605,False,0,-69.55446246314676,-110.14245342573615,-103.09212171996963,-127.69697538781534,-124.27045110445933,-142.42637769900807,-137.39817538484002
nlsbuss_nevo,Waves,Neve 5116 console buss,console-neve,matched_thd_0.1_pct,full,thd_0.1_pct,100.0,-54.0,0.01841046655388558,-74.69870411127701,2.526,-177.33020217982127,False,0,-74.69967741298356,-114.45396605082519,-114.06897700251037,-132.6667198527522,-140.33438657926075,-139.92662284308747,-137.58079178023542
nlsbuss_nevo,Waves,Neve 5116 console buss,console-neve,matched_thd_0.1_pct,full,thd_0.1_pct,100.0,-6.0,0.1594275421298406,-55.94873298605706,2.526,-129.0410871555704,False,0,-56.04667153530805,-112.72503260749168,-72.83707567765532,-120.73741782881453,-83.91773291089677,-120.01211584148592,-92.37933775419991
nlsbuss_nevo,Waves,Neve 5116 console buss,console-neve,matched_thd_0.1_pct,full,thd_0.1_pct,100.0,-60.0,0.009722679382289372,-80.24428070849099,2.526,-183.33652439164499,False,0,-80.24495552451577,-119.15662944590535,-127.74247405932863,-135.18119067655778,-138.4088001433099,-137.3981828950262,-136.33427515778226
nlsbuss_nevo,Waves,Neve 5116 console buss,console-neve,matched_thd_0.1_pct,full,thd_0.1_pct,100.0,-9.0,0.15834539781618756,-56.007891090688815,2.526,-132.05623707186572,False,0,-56.10277664487146,-114.89563624576687,-73.01962554080521,-122.11612506016121,-84.23592790767307,-119.72673060595633,-92.85459308220824
nlsbuss_nevo,Waves,Neve 5116 console buss,console-neve,matched_thd_0.1_pct,full,thd_0.1_pct,100.0,0.0,0.256862312963469,-51.80599222161394,2.516,-122.87725480416327,True,0,-56.12547827921474,-58.355042054784825,-72.98085760782328,-58.60080454076034,-81.74042318529219,-59.00723400595233,-85.2334004466803
nlsbuss_nevo,Waves,Neve 5116 console buss,console-neve,matched_thd_0.1_pct,full,thd_0.1_pct,100.0,3.0,13.806501390424392,-17.19832718053521,0.724,-122.76955470145181,True,0,-55.34695401841753,-17.438816110494095,-76.26234151895775,-32.01965039224744,-82.94625105031668,-34.025377763218685,-79.91515616579264
nlsbuss_nevo,Waves,Neve 5116 console buss,console-neve,matched_thd_0.1_pct,full,thd_0.1_pct,1000.0,-12.0,0.09983921608931806,-60.013976752235436,2.65,-135.16424157160228,False,0,-60.16798260959233,-112.67711084419355,-75.26951626846791,-115.88523344162611,-83.91752750756224,-122.75076095552143,-90.25966759991347
nlsbuss_nevo,Waves,Neve 5116 console buss,console-neve,matched_thd_0.1_pct,full,thd_0.1_pct,1000.0,-15.0,0.09644371804717337,-60.31452110561681,2.65,-138.17235463216664,False,0,-60.44935501932188,-110.52037700100185,-76.06608316458166,-114.82077446252651,-85.17507112886167,-122.07880301412422,-91.90866527788876
nlsbuss_nevo,Waves,Neve 5116 console buss,console-neve,matched_thd_0.1_pct,full,thd_0.1_pct,1000.0,-18.0,0.09172684663742839,-60.750070726055185,2.65,-141.1817055658678,False,0,-60.863070566155734,-108.83623022102057,-77.1789065664712,-114.11803868934184,-86.87464547541589,-121.78277596149616,-94.07806011532891
nlsbuss_nevo,Waves,Neve 5116 console buss,console-neve,matched_thd_0.1_pct,full,thd_0.1_pct,1000.0,-21.0,0.08551389273601087,-61.35926646603259,2.65,-144.19222155264336,False,0,-61.44935347851497,-107.63835345587094,-78.68018554452037,-113.8246266776348,-89.09439535767062,-121.9277096205688,-96.83249369108484
nlsbuss_nevo,Waves,Neve 5116 console buss,console-neve,matched_thd_0.1_pct,full,thd_0.1_pct,1000.0,-24.0,0.07780048909597186,-62.18035345583243,2.65,-147.1997554470134,False,0,-62.248384797834404,-106.94522643235659,-80.63412163742464,-113.9748516740033,-91.89581822698625,-122.46373611264201,-100.20620056663668
nlsbuss_nevo,Waves,Neve 5116 console buss,console-neve,matched_thd_0.1_pct,full,thd_0.1_pct,1000.0,-27.0,0.0688191886006319,-63.24580904300434,2.65,-150.20679378879333,False,0,-63.29439847500055,-106.77265876950842,-83.08747748202691,-114.55712378554827,-95.3136144745953,-123.32399043398668,-104.18650679564743
nlsbuss_nevo,Waves,Neve 5116 console buss,console-neve,matched_thd_0.1_pct,full,thd_0.1_pct,1000.0,-3.0,0.10468946297883425,-59.60194055943874,2.65,-126.13602686030958,False,0,-59.79192937187807,-122.54469747290986,-74.10873359704725,-120.44303172157184,-81.97629122495326,-125.20367376512075,-87.5948399464325
nlsbuss_nevo,Waves,Neve 5116 console buss,console-neve,matched_thd_0.1_pct,full,thd_0.1_pct,1000.0,-30.0,0.059041977481858555,-64.57678210395872,2.65,-153.21264798982702,False,0,-64.60966667454629,-107.1225637329602,-86.0598890586177,-115.52312945442637,-99.35401620697135,-124.2777091355799,-108.70202597047411
nlsbuss_nevo,Waves,Neve 5116 console buss,console-neve,matched_thd_0.1_pct,full,thd_0.1_pct,1000.0,-36.0,0.0396150334322704,-68.04279946447178,2.65,-159.2286599630834,False,0,-68.0559767378497,-109.32202060004963,-93.48136382828119,-118.2363253310608,-109.23018241513577,-125.64994569082764,-118.41371086843725
nlsbuss_nevo,Waves,Neve 5116 console buss,console-neve,matched_thd_0.1_pct,full,thd_0.1_pct,1000.0,-42.0,0.023850006392175986,-72.4502300045223,2.65,-165.2387660416926,False,0,-72.455125870552,-113.27799782967348,-102.42010350476588,-121.15751448892092,-121.33514329682582,-125.96413094750062,-124.5085126796098
nlsbuss_nevo,Waves,Neve 5116 console buss,console-neve,matched_thd_0.1_pct,full,thd_0.1_pct,1000.0,-48.0,0.013278073356690451,-77.53729872716067,2.65,-171.2438209737977,False,0,-77.53950429170936,-118.76353822480952,-111.88454877953828,-123.51146021716826,-128.18580412778888,-125.87938110730954,-125.42203323266052
nlsbuss_nevo,Waves,Neve 5116 console buss,console-neve,matched_thd_0.1_pct,full,thd_0.1_pct,1000.0,-54.0,0.0070391722254037215,-83.04956817816985,2.649,-177.2482450984844,False,0,-83.05157258341035,-126.01863821176464,-120.15735843624614,-125.06145817847873,-126.81805922143369,-125.74685141478177,-125.44063940346346
nlsbuss_nevo,Waves,Neve 5116 console buss,console-neve,matched_thd_0.1_pct,full,thd_0.1_pct,1000.0,-6.0,0.10370989262157443,-59.683596307889815,2.65,-129.14372779839837,False,0,-59.8650797412073,-118.53849027772807,-74.34890087301545,-118.78835078387564,-82.39469602665201,-124.53776638861953,-88.18724686024176
nlsbuss_nevo,Waves,Neve 5116 console buss,console-neve,matched_thd_0.1_pct,full,thd_0.1_pct,1000.0,-60.0,0.003627919648935483,-88.80684680495312,2.649,-183.25081920052142,False,0,-88.81133036679635,-136.92164563427758,-125.32570665180485,-125.96795495872837,-126.2736684942797,-125.68537664091211,-125.44484015085915
nlsbuss_nevo,Waves,Neve 5116 console buss,console-neve,matched_thd_0.1_pct,full,thd_0.1_pct,1000.0,-9.0,0.10217169829227851,-59.813387754806016,2.65,-132.15283255438837,False,0,-59.9830007802592,-115.32441529564038,-74.7182848237405,-117.23194790917786,-83.01780768554181,-123.64298767981545,-89.04819735742073
nlsbuss_nevo,Waves,Neve 5116 console buss,console-neve,matched_thd_0.1_pct,full,thd_0.1_pct,1000.0,0.0,0.1866964355413522,-54.577279472780546,2.645,-123.21454742934257,True,0,-57.41449647256296,-62.60566026788205,-74.84764281070531,-63.548783909925575,-68.79115163646871,-63.51132155564872,-71.48541580451821
nlsbuss_nevo,Waves,Neve 5116 console buss,console-neve,matched_thd_0.1_pct,full,thd_0.1_pct,1000.0,3.0,13.596481533104031,-17.33146925679182,0.872,-123.2948246511731,True,0,-54.19500778658084,-17.573943743625634,-72.6162001221518,-31.997212866493637,-71.57884433669247,-34.33501348061683,-86.79254462480654
nlsbuss_spike,Waves,EMI TG12345 console buss,console-emi,drive_0,full,,100.0,-12.0,2.125718738946212,-33.449883979738225,0.19,-138.05297029347645,False,0,-33.561868232692554,-67.97624139720992,-49.996867664571965,-75.8535115374311,-59.61258941156228,-81.63874627886017,-66.77962244122915
nlsbuss_spike,Waves,EMI TG12345 console buss,console-emi,drive_0,full,,100.0,-15.0,1.972654019316045,-34.09898156589211,0.187,-141.07334057493927,False,0,-34.18809005805749,-67.11554313060482,-51.59432356349513,-75.7862116631768,-61.93363078983772,-82.14731116758111,-69.6602482018485
nlsbuss_spike,Waves,EMI TG12345 console buss,console-emi,drive_0,full,,100.0,-18.0,1.7849853063814345,-34.96730709113355,0.185,-144.09222925928398,False,0,-35.03496539183915,-66.68827774314212,-53.6598375971395,-76.23786863372939,-64.83381795574675,-83.19286021782466,-73.1602073422208
nlsbuss_spike,Waves,EMI TG12345 console buss,console-emi,drive_0,full,,100.0,-21.0,1.5693695330095745,-36.08549565661119,0.182,-147.10763813518938,False,0,-36.1347766267786,-66.72371841192398,-56.23727808636639,-77.21168952325348,-68.3310401867744,-84.7455553354706,-77.26013800144597
nlsbuss_spike,Waves,EMI TG12345 console buss,console-emi,drive_0,full,,100.0,-24.0,1.3378501001991052,-37.471850889859304,0.179,-150.12203544054853,False,0,-37.506736786204,-67.22866718048911,-59.34398899681908,-78.67834030146844,-72.40394910337714,-86.7412245669437,-81.89425159767589
nlsbuss_spike,Waves,EMI TG12345 console buss,console-emi,drive_0,full,,100.0,-27.0,1.1054889535907397,-39.12891185353809,0.176,-153.13614948296308,False,0,-39.153455433874996,-68.18624905471965,-62.96801782236591,-80.57992724600746,-76.993026049677,-89.0928191925665,-86.95872726058255
nlsbuss_spike,Waves,EMI TG12345 console buss,console-emi,drive_0,full,,100.0,-3.0,2.3879436416069812,-32.439518546062146,0.195,-128.9976171173746,False,0,-32.61050614757699,-72.64521034497267,-47.347416990155196,-78.75852996130101,-55.51854305523353,-83.12858851784767,-61.44597366050877
nlsbuss_spike,Waves,EMI TG12345 console buss,console-emi,drive_0,full,,100.0,-30.0,0.8868161867673913,-41.043327768985876,0.173,-156.14745305031914,False,0,-41.06102140263462,-69.55829700888673,-67.0709741780087,-82.83878280376321,-82.0104233142577,-91.70786360136435,-92.32703954776969
nlsbuss_spike,Waves,EMI TG12345 console buss,console-emi,drive_0,full,,100.0,-36.0,0.5289050173910226,-45.53244626162829,0.169,-162.17196607896727,False,0,-45.54352265809858,-73.32796405234878,-76.47875074538183,-88.10320742866617,-92.92138132569653,-97.41708298145356,-103.42116267898363
nlsbuss_spike,Waves,EMI TG12345 console buss,console-emi,drive_0,full,,100.0,-42.0,0.2927144998787715,-50.67111527723007,0.167,-168.18757386310762,False,0,-50.68025910444593,-78.07679339828718,-87.07712098465598,-93.94115114615248,-104.33514738321242,-103.46113948400952,-113.88671310551949
nlsbuss_spike,Waves,EMI TG12345 console buss,console-emi,drive_0,full,,100.0,-48.0,0.15471674767423846,-56.20925345079249,0.165,-174.19438668555455,False,0,-56.21798297950697,-83.41534221745255,-98.54757671981575,-100.09470573080976,-115.20082361153123,-109.7146520515418,-121.83324854383473
nlsbuss_spike,Waves,EMI TG12345 console buss,console-emi,drive_0,full,,100.0,-54.0,0.0796764439278749,-61.97340114654776,0.164,-180.19922653324204,False,0,-61.98207803487478,-89.08655009871374,-111.0903511041356,-106.5667534881791,-122.83334317591738,-116.19732311118865,-125.95453145420691
nlsbuss_spike,Waves,EMI TG12345 console buss,console-emi,drive_0,full,,100.0,-6.0,2.328722267404191,-32.65764608096969,0.194,-132.01610057152263,False,0,-32.812001235567095,-70.80117341488607,-47.94566486388388,-77.39878442080564,-56.48250041030196,-82.17738628131855,-62.741823499387756
nlsbuss_spike,Waves,EMI TG12345 console buss,console-emi,drive_0,full,,100.0,-60.0,0.04044672617230755,-67.86233250345279,0.164,-186.2016479673677,False,0,-67.87099529382543,-94.94433006174104,-124.45082424838628,-113.63836298232079,-125.46456756871693,-122.73852722762126,-127.38259470688573
nlsbuss_spike,Waves,EMI TG12345 console buss,console-emi,drive_0,full,,100.0,-9.0,2.2432543072035243,-32.98242979401437,0.192,-135.0321554950141,False,0,-33.116745484020946,-69.22399232531258,-48.80469039417367,-76.40880251702322,-57.81973977582828,-81.66138911428882,-64.49317620574718
nlsbuss_spike,Waves,EMI TG12345 console buss,console-emi,drive_0,full,,100.0,0.0,7.573414928654636,-22.41416497208133,-0.289,-127.26887648224924,True,0,-24.94387117004734,-27.79941991621343,-33.26589647160065,-34.5244746268441,-46.038227742732296,-52.31941220353541,-47.585225533488746
nlsbuss_spike,Waves,EMI TG12345 console buss,console-emi,drive_0,full,,100.0,3.0,18.837988264697685,-14.499309559727202,-2.503,-127.18367707301144,True,0,-23.172111571975478,-15.299491478418624,-36.9461192350223,-46.94776140372027,-36.60759811609601,-32.130950847770535,-39.93638367801219
nlsbuss_spike,Waves,EMI TG12345 console buss,console-emi,drive_0,full,,1000.0,-12.0,0.6401243057629744,-43.874713643294605,0.22,-138.28492600402737,False,0,-43.929129333389014,-74.87664543877032,-63.55422727800986,-85.02549030203019,-75.38131405700831,-92.49919147178733,-84.12710840155854
nlsbuss_spike,Waves,EMI TG12345 console buss,console-emi,drive_0,full,,1000.0,-15.0,0.5506416212432057,-45.1826192953562,0.218,-141.28537195008792,False,0,-45.22138336789838,-75.22816347616084,-66.50535792002101,-86.32374945029356,-79.29810446410728,-94.36011794663123,-88.60783432414537
nlsbuss_spike,Waves,EMI TG12345 console buss,console-emi,drive_0,full,,1000.0,-18.0,0.4590865442999172,-46.76210872198014,0.216,-144.28213216502456,False,0,-46.78934885573209,-76.04334214522058,-69.97902098485092,-88.07520276432678,-83.75774829704574,-96.61320303857805,-93.54493042825018
nlsbuss_spike,Waves,EMI TG12345 console buss,console-emi,drive_0,full,,1000.0,-21.0,0.37135496260735756,-48.6042153601816,0.214,-147.2772769049689,False,0,-48.62364752290346,-77.28901938337825,-73.94288318591451,-90.2033594888915,-88.6847267285979,-99.16681854006391,-98.8087636073726
nlsbuss_spike,Waves,EMI TG12345 console buss,console-emi,drive_0,full,,1000.0,-24.0,0.29221144717532593,-50.68605549782912,0.212,-150.2720742492288,False,0,-50.70059114843226,-78.91515823367767,-78.34278639241009,-92.62210196461263,-93.99075982672757,-101.93479541511809,-104.2454403792347
nlsbuss_spike,Waves,EMI TG12345 console buss,console-emi,drive_0,full,,1000.0,-27.0,0.22450154974417283,-52.97561313392411,0.211,-153.2650058995157,False,0,-52.987291166276066,-80.86303039360357,-83.11179076524489,-95.24625013389328,-99.59413813760783,-104.84971631748718,-109.66214621125047
nlsbuss_spike,Waves,EMI TG12345 console buss,console-emi,drive_0,full,,1000.0,-3.0,0.8475385027659038,-41.436811262876525,0.226,-129.2815950030281,False,0,-41.555844625207136,-76.60221526925969,-57.734072555748206,-84.22314342903672,-67.16113093146336,-89.9498176284848,-74.18160691022555
nlsbuss_spike,Waves,EMI TG12345 console buss,console-emi,drive_0,full,,1000.0,-30.0,0.16909867893758615,-55.43719570521343,0.21,-156.2593904371633,False,0,-55.447317695899336,-83.07228138899406,-88.17899493201307,-98.00455517852087,-105.43528158799761,-107.8645930579347,-114.78009950315169
nlsbuss_spike,Waves,EMI TG12345 console buss,console-emi,drive_0,full,,1000.0,-36.0,0.09182273971966205,-60.74099506621149,0.208,-162.25029919464544,False,0,-60.74996331393198,-88.06106354559817,-98.93681600817297,-103.70917025061058,-117.60053598728541,-114.0785301543172,-122.3202094349181
nlsbuss_spike,Waves,EMI TG12345 console buss,console-emi,drive_0,full,,1000.0,-42.0,0.04802145511708384,-66.37129368701862,0.208,-168.2423486340782,False,0,-66.38007554200448,-93.53522482413973,-110.05849584048023,-109.4234767487991,-126.54294586082061,-120.25149562349803,-125.08608915169793
nlsbuss_spike,Waves,EMI TG12345 console buss,console-emi,drive_0,full,,1000.0,-48.0,0.02460213718142129,-72.18054328412579,0.207,-174.24021610422585,False,0,-72.18937612862464,-99.2793796558564,-120.40807621054272,-114.88983724314322,-127.0461692121057,-125.10799269090269,-125.72890572606201
nlsbuss_spike,Waves,EMI TG12345 console buss,console-emi,drive_0,full,,1000.0,-54.0,0.012468139584737048,-78.08396688609818,0.207,-180.23864755723108,False,0,-78.09300563783803,-105.17668367107834,-126.67962061310966,-119.72597459933837,-126.68377199693212,-126.86613715694969,-125.88501554961248
nlsbuss_spike,Waves,EMI TG12345 console buss,console-emi,drive_0,full,,1000.0,-6.0,0.7916278338611319,-42.02957888557896,0.224,-132.28386079143422,False,0,-42.125607594794154,-75.58606120418618,-59.20630436073517,-83.96891790550359,-69.323286986899,-90.25605749517327,-76.88359348918443
nlsbuss_spike,Waves,EMI TG12345 console buss,console-emi,drive_0,full,,1000.0,-60.0,0.006283576723358663,-84.0358615550761,0.207,-186.236543387457,False,0,-84.04571247206079,-111.16116030619207,-128.31730470761275,-123.37047569097811,-126.57104823620315,-126.82137408948604,-125.91599282886065
nlsbuss_spike,Waves,EMI TG12345 console buss,console-emi,drive_0,full,,1000.0,-9.0,0.7218434126954553,-42.83114004799298,0.222,-135.2836792977751,False,0,-42.905028881806615,-74.99997810428927,-61.1296500082298,-84.23323777663325,-72.05360679787815,-91.11279106762,-80.20097488524199
nlsbuss_spike,Waves,EMI TG12345 console buss,console-emi,drive_0,full,,1000.0,0.0,6.258443547638137,-24.070673216683993,-0.264,-128.31686568336798,True,0,-28.490375431652375,-28.73457892099789,-31.203213947410585,-34.79919149543508,-42.31430454710243,-54.46498790243115,-49.43154618657866
nlsbuss_spike,Waves,EMI TG12345 console buss,console-emi,drive_0,full,,1000.0,3.0,17.584106534427107,-15.09759387423782,-2.474,-128.55656202903936,True,0,-24.997151422514577,-15.72574940559285,-40.53904200594984,-46.557665273307094,-35.666254080003206,-32.764426151340615,-40.521112876703285
nlsbuss_spike,Waves,EMI TG12345 console buss,console-emi,drive_12,full,,100.0,-12.0,9.429947318657032,-20.509814669708277,6.589,-131.28747907721137,False,0,-20.667203402850323,-58.982818412780944,-35.724319711104194,-65.46834668087847,-44.19440095402004,-70.18123662743145,-50.395575076392014
nlsbuss_spike,Waves,EMI TG12345 console buss,console-emi,drive_12,full,,100.0,-15.0,9.110029720756941,-20.809604123460602,6.583,-134.34499164693074,False,0,-20.947466098912756,-57.35261682140643,-36.53005188352046,-64.41030819217846,-45.45892213248868,-69.58457389814451,-52.06108595863494
nlsbuss_spike,Waves,EMI TG12345 console buss,console-emi,drive_12,full,,100.0,-18.0,8.664986854195199,-21.244641836508073,6.575,-137.4223697727639,False,0,-21.36044822519597,-56.040339887265546,-37.655517587529744,-63.77441046358094,-47.16464183952993,-69.47084189224613,-54.24882937934317
nlsbuss_spike,Waves,EMI TG12345 console buss,console-emi,drive_12,full,,100.0,-21.0,8.078220827649623,-21.853685581085294,6.565,-140.4968797382266,False,0,-21.94657152893532,-55.104767606738214,-39.17345793708937,-63.616183844772074,-49.38669261560746,-69.88133910078352,-57.02272302144713
nlsbuss_spike,Waves,EMI TG12345 console buss,console-emi,drive_12,full,,100.0,-24.0,7.349297058530081,-22.675083961719693,6.555,-143.5744745595299,False,0,-22.74615444563124,-54.5949138540174,-41.1490265833178,-63.97138961228178,-52.180714492716085,-70.82805843567043,-60.41533514353194
nlsbuss_spike,Waves,EMI TG12345 console buss,console-emi,drive_12,full,,100.0,-27.0,6.500279916716917,-23.741358825087346,6.543,-146.65202266440372,False,0,-23.793455613168643,-54.54355549404624,-43.630100457369664,-64.84815825543056,-55.571288472201196,-72.28702648662332,-64.41685653615365
nlsbuss_spike,Waves,EMI TG12345 console buss,console-emi,drive_12,full,,100.0,-3.0,9.884802395933233,-20.100640162238502,6.601,-122.16893707798376,True,0,-20.295105916543452,-65.15042903312849,-34.55043321721922,-70.48306209459413,-42.238078298066846,-74.20169573052017,-47.69902698899528
nlsbuss_spike,Waves,EMI TG12345 console buss,console-emi,drive_12,full,,100.0,-30.0,5.5759498405100105,-25.073622833379194,6.532,-149.72953017484772,False,0,-25.110636271401482,-54.96200226488674,-46.63912620506184,-66.2227325782544,-59.54456361175473,-74.19902125868647,-68.9723998699433
nlsbuss_spike,Waves,EMI TG12345 console buss,console-emi,drive_12,full,,100.0,-36.0,3.739852717636078,-28.542910015762722,6.51,-155.86641837009833,False,0,-28.56155911119551,-57.13588947313623,-54.18574489010874,-70.22725292816392,-68.99978120167924,-79.03317024704516,-79.35616820433687
nlsbuss_spike,Waves,EMI TG12345 console buss,console-emi,drive_12,full,,100.0,-42.0,2.2509623233010734,-32.952635483546956,6.494,-161.97173732694577,False,0,-32.96404680951109,-60.78931495709982,-63.44747074582567,-75.37043408445051,-79.858833514312,-84.63513508958025,-90.69968035000142
nlsbuss_spike,Waves,EMI TG12345 console buss,console-emi,drive_12,full,,100.0,-48.0,1.2533232981241798,-38.038737742436965,6.484,-168.03208180603403,False,0,-38.047994505782334,-65.4616300522847,-73.9088722941454,-81.08102635738463,-91.4119279735801,-90.54242246860821,-102.23801642554645
nlsbuss_spike,Waves,EMI TG12345 console buss,console-emi,drive_12,full,,100.0,-54.0,0.6649262209320072,-43.54453081182355,6.478,-174.06691816069954,False,0,-43.55332597301729,-70.75082839218567,-85.13117731321,-87.0295418019534,-103.13702019957218,-96.56844854429183,-113.1256606712416
nlsbuss_spike,Waves,EMI TG12345 console buss,console-emi,drive_12,full,,100.0,-6.0,9.793405015930428,-20.181325688911418,6.598,-125.21735455580611,True,0,-20.366971399633485,-62.944434130425755,-34.79318279984732,-68.5773409528046,-42.66009753189145,-72.56528730237412,-48.2991707897984
nlsbuss_spike,Waves,EMI TG12345 console buss,console-emi,drive_12,full,,100.0,-60.0,0.3432659832511082,-49.28738463747443,6.474,-180.08589608656965,False,0,-49.29614448796913,-76.38461392847323,-96.89780789281569,-93.09418161935307,-114.37969113825332,-102.67446154715087,-121.79441633437332
nlsbuss_spike,Waves,EMI TG12345 console buss,console-emi,drive_12,full,,100.0,-9.0,9.64923576756576,-20.31014164000969,6.594,-128.2494135224623,False,0,-20.48353907960374,-60.867927543978126,-35.16673680603782,-66.88144684014917,-43.288313214746246,-71.1991558075074,-49.170560792261156
nlsbuss_spike,Waves,EMI TG12345 console buss,console-emi,drive_12,full,,100.0,0.0,13.454083661638096,-17.422917521358066,5.948,-120.7941633111929,True,0,-18.44977256698259,-25.32923429218886,-38.2695905674154,-31.980375703105025,-44.549435136245,-47.94893489601804,-43.348167023494156
nlsbuss_spike,Waves,EMI TG12345 console buss,console-emi,drive_12,full,,100.0,3.0,23.760115199284606,-12.483029160776194,3.567,-120.78817574189208,True,0,-17.654912555621095,-14.267547236428154,-32.62221214535081,-41.82326088124916,-37.30203452066786,-30.15313811335759,-40.06462435019702
nlsbuss_spike,Waves,EMI TG12345 console buss,console-emi,drive_12,full,,1000.0,-12.0,3.224109400093284,-29.831804603773552,6.639,-132.29643552229498,False,0,-29.931653093945968,-63.638755932946665,-46.84636540173944,-71.90552878843351,-56.835942505774256,-78.03700136731428,-64.31570626306335
nlsbuss_spike,Waves,EMI TG12345 console buss,console-emi,drive_12,full,,1000.0,-15.0,2.9544817317159833,-30.590373820502816,6.631,-135.3044912121233,False,0,-30.667802279687628,-62.9727674016617,-48.684955663298915,-72.07666482295303,-59.46176345031446,-78.7927609572749,-67.52859783646656
nlsbuss_spike,Waves,EMI TG12345 console buss,console-emi,drive_12,full,,1000.0,-18.0,2.6346657653322274,-31.58548943429453,6.623,-138.30958681286828,False,0,-31.642898746672373,-62.76466505491974,-51.01750187828881,-72.776737054275,-62.68116564942697,-80.0801052862836,-71.35780134204279
nlsbuss_spike,Waves,EMI TG12345 console buss,console-emi,drive_12,full,,1000.0,-21.0,2.2798310785312097,-32.841946607179764,6.615,-141.30941430146217,False,0,-32.88302377786136,-63.03067324230263,-53.874274104121575,-73.98962853737763,-66.49198651472244,-81.84827645758719,-75.76063663194023
nlsbuss_spike,Waves,EMI TG12345 console buss,console-emi,drive_12,full,,1000.0,-24.0,1.912044225551708,-34.37004133438941,6.606,-144.29958720685246,False,0,-34.398919965128535,-63.76387210535068,-57.25669126966658,-75.6680663703943,-70.85287975065896,-84.01751733565051,-80.65321999614474
nlsbuss_spike,Waves,EMI TG12345 console buss,console-emi,drive_12,full,,1000.0,-27.0,1.55529040197671,-36.16377016231458,6.598,-147.28470928387438,False,0,-36.18427195327396,-64.9346691108813,-61.1373917063935,-77.74007176565243,-75.68985413885525,-86.49398713142256,-85.92538700047999
nlsbuss_spike,Waves,EMI TG12345 console buss,console-emi,drive_12,full,,1000.0,-3.0,3.7100664120527616,-28.61236632451904,6.655,-123.27465160145132,True,0,-28.77535201624173,-67.96684910078426,-43.69389860973214,-74.30566590162977,-52.04557230642748,-78.95086076211994,-58.15749373132449
nlsbuss_spike,Waves,EMI TG12345 console buss,console-emi,drive_12,full,,1000.0,-30.0,1.2299109611520591,-38.202526559505,6.591,-150.26120406356353,False,0,-38.217709621203554,-66.49562590219699,-65.46587265180929,-80.12076671981885,-80.9105174761695,-89.18726688958829,-91.45873674506284
nlsbuss_spike,Waves,EMI TG12345 console buss,console-emi,drive_12,full,,1000.0,-36.0,0.7171808309064674,-42.88742653899577,6.581,-156.2143975539725,False,0,-42.897740860548424,-70.55397254003366,-75.20346263267258,-85.48438148635007,-92.14140904731686,-94.94898282072884,-102.86342887864267
nlsbuss_spike,Waves,EMI TG12345 console buss,console-emi,drive_12,full,,1000.0,-42.0,0.39129253668588077,-48.149968710631924,6.575,-162.1747990964403,False,0,-48.158980254865924,-75.47963287577271,-85.94040254099593,-91.24847028187894,-104.01673818947103,-100.95521618276328,-113.82807628828694
nlsbuss_spike,Waves,EMI TG12345 console buss,console-emi,drive_12,full,,1000.0,-48.0,0.20519061332980745,-53.756850207686924,6.571,-168.14781206358072,False,0,-53.76563652091656,-80.91264704260198,-97.23529103696222,-97.13884728651338,-116.34108645562797,-107.09824160784093,-121.97977034908016
nlsbuss_spike,Waves,EMI TG12345 console buss,console-emi,drive_12,full,,1000.0,-54.0,0.10527656929521284,-59.5533655217974,6.569,-174.13221686475947,False,0,-59.56216912316418,-86.62348650821954,-108.70219698312346,-103.02815363534776,-126.24627364407706,-113.35723642592349,-125.19692078139846
nlsbuss_spike,Waves,EMI TG12345 console buss,console-emi,drive_12,full,,1000.0,-6.0,3.596964853281022,-28.881276114915195,6.651,-126.2817469547803,True,0,-29.02562291850383,-66.18821679418136,-44.42157904188184,-73.06730621153821,-53.19842513842464,-78.14721963389883,-59.686824556490095
nlsbuss_spike,Waves,EMI TG12345 console buss,console-emi,drive_12,full,,1000.0,-60.0,0.053396288743114674,-65.4497785427238,6.568,-180.12155358584917,False,0,-65.4586272166083,-92.48298547897257,-119.48906747672574,-108.82265391287211,-127.32616228440398,-119.58270916147681,-125.94034251776917
nlsbuss_spike,Waves,EMI TG12345 console buss,console-emi,drive_12,full,,1000.0,-9.0,3.4375265130069605,-29.27507887031308,6.645,-129.28886281363566,False,0,-29.397880366582033,-64.72692606089409,-45.44800168890619,-72.24881886846597,-54.769028863743785,-77.82793692459859,-61.716063442270006
nlsbuss_spike,Waves,EMI TG12345 console buss,console-emi,drive_12,full,,1000.0,0.0,6.125492333391804,-24.257179987162992,5.944,-122.74421147587438,True,0,-35.58709930957939,-27.570037911469086,-30.301200748395026,-31.566349690343827,-45.10497641103481,-45.50731511672072,-44.33215729832507
nlsbuss_spike,Waves,EMI TG12345 console buss,console-emi,drive_12,full,,1000.0,3.0,17.82102557227577,-14.98134613217383,3.485,-123.36234024009032,True,0,-28.418577477435747,-15.364735949003956,-37.540331526301365,-47.17071625823836,-35.06676309176943,-31.65436841594037,-42.6614021179243
nlsbuss_spike,Waves,EMI TG12345 console buss,console-emi,drive_3,curve,,1000.0,-12.0,1.050660462300823,-39.570752209853914,0.952,-137.6379707122114,False,0,-39.6297051192898,-70.84300828853733,-58.880771035617705,-80.76787960832394,-70.4711116197623,-88.05955658891371,-79.08263564466841
nlsbuss_spike,Waves,EMI TG12345 console buss,console-emi,drive_3,curve,,1000.0,-15.0,0.9109609026996304,-40.81000524003898,0.948,-140.63565296764992,False,0,-40.85228953555249,-71.07465812570383,-61.69838774754501,-81.94347441843033,-74.24063581313293,-89.8016599748329,-83.4382655498261
nlsbuss_spike,Waves,EMI TG12345 console buss,console-emi,drive_3,curve,,1000.0,-18.0,0.7655451526333236,-42.320583781582485,0.945,-143.63102919308514,False,0,-42.350327824500454,-71.77494448957289,-65.04248706903638,-83.58864643198291,-78.56640096947855,-91.95538503964747,-88.28511938613418
nlsbuss_spike,Waves,EMI TG12345 console buss,console-emi,drive_3,curve,,1000.0,-21.0,0.6239105573858592,-44.09755330949149,0.942,-146.62697502174527,False,0,-44.11862697653341,-72.91584001477324,-68.8875490697072,-85.63257564922394,-83.37786122660128,-94.42863973967962,-93.50714794194893
nlsbuss_spike,Waves,EMI TG12345 console buss,console-emi,drive_3,curve,,1000.0,-24.0,0.4942436206428743,-46.1211785510588,0.939,-149.61733280136644,False,0,-46.136712047674315,-74.45090040136539,-73.18428961710288,-87.99044878479225,-88.58558660780926,-97.13086806268589,-98.9719214345738
nlsbuss_spike,Waves,EMI TG12345 console buss,console-emi,drive_3,curve,,1000.0,-27.0,0.381889993471248,-48.36123442285336,0.937,-152.6088832673528,False,0,-48.373477577163335,-76.32279978767318,-77.86852758534464,-90.57675383912517,-94.10053385368472,-99.98847370856868,-104.53352207613149
nlsbuss_spike,Waves,EMI TG12345 console buss,console-emi,drive_3,curve,,1000.0,-3.0,1.3644124388041134,-37.30108659913972,0.96,-128.6294450735747,False,0,-37.42576665263971,-72.9011153517474,-53.413510168822114,-80.35604536202861,-62.68601192153979,-85.92138900471717,-69.58677217224134
nlsbuss_spike,Waves,EMI TG12345 console buss,console-emi,drive_3,curve,,1000.0,-30.0,0.2889858785250493,-50.7824675759063,0.935,-155.59893385772003,False,0,-50.792888130603956,-78.47088050161453,-82.87034104220561,-93.31731225348281,-99.84967210923696,-102.94971777978395,-110.01448141536193
nlsbuss_spike,Waves,EMI TG12345 console buss,console-emi,drive_3,curve,,1000.0,-36.0,0.15794039901756585,-56.030135382568,0.932,-161.5825646595924,False,0,-56.039168374678596,-83.37457363839852,-93.56022512498215,-99.03929511530167,-111.88775357546464,-109.06771414978178,-119.46605178726314
nlsbuss_spike,Waves,EMI TG12345 console buss,console-emi,drive_3,curve,,1000.0,-42.0,0.08290279891495947,-61.62861613620741,0.931,-167.57207564337455,False,0,-61.6374004334737,-88.79798718113767,-104.76131967953444,-104.85033689659474,-123.56946659203992,-115.34106873669697,-124.30062888055846
nlsbuss_spike,Waves,EMI TG12345 console buss,console-emi,drive_3,curve,,1000.0,-48.0,0.042556126101692654,-67.42075825769592,0.93,-173.56561846576568,False,0,-67.42955901921616,-94.50954514497911,-115.81761673847791,-110.5632384826849,-127.27214165004736,-121.41508621778706,-125.58566865426627
nlsbuss_spike,Waves,EMI TG12345 console buss,console-emi,drive_3,curve,,1000.0,-54.0,0.02158959667637695,-73.31510941627047,0.93,-179.5614455390488,False,0,-73.32399370447936,-100.37947792279195,-124.54377922131496,-115.95519334982292,-126.85360169291951,-125.72868685965392,-125.88375621264203
nlsbuss_spike,Waves,EMI TG12345 console buss,console-emi,drive_3,curve,,1000.0,-6.0,1.281350132406826,-37.846643637817515,0.958,-131.6332493613897,False,0,-37.948416654135706,-71.78358246725796,-54.7820109327471,-79.97568821853689,-64.71313280449395,-86.08968913971711,-72.13940026414011
nlsbuss_spike,Waves,EMI TG12345 console buss,console-emi,drive_3,curve,,1000.0,-60.0,0.010886514354890773,-79.26222300865804,0.93,-185.5607894773988,False,0,-79.2713643257153,-106.34190275788283,-127.93007483572957,-120.60155701393336,-126.65539074284041,-126.97187369407274,-125.94990815408192
nlsbuss_spike,Waves,EMI TG12345 console buss,console-emi,drive_3,curve,,1000.0,-9.0,1.1760488592298581,-38.59149270034844,0.955,-134.63537561674195,False,0,-38.670724924819346,-71.08523503786058,-56.58604947308986,-80.10739190790048,-67.2956910880054,-86.80633302435238,-75.30277746054222
nlsbuss_spike,Waves,EMI TG12345 console buss,console-emi,drive_3,curve,,1000.0,0.0,6.124720946604696,-24.25827387513976,0.434,-127.76072616374891,True,0,-29.365019373988552,-28.75166683513976,-30.84675639911363,-34.444129944617615,-42.02766959696221,-54.10649954664997,-49.23430633372696
nlsbuss_spike,Waves,EMI TG12345 console buss,console-emi,drive_3,curve,,1000.0,3.0,17.53219445261494,-15.123274423116149,-1.815,-128.08699312054617,True,0,-25.150517344293057,-15.738412709565255,-41.39974732622626,-46.47027501819111,-35.374697659631906,-32.7013217767905,-40.81204072075288
nlsbuss_spike,Waves,EMI TG12345 console buss,console-emi,drive_6,full,,100.0,-12.0,5.5348518978173225,-25.137879910596684,1.633,-136.4846445344417,False,0,-25.261225634493947,-60.49486073277626,-41.296028125805165,-67.99600799088807,-50.59746888869868,-73.51159048137845,-57.51162899531885
nlsbuss_spike,Waves,EMI TG12345 console buss,console-emi,drive_6,full,,100.0,-15.0,5.195290381377578,-25.687803466446027,1.628,-139.52909975650476,False,0,-25.7883024900673,-59.43084497303598,-42.67862259580937,-67.6765013168808,-52.64321067339886,-73.74767908573797,-60.0876047382024
nlsbuss_spike,Waves,EMI TG12345 console buss,console-emi,drive_6,full,,100.0,-18.0,4.765327805339429,-26.438144380457054,1.621,-142.57158498301106,False,0,-26.51624339163863,-58.77822690596197,-44.499073243308075,-67.86204956431934,-55.2457476456044,-74.52069528803466,-63.27595647170063
nlsbuss_spike,Waves,EMI TG12345 console buss,console-emi,drive_6,full,,100.0,-21.0,4.254084550338242,-27.423877654061023,1.614,-145.61228459962064,False,0,-27.48189816725924,-58.5757017095727,-46.81193679148548,-68.57045164203373,-58.44095131585056,-75.81857775621717,-67.08142902318401
nlsbuss_spike,Waves,EMI TG12345 console buss,console-emi,drive_6,full,,100.0,-24.0,3.6854150448236833,-28.670271911721514,1.606,-148.65528475102786,False,0,-28.711848283409942,-58.84200713958063,-49.648643312720885,-69.78870286442536,-62.227946666248926,-77.59343336201593,-71.46319948316795
nlsbuss_spike,Waves,EMI TG12345 console buss,console-emi,drive_6,full,,100.0,-27.0,3.0944852714574425,-30.188231600770777,1.599,-151.70075496329733,False,0,-30.217478804812803,-59.572267363604496,-53.01196322930878,-71.472095559455,-66.56630268384735,-79.76708557763719,-76.33870272069193
nlsbuss_spike,Waves,EMI TG12345 console buss,console-emi,drive_6,full,,100.0,-3.0,6.088632050358638,-24.30960541077112,1.645,-127.37810970479958,False,0,-24.487495542767025,-65.5920062608312,-39.07373849564605,-71.47498021280121,-47.100608141185376,-75.67364773241648,-52.89339156888588
nlsbuss_spike,Waves,EMI TG12345 console buss,console-emi,drive_6,full,,100.0,-30.0,2.5198924259107423,-31.97235997667514,1.592,-154.7469709947264,False,0,-31.993109061234467,-60.73855078747932,-56.87588044246934,-73.55065383876769,-71.38177328699331,-82.24672870187432,-81.59793468903513
nlsbuss_spike,Waves,EMI TG12345 console buss,console-emi,drive_6,full,,100.0,-36.0,1.540226590922935,-36.248307661861354,1.581,-160.81186762207298,False,0,-36.26043201237869,-64.18313415834137,-65.89474511578535,-78.56207944021999,-82.06087720835404,-87.77716552270034,-92.80172333045435
nlsbuss_spike,Waves,EMI TG12345 console buss,console-emi,drive_6,full,,100.0,-42.0,0.8664361800663787,-41.24526842047291,1.574,-166.85387061127753,False,0,-41.25470250674714,-68.72141033852289,-76.20234646952616,-84.22669060085002,-93.5197614381843,-93.67632354555879,-104.19558764475485
nlsbuss_spike,Waves,EMI TG12345 console buss,console-emi,drive_6,full,,100.0,-48.0,0.46244568449967166,-46.698785379896236,1.57,-172.8776578491907,False,0,-46.70760005103232,-73.93393467540989,-87.34993037025544,-90.18090193870387,-105.1487640104871,-99.72864578390683,-114.72203764070672
nlsbuss_spike,Waves,EMI TG12345 console buss,console-emi,drive_6,full,,100.0,-54.0,0.23950870108904798,-52.413574090389716,1.567,-178.8922885426608,False,0,-52.42231532599716,-79.52777016428425,-99.1334571974503,-96.29177554066592,-116.05331536397654,-105.89608740160793,-122.59661417575626
nlsbuss_spike,Waves,EMI TG12345 console buss,console-emi,drive_6,full,,100.0,-6.0,5.967304986624719,-24.484435299349727,1.642,-130.41659674903119,False,0,-24.647576527836428,-63.63758265434016,-39.5650598643664,-69.96003349973732,-47.907145785311165,-74.53229010753961,-53.99256624508781
nlsbuss_spike,Waves,EMI TG12345 console buss,console-emi,drive_6,full,,100.0,-60.0,0.12203785510633845,-58.270108679338506,1.566,-184.89903371599797,False,0,-58.2788650472192,-85.32927533489573,-111.86447577603141,-102.57694687366565,-123.57241374379282,-112.22149610504505,-126.61711847308545
nlsbuss_spike,Waves,EMI TG12345 console buss,console-emi,drive_6,full,,100.0,-9.0,5.788021841769628,-24.74939677378935,1.638,-133.44858668919568,False,0,-24.894111943144704,-61.917338503245034,-40.28258723014288,-68.7772383573884,-49.045090944810916,-73.78942355305311,-55.50373062010501
nlsbuss_spike,Waves,EMI TG12345 console buss,console-emi,drive_6,full,,100.0,0.0,10.245087353116967,-19.789686686075743,1.096,-125.87960223310844,True,0,-21.112601332425168,-26.985583601152815,-34.773853133875676,-34.15792552614463,-47.99898252048934,-55.555600144334775,-47.29369574904632
nlsbuss_spike,Waves,EMI TG12345 console buss,console-emi,drive_6,full,,100.0,3.0,21.00607891946806,-13.553100144230978,-1.176,-125.92128259868903,True,0,-19.91033631149001,-14.88326196175038,-34.78910053001023,-43.602066773674586,-36.29778109948839,-31.445000817259885,-39.76730381498128
nlsbuss_spike,Waves,EMI TG12345 console buss,console-emi,drive_6,full,,1000.0,-12.0,1.7233018318647728,-35.2727730066615,1.673,-137.04907190565993,False,0,-35.336494438299425,-66.82919784348202,-54.22956056182884,-76.5288206114403,-65.58958845525792,-83.65200555380284,-74.05783736591546
nlsbuss_spike,Waves,EMI TG12345 console buss,console-emi,drive_6,full,,1000.0,-15.0,1.5060241242339831,-36.4433614267464,1.668,-140.0510236051506,False,0,-36.48942906109288,-66.93994206042535,-56.91306444896845,-77.57736976129736,-69.20972753506987,-85.27270619210256,-78.27771060142238
nlsbuss_spike,Waves,EMI TG12345 console buss,console-emi,drive_6,full,,1000.0,-18.0,1.2758586772183949,-37.8839485672076,1.662,-143.0436604194693,False,0,-37.91644182704538,-67.52283103438187,-60.12502563045472,-79.11009744486249,-73.39831882320345,-87.32480395057235,-83.01696443697085
nlsbuss_spike,Waves,EMI TG12345 console buss,console-emi,drive_6,full,,1000.0,-21.0,1.0478795260332627,-39.593772900223634,1.657,-146.03550777159487,False,0,-39.61668525982774,-68.55535553073727,-63.84708132730345,-81.06186232372116,-78.09133737734587,-89.71734514556599,-88.16955985405663
nlsbuss_spike,Waves,EMI TG12345 console buss,console-emi,drive_6,full,,1000.0,-24.0,0.8359331984276435,-41.55656853527279,1.653,-149.023521586822,False,0,-41.57324064346939,-69.99512602697136,-68.03534366967472,-83.3503657899204,-83.20116008934009,-92.35747739343091,-93.61385289978868
nlsbuss_spike,Waves,EMI TG12345 console buss,console-emi,drive_6,full,,1000.0,-27.0,0.6498091281614085,-43.744283844361036,1.649,-152.00755508712487,False,0,-43.75718348369138,-71.78678531553093,-72.62865721939471,-85.8896382818463,-88.63432694241651,-95.16539342402139,-99.22442733294899
nlsbuss_spike,Waves,EMI TG12345 console buss,console-emi,drive_6,full,,1000.0,-3.0,2.196161999507077,-33.16671254767161,1.686,-128.0350494740458,False,0,-33.296941181197035,-69.21489038593343,-49.1071051847446,-76.50726437394096,-58.23356148169517,-81.92499521564329,-65.01703130426607
nlsbuss_spike,Waves,EMI TG12345 console buss,console-emi,drive_6,full,,1000.0,-30.0,0.4941724768512462,-46.12242892956872,1.646,-154.99470884315397,False,0,-46.133202553151484,-73.86994211098437,-77.55819588459468,-88.60226641605855,-94.30811477580706,-98.08169408439701,-104.87157618349045
nlsbuss_spike,Waves,EMI TG12345 console buss,console-emi,drive_6,full,,1000.0,-36.0,0.2719714613244718,-51.309533304577585,1.641,-160.96674725300397,False,0,-51.31864730145571,-78.68301575226815,-88.15888316232616,-94.31438851170714,-106.1685393449885,-104.1074024202633,-115.50961434498942
nlsbuss_spike,Waves,EMI TG12345 console buss,console-emi,drive_6,full,,1000.0,-42.0,0.14332801295203837,-56.873378399795406,1.639,-166.94938987838515,False,0,-56.882172438823105,-84.05352757283111,-99.36335282376268,-100.17020988750741,-118.47277987380599,-110.30012477934278,-122.77544221582588
nlsbuss_spike,Waves,EMI TG12345 console buss,console-emi,drive_6,full,,1000.0,-48.0,0.07373242105489074,-62.646830110079435,1.638,-172.93799152878304,False,0,-62.65562335360303,-89.73318506584556,-110.71527002456007,-106.00655728204275,-126.84547263675996,-116.59301586866431,-125.29437627873531
nlsbuss_spike,Waves,EMI TG12345 console buss,console-emi,drive_6,full,,1000.0,-54.0,0.03744840427762979,-68.53133366780025,1.637,-178.93302616603916,False,0,-68.54017778649626,-95.57950592777537,-121.07139090981923,-111.69245083099072,-127.1230558146988,-122.49229158493091,-125.87567252830729
nlsbuss_spike,Waves,EMI TG12345 console buss,console-emi,drive_6,full,,1000.0,-6.0,2.073227315027323,-33.66706155822168,1.683,-131.04081825568028,False,0,-33.77460332530173,-67.99865071532619,-50.375756398396305,-76.00274173289995,-60.12946875174018,-81.95682768712486,-67.42198951477044
nlsbuss_spike,Waves,EMI TG12345 console buss,console-emi,drive_6,full,,1000.0,-60.0,0.018894604156450414,-74.47324404315322,1.637,-184.92728927290744,False,0,-74.48217902314002,-101.5194725920925,-127.03386111667471,-116.9895481802255,-126.79264166896704,-126.2547250272822,-125.99895430497334
nlsbuss_spike,Waves,EMI TG12345 console buss,console-emi,drive_6,full,,1000.0,-9.0,1.9149478405876768,-34.35686101723306,1.678,-134.045040993466,False,0,-34.441582096942184,-67.18981829438002,-52.06338461195034,-76.00205775528701,-62.56641210811132,-82.53358351344235,-70.4299172581741
nlsbuss_spike,Waves,EMI TG12345 console buss,console-emi,drive_6,full,,1000.0,0.0,5.977042460215913,-24.47027317955534,1.1,-127.3286073395243,True,0,-30.885427241087875,-28.780411693570866,-30.285252264954092,-33.87865768094418,-41.584873582362896,-53.321340198097225,-48.917664784768895
nlsbuss_spike,Waves,EMI TG12345 console buss,console-emi,drive_6,full,,1000.0,3.0,17.46013502982973,-15.159048039088725,-1.211,-127.79402643403854,True,0,-25.40145146474274,-15.757605113977506,-41.6263725464275,-46.05333777171633,-34.914057018555184,-32.58916350650638,-41.25940601090453
nlsbuss_spike,Waves,EMI TG12345 console buss,console-emi,drive_9,curve,,1000.0,-12.0,2.3786983164253477,-32.47321269620144,4.158,-134.6593471912546,False,0,-32.55425734687257,-65.07777488543398,-50.370211673655525,-74.03495783637044,-61.00864283233474,-80.65805231200721,-68.973490888592
nlsbuss_spike,Waves,EMI TG12345 console buss,console-emi,drive_9,curve,,1000.0,-15.0,2.130947271767223,-33.428545927009694,4.151,-137.6635397073434,False,0,-33.48906122437097,-64.79333677839375,-52.61928202762206,-74.64872136076237,-64.13006634173237,-81.86167270245599,-72.7027344947937
nlsbuss_spike,Waves,EMI TG12345 console buss,console-emi,drive_9,curve,,1000.0,-18.0,1.8530879992920068,-34.642079129008145,4.144,-140.66320625487214,False,0,-34.68559329322987,-64.98193675883745,-55.38952898127047,-75.7802276000923,-67.84620372339434,-83.55741495967145,-77.01544973784769
nlsbuss_spike,Waves,EMI TG12345 console buss,console-emi,drive_9,curve,,1000.0,-21.0,1.5619524619723164,-36.12664376022781,4.138,-143.6588739924748,False,0,-36.15727467879015,-65.6405201890853,-58.68721442044795,-77.38700448493952,-72.12210587511619,-85.66939014893273,-81.83306314521859
nlsbuss_spike,Waves,EMI TG12345 console buss,console-emi,drive_9,curve,,1000.0,-24.0,1.2766103424292543,-37.87883282930459,4.131,-146.64552859618874,False,0,-37.900495205949866,-66.74296709430713,-62.48941122788855,-79.4002252999454,-76.88848150796049,-88.10532892749544,-87.04734142536792
nlsbuss_spike,Waves,EMI TG12345 console buss,console-emi,drive_9,curve,,1000.0,-27.0,1.0138941620360413,-39.88014755178382,4.126,-149.62867739136814,False,0,-39.89604287838474,-68.24426301435471,-66.7488168181932,-81.73617440776471,-82.05508783591452,-90.7730306001625,-92.53813621780417
nlsbuss_spike,Waves,EMI TG12345 console buss,console-emi,drive_9,curve,,1000.0,-3.0,2.867591400153018,-30.849654614483384,4.173,-125.64199237311749,True,0,-30.997341022390383,-68.48538007435644,-46.302373846699496,-75.26553990329161,-55.00059431043748,-80.27382143771236,-61.41979420450839
nlsbuss_spike,Waves,EMI TG12345 console buss,console-emi,drive_9,curve,,1000.0,-30.0,0.7851356130168892,-42.10110646004541,4.121,-152.60867119598566,False,0,-42.113556867833154,-70.08764392472501,-71.40240428493972,-84.30988002395479,-87.52825864088832,-93.59554090007978,-98.18606654031117
nlsbuss_spike,Waves,EMI TG12345 console buss,console-emi,drive_9,curve,,1000.0,-36.0,0.44354109552388005,-47.06132270345866,4.114,-158.57467360278844,False,0,-47.07085798771114,-74.5614932892609,-81.61775897599088,-89.8857278887688,-99.0915151294861,-99.50214073649654,-109.45165885757292
nlsbuss_spike,Waves,EMI TG12345 console buss,console-emi,drive_9,curve,,1000.0,-42.0,0.23734809109030708,-52.49228513627749,4.11,-164.54646593375313,False,0,-52.501142056220104,-79.73599926482302,-92.62928816571771,-95.7173686838446,-111.2286744301678,-105.59881553392295,-119.15740892998673
nlsbuss_spike,Waves,EMI TG12345 console buss,console-emi,drive_9,curve,,1000.0,-48.0,0.12312176071965907,-58.193303648884964,4.108,-170.52900905357532,False,0,-58.2020856775134,-85.30759235714122,-104.02228663184204,-101.60070425142295,-123.10602064979561,-111.83141255889251,-124.29598992082052
nlsbuss_spike,Waves,EMI TG12345 console buss,console-emi,drive_9,curve,,1000.0,-54.0,0.06280709448223779,-64.03982594039425,4.107,-176.51860711995693,False,0,-64.04864715230512,-91.09391577544068,-115.24539123933741,-107.4230126282348,-127.37820785028708,-118.1034431349802,-125.69832454589903
nlsbuss_spike,Waves,EMI TG12345 console buss,console-emi,drive_9,curve,,1000.0,-6.0,2.747520550528355,-31.221181010317377,4.168,-128.64725388805414,False,0,-31.347720203510097,-66.96825990344678,-47.27501161253278,-74.37417581540427,-56.496994048067535,-79.87117077124304,-63.36124369895359
nlsbuss_spike,Waves,EMI TG12345 console buss,console-emi,drive_9,curve,,1000.0,-60.0,0.0317609377018484,-69.96213368111623,4.106,-182.51402011847912,False,0,-69.97100692368271,-96.99652322631658,-124.30607848742041,-113.04631114748766,-126.99712376855823,-123.7094685095935,-125.9911346013999
nlsbuss_spike,Waves,EMI TG12345 console buss,console-emi,drive_9,curve,,1000.0,-9.0,2.5854306271370993,-31.74934221647874,4.163,-131.6537220611804,False,0,-31.85303451163685,-65.81552351130864,-48.60771192762941,-73.94982939399534,-58.477645871119265,-79.99144086814071,-65.86303295479524
nlsbuss_spike,Waves,EMI TG12345 console buss,console-emi,drive_9,curve,,1000.0,0.0,5.924631845037317,-24.546772628336452,3.541,-125.06018061562611,True,0,-32.12626683927654,-28.824845970513184,-29.83946571366664,-33.41967214813859,-41.28030524685946,-52.38034387216019,-48.66915032355696
nlsbuss_spike,Waves,EMI TG12345 console buss,console-emi,drive_9,curve,,1000.0,3.0,17.422584011485803,-15.177748652807315,1.181,-125.63848115018698,True,0,-25.59148324413272,-15.76874650011013,-40.698295769855875,-45.334274153660125,-34.55186356296734,-32.4626674281867,-41.54055920840741
nlsbuss_spike,Waves,EMI TG12345 console buss,console-emi,matched_thd_1_pct,full,thd_1_pct,100.0,-12.0,3.269595204694332,-29.710120244957384,0.845,-137.35494320099892,False,0,-29.82725028019746,-64.60379625209913,-46.075357260327515,-72.30681520901638,-55.54601723471382,-77.9693267201429,-62.59756175449611
nlsbuss_spike,Waves,EMI TG12345 console buss,console-emi,matched_thd_1_pct,full,thd_1_pct,100.0,-15.0,3.0501054466254964,-30.31370292391031,0.842,-140.37439356417082,False,0,-30.407908297151952,-63.65038146561257,-47.574351413916965,-72.1250587406358,-57.74175159864993,-78.35499567280958,-65.34063971667909
nlsbuss_spike,Waves,EMI TG12345 console buss,console-emi,matched_thd_1_pct,full,thd_1_pct,100.0,-18.0,2.7770638861550547,-31.128282584429726,0.838,-143.39811094144716,False,0,-31.20055449657494,-63.121038262695706,-49.52838336627018,-72.4568152910121,-60.5075853880702,-79.2785406635771,-68.7014891598257
nlsbuss_spike,Waves,EMI TG12345 console buss,console-emi,matched_thd_1_pct,full,thd_1_pct,100.0,-21.0,2.4584934657759567,-32.1866188329449,0.833,-146.4303909985753,False,0,-32.23971321185134,-63.049403649828484,-51.98637944136978,-73.31186308769352,-63.86987152835826,-80.71823614645682,-72.67206225524106
nlsbuss_spike,Waves,EMI TG12345 console buss,console-emi,matched_thd_1_pct,full,thd_1_pct,100.0,-24.0,2.1109945579063623,-33.5102577258344,0.829,-149.46075930257638,False,0,-33.54802722986599,-63.447794952047886,-54.972123931907575,-74.66823104667382,-67.81647353130816,-82.61677104194975,-77.19798331128929
nlsbuss_spike,Waves,EMI TG12345 console buss,console-emi,matched_thd_1_pct,full,thd_1_pct,100.0,-27.0,1.756809514176506,-35.105506505174176,0.824,-152.49160283167313,False,0,-35.13205428713453,-64.30457355330127,-58.48014372251988,-76.47343334543807,-72.29624767134895,-84.8903985795301,-82.18527883640114
nlsbuss_spike,Waves,EMI TG12345 console buss,console-emi,matched_thd_1_pct,full,thd_1_pct,100.0,-3.0,3.637355635680361,-28.78428469068612,0.853,-128.29829948532816,False,0,-28.95849647481903,-69.47052012582594,-43.62403351516605,-75.47522075569655,-51.727529602903076,-79.76678400177472,-57.59228444538322
nlsbuss_spike,Waves,EMI TG12345 console buss,console-emi,matched_thd_1_pct,full,thd_1_pct,100.0,-30.0,1.4186519507389388,-36.962482808456365,0.82,-155.51298771004366,False,0,-36.981465122296534,-65.58598672595649,-62.477320174500655,-78.65268701879842,-77.2272913677059,-87.44575228482219,-87.51564384719642
nlsbuss_spike,Waves,EMI TG12345 console buss,console-emi,matched_thd_1_pct,full,thd_1_pct,100.0,-36.0,0.8552107252556851,-41.3585372249717,0.814,-161.5437137911601,False,0,-41.37004933632181,-69.21364018272159,-71.71302701918619,-83.8035171155611,-88.04654902833022,-93.07263053991632,-98.70720846559911
nlsbuss_spike,Waves,EMI TG12345 console buss,console-emi,matched_thd_1_pct,full,thd_1_pct,100.0,-42.0,0.4766571807503172,-46.43587720056553,0.81,-167.57013482254948,False,0,-46.4451432264812,-73.87094894421078,-82.17723315075605,-89.5555019561817,-99.51233163558287,-99.04098364752316,-109.72518481384851
nlsbuss_spike,Waves,EMI TG12345 console buss,console-emi,matched_thd_1_pct,full,thd_1_pct,100.0,-48.0,0.25300586437648226,-51.93738824550901,0.807,-173.58276627495673,False,0,-51.94615879154896,-79.15433333778924,-93.47709622819565,-95.59719565467185,-110.87170735184012,-105.18260226814624,-119.04086222652246
nlsbuss_spike,Waves,EMI TG12345 console buss,console-emi,matched_thd_1_pct,full,thd_1_pct,100.0,-54.0,0.13062080377449278,-57.67975296276035,0.806,-179.58991876554464,False,0,-57.68846646321191,-84.79054260526519,-105.57912823939411,-101.85449007711723,-120.38934766000664,-111.49940722804773,-124.82556576443797
nlsbuss_spike,Waves,EMI TG12345 console buss,console-emi,matched_thd_1_pct,full,thd_1_pct,100.0,-6.0,3.555420924286752,-28.98217952021166,0.851,-131.31344678732427,False,0,-29.140601155011375,-67.57499938106395,-44.172334998837314,-74.04368973392062,-52.61830695084513,-78.72775920831818,-58.79712679713185
nlsbuss_spike,Waves,EMI TG12345 console buss,console-emi,matched_thd_1_pct,full,thd_1_pct,100.0,-60.0,0.0664243177425583,-63.55345795240378,0.806,-185.59298062882218,False,0,-63.56217066701636,-90.62151636125802,-119.13652291490038,-108.44341579235403,-124.96749506756912,-118.0287220425455,-127.14211002822671
nlsbuss_spike,Waves,EMI TG12345 console buss,console-emi,matched_thd_1_pct,full,thd_1_pct,100.0,-9.0,3.435913568501898,-29.279155390382897,0.848,-134.33400121242323,False,0,-29.418234878563077,-65.93171886427055,-44.9656503543321,-72.96518382278087,-53.86349019710005,-78.10796970760708,-60.438107725860945
nlsbuss_spike,Waves,EMI TG12345 console buss,console-emi,matched_thd_1_pct,full,thd_1_pct,100.0,0.0,8.368464950288693,-21.547083969786573,0.347,-126.6318086104954,True,0,-23.556485463943126,-27.51656365397892,-33.79785800583917,-34.40377315228328,-46.870608936635804,-53.3402487049303,-47.57777641064469
nlsbuss_spike,Waves,EMI TG12345 console buss,console-emi,matched_thd_1_pct,full,thd_1_pct,100.0,3.0,19.497471026700584,-14.20043432698143,-1.887,-126.59604067870882,True,0,-22.022213971380545,-15.157311838695488,-36.16423833555318,-45.862785952058864,-36.509197560228735,-31.89719990980806,-39.885454762255115
nlsbuss_spike,Waves,EMI TG12345 console buss,console-emi,matched_thd_1_pct,full,thd_1_pct,1000.0,-12.0,0.9999082325644557,-40.000797118392825,0.879,-137.69916471657285,False,0,-40.059285686722596,-71.24540343826439,-59.3470313138143,-81.19274785613696,-70.96075854359557,-88.5019542568213,-79.58620996222238
nlsbuss_spike,Waves,EMI TG12345 console buss,console-emi,matched_thd_1_pct,full,thd_1_pct,1000.0,-15.0,0.8662720098689581,-41.24691435742779,0.876,-140.69810256730037,False,0,-41.28883473354966,-71.48909168248653,-62.178037088693266,-82.38083169343415,-74.74508861204117,-90.25589742186428,-83.95485043900518
nlsbuss_spike,Waves,EMI TG12345 console buss,console-emi,matched_thd_1_pct,full,thd_1_pct,1000.0,-18.0,0.7274085909662205,-42.764431481430606,0.873,-143.69485707438665,False,0,-42.79391426160103,-72.20098974281574,-65.53520131257584,-84.03694108370338,-79.08435654505648,-92.41976394904013,-88.81160899812018
nlsbuss_spike,Waves,EMI TG12345 console buss,console-emi,matched_thd_1_pct,full,thd_1_pct,1000.0,-21.0,0.5923792951067157,-44.54800258769062,0.87,-146.68995881783084,False,0,-44.568903441609784,-73.35250496798619,-69.39234607740956,-86.0896642000268,-83.90745413612305,-94.90077399820098,-94.03934786119423
nlsbuss_spike,Waves,EMI TG12345 console buss,console-emi,matched_thd_1_pct,full,thd_1_pct,1000.0,-24.0,0.4689449362450742,-46.577562987440444,0.867,-149.68099962961605,False,0,-46.59299057026617,-74.89685628467038,-73.69964400241255,-88.45407282811729,-89.1250175562706,-97.6093566851006,-99.50354970442787
nlsbuss_spike,Waves,EMI TG12345 console buss,console-emi,matched_thd_1_pct,full,thd_1_pct,1000.0,-27.0,0.36213075098548553,-48.82269189436609,0.865,-152.67301934401993,False,0,-48.83487464117639,-76.77651567082039,-78.39262019004872,-91.04463204700883,-94.64836893871777,-100.47278303905469,-105.05676930072873
nlsbuss_spike,Waves,EMI TG12345 console buss,console-emi,matched_thd_1_pct,full,thd_1_pct,1000.0,-3.0,1.3009897434839908,-37.71452254480001,0.887,-128.69253006104523,False,0,-37.83864184217957,-73.27049953226027,-53.84484686697202,-80.74189560119288,-63.1324086805228,-86.32260005815263,-70.0450743726867
nlsbuss_spike,Waves,EMI TG12345 console buss,console-emi,matched_thd_1_pct,full,thd_1_pct,1000.0,-30.0,0.2739026021711346,-51.24807683551979,0.863,-155.66104363683817,False,0,-51.25846514374479,-78.93091903334688,-83.4013490746072,-93.78731111553998,-100.4056870991999,-103.43764385496642,-110.51186893685255
nlsbuss_spike,Waves,EMI TG12345 console buss,console-emi,matched_thd_1_pct,full,thd_1_pct,1000.0,-36.0,0.1495968141900107,-56.50155310194866,0.861,-161.6474631040573,False,0,-56.51057895733628,-83.84332190705186,-94.09895441848136,-99.50898964986335,-112.46087195843586,-109.5658139473507,-119.80943743872088
nlsbuss_spike,Waves,EMI TG12345 console buss,console-emi,matched_thd_1_pct,full,thd_1_pct,1000.0,-42.0,0.07849345429275052,-62.103331166513264,0.859,-167.6380173670115,False,0,-62.112114908927616,-89.27182301114368,-105.29596918558403,-105.31370569740487,-123.99289522313693,-115.84484805671067,-124.4176060819543
nlsbuss_spike,Waves,EMI TG12345 console buss,console-emi,matched_thd_1_pct,full,thd_1_pct,1000.0,-48.0,0.040284465110067606,-67.8972479693242,0.858,-173.63131712287614,False,0,-67.90605034581169,-94.98660806448528,-116.30632064093432,-111.0090040664088,-127.25840576488415,-121.85601253136456,-125.60606001082118
nlsbuss_spike,Waves,EMI TG12345 console buss,console-emi,matched_thd_1_pct,full,thd_1_pct,1000.0,-54.0,0.020434935202034755,-73.792534701444,0.858,-179.6279755345192,False,0,-73.80142655467401,-100.85937191237792,-124.81623346961449,-116.35829580395517,-126.8325621473366,-125.9378772431105,-125.8806899981554
nlsbuss_spike,Waves,EMI TG12345 console buss,console-emi,matched_thd_1_pct,full,thd_1_pct,1000.0,-6.0,1.221137587980719,-38.26470800964629,0.885,-131.69508538385256,False,0,-38.365905024213916,-72.16294003226457,-55.223541356020284,-80.37409187656465,-65.1728670882955,-86.50460206755983,-72.61257745220509
nlsbuss_spike,Waves,EMI TG12345 console buss,console-emi,matched_thd_1_pct,full,thd_1_pct,1000.0,-60.0,0.010303663402071983,-79.74016674388258,0.858,-185.6266642164711,False,0,-79.74934640138467,-106.82406863784706,-127.99593091870878,-120.92057782181355,-126.64593717863048,-126.97594969857039,-125.9480727994997
nlsbuss_spike,Waves,EMI TG12345 console buss,console-emi,matched_thd_1_pct,full,thd_1_pct,1000.0,-9.0,1.1200629970800275,-39.01515100168893,0.882,-134.69819621711835,False,0,-39.093841878585295,-71.47576546642526,-57.03938502599813,-80.5189819599172,-67.77010694935483,-87.23540682940026,-75.79139629663312
nlsbuss_spike,Waves,EMI TG12345 console buss,console-emi,matched_thd_1_pct,full,thd_1_pct,1000.0,0.0,6.139472911600596,-24.237378249519832,0.365,-127.81230306931673,True,0,-29.254581428308626,-28.749521567946935,-30.89019819935775,-34.487580389994896,-42.06232280463985,-54.15655377735118,-49.258490121449306
nlsbuss_spike,Waves,EMI TG12345 console buss,console-emi,matched_thd_1_pct,full,thd_1_pct,1000.0,3.0,17.538269944652487,-15.120264993114583,-1.879,-128.12724555243025,True,0,-25.13160195069897,-15.736891236682345,-41.316585405397944,-46.488408683844455,-35.41024885235099,-32.709353640801865,-40.776769334901076
nlsbuss_spike,Waves,EMI TG12345 console buss,console-emi,matched_thd_3_pct,full,thd_3_pct,100.0,-12.0,8.87848373146968,-21.03322393506437,6.012,-131.9047831056279,False,0,-21.187071304597932,-59.11793376788158,-36.333384947422594,-65.7071085743618,-44.88356436696101,-70.50446962054657,-51.156138123930894
nlsbuss_spike,Waves,EMI TG12345 console buss,console-emi,matched_thd_3_pct,full,thd_3_pct,100.0,-15.0,8.553866478795841,-21.356750662539866,6.006,-134.95908348628834,False,0,-21.490478086536278,-57.54500997002693,-37.195886753099856,-64.72644270356686,-46.22781883731292,-69.9977408191958,-52.91748494760506
nlsbuss_spike,Waves,EMI TG12345 console buss,console-emi,matched_thd_3_pct,full,thd_3_pct,100.0,-18.0,8.106851797914889,-21.822955325730902,5.998,-138.02877795597854,False,0,-21.934312252802968,-56.30200942188489,-38.39249681785164,-64.17996534106902,-48.02890214737373,-69.98388279857197,-55.21538339565049
nlsbuss_spike,Waves,EMI TG12345 console buss,console-emi,matched_thd_3_pct,full,thd_3_pct,100.0,-21.0,7.524123114041824,-22.470882137734684,5.989,-141.09882475254486,False,0,-22.55937856045562,-55.44629706149439,-39.99521921745519,-64.12002854824429,-50.35912344144001,-70.49936017625568,-58.108708120983295
nlsbuss_spike,Waves,EMI TG12345 console buss,console-emi,matched_thd_3_pct,full,thd_3_pct,100.0,-24.0,6.809116643108871,-23.33818452211785,5.978,-144.17366693631405,False,0,-23.405298490844928,-55.02416901988158,-42.066588415457105,-64.57751681715894,-53.26887426672069,-71.54922179034692,-61.62235916871866
nlsbuss_spike,Waves,EMI TG12345 console buss,console-emi,matched_thd_3_pct,full,thd_3_pct,100.0,-27.0,5.987180238056275,-24.45555335315431,5.967,-147.2509727376037,False,0,-24.50439426627577,-55.06460224182062,-44.650052920771586,-65.55462611560066,-56.77565992541713,-73.10253872022264,-65.73773828392956
nlsbuss_spike,Waves,EMI TG12345 console buss,console-emi,matched_thd_3_pct,full,thd_3_pct,100.0,-3.0,9.346783365231794,-20.58675646079793,6.024,-122.78876114518579,True,0,-20.779747804320486,-65.1876698184111,-35.06284609357834,-70.57372170176588,-42.78028827837851,-74.34003527245613,-48.27132018267964
nlsbuss_spike,Waves,EMI TG12345 console buss,console-emi,matched_thd_3_pct,full,thd_3_pct,100.0,-30.0,5.104279344571989,-25.8413113154934,5.956,-150.32267399777092,False,0,-25.875874049817256,-55.574274543470736,-47.7624624783129,-67.02122941024048,-60.857819443095316,-75.09410446501926,-70.39146390109978
nlsbuss_spike,Waves,EMI TG12345 console buss,console-emi,matched_thd_3_pct,full,thd_3_pct,100.0,-36.0,3.383712247172996,-29.412131534282658,5.936,-156.45000119624757,False,0,-29.429698221967957,-57.91137690953364,-55.49698809212396,-71.16690836897943,-70.48415935905987,-80.03325466622327,-80.90626910994027
nlsbuss_spike,Waves,EMI TG12345 console buss,console-emi,matched_thd_3_pct,full,thd_3_pct,100.0,-42.0,2.0181796889522747,-33.900803377975535,5.921,-162.5378949836066,False,0,-33.91185848698211,-61.68509865399534,-64.89935026509889,-76.38859818000596,-81.43908003617084,-85.68183811676455,-92.2941146302638
nlsbuss_spike,Waves,EMI TG12345 console buss,console-emi,matched_thd_3_pct,full,thd_3_pct,100.0,-48.0,1.11705395811912,-39.038516964770935,5.912,-168.5939089813411,False,0,-39.04768572186461,-66.43365972843091,-75.45268764486838,-82.13491528582603,-93.0262210262484,-91.60816906936068,-103.7898946985157
nlsbuss_spike,Waves,EMI TG12345 console buss,console-emi,matched_thd_3_pct,full,thd_3_pct,100.0,-54.0,0.5905824556496069,-44.57438917409465,5.907,-174.62758595504954,False,0,-44.583170991379156,-71.76660931425968,-86.73692155812586,-88.10122022783658,-104.72890181004784,-97.64653581303702,-114.47602381250172
nlsbuss_spike,Waves,EMI TG12345 console buss,console-emi,matched_thd_3_pct,full,thd_3_pct,100.0,-6.0,9.251795245798286,-20.67547974587951,6.021,-125.82803249999351,True,0,-20.859028648102083,-63.00222854324701,-35.32758178423133,-68.70311820481376,-43.23750132529561,-72.75006682897363,-48.918346704023755
nlsbuss_spike,Waves,EMI TG12345 console buss,console-emi,matched_thd_3_pct,full,thd_3_pct,100.0,-60.0,0.3043092845237613,-50.33369594094548,5.904,-180.6416545251746,False,0,-50.34245660854782,-77.42426359241735,-98.57151813537455,-94.18271975017346,-115.78098670446931,-103.7691495795496,-122.65233556721368
nlsbuss_spike,Waves,EMI TG12345 console buss,console-emi,matched_thd_3_pct,full,thd_3_pct,100.0,-9.0,9.103007371514805,-20.81630211163585,6.017,-128.85631339660995,False,0,-20.986883253384015,-60.95820549905493,-35.732596287068034,-67.0565431166136,-43.91400210564786,-71.44573001415138,-49.852005733494906
nlsbuss_spike,Waves,EMI TG12345 console buss,console-emi,matched_thd_3_pct,full,thd_3_pct,100.0,0.0,13.087303884479718,-17.662996264850644,5.42,-121.44227491711052,True,0,-18.513260458779197,-26.348866960865553,-35.70204553626114,-33.82145524226686,-47.383166280413214,-58.19523173059722,-46.231207389949525
nlsbuss_spike,Waves,EMI TG12345 console buss,console-emi,matched_thd_3_pct,full,thd_3_pct,100.0,3.0,23.354169908672525,-12.63271128984444,3.1,-121.63105569751221,True,0,-17.55297579457223,-14.533269739605394,-33.16722787877972,-40.72511065445477,-35.928232221356716,-30.800438871312046,-39.58487832257981
nlsbuss_spike,Waves,EMI TG12345 console buss,console-emi,matched_thd_3_pct,full,thd_3_pct,1000.0,-12.0,3.007787404895588,-30.43505727213732,6.06,-132.84520116288786,False,0,-30.530441913768335,-63.94764223708812,-47.64017631352416,-72.37011039156572,-57.77401328413355,-78.6147142955569,-65.36421700419342
nlsbuss_spike,Waves,EMI TG12345 console buss,console-emi,matched_thd_3_pct,full,thd_3_pct,1000.0,-15.0,2.7423499615598077,-31.237542481257513,6.053,-135.85220295989672,False,0,-31.31083959134582,-63.36882136125,-49.57163024346892,-72.64425123427208,-60.514020583078334,-79.47663642263217,-68.69843127645468
nlsbuss_spike,Waves,EMI TG12345 console buss,console-emi,matched_thd_3_pct,full,thd_3_pct,1000.0,-18.0,2.431538649786288,-32.28237645689031,6.045,-138.85661386404533,False,0,-32.33629527566076,-63.25277110314863,-52.00503182792407,-73.44673475128997,-63.850310431015245,-80.86311192718688,-72.64421903024335
nlsbuss_spike,Waves,EMI TG12345 console buss,console-emi,matched_thd_3_pct,full,thd_3_pct,1000.0,-21.0,2.0912682092494466,-33.591805289823505,6.037,-141.85440455848916,False,0,-33.63018744213046,-63.61136012315694,-54.96528759524058,-74.7551639332476,-67.77302449127154,-82.71687064559883,-77.15006448641559
nlsbuss_spike,Waves,EMI TG12345 console buss,console-emi,matched_thd_3_pct,full,thd_3_pct,1000.0,-24.0,1.7432184692586474,-35.172963628450525,6.029,-144.8445122412142,False,0,-35.19993394784167,-64.43305360710713,-58.447989972002546,-76.516739381577,-72.23367935412725,-84.95420274435125,-82.1253960392265
nlsbuss_spike,Waves,EMI TG12345 console buss,console-emi,matched_thd_3_pct,full,thd_3_pct,1000.0,-27.0,1.4098166039489337,-37.01674757771873,6.022,-147.8281251650842,False,0,-37.03600335173208,-65.68429707476896,-62.42067954058473,-78.65578877502914,-77.15343376945684,-87.48053958249342,-87.4567121357783
nlsbuss_spike,Waves,EMI TG12345 console buss,console-emi,matched_thd_3_pct,full,thd_3_pct,1000.0,-3.0,3.496078880764192,-29.128375541953236,6.076,-123.82477016326114,True,0,-29.28801203723701,-68.0707658988186,-44.287219373059244,-74.50638577885663,-52.71282661656329,-79.2320777447296,-58.891340524398935
nlsbuss_spike,Waves,EMI TG12345 console buss,console-emi,matched_thd_3_pct,full,thd_3_pct,1000.0,-30.0,1.1091551698955633,-39.10015384319682,6.016,-150.80658183368087,False,0,-39.11458224382676,-67.31494280420135,-66.82930936415248,-81.08673142204862,-82.43845578115273,-90.20791449418843,-93.02556944747771
nlsbuss_spike,Waves,EMI TG12345 console buss,console-emi,matched_thd_3_pct,full,thd_3_pct,1000.0,-36.0,0.6416675838271542,-43.853798002413384,6.006,-156.76030816867612,False,0,-43.86388814057084,-71.47749129378597,-76.68695078030524,-86.50757373529447,-93.75257640893132,-96.00709613132832,-104.42619289782469
nlsbuss_spike,Waves,EMI TG12345 console buss,console-emi,matched_thd_3_pct,full,thd_3_pct,1000.0,-42.0,0.34837113505796863,-49.1591567291068,6.0,-162.72471018712184,False,0,-49.1681206177665,-76.4664853448663,-87.49508290638008,-92.29176794169084,-105.68735587993352,-102.03449080332746,-115.18650713455361
nlsbuss_spike,Waves,EMI TG12345 console buss,console-emi,matched_thd_3_pct,full,thd_3_pct,1000.0,-48.0,0.18217496993674032,-54.790225869444356,5.997,-168.70120659155933,False,0,-54.79900901333163,-81.9350112381054,-98.82137634166669,-98.18325416025245,-118.02188651399422,-108.19767679580984,-122.67884882287986
nlsbuss_spike,Waves,EMI TG12345 console buss,console-emi,matched_thd_3_pct,full,thd_3_pct,1000.0,-54.0,0.09332909356787064,-60.599659042241996,5.995,-174.68446834202132,False,0,-60.60846642024411,-87.66521018465355,-110.26160516055812,-104.06141865505695,-126.79935194441028,-114.47225150977893,-125.36434026493517
nlsbuss_spike,Waves,EMI TG12345 console buss,console-emi,matched_thd_3_pct,full,thd_3_pct,1000.0,-6.0,3.3810347740644544,-29.41900724953737,6.072,-126.83062712215781,True,0,-29.55935513780311,-66.34958416636711,-45.06755524450308,-73.34516941690583,-53.940646076563795,-78.51840620861338,-60.511735633314004
nlsbuss_spike,Waves,EMI TG12345 console buss,console-emi,matched_thd_3_pct,full,thd_3_pct,1000.0,-60.0,0.04729999214752649,-66.50277862722524,5.995,-180.6779209858695,False,0,-66.51163204359003,-93.53522142811691,-120.7700550169132,-109.82761091520177,-127.24173663219254,-120.6341319895759,-125.9762050802305
nlsbuss_spike,Waves,EMI TG12345 console buss,console-emi,matched_thd_3_pct,full,thd_3_pct,1000.0,-9.0,3.2204301710964716,-29.841722265117223,6.067,-129.838106345297,False,0,-29.960114024132842,-64.95687840935406,-46.160890501499765,-72.61543925559701,-55.60223776164483,-78.2993969964277,-62.647300808793375
nlsbuss_spike,Waves,EMI TG12345 console buss,console-emi,matched_thd_3_pct,full,thd_3_pct,1000.0,0.0,5.929798634526998,-24.539201085155252,5.402,-123.3676838515921,True,0,-33.229049222206825,-28.864834546051995,-29.43199051504918,-32.99759845400271,-41.00504868310421,-51.40840302967544,-48.43868887717452
nlsbuss_spike,Waves,EMI TG12345 console buss,console-emi,matched_thd_3_pct,full,thd_3_pct,1000.0,3.0,17.394488020347627,-15.191766990193443,2.996,-124.058395559248,True,0,-25.775248980987612,-15.778849754584776,-39.32965909558383,-44.569060955693004,-34.21874768188757,-32.33820657884392,-41.7663157840936
ssl_ev2,Waves,SSL 4000 E console channel,console-ssl,analog_off,full,,100.0,-12.0,4.1673821902687584e-05,-127.60273337211973,0.0,-145.33379970164455,False,0,-135.87008018050594,-135.92243191514316,-135.97399796718946,-136.04827912618964,-136.12136413444856,-136.17642252171512,-136.27803858779055
ssl_ev2,Waves,SSL 4000 E console channel,console-ssl,analog_off,full,,100.0,-15.0,4.1728587383731e-05,-127.59132633971487,0.0,-148.33421344656114,False,0,-135.8709088610924,-135.8814684270248,-135.97438287167088,-136.01114427351132,-136.12138123483695,-136.17494668137675,-136.2780056536426
ssl_ev2,Waves,SSL 4000 E console channel,console-ssl,analog_off,full,,100.0,-18.0,4.160380321902726e-05,-127.61733932903309,0.0,-151.33294437481763,False,0,-135.87053091232374,-135.94114629434134,-135.97419516551815,-136.0742838393384,-136.12142033903834,-136.2344048796796,-136.27819074763534
ssl_ev2,Waves,SSL 4000 E console channel,console-ssl,analog_off,full,,100.0,-21.0,4.173369483298565e-05,-127.59026327890618,0.0,-154.33556852512308,False,0,-135.87046411641757,-135.8959583588984,-135.97441979820053,-136.00115070592014,-136.12165665421938,-136.16233043635575,-136.27803995440607
ssl_ev2,Waves,SSL 4000 E console channel,console-ssl,analog_off,full,,100.0,-24.0,4.162582488185183e-05,-127.61274294330435,0.0,-157.33177886756113,False,0,-135.87066430364507,-135.93765966562304,-135.9744853605663,-136.06203660411833,-136.12173675119897,-136.21651164081695,-136.2783548242964
ssl_ev2,Waves,SSL 4000 E console channel,console-ssl,analog_off,full,,100.0,-27.0,4.164196736233376e-05,-127.60937521126948,0.0,-160.33478466469802,False,0,-135.87056900533292,-135.9020973588648,-135.97406901763225,-136.06438247305573,-136.1210426061377,-136.22976198850512,-136.27758520262663
ssl_ev2,Waves,SSL 4000 E console channel,console-ssl,analog_off,full,,100.0,-3.0,4.165257828700236e-05,-127.60716221351773,0.0,-136.3333806311753,False,0,-135.8702567544124,-135.926463011067,-135.9741305430327,-136.05773352770325,-136.12149623321596,-136.19368437321984,-136.2782284877052
ssl_ev2,Waves,SSL 4000 E console channel,console-ssl,analog_off,full,,100.0,-30.0,4.160152517770181e-05,-127.61781494317775,0.0,-163.3344966989176,False,0,-135.87032440581837,-135.95119475596113,-135.97384439292662,-136.0820501958364,-136.12082970926707,-136.22112578762074,-136.27735516759626
ssl_ev2,Waves,SSL 4000 E console channel,console-ssl,analog_off,full,,100.0,-36.0,4.1663191505070046e-05,-127.60494930132668,0.0,-169.33231877010832,False,0,-135.8709791496221,-135.91412409387385,-135.974951234211,-136.04522501487165,-136.12216321715007,-136.2011690063427,-136.27851637775328
ssl_ev2,Waves,SSL 4000 E console channel,console-ssl,analog_off,full,,100.0,-42.0,4.163083541115798e-05,-127.61169747968665,0.0,-175.33425055051623,False,0,-135.87017194543688,-135.94469467145169,-135.97412360228236,-136.0646671415466,-136.12154309886438,-136.19998834265522,-136.2782197046975
ssl_ev2,Waves,SSL 4000 E console channel,console-ssl,analog_off,full,,100.0,-48.0,4.164916967463476e-05,-127.60787304688162,0.0,-181.3331411184478,False,0,-135.87046779132487,-135.93101061866017,-135.9741707087541,-136.04650858224448,-136.12138701273017,-136.20558521526368,-136.2780788559888
ssl_ev2,Waves,SSL 4000 E console channel,console-ssl,analog_off,full,,100.0,-54.0,4.168229610941197e-05,-127.60096731039836,0.0,-187.33382605728767,False,0,-135.8710012497296,-135.91182929175048,-135.97461554267295,-136.03464758268345,-136.12173496209175,-136.18670017812886,-136.27836731340903
ssl_ev2,Waves,SSL 4000 E console channel,console-ssl,analog_off,full,,100.0,-6.0,4.158280635971694e-05,-127.62172408296192,0.0,-139.3341197498141,False,0,-135.87049979418174,-135.95390811788502,-135.97412275797342,-136.09734269432258,-136.12121102255298,-136.22951599550166,-136.277782801449
ssl_ev2,Waves,SSL 4000 E console channel,console-ssl,analog_off,full,,100.0,-60.0,4.158423202468907e-05,-127.621426292663,0.0,-193.33418372424762,False,0,-135.87041565781863,-135.98380663617795,-135.97389940448247,-136.06536657661078,-136.12090666762094,-136.22955189372018,-136.27756143295738
ssl_ev2,Waves,SSL 4000 E console channel,console-ssl,analog_off,full,,100.0,-9.0,4.160693471800204e-05,-127.61668557075177,0.0,-142.3344354566313,False,0,-135.87008403839974,-135.93772939895325,-135.97401550710697,-136.0725553177987,-136.12125688397066,-136.23636366333523,-136.27776842635387
ssl_ev2,Waves,SSL 4000 E console channel,console-ssl,analog_off,full,,100.0,0.0,4.164015965392432e-05,-127.60975228030716,0.0,-133.33273550627612,True,0,-135.87030512403473,-135.91951213175994,-135.9743336722528,-136.0659620768486,-136.1217246754011,-136.21075412145305,-136.278311211647
ssl_ev2,Waves,SSL 4000 E console channel,console-ssl,analog_off,full,,100.0,3.0,4.170403971363972e-05,-127.59643749027681,0.0,-130.33311262957315,True,0,-135.87098482909047,-135.89677409058584,-135.97460119244738,-136.03439744441093,-136.12171824333657,-136.17040380735446,-136.27834418621663
ssl_ev2,Waves,SSL 4000 E console channel,console-ssl,analog_off,full,,1000.0,-12.0,4.297598415885933e-05,-127.3354833818849,-0.0,-145.34116049588954,False,0,-136.27184842832054,-136.21436859341497,-136.058774872183,-135.89592066914693,-135.67464368046348,-135.40527904421054,-135.1141921666189
ssl_ev2,Waves,SSL 4000 E console channel,console-ssl,analog_off,full,,1000.0,-15.0,4.294759717672289e-05,-127.34122257941677,-0.0,-148.33948686415428,False,0,-136.27146891322778,-136.2167153044008,-136.05869376676014,-135.90357550478663,-135.67446723023036,-135.43410133323516,-135.11401963953654
ssl_ev2,Waves,SSL 4000 E console channel,console-ssl,analog_off,full,,1000.0,-18.0,4.271209516961715e-05,-127.3889824893817,-0.0,-151.33931166178905,False,0,-136.271805836183,-136.3208898193374,-136.0587785444016,-136.0231979677407,-135.67468892748545,-135.5493611389772,-135.11402497716077
ssl_ev2,Waves,SSL 4000 E console channel,console-ssl,analog_off,full,,1000.0,-21.0,4.282729131752635e-05,-127.36558784807204,-0.0,-154.34202125090619,False,0,-136.27150026093722,-136.28065899800544,-136.05852114278358,-135.96083848130752,-135.67486976868017,-135.48624594138727,-135.11444825003576
ssl_ev2,Waves,SSL 4000 E console channel,console-ssl,analog_off,full,,1000.0,-24.0,4.295459800230811e-05,-127.3398068205199,-0.0,-157.3418185819093,False,0,-136.271754439388,-136.21003704460244,-136.05859286339086,-135.9075755043337,-135.67443538819296,-135.42688316423192,-135.11399328515358
ssl_ev2,Waves,SSL 4000 E console channel,console-ssl,analog_off,full,,1000.0,-27.0,4.2821803958691573e-05,-127.36670082172705,-0.0,-160.3434772801238,False,0,-136.2715170293942,-136.25624965743862,-136.0586394693679,-135.97098099703476,-135.6748216494093,-135.50495310252177,-135.11425085222996
ssl_ev2,Waves,SSL 4000 E console channel,console-ssl,analog_off,full,,1000.0,-3.0,4.2811469234804374e-05,-127.36879734958853,-0.0,-136.34046565628768,False,0,-136.2716362530211,-136.28801886062976,-136.0586219939697,-135.97709954177827,-135.674509001369,-135.48694278847378,-135.1140676259514
ssl_ev2,Waves,SSL 4000 E console channel,console-ssl,analog_off,full,,1000.0,-30.0,4.2713261696417536e-05,-127.38874526887903,-0.0,-163.34182772673077,False,0,-136.27129811789615,-136.3567016199322,-136.05853279259247,-136.0245950376244,-135.67446873130564,-135.51768007559258,-135.11401969765825
ssl_ev2,Waves,SSL 4000 E console channel,console-ssl,analog_off,full,,1000.0,-36.0,4.2934772147822866e-05,-127.34381675066133,-0.0,-169.34039130391574,False,0,-136.27175382990285,-136.22465012108646,-136.0589095846038,-135.920901614122,-135.67467620972428,-135.4281094534864,-135.1139761777021
ssl_ev2,Waves,SSL 4000 E console channel,console-ssl,analog_off,full,,1000.0,-42.0,4.279070032200029e-05,-127.37301211398042,-0.0,-175.34064434997657,False,0,-136.2713708378559,-136.31372275550655,-136.058466739884,-135.98824146282251,-135.6744367512487,-135.48373878686422,-135.11378713672707
ssl_ev2,Waves,SSL 4000 E console channel,console-ssl,analog_off,full,,1000.0,-48.0,4.293803985016188e-05,-127.34315570553564,-0.0,-181.34059485249833,False,0,-136.27181606231576,-136.21820883871905,-136.05874782764909,-135.91012896803062,-135.67459913794715,-135.43890003909576,-135.11409355666905
ssl_ev2,Waves,SSL 4000 E console channel,console-ssl,analog_off,full,,1000.0,-54.0,4.284999620276325e-05,-127.36098424453283,-0.0,-187.34154951551568,False,0,-136.2712100403012,-136.26246803442956,-136.05847555324317,-135.95843173434028,-135.6745798976646,-135.47465004477314,-135.1141088535569
ssl_ev2,Waves,SSL 4000 E console channel,console-ssl,analog_off,full,,1000.0,-6.0,4.2699658104606406e-05,-127.39151204698302,-0.0,-139.34133216911414,False,0,-136.27202854026282,-136.33767895524966,-136.05890975474097,-136.03454597728512,-135.6743525817329,-135.5418086076079,-135.11397575995042
ssl_ev2,Waves,SSL 4000 E console channel,console-ssl,analog_off,full,,1000.0,-60.0,4.283320619424254e-05,-127.36438832278435,-0.0,-193.34199319547776,False,0,-136.2715177860927,-136.28555538673498,-136.05839109281578,-135.95848386420982,-135.674354161576,-135.47804528806142,-135.11358046850836
ssl_ev2,Waves,SSL 4000 E console channel,console-ssl,analog_off,full,,1000.0,-9.0,4.287968628538286e-05,-127.35496801342583,-0.0,-142.34131663431793,False,0,-136.27156291621492,-136.25431291939967,-136.0586891603027,-135.94027936444854,-135.6743178476569,-135.45888596861136,-135.11378716593268
ssl_ev2,Waves,SSL 4000 E console channel,console-ssl,analog_off,full,,1000.0,0.0,4.2884909745782096e-05,-127.35390999175459,-0.0,-133.3412352926508,True,0,-136.27169987417642,-136.25535922296666,-136.05870042424039,-135.93839723373372,-135.67444271899075,-135.45233775444015,-135.1140519754596
ssl_ev2,Waves,SSL 4000 E console channel,console-ssl,analog_off,full,,1000.0,3.0,4.281087228737499e-05,-127.36891846329317,-0.0,-130.34133810396392,True,0,-136.2716214360047,-136.29005762546473,-136.05868939879107,-135.98321710642037,-135.67459812866431,-135.48026432840106,-135.11423372994025
ssl_ev2,Waves,SSL 4000 E console channel,console-ssl,line_-10,curve,,1000.0,-12.0,0.20424935312371756,-53.796786204870045,0.001,-145.35643759380548,False,0,-53.866817754912304,-87.452467861553,-72.35316974036316,-138.93275136754502,-81.91274593893033,-135.04829286075352,-94.83329359098224
ssl_ev2,Waves,SSL 4000 E console channel,console-ssl,line_-10,curve,,1000.0,-15.0,0.10832314077525243,-59.305575126504635,0.0,-148.34705347814267,False,0,-59.44632957711018,-93.42005007452846,-74.43459852224368,-137.319021837798,-90.27501219856804,-136.13185766710563,-111.90990524920915
ssl_ev2,Waves,SSL 4000 E console channel,console-ssl,line_-10,curve,,1000.0,-18.0,0.04833535764864641,-66.31470127153092,0.0,-151.34331154683727,False,0,-66.51800030415717,-99.3964742372398,-79.78103128774258,-136.15783062747076,-102.80468860445626,-135.51822594906017,-135.5768783383024
ssl_ev2,Waves,SSL 4000 E console channel,console-ssl,line_-10,curve,,1000.0,-21.0,0.01905973824984088,-74.39766135772122,-0.0,-154.34146455152865,False,0,-74.63739082984651,-105.37306520824679,-87.16699045124344,-136.66570459996538,-117.43724634566803,-135.68525226891379,-133.04689235348772
ssl_ev2,Waves,SSL 4000 E console channel,console-ssl,line_-10,curve,,1000.0,-24.0,0.007049364534744963,-83.03700061476039,-0.0,-157.33981692920628,False,0,-83.29376469014974,-111.32150575352752,-95.56370894676289,-136.9923477893864,-130.27215193902458,-136.22930257123562,-134.67131294474132
ssl_ev2,Waves,SSL 4000 E console channel,console-ssl,line_-10,curve,,1000.0,-27.0,0.0025344794850752023,-91.92222439502342,-0.0,-160.34368888016894,False,0,-92.1849340155873,-117.20099347416027,-104.4759080679431,-135.83111992665405,-134.1822370772585,-135.77078066475178,-135.1457484359091
ssl_ev2,Waves,SSL 4000 E console channel,console-ssl,line_-10,curve,,1000.0,-3.0,0.5847602006646643,-44.66044387079567,0.007,-136.36470855527708,False,0,-44.68374405423185,-69.85754616565644,-71.26278870169426,-109.97397203915958,-89.17517625122814,-133.81445774713032,-84.38717030861888
ssl_ev2,Waves,SSL 4000 E console channel,console-ssl,line_-10,curve,,1000.0,-30.0,0.000896201830638081,-100.95188346609832,-0.0,-163.34198757212005,False,0,-101.22206826636409,-122.89512849157177,-113.74674308751139,-135.4251066872656,-136.26472445819547,-135.11164661681852,-135.5583613278802
ssl_ev2,Waves,SSL 4000 E console channel,console-ssl,line_-10,curve,,1000.0,-36.0,0.00010541909700722,-119.5416141631917,-0.0,-169.33932188709855,False,0,-120.3533634548487,-132.13464246566463,-140.8808877020595,-135.87439173416624,-134.60728999160358,-135.39023631384669,-135.1214218695292
ssl_ev2,Waves,SSL 4000 E console channel,console-ssl,line_-10,curve,,1000.0,-42.0,3.964803235984731e-05,-128.03556721684666,-0.0,-175.34161975327498,False,0,-140.4283025415562,-135.79467640606464,-147.1324878737852,-136.34230533184945,-136.6959446066281,-135.58506418008622,-133.2226789583607
ssl_ev2,Waves,SSL 4000 E console channel,console-ssl,line_-10,curve,,1000.0,-48.0,4.293509144785024e-05,-127.34375215512844,-0.0,-181.34040437657285,False,0,-136.24546797391338,-136.2667269668598,-136.04626839459348,-136.0423817145187,-135.6540797760693,-135.38082307369558,-135.07461203084534
ssl_ev2,Waves,SSL 4000 E console channel,console-ssl,line_-10,curve,,1000.0,-54.0,4.339257350204333e-05,-127.25169184434215,-0.0,-187.34101281462952,False,0,-136.27174245322306,-135.3586795527229,-136.05852118779714,-136.036641783661,-135.6747618561123,-135.52648972941944,-135.11377919138704
ssl_ev2,Waves,SSL 4000 E console channel,console-ssl,line_-10,curve,,1000.0,-6.0,0.4548109918103947,-46.84338095774607,0.004,-139.37016791275977,False,0,-46.85282907604578,-75.62957292844575,-95.35958132429619,-123.03514352901183,-79.23827157516834,-134.71365459787538,-82.6857295537533
ssl_ev2,Waves,SSL 4000 E console channel,console-ssl,line_-10,curve,,1000.0,-60.0,4.334940661427384e-05,-127.26033685921577,-0.0,-193.34214281990742,False,0,-136.27507583415627,-135.3816374091324,-136.0560696047624,-136.06295321081382,-135.67778815931047,-135.53592082638994,-135.11191163328465
ssl_ev2,Waves,SSL 4000 E console channel,console-ssl,line_-10,curve,,1000.0,-9.0,0.32497661079235324,-49.762957898536165,0.002,-142.3656050425083,False,0,-49.78553288262064,-81.51330063417942,-75.2174881501203,-140.01821611412942,-78.22321164303672,-136.75844999210003,-85.91170051607413
ssl_ev2,Waves,SSL 4000 E console channel,console-ssl,line_-10,curve,,1000.0,0.0,0.7125226051134836,-42.94402705809941,0.014,-133.34890160614856,True,0,-43.0021951681639,-64.29692847558107,-65.25940878073732,-98.32339943060416,-82.67451253484597,-128.0454942056104,-96.78089310549511
ssl_ev2,Waves,SSL 4000 E console channel,console-ssl,line_-10,curve,,1000.0,3.0,0.8395888462720693,-41.51866679089871,0.027,-130.30898377282924,True,0,-41.63878611131514,-59.120013258358526,-61.818801075419465,-87.53189928722604,-74.37968653955875,-114.35347955893208,-86.4609214416153
ssl_ev2,Waves,SSL 4000 E console channel,console-ssl,line_0,full,,100.0,-12.0,0.7452090445620034,-42.55443765470183,0.226,-145.33051550998653,False,0,-81.99883073828964,-42.59591482727644,-95.27840873440888,-62.88017141586225,-119.08213522787022,-82.19643680681341,-136.2614831273924
ssl_ev2,Waves,SSL 4000 E console channel,console-ssl,line_0,full,,100.0,-15.0,0.4735428495819766,-46.49281433553622,0.132,-148.31690247098098,False,0,-89.97567392867029,-46.506320811560755,-102.37745220632607,-71.65537922768893,-142.07449881470944,-95.83746726776903,-136.4631736805521
ssl_ev2,Waves,SSL 4000 E console channel,console-ssl,line_0,full,,100.0,-18.0,0.27296749264206843,-51.27778138935127,0.073,-151.32363373674286,False,0,-98.56708289573336,-51.2817486751577,-110.4373031818678,-81.77332265962863,-137.90857437982018,-111.14051269703978,-136.2609467076792
ssl_ev2,Waves,SSL 4000 E console channel,console-ssl,line_0,full,,100.0,-21.0,0.14776443978396775,-56.608601368044106,0.039,-154.3249348782887,False,0,-107.47759956627624,-56.609696954693725,-118.74283024080566,-92.74721938217957,-136.64822383184892,-125.87348816272456,-135.86071009465368
ssl_ev2,Waves,SSL 4000 E console channel,console-ssl,line_0,full,,100.0,-24.0,0.07712594350771129,-62.255990201103046,0.02,-157.32915369969868,False,0,-116.59663698105383,-62.256287241598386,-126.13755294746792,-104.1836202219275,-135.81212063678112,-134.45735344884153,-135.85939060761766
ssl_ev2,Waves,SSL 4000 E console channel,console-ssl,line_0,full,,100.0,-27.0,0.039467936960048224,-68.07511148287422,0.01,-160.32818997949852,False,0,-125.88121755255521,-68.07519600395543,-131.18539789176776,-115.81596439017704,-135.87110983069812,-135.5536044989115,-136.39088337661246
ssl_ev2,Waves,SSL 4000 E console channel,console-ssl,line_0,full,,100.0,-3.0,1.2884204877402907,-37.798847557801174,0.646,-136.41431178719455,False,0,-65.98021812020093,-38.25908562220097,-92.11925595166404,-48.35668733358227,-94.64313319352023,-57.353639637448374,-101.90582441128818
ssl_ev2,Waves,SSL 4000 E console channel,console-ssl,line_0,full,,100.0,-30.0,0.01998782334540973,-73.98468995110171,0.005,-163.33236527502973,False,0,-134.05813931854348,-73.98472835436571,-134.3065783430953,-126.8809714106282,-136.2135949503074,-135.97730558885857,-136.44697348693154
ssl_ev2,Waves,SSL 4000 E console channel,console-ssl,line_0,full,,100.0,-36.0,0.005054423800235562,-85.92656692862563,0.001,-169.3309172100183,False,0,-136.1992992096997,-85.92682890537974,-135.10803140700693,-135.8225763447155,-136.13880326225217,-135.96941284922113,-136.29438248635995
ssl_ev2,Waves,SSL 4000 E console channel,console-ssl,line_0,full,,100.0,-42.0,0.0012641707082249921,-97.96388553635293,0.001,-175.33383875249442,False,0,-136.07643402836044,-97.96787828043314,-136.0625284313147,-136.051062847123,-136.11458492624547,-136.03568317121454,-136.34237965610686
ssl_ev2,Waves,SSL 4000 E console channel,console-ssl,line_0,full,,100.0,-48.0,0.0003119351390430438,-110.11871399681523,0.0,-181.33321091278845,False,0,-136.01580445463537,-110.18514595705591,-136.00985850509386,-136.03880385053986,-136.12203996863184,-136.04055129196047,-136.30509764492072
ssl_ev2,Waves,SSL 4000 E console channel,console-ssl,line_0,full,,100.0,-54.0,8.067210303007411e-05,-121.86553242691447,0.0,-187.33361241052143,False,0,-135.91304857835593,-122.98071531944657,-136.01655711271468,-136.036138131536,-136.11685927887186,-136.17219052033394,-136.34027770913573
ssl_ev2,Waves,SSL 4000 E console channel,console-ssl,line_0,full,,100.0,-6.0,1.2323615704502136,-38.18523706074743,0.499,-139.4005498958561,False,0,-69.82244862354993,-38.431025287138574,-88.6225219531704,-51.12251610479297,-97.90057534712425,-62.77039482048358,-110.13592434391661
ssl_ev2,Waves,SSL 4000 E console channel,console-ssl,line_0,full,,100.0,-60.0,4.111235351768681e-05,-127.72055321774366,0.0,-193.33378279037862,False,0,-135.95612573386572,-136.52834684716308,-135.97537623034805,-136.10489388446265,-136.1308299122342,-136.25111227347284,-136.28104276669606
ssl_ev2,Waves,SSL 4000 E console channel,console-ssl,line_0,full,,100.0,-9.0,1.0299920306677341,-39.743322710759024,0.352,-142.3603652591959,False,0,-75.14543052369032,-39.8534085945542,-90.27434180891404,-55.94313952485812,-105.953964877304,-71.0337403548446,-125.49598356236872
ssl_ev2,Waves,SSL 4000 E console channel,console-ssl,line_0,full,,100.0,0.0,1.205683308377921,-38.3753350294154,0.774,-133.40419343929761,True,0,-63.23935326005822,-39.110988849607516,-106.21604346137188,-47.32331434461286,-96.1673135986493,-54.370686845680645,-99.16722048638624
ssl_ev2,Waves,SSL 4000 E console channel,console-ssl,line_0,full,,100.0,3.0,1.0370589700143613,-39.68393095469394,0.878,-130.38176011091798,True,0,-61.21215608225461,-40.71835928900589,-87.36128848640985,-47.61190137738552,-108.0802090015388,-53.27390248450016,-101.34904999281113
ssl_ev2,Waves,SSL 4000 E console channel,console-ssl,line_0,full,,1000.0,-12.0,0.6275729835218035,-44.04671521374624,0.009,-145.36201982592942,False,0,-44.07929213218936,-67.97405197915084,-68.77581184788282,-105.9674058134869,-120.24758545977328,-133.16028669103122,-86.3881421012202
ssl_ev2,Waves,SSL 4000 E console channel,console-ssl,line_0,full,,1000.0,-15.0,0.4983327468429507,-46.04961146364662,0.005,-148.371328553154,False,0,-46.06115268047237,-73.68995052051362,-80.15615535830185,-118.28044559095048,-80.91183397188921,-135.55094529244502,-82.67980918341158
ssl_ev2,Waves,SSL 4000 E console channel,console-ssl,line_0,full,,1000.0,-18.0,0.3678573906559046,-48.68641028168704,0.002,-151.37020067963354,False,0,-48.70098899837518,-79.54362857964118,-78.32820825225359,-133.7151542969473,-78.01103180979959,-135.31735116614644,-84.27524875008102
ssl_ev2,Waves,SSL 4000 E console channel,console-ssl,line_0,full,,1000.0,-21.0,0.2425831030443114,-52.30278905786221,0.001,-154.3582631902794,False,0,-52.35328175142062,-85.46814963447495,-72.61262368784085,-142.304987393442,-80.17129868096785,-135.66722334322765,-91.11244338970741
ssl_ev2,Waves,SSL 4000 E console channel,console-ssl,line_0,full,,1000.0,-24.0,0.13656434030308387,-57.29325377756701,0.0,-157.34980060672814,False,0,-57.40968567553736,-91.427406468415,-73.3183547747136,-138.29675912677783,-86.9744058354283,-136.60171117146064,-105.00096803845365
ssl_ev2,Waves,SSL 4000 E console channel,console-ssl,line_0,full,,1000.0,-27.0,0.06433133155471923,-63.8315491862373,0.0,-160.34381571572922,False,0,-64.01664554817772,-97.40268283785966,-77.71179056843935,-135.9611432802595,-98.25507929930451,-134.68905580408781,-135.47402055168027
ssl_ev2,Waves,SSL 4000 E console channel,console-ssl,line_0,full,,1000.0,-3.0,1.0136707062723636,-39.882062077075204,0.057,-136.21704409906908,False,0,-40.151398532682016,-53.27921241228882,-58.825097933025475,-74.86879146511562,-69.30050038754518,-95.43251073124475,-77.4382793269903
ssl_ev2,Waves,SSL 4000 E console channel,console-ssl,line_0,full,,1000.0,-30.0,0.02624834512660409,-71.61796144519062,-0.0,-163.34294282306698,False,0,-71.84847138313901,-103.38051975564271,-84.54690204836736,-136.37229303348636,-112.61421281657618,-135.6872951536275,-132.9479533135562
ssl_ev2,Waves,SSL 4000 E console channel,console-ssl,line_0,full,,1000.0,-36.0,0.003568357326305359,-88.95063325927879,-0.0,-169.3408453456862,False,0,-89.21144813174391,-115.26507551927358,-101.47974929735287,-136.18478048569534,-133.80877045696144,-135.60009136498596,-136.14644901423515
ssl_ev2,Waves,SSL 4000 E console channel,console-ssl,line_0,full,,1000.0,-42.0,0.0004462651431467087,-107.00814067368594,-0.0,-175.34099822275434,False,0,-107.29877611776777,-126.47414407025298,-120.14916125391706,-135.847651030792,-137.8095641618906,-135.34298924490375,-135.86778409592026
ssl_ev2,Waves,SSL 4000 E console channel,console-ssl,line_0,full,,1000.0,-48.0,5.834905901876846e-05,-124.67932286649445,-0.0,-181.34138681114615,False,0,-127.33693478848706,-133.8652653673643,-145.97752302626307,-135.86547389527976,-135.15756795950284,-135.2752584380556,-135.82469429404844
ssl_ev2,Waves,SSL 4000 E console channel,console-ssl,line_0,full,,1000.0,-54.0,4.212456472216728e-05,-127.50929147421627,-0.0,-187.34270630896498,False,0,-136.2694956373655,-136.26106271143198,-136.05715988339225,-136.6980434527735,-135.68218457835394,-135.81770861898295,-135.11651701915432
ssl_ev2,Waves,SSL 4000 E console channel,console-ssl,line_0,full,,1000.0,-6.0,0.8823607459452811,-41.087076416583045,0.033,-139.29218279794756,False,0,-41.23657293402637,-57.52291786886063,-60.94743135554705,-84.14372218885218,-72.77108760976826,-109.52120478584101,-83.17958126958078
ssl_ev2,Waves,SSL 4000 E console channel,console-ssl,line_0,full,,1000.0,-60.0,4.364109971302218e-05,-127.20208628299397,-0.0,-193.34255503455023,False,0,-136.26203433632483,-135.56731772255313,-136.05025024598947,-135.64029496689085,-135.6724535716427,-135.3678752938853,-135.11488270818194
ssl_ev2,Waves,SSL 4000 E console channel,console-ssl,line_0,full,,1000.0,-9.0,0.7548099333955253,-42.4432478619684,0.018,-142.33974848473724,False,0,-42.51836785358003,-62.51749360842162,-63.93721451271542,-94.62849163289036,-78.98049593812692,-123.97538804095268,-105.68777104735943
ssl_ev2,Waves,SSL 4000 E console channel,console-ssl,line_0,full,,1000.0,0.0,1.148843794156145,-38.79478034786708,0.093,-133.1287969732566,True,0,-39.21256041703414,-50.103678649860115,-57.19147657731718,-67.29044235513604,-66.94562818162322,-83.46825580492207,-74.14404301144
ssl_ev2,Waves,SSL 4000 E console channel,console-ssl,line_0,full,,1000.0,3.0,1.2798573195852587,-37.856768869084235,0.136,-130.08444095692863,True,0,-38.385086269058185,-48.210482722157614,-55.863628401248995,-61.768957142948196,-65.17703604005034,-74.28962598395839,-71.87943050118803
ssl_ev2,Waves,SSL 4000 E console channel,console-ssl,line_10,full,,100.0,-12.0,1.27413191400663,-37.89571212196941,0.691,-145.41248200381324,False,0,-64.96536747366306,-38.44266634572734,-95.70183069671786,-47.839720461647545,-94.5837082516443,-56.115288314743985,-100.44376042304316
ssl_ev2,Waves,SSL 4000 E console channel,console-ssl,line_10,full,,100.0,-15.0,1.2683646577028076,-37.93511735715776,0.549,-148.40811782502817,False,0,-68.39271994872348,-38.2438809493328,-89.04984467186502,-49.98449753145671,-96.2974430756318,-60.663530023273545,-106.68850562167799
ssl_ev2,Waves,SSL 4000 E console channel,console-ssl,line_10,full,,100.0,-18.0,1.1111151904979744,-39.08481829905136,0.4,-151.37491890340152,False,0,-73.19295410404558,-39.23158850382248,-89.29222312202307,-54.09708607473196,-102.72274245436977,-67.95024780761915,-119.50189990340257
ssl_ev2,Waves,SSL 4000 E console channel,console-ssl,line_10,full,,100.0,-21.0,0.8431800773516493,-41.481593270298056,0.264,-154.3357046816985,False,0,-79.56252475509937,-41.5400601243444,-93.31581704172528,-60.343612544309444,-114.1258588043233,-78.16830195822345,-134.9526193849784
ssl_ev2,Waves,SSL 4000 E console channel,console-ssl,line_10,full,,100.0,-24.0,0.5578036865204656,-45.07037239622888,0.159,-157.32273572893564,False,0,-87.22563506256765,-45.09027619086726,-99.8281970925552,-68.5545660547795,-131.270478623019,-91.05933132986289,-137.36882703117206
ssl_ev2,Waves,SSL 4000 E console channel,console-ssl,line_10,full,,100.0,-27.0,0.3308174193712912,-49.608232610101226,0.089,-160.31563666498414,False,0,-95.65826215792237,-49.61425206475322,-107.69169105253613,-78.28455850162624,-140.18596530625598,-105.90607986568611,-136.5508016905213
ssl_ev2,Waves,SSL 4000 E console channel,console-ssl,line_10,full,,100.0,-3.0,12.521425195151041,-18.04692473375213,-0.68,-130.5333675369951,False,0,-60.01737133738981,-18.402871024621195,-64.87820941739065,-30.207639480356004,-71.62807976963786,-35.54380986311676,-73.02339142368987
ssl_ev2,Waves,SSL 4000 E console channel,console-ssl,line_10,full,,100.0,-30.0,0.18223833160008138,-54.78720538463609,0.048,-163.32311850516908,False,0,-104.47789207698948,-54.78889883473939,-115.95361505734779,-89.01071688967251,-136.47409311440305,-121.7408107621714,-136.06456680003677
ssl_ev2,Waves,SSL 4000 E console channel,console-ssl,line_10,full,,100.0,-36.0,0.049418056953570856,-66.12228668856613,0.013,-169.32842312629236,False,0,-122.74221487989084,-66.12241271740552,-129.73512390012903,-111.96051957335506,-135.82467291788123,-135.14977712596803,-136.05825776226052
ssl_ev2,Waves,SSL 4000 E console channel,console-ssl,line_10,full,,100.0,-42.0,0.012657762290077604,-77.95286129074715,0.003,-175.33331260586698,False,0,-136.85791634241622,-77.95291153319039,-135.1407085092679,-132.45699857871747,-135.81113237246677,-135.86317906143907,-135.99124672617796
ssl_ev2,Waves,SSL 4000 E console channel,console-ssl,line_10,full,,100.0,-48.0,0.0031879667936333647,-89.92972421864837,0.001,-181.33381304017465,False,0,-135.9676806039168,-89.93035636705527,-136.0770837653549,-135.8926164428625,-136.07935837577548,-136.3466239781059,-136.13783855706976
ssl_ev2,Waves,SSL 4000 E console channel,console-ssl,line_10,full,,100.0,-54.0,0.0007940220179322979,-102.0033490916616,0.0,-187.3358988963547,False,0,-136.0258870071204,-102.01348010229574,-136.04516337806507,-135.98791609741892,-136.11637190996595,-136.25601470427742,-136.24359928140657
ssl_ev2,Waves,SSL 4000 E console channel,console-ssl,line_10,full,,100.0,-6.0,0.9719203567864076,-40.24738643039042,0.907,-122.46838213289193,False,0,-60.65444607895813,-41.38130418984872,-85.25967476536559,-47.933742970118246,-109.29601991777272,-53.232104745496684,-102.50743043066424
ssl_ev2,Waves,SSL 4000 E console channel,console-ssl,line_10,full,,100.0,-60.0,0.00019597983047314453,-114.15577244684486,0.0,-193.33681249421065,False,0,-135.91795274274511,-114.3252541315583,-136.0401593180759,-136.05854633351842,-136.10884406180486,-136.2445113182647,-136.29114583638267
ssl_ev2,Waves,SSL 4000 E console channel,console-ssl,line_10,full,,100.0,-9.0,1.1559822210933193,-38.74097690551467,0.812,-142.3979219008204,False,0,-62.50021433860028,-39.57553918146465,-95.36358595287274,-47.292646001672765,-98.09661726937641,-53.822606190946715,-99.3119668188146
ssl_ev2,Waves,SSL 4000 E console channel,console-ssl,line_10,full,,100.0,0.0,22.605027105238,-12.915899357510142,-3.206,-116.8502290218326,False,0,-59.01984282121944,-13.088103075707686,-62.12776011955662,-27.881700018723073,-67.26348922175133,-34.48911985633123,-71.23129522319728
ssl_ev2,Waves,SSL 4000 E console channel,console-ssl,line_10,full,,100.0,3.0,29.94076367674016,-10.474742532521677,-5.995,-115.88693273844672,False,0,-57.51636060395482,-11.1526429884793,-59.490789516909146,-19.250428570628117,-63.07316405447061,-29.713987316524243,-68.03943854139958
ssl_ev2,Waves,SSL 4000 E console channel,console-ssl,line_10,full,,1000.0,-12.0,1.058519447159733,-39.50602317392913,0.068,-145.18619897596827,False,0,-39.82411975676927,-52.08786097836288,-58.23771861385143,-72.13168420941697,-68.42737996225632,-91.16021169471466,-76.1738087193066
ssl_ev2,Waves,SSL 4000 E console channel,console-ssl,line_10,full,,1000.0,-15.0,0.925575569124024,-40.67176234505554,0.04,-148.26417175091387,False,0,-40.855943435984955,-56.00870391349708,-60.16845980305189,-80.89588223960678,-71.43285956494641,-104.62169692356154,-80.79936210379998
ssl_ev2,Waves,SSL 4000 E console channel,console-ssl,line_10,full,,1000.0,-18.0,0.7971195431558082,-41.969530860916926,0.022,-151.32511473162415,False,0,-42.065078179114536,-60.78854928679707,-62.80511032020129,-91.03202682735298,-76.3762925432695,-119.18788163036055,-91.6941626148051
ssl_ev2,Waves,SSL 4000 E console channel,console-ssl,line_10,full,,1000.0,-21.0,0.6701411624220628,-43.47667410707098,0.011,-154.35771732377293,False,0,-43.52079895481212,-66.1182085091517,-66.83693789906899,-102.11080103112879,-89.01543127224909,-130.96224514281124,-89.78849791043481
ssl_ev2,Waves,SSL 4000 E console channel,console-ssl,line_10,full,,1000.0,-24.0,0.5416739550977744,-45.32524091532801,0.006,-157.36937411398696,False,0,-45.3414870652469,-71.76454347269909,-74.68910073839709,-114.03240844246533,-83.76175048267407,-134.7353127745689,-83.21994157688536
ssl_ev2,Waves,SSL 4000 E console channel,console-ssl,line_10,full,,1000.0,-27.0,0.4112441875082887,-47.718004545625554,0.003,-160.37208837378503,False,0,-47.7283293875863,-77.58290421514566,-84.8964124909092,-127.74151329607405,-78.32644315626646,-135.38432927181756,-83.2127155036354
ssl_ev2,Waves,SSL 4000 E console channel,console-ssl,line_10,full,,1000.0,-3.0,9.57062751451203,-20.381191720627445,-0.874,-125.93416852136635,False,0,-48.573382875447805,-21.004101533584194,-42.03434350677361,-29.51698919268223,-47.747680259311345,-54.686600091392506,-50.18372486558329
ssl_ev2,Waves,SSL 4000 E console channel,console-ssl,line_10,full,,1000.0,-30.0,0.283038151945794,-50.963100401686205,0.001,-163.36389943571578,False,0,-50.99765259042472,-83.48868284754481,-73.49424629988854,-147.38386379850905,-78.94465356760259,-135.91787668862236,-88.16504436069954
ssl_ev2,Waves,SSL 4000 E console channel,console-ssl,line_10,full,,1000.0,-36.0,0.08424353696979119,-61.48926815121489,0.0,-169.34349843686618,False,0,-61.65327042785725,-95.4074486448974,-75.9145225492677,-136.3468427352222,-94.04937366572153,-135.12747977730322,-120.92648129389958
ssl_ev2,Waves,SSL 4000 E console channel,console-ssl,line_10,full,,1000.0,-42.0,0.01374643832924614,-77.23619623932954,-0.0,-175.34100350157007,False,0,-77.48300553712295,-107.3494238358929,-89.89369768441068,-135.8627630088776,-121.91655259018822,-135.2018551208897,-132.87869699722285
ssl_ev2,Waves,SSL 4000 E console channel,console-ssl,line_10,full,,1000.0,-48.0,0.0017976587966878777,-94.90585471454332,-0.0,-181.33970727139842,False,0,-95.17137592685651,-119.1251493592112,-107.4929611057293,-135.50275639769927,-134.704711092238,-135.48974145231637,-133.92869870439583
ssl_ev2,Waves,SSL 4000 E console channel,console-ssl,line_10,full,,1000.0,-54.0,0.00021323247188095434,-113.42293317068795,-0.0,-187.34108893451753,False,0,-113.78126412031746,-129.62728034586888,-128.7342180110857,-135.96460613916838,-135.35996373193655,-135.51266576515155,-134.58927004858657
ssl_ev2,Waves,SSL 4000 E console channel,console-ssl,line_10,full,,1000.0,-6.0,1.3205807821226663,-37.58470054257486,0.151,-131.62558058021537,False,0,-38.12938840507714,-47.87112850062744,-55.46831217941218,-60.40706134785176,-64.67575329136922,-71.88358707644731,-71.25781696217662
ssl_ev2,Waves,SSL 4000 E console channel,console-ssl,line_10,full,,1000.0,-60.0,4.5585038079745464e-05,-126.82355356147248,-0.0,-193.34107196028287,False,0,-137.41569918555243,-135.05444118516525,-137.37967165322686,-136.00364891613214,-132.60476616604825,-135.39887940870744,-135.04210713466063
ssl_ev2,Waves,SSL 4000 E console channel,console-ssl,line_10,full,,1000.0,-9.0,1.1935713848368903,-38.46303203396308,0.106,-142.1075483567424,False,0,-38.92583698969243,-49.32518733318921,-56.72104310724211,-65.21176533566822,-66.30602545018536,-80.08346916633843,-73.30763642044074
ssl_ev2,Waves,SSL 4000 E console channel,console-ssl,line_10,full,,1000.0,0.0,20.662773802216087,-13.69622757100764,-3.281,-117.58652835917395,False,0,-46.14213273038571,-13.819476817952342,-63.08482020679903,-32.75462976311364,-46.942621750914704,-32.20479368416035,-47.59813016395366
ssl_ev2,Waves,SSL 4000 E console channel,console-ssl,line_10,full,,1000.0,3.0,28.50103672132032,-10.902786846033418,-6.029,-114.79014955530909,False,0,-47.95302451195817,-11.450990632844807,-54.099927208957794,-20.363962704682827,-63.87488115160479,-33.86766780216352,-52.17889612525199
ssl_ev2,Waves,SSL 4000 E console channel,console-ssl,line_20,curve,,1000.0,-12.0,13.727218693164755,-17.248348947284192,-1.613,-137.01088702552983,False,0,-46.546358549442175,-17.482481224261996,-46.20897615718198,-32.57076307667099,-44.40782292914121,-34.51741850029689,-83.54483674734931
ssl_ev2,Waves,SSL 4000 E console channel,console-ssl,line_20,curve,,1000.0,-15.0,1.2911733883028798,-37.7803086709084,0.132,-129.1722881804601,False,0,-40.99245922116924,-45.52587566166523,-45.442645022801614,-51.62607815180826,-52.09731387144107,-50.1098874176331,-51.09562895714366
ssl_ev2,Waves,SSL 4000 E console channel,console-ssl,line_20,curve,,1000.0,-18.0,1.2373920865195045,-38.14985331492067,0.121,-151.0908315919323,False,0,-38.6503527938179,-48.69410362676714,-56.27961945365121,-63.3707645824374,-65.71928450135371,-77.02251306128596,-72.55778587521407
ssl_ev2,Waves,SSL 4000 E console channel,console-ssl,line_20,curve,,1000.0,-21.0,1.1036849313309611,-39.143097737087636,0.08,-154.15579067196933,False,0,-39.5115937533535,-51.026556468847126,-57.69531869343012,-69.60042569181017,-67.64822636112167,-87.16763837816461,-75.08975431230041
ssl_ev2,Waves,SSL 4000 E console channel,console-ssl,line_20,curve,,1000.0,-24.0,0.9693338568213234,-40.27053235984408,0.048,-157.24383717060797,False,0,-40.494815817203445,-54.5900758728098,-59.46539287857088,-77.79636061169644,-70.29119016553669,-99.93760387190278,-78.94683861045918
ssl_ev2,Waves,SSL 4000 E console channel,console-ssl,line_20,curve,,1000.0,-27.0,0.8395888007802964,-41.5186672615297,0.027,-160.30931073278634,False,0,-41.63878656109808,-59.12001484326447,-61.818801402770845,-87.53217864830047,-74.37967527549469,-114.34895668336085,-86.46097130577533
ssl_ev2,Waves,SSL 4000 E console channel,console-ssl,line_20,curve,,1000.0,-3.0,35.37361712207982,-9.026410584399873,-9.89,-122.60969268603637,False,0,-51.406389552629584,-10.25724592899942,-53.2388745658067,-16.200650912875243,-56.97146531087948,-21.623174521147543,-64.44256547667507
ssl_ev2,Waves,SSL 4000 E console channel,console-ssl,line_20,curve,,1000.0,-30.0,0.7125228924788914,-42.94402355501937,0.014,-163.34967761095476,False,0,-43.002191499936814,-64.29692737201077,-65.2594333602751,-98.3228719367533,-82.67435328329469,-128.07232954238867,-96.78055285541407
ssl_ev2,Waves,SSL 4000 E console channel,console-ssl,line_20,curve,,1000.0,-36.0,0.454811063692103,-46.84337958496365,0.004,-169.36687426126065,False,0,-46.85282766813687,-75.62958771087777,-95.35990896481246,-123.0190245599656,-79.23831863474692,-134.83267070103858,-82.68565657955428
ssl_ev2,Waves,SSL 4000 E console channel,console-ssl,line_20,curve,,1000.0,-42.0,0.20424931406474175,-53.79678786588869,0.001,-175.3581115509897,False,0,-53.866819416388594,-87.4524654797083,-72.35317185410568,-139.12095837626427,-81.91274153763162,-135.17754173902043,-94.8333309958264
ssl_ev2,Waves,SSL 4000 E console channel,console-ssl,line_20,curve,,1000.0,-48.0,0.048335371912607804,-66.3146987082898,0.0,-181.34154230575035,False,0,-66.51799862475617,-99.39639465460002,-79.78100899834172,-136.28936868799812,-102.80492165926005,-135.66453390679774,-135.56736293837207
ssl_ev2,Waves,SSL 4000 E console channel,console-ssl,line_20,curve,,1000.0,-54.0,0.007049396521316107,-83.03696120252754,-0.0,-187.3402758516292,False,0,-83.29372765018184,-111.32117256809168,-95.56362045892593,-137.08363661284832,-130.28151166944244,-136.30218950308057,-134.67931125170404
ssl_ev2,Waves,SSL 4000 E console channel,console-ssl,line_20,curve,,1000.0,-6.0,30.599127825863743,-10.28581904279508,-6.98,-124.40246493145507,False,0,-48.768556099190896,-11.025566780242368,-53.150871894613246,-18.800017853151417,-66.93900855919074,-28.353525598489256,-56.46199438884034
ssl_ev2,Waves,SSL 4000 E console channel,console-ssl,line_20,curve,,1000.0,-60.0,0.0008961488051980846,-100.95239739803858,-0.0,-193.3395163476172,False,0,-101.22250815252823,-122.89692345353265,-113.74719048181305,-135.53455387806554,-136.2317265716266,-135.2443238366065,-135.51985686676863
ssl_ev2,Waves,SSL 4000 E console channel,console-ssl,line_20,curve,,1000.0,-9.0,23.545326225076067,-12.561905758900519,-4.174,-125.8200320290457,False,0,-46.57677391737474,-12.775563509628885,-62.079078098046395,-26.149858336770997,-50.4322430654024,-37.314442313065776,-47.589641327954226
ssl_ev2,Waves,SSL 4000 E console channel,console-ssl,line_20,curve,,1000.0,0.0,38.2097110048058,-8.356524940810612,-12.845,-121.13062997284176,False,0,-54.15385264150602,-9.894359901156117,-54.96829702702158,-15.052608179498222,-56.492379015363056,-19.106844014618716,-58.822240067319896
ssl_ev2,Waves,SSL 4000 E console channel,console-ssl,line_20,curve,,1000.0,3.0,39.76095944081569,-8.010862890512275,-15.824,-119.11940145458034,False,0,-56.880173680076595,-9.717378752301487,-57.220250256584194,-14.508074739110942,-57.90895357843471,-17.973189966231566,-58.822109780676456
ssl_native,SSL,SSL 9000/4000 channel strip,console-ssl,default,full,,100.0,-12.0,1.5968477843449403e-07,-175.9347295992049,0.0,-200.0,False,0,-200.0,-179.14102972941095,-200.0,-180.32699416868465,-200.0,-183.9388669105565,-200.0
ssl_native,SSL,SSL 9000/4000 channel strip,console-ssl,default,full,,100.0,-15.0,1.2452023102018834e-07,-178.09520164499764,0.0,-200.0,False,0,-200.0,-182.7370887854537,-200.0,-182.44422160915863,-200.0,-183.48282661124432,-200.0
ssl_native,SSL,SSL 9000/4000 channel strip,console-ssl,default,full,,100.0,-18.0,1.3925849881648007e-07,-177.12356581515377,0.0,-200.0,False,0,-200.0,-181.18328500269195,-200.0,-182.04853924884435,-200.0,-182.566113736879,-200.0
ssl_native,SSL,SSL 9000/4000 channel strip,console-ssl,default,full,,100.0,-21.0,1.9689998996252505e-07,-174.11508612002282,0.0,-200.0,False,0,-200.0,-179.6067334001272,-200.0,-178.1914369076586,-200.0,-178.97692355031046,-200.0
ssl_native,SSL,SSL 9000/4000 channel strip,console-ssl,default,full,,100.0,-24.0,3.887918103244731e-07,-168.20565783625014,0.0,-200.0,False,0,-200.0,-172.62592529289208,-200.0,-173.04871045681625,-200.0,-173.28157951631175,-200.0
ssl_native,SSL,SSL 9000/4000 channel strip,console-ssl,default,full,,100.0,-27.0,1.587175314382745e-07,-175.987501995919,0.0,-200.0,False,0,-200.0,-184.16437769778216,-200.0,-180.11170368415344,-200.0,-179.3509387802916,-200.0
ssl_native,SSL,SSL 9000/4000 channel strip,console-ssl,default,full,,100.0,-3.0,1.5134891407761243e-07,-176.40041381483434,0.0,-200.0,False,0,-200.0,-180.5130620770814,-200.0,-180.5075421612433,-200.0,-182.90415886677175,-200.0
ssl_native,SSL,SSL 9000/4000 channel strip,console-ssl,default,full,,100.0,-30.0,2.4579463611887283e-07,-172.1885519757279,0.0,-200.0,False,0,-200.0,-175.77807568273158,-200.0,-176.80828295594753,-200.0,-178.81865848805813,-200.0
ssl_native,SSL,SSL 9000/4000 channel strip,console-ssl,default,full,,100.0,-36.0,9.066039226352607e-08,-180.85164812391938,0.0,-200.0,False,0,-200.0,-185.97724557530506,-200.0,-184.99243743077102,-200.0,-185.97491715730337,-200.0
ssl_native,SSL,SSL 9000/4000 channel strip,console-ssl,default,full,,100.0,-42.0,4.662873214876959e-07,-166.62692786001972,0.0,-200.0,False,0,-200.0,-172.41081415030345,-200.0,-171.53628643893316,-200.0,-170.46639297827713,-200.0
ssl_native,SSL,SSL 9000/4000 channel strip,console-ssl,default,full,,100.0,-48.0,2.3086393726549512e-07,-172.73287803890938,0.0,-200.0,False,0,-200.0,-178.08213883907254,-200.0,-178.57703559776843,-200.0,-176.22163318922242,-200.0
ssl_native,SSL,SSL 9000/4000 channel strip,console-ssl,default,full,,100.0,-54.0,3.1350602684686185e-08,-190.0750821173239,0.0,-200.0,False,0,-200.0,-191.66281882672064,-200.0,-195.45947807310367,-200.0,-200.0,-200.0
ssl_native,SSL,SSL 9000/4000 channel strip,console-ssl,default,full,,100.0,-6.0,3.7589899402715633e-07,-168.49857673068465,0.0,-200.0,False,0,-200.0,-173.1960937983031,-200.0,-174.0835437845086,-200.0,-172.64866260818349,-200.0
ssl_native,SSL,SSL 9000/4000 channel strip,console-ssl,default,full,,100.0,-60.0,4.63756603949995e-07,-166.67419785854082,0.0,-200.0,False,0,-200.0,-172.33020348219694,-200.0,-171.06824326548403,-200.0,-171.0568662265847,-200.0
ssl_native,SSL,SSL 9000/4000 channel strip,console-ssl,default,full,,100.0,-9.0,1.9115316878082215e-07,-174.37236996413435,0.0,-200.0,False,0,-200.0,-180.18681203265237,-200.0,-179.8228510078149,-200.0,-177.81353434479752,-200.0
ssl_native,SSL,SSL 9000/4000 channel strip,console-ssl,default,full,,100.0,0.0,5.858067261217262e-08,-184.6449129227784,0.0,-200.0,True,0,-200.0,-187.8254249785241,-200.0,-187.86851651770772,-200.0,-198.291934320652,-200.0
ssl_native,SSL,SSL 9000/4000 channel strip,console-ssl,default,full,,100.0,3.0,2.322582686617075e-07,-172.68057631351274,0.0,-200.0,True,0,-200.0,-178.1416308668459,-200.0,-178.35450219842355,-200.0,-176.19845335951612,-200.0
ssl_native,SSL,SSL 9000/4000 channel strip,console-ssl,default,full,,1000.0,-12.0,1.5969178006179584e-07,-175.93434876122276,0.0,-200.0,False,0,-200.0,-179.1400761548309,-200.0,-180.32875830254397,-200.0,-183.93529060715423,-200.0
ssl_native,SSL,SSL 9000/4000 channel strip,console-ssl,default,full,,1000.0,-15.0,1.247513253038486e-07,-178.07909663848568,0.0,-200.0,False,0,-200.0,-182.74095152950835,-200.0,-182.4224638316233,-200.0,-183.4505348830663,-200.0
ssl_native,SSL,SSL 9000/4000 channel strip,console-ssl,default,full,,1000.0,-18.0,1.3927760677890427e-07,-177.12237408704564,0.0,-200.0,False,0,-200.0,-181.1803034699828,-200.0,-182.0532125703903,-200.0,-182.56078829065714,-200.0
ssl_native,SSL,SSL 9000/4000 channel strip,console-ssl,default,full,,1000.0,-21.0,1.9689998133578793e-07,-174.11508650057584,0.0,-200.0,False,0,-200.0,-179.6067342738576,-200.0,-178.19143567000202,-200.0,-178.97692544464815,-200.0
ssl_native,SSL,SSL 9000/4000 channel strip,console-ssl,default,full,,1000.0,-24.0,3.8879182026555035e-07,-168.2056576141593,0.0,-200.0,False,0,-200.0,-172.62592490262216,-200.0,-173.04871114012795,-200.0,-173.28157853448266,-200.0
ssl_native,SSL,SSL 9000/4000 channel strip,console-ssl,default,full,,1000.0,-27.0,1.58706750610487e-07,-175.988092001698,0.0,-200.0,False,0,-200.0,-184.1663661791138,-200.0,-180.1097541395339,-200.0,-179.35320118034002,-200.0
ssl_native,SSL,SSL 9000/4000 channel strip,console-ssl,default,full,,1000.0,-3.0,1.513488594145945e-07,-176.40041695193662,0.0,-200.0,False,0,-200.0,-180.51306941531465,-200.0,-180.50752992870048,-200.0,-182.90418140677335,-200.0
ssl_native,SSL,SSL 9000/4000 channel strip,console-ssl,default,full,,1000.0,-30.0,2.4577858388395846e-07,-172.18911924804985,0.0,-200.0,False,0,-200.0,-175.7796696390136,-200.0,-176.80573547390208,-200.0,-178.8221123538116,-200.0
ssl_native,SSL,SSL 9000/4000 channel strip,console-ssl,default,full,,1000.0,-36.0,9.066336514319959e-08,-180.85136330625264,0.0,-200.0,False,0,-200.0,-185.97660028031459,-200.0,-184.9933879113068,-200.0,-185.9734441343483,-200.0
ssl_native,SSL,SSL 9000/4000 channel strip,console-ssl,default,full,,1000.0,-42.0,4.6628691174426937e-07,-166.62693549262644,0.0,-200.0,False,0,-200.0,-172.41082810233348,-200.0,-171.53626543130582,-200.0,-170.4664189574223,-200.0
ssl_native,SSL,SSL 9000/4000 channel strip,console-ssl,default,full,,1000.0,-48.0,2.3088805650407859e-07,-172.73197063819424,0.0,-200.0,False,0,-200.0,-178.08032903867442,-200.0,-178.57986633418477,-200.0,-176.21914320591787,-200.0
ssl_native,SSL,SSL 9000/4000 channel strip,console-ssl,default,full,,1000.0,-54.0,3.135060322302836e-08,-190.07508196817267,0.0,-200.0,False,0,-200.0,-191.66281807163892,-200.0,-195.4594800591276,-200.0,-200.0,-200.0
ssl_native,SSL,SSL 9000/4000 channel strip,console-ssl,default,full,,1000.0,-6.0,3.758989942817789e-07,-168.49857672480107,0.0,-200.0,False,0,-200.0,-173.19609379137265,-200.0,-174.083543804319,-200.0,-172.64866258475874,-200.0
ssl_native,SSL,SSL 9000/4000 channel strip,console-ssl,default,full,,1000.0,-60.0,4.6363352326527155e-07,-166.67650339365275,0.0,-200.0,False,0,-200.0,-172.333512957585,-200.0,-171.0733569590934,-200.0,-171.05563156612595,-200.0
ssl_native,SSL,SSL 9000/4000 channel strip,console-ssl,default,full,,1000.0,-9.0,1.9116130870624223e-07,-174.37200009849735,0.0,-200.0,False,0,-200.0,-180.18618556775436,-200.0,-179.82383777095032,-200.0,-177.8124591120104,-200.0
ssl_native,SSL,SSL 9000/4000 channel strip,console-ssl,default,full,,1000.0,0.0,5.8575928671343965e-08,-184.64561634616314,0.0,-200.0,True,0,-200.0,-187.84243923114127,-200.0,-187.84939075867362,-200.0,-198.33161578021148,-200.0
ssl_native,SSL,SSL 9000/4000 channel strip,console-ssl,default,full,,1000.0,3.0,2.3224179455237985e-07,-172.6811924266499,0.0,-200.0,True,0,-200.0,-178.1327519684632,-200.0,-178.3563897180807,-200.0,-176.20438795993857,-200.0
ssl_native,SSL,SSL 9000/4000 channel strip,console-ssl,trim_+10,full,,100.0,-12.0,9.062516939307183e-08,-180.85502337307386,0.0,-200.0,False,0,-200.0,-195.0403578618907,-200.0,-189.5379021181123,-200.0,-181.6829977515473,-200.0
ssl_native,SSL,SSL 9000/4000 channel strip,console-ssl,trim_+10,full,,100.0,-15.0,3.6612429022071136e-08,-188.727429144911,0.0,-200.0,False,0,-200.0,-195.41905246308002,-200.0,-200.0,-200.0,-189.93768029733877,-200.0
ssl_native,SSL,SSL 9000/4000 channel strip,console-ssl,trim_+10,full,,100.0,-18.0,1.854205013974494e-07,-174.63684497755852,0.0,-200.0,False,0,-200.0,-180.0098542193265,-200.0,-179.41954734927305,-200.0,-178.86944443964757,-200.0
ssl_native,SSL,SSL 9000/4000 channel strip,console-ssl,trim_+10,full,,100.0,-21.0,6.191975770760798e-08,-184.16341503437624,0.0,-200.0,False,0,-200.0,-184.79952146995632,-200.0,-192.91706324600307,-200.0,-200.0,-200.0
ssl_native,SSL,SSL 9000/4000 channel strip,console-ssl,trim_+10,full,,100.0,-24.0,1.7847181652079273e-07,-174.9686071199867,0.0,-200.0,False,0,-200.0,-181.5129147449866,-200.0,-179.17433505549417,-200.0,-178.96201437037232,-200.0
ssl_native,SSL,SSL 9000/4000 channel strip,console-ssl,trim_+10,full,,100.0,-27.0,1.1433740472703434e-07,-178.83623339575306,0.0,-200.0,False,0,-200.0,-179.48815933024446,-200.0,-200.0,-200.0,-187.40630356134798,-200.0
ssl_native,SSL,SSL 9000/4000 channel strip,console-ssl,trim_+10,full,,100.0,-3.0,9.432437206526897e-08,-180.5075215459152,0.0,-200.0,False,0,-200.0,-189.15075066258194,-200.0,-187.35154635140813,-200.0,-182.3351319018627,-200.0
ssl_native,SSL,SSL 9000/4000 channel strip,console-ssl,trim_+10,full,,100.0,-30.0,4.295818906152276e-08,-187.3390806994125,0.0,-200.0,False,0,-200.0,-200.0,-200.0,-200.0,-200.0,-187.4898140817712,-200.0
ssl_native,SSL,SSL 9000/4000 channel strip,console-ssl,trim_+10,full,,100.0,-36.0,1.1081302772192472e-07,-179.1081835764212,0.0,-200.0,False,0,-200.0,-185.22819831875026,-200.0,-181.19009729041238,-200.0,-187.75718812526964,-200.0
ssl_native,SSL,SSL 9000/4000 channel strip,console-ssl,trim_+10,full,,100.0,-42.0,1.7083490000548747e-07,-175.34846804396014,0.0,-200.0,False,0,-200.0,-181.8960507149729,-200.0,-180.40250928015237,-200.0,-178.6622783920185,-200.0
ssl_native,SSL,SSL 9000/4000 channel strip,console-ssl,trim_+10,full,,100.0,-48.0,5.542371973776035e-08,-185.1260866019773,0.0,-200.0,False,0,-200.0,-198.38132139339578,-200.0,-185.35103813215886,-200.0,-200.0,-200.0
ssl_native,SSL,SSL 9000/4000 channel strip,console-ssl,trim_+10,full,,100.0,-54.0,8.612311052333479e-08,-181.2976058615217,0.0,-200.0,False,0,-200.0,-187.05139332809284,-200.0,-187.12218161701315,-200.0,-184.55251392999645,-200.0
ssl_native,SSL,SSL 9000/4000 channel strip,console-ssl,trim_+10,full,,100.0,-6.0,1.5580464893321424e-07,-176.1483917579264,0.0,-200.0,False,0,-200.0,-179.9708545923508,-200.0,-183.29874715564284,-200.0,-180.20950292325594,-200.0
ssl_native,SSL,SSL 9000/4000 channel strip,console-ssl,trim_+10,full,,100.0,-60.0,1.096686171520494e-07,-179.19835265317386,0.0,-200.0,False,0,-200.0,-187.24697266584852,-200.0,-181.29083460055705,-200.0,-185.66473474459247,-200.0
ssl_native,SSL,SSL 9000/4000 channel strip,console-ssl,trim_+10,full,,100.0,-9.0,7.035692839356364e-08,-183.05386258009725,0.0,-200.0,False,0,-200.0,-183.9585945491475,-200.0,-190.31986750187582,-200.0,-200.0,-200.0
ssl_native,SSL,SSL 9000/4000 channel strip,console-ssl,trim_+10,full,,100.0,0.0,4.805108705612782e-08,-186.3659356574581,0.0,-200.0,True,0,-200.0,-200.0,-200.0,-193.9515683665624,-200.0,-187.20261908599582,-200.0
ssl_native,SSL,SSL 9000/4000 channel strip,console-ssl,trim_+10,full,,100.0,3.0,1.0563879081914923e-07,-179.5235315706534,0.0,-200.0,True,0,-200.0,-181.91093364533452,-200.0,-184.8076032898004,-200.0,-188.4963443070393,-200.0
ssl_native,SSL,SSL 9000/4000 channel strip,console-ssl,trim_+10,full,,1000.0,-12.0,9.058253689871147e-08,-180.85911040839284,0.0,-200.0,False,0,-200.0,-195.05357342872952,-200.0,-189.5264349739257,-200.0,-181.68921787454707,-200.0
ssl_native,SSL,SSL 9000/4000 channel strip,console-ssl,trim_+10,full,,1000.0,-15.0,3.629699495299269e-08,-188.8025865788125,0.0,-200.0,False,0,-200.0,-195.3815549082562,-200.0,-200.0,-200.0,-190.07472830261355,-200.0
ssl_native,SSL,SSL 9000/4000 channel strip,console-ssl,trim_+10,full,,1000.0,-18.0,1.8544021099500504e-07,-174.63592174474567,0.0,-200.0,False,0,-200.0,-180.00724950021507,-200.0,-179.4230000105173,-200.0,-178.8659645267993,-200.0
ssl_native,SSL,SSL 9000/4000 channel strip,console-ssl,trim_+10,full,,1000.0,-21.0,6.191975979914734e-08,-184.16341474098235,0.0,-200.0,False,0,-200.0,-184.7995198718885,-200.0,-192.91707001703574,-200.0,-200.0,-200.0
ssl_native,SSL,SSL 9000/4000 channel strip,console-ssl,trim_+10,full,,1000.0,-24.0,1.7847191089748115e-07,-174.96860252685096,0.0,-200.0,False,0,-200.0,-181.51290411866978,-200.0,-179.1743485887164,-200.0,-178.96199590098252,-200.0
ssl_native,SSL,SSL 9000/4000 channel strip,console-ssl,trim_+10,full,,1000.0,-27.0,1.143837611564552e-07,-178.8327125424562,0.0,-200.0,False,0,-200.0,-179.48584132768622,-200.0,-200.0,-200.0,-187.39490221491104,-200.0
ssl_native,SSL,SSL 9000/4000 channel strip,console-ssl,trim_+10,full,,1000.0,-3.0,9.432449200163051e-08,-180.50751050154443,0.0,-200.0,False,0,-200.0,-189.150730752056,-200.0,-187.3515732010847,-200.0,-182.33511076536576,-200.0
ssl_native,SSL,SSL 9000/4000 channel strip,console-ssl,trim_+10,full,,1000.0,-30.0,4.303242094745382e-08,-187.32408440786583,0.0,-200.0,False,0,-200.0,-200.0,-200.0,-200.0,-200.0,-187.47143330069164,-200.0
ssl_native,SSL,SSL 9000/4000 channel strip,console-ssl,trim_+10,full,,1000.0,-36.0,1.1081317613269587e-07,-179.10817194350457,0.0,-200.0,False,0,-200.0,-185.22760640876382,-200.0,-181.19071093858201,-200.0,-187.7553794332805,-200.0
ssl_native,SSL,SSL 9000/4000 channel strip,console-ssl,trim_+10,full,,1000.0,-42.0,1.7083446482536364e-07,-175.3484901701846,0.0,-200.0,False,0,-200.0,-181.89609229863723,-200.0,-180.40245097605458,-200.0,-178.66234514456553,-200.0
ssl_native,SSL,SSL 9000/4000 channel strip,console-ssl,trim_+10,full,,1000.0,-48.0,5.545308178753647e-08,-185.1214862613045,0.0,-200.0,False,0,-200.0,-198.4000324825427,-200.0,-185.34486573640214,-200.0,-200.0,-200.0
ssl_native,SSL,SSL 9000/4000 channel strip,console-ssl,trim_+10,full,,1000.0,-54.0,8.612311158835175e-08,-181.2976057541101,0.0,-200.0,False,0,-200.0,-187.05139316541306,-200.0,-187.12218188407212,-200.0,-184.55251364703972,-200.0
ssl_native,SSL,SSL 9000/4000 channel strip,console-ssl,trim_+10,full,,1000.0,-6.0,1.5580464962266023e-07,-176.14839171949075,0.0,-200.0,False,0,-200.0,-179.97085454944997,-200.0,-183.29874726638332,-200.0,-180.20950281629666,-200.0
ssl_native,SSL,SSL 9000/4000 channel strip,console-ssl,trim_+10,full,,1000.0,-60.0,1.0952256664894554e-07,-179.2099277422562,0.0,-200.0,False,0,-200.0,-187.26537801474674,-200.0,-181.30743444337637,-200.0,-185.65806130423442,-200.0
ssl_native,SSL,SSL 9000/4000 channel strip,console-ssl,trim_+10,full,,1000.0,-9.0,7.035380367615781e-08,-183.05424834954272,0.0,-200.0,False,0,-200.0,-183.96048828521077,-200.0,-190.313356563779,-200.0,-200.0,-200.0
ssl_native,SSL,SSL 9000/4000 channel strip,console-ssl,trim_+10,full,,1000.0,0.0,4.806271738973824e-08,-186.36383357034856,0.0,-200.0,True,0,-200.0,-200.0,-200.0,-193.99021884855813,-200.0,-187.1915279155435,-200.0
ssl_native,SSL,SSL 9000/4000 channel strip,console-ssl,trim_+10,full,,1000.0,3.0,1.0559529046659292e-07,-179.52710901672233,0.0,-200.0,True,0,-200.0,-181.92462297206316,-200.0,-184.8036782842628,-200.0,-188.4717626401412,-200.0
