slug,maker,models,group,setting,depth,matched,hz,level_dbfs,thd_pct,valid_orders,h2,h3,h4,h5,h6,h7,h8
api_vision,UAD,API 1608 console channel,console-api,line_gain_0,full,,100.0,-12.0,0.019533656056369846,239,-100.82537292380961,-76.33070185242039,-119.04120500832376,-80.1495580969968,-117.78637382018331,-82.89714777312946,-128.45525694855291
api_vision,UAD,API 1608 console channel,console-api,line_gain_0,full,,100.0,-3.0,0.0047494935014464655,239,-95.43200148452149,-92.52391022073907,-111.68575314907517,-90.93498069543286,-114.40314208408047,-92.26687699724066,-128.0591725551599
api_vision,UAD,API 1608 console channel,console-api,line_gain_0,full,,1000.0,-12.0,0.020753863375636842,24,-103.86545149541155,-75.50746771566727,-117.95629552199303,-80.06738540326049,-130.32810449383302,-82.96937766807491,-121.27473016110974
api_vision,UAD,API 1608 console channel,console-api,line_gain_0,full,,1000.0,-3.0,0.007439512200128923,24,-101.7297474222729,-84.48494350610163,-118.04380219184765,-89.0895355434161,-130.23230121006685,-91.73030371110403,-121.25647522349196
api_vision,UAD,API 1608 console channel,console-api,line_gain_0,full,,10000.0,-12.0,0.005463129695500705,2,-85.25116978296596,,,,,,
api_vision,UAD,API 1608 console channel,console-api,line_gain_0,full,,10000.0,-3.0,0.010190034704120625,2,-79.83648673835543,,,,,,
api_vision,UAD,API 1608 console channel,console-api,line_gain_0,full,,125.0,-12.0,0.02006257679527826,191,-102.74834158192633,-75.98649712153636,-113.60968168447242,-80.07230100165104,-130.10595134037004,-82.87308988741728,-121.78456121915458
api_vision,UAD,API 1608 console channel,console-api,line_gain_0,full,,125.0,-3.0,0.005335532146290057,191,-97.17240772970322,-89.86211193985453,-109.62210769282157,-90.11336839977743,-125.31594976274772,-91.96210146763354,-120.72549364579598
api_vision,UAD,API 1608 console channel,console-api,line_gain_0,full,,1250.0,-12.0,0.02074976246276073,19,-104.1333727063727,-75.50786194843671,-120.36692404510576,-80.06597786495392,-119.19808996390589,-82.98248281153226,-124.89518783816722
api_vision,UAD,API 1608 console channel,console-api,line_gain_0,full,,1250.0,-3.0,0.007448790119228586,19,-101.78196679673312,-84.46633449836696,-120.40310123694324,-89.07619201234225,-119.20768718186653,-91.75946999083027,-124.85687374991355
api_vision,UAD,API 1608 console channel,console-api,line_gain_0,full,,160.0,-12.0,0.02037699112416606,150,-102.76154662181901,-75.79250469304499,-117.65773923986684,-79.98124467616951,-126.94530831890992,-82.94488919399481,-133.71414163371293
api_vision,UAD,API 1608 console channel,console-api,line_gain_0,full,,160.0,-3.0,0.006037141183101521,150,-97.85708151753518,-87.65717295316861,-113.25616667936104,-89.45454706902417,-124.12314886475457,-92.0283056810625,-133.09106562312544
api_vision,UAD,API 1608 console channel,console-api,line_gain_0,full,,1600.0,-12.0,0.02075047978409844,14,-102.36689431062395,-75.50893473278039,-115.35540200617903,-80.05968776046015,-131.1647652564152,-83.00404214850258,-121.89484026429483
api_vision,UAD,API 1608 console channel,console-api,line_gain_0,full,,1600.0,-3.0,0.007475916547301391,14,-100.01900510476771,-84.45607423520543,-115.37271256852561,-89.05470272166343,-131.0985158064905,-91.8152994108622,-121.87733795818124
api_vision,UAD,API 1608 console channel,console-api,line_gain_0,full,,200.0,-12.0,0.02060646190797951,120,-102.56679377622916,-75.63617050007876,-124.04343249051551,-80.02478037477906,-120.51300744101503,-82.882962343977,-126.19887748439767
api_vision,UAD,API 1608 console channel,console-api,line_gain_0,full,,200.0,-3.0,0.006592656291997627,120,-98.3080826915748,-86.24036632295761,-119.44708379473431,-89.37985999212762,-119.92865499435774,-91.76405799704779,-126.79258068182321
api_vision,UAD,API 1608 console channel,console-api,line_gain_0,full,,2000.0,-12.0,0.020748165594036135,11,-101.51679600309619,-75.51029431259445,-120.96312166028389,-80.04936622776717,-118.21619611896571,-83.03585515047162,-119.72300981975755
api_vision,UAD,API 1608 console channel,console-api,line_gain_0,full,,2000.0,-3.0,0.007494674280506037,11,-98.86616514376217,-84.45354314693576,-121.04634790618157,-89.02385415982907,-118.20481394893318,-91.90109251959599,-119.70513890400993
api_vision,UAD,API 1608 console channel,console-api,line_gain_0,full,,250.0,-12.0,0.020698190146851307,96,-103.12286394196548,-75.57086154853583,-124.90859100146739,-80.03020139351706,-120.79679293668825,-82.89633483154034,-125.4101272883088
api_vision,UAD,API 1608 console channel,console-api,line_gain_0,full,,250.0,-3.0,0.006916447821913449,96,-99.30382061664562,-85.51812990340068,-122.43524141754725,-89.26620383678745,-120.27293637811952,-91.7144140967234,-125.72036428819726
api_vision,UAD,API 1608 console channel,console-api,line_gain_0,full,,2500.0,-12.0,0.020748786265515427,9,-99.69196377242088,-75.51243722613884,-113.01686514764,-80.03155695119685,-123.52022150112084,-83.09235687418563,-119.29233143725978
api_vision,UAD,API 1608 console channel,console-api,line_gain_0,full,,2500.0,-3.0,0.007541400229125628,9,-96.82564994297402,-84.45648514495733,-113.01473634732913,-88.97285481210042,-123.48810560686047,-92.06025165852583,-119.27066520809461
api_vision,UAD,API 1608 console channel,console-api,line_gain_0,full,,31.5,-12.0,0.012555306476404293,762,-95.67944217731507,-82.39577284489476,-107.98481499345061,-82.5260759542629,-114.72568009289853,-83.84817626787955,-118.51032388597842
api_vision,UAD,API 1608 console channel,console-api,line_gain_0,full,,31.5,-3.0,0.039364064492245464,762,-88.15817015094467,-68.27080374615983,-100.82321619779906,-84.12619654410386,-107.63624871919036,-92.66382523384453,-111.16024054712426
api_vision,UAD,API 1608 console channel,console-api,line_gain_0,full,,315.0,-12.0,0.020699138705514836,76,-104.43794688065715,-75.56717560271817,-120.64043523958989,-79.98814132659429,-128.48549145127868,-82.98448384055577,-133.8244732621461
api_vision,UAD,API 1608 console channel,console-api,line_gain_0,full,,315.0,-3.0,0.007079426549308276,76,-100.83604919499022,-85.17602468853723,-119.4108090564072,-89.04758753484265,-128.00666840078034,-91.89688389657505,-133.73053795852618
api_vision,UAD,API 1608 console channel,console-api,line_gain_0,full,,3150.0,-12.0,0.02068560743206154,7,-97.8381799166286,-75.51619404950847,-111.67620278541969,-79.99933845481658,-121.97191859367322,-83.4322736007138,
api_vision,UAD,API 1608 console channel,console-api,line_gain_0,full,,3150.0,-3.0,0.007589560167842374,7,-94.612084245503,-84.4672955298065,-111.67028039826312,-88.88438656529532,-121.94693174437865,-92.68346963222506,
api_vision,UAD,API 1608 console channel,console-api,line_gain_0,full,,40.0,-12.0,0.013192348991662554,595,-97.38737171611052,-82.45710743957942,-109.50364855866786,-81.51374760656694,-118.54604976901071,-83.49593556011042,-118.63296346906834
api_vision,UAD,API 1608 console channel,console-api,line_gain_0,full,,40.0,-3.0,0.022223011065085375,595,-90.1541417445246,-73.23232399296647,-103.01965108147058,-92.08982832008174,-111.08176110921809,-96.33877720343764,-113.07043712693057
api_vision,UAD,API 1608 console channel,console-api,line_gain_0,full,,400.0,-12.0,0.02071501562638386,60,-104.83884014930487,-75.55003790574293,-120.87410895877143,-79.99869889686919,-128.50824377801604,-82.99867334344846,-133.78374980879138
api_vision,UAD,API 1608 console channel,console-api,line_gain_0,full,,400.0,-3.0,0.007213688259796294,60,-101.70453744491068,-84.90712808872945,-120.24537990986738,-89.00633580545536,-128.39996120821183,-91.88866794367516,-133.822195769831
api_vision,UAD,API 1608 console channel,console-api,line_gain_0,full,,4000.0,-12.0,0.019616648022308985,6,-95.63868454294482,-75.52280297999584,-110.14291740986627,-79.93034147937507,-121.50171840262765,,
api_vision,UAD,API 1608 console channel,console-api,line_gain_0,full,,4000.0,-3.0,0.00744831698372587,6,-91.99872629802762,-84.48948970495842,-110.14278885580592,-88.69826290254751,-121.61163392819383,,
api_vision,UAD,API 1608 console channel,console-api,line_gain_0,full,,50.0,-12.0,0.01533465908397961,481,-98.42486599287973,-79.79331491777347,-112.4145512233939,-80.86267308456698,-119.50418499901375,-83.29903887287378,-124.79659000070657
api_vision,UAD,API 1608 console channel,console-api,line_gain_0,full,,50.0,-3.0,0.013461781763953946,481,-91.5638509046846,-77.70986009823457,-105.61187166226622,-98.00385759947073,-112.4725620405307,-95.41908555844114,-117.43238451622011
api_vision,UAD,API 1608 console channel,console-api,line_gain_0,full,,500.0,-12.0,0.020756953886127198,47,-105.8670335920644,-75.51224125776741,-117.57165994980348,-80.05722386252707,-123.21676431317107,-82.93871617324635,-125.39568764863154
api_vision,UAD,API 1608 console channel,console-api,line_gain_0,full,,500.0,-3.0,0.007325944881202134,47,-102.89681858290663,-84.66768650117083,-117.27095217479757,-89.12824319382337,-123.34346071867722,-91.6944225193404,-125.3385992074023
api_vision,UAD,API 1608 console channel,console-api,line_gain_0,full,,5000.0,-12.0,0.016854460311507724,4,-93.55754452711366,-75.53451895215711,-112.38445252817739,,,,
api_vision,UAD,API 1608 console channel,console-api,line_gain_0,full,,5000.0,-3.0,0.006835916212640694,4,-89.42332717964767,-84.52815293551483,-112.39255078524798,,,,
api_vision,UAD,API 1608 console channel,console-api,line_gain_0,full,,63.0,-12.0,0.017231820816553507,381,-99.59254831683484,-78.01062049418795,-113.73396377908733,-80.49084807027135,-120.72967022347544,-83.15436145271725,-125.93256759164677
api_vision,UAD,API 1608 console channel,console-api,line_gain_0,full,,63.0,-3.0,0.007689877801435408,381,-93.12523002688265,-83.26973157379818,-107.31577975936065,-95.18151271388885,-114.30239916924796,-94.09248186868675,-119.40570451823302
api_vision,UAD,API 1608 console channel,console-api,line_gain_0,full,,630.0,-12.0,0.0207175376091418,38,-105.04201352180695,-75.53929462066895,-120.71794557387113,-80.01420470602172,-128.3010272255818,-83.01728827550043,-133.82529899662384
api_vision,UAD,API 1608 console channel,console-api,line_gain_0,full,,630.0,-3.0,0.007341874426883395,38,-102.55797015925273,-84.66038769514113,-120.64235582844898,-88.97282896708928,-128.38652537047477,-91.8878699704755,-133.93948546879201
api_vision,UAD,API 1608 console channel,console-api,line_gain_0,full,,6300.0,-12.0,0.01697535840456739,3,-90.97234886050366,-75.52580268599793,,,,,
api_vision,UAD,API 1608 console channel,console-api,line_gain_0,full,,6300.0,-3.0,0.00763303688324441,3,-86.39629197255702,-84.51794810432006,,,,,
api_vision,UAD,API 1608 console channel,console-api,line_gain_0,full,,80.0,-12.0,0.018668309789463156,300,-100.01199281906943,-76.91920812461619,-117.67996371494597,-80.28686459415754,-117.05857395722506,-82.95939037126152,-128.69913338577265
api_vision,UAD,API 1608 console channel,console-api,line_gain_0,full,,80.0,-3.0,0.005015254754274791,300,-94.25109989231717,-89.8610032675049,-110.07636629859611,-92.44984946857146,-113.09725810552266,-92.81454430633889,-124.42653600564748
api_vision,UAD,API 1608 console channel,console-api,line_gain_0,full,,800.0,-12.0,0.02071536718085961,30,-104.83394453149037,-75.53778300472632,-120.4341675052772,-80.01975025535998,-128.07524843475093,-83.02390597402452,-133.59449290177716
api_vision,UAD,API 1608 console channel,console-api,line_gain_0,full,,800.0,-3.0,0.007374996242349182,30,-102.52957010295675,-84.60189053045508,-120.47699670235124,-88.96571688416616,-128.17276606890889,-91.88860525969264,-133.61348172223518
api_vision,UAD,API 1608 console channel,console-api,line_gain_0,full,,8000.0,-12.0,0.00382061532859345,2,-88.3573337245308,,,,,,
api_vision,UAD,API 1608 console channel,console-api,line_gain_0,full,,8000.0,-3.0,0.006902614729267821,2,-83.2197273232594,,,,,,
api_vision,UAD,API 1608 console channel,console-api,line_gain_12,full,,100.0,-12.0,0.004976368975748655,239,-91.80498267327894,-88.92418922635704,-108.50717588537844,-95.96160063776146,-115.76562105854534,-95.76953906943265,-124.63546050814848
api_vision,UAD,API 1608 console channel,console-api,line_gain_12,full,,100.0,-3.0,22.878748573904094,239,-39.72948854489605,-13.001000887904317,-46.023239784467236,-27.481326798427915,-72.93917227911595,-35.05864154403093,-51.45780699836746
api_vision,UAD,API 1608 console channel,console-api,line_gain_12,full,,1000.0,-12.0,0.005318990343599804,24,-100.67311885793046,-87.47778909762286,-117.3443607066352,-92.16878518160073,-128.35820761030942,-94.60575754171998,-120.20613605248747
api_vision,UAD,API 1608 console channel,console-api,line_gain_12,full,,1000.0,-3.0,23.18098287976343,24,-39.60523213753662,-12.901260175651629,-45.60557520249618,-26.848676701915902,-96.20991154203335,-35.93951825052069,-51.67885615023082
api_vision,UAD,API 1608 console channel,console-api,line_gain_12,full,,10000.0,-12.0,0.013231789451231773,2,-77.56762836758348,,,,,,
api_vision,UAD,API 1608 console channel,console-api,line_gain_12,full,,10000.0,-3.0,1.0961457399532983,2,-39.20263399276952,,,,,,
api_vision,UAD,API 1608 console channel,console-api,line_gain_12,full,,125.0,-12.0,0.0038090468186915884,191,-93.57491118317326,-94.78572789963685,-109.20491513336077,-94.2691842144376,-128.90965181564115,-95.34019142115305,-120.47197155295534
api_vision,UAD,API 1608 console channel,console-api,line_gain_12,full,,125.0,-3.0,22.868902868984662,191,-39.6954363916625,-13.00511301522642,-45.99028280078886,-27.474224689010505,-73.32916155240038,-35.081111346006,-51.4316571465302
api_vision,UAD,API 1608 console channel,console-api,line_gain_12,full,,1250.0,-12.0,0.005332216232165056,19,-100.65303490326679,-87.44273781492447,-120.20280187592535,-92.1463204181787,-118.30483273109472,-94.65477578587821,-123.41182608361436
api_vision,UAD,API 1608 console channel,console-api,line_gain_12,full,,1250.0,-3.0,23.199087036492436,19,-39.59286951945015,-12.895263979277939,-45.58791897048235,-26.816059541841838,-90.97246775944524,-35.9888072588226,-51.67626736372838
api_vision,UAD,API 1608 console channel,console-api,line_gain_12,full,,160.0,-12.0,0.00387315540730608,150,-95.11136172248504,-93.925993062976,-115.30020822585095,-93.10658345256037,-127.21217304740352,-95.30553677902819,-134.10261500774266
api_vision,UAD,API 1608 console channel,console-api,line_gain_12,full,,160.0,-3.0,22.878237872858175,150,-39.6694465018742,-13.002424115720457,-45.93923025881652,-27.43893863868646,-73.91160408918087,-35.13485264074706,-51.43826543002076
api_vision,UAD,API 1608 console channel,console-api,line_gain_12,full,,1600.0,-12.0,0.005382473775037284,14,-98.77720044263982,-87.42249064723589,-114.81980177665719,-92.11285659040726,-128.8898001529947,-94.74647576607549,-120.72563945051499
api_vision,UAD,API 1608 console channel,console-api,line_gain_12,full,,1600.0,-3.0,23.211897985162324,14,-39.59169205507484,-12.891020244893568,-45.568653652200545,-26.792822582063852,-89.63785142661925,-36.024051962655705,-51.69011289627373
api_vision,UAD,API 1608 console channel,console-api,line_gain_12,full,,200.0,-12.0,0.004313902856013274,120,-96.37092800287076,-91.10352419177225,-123.09867963286813,-92.86174619593518,-119.59767375271389,-94.74482405857802,-124.17658608344752
api_vision,UAD,API 1608 console channel,console-api,line_gain_12,full,,200.0,-3.0,22.900928425435684,120,-39.65133296542155,-12.99502902240224,-45.88957493457997,-27.38438788028588,-74.80314514846039,-35.20612090276951,-51.458485740141704
api_vision,UAD,API 1608 console channel,console-api,line_gain_12,full,,2000.0,-12.0,0.00542260117711839,11,-97.51095096849959,-87.41764673504626,-121.41284306156012,-92.05954703639819,-117.43900887740857,-94.8880469491607,-118.59500798391814
api_vision,UAD,API 1608 console channel,console-api,line_gain_12,full,,2000.0,-3.0,23.218257086312768,11,-39.58662792479463,-12.888921980523468,-45.565962041386186,-26.78126215332781,-88.10650729662008,-36.042043353390994,-51.691170812811706
api_vision,UAD,API 1608 console channel,console-api,line_gain_12,full,,250.0,-12.0,0.004651162875245892,96,-97.82051333989219,-89.58850577702904,-124.9919956686932,-92.5692724381527,-120.03255525070082,-94.63964526411795,-123.63756542171826
api_vision,UAD,API 1608 console channel,console-api,line_gain_12,full,,250.0,-3.0,22.934807920260162,96,-39.63618944029509,-12.983713458393076,-45.84071291622291,-27.31333895943142,-76.17276216826531,-35.29866096650602,-51.48355808532202
api_vision,UAD,API 1608 console channel,console-api,line_gain_12,full,,2500.0,-12.0,0.0055214002723015755,9,-95.36494499954208,-87.42190684003275,-112.56237055048346,-91.97828704600133,-122.4063316922819,-95.15040493533213,-117.96038570555437
api_vision,UAD,API 1608 console channel,console-api,line_gain_12,full,,2500.0,-3.0,23.220948214996145,9,-39.53643060659451,-12.888140046181993,-45.510950670583696,-26.77729517420226,-88.47186937535858,-36.049181246088466,-51.629007488137944
api_vision,UAD,API 1608 console channel,console-api,line_gain_12,full,,31.5,-12.0,0.05560798128861953,762,-83.794729353988,-65.3394881823216,-96.98407225079988,-79.53299805835398,-103.83896192905736,-89.17463695707242,-108.19150973795254
api_vision,UAD,API 1608 console channel,console-api,line_gain_12,full,,31.5,-3.0,23.210950958099474,762,-40.34275320504099,-12.87202127947568,-47.27651193942326,-27.592781846635184,-57.83729346352223,-34.067572766366744,-49.28635998727359
api_vision,UAD,API 1608 console channel,console-api,line_gain_12,full,,315.0,-12.0,0.004844770118783824,76,-99.67210973346889,-88.8429936550711,-120.53111142396567,-92.14593971463216,-128.80728129275744,-94.90929304772504,-133.8563330433337
api_vision,UAD,API 1608 console channel,console-api,line_gain_12,full,,315.0,-3.0,22.97913629935772,76,-39.62369574502083,-12.968797634273887,-45.79257318936385,-27.2261225001969,-78.26967563719975,-35.4142216923955,-51.51253669755589
api_vision,UAD,API 1608 console channel,console-api,line_gain_12,full,,3150.0,-12.0,0.005669802437389244,7,-93.0197821384673,-87.43798808801252,-111.26691250716313,-91.83064171492718,-120.60253629945453,-96.06399036405455,
api_vision,UAD,API 1608 console channel,console-api,line_gain_12,full,,3150.0,-3.0,23.216731278862227,7,-39.46601546703765,-12.888448243998603,-45.43502717799483,-26.778796055734112,-86.99250275048499,-36.23952762507662,
api_vision,UAD,API 1608 console channel,console-api,line_gain_12,full,,40.0,-12.0,0.033454426484758236,595,-85.94599406311457,-69.73294294516074,-99.15785578314993,-85.74774874648557,-106.9768638867417,-96.5394465892089,-110.49580282517942
api_vision,UAD,API 1608 console channel,console-api,line_gain_12,full,,40.0,-3.0,23.205258077695802,595,-39.85789527992268,-12.88047923327067,-46.07070260463085,-27.235707458690474,-72.94537982745982,-35.137202701506666,-51.624926530239335
api_vision,UAD,API 1608 console channel,console-api,line_gain_12,full,,400.0,-12.0,0.005018153854266283,60,-100.7145609327394,-88.28781618440716,-120.98011705057196,-92.05056485153465,-128.65007643142184,-94.87501549898015,-133.43100060952742
api_vision,UAD,API 1608 console channel,console-api,line_gain_12,full,,400.0,-3.0,23.02946493592309,60,-39.61678756047145,-12.951881717824229,-45.742707096010136,-27.12962449339947,-81.13130412230953,-35.543180666647054,-51.55330471116207
api_vision,UAD,API 1608 console channel,console-api,line_gain_12,full,,4000.0,-12.0,0.005866876616477215,6,-90.26311500976777,-87.47565438368498,-109.76899075089344,-91.53810785334332,-126.44913859368432,,
api_vision,UAD,API 1608 console channel,console-api,line_gain_12,full,,4000.0,-3.0,23.156386748345234,6,-39.58644115974903,-12.89115153313273,-45.567458003174835,-26.79158753197487,-93.80972538976606,,
api_vision,UAD,API 1608 console channel,console-api,line_gain_12,full,,50.0,-12.0,0.02171602350055287,481,-87.56224470400547,-73.49822219931538,-101.69028559960296,-92.59514187217621,-108.99035791823998,-100.67931007540278,-115.3877257873345
api_vision,UAD,API 1608 console channel,console-api,line_gain_12,full,,50.0,-3.0,23.07676798382669,481,-39.88359497602099,-12.927644256730604,-46.13676634850278,-27.32464128457808,-74.03700465045576,-35.12220923731804,-51.61241157626687
api_vision,UAD,API 1608 console channel,console-api,line_gain_12,full,,500.0,-12.0,0.0051592607438898635,47,-101.97872552333864,-87.83381348723157,-117.14547564267724,-92.2357867529293,-121.87494862400881,-94.54571609190853,-124.1561581416741
api_vision,UAD,API 1608 console channel,console-api,line_gain_12,full,,500.0,-3.0,23.07610390304767,47,-39.613220324554966,-12.93625652915881,-45.705144325705696,-27.04153814703297,-85.09137957002693,-35.66256357888276,-51.5876300279952
api_vision,UAD,API 1608 console channel,console-api,line_gain_12,full,,5000.0,-12.0,0.005938471164777286,4,-87.54403558086173,-87.54337713514546,-112.51966759280462,,,,
api_vision,UAD,API 1608 console channel,console-api,line_gain_12,full,,5000.0,-3.0,22.681462545553487,4,-39.35815435070938,-12.898887935642485,-45.27612156807503,,,,
api_vision,UAD,API 1608 console channel,console-api,line_gain_12,full,,63.0,-12.0,0.013319859527017726,381,-89.24600964368679,-77.87061359241143,-103.36489516007461,-102.50009462009803,-111.13105165682009,-99.47690640847475,-119.07026110099208
api_vision,UAD,API 1608 console channel,console-api,line_gain_12,full,,63.0,-3.0,22.97639020589771,381,-39.819303294430455,-12.964635740849147,-46.0970070473277,-27.405797727849155,-73.46882228521237,-35.0890704844051,-51.54316860155938
api_vision,UAD,API 1608 console channel,console-api,line_gain_12,full,,630.0,-12.0,0.005190272597948546,38,-101.64111855661503,-87.7909733681357,-120.73885190949775,-91.97273668800793,-128.02539931474965,-94.86326069851839,-133.24531858940946
api_vision,UAD,API 1608 console channel,console-api,line_gain_12,full,,630.0,-3.0,23.11939860854996,38,-39.61262647690146,-12.921743315159073,-45.66584280304804,-26.96193361834065,-90.33100866838667,-35.7759289372665,-51.628806227611165
api_vision,UAD,API 1608 console channel,console-api,line_gain_12,full,,6300.0,-12.0,0.007360337595813805,3,-84.37368965235537,-87.53350349645476,,,,,
api_vision,UAD,API 1608 console channel,console-api,line_gain_12,full,,6300.0,-3.0,22.67217354391094,3,-39.272950517448855,-12.900136921308643,,,,,
api_vision,UAD,API 1608 console channel,console-api,line_gain_12,full,,80.0,-12.0,0.00792601496321398,300,-90.49006607651079,-82.97212869256833,-105.84253570504755,-100.0736299969342,-111.76492429739838,-96.7082624961384,-124.89639801240781
api_vision,UAD,API 1608 console channel,console-api,line_gain_12,full,,80.0,-3.0,22.91152861910951,300,-39.76891407663126,-12.988639579811917,-46.05911098550777,-27.46029052126918,-73.00873272107359,-35.06103018137884,-51.490948916766826
api_vision,UAD,API 1608 console channel,console-api,line_gain_12,full,,800.0,-12.0,0.0052349970705831295,30,-101.56306106628557,-87.6779857510044,-120.36990972348136,-91.96062658932934,-127.71377043382549,-94.86739682710973,-133.17120463494226
api_vision,UAD,API 1608 console channel,console-api,line_gain_12,full,,800.0,-3.0,23.155591012255016,30,-39.60860099198157,-12.909681023547668,-45.63322964191765,-26.895400997760635,-97.59058917578102,-35.8719707988499,-51.65631171754276
api_vision,UAD,API 1608 console channel,console-api,line_gain_12,full,,8000.0,-12.0,0.008860722550365886,2,-81.05061723981652,,,,,,
api_vision,UAD,API 1608 console channel,console-api,line_gain_12,full,,8000.0,-3.0,1.0487239677549045,2,-39.58677612852283,,,,,,
api_vision,UAD,API 1608 console channel,console-api,line_gain_3,curve,,100.0,-12.0,0.0129294940804433,239,-99.14724195564914,-80.2963045026307,-116.92033058332765,-83.33010943868393,-116.8011888506684,-85.84079140850889,-127.88022497643537
api_vision,UAD,API 1608 console channel,console-api,line_gain_3,curve,,1000.0,-12.0,0.01476944041103331,24,-103.3200231502629,-78.4769617010248,-117.74355683777371,-83.04218221875246,-129.57609312382118,-85.84937751218243,-120.86244577649023
api_vision,UAD,API 1608 console channel,console-api,line_gain_3,curve,,10000.0,-12.0,0.006542991735526862,2,-83.68447256519994,,,,,,
api_vision,UAD,API 1608 console channel,console-api,line_gain_3,curve,,125.0,-12.0,0.013655792718269773,191,-101.12555219494881,-79.55353096007363,-112.45816136798234,-83.15616325832954,-129.96793219404086,-85.77276163803887,-121.47688703462987
api_vision,UAD,API 1608 console channel,console-api,line_gain_3,curve,,1250.0,-12.0,0.014763714239508346,19,-103.56770716163703,-78.47800408831762,-120.36791190634762,-83.0406621972587,-118.87520316702286,-85.87054014507892,-124.21858474104646
api_vision,UAD,API 1608 console channel,console-api,line_gain_3,curve,,160.0,-12.0,0.014134275075328967,150,-101.34282870209117,-79.11294080542228,-116.7246679673107,-82.97549324418253,-127.03187668338252,-85.85748195078324,-133.51604495759588
api_vision,UAD,API 1608 console channel,console-api,line_gain_3,curve,,1600.0,-12.0,0.014765994128856388,14,-101.760506214776,-78.47984728458249,-115.14936684925499,-83.03305613274551,-130.21021866987516,-85.90409203047713,-121.45113831991553
api_vision,UAD,API 1608 console channel,console-api,line_gain_3,curve,,200.0,-12.0,0.014474874764564317,120,-101.40655378814657,-78.78864356347138,-123.93600076837082,-83.01512494931741,-120.00356737148422,-85.74034837408024,-125.4403675681035
api_vision,UAD,API 1608 console channel,console-api,line_gain_3,curve,,2000.0,-12.0,0.014764171239098258,11,-100.84392592172769,-78.48266047860015,-121.1964631185862,-83.01850345565325,-117.91988474999238,-85.95212547248984,-119.26718708355516
api_vision,UAD,API 1608 console channel,console-api,line_gain_3,curve,,250.0,-12.0,0.0146362034209666,96,-102.14898092771409,-78.63743450687454,-124.90754879356997,-83.00084385008587,-120.41772245825217,-85.74622262456748,-124.72814113194879
api_vision,UAD,API 1608 console channel,console-api,line_gain_3,curve,,2500.0,-12.0,0.014769506459705973,9,-98.94727173046715,-78.48650878444894,-112.85020488804959,-82.99318311764436,-123.05370538844052,-86.0374414007053,-118.77492260465306
api_vision,UAD,API 1608 console channel,console-api,line_gain_3,curve,,31.5,-12.0,0.01671090899581213,762,-93.15459201623986,-76.17179723753286,-105.66241820012499,-88.17887664657816,-112.30223806985234,-87.59207853075131,-116.52921504797847
api_vision,UAD,API 1608 console channel,console-api,line_gain_3,curve,,315.0,-12.0,0.014675819615048541,76,-103.59048701127647,-78.59985450712186,-120.49988802988224,-82.92475287729025,-128.42658128845568,-85.8680534941847,-133.8245244738866
api_vision,UAD,API 1608 console channel,console-api,line_gain_3,curve,,3150.0,-12.0,0.014728373980802616,7,-96.98671446861215,-78.49370702733776,-111.51757139704644,-82.94527303935077,-121.42030031719469,-86.45257079503136,
api_vision,UAD,API 1608 console channel,console-api,line_gain_3,curve,,40.0,-12.0,0.009267360649558937,595,-95.02421545852556,-84.08185000618226,-107.30033372315938,-86.26998616516303,-116.2059713692274,-87.02528317267553,-116.98439365228538
api_vision,UAD,API 1608 console channel,console-api,line_gain_3,curve,,400.0,-12.0,0.014715652489545771,60,-104.10834159400548,-78.55452331087557,-120.82116180751765,-82.93506465678783,-128.55341363810308,-85.88601975046778,-133.73900946061963
api_vision,UAD,API 1608 console channel,console-api,line_gain_3,curve,,4000.0,-12.0,0.014020221322178226,6,-94.6618389159707,-78.50465693047656,-109.99283578054767,-82.84491032540927,-123.11157698268217,,
api_vision,UAD,API 1608 console channel,console-api,line_gain_3,curve,,50.0,-12.0,0.008704256272948274,481,-96.1904893756652,-87.1932721288236,-110.27738455294863,-84.89126043372525,-117.17819565446058,-86.62884518950456,-122.56970117578858
api_vision,UAD,API 1608 console channel,console-api,line_gain_3,curve,,500.0,-12.0,0.014769442273026413,47,-105.22283270354586,-78.48873233597465,-117.36478391968612,-83.02186661468384,-122.71643304872168,-85.79691911720568,-124.87877200919681
api_vision,UAD,API 1608 console channel,console-api,line_gain_3,curve,,5000.0,-12.0,0.012092387106181593,4,-92.44032953474003,-78.52423305121663,-112.45318925247835,,,,
api_vision,UAD,API 1608 console channel,console-api,line_gain_3,curve,,63.0,-12.0,0.010184008270225675,381,-97.52009341537978,-84.02410979019434,-111.6466608016635,-84.09071412111238,-118.62087459409545,-86.33022225648392,-124.04187089866838
api_vision,UAD,API 1608 console channel,console-api,line_gain_3,curve,,630.0,-12.0,0.014731824904205038,38,-104.44885831029325,-78.5251250401127,-120.70862781858531,-82.95725337819323,-128.31223697153564,-85.91694414125402,-133.77049249138744
api_vision,UAD,API 1608 console channel,console-api,line_gain_3,curve,,6300.0,-12.0,0.012306510571131775,3,-89.70281662742336,-78.51576416007771,,,,,
api_vision,UAD,API 1608 console channel,console-api,line_gain_3,curve,,80.0,-12.0,0.01182295912784858,300,-98.19833060558709,-81.57321128006234,-115.33009453618425,-83.63241945961471,-115.75257441452437,-85.97351080934394,-127.7617680369001
api_vision,UAD,API 1608 console channel,console-api,line_gain_3,curve,,800.0,-12.0,0.014729199913920037,30,-104.28595340652254,-78.52223365260807,-120.43549316329339,-82.96736185417515,-128.05027380065636,-85.92842137150909,-133.61896212080342
api_vision,UAD,API 1608 console channel,console-api,line_gain_3,curve,,8000.0,-12.0,0.0045142400486374535,2,-86.90830701315475,,,,,,
api_vision,UAD,API 1608 console channel,console-api,line_gain_6,full,,100.0,-12.0,0.007972516579699152,239,-97.20979018386103,-85.53401797738202,-114.28837778148775,-86.81781047006801,-115.73490791730649,-88.92020049384043,-127.44854310632219
api_vision,UAD,API 1608 console channel,console-api,line_gain_6,full,,100.0,-3.0,0.008173873163417352,239,-91.10645545544264,-82.40707169169451,-102.20444083248015,-103.5524443268259,-122.79691495099327,-103.14788547434469,-111.08098905513685
api_vision,UAD,API 1608 console channel,console-api,line_gain_6,full,,1000.0,-12.0,0.010493374453951725,24,-102.61674163065692,-81.46073607785654,-117.60581495341609,-86.05331217254546,-128.9901338694902,-88.76599911159053,-120.57426312315411
api_vision,UAD,API 1608 console channel,console-api,line_gain_6,full,,1000.0,-3.0,0.12644008172758342,24,-66.03958029461235,-66.54809853555817,-66.1500887296457,-65.97119272535173,-66.45479730787501,-66.91608200005481,-66.9198373886576
api_vision,UAD,API 1608 console channel,console-api,line_gain_6,full,,10000.0,-12.0,0.008063323998518161,2,-81.86971778270191,,,,,,
api_vision,UAD,API 1608 console channel,console-api,line_gain_6,full,,10000.0,-3.0,0.038513062219241265,2,-68.28783897470389,,,,,,
api_vision,UAD,API 1608 console channel,console-api,line_gain_6,full,,125.0,-12.0,0.008845226142180288,191,-99.08674512180318,-83.87042662731048,-111.06430951171754,-86.44208072530282,-129.69214244582156,-88.78998263277936,-121.25443470825054
api_vision,UAD,API 1608 console channel,console-api,line_gain_6,full,,125.0,-3.0,0.005173477927159609,191,-91.37603049426198,-87.64749354033718,-109.63956243743296,-99.08912950659598,-111.682228703727,-100.59860521306521,-119.87794985649508
api_vision,UAD,API 1608 console channel,console-api,line_gain_6,full,,1250.0,-12.0,0.01049096904602145,19,-102.81899047540088,-81.45818982606846,-120.31569519209103,-86.04940646797125,-118.64291340503149,-88.79536139482295,-123.82212900976916
api_vision,UAD,API 1608 console channel,console-api,line_gain_6,full,,1250.0,-3.0,0.1428491775241445,19,-64.93672529901554,-65.41602778069893,-65.09827686603029,-64.95252652467472,-65.41526820564891,-65.86715231202545,-65.8982782715488
api_vision,UAD,API 1608 console channel,console-api,line_gain_6,full,,160.0,-12.0,0.009489318743365484,150,-99.55255326388797,-82.88258886041667,-115.67150912731927,-86.10616027446798,-127.0540920190092,-88.8925583330584,-132.67443621824384
api_vision,UAD,API 1608 console channel,console-api,line_gain_6,full,,160.0,-3.0,0.0033797122950463554,150,-93.0788462422261,-94.78030581900923,-110.04898981456621,-97.48583980634766,-124.07632626987726,-98.90561309419277,-130.32164783239506
api_vision,UAD,API 1608 console channel,console-api,line_gain_6,full,,1600.0,-12.0,0.01050122142770505,14,-100.98096429616561,-81.45820212369601,-115.03407805874556,-86.03677518151034,-129.52879820259398,-88.84345021937446,-121.1185032283734
api_vision,UAD,API 1608 console channel,console-api,line_gain_6,full,,1600.0,-3.0,0.15478426729421052,14,-64.16640770056118,-64.67795494488351,-64.39546546671414,-64.2854498859055,-64.7463648067655,-65.18682297696898,-65.26208495948529
api_vision,UAD,API 1608 console channel,console-api,line_gain_6,full,,200.0,-12.0,0.009949403312680268,120,-99.90929560992117,-82.21626293798718,-123.21654466848346,-86.12618438653399,-119.60622613523793,-88.69010142093478,-125.06235268206521
api_vision,UAD,API 1608 console channel,console-api,line_gain_6,full,,200.0,-3.0,0.0028887298634225666,120,-95.37854545237408,-98.87045710291069,-107.9239743254226,-95.37018115663712,-116.71888506469688,-99.93687599590389,-113.1618063888559
api_vision,UAD,API 1608 console channel,console-api,line_gain_6,full,,2000.0,-12.0,0.010505046421253212,11,-99.9761637799748,-81.46092592081376,-121.38816571287006,-86.01440549641697,-117.69463000097444,-88.91320594638395,-118.94063016958359
api_vision,UAD,API 1608 console channel,console-api,line_gain_6,full,,2000.0,-3.0,0.1608245435292366,11,-63.8077944343343,-64.31249974952289,-64.08397249641006,-63.9472665680346,-64.44349593321546,-64.83374341382307,-64.97051807674143
api_vision,UAD,API 1608 console channel,console-api,line_gain_6,full,,250.0,-12.0,0.010190813231386034,96,-100.84758843600562,-81.88783416209134,-124.68184111350575,-86.07283152370029,-120.06491920094203,-88.67566547612302,-124.41302052565919
api_vision,UAD,API 1608 console channel,console-api,line_gain_6,full,,250.0,-3.0,0.002953099691965488,96,-97.05090664085097,-96.62457626686071,-109.17269819486181,-94.83536905768435,-116.15374756715396,-99.59261358415506,-113.43492347744402
api_vision,UAD,API 1608 console channel,console-api,line_gain_6,full,,2500.0,-12.0,0.010523185767711187,9,-97.99515104837438,-81.46615335898423,-112.73159772074395,-85.97711990137684,-122.75427785764282,-89.03865787124887,-118.40169268437144
api_vision,UAD,API 1608 console channel,console-api,line_gain_6,full,,2500.0,-3.0,0.16310526179929768,9,-63.65355421811845,-64.17188441330529,-63.992722233085495,-63.813421908514954,-64.35715360996683,-64.68955338833544,-64.87032946278646
api_vision,UAD,API 1608 console channel,console-api,line_gain_6,full,,31.5,-12.0,0.027133280331972022,762,-90.4842440236228,-71.48946507714713,-103.16502971184057,-89.98370056702808,-109.87205607030276,-91.58537568821168,-113.96957897958303
api_vision,UAD,API 1608 console channel,console-api,line_gain_6,full,,31.5,-3.0,0.2622205838580426,762,-61.82085908216152,-56.494174116256495,-61.12182892738667,-60.42230904689851,-61.921733799653886,-59.57357860096956,-62.58520854791576
api_vision,UAD,API 1608 console channel,console-api,line_gain_6,full,,315.0,-12.0,0.0102872141491528,76,-102.394886479522,-81.76153056106783,-120.233115049843,-85.93335623555389,-128.39375705238916,-88.83563731144204,-133.75576961273958
api_vision,UAD,API 1608 console channel,console-api,line_gain_6,full,,315.0,-3.0,0.0032812317815691097,76,-97.30974723993484,-93.49681431450293,-118.39024076026327,-95.44932215403107,-127.7460114862886,-98.03990645056366,-133.67995553807125
api_vision,UAD,API 1608 console channel,console-api,line_gain_6,full,,3150.0,-12.0,0.010513989933513336,7,-95.91816946183133,-81.47626049306348,-111.41182283683987,-85.90740063963614,-121.04831162923554,-89.5618964079594,
api_vision,UAD,API 1608 console channel,console-api,line_gain_6,full,,3150.0,-3.0,0.15167158959566365,7,-63.61325893449772,-64.24708123408763,-64.03599553034478,-63.87624892790061,-64.39748940890374,-64.92915815743505,
api_vision,UAD,API 1608 console channel,console-api,line_gain_6,full,,40.0,-12.0,0.01416886152904935,595,-92.43547762204105,-77.38936444782216,-105.05964063260636,-93.25566952892612,-113.59482139741704,-91.23695297431452,-115.18153041395556
api_vision,UAD,API 1608 console channel,console-api,line_gain_6,full,,40.0,-3.0,0.09295141854315624,595,-72.56198507946924,-63.82859246378949,-70.24510553687816,-73.07032235536373,-71.00015156903369,-70.3471465315121,-71.0319042915534
api_vision,UAD,API 1608 console channel,console-api,line_gain_6,full,,400.0,-12.0,0.010369875292135502,60,-103.09832116555242,-81.6464567891103,-120.70165684498077,-85.92752841303883,-128.50082465455986,-88.8454020725926,-133.729474511272
api_vision,UAD,API 1608 console channel,console-api,line_gain_6,full,,400.0,-3.0,0.010399341825653685,60,-90.15110871555567,-95.08800608037006,-87.41305698366483,-84.5751803004773,-87.64074828648212,-90.83195159282396,-87.72055585729815
api_vision,UAD,API 1608 console channel,console-api,line_gain_6,full,,4000.0,-12.0,0.010101904749930968,6,-93.4505214327965,-81.49373869537322,-109.89103445682025,-85.76301626475964,-124.46274568642026,,
api_vision,UAD,API 1608 console channel,console-api,line_gain_6,full,,4000.0,-3.0,0.12504535024232236,6,-63.74885313063502,-64.60726460138274,-64.30361056416771,-64.1935348559932,-73.5965292366181,,
api_vision,UAD,API 1608 console channel,console-api,line_gain_6,full,,50.0,-12.0,0.008282175584358105,481,-93.77805371922513,-83.36369077363713,-107.87131155296441,-90.38241479219829,-114.89069172048453,-90.4818473749094,-120.262594004697
api_vision,UAD,API 1608 console channel,console-api,line_gain_6,full,,50.0,-3.0,0.03377942273240009,481,-89.94197370624744,-69.60530748532553,-90.29043552005702,-89.88068809673004,-95.88278810662011,-90.74800456136364,-92.8854682143435
api_vision,UAD,API 1608 console channel,console-api,line_gain_6,full,,500.0,-12.0,0.01045217508227501,47,-104.31095016695629,-81.5177674584249,-117.17312794066613,-86.04275177167544,-122.42316697245539,-88.7061475708928,-124.47305285742357
api_vision,UAD,API 1608 console channel,console-api,line_gain_6,full,,500.0,-3.0,0.038962724769775345,47,-76.86292293359176,-77.81088042139777,-76.35661268331236,-75.36105997513876,-76.5146296315699,-77.25224222658865,-76.71922985939462
api_vision,UAD,API 1608 console channel,console-api,line_gain_6,full,,5000.0,-12.0,0.008847315385598816,4,-91.06619722898802,-81.52455126742001,-112.48964294359692,,,,
api_vision,UAD,API 1608 console channel,console-api,line_gain_6,full,,5000.0,-3.0,0.10063765698077234,4,-64.10273689330788,-65.2208329155793,-64.902012121985,,,,
api_vision,UAD,API 1608 console channel,console-api,line_gain_6,full,,63.0,-12.0,0.006157702153632708,381,-95.23448506763314,-89.8232813850059,-109.42291454386972,-88.52957464908923,-116.4225837181834,-89.85768564604177,-122.00936833529455
api_vision,UAD,API 1608 console channel,console-api,line_gain_6,full,,63.0,-3.0,0.02100738441908694,381,-87.45844696501878,-73.80198091678817,-101.86863469044532,-92.50432180827637,-108.79045554087831,-106.19575361143418,-114.34460764119065
api_vision,UAD,API 1608 console channel,console-api,line_gain_6,full,,630.0,-12.0,0.010431597202929905,38,-103.6571468209195,-81.55304749515241,-120.69173227901894,-85.93839907692103,-128.3364236955325,-88.87254300603375,-133.80537394095197
api_vision,UAD,API 1608 console channel,console-api,line_gain_6,full,,630.0,-3.0,0.07242693049081933,38,-71.11212122770839,-71.80239842199198,-70.98134870861475,-70.54906653704423,-71.19474058693173,-71.76073281655549,-71.51151168907468
api_vision,UAD,API 1608 console channel,console-api,line_gain_6,full,,6300.0,-12.0,0.00926016948863823,3,-88.17869131909255,-81.51560351783287,,,,,
api_vision,UAD,API 1608 console channel,console-api,line_gain_6,full,,6300.0,-3.0,0.07453370139872519,3,-64.83425190059678,-66.43979052710877,,,,,
api_vision,UAD,API 1608 console channel,console-api,line_gain_6,full,,80.0,-12.0,0.006867220445310054,300,-96.16989749553187,-88.33527919345053,-112.69851947690896,-87.46613841171873,-114.38362175410673,-89.18738408808045,-126.9730854014959
api_vision,UAD,API 1608 console channel,console-api,line_gain_6,full,,80.0,-3.0,0.013181342694270615,300,-89.60496866264037,-77.9251778128665,-100.87700991371683,-103.7889226605221,-117.84656312887222,-107.48837042468251,-109.1276049394544
api_vision,UAD,API 1608 console channel,console-api,line_gain_6,full,,800.0,-12.0,0.010441759638032741,30,-103.54479313397421,-81.53536893564674,-120.44382834260617,-85.94657994108789,-128.09358477066434,-88.88498433915417,-133.5951427126505
api_vision,UAD,API 1608 console channel,console-api,line_gain_6,full,,800.0,-3.0,0.10346901817320478,30,-67.87372968423946,-68.4273140475378,-67.89520515431556,-67.63415965185169,-68.15762852132576,-68.6397403796452,-68.5579587169058
api_vision,UAD,API 1608 console channel,console-api,line_gain_6,full,,8000.0,-12.0,0.0054977623170699595,2,-85.19628079591234,,,,,,
api_vision,UAD,API 1608 console channel,console-api,line_gain_6,full,,8000.0,-3.0,0.04909641944888582,2,-66.17900358739499,,,,,,
api_vision,UAD,API 1608 console channel,console-api,line_gain_9,curve,,100.0,-12.0,0.004843035031886751,239,-94.73616253762684,-92.52153879913776,-111.26593748108725,-90.80636256280405,-115.00357697866713,-92.1574211360477,-126.35162260862134
api_vision,UAD,API 1608 console channel,console-api,line_gain_9,curve,,1000.0,-12.0,0.007457154927300637,24,-101.75249084395341,-84.45847834744852,-117.47574398617769,-89.09574268791388,-128.59724132695388,-91.69039676217913,-120.3655035195437
api_vision,UAD,API 1608 console channel,console-api,line_gain_9,curve,,10000.0,-12.0,0.010206913703796377,2,-79.82211114070049,,,,,,
api_vision,UAD,API 1608 console channel,console-api,line_gain_9,curve,,125.0,-12.0,0.005413846025457388,191,-96.57381654388232,-89.74713008194286,-109.76081270251507,-90.00636985346259,-129.6428268113748,-91.93159450224732,-121.32844856108429
api_vision,UAD,API 1608 console channel,console-api,line_gain_9,curve,,1250.0,-12.0,0.007461917591942234,19,-101.8571568437204,-84.4449753035907,-120.2613384174434,-89.08340144966007,-118.46173999068368,-91.72852588562371,-123.58259236929341
api_vision,UAD,API 1608 console channel,console-api,line_gain_9,curve,,160.0,-12.0,0.006110456407194398,150,-97.40882902273245,-87.49662296238714,-115.42705015601237,-89.42662119734689,-126.71200992283752,-92.01876332337933,-132.9498095600639
api_vision,UAD,API 1608 console channel,console-api,line_gain_9,curve,,1600.0,-12.0,0.007486774100622013,14,-99.99630834563361,-84.43861385300187,-114.91047566020401,-89.06309588238513,-129.1140039105942,-91.79458355611251,-120.8852086956596
api_vision,UAD,API 1608 console channel,console-api,line_gain_9,curve,,200.0,-12.0,0.006653464834021241,120,-98.26124362492435,-86.12462740316369,-123.02546494301211,-89.36981156084606,-119.47823114336668,-91.68344943656896,-124.66530939683979
api_vision,UAD,API 1608 console channel,console-api,line_gain_9,curve,,2000.0,-12.0,0.007502302056694797,11,-98.86832399994248,-84.4394456257153,-121.4180121439506,-89.02915589230552,-117.54549823901087,-91.89488867333836,-118.74449310288279
api_vision,UAD,API 1608 console channel,console-api,line_gain_9,curve,,250.0,-12.0,0.006969259185216178,96,-99.4554537610465,-85.42881416037501,-124.76778868388416,-89.24043657341839,-119.9721072866449,-91.63750554391554,-124.04269149547312
api_vision,UAD,API 1608 console channel,console-api,line_gain_9,curve,,2500.0,-12.0,0.007547034519016991,9,-96.80601544040454,-84.44518532861755,-112.64026536647627,-88.97361121444743,-122.5423606121806,-92.07749976114057,-118.14076450809742
api_vision,UAD,API 1608 console channel,console-api,line_gain_9,curve,,31.5,-12.0,0.03989145645813454,762,-87.28938844843702,-68.1597594530482,-100.14003979734014,-84.17654934376048,-107.07550641872686,-92.5635538247896,-110.95064122160282
api_vision,UAD,API 1608 console channel,console-api,line_gain_9,curve,,315.0,-12.0,0.007122490945741669,76,-101.15621360203328,-85.11165425236676,-120.27738347943628,-88.99696028494078,-128.54458251275085,-91.8480636383095,-133.88402411972973
api_vision,UAD,API 1608 console channel,console-api,line_gain_9,curve,,3150.0,-12.0,0.007591672024935094,7,-94.59641124858243,-84.45904280325655,-111.3259055741654,-88.87241554317268,-120.78735976754336,-92.75797864190467,
api_vision,UAD,API 1608 console channel,console-api,line_gain_9,curve,,40.0,-12.0,0.022672867909164254,595,-89.36789952635259,-73.06774843123014,-102.31862024347863,-92.31511952910567,-110.38434566494118,-96.0789821485038,-112.99064314750126
api_vision,UAD,API 1608 console channel,console-api,line_gain_9,curve,,400.0,-12.0,0.007251800919101903,60,-102.0133670060369,-84.85370725140152,-120.78198510143378,-88.96148157793886,-128.5651802907848,-91.84297706457335,-133.63793046718575
api_vision,UAD,API 1608 console channel,console-api,line_gain_9,curve,,4000.0,-12.0,0.007458639583866499,6,-91.9849745173346,-84.48592835495666,-109.81666585061811,-88.66579548973306,-125.57228979452756,,
api_vision,UAD,API 1608 console channel,console-api,line_gain_9,curve,,50.0,-12.0,0.013821029979412926,481,-90.84082791491807,-77.4978785444376,-104.91407723181665,-98.37232683966819,-111.98798302591555,-95.2169840142703,-117.55224031092062
api_vision,UAD,API 1608 console channel,console-api,line_gain_9,curve,,500.0,-12.0,0.007363231784578716,47,-103.27107676044058,-84.61390136440872,-117.10938036299723,-89.10957332109939,-122.14694417289792,-91.62503852168753,-124.25496301157709
api_vision,UAD,API 1608 console channel,console-api,line_gain_9,curve,,5000.0,-12.0,0.006833042970863854,4,-89.42932395446653,-84.53087061819988,-112.50423482875195,,,,
api_vision,UAD,API 1608 console channel,console-api,line_gain_9,curve,,63.0,-12.0,0.007870051854819917,381,-92.46538772422576,-83.10339692765416,-106.6043683600908,-95.11046600758738,-113.79387252535666,-94.00474329110673,-120.0728820772982
api_vision,UAD,API 1608 console channel,console-api,line_gain_9,curve,,630.0,-12.0,0.007366165357443021,38,-102.77071106051152,-84.6289178377215,-120.71435300306001,-88.94280627613827,-128.17868125993508,-91.85627637041001,-133.58238343746171
api_vision,UAD,API 1608 console channel,console-api,line_gain_9,curve,,6300.0,-12.0,0.007630937280623085,3,-86.39636241912882,-84.52184311998779,,,,,
api_vision,UAD,API 1608 console channel,console-api,line_gain_9,curve,,80.0,-12.0,0.005130633722809203,300,-93.5667804166681,-89.78892384713431,-109.35384694346541,-92.32459999587137,-112.80266594507047,-92.67600355141053,-125.28579159858934
api_vision,UAD,API 1608 console channel,console-api,line_gain_9,curve,,800.0,-12.0,0.007391960895775036,30,-102.67005974766005,-84.57982610690712,-120.40796092053182,-88.9452531868684,-127.9411256095232,-91.86746722245104,-133.41486755419052
api_vision,UAD,API 1608 console channel,console-api,line_gain_9,curve,,8000.0,-12.0,0.006891577970122802,2,-83.23362651902113,,,,,,
bx_console_n,Brainworx,Neve VXS console channel,console-neve,thd_-30,full,,100.0,-12.0,0.2397135834123679,239,-129.9718206579508,-52.40617157635353,-117.52005326232675,-105.46497321483858,-119.11682048906823,-124.25258345515573,-123.209697261914
bx_console_n,Brainworx,Neve VXS console channel,console-neve,thd_-30,full,,100.0,-3.0,1.825863723439683,239,-133.58967699744187,-34.77247492114091,-135.54888942950072,-68.4978458854653,-126.6058883964663,-102.77146391377082,-131.33785810270797
bx_console_n,Brainworx,Neve VXS console channel,console-neve,thd_-30,full,,1000.0,-12.0,0.23959991029455222,24,-118.54374943758798,-52.41030547607775,-123.79590172142444,-103.29000670658982,-118.20547842612298,-130.03002184567148,-122.35164871432971
bx_console_n,Brainworx,Neve VXS console channel,console-neve,thd_-30,full,,1000.0,-3.0,1.8258720550978422,24,-137.0606107035071,-34.77243880910879,-127.58951005691299,-68.48944902710458,-126.59714514636248,-102.94023233620956,-132.82234924124114
bx_console_n,Brainworx,Neve VXS console channel,console-neve,thd_-30,full,,10000.0,-12.0,0.00015098559029925695,2,-116.4212899749493,,,,,,
bx_console_n,Brainworx,Neve VXS console channel,console-neve,thd_-30,full,,10000.0,-3.0,4.314344240590739e-05,2,-127.30170411176968,,,,,,
bx_console_n,Brainworx,Neve VXS console channel,console-neve,thd_-30,full,,125.0,-12.0,0.23968372860156759,191,-119.42215263224695,-52.40726684918887,-122.46412117954702,-103.70024784784151,-118.98680081476657,-113.55559975311795,-130.7264358470994
bx_console_n,Brainworx,Neve VXS console channel,console-neve,thd_-30,full,,125.0,-3.0,1.8258876629437466,191,-128.29469263206144,-34.772361847616466,-131.8433518581931,-68.49593968384661,-129.31317556057067,-102.47313372864534,-133.91830442068547
bx_console_n,Brainworx,Neve VXS console channel,console-neve,thd_-30,full,,1250.0,-12.0,0.23959351098505483,19,-119.27719463227753,-52.41054187848343,-116.29900100487122,-102.86370116680472,-121.7294390268545,-122.66425288191316,-125.75485801139968
bx_console_n,Brainworx,Neve VXS console channel,console-neve,thd_-30,full,,1250.0,-3.0,1.825848853316097,19,-128.8081886320059,-34.772547798270644,-150.21279107459532,-68.49293573107,-129.96335276961486,-102.6191121344622,-130.73132637755867
bx_console_n,Brainworx,Neve VXS console channel,console-neve,thd_-30,full,,160.0,-12.0,0.23968667251014306,150,-127.66016328095807,-52.40715500611887,-120.83730526699327,-104.00243999367561,-124.690960813738,-118.02917653215624,-122.21784323464735
bx_console_n,Brainworx,Neve VXS console channel,console-neve,thd_-30,full,,160.0,-3.0,1.825847444086694,150,-130.73621516546132,-34.77255228779105,-128.01273406753927,-68.49787311629288,-129.9186343922963,-103.43916147102652,-138.1648901212702
bx_console_n,Brainworx,Neve VXS console channel,console-neve,thd_-30,full,,1600.0,-12.0,0.23962190204534053,14,-126.50220768740836,-52.40950873695514,-124.7422717873271,-103.2246024983116,-124.82951975578474,-115.94781658450316,-123.13439632884275
bx_console_n,Brainworx,Neve VXS console channel,console-neve,thd_-30,full,,1600.0,-3.0,1.8258501994671825,14,-137.8400489078499,-34.77253838661938,-123.60889859654503,-68.49987172403041,-128.60300983987946,-103.06664588363904,-125.39673940836099
bx_console_n,Brainworx,Neve VXS console channel,console-neve,thd_-30,full,,200.0,-12.0,0.23959744091171864,120,-118.41228068516202,-52.41039093913949,-122.14288238842661,-103.70819062522698,-127.73582985995662,-128.25510911668903,-122.37138798552252
bx_console_n,Brainworx,Neve VXS console channel,console-neve,thd_-30,full,,200.0,-3.0,1.8257809964140483,120,-129.80015758674764,-34.77286702491914,-135.5818475958826,-68.50170081314297,-129.43642951918665,-102.65061402542261,-137.90917448210303
bx_console_n,Brainworx,Neve VXS console channel,console-neve,thd_-30,full,,2000.0,-12.0,0.239770984734895,11,-121.31689496014276,-52.40409412375907,-118.36487015907097,-105.04938214838992,-121.03349028531817,-122.68642800997256,-122.95531451624372
bx_console_n,Brainworx,Neve VXS console channel,console-neve,thd_-30,full,,2000.0,-3.0,1.8258637771280453,11,-131.65886499040835,-34.77247672436527,-132.80952405220103,-68.49286119494856,-142.91441061479784,-103.12806078979168,-131.55047415824555
bx_console_n,Brainworx,Neve VXS console channel,console-neve,thd_-30,full,,250.0,-12.0,0.23956923568325755,96,-121.62205601706263,-52.41141310370565,-119.58217668539007,-104.02673255117676,-115.95760971299416,-122.79857447842083,-122.36065817904111
bx_console_n,Brainworx,Neve VXS console channel,console-neve,thd_-30,full,,250.0,-3.0,1.8258683289741244,96,-129.68513458359737,-34.772453372386806,-136.27217618640876,-68.49712884383143,-131.43784226688626,-102.37844126142161,-127.25410905643122
bx_console_n,Brainworx,Neve VXS console channel,console-neve,thd_-30,full,,2500.0,-12.0,0.2396623055727652,9,-121.88111168368178,-52.408040758920826,-118.89724581613102,-103.63225321044325,-124.07608090228051,-125.92718014776293,-120.3178878081481
bx_console_n,Brainworx,Neve VXS console channel,console-neve,thd_-30,full,,2500.0,-3.0,1.8258950755323253,9,-128.42337497002435,-34.77232978655036,-124.26328012420905,-68.48810240811558,-125.34659529050246,-103.2639294803299,-124.1385878579486
bx_console_n,Brainworx,Neve VXS console channel,console-neve,thd_-30,full,,31.5,-12.0,0.23974327331663012,762,-115.75282597910488,-52.405097462925966,-134.4190172952921,-105.66581250417711,-115.13378144243444,-125.25525338740562,-118.7871852053087
bx_console_n,Brainworx,Neve VXS console channel,console-neve,thd_-30,full,,31.5,-3.0,1.825840055507601,762,-133.15220911267417,-34.77258863069224,-130.86304766127802,-68.49516209674366,-130.77110100183967,-103.22001466699389,-135.97659494062208
bx_console_n,Brainworx,Neve VXS console channel,console-neve,thd_-30,full,,315.0,-12.0,0.23959582605614627,76,-115.75963029546824,-52.4104549743664,-124.77949689722948,-103.88586583043283,-119.56846086367436,-112.06255154780335,-117.94557638515732
bx_console_n,Brainworx,Neve VXS console channel,console-neve,thd_-30,full,,315.0,-3.0,1.8258761873793543,76,-124.22480046211975,-34.77241578027913,-131.47032985290448,-68.49728284094641,-130.83023177657427,-103.20852287124198,-128.79278668701357
bx_console_n,Brainworx,Neve VXS console channel,console-neve,thd_-30,full,,3150.0,-12.0,0.23974848970289328,7,-119.51022125073564,-52.40491233475006,-135.0410216841951,-104.18396092095148,-131.0265115825369,-126.38575949746044,
bx_console_n,Brainworx,Neve VXS console channel,console-neve,thd_-30,full,,3150.0,-3.0,1.825806039019194,7,-145.91582530176572,-34.772747484741856,-130.2510153544163,-68.50244181050567,-123.70722280896979,-102.9249566053671,
bx_console_n,Brainworx,Neve VXS console channel,console-neve,thd_-30,full,,40.0,-12.0,0.23960497204582448,595,-124.76427962532847,-52.41010978087274,-118.98215248532411,-105.04822007409811,-127.59301899789976,-121.13262262250089,-120.23208130765964
bx_console_n,Brainworx,Neve VXS console channel,console-neve,thd_-30,full,,40.0,-3.0,1.8258114033773476,595,-123.84084506282281,-34.77272246260019,-125.05142332523582,-68.5011486810027,-133.16459755311752,-103.22267938371058,-130.11877171149536
bx_console_n,Brainworx,Neve VXS console channel,console-neve,thd_-30,full,,400.0,-12.0,0.23967131610138523,60,-115.95765697157205,-52.40771997268414,-120.56134172377939,-103.05120283722582,-120.618248200541,-122.20257317472642,-132.21662341742694
bx_console_n,Brainworx,Neve VXS console channel,console-neve,thd_-30,full,,400.0,-3.0,1.8257948321778736,60,-136.7150053392844,-34.772801888070866,-131.17158149506116,-68.49982712779193,-131.799481413215,-103.18562885853873,-128.97413428056655
bx_console_n,Brainworx,Neve VXS console channel,console-neve,thd_-30,full,,4000.0,-12.0,0.23959454851844084,6,-121.99308919345027,-52.41049493685482,-125.56741429785885,-103.80471939544258,-117.35118815254958,,
bx_console_n,Brainworx,Neve VXS console channel,console-neve,thd_-30,full,,4000.0,-3.0,1.8258553331449439,6,-131.11011477095477,-34.77251724575127,-133.3558499973799,-68.49057856106283,-132.46973193363314,,
bx_console_n,Brainworx,Neve VXS console channel,console-neve,thd_-30,full,,50.0,-12.0,0.23967643867841135,481,-117.0497204145388,-52.407519738518154,-123.89733171732347,-105.17759391309195,-121.37029878288479,-121.20949707451663,-120.18468081140284
bx_console_n,Brainworx,Neve VXS console channel,console-neve,thd_-30,full,,50.0,-3.0,1.8258179651160549,481,-134.7907834564824,-34.772692003351,-141.15820936772087,-68.49953831006826,-135.94727824252874,-102.60037449700127,-127.67983017726036
bx_console_n,Brainworx,Neve VXS console channel,console-neve,thd_-30,full,,500.0,-12.0,0.23970615035319415,47,-115.71574056378182,-52.40645536325129,-127.17310791447758,-103.43554593178597,-118.01175387337643,-128.14283151072496,-118.14323038501823
bx_console_n,Brainworx,Neve VXS console channel,console-neve,thd_-30,full,,500.0,-3.0,1.8258196964019497,47,-128.06095980802291,-34.77268804988328,-126.79709610567558,-68.48942701947466,-131.43158784219074,-102.65993557270399,-128.93947386465473
bx_console_n,Brainworx,Neve VXS console channel,console-neve,thd_-30,full,,5000.0,-12.0,0.2396315637689872,4,-129.16353218444885,-52.40912012761375,-122.03965548990703,,,,
bx_console_n,Brainworx,Neve VXS console channel,console-neve,thd_-30,full,,5000.0,-3.0,1.8254108335825423,4,-127.35035010104171,-34.77278753345772,-124.3826055549978,,,,
bx_console_n,Brainworx,Neve VXS console channel,console-neve,thd_-30,full,,63.0,-12.0,0.2395816724417917,381,-127.9388768293591,-52.41097038692477,-121.43660714970144,-103.19947192052348,-121.34190303747815,-119.53729866034433,-112.82160602649799
bx_console_n,Brainworx,Neve VXS console channel,console-neve,thd_-30,full,,63.0,-3.0,1.8258088867806066,381,-128.2002808906417,-34.77273228863322,-125.89325510692227,-68.50628139051663,-126.72750753026455,-103.05396938184796,-129.6217727305039
bx_console_n,Brainworx,Neve VXS console channel,console-neve,thd_-30,full,,630.0,-12.0,0.23966851446694232,38,-123.78203637640607,-52.40783706556901,-118.60191467593906,-101.71349046046807,-119.08687409289071,-114.66062648619521,-119.19849169737817
bx_console_n,Brainworx,Neve VXS console channel,console-neve,thd_-30,full,,630.0,-3.0,1.8258085785885028,38,-122.64997343130187,-34.77273805761233,-131.58394440988346,-68.49617784878517,-130.0182074956898,-102.91721429308916,-148.6328821291126
bx_console_n,Brainworx,Neve VXS console channel,console-neve,thd_-30,full,,6300.0,-12.0,0.23973970297886957,3,-132.66218244903112,-52.40520078230684,,,,,
bx_console_n,Brainworx,Neve VXS console channel,console-neve,thd_-30,full,,6300.0,-3.0,1.8254601810503257,3,-136.30031543309568,-34.772552718723425,,,,,
bx_console_n,Brainworx,Neve VXS console channel,console-neve,thd_-30,full,,80.0,-12.0,0.23958652732933944,300,-121.38278371973799,-52.41078016125223,-124.33403476724614,-104.69215402739323,-119.29729211467381,-124.57636163302708,-123.34502963006307
bx_console_n,Brainworx,Neve VXS console channel,console-neve,thd_-30,full,,80.0,-3.0,1.8258200788085597,300,-130.5947688303993,-34.772683417747274,-133.4097047274909,-68.49588136509806,-124.37193573560651,-103.12753172572332,-129.44861784223738
bx_console_n,Brainworx,Neve VXS console channel,console-neve,thd_-30,full,,800.0,-12.0,0.23960544885293508,30,-123.10583923693399,-52.410098039992725,-123.33147547748268,-104.26327591607563,-123.49588524361863,-116.05181559937435,-121.30226420598171
bx_console_n,Brainworx,Neve VXS console channel,console-neve,thd_-30,full,,800.0,-3.0,1.8258471443563264,30,-129.7224116992014,-34.77255427738913,-125.53939516579112,-68.49699180843989,-134.5402645271981,-102.24699291492203,-128.06968204021524
bx_console_n,Brainworx,Neve VXS console channel,console-neve,thd_-30,full,,8000.0,-12.0,6.826203813028854e-05,2,-123.31641497877331,,,,,,
bx_console_n,Brainworx,Neve VXS console channel,console-neve,thd_-30,full,,8000.0,-3.0,2.427438012110471e-05,2,-132.29703703142363,,,,,,
bx_console_n,Brainworx,Neve VXS console channel,console-neve,thd_-35,curve,,100.0,-12.0,0.12278440793378652,239,-118.86474280919238,-58.2171801195212,-115.3096774706928,-110.66727573966321,-126.06211359203726,-121.43813798182038,-117.76696002898112
bx_console_n,Brainworx,Neve VXS console channel,console-neve,thd_-35,curve,,1000.0,-12.0,0.1226968811291688,24,-118.34408351750888,-58.22335391094615,-121.20372119827775,-118.22966149380632,-125.67950831974935,-113.5664204798187,-132.52289671645784
bx_console_n,Brainworx,Neve VXS console channel,console-neve,thd_-35,curve,,10000.0,-12.0,0.00011337030544434372,2,-118.91001366555273,,,,,,
bx_console_n,Brainworx,Neve VXS console channel,console-neve,thd_-35,curve,,125.0,-12.0,0.12277111114264676,191,-123.8140893574712,-58.21810600466868,-115.56937525257024,-113.61547428383396,-124.98236569725049,-117.42556180634638,-121.84406561511251
bx_console_n,Brainworx,Neve VXS console channel,console-neve,thd_-35,curve,,1250.0,-12.0,0.12286000395937302,19,-122.20500420952725,-58.21180707408888,-119.67220364406256,-114.31165824490583,-124.58202721650984,-126.72946582607952,-127.90994194747176
bx_console_n,Brainworx,Neve VXS console channel,console-neve,thd_-35,curve,,160.0,-12.0,0.12271254618244329,150,-118.47622164999324,-58.22225225732797,-121.35830089700796,-113.85165160610885,-118.70160231144348,-115.65609408570394,-122.07336312906529
bx_console_n,Brainworx,Neve VXS console channel,console-neve,thd_-35,curve,,1600.0,-12.0,0.12281936521696933,14,-116.03093248584683,-58.214687468070764,-125.0111837177239,-113.47837499336632,-126.65417226431396,-126.7356916415612,-121.18614412895826
bx_console_n,Brainworx,Neve VXS console channel,console-neve,thd_-35,curve,,200.0,-12.0,0.12281227579925805,120,-117.95229587281725,-58.215183616064834,-116.14443596082432,-119.98224563285984,-127.86198874746931,-132.22523919452175,-118.51230088889301
bx_console_n,Brainworx,Neve VXS console channel,console-neve,thd_-35,curve,,2000.0,-12.0,0.12291568983529327,11,-119.69355587433752,-58.20786445441624,-118.32060000714293,-132.38302435029163,-128.8639473660073,-124.26161863340248,-121.6223204259633
bx_console_n,Brainworx,Neve VXS console channel,console-neve,thd_-35,curve,,250.0,-12.0,0.12289528803505932,96,-127.65031303413619,-58.20931572521843,-118.02582274207333,-119.3510334236288,-116.5461637262939,-117.78610634895124,-125.33959130364671
bx_console_n,Brainworx,Neve VXS console channel,console-neve,thd_-35,curve,,2500.0,-12.0,0.12292679693628913,9,-126.5814637417443,-58.207086905097434,-130.3448719674591,-115.63081140346054,-125.20735976316224,-118.4592387644271,-118.05867549054751
bx_console_n,Brainworx,Neve VXS console channel,console-neve,thd_-35,curve,,31.5,-12.0,0.12285783233982354,762,-120.6325265332032,-58.21197230880567,-120.1048143760861,-111.62792700631728,-126.0713660870188,-126.47597302603813,-120.04713052698744
bx_console_n,Brainworx,Neve VXS console channel,console-neve,thd_-35,curve,,315.0,-12.0,0.12277170918901946,76,-120.49843299793984,-58.21805183177494,-124.1204294878836,-116.9041450031992,-125.8215676318889,-125.84409850489907,-116.26725612123565
bx_console_n,Brainworx,Neve VXS console channel,console-neve,thd_-35,curve,,3150.0,-12.0,0.12287475928328037,7,-121.98533908225696,-58.21077757242658,-118.93770510762307,-111.45089941141053,-118.76648147261669,-123.57852674825631,
bx_console_n,Brainworx,Neve VXS console channel,console-neve,thd_-35,curve,,40.0,-12.0,0.12287373681916036,595,-116.3165664002962,-58.21084896655451,-117.12713849257183,-114.13821420440408,-133.26579856792856,-117.07888837918829,-124.04215380832358
bx_console_n,Brainworx,Neve VXS console channel,console-neve,thd_-35,curve,,400.0,-12.0,0.12269248167800813,60,-124.25677586588702,-58.223666838606285,-117.27687353691289,-115.56538819225153,-117.14214792033302,-125.23344024059016,-117.67407125229198
bx_console_n,Brainworx,Neve VXS console channel,console-neve,thd_-35,curve,,4000.0,-12.0,0.12286976506863226,6,-118.26236466830127,-58.21111421738721,-126.00184292594179,-114.74132302344282,-134.35062185111772,,
bx_console_n,Brainworx,Neve VXS console channel,console-neve,thd_-35,curve,,50.0,-12.0,0.12280097325584179,481,-115.52047506934619,-58.21598118106516,-129.06118421292288,-116.59814849037359,-126.67590386907882,-125.67763428437259,-123.7316166691119
bx_console_n,Brainworx,Neve VXS console channel,console-neve,thd_-35,curve,,500.0,-12.0,0.12275326581386715,47,-122.3117238619289,-58.219349380388515,-128.47147987373302,-127.61660069395239,-120.87214362024156,-135.6118669252513,-117.23594480973082
bx_console_n,Brainworx,Neve VXS console channel,console-neve,thd_-35,curve,,5000.0,-12.0,0.12283807410744789,4,-123.81469744018358,-58.213341258404014,-138.668366104339,,,,
bx_console_n,Brainworx,Neve VXS console channel,console-neve,thd_-35,curve,,63.0,-12.0,0.12276106124384537,381,-131.5057504773664,-58.21881308666394,-116.93686250107773,-113.31490935149202,-120.8298766311762,-125.87354801081409,-119.58171005101897
bx_console_n,Brainworx,Neve VXS console channel,console-neve,thd_-35,curve,,630.0,-12.0,0.12290894634999085,38,-117.39540641613522,-58.20836339537583,-114.21329236092107,-113.29048045702834,-120.55810976688674,-125.94309482112936,-128.16379499795175
bx_console_n,Brainworx,Neve VXS console channel,console-neve,thd_-35,curve,,6300.0,-12.0,0.12272269470411584,3,-122.14509497917233,-58.22150410357729,,,,,
bx_console_n,Brainworx,Neve VXS console channel,console-neve,thd_-35,curve,,80.0,-12.0,0.12278315852499597,300,-117.50938471950435,-58.21724727618765,-133.59630310708158,-117.87075750309798,-126.33439109981975,-116.28003887473878,-116.88370041308609
bx_console_n,Brainworx,Neve VXS console channel,console-neve,thd_-35,curve,,800.0,-12.0,0.12272447627451319,30,-118.44649570871002,-58.22141739584935,-118.44040571880691,-114.55669049566795,-117.23210900699387,-126.76797481087809,-112.36372776792003
bx_console_n,Brainworx,Neve VXS console channel,console-neve,thd_-35,curve,,8000.0,-12.0,2.9208437539119772e-05,2,-130.68983348653904,,,,,,
bx_console_n,Brainworx,Neve VXS console channel,console-neve,thd_-40,curve,,100.0,-12.0,0.06625658201605433,239,-118.26295215511774,-63.57548895116622,-121.05354747218607,-118.23064050563079,-117.5171687226509,-118.64091297090069,-129.6437679006698
bx_console_n,Brainworx,Neve VXS console channel,console-neve,thd_-40,curve,,1000.0,-12.0,0.06618729872755857,24,-128.4366159991895,-63.584558339257164,-123.99608121297553,-116.75097309022249,-120.17291263741316,-128.67251606271975,-118.41411299131488
bx_console_n,Brainworx,Neve VXS console channel,console-neve,thd_-40,curve,,10000.0,-12.0,0.00017739320929552167,2,-115.02126018410279,,,,,,
bx_console_n,Brainworx,Neve VXS console channel,console-neve,thd_-40,curve,,125.0,-12.0,0.06625428608293986,191,-115.85422848285292,-63.57577159334838,-120.61710939286014,-127.47540853373863,-135.88856088132496,-119.84820915651247,-123.31393542922177
bx_console_n,Brainworx,Neve VXS console channel,console-neve,thd_-40,curve,,1250.0,-12.0,0.06632168758801318,19,-133.75989220059648,-63.56692820993356,-124.79932409403762,-118.20870828153323,-123.70685262134137,-125.17775255306992,-118.55280212987313
bx_console_n,Brainworx,Neve VXS console channel,console-neve,thd_-40,curve,,160.0,-12.0,0.06633880119939062,150,-124.33270837596046,-63.56470755537706,-119.74680737036165,-128.99870792403442,-116.16612010798349,-117.00210787948576,-129.70165801827181
bx_console_n,Brainworx,Neve VXS console channel,console-neve,thd_-40,curve,,1600.0,-12.0,0.06624900528334657,14,-116.85155060658488,-63.576464062267064,-119.66623787433859,-125.6378570905193,-119.27200522240827,-123.88129362710424,-127.57124462750818
bx_console_n,Brainworx,Neve VXS console channel,console-neve,thd_-40,curve,,200.0,-12.0,0.06623390593544771,120,-120.37608161717992,-63.5784540351935,-125.30470225487286,-121.24503876135036,-120.84632212403064,-119.53390589811697,-116.3814030792658
bx_console_n,Brainworx,Neve VXS console channel,console-neve,thd_-40,curve,,2000.0,-12.0,0.06630803563605449,11,-124.91701812005115,-63.56875941365018,-126.46541095738833,-119.26372321067987,-115.30408454686611,-119.60548301192696,-115.86392134825073
bx_console_n,Brainworx,Neve VXS console channel,console-neve,thd_-40,curve,,250.0,-12.0,0.06628542295883201,96,-131.51622878815135,-63.571693967273205,-125.176883470038,-123.15358654659477,-117.13176256696597,-120.35460880836978,-117.42549823234027
bx_console_n,Brainworx,Neve VXS console channel,console-neve,thd_-40,curve,,2500.0,-12.0,0.06636743853371319,9,-129.37741613795023,-63.56093347295556,-124.37527119696418,-133.02125398792148,-119.41527417740369,-124.56798244445469,-118.28241917141726
bx_console_n,Brainworx,Neve VXS console channel,console-neve,thd_-40,curve,,31.5,-12.0,0.0661691427404733,762,-116.07982196073957,-63.58695606837452,-122.81107360943756,-127.38120198804506,-124.53820963515204,-115.90530349168759,-122.32294153811904
bx_console_n,Brainworx,Neve VXS console channel,console-neve,thd_-40,curve,,315.0,-12.0,0.06627362519024459,76,-119.53616023802357,-63.57333565229546,-128.15718065483708,-110.41828663151774,-116.4565684161056,-116.89354789795453,-122.70401648104473
bx_console_n,Brainworx,Neve VXS console channel,console-neve,thd_-40,curve,,3150.0,-12.0,0.06642151556549579,7,-130.1974596534711,-63.553873495232935,-117.6355642173906,-129.97719036697748,-117.40724769230272,-119.0215790936183,
bx_console_n,Brainworx,Neve VXS console channel,console-neve,thd_-40,curve,,40.0,-12.0,0.06632965531761154,595,-117.71816992957741,-63.56592483616048,-133.87144774906,-113.49920435554102,-117.71934420997871,-130.69457234620015,-130.32751494640706
bx_console_n,Brainworx,Neve VXS console channel,console-neve,thd_-40,curve,,400.0,-12.0,0.06640572435047573,60,-124.86673222509935,-63.555946409459914,-119.3329888423786,-117.24806961348038,-126.29363346221228,-120.71674334986994,-118.84174104469146
bx_console_n,Brainworx,Neve VXS console channel,console-neve,thd_-40,curve,,4000.0,-12.0,0.06629294911570086,6,-136.13993411963375,-63.57070630422996,-116.20075688076415,-117.76089014143861,-118.94341252046655,,
bx_console_n,Brainworx,Neve VXS console channel,console-neve,thd_-40,curve,,50.0,-12.0,0.06623304278010757,481,-118.38568568430165,-63.57857448848415,-122.78581238333925,-118.1159617243811,-134.31477734200558,-125.29839571920667,-115.11388527301101
bx_console_n,Brainworx,Neve VXS console channel,console-neve,thd_-40,curve,,500.0,-12.0,0.0663327031015108,47,-128.93162852550643,-63.56549082954569,-128.9143440333908,-115.97246978709536,-123.31538793571951,-123.09657472485537,-121.01148384146676
bx_console_n,Brainworx,Neve VXS console channel,console-neve,thd_-40,curve,,5000.0,-12.0,0.06623376040982018,4,-121.4156321422156,-63.57841973537524,-130.69212336652777,,,,
bx_console_n,Brainworx,Neve VXS console channel,console-neve,thd_-40,curve,,63.0,-12.0,0.06630623481911511,381,-117.80519520045401,-63.56903439246591,-126.23882007596944,-112.89431107456193,-113.28899794082666,-122.99043072910003,-129.92713489368458
bx_console_n,Brainworx,Neve VXS console channel,console-neve,thd_-40,curve,,630.0,-12.0,0.06615996595929072,38,-122.71238799195689,-63.588146995505674,-117.93801743904805,-128.03566868513903,-118.76942678108966,-118.6141253623851,-125.47962869270847
bx_console_n,Brainworx,Neve VXS console channel,console-neve,thd_-40,curve,,6300.0,-12.0,0.06620455492323102,3,-118.16673525618468,-63.58225770738208,,,,,
bx_console_n,Brainworx,Neve VXS console channel,console-neve,thd_-40,curve,,80.0,-12.0,0.06627520480346051,300,-131.2870459096477,-63.5730156806557,-117.11566535599147,-125.1632909796349,-128.61700111621565,-121.67186644659719,-122.02258482150704
bx_console_n,Brainworx,Neve VXS console channel,console-neve,thd_-40,curve,,800.0,-12.0,0.06613603538495609,30,-118.88024927186262,-63.59130432703226,-124.82175043560802,-116.79088333314198,-117.87602346927503,-124.46842910557264,-119.62835355603643
bx_console_n,Brainworx,Neve VXS console channel,console-neve,thd_-40,curve,,8000.0,-12.0,0.00012244885183994934,2,-118.24090565495229,,,,,,
bx_console_n,Brainworx,Neve VXS console channel,console-neve,thd_-50,curve,,100.0,-12.0,0.02013155256492659,239,-121.18025620544836,-73.92296174752427,-137.65959799354377,-133.3332865652969,-116.65113240672405,-118.79795778960505,-123.7095853734599
bx_console_n,Brainworx,Neve VXS console channel,console-neve,thd_-50,curve,,1000.0,-12.0,0.02011442698095638,24,-123.43370772546493,-73.93079204450737,-133.04188324260807,-125.05472715124259,-123.02828582018543,-111.80447770438128,-120.49456210183521
bx_console_n,Brainworx,Neve VXS console channel,console-neve,thd_-50,curve,,10000.0,-12.0,8.313925811491825e-05,2,-121.60387710394147,,,,,,
bx_console_n,Brainworx,Neve VXS console channel,console-neve,thd_-50,curve,,125.0,-12.0,0.020062025209099284,191,-121.16951770941645,-73.95299405023765,-122.4222375875442,-119.48396259698401,-122.59238687259973,-122.27095192426162,-120.3142707787793
bx_console_n,Brainworx,Neve VXS console channel,console-neve,thd_-50,curve,,1250.0,-12.0,0.02006448287070277,19,-131.34621173204175,-73.95217892050357,-123.32503553814449,-125.55507626049592,-117.26695401244368,-114.04842968328695,-126.7001234919173
bx_console_n,Brainworx,Neve VXS console channel,console-neve,thd_-50,curve,,160.0,-12.0,0.020199796502552884,150,-118.33502831124163,-73.89354853881328,-120.3602429953017,-134.53641714786303,-127.52946324448602,-117.65830390873383,-125.61355712208432
bx_console_n,Brainworx,Neve VXS console channel,console-neve,thd_-50,curve,,1600.0,-12.0,0.01999633798829318,14,-125.34598013549626,-73.9814779181231,-126.6730456732939,-118.64502185031638,-125.44429511032706,-128.11114239509212,-116.62939950077151
bx_console_n,Brainworx,Neve VXS console channel,console-neve,thd_-50,curve,,200.0,-12.0,0.020148381850407796,120,-117.15468891423349,-73.91569106451271,-125.59715897508909,-125.6988312209896,-124.18227175484634,-119.00450400531335,-122.9016454694856
bx_console_n,Brainworx,Neve VXS console channel,console-neve,thd_-50,curve,,2000.0,-12.0,0.020099754986094676,11,-114.36693323534037,-73.93736813860431,-121.06599719460563,-118.17658199604645,-120.84750282613297,-114.69052460661807,-120.83069898321867
bx_console_n,Brainworx,Neve VXS console channel,console-neve,thd_-50,curve,,250.0,-12.0,0.020032476599719948,96,-127.05071403121856,-73.9656421530921,-132.2684793903987,-127.78559495578028,-126.61315402314568,-118.23691573175194,-120.20542339300114
bx_console_n,Brainworx,Neve VXS console channel,console-neve,thd_-50,curve,,2500.0,-12.0,0.020191969666294524,9,-134.82260298462285,-73.89680090426329,-120.45696988062633,-123.70814588061717,-119.32123262727245,-126.69069688856537,-121.11040214918894
bx_console_n,Brainworx,Neve VXS console channel,console-neve,thd_-50,curve,,31.5,-12.0,0.020110825109818764,762,-126.10257030898367,-73.93234960421402,-113.09102921541309,-118.99320952271458,-126.01251302083453,-125.37015127625688,-117.28903768419687
bx_console_n,Brainworx,Neve VXS console channel,console-neve,thd_-50,curve,,315.0,-12.0,0.020116458101375922,76,-126.12108700474336,-73.9293626143056,-120.52537579951158,-122.10690995640725,-124.49098387147694,-118.98173679629879,-125.29272399565826
bx_console_n,Brainworx,Neve VXS console channel,console-neve,thd_-50,curve,,3150.0,-12.0,0.020237235148896245,7,-121.4609402509764,-73.87755303181032,-121.11758227924136,-115.1189709061284,-130.83027942809315,-121.02311420571864,
bx_console_n,Brainworx,Neve VXS console channel,console-neve,thd_-50,curve,,40.0,-12.0,0.020101971518330732,595,-114.26526842777494,-73.93595689933937,-123.88264219519843,-123.25419571463854,-123.15323309109486,-121.90886938830303,-119.84491340467747
bx_console_n,Brainworx,Neve VXS console channel,console-neve,thd_-50,curve,,400.0,-12.0,0.020091374641015132,60,-120.69863279281648,-73.94103160147442,-114.79960365069721,-119.16555342961345,-116.77215822332884,-115.56921355582331,-119.47060164060196
bx_console_n,Brainworx,Neve VXS console channel,console-neve,thd_-50,curve,,4000.0,-12.0,0.01998781829164662,6,-117.38492335126459,-73.98511460613189,-124.58772168117329,-129.91573230035522,-117.93078170530077,,
bx_console_n,Brainworx,Neve VXS console channel,console-neve,thd_-50,curve,,50.0,-12.0,0.020102433587939797,481,-131.57326660351933,-73.9352892878946,-122.56392413291793,-132.65302110065943,-125.018132723704,-136.46304399461707,-118.46983358743378
bx_console_n,Brainworx,Neve VXS console channel,console-neve,thd_-50,curve,,500.0,-12.0,0.020206385385938407,47,-122.28847307351583,-73.89100183677664,-114.6419299972705,-124.29182624973029,-124.71447533846694,-117.83539919429802,-120.45777129571653
bx_console_n,Brainworx,Neve VXS console channel,console-neve,thd_-50,curve,,5000.0,-12.0,0.02014553000058107,4,-124.44172935950985,-73.91651881373976,-122.9477014954606,,,,
bx_console_n,Brainworx,Neve VXS console channel,console-neve,thd_-50,curve,,63.0,-12.0,0.020243387180240126,381,-123.6504101773481,-73.87493219997137,-121.4365662200446,-134.11683933892874,-117.82840422449014,-115.93598678440488,-126.28443289936813
bx_console_n,Brainworx,Neve VXS console channel,console-neve,thd_-50,curve,,630.0,-12.0,0.02019639745529348,38,-121.334778235492,-73.8949516195747,-124.12638554302119,-125.36558247132837,-118.50493073698067,-121.44573195932256,-123.04582549032273
bx_console_n,Brainworx,Neve VXS console channel,console-neve,thd_-50,curve,,6300.0,-12.0,0.0200999533646342,3,-124.02475667596272,-73.93614155640007,,,,,
bx_console_n,Brainworx,Neve VXS console channel,console-neve,thd_-50,curve,,80.0,-12.0,0.020000877089055517,300,-122.82754858045145,-73.97959145704114,-123.7174746720867,-125.88412027247435,-116.87551248562295,-117.56084913640223,-125.85322243812848
bx_console_n,Brainworx,Neve VXS console channel,console-neve,thd_-50,curve,,800.0,-12.0,0.020251018068727308,30,-120.40429538919494,-73.87176242862995,-120.90195694851897,-127.06393182198676,-114.76042046586095,-119.52395374092033,-126.40899726554468
bx_console_n,Brainworx,Neve VXS console channel,console-neve,thd_-50,curve,,8000.0,-12.0,0.00017393344485246073,2,-115.19233803006443,,,,,,
bx_console_n,Brainworx,Neve VXS console channel,console-neve,thd_-60,full,,100.0,-12.0,0.006205613431545749,239,-116.77939111657071,-84.1506619237795,-120.06088187105503,-135.3965068130828,-126.14339525522385,-118.37624457673212,-120.85373357725244
bx_console_n,Brainworx,Neve VXS console channel,console-neve,thd_-60,full,,100.0,-3.0,0.049904870618231824,239,-134.12389041287145,-66.03716333833206,-126.06609659996451,-124.31972319907663,-124.51063609825452,-131.8199479288319,-127.28176599889757
bx_console_n,Brainworx,Neve VXS console channel,console-neve,thd_-60,full,,1000.0,-12.0,0.0064410157600394355,24,-113.15555590514542,-83.83017897785649,-120.25305714121157,-125.41527262726918,-119.86913610372414,-119.06475386428184,-122.9665824403297
bx_console_n,Brainworx,Neve VXS console channel,console-neve,thd_-60,full,,1000.0,-3.0,0.04994075046373575,24,-134.0207422297795,-66.03091195161626,-127.33652140173999,-145.31686395671488,-126.80161999356089,-138.08196551857557,-125.10699167963176
bx_console_n,Brainworx,Neve VXS console channel,console-neve,thd_-60,full,,10000.0,-12.0,0.00016657099039028253,2,-115.56801264087031,,,,,,
bx_console_n,Brainworx,Neve VXS console channel,console-neve,thd_-60,full,,10000.0,-3.0,2.5566300034151358e-05,2,-131.8466423741776,,,,,,
bx_console_n,Brainworx,Neve VXS console channel,console-neve,thd_-60,full,,125.0,-12.0,0.006271926332301233,191,-119.13651683899482,-84.05948250051757,-120.49473114576062,-118.82978074840352,-121.83958709702317,-116.67650974462231,-122.49541575009081
bx_console_n,Brainworx,Neve VXS console channel,console-neve,thd_-60,full,,125.0,-3.0,0.04994833720563233,191,-132.95456014654596,-66.02960466937,-123.05823245129838,-121.59902248421112,-138.29365972189743,-126.89992219030748,-149.06179552457334
bx_console_n,Brainworx,Neve VXS console channel,console-neve,thd_-60,full,,1250.0,-12.0,0.006239977992617995,19,-122.79639610013933,-84.10413561774129,-125.38751928171193,-115.49811376277287,-116.28850124924907,-124.28081174571648,-122.03190131906025
bx_console_n,Brainworx,Neve VXS console channel,console-neve,thd_-60,full,,1250.0,-3.0,0.04992306556553683,19,-129.97164325867257,-66.03398335102848,-128.15858853705242,-129.28171748794574,-131.81981374096983,-140.8726063845188,-135.3903260813497
bx_console_n,Brainworx,Neve VXS console channel,console-neve,thd_-60,full,,160.0,-12.0,0.006266155983071948,150,-116.6209156028134,-84.06777360421655,-118.81464364128342,-117.53188753721443,-134.53002971225382,-118.19989960536368,-126.22749012054248
bx_console_n,Brainworx,Neve VXS console channel,console-neve,thd_-60,full,,160.0,-3.0,0.04990533897793485,150,-135.01929409191087,-66.03707433320264,-128.8190572726571,-123.22772553178231,-129.8675767211084,-139.6758069166818,-130.91154881197312
bx_console_n,Brainworx,Neve VXS console channel,console-neve,thd_-60,full,,1600.0,-12.0,0.006243135610852358,14,-113.71212067734261,-84.09955740148077,-125.93467276869164,-122.03260971030913,-121.83819642390827,-121.42387121703351,-125.00644458368997
bx_console_n,Brainworx,Neve VXS console channel,console-neve,thd_-60,full,,1600.0,-3.0,0.04992343701132034,14,-128.08044736348177,-66.0339336769031,-125.37840344860626,-124.35480251749743,-125.43757952067719,-137.46827094914352,-126.65071808236502
bx_console_n,Brainworx,Neve VXS console channel,console-neve,thd_-60,full,,200.0,-12.0,0.00629909012600183,120,-118.56254746246458,-84.02185927619733,-132.63395668403942,-115.69182142585066,-116.48570482185848,-125.10058653173562,-131.49390028569556
bx_console_n,Brainworx,Neve VXS console channel,console-neve,thd_-60,full,,200.0,-3.0,0.04995833907304709,120,-132.32789318024774,-66.02784546664134,-143.89874306420344,-137.7565956855122,-130.4256856021669,-138.770973744799,-129.17706950204757
bx_console_n,Brainworx,Neve VXS console channel,console-neve,thd_-60,full,,2000.0,-12.0,0.006278512597674071,11,-120.84378209419762,-84.04603675013243,-123.52110436978633,-122.71898177830862,-121.9711178246496,-124.72712886374482,-129.84254152769043
bx_console_n,Brainworx,Neve VXS console channel,console-neve,thd_-60,full,,2000.0,-3.0,0.04993614170190049,11,-139.77480472532872,-66.03171258895532,-126.88602970785817,-128.59812842292513,-131.1489113435654,-127.94617823793001,-129.45267242600167
bx_console_n,Brainworx,Neve VXS console channel,console-neve,thd_-60,full,,250.0,-12.0,0.006392366640229357,96,-118.9979023817327,-83.89185830644097,-117.38457570043036,-120.47565390076407,-125.908456832792,-124.33550382967763,-127.4224755034961
bx_console_n,Brainworx,Neve VXS console channel,console-neve,thd_-60,full,,250.0,-3.0,0.04993193535668792,96,-134.67490527749342,-66.0324613403674,-126.24099422547874,-124.61975300214873,-124.79616021189915,-128.2868030106585,-122.31185929257258
bx_console_n,Brainworx,Neve VXS console channel,console-neve,thd_-60,full,,2500.0,-12.0,0.006284390536583762,9,-117.98390965222872,-84.04140225733278,-132.68736846626362,-117.47671187711322,-118.76651387618325,-121.7732315715101,-121.99880721994455
bx_console_n,Brainworx,Neve VXS console channel,console-neve,thd_-60,full,,2500.0,-3.0,0.04989670455803105,9,-126.42024965609787,-66.03857924131961,-132.9176354462231,-130.69487148747805,-127.88596195705935,-124.53318120273326,-131.71505369550164
bx_console_n,Brainworx,Neve VXS console channel,console-neve,thd_-60,full,,31.5,-12.0,0.00628173272339525,762,-121.69876045773265,-84.04606775360904,-118.8407039816456,-116.49348599437361,-122.66502654516474,-119.82476013602147,-119.41561311662105
bx_console_n,Brainworx,Neve VXS console channel,console-neve,thd_-60,full,,31.5,-3.0,0.049902135947433035,762,-132.87438324512382,-66.03762700672917,-131.3021867317403,-128.79947560517388,-129.2248100132416,-146.37137505898,-127.51496883085714
bx_console_n,Brainworx,Neve VXS console channel,console-neve,thd_-60,full,,315.0,-12.0,0.006266666865909413,76,-115.67199971266638,-84.06821426338274,-133.26153455985553,-114.6386009134348,-124.12420547643413,-128.1028888293519,-118.7062962908175
bx_console_n,Brainworx,Neve VXS console channel,console-neve,thd_-60,full,,315.0,-3.0,0.04995570386712873,76,-130.73576140878708,-66.0283184602824,-126.97467005699565,-127.44296140071614,-124.67190685295515,-126.25506877280682,-129.49320842955322
bx_console_n,Brainworx,Neve VXS console channel,console-neve,thd_-60,full,,3150.0,-12.0,0.006226864797859813,7,-121.94108796925555,-84.11820062137018,-123.00897651842524,-132.74661875217328,-118.235701305163,-122.93096143898109,
bx_console_n,Brainworx,Neve VXS console channel,console-neve,thd_-60,full,,3150.0,-3.0,0.049953360466513455,7,-127.45314608314091,-66.02871535029267,-132.22622839833974,-135.20854154854985,-126.11149872123391,-134.75268025868164,
bx_console_n,Brainworx,Neve VXS console channel,console-neve,thd_-60,full,,40.0,-12.0,0.006279801995100478,595,-128.8525787902139,-84.04684923617222,-119.17790822231538,-127.61395272972541,-115.03816229106346,-126.42419192427234,-124.4361506862152
bx_console_n,Brainworx,Neve VXS console channel,console-neve,thd_-60,full,,40.0,-3.0,0.04995669585362256,595,-133.24656052592258,-66.02814192567065,-125.08454872570309,-124.43155720393649,-133.2085176054724,-130.19923898224366,-132.13136691738777
bx_console_n,Brainworx,Neve VXS console channel,console-neve,thd_-60,full,,400.0,-12.0,0.006327435655190418,60,-122.71967699841483,-83.98323677964115,-118.25784181061785,-116.14508947582857,-118.10483566628483,-124.59104340115422,-120.83904303812096
bx_console_n,Brainworx,Neve VXS console channel,console-neve,thd_-60,full,,400.0,-3.0,0.04996553587127033,60,-126.32197199388328,-66.02660317065207,-129.70333835958957,-125.4256418915214,-133.22369133173464,-129.13093608584012,-137.63007292984338
bx_console_n,Brainworx,Neve VXS console channel,console-neve,thd_-60,full,,4000.0,-12.0,0.006424337189291637,6,-124.80556819360186,-83.8465390335304,-133.09793230106527,-116.74488040418858,-123.42401927332772,,
bx_console_n,Brainworx,Neve VXS console channel,console-neve,thd_-60,full,,4000.0,-3.0,0.049945419406443654,6,-134.73673769097576,-66.03009024756086,-135.23736842011726,-130.8270944308763,-132.45220234859116,,
bx_console_n,Brainworx,Neve VXS console channel,console-neve,thd_-60,full,,50.0,-12.0,0.0062713677352984895,481,-122.00774354951675,-84.0604824939129,-115.97153403320745,-115.80578011008397,-122.54928796970208,-129.1464087020109,-122.7617625797541
bx_console_n,Brainworx,Neve VXS console channel,console-neve,thd_-60,full,,50.0,-3.0,0.04997022311479483,481,-128.26701287156132,-66.02578754053796,-132.3042097480603,-128.16593607627078,-129.37088401984965,-128.45882186783425,-128.33387302408968
bx_console_n,Brainworx,Neve VXS console channel,console-neve,thd_-60,full,,500.0,-12.0,0.006189032822033302,47,-122.80446738020078,-84.1738891206417,-116.11419627625772,-121.9949466639966,-120.21101652555848,-122.14597434242137,-123.69944689075446
bx_console_n,Brainworx,Neve VXS console channel,console-neve,thd_-60,full,,500.0,-3.0,0.049972143151491254,47,-126.61604241196915,-66.02545823983132,-126.10688703056925,-126.33132690310326,-139.66190426835726,-126.36632874583344,-130.80743849393525
bx_console_n,Brainworx,Neve VXS console channel,console-neve,thd_-60,full,,5000.0,-12.0,0.00625856812015851,4,-120.56385434729627,-84.07211802377398,-122.36190621631714,,,,
bx_console_n,Brainworx,Neve VXS console channel,console-neve,thd_-60,full,,5000.0,-3.0,0.04994599902707301,4,-131.68775000203453,-66.02998741318116,-137.35237405344364,,,,
bx_console_n,Brainworx,Neve VXS console channel,console-neve,thd_-60,full,,63.0,-12.0,0.006246434305864493,381,-119.02498053723305,-84.09587283908492,-120.86052516107583,-117.65179309638476,-123.21928276767194,-115.03956279681334,-126.11669580053899
bx_console_n,Brainworx,Neve VXS console channel,console-neve,thd_-60,full,,63.0,-3.0,0.04990918271805207,381,-128.58090764142608,-66.036401216453,-126.1875623874268,-137.93069584234644,-132.722842372724,-131.02877389315154,-131.69346502478052
bx_console_n,Brainworx,Neve VXS console channel,console-neve,thd_-60,full,,630.0,-12.0,0.006227550890767251,38,-120.97710875593555,-84.11810214623095,-125.35837557233185,-120.49681100386066,-118.63452642390966,-130.04806737990327,-122.84062556448242
bx_console_n,Brainworx,Neve VXS console channel,console-neve,thd_-60,full,,630.0,-3.0,0.04990809169808797,38,-125.46797304695515,-66.0366179248539,-128.68290041464678,-122.79808540671233,-132.6587170061445,-121.06525843416193,-124.52064122171822
bx_console_n,Brainworx,Neve VXS console channel,console-neve,thd_-60,full,,6300.0,-12.0,0.006358378169624103,3,-118.39673287448517,-83.9346270738836,,,,,
bx_console_n,Brainworx,Neve VXS console channel,console-neve,thd_-60,full,,6300.0,-3.0,0.04994018410999467,3,-126.02842283092338,-66.03100156366676,,,,,
bx_console_n,Brainworx,Neve VXS console channel,console-neve,thd_-60,full,,80.0,-12.0,0.006198252610720622,300,-121.09242265195597,-84.16103598993281,-137.81355918214513,-118.75009691280965,-119.09519308796155,-121.5357966350995,-117.91856873935936
bx_console_n,Brainworx,Neve VXS console channel,console-neve,thd_-60,full,,80.0,-3.0,0.04997684709559175,300,-125.2069184268262,-66.02463884927901,-132.16655552306213,-125.25916892794443,-126.29004238565095,-150.7801419323371,-136.90648654231555
bx_console_n,Brainworx,Neve VXS console channel,console-neve,thd_-60,full,,800.0,-12.0,0.006241055605475725,30,-129.2747435352261,-84.10026823986081,-118.61480082793054,-118.23290292766153,-121.63366155987512,-124.38267258613863,-120.86545335667799
bx_console_n,Brainworx,Neve VXS console channel,console-neve,thd_-60,full,,800.0,-3.0,0.04996986342280731,30,-133.60338081575733,-66.02584974624534,-135.3199755193774,-125.59334551540553,-125.64942122857303,-132.1327353988006,-131.88401913654553
bx_console_n,Brainworx,Neve VXS console channel,console-neve,thd_-60,full,,8000.0,-12.0,0.0001114697302431695,2,-119.0568609972678,,,,,,
bx_console_n,Brainworx,Neve VXS console channel,console-neve,thd_-60,full,,8000.0,-3.0,4.046966873233284e-05,2,-127.85740701091278,,,,,,
frontdaw_british,Sonimus,British console style,style-frontdaw,matched_thd_0.1_pct,full,thd_0.1_pct,100.0,-12.0,0.09839088997237787,239,-66.99495633996548,-61.14677971475701,-95.32924089415894,-100.88440843185256,-134.04079993509055,-108.79916363881898,-176.7317308497482
frontdaw_british,Sonimus,British console style,style-frontdaw,matched_thd_0.1_pct,full,thd_0.1_pct,100.0,-3.0,0.6742670961744631,239,-70.11610206747876,-43.43863761239049,-72.95289858599132,-79.64413274971554,-91.21713224108004,-111.75366419190874,-122.86574936620752
frontdaw_british,Sonimus,British console style,style-frontdaw,matched_thd_0.1_pct,full,thd_0.1_pct,1000.0,-12.0,0.09666022933642748,24,-67.19311267932264,-61.289064008601684,-95.74012628479223,-106.74846096876762,-140.10324736896882,-113.58486162204784,-152.7775391179033
frontdaw_british,Sonimus,British console style,style-frontdaw,matched_thd_0.1_pct,full,thd_0.1_pct,1000.0,-3.0,0.660766448436101,24,-70.29908700770156,-43.61384718590162,-73.15966690716353,-82.07749129842234,-91.58896429473768,-102.30803644465281,-127.11142213085753
frontdaw_british,Sonimus,British console style,style-frontdaw,matched_thd_0.1_pct,full,thd_0.1_pct,10000.0,-12.0,0.0441261836148117,2,-67.10607264375959,,,,,,
frontdaw_british,Sonimus,British console style,style-frontdaw,matched_thd_0.1_pct,full,thd_0.1_pct,10000.0,-3.0,0.030546738040587936,2,-70.30070318902384,,,,,,
frontdaw_british,Sonimus,British console style,style-frontdaw,matched_thd_0.1_pct,full,thd_0.1_pct,125.0,-12.0,0.0980779548363341,191,-67.03678986533285,-61.17058171646314,-95.37229055370733,-102.66171574525674,-134.18397783123862,-111.28993449486602,-178.70157128987006
frontdaw_british,Sonimus,British console style,style-frontdaw,matched_thd_0.1_pct,full,thd_0.1_pct,125.0,-3.0,0.666301381504031,191,-70.17520104125833,-43.54166690630426,-73.05832035895067,-81.16994506756797,-91.4685245226238,-102.85125039301448,-125.82027156293456
frontdaw_british,Sonimus,British console style,style-frontdaw,matched_thd_0.1_pct,full,thd_0.1_pct,1250.0,-12.0,0.09923064774046438,19,-67.12483841293559,-61.02089275432411,-95.48074612109588,-125.25122485231749,-135.27546972904133,-128.53458108374423,-168.04776369756672
frontdaw_british,Sonimus,British console style,style-frontdaw,matched_thd_0.1_pct,full,thd_0.1_pct,1250.0,-3.0,0.6656106482366635,19,-70.29223932849257,-43.55056505613406,-73.09969998118527,-80.34090502712544,-91.35601471571825,-115.69573069517884,-123.46131849389891
frontdaw_british,Sonimus,British console style,style-frontdaw,matched_thd_0.1_pct,full,thd_0.1_pct,160.0,-12.0,0.09643471889078342,150,-67.11082094438085,-61.33610450901371,-95.5696481621296,-110.12652626435545,-136.7505889553393,-112.09507557771619,-158.67427067600158
frontdaw_british,Sonimus,British console style,style-frontdaw,matched_thd_0.1_pct,full,thd_0.1_pct,160.0,-3.0,0.6677695773164756,150,-70.213351415718,-43.522610050287334,-73.0485480291377,-80.1330993595077,-91.32537386256088,-113.50348295398503,-123.39140535875538
frontdaw_british,Sonimus,British console style,style-frontdaw,matched_thd_0.1_pct,full,thd_0.1_pct,1600.0,-12.0,0.09905051065971829,14,-67.13054831271191,-61.03914659530645,-95.50081223762956,-143.97341670173572,-135.61647844826047,-124.72455607479738,-164.5821525147251
frontdaw_british,Sonimus,British console style,style-frontdaw,matched_thd_0.1_pct,full,thd_0.1_pct,1600.0,-3.0,0.6669132365121231,14,-70.29664885394058,-43.53360874338186,-73.08430622758587,-79.99423069962162,-91.29832331142518,-129.3960315565236,-122.81299548003528
frontdaw_british,Sonimus,British console style,style-frontdaw,matched_thd_0.1_pct,full,thd_0.1_pct,200.0,-12.0,0.09826690728742841,120,-67.08807154129819,-61.13612916217897,-95.43368526372228,-108.66885047991656,-134.6553504391535,-117.70032415388009,-185.20969063491486
frontdaw_british,Sonimus,British console style,style-frontdaw,matched_thd_0.1_pct,full,thd_0.1_pct,200.0,-3.0,0.668528964756729,120,-70.23540109527183,-43.512761575613524,-73.04608891839099,-79.69112319794873,-91.25421610943269,-118.07593514065283,-122.3649663128468
frontdaw_british,Sonimus,British console style,style-frontdaw,matched_thd_0.1_pct,full,thd_0.1_pct,2000.0,-12.0,0.09891885062879889,11,-67.1339407918056,-61.052710208629136,-95.51283551980171,-130.53754876552662,-135.8678898951798,-123.44056546205894,-163.04951549153046
frontdaw_british,Sonimus,British console style,style-frontdaw,matched_thd_0.1_pct,full,thd_0.1_pct,2000.0,-3.0,0.6678789704036696,11,-70.30059450206356,-43.52105836836574,-73.07272808681005,-79.75085174841968,-91.25563051510528,-123.9319384211957,-122.36865429489576
frontdaw_british,Sonimus,British console style,style-frontdaw,matched_thd_0.1_pct,full,thd_0.1_pct,250.0,-12.0,0.0932016762978848,96,-67.24600584717041,-61.676425628379434,-96.00400103835794,-100.17733909308126,-149.92697323961036,-111.42974329464349,-148.27127953891312
frontdaw_british,Sonimus,British console style,style-frontdaw,matched_thd_0.1_pct,full,thd_0.1_pct,250.0,-3.0,0.6662549152694432,96,-70.25071754174428,-43.54225562015964,-73.08012565522029,-80.27942823612469,-91.34319715312844,-121.81741009180563,-123.31076699986914
frontdaw_british,Sonimus,British console style,style-frontdaw,matched_thd_0.1_pct,full,thd_0.1_pct,2500.0,-12.0,0.09978374273713496,9,-67.11126913289733,-60.96415258040993,-95.42690390629119,-117.44943008059316,-134.66322755196924,-137.69539725352416,-179.63300242461003
frontdaw_british,Sonimus,British console style,style-frontdaw,matched_thd_0.1_pct,full,thd_0.1_pct,2500.0,-3.0,0.6629697974972356,9,-70.3003177502337,-43.584985507888746,-73.13276624156097,-81.26487395401627,-91.48220902386983,-105.99374999356885,-125.30595287886021
frontdaw_british,Sonimus,British console style,style-frontdaw,matched_thd_0.1_pct,full,thd_0.1_pct,31.5,-12.0,0.09769521313503099,762,-66.68596335916573,-61.31703552446658,-96.56855847929798,-89.70862907506532,-153.38380946483403,-96.03301419730995,-148.46586731929338
frontdaw_british,Sonimus,British console style,style-frontdaw,matched_thd_0.1_pct,full,thd_0.1_pct,31.5,-3.0,0.6703231860309328,762,-67.25255516509088,-43.49837631152021,-72.86711692147959,-81.11143136299009,-92.89275708736271,-101.62098097653258,-125.51968826150274
frontdaw_british,Sonimus,British console style,style-frontdaw,matched_thd_0.1_pct,full,thd_0.1_pct,315.0,-12.0,0.09850986755690248,76,-67.12462574519839,-61.09995555989865,-95.51488060452834,-119.48628325160834,-135.741896129404,-124.63970305502019,-164.19808334145327
frontdaw_british,Sonimus,British console style,style-frontdaw,matched_thd_0.1_pct,full,thd_0.1_pct,315.0,-3.0,0.6605361697860247,76,-70.26416987293987,-43.616949390770785,-73.15596726794607,-82.18255889491262,-91.60708535161248,-102.31254787627576,-127.2383849519811
frontdaw_british,Sonimus,British console style,style-frontdaw,matched_thd_0.1_pct,full,thd_0.1_pct,3150.0,-12.0,0.09996680346374716,7,-67.10670531976321,-60.94548602898986,-95.41002894896481,-115.17841008307605,-134.40144098790773,-161.5875973499995,
frontdaw_british,Sonimus,British console style,style-frontdaw,matched_thd_0.1_pct,full,thd_0.1_pct,3150.0,-3.0,0.6667827458175762,7,-70.2980605940022,-43.53530012012384,-73.08602207792899,-80.03500744475586,-91.30388594842503,-126.10660285231216,
frontdaw_british,Sonimus,British console style,style-frontdaw,matched_thd_0.1_pct,full,thd_0.1_pct,40.0,-12.0,0.1017454135662371,595,-66.64317948414352,-60.87374915470946,-95.46687735620381,-93.65629397032401,-137.06575795106627,-98.93792342478831,-157.87986631221548
frontdaw_british,Sonimus,British console style,style-frontdaw,matched_thd_0.1_pct,full,thd_0.1_pct,40.0,-3.0,0.6896402776780682,595,-68.70597351274999,-43.24564641543183,-72.6688582788137,-80.83445346894933,-91.72351620218751,-101.84468686132678,-125.55627664180284
frontdaw_british,Sonimus,British console style,style-frontdaw,matched_thd_0.1_pct,full,thd_0.1_pct,400.0,-12.0,0.09958742058974296,60,-67.1092473216436,-60.98591237899129,-95.44130416405098,-120.79689785505737,-134.7645131599127,-129.47695093882038,-176.73377656890705
frontdaw_british,Sonimus,British console style,style-frontdaw,matched_thd_0.1_pct,full,thd_0.1_pct,400.0,-3.0,0.6637985872297361,60,-70.27918594301985,-43.57419187275464,-73.12009157704486,-81.05685550635786,-91.45612825704866,-107.30775805359039,-124.84250785575719
frontdaw_british,Sonimus,British console style,style-frontdaw,matched_thd_0.1_pct,full,thd_0.1_pct,4000.0,-12.0,0.09513860508892791,6,-67.2345383485907,-61.45216792316261,-95.89656941373038,-102.56158649474848,-144.76999321969524,,
frontdaw_british,Sonimus,British console style,style-frontdaw,matched_thd_0.1_pct,full,thd_0.1_pct,4000.0,-3.0,0.663291559102285,6,-70.30048989677017,-43.58077753259206,-73.12884551223762,-81.15318628903555,-91.46677299729694,,
frontdaw_british,Sonimus,British console style,style-frontdaw,matched_thd_0.1_pct,full,thd_0.1_pct,50.0,-12.0,0.10105966301582278,481,-66.74217402808796,-60.92080469222168,-95.27372366535523,-95.92513127035258,-135.36448140890838,-101.13757081826338,-161.32390346844102
frontdaw_british,Sonimus,British console style,style-frontdaw,matched_thd_0.1_pct,full,thd_0.1_pct,50.0,-3.0,0.6934939077142004,481,-69.39451526026988,-43.19558536123633,-72.66213688838316,-79.28961113050843,-91.17622863348403,-107.30593788394698,-122.4913429121249
frontdaw_british,Sonimus,British console style,style-frontdaw,matched_thd_0.1_pct,full,thd_0.1_pct,500.0,-12.0,0.09998647485474894,47,-67.10268444087133,-60.94433457327963,-95.40729891088695,-115.9032131268394,-134.48657878290328,-147.2304082252972,-188.26379300561442
frontdaw_british,Sonimus,British console style,style-frontdaw,matched_thd_0.1_pct,full,thd_0.1_pct,500.0,-3.0,0.6655080224975259,47,-70.29542467130167,-43.55185188033974,-73.10099354243276,-80.58120211773473,-91.37866136448382,-111.67110684022461,-123.92974581305285
frontdaw_british,Sonimus,British console style,style-frontdaw,matched_thd_0.1_pct,full,thd_0.1_pct,5000.0,-12.0,0.0988288359686121,4,-67.1365010016269,-61.061933670376106,-95.52174349770725,,,,
frontdaw_british,Sonimus,British console style,style-frontdaw,matched_thd_0.1_pct,full,thd_0.1_pct,5000.0,-3.0,0.6677124267614531,4,-70.30087884162583,-43.522121975542724,-73.07376020637417,,,,
frontdaw_british,Sonimus,British console style,style-frontdaw,matched_thd_0.1_pct,full,thd_0.1_pct,63.0,-12.0,0.1004002996794208,381,-66.83779168288012,-60.96704391165006,-95.20258384689954,-97.41608407518463,-133.92249088985733,-103.9168816101971,-170.48264390147602
frontdaw_british,Sonimus,British console style,style-frontdaw,matched_thd_0.1_pct,full,thd_0.1_pct,63.0,-3.0,0.6867899964090237,381,-69.79955847839892,-43.279211571817264,-72.77144971448679,-79.29173243606803,-91.10877473743498,-109.7002947436344,-122.44657773880377
frontdaw_british,Sonimus,British console style,style-frontdaw,matched_thd_0.1_pct,full,thd_0.1_pct,630.0,-12.0,0.09965107379267568,38,-67.1111151378169,-60.978564523128796,-95.43624013516305,-115.23639370713653,-134.62648982155733,-132.30563055270102,-184.726442182678
frontdaw_british,Sonimus,British console style,style-frontdaw,matched_thd_0.1_pct,full,thd_0.1_pct,630.0,-3.0,0.6657979814401239,38,-70.28677665740477,-43.5481378333272,-73.09658768291011,-80.2915346916541,-91.35127098541156,-115.93389662807296,-123.39832562509413
frontdaw_british,Sonimus,British console style,style-frontdaw,matched_thd_0.1_pct,full,thd_0.1_pct,6300.0,-12.0,0.09772059037205953,3,-67.1655403247635,-61.17550955532909,,,,,
frontdaw_british,Sonimus,British console style,style-frontdaw,matched_thd_0.1_pct,full,thd_0.1_pct,6300.0,-3.0,0.6670648569199281,3,-70.29914999717745,-43.52575865451638,,,,,
frontdaw_british,Sonimus,British console style,style-frontdaw,matched_thd_0.1_pct,full,thd_0.1_pct,80.0,-12.0,0.09677691263300624,300,-66.99265375591165,-61.32921389758549,-95.50148608148994,-102.81002175690011,-137.34723453645958,-104.13742584497652,-154.73054462420475
frontdaw_british,Sonimus,British console style,style-frontdaw,matched_thd_0.1_pct,full,thd_0.1_pct,80.0,-3.0,0.6774270732542056,300,-70.008590440836,-43.39807442389755,-72.90242549171238,-80.08023997632677,-91.25494636356348,-105.55475079686173,-123.88835115805391
frontdaw_british,Sonimus,British console style,style-frontdaw,matched_thd_0.1_pct,full,thd_0.1_pct,800.0,-12.0,0.09765645348605079,30,-67.16462047584918,-61.184484493897614,-95.63494819378394,-112.04634003927836,-137.69666244451338,-117.86880210878351,-156.641392655572
frontdaw_british,Sonimus,British console style,style-frontdaw,matched_thd_0.1_pct,full,thd_0.1_pct,800.0,-3.0,0.6642494224891925,30,-70.28764930090506,-43.56831575508123,-73.11570010301661,-80.75981627831233,-91.41932095193341,-110.07247283871051,-124.25866289611682
frontdaw_british,Sonimus,British console style,style-frontdaw,matched_thd_0.1_pct,full,thd_0.1_pct,8000.0,-12.0,0.04410291862992993,2,-67.11065337938211,,,,,,
frontdaw_british,Sonimus,British console style,style-frontdaw,matched_thd_0.1_pct,full,thd_0.1_pct,8000.0,-3.0,0.03054735052064291,2,-70.30052903357644,,,,,,
frontdaw_british,Sonimus,British console style,style-frontdaw,mojo_0,full,,100.0,-12.0,4.699972558721218e-08,239,-200.0,-198.06394761322284,-200.0,-194.5047064009538,-200.0,-187.69967083615026,-200.0
frontdaw_british,Sonimus,British console style,style-frontdaw,mojo_0,full,,100.0,-3.0,5.7022140940401837e-08,239,-200.0,-190.10507254369105,-200.0,-192.47314366198987,-200.0,-187.67105867471858,-200.0
frontdaw_british,Sonimus,British console style,style-frontdaw,mojo_0,full,,1000.0,-12.0,7.75584526243743e-08,24,-200.0,-190.19855074737183,-200.0,-198.8150721481519,-200.0,-183.07274419360135,-200.0
frontdaw_british,Sonimus,British console style,style-frontdaw,mojo_0,full,,1000.0,-3.0,3.8851425913573514e-08,24,-200.0,-195.70068705991488,-200.0,-191.36804642533252,-200.0,-192.92215236725312,-200.0
frontdaw_british,Sonimus,British console style,style-frontdaw,mojo_0,full,,10000.0,-12.0,6.177673057888079e-10,2,-200.0,,,,,,
frontdaw_british,Sonimus,British console style,style-frontdaw,mojo_0,full,,10000.0,-3.0,1.4893178637705396e-11,2,-200.0,,,,,,
frontdaw_british,Sonimus,British console style,style-frontdaw,mojo_0,full,,125.0,-12.0,8.659470764737097e-08,191,-200.0,-189.15291310053925,-200.0,-191.31577668153867,-200.0,-182.5612580529101,-200.0
frontdaw_british,Sonimus,British console style,style-frontdaw,mojo_0,full,,125.0,-3.0,7.615292130320484e-08,191,-200.0,-188.18737672050457,-200.0,-197.66972016206054,-200.0,-183.86127759473723,-200.0
frontdaw_british,Sonimus,British console style,style-frontdaw,mojo_0,full,,1250.0,-12.0,7.407917923195522e-08,19,-200.0,-192.2341810668033,-200.0,-190.48192773797263,-200.0,-183.98495257202535,-200.0
frontdaw_british,Sonimus,British console style,style-frontdaw,mojo_0,full,,1250.0,-3.0,7.424571865295111e-08,19,-200.0,-187.31538484809985,-200.0,-188.9847213936969,-200.0,-186.20955279967188,-200.0
frontdaw_british,Sonimus,British console style,style-frontdaw,mojo_0,full,,160.0,-12.0,9.462385723255537e-08,150,-200.0,-198.55010759127794,-200.0,-186.12339581321373,-200.0,-181.9568877674758,-200.0
frontdaw_british,Sonimus,British console style,style-frontdaw,mojo_0,full,,160.0,-3.0,7.475735257691e-08,150,-200.0,-188.52586315435533,-200.0,-190.1968114118888,-200.0,-184.90956544241357,-200.0
frontdaw_british,Sonimus,British console style,style-frontdaw,mojo_0,full,,1600.0,-12.0,5.2891535283117674e-08,14,-200.0,-191.12029679301583,-200.0,-192.46624987378735,-200.0,-188.36211365011454,-200.0
frontdaw_british,Sonimus,British console style,style-frontdaw,mojo_0,full,,1600.0,-3.0,5.2602479087100584e-08,14,-200.0,-188.86647724137686,-200.0,-194.61445603263553,-200.0,-189.4954124445233,-200.0
frontdaw_british,Sonimus,British console style,style-frontdaw,mojo_0,full,,200.0,-12.0,6.117098854797968e-08,120,-200.0,-194.1015306649591,-200.0,-197.3064993872527,-200.0,-184.99346004473244,-200.0
frontdaw_british,Sonimus,British console style,style-frontdaw,mojo_0,full,,200.0,-3.0,6.672975752080886e-08,120,-200.0,-191.9518220432738,-200.0,-190.9003525713025,-200.0,-185.22574810354186,-200.0
frontdaw_british,Sonimus,British console style,style-frontdaw,mojo_0,full,,2000.0,-12.0,7.687847104650082e-08,11,-200.0,-190.92853792448898,-200.0,-188.5259781416079,-200.0,-184.3195336547111,-200.0
frontdaw_british,Sonimus,British console style,style-frontdaw,mojo_0,full,,2000.0,-3.0,7.433909741158486e-08,11,-200.0,-189.0950241961702,-200.0,-187.32018853552435,-200.0,-186.1240182233632,-200.0
frontdaw_british,Sonimus,British console style,style-frontdaw,mojo_0,full,,250.0,-12.0,8.146920614606227e-08,96,-200.0,-200.0,-200.0,-187.9606955430866,-200.0,-183.0142803648968,-200.0
frontdaw_british,Sonimus,British console style,style-frontdaw,mojo_0,full,,250.0,-3.0,3.2333778313807475e-08,96,-200.0,-200.0,-200.0,-193.933232200846,-200.0,-192.44406368521857,-200.0
frontdaw_british,Sonimus,British console style,style-frontdaw,mojo_0,full,,2500.0,-12.0,6.119599751924563e-08,9,-200.0,-195.6896286859968,-200.0,-193.16197681395354,-200.0,-185.23993895234526,-200.0
frontdaw_british,Sonimus,British console style,style-frontdaw,mojo_0,full,,2500.0,-3.0,5.4382121897076076e-08,9,-200.0,-186.752293030757,-200.0,-191.15454160334497,-200.0,-200.0,-200.0
frontdaw_british,Sonimus,British console style,style-frontdaw,mojo_0,full,,31.5,-12.0,8.510745200501409e-08,762,-200.0,-187.1366889214791,-200.0,-185.5406487341591,-200.0,-185.98994323435065,-200.0
frontdaw_british,Sonimus,British console style,style-frontdaw,mojo_0,full,,31.5,-3.0,7.665642570521719e-08,762,-200.0,-193.20788827363452,-200.0,-191.4455529524838,-200.0,-183.296326979189,-200.0
frontdaw_british,Sonimus,British console style,style-frontdaw,mojo_0,full,,315.0,-12.0,3.9298117270797757e-08,76,-200.0,-200.0,-200.0,-192.91742835936225,-200.0,-189.98435459273873,-200.0
frontdaw_british,Sonimus,British console style,style-frontdaw,mojo_0,full,,315.0,-3.0,6.075989730027238e-08,76,-200.0,-186.34076071919267,-200.0,-198.2682356939469,-200.0,-189.13484093960378,-200.0
frontdaw_british,Sonimus,British console style,style-frontdaw,mojo_0,full,,3150.0,-12.0,6.291607305801549e-08,7,-200.0,-192.56267382384715,-200.0,-190.43032337410295,-200.0,-186.0234979675023,
frontdaw_british,Sonimus,British console style,style-frontdaw,mojo_0,full,,3150.0,-3.0,7.907706770362723e-08,7,-200.0,-187.47673254811477,-200.0,-186.45108539669837,-200.0,-186.57326681547715,
frontdaw_british,Sonimus,British console style,style-frontdaw,mojo_0,full,,40.0,-12.0,7.097884107944576e-08,595,-200.0,-194.06647581095325,-200.0,-192.4876720959515,-200.0,-183.8912741150824,-200.0
frontdaw_british,Sonimus,British console style,style-frontdaw,mojo_0,full,,40.0,-3.0,8.431570975030758e-08,595,-200.0,-186.1518334542916,-200.0,-186.7445040866826,-200.0,-185.90508539552135,-200.0
frontdaw_british,Sonimus,British console style,style-frontdaw,mojo_0,full,,400.0,-12.0,8.537423452816894e-08,60,-200.0,-187.24123056302912,-200.0,-185.31171764893614,-200.0,-186.09411151531464,-200.0
frontdaw_british,Sonimus,British console style,style-frontdaw,mojo_0,full,,400.0,-3.0,6.954747429233388e-08,60,-200.0,-186.27334413416935,-200.0,-189.58137057761712,-200.0,-188.6106665287191,-200.0
frontdaw_british,Sonimus,British console style,style-frontdaw,mojo_0,full,,4000.0,-12.0,4.7100306196717926e-08,6,-200.0,-189.3542757295976,-200.0,-189.75667612017614,-200.0,,
frontdaw_british,Sonimus,British console style,style-frontdaw,mojo_0,full,,4000.0,-3.0,4.760303954332162e-08,6,-200.0,-194.9100160830889,-200.0,-187.1149598910735,-200.0,,
frontdaw_british,Sonimus,British console style,style-frontdaw,mojo_0,full,,50.0,-12.0,1.241116299775766e-07,481,-200.0,-180.28201081751655,-200.0,-192.94442152167517,-200.0,-182.5768546276676,-200.0
frontdaw_british,Sonimus,British console style,style-frontdaw,mojo_0,full,,50.0,-3.0,4.444772206436319e-08,481,-200.0,-188.53952591820305,-200.0,-192.85052661816775,-200.0,-200.0,-200.0
frontdaw_british,Sonimus,British console style,style-frontdaw,mojo_0,full,,500.0,-12.0,7.842420683295924e-08,47,-200.0,-185.43796056236656,-200.0,-200.0,-200.0,-184.91962527680656,-200.0
frontdaw_british,Sonimus,British console style,style-frontdaw,mojo_0,full,,500.0,-3.0,4.334867742465009e-08,47,-200.0,-190.52707967285303,-200.0,-196.83055882786022,-200.0,-191.04614922317927,-200.0
frontdaw_british,Sonimus,British console style,style-frontdaw,mojo_0,full,,5000.0,-12.0,2.4070782502220463e-08,4,-200.0,-192.37281405120657,-200.0,,,,
frontdaw_british,Sonimus,British console style,style-frontdaw,mojo_0,full,,5000.0,-3.0,1.276718982453237e-08,4,-200.0,-197.878108289476,-200.0,,,,
frontdaw_british,Sonimus,British console style,style-frontdaw,mojo_0,full,,63.0,-12.0,9.914394298006586e-08,381,-200.0,-189.18299603162956,-200.0,-187.0304513348372,-200.0,-181.77752170631493,-200.0
frontdaw_british,Sonimus,British console style,style-frontdaw,mojo_0,full,,63.0,-3.0,7.770756400935047e-08,381,-200.0,-186.01201130521744,-200.0,-191.44572166281077,-200.0,-185.5026726796512,-200.0
frontdaw_british,Sonimus,British console style,style-frontdaw,mojo_0,full,,630.0,-12.0,1.4757326485415072e-07,38,-200.0,-179.83055044509626,-200.0,-197.2299972368052,-200.0,-179.51140828249822,-200.0
frontdaw_british,Sonimus,British console style,style-frontdaw,mojo_0,full,,630.0,-3.0,6.676181795746812e-08,38,-200.0,-187.10179196164947,-200.0,-188.30032748968338,-200.0,-189.87541050914194,-200.0
frontdaw_british,Sonimus,British console style,style-frontdaw,mojo_0,full,,6300.0,-12.0,3.585235462114591e-08,3,-200.0,-188.91038313147973,,,,,
frontdaw_british,Sonimus,British console style,style-frontdaw,mojo_0,full,,6300.0,-3.0,3.116632042152241e-08,3,-200.0,-190.12811970960658,,,,,
frontdaw_british,Sonimus,British console style,style-frontdaw,mojo_0,full,,80.0,-12.0,6.641736040877151e-08,300,-200.0,-197.99291803985642,-200.0,-189.6125588986248,-200.0,-185.0042208196304,-200.0
frontdaw_british,Sonimus,British console style,style-frontdaw,mojo_0,full,,80.0,-3.0,6.342344492573953e-08,300,-200.0,-200.0,-200.0,-187.07539889533936,-200.0,-186.94036488259687,-200.0
frontdaw_british,Sonimus,British console style,style-frontdaw,mojo_0,full,,800.0,-12.0,8.344264733724043e-08,30,-200.0,-200.0,-200.0,-191.81146923317738,-200.0,-182.0644778203528,-200.0
frontdaw_british,Sonimus,British console style,style-frontdaw,mojo_0,full,,800.0,-3.0,9.512447322577927e-08,30,-200.0,-183.49640552670505,-200.0,-190.8393613705931,-200.0,-184.25522326090345,-200.0
frontdaw_british,Sonimus,British console style,style-frontdaw,mojo_0,full,,8000.0,-12.0,1.3890503871028371e-10,2,-200.0,,,,,,
frontdaw_british,Sonimus,British console style,style-frontdaw,mojo_0,full,,8000.0,-3.0,1.6596428292160105e-10,2,-200.0,,,,,,
frontdaw_british,Sonimus,British console style,style-frontdaw,mojo_100,full,,100.0,-12.0,0.6420011715835455,239,-50.10178217856304,-45.02663623151679,-79.57318038655626,-82.16332208741858,-116.08237963859408,-87.81212746441557,-134.19153364940652
frontdaw_british,Sonimus,British console style,style-frontdaw,mojo_100,full,,100.0,-3.0,4.130666302555569,239,-49.1396662593677,-27.71633178289273,-57.15961862790795,-66.13861257848716,-78.73562418984541,-95.41003967770556,-112.33398306322167
frontdaw_british,Sonimus,British console style,style-frontdaw,mojo_100,full,,1000.0,-12.0,0.687748978276748,24,-50.087460286571314,-44.26126224098047,-78.9596019242387,-99.05282446494455,-118.49908942818944,-169.92347599703146,-168.8344878736279
frontdaw_british,Sonimus,British console style,style-frontdaw,mojo_100,full,,1000.0,-3.0,4.192417712568488,24,-49.4499187702618,-27.584376108988742,-57.060721975708105,-66.1977067380875,-78.28442380565315,-115.91470096726346,-112.09458572035254
frontdaw_british,Sonimus,British console style,style-frontdaw,mojo_100,full,,10000.0,-12.0,0.31301102712186507,2,-50.08880724691003,,,,,,
frontdaw_british,Sonimus,British console style,style-frontdaw,mojo_100,full,,10000.0,-3.0,0.3368889389989563,2,-49.450264957615744,,,,,,
frontdaw_british,Sonimus,British console style,style-frontdaw,mojo_100,full,,125.0,-12.0,0.6428925431542887,191,-50.13510975604013,-45.00026295373905,-79.5564170539364,-83.36767308646024,-116.54637086894617,-90.7064642096658,-136.92174429666102
frontdaw_british,Sonimus,British console style,style-frontdaw,mojo_100,full,,125.0,-3.0,4.1041210488612325,191,-49.191755936643816,-27.77228893134089,-57.220936017779295,-66.66261026049638,-78.83274841490172,-94.7483732130099,-113.27690014103595
frontdaw_british,Sonimus,British console style,style-frontdaw,mojo_100,full,,1250.0,-12.0,0.681763666345411,19,-50.11758268193412,-44.34922486931879,-79.07769578780743,-98.9277809155489,-118.71396207717284,-125.96040633392393,-163.0514317001505
frontdaw_british,Sonimus,British console style,style-frontdaw,mojo_100,full,,1250.0,-3.0,4.1639515811982095,19,-49.41043788839494,-27.64417111331815,-57.12239376688263,-66.46874963699423,-78.43296591700798,-107.07002492227603,-112.64069496176961
frontdaw_british,Sonimus,British console style,style-frontdaw,mojo_100,full,,160.0,-12.0,0.6446321262008814,150,-50.16472496362955,-44.960309348847254,-79.54988052817276,-85.81826574412284,-117.96903183374965,-93.66738940092534,-139.005644897971
frontdaw_british,Sonimus,British console style,style-frontdaw,mojo_100,full,,160.0,-3.0,4.093503820047437,150,-49.22763295884436,-27.794667814983782,-57.25072524928215,-66.80535449085443,-78.84198733550835,-98.96665789668532,-113.30832707713866
frontdaw_british,Sonimus,British console style,style-frontdaw,mojo_100,full,,1600.0,-12.0,0.6843935265818557,14,-50.1045336505241,-44.31040058229033,-79.02497420685057,-99.91906519898761,-118.70612115720435,-124.98165056740616,-174.48652371603174
frontdaw_british,Sonimus,British console style,style-frontdaw,mojo_100,full,,1600.0,-3.0,4.17090994058389,14,-49.43377791885705,-27.629379840769566,-57.10632831550192,-66.76705755127854,-78.4226911606339,-98.97732450624596,-113.370280487201
frontdaw_british,Sonimus,British console style,style-frontdaw,mojo_100,full,,200.0,-12.0,0.6475662396124636,120,-50.185000171811886,-44.90276450753005,-79.53838923647312,-89.38946717930233,-119.971624676989,-97.22527399911618,-142.09839360250325
frontdaw_british,Sonimus,British console style,style-frontdaw,mojo_100,full,,200.0,-3.0,4.095158387629647,120,-49.25286746639314,-27.79094813971519,-57.2546935157817,-66.76396513750666,-78.79867639997249,-105.30577561907796,-112.99635796873531
frontdaw_british,Sonimus,British console style,style-frontdaw,mojo_100,full,,2000.0,-12.0,0.6856681956890598,11,-50.09501843114386,-44.29248995097303,-78.98983755484784,-102.89437673993653,-118.91838446224784,-117.62833045215584,-159.5138409268838
frontdaw_british,Sonimus,British console style,style-frontdaw,mojo_100,full,,2000.0,-3.0,4.177375522231508,11,-49.45529642549011,-27.615663349437042,-57.09102844457766,-67.05017650171035,-78.41246086343577,-95.35076888332352,-114.08975853392556
frontdaw_british,Sonimus,British console style,style-frontdaw,mojo_100,full,,250.0,-12.0,0.6571487864233488,96,-50.17868416711614,-44.739756347936996,-79.43129439092237,-93.90349979279989,-120.43522069870889,-100.60178244593772,-144.17855135743682
frontdaw_british,Sonimus,British console style,style-frontdaw,mojo_100,full,,250.0,-3.0,4.103881614141091,96,-49.27930158320745,-27.77214179501977,-57.24325032464535,-66.72329333226544,-78.73623274460317,-107.02461586716892,-112.80845492508335
frontdaw_british,Sonimus,British console style,style-frontdaw,mojo_100,full,,2500.0,-12.0,0.6875190208828145,9,-50.08896798758681,-44.26453142182809,-78.96283475611364,-99.28667255034973,-118.52865373305976,-140.20914809162102,-171.6704402729223
frontdaw_british,Sonimus,British console style,style-frontdaw,mojo_100,full,,2500.0,-3.0,4.144354378836456,9,-49.465376899145284,-27.68479121571932,-57.15762933951906,-69.36485884828804,-78.70679085644511,-85.64708479618892,-121.6728682211106
frontdaw_british,Sonimus,British console style,style-frontdaw,mojo_100,full,,31.5,-12.0,0.7255531694650287,762,-49.622793194835225,-43.80723997498709,-79.76296779788623,-70.89559623160633,-114.7084485601436,-75.86318828253651,-126.0901861616283
frontdaw_british,Sonimus,British console style,style-frontdaw,mojo_100,full,,31.5,-3.0,4.091850124704068,762,-47.46181650812534,-27.81365664855191,-57.333067377009485,-68.42043185050493,-80.3455598506643,-81.92945919923476,-116.08654836400336
frontdaw_british,Sonimus,British console style,style-frontdaw,mojo_100,full,,315.0,-12.0,0.6668841513057016,76,-50.16470312062488,-44.579987267179945,-79.3165746357394,-106.50156641572359,-119.89196445495912,-105.58926808567428,-149.239663808318
frontdaw_british,Sonimus,British console style,style-frontdaw,mojo_100,full,,315.0,-3.0,4.123691125614733,76,-49.31568841325501,-27.729785592994066,-57.20691145688473,-66.50203387378524,-78.62278222900318,-108.732436798325,-112.41470647722771
frontdaw_british,Sonimus,British console style,style-frontdaw,mojo_100,full,,3150.0,-12.0,0.662800474067445,7,-50.17532294970755,-44.64540715116694,-79.34186087888258,-89.24231696740685,-125.31025915451627,-96.40680298006677,
frontdaw_british,Sonimus,British console style,style-frontdaw,mojo_100,full,,3150.0,-3.0,4.185758744457848,7,-49.43614358972165,-27.598379209807405,-57.07587177811949,-66.08597549960524,-78.30465148074401,-118.1336785966711,
frontdaw_british,Sonimus,British console style,style-frontdaw,mojo_100,full,,40.0,-12.0,0.6992998604864021,595,-49.69751069033835,-44.18892423889341,-79.35467758253108,-74.06590552019519,-115.15294669961142,-78.58427121689631,-127.96345456293184
frontdaw_british,Sonimus,British console style,style-frontdaw,mojo_100,full,,40.0,-3.0,4.236187967066273,595,-48.24743601685826,-27.50235324848823,-56.9501970924162,-66.8286817978174,-79.08485692037394,-84.71445669239355,-113.91185134248774
frontdaw_british,Sonimus,British console style,style-frontdaw,mojo_100,full,,400.0,-12.0,0.6518522349344639,60,-50.218819978719,-44.81893389955311,-79.54463205094919,-87.0336430722733,-127.62141880446165,-94.51641139027812,-134.36353054880254
frontdaw_british,Sonimus,British console style,style-frontdaw,mojo_100,full,,400.0,-3.0,4.133936867215915,60,-49.3787583716975,-27.7075252323985,-57.18508696672198,-67.54882005573026,-78.65258852171827,-92.96859498562732,-115.1802852952969
frontdaw_british,Sonimus,British console style,style-frontdaw,mojo_100,full,,4000.0,-12.0,0.6860128958895468,6,-50.09403256297473,-44.28723779913426,-78.98474311955533,-102.05889317249843,-118.8445241011321,,
frontdaw_british,Sonimus,British console style,style-frontdaw,mojo_100,full,,4000.0,-3.0,4.167014208140186,6,-49.458645074655045,-27.637285941208624,-57.11189878790122,-67.70544057366565,-78.50317132068852,,
frontdaw_british,Sonimus,British console style,style-frontdaw,mojo_100,full,,50.0,-12.0,0.6810353357048202,481,-49.808131143554675,-44.45088440196321,-79.2933485239186,-76.12831596490065,-114.75016773356798,-80.87726976000751,-129.64548189580285
frontdaw_british,Sonimus,British console style,style-frontdaw,mojo_100,full,,50.0,-3.0,4.240554764959702,481,-48.64975524183404,-27.49019784827485,-56.9250997759222,-66.17965874734027,-78.72019806877339,-87.24345267209173,-112.73230550682122
frontdaw_british,Sonimus,British console style,style-frontdaw,mojo_100,full,,500.0,-12.0,0.6740990220888905,47,-50.129993979587496,-44.470479591872454,-79.16068648194943,-95.53086001949077,-121.95189840940301,-100.71061856572658,-140.23738076044333
frontdaw_british,Sonimus,British console style,style-frontdaw,mojo_100,full,,500.0,-3.0,4.149032760940203,47,-49.459642133134835,-27.674974836092304,-57.14765639810794,-69.20432249951135,-78.6831572452645,-85.99212867424455,-120.98849509785964
frontdaw_british,Sonimus,British console style,style-frontdaw,mojo_100,full,,5000.0,-12.0,0.6859728372358661,4,-50.09418523145864,-44.28783069578173,-78.98532159576617,,,,
frontdaw_british,Sonimus,British console style,style-frontdaw,mojo_100,full,,5000.0,-3.0,4.1350316201906345,4,-49.4683229841631,-27.70412752543981,-57.17623702416729,,,,
frontdaw_british,Sonimus,British console style,style-frontdaw,mojo_100,full,,63.0,-12.0,0.6564158790761406,381,-49.95355528148423,-44.82132307673521,-79.47806545002155,-78.75607337639647,-115.67516218432456,-82.89352736840131,-130.60564797241898
frontdaw_british,Sonimus,British console style,style-frontdaw,mojo_100,full,,63.0,-3.0,4.2026214523012,381,-48.908548774920995,-27.566925444051368,-57.00125949138955,-66.0160396665118,-78.65058663495168,-89.86987752540193,-112.38349596218661
frontdaw_british,Sonimus,British console style,style-frontdaw,mojo_100,full,,630.0,-12.0,0.6792179650697103,38,-50.12716261409985,-44.387814190243795,-79.12580487535624,-96.89144616285085,-118.60442511348117,-116.70572144652948,-163.07140545681474
frontdaw_british,Sonimus,British console style,style-frontdaw,mojo_100,full,,630.0,-3.0,4.1339811327357365,38,-49.398604821039704,-27.707273258697388,-57.18428766874795,-67.7957970933249,-78.66749312998729,-91.18108499145657,-115.99953808916474
frontdaw_british,Sonimus,British console style,style-frontdaw,mojo_100,full,,6300.0,-12.0,0.6755505995384234,3,-50.13105849116429,-44.44492905446667,,,,,
frontdaw_british,Sonimus,British console style,style-frontdaw,mojo_100,full,,6300.0,-3.0,4.187343933453591,3,-49.440889292288006,-27.58949112410928,,,,,
frontdaw_british,Sonimus,British console style,style-frontdaw,mojo_100,full,,80.0,-12.0,0.6474650496265999,300,-50.0391383239612,-44.95016647517677,-79.52379263409658,-80.43436917169313,-115.59386346666379,-85.40805573085117,-132.5017192105114
frontdaw_british,Sonimus,British console style,style-frontdaw,mojo_100,full,,80.0,-3.0,4.160899916366105,300,-49.05653089005707,-27.653139453500106,-57.0912370614174,-66.06421921756103,-78.6903511601957,-92.42577530543417,-112.36782046324485
frontdaw_british,Sonimus,British console style,style-frontdaw,mojo_100,full,,800.0,-12.0,0.6475856016424586,30,-50.234955668315095,-44.88796462394487,-79.60355024879038,-85.48336710992544,-131.4254312719366,-94.07183472113584,-133.30195317316472
frontdaw_british,Sonimus,British console style,style-frontdaw,mojo_100,full,,800.0,-3.0,4.160412753720971,30,-49.38963102632081,-27.651787847679557,-57.13093874304934,-66.14877313568336,-78.42498616967079,-110.33874846861602,-111.88469068447938
frontdaw_british,Sonimus,British console style,style-frontdaw,mojo_100,full,,8000.0,-12.0,0.31296703591237374,2,-50.09002806538237,,,,,,
frontdaw_british,Sonimus,British console style,style-frontdaw,mojo_100,full,,8000.0,-3.0,0.3368874533574274,2,-49.45030326147592,,,,,,
frontdaw_british,Sonimus,British console style,style-frontdaw,mojo_25,curve,,100.0,-12.0,0.23633414562093852,239,-59.238500921470774,-53.57380186235343,-87.8119791045617,-94.116753165646,-126.99196312061395,-99.32680691224661,-151.58961449583379
frontdaw_british,Sonimus,British console style,style-frontdaw,mojo_25,curve,,1000.0,-12.0,0.2437024671863347,24,-59.31414761070503,-53.21817763212146,-87.72097018422642,-108.84177463833792,-126.95561221831761,-134.3954444543567,-183.74564921995983
frontdaw_british,Sonimus,British console style,style-frontdaw,mojo_25,curve,,10000.0,-12.0,0.10805491268757351,2,-59.32710966499877,,,,,,
frontdaw_british,Sonimus,British console style,style-frontdaw,mojo_25,curve,,125.0,-12.0,0.23640105706367648,191,-59.272117917581326,-53.56144620320506,-87.81953563431037,-95.43372824211144,-126.87311861898723,-102.15606356687871,-155.02724927537264
frontdaw_british,Sonimus,British console style,style-frontdaw,mojo_25,curve,,1250.0,-12.0,0.24052701159998344,19,-59.348386578354926,-53.35188790687255,-87.85483680010542,-117.90124295980664,-128.51307700523242,-115.26077512685205,-154.53289168897675
frontdaw_british,Sonimus,British console style,style-frontdaw,mojo_25,curve,,160.0,-12.0,0.23734439848190902,150,-59.29394565924113,-53.511692037419735,-87.81315137138053,-97.17768033290002,-126.87526061108116,-105.69451879970555,-160.61917263639242
frontdaw_british,Sonimus,British console style,style-frontdaw,mojo_25,curve,,1600.0,-12.0,0.23750550683631105,14,-59.38052968702507,-53.48149803437668,-87.97921598218132,-102.27236199483161,-130.9225777596517,-107.99493526363479,-147.3757774277529
frontdaw_british,Sonimus,British console style,style-frontdaw,mojo_25,curve,,200.0,-12.0,0.23649298546699762,120,-59.32931127143228,-53.54165088946998,-87.89246820978218,-102.07185443423103,-128.2400217257028,-109.9633719366097,-159.54847692394253
frontdaw_british,Sonimus,British console style,style-frontdaw,mojo_25,curve,,2000.0,-12.0,0.23187064264104812,11,-59.43954333705163,-53.729697375101885,-88.21289356079464,-94.43294761147394,-138.13043367474927,-102.34530307936987,-141.4883681304042
frontdaw_british,Sonimus,British console style,style-frontdaw,mojo_25,curve,,250.0,-12.0,0.239537017364035,96,-59.32102903434331,-53.403792670476555,-87.81857286289856,-105.67155996722317,-127.41807740075004,-113.70527100386452,-168.8986419984417
frontdaw_british,Sonimus,British console style,style-frontdaw,mojo_25,curve,,2500.0,-12.0,0.24396899516047388,9,-59.31209250733868,-53.206862047009565,-87.71022829436276,-107.55485543802078,-126.79406079562196,-172.04587791654797,-177.09333531393457
frontdaw_british,Sonimus,British console style,style-frontdaw,mojo_25,curve,,31.5,-12.0,0.25301077227099883,762,-58.754718057036925,-52.958135140696285,-88.3033186372789,-82.3030940009109,-128.50170468221552,-87.98572707968354,-147.5508711127889
frontdaw_british,Sonimus,British console style,style-frontdaw,mojo_25,curve,,315.0,-12.0,0.24012722712716425,76,-59.33505237491893,-53.37335881306039,-87.84299321740346,-115.17808505803288,-127.91672002874955,-118.01299596299731,-160.34555560277448
frontdaw_british,Sonimus,British console style,style-frontdaw,mojo_25,curve,,3150.0,-12.0,0.24286204712723516,7,-59.32436127089836,-53.25305096966509,-87.75800080194898,-112.38788887167422,-127.31860595624782,-124.39431083400059,
frontdaw_british,Sonimus,British console style,style-frontdaw,mojo_25,curve,,40.0,-12.0,0.25094302596108814,595,-58.830061405135005,-53.0254652119425,-87.71093346006984,-85.27994788694556,-126.95713004198939,-90.72132475789394,-149.63431306110584
frontdaw_british,Sonimus,British console style,style-frontdaw,mojo_25,curve,,400.0,-12.0,0.2348451549724197,60,-59.402876533182905,-53.59907413323061,-88.0903145210268,-98.01700415977224,-132.96981104313582,-104.94024222088339,-144.74540197917514
frontdaw_british,Sonimus,British console style,style-frontdaw,mojo_25,curve,,4000.0,-12.0,0.24336403634803155,6,-59.31849595199963,-53.23214352704252,-87.73464025788991,-110.34227714297327,-127.11618608758036,,
frontdaw_british,Sonimus,British console style,style-frontdaw,mojo_25,curve,,50.0,-12.0,0.23200267397502472,481,-59.10209761763095,-53.82058491954058,-88.22356043878773,-88.16131892934561,-140.77330872437446,-90.78166936774663,-138.5001769052727
frontdaw_british,Sonimus,British console style,style-frontdaw,mojo_25,curve,,500.0,-12.0,0.23832820358291248,47,-59.36789619314523,-53.446989327160345,-87.94142982285273,-103.20032470573963,-130.53529900661962,-108.6854075100652,-147.93259176685515
frontdaw_british,Sonimus,British console style,style-frontdaw,mojo_25,curve,,5000.0,-12.0,0.2424852541429896,4,-59.327693723569254,-53.2690445890001,-87.7703507354836,,,,
frontdaw_british,Sonimus,British console style,style-frontdaw,mojo_25,curve,,63.0,-12.0,0.2429350423925249,381,-59.06515106680075,-53.31765124743696,-87.62126947613359,-89.34622774514503,-125.96612286296872,-95.35548757336585,-152.99082122386096
frontdaw_british,Sonimus,British console style,style-frontdaw,mojo_25,curve,,630.0,-12.0,0.23853456122067873,38,-59.36710539005108,-53.437716883973295,-87.93608062578522,-108.45902449264545,-129.69190527063694,-109.7743176418801,-150.01573466805056
frontdaw_british,Sonimus,British console style,style-frontdaw,mojo_25,curve,,6300.0,-12.0,0.24382228191981994,3,-59.31379476617885,-53.211395152296774,,,,,
frontdaw_british,Sonimus,British console style,style-frontdaw,mojo_25,curve,,80.0,-12.0,0.2345880851515101,300,-59.21208933430043,-53.66331282174448,-87.8999871510547,-94.29076406513738,-128.9101512103891,-95.89996342164666,-145.53577202296367
frontdaw_british,Sonimus,British console style,style-frontdaw,mojo_25,curve,,800.0,-12.0,0.23923234457363104,30,-59.36068475739613,-53.407515157189934,-87.90710428663917,-108.76820309658406,-129.21914232008194,-112.92804734198762,-151.59398212766257
frontdaw_british,Sonimus,British console style,style-frontdaw,mojo_25,curve,,8000.0,-12.0,0.10819681206725218,2,-59.315710703627346,,,,,,
frontdaw_british,Sonimus,British console style,style-frontdaw,mojo_50,full,,100.0,-12.0,0.41404530820677327,239,-54.259452417962606,-48.73352706189519,-83.0765059743637,-87.07334140153458,-120.71160912126186,-94.31171053256622,-145.90243921623656
frontdaw_british,Sonimus,British console style,style-frontdaw,mojo_50,full,,100.0,-3.0,2.7963167082083853,239,-55.1957145266556,-31.09078293725165,-60.5155439982686,-69.14877016058182,-80.3608618699265,-92.56925807562763,-114.74146587001144
frontdaw_british,Sonimus,British console style,style-frontdaw,mojo_50,full,,1000.0,-12.0,0.4280386926209537,24,-54.33027361156285,-48.348435466001966,-82.91470422175652,-108.08417149613635,-122.6516312218528,-119.23523314945427,-160.48690612392073
frontdaw_british,Sonimus,British console style,style-frontdaw,mojo_50,full,,1000.0,-3.0,2.8071681966998723,24,-55.463739136622046,-31.056080439583557,-60.525312345318916,-68.40448722178779,-80.07602742918164,-125.07982659784629,-112.5025152731807
frontdaw_british,Sonimus,British console style,style-frontdaw,mojo_50,full,,10000.0,-12.0,0.1921076074980692,2,-54.32910873306136,,,,,,
frontdaw_british,Sonimus,British console style,style-frontdaw,mojo_50,full,,10000.0,-3.0,0.16856872494250777,2,-55.46445996371793,,,,,,
frontdaw_british,Sonimus,British console style,style-frontdaw,mojo_50,full,,125.0,-12.0,0.4111911803832365,191,-54.310916524484504,-48.79569879835039,-83.15050037357847,-89.63991302310738,-121.67743055650519,-96.27734311581101,-145.74888590144067
frontdaw_british,Sonimus,British console style,style-frontdaw,mojo_50,full,,125.0,-3.0,2.795340074132108,191,-55.24617327100984,-31.093773069086975,-60.52641626969382,-68.28715719570422,-80.24571529911698,-103.262301432559,-112.66890256173826
frontdaw_british,Sonimus,British console style,style-frontdaw,mojo_50,full,,1250.0,-12.0,0.4243569745391495,19,-54.354799911976954,-48.436290712872314,-83.01342483040257,-121.1082944766781,-123.35493075913897,-113.85804113217662,-153.44463398331686
frontdaw_british,Sonimus,British console style,style-frontdaw,mojo_50,full,,1250.0,-3.0,2.759071662691946,19,-55.444459519532,-31.206378916502125,-60.66792849575534,-72.17354508946565,-80.62004220830764,-86.88037247424178,-122.59830633041264
frontdaw_british,Sonimus,British console style,style-frontdaw,mojo_50,full,,160.0,-12.0,0.39883497730186285,150,-54.4155829427402,-49.10653939482686,-83.47789333148447,-96.26197679985282,-127.89409047232965,-95.94327710127061,-138.6567095857246
frontdaw_british,Sonimus,British console style,style-frontdaw,mojo_50,full,,160.0,-3.0,2.7885098854497468,150,-55.28283695241995,-31.114961174573573,-60.55462471659627,-68.2781382921359,-80.24540837829875,-106.26180520806324,-112.43581339089049
frontdaw_british,Sonimus,British console style,style-frontdaw,mojo_50,full,,1600.0,-12.0,0.42884865487960916,14,-54.32829497252037,-48.32838864546442,-82.90387576880522,-102.72164171475497,-122.15502037592672,-138.86667297350385,-173.18714615898256
frontdaw_british,Sonimus,British console style,style-frontdaw,mojo_50,full,,1600.0,-3.0,2.8034095127739143,14,-55.45002535156306,-31.067810814422423,-60.536585323742216,-68.41536707275489,-80.10170617760365,-127.41233900931091,-112.5199787037092
frontdaw_british,Sonimus,British console style,style-frontdaw,mojo_50,full,,200.0,-12.0,0.41363800451853616,120,-54.3577052283631,-48.71659973944215,-83.16234230223264,-95.40650655625598,-123.28326103304549,-103.54423672498064,-153.48164624672557
frontdaw_british,Sonimus,British console style,style-frontdaw,mojo_50,full,,200.0,-3.0,2.7803987300960187,120,-55.30921896103807,-31.140170271484088,-60.58593401218332,-68.75004413367535,-80.30600737700824,-110.78308377500493,-113.19357927584994
frontdaw_british,Sonimus,British console style,style-frontdaw,mojo_50,full,,2000.0,-12.0,0.41977142936446027,11,-54.37808800859468,-48.549097627843764,-83.10820418557418,-98.3886992103986,-125.8711105695872,-103.9113519401029,-143.2981143912532
frontdaw_british,Sonimus,British console style,style-frontdaw,mojo_50,full,,2000.0,-3.0,2.807889622574516,11,-55.46447601189258,-31.053852076119274,-60.523300669673915,-68.32443638745217,-80.06446072749158,-123.48587925263712,-112.34282798918142
frontdaw_british,Sonimus,British console style,style-frontdaw,mojo_50,full,,250.0,-12.0,0.41784214754372545,96,-54.358251369559056,-48.604876891866866,-83.11021647838315,-99.97308951655661,-123.26732198818632,-107.74223519144692,-157.023306762703
frontdaw_british,Sonimus,British console style,style-frontdaw,mojo_50,full,,250.0,-3.0,2.779013091151571,96,-55.3331488624853,-31.14438143604861,-60.59697854031373,-68.96733723609,-80.31562648004586,-111.821473187384,-113.50311421121246
frontdaw_british,Sonimus,British console style,style-frontdaw,mojo_50,full,,2500.0,-12.0,0.42968219392884516,9,-54.321677727702216,-48.308955195989924,-82.8766399554668,-102.79335188429792,-122.1108637569779,-167.61077143499034,-171.6556500753432
frontdaw_british,Sonimus,British console style,style-frontdaw,mojo_50,full,,2500.0,-3.0,2.790057393781632,9,-55.46897019934745,-31.109157343402636,-60.57593635763546,-69.75534265146939,-80.276052230476,-94.33371482666988,-115.39910413504748
frontdaw_british,Sonimus,British console style,style-frontdaw,mojo_50,full,,31.5,-12.0,0.4427527722974921,762,-53.821462330904225,-48.118682134597265,-83.66637143105551,-76.48811422593661,-123.67040153651025,-81.92005905787371,-136.6862620754883
frontdaw_british,Sonimus,British console style,style-frontdaw,mojo_50,full,,31.5,-3.0,2.7791557556998807,762,-52.97093444291462,-31.155811519356867,-60.54856374597995,-69.98541336772688,-81.89217357534201,-87.78159580511038,-115.68510864805724
frontdaw_british,Sonimus,British console style,style-frontdaw,mojo_50,full,,315.0,-12.0,0.422315146449583,76,-54.35274462012167,-48.489509981368705,-83.04826131127743,-111.53350538836585,-122.83902706604705,-112.00582692624494,-159.9135500723036
frontdaw_british,Sonimus,British console style,style-frontdaw,mojo_50,full,,315.0,-3.0,2.7867702129156817,76,-55.36201303096416,-31.12000577254044,-60.58015741710328,-68.68146204947367,-80.24009527689759,-115.28891908413202,-112.90757621835203
frontdaw_british,Sonimus,British console style,style-frontdaw,mojo_50,full,,3150.0,-12.0,0.428278719368194,7,-54.331271020952855,-48.34209045908021,-82.91497545440689,-104.90952635937263,-122.39626098743436,-125.38137874146773,
frontdaw_british,Sonimus,British console style,style-frontdaw,mojo_50,full,,3150.0,-3.0,2.805945140360437,7,-55.454053803155354,-31.05993712705154,-60.529145163342235,-68.28712622537319,-80.07522804402976,-116.73139052039389,
frontdaw_british,Sonimus,British console style,style-frontdaw,mojo_50,full,,40.0,-12.0,0.4307212279297195,595,-53.92068173563696,-48.39271108646227,-83.22836109159309,-79.77693349142676,-124.00624706066779,-84.35480523664691,-137.02506200366983
frontdaw_british,Sonimus,British console style,style-frontdaw,mojo_50,full,,40.0,-3.0,2.874056208099057,595,-54.06624207022651,-30.856464090735727,-60.24083683270905,-69.07804057135768,-80.65179964812725,-89.75071426773661,-114.67135225904565
frontdaw_british,Sonimus,British console style,style-frontdaw,mojo_50,full,,400.0,-12.0,0.4125972717291682,60,-54.41855051673287,-48.72795259121739,-83.29761923098589,-93.15351725437743,-128.45419148412884,-100.09151064346524,-139.9555769878516
frontdaw_british,Sonimus,British console style,style-frontdaw,mojo_50,full,,400.0,-3.0,2.7921972757900657,60,-55.4061773006989,-31.102843712867806,-60.56806576078863,-68.83804491355706,-80.2142873149323,-104.56311621638801,-113.31959786188305
frontdaw_british,Sonimus,British console style,style-frontdaw,mojo_50,full,,4000.0,-12.0,0.4168084879796039,6,-54.39523028675233,-48.62233476041661,-83.1784636403182,-95.00207973830882,-127.3950237176384,,
frontdaw_british,Sonimus,British console style,style-frontdaw,mojo_50,full,,4000.0,-3.0,2.7981903742710887,6,-55.46708601161825,-31.083884412554063,-60.55192118438305,-69.06826570439117,-80.17844799394052,,
frontdaw_british,Sonimus,British console style,style-frontdaw,mojo_50,full,,50.0,-12.0,0.43045731145430727,481,-53.99004720767134,-48.37870320533676,-82.94013895784045,-81.84097596167075,-120.93870325965338,-86.85267121892147,-139.8280973928556
frontdaw_british,Sonimus,British console style,style-frontdaw,mojo_50,full,,50.0,-3.0,2.8803382884458837,481,-54.59899716623185,-30.835133441335874,-60.233544408132474,-68.33060169229296,-80.24075434752504,-92.36851651922835,-113.24996994083088
frontdaw_british,Sonimus,British console style,style-frontdaw,mojo_50,full,,500.0,-12.0,0.42882350426425386,47,-54.3231977145929,-48.330302017898454,-82.89686851431674,-105.96269172034702,-122.46050558492732,-122.80027683555866,-165.0380453605206
frontdaw_british,Sonimus,British console style,style-frontdaw,mojo_50,full,,500.0,-3.0,2.8091352569294963,47,-55.45962683189103,-31.049995813421877,-60.51904284767985,-68.36290078472811,-80.06529747992636,-162.96664398042822,-112.42435370786482
frontdaw_british,Sonimus,British console style,style-frontdaw,mojo_50,full,,5000.0,-12.0,0.4277030587440739,4,-54.333025130157665,-48.35626867850546,-82.92237300424786,,,,
frontdaw_british,Sonimus,British console style,style-frontdaw,mojo_50,full,,5000.0,-3.0,2.8027028125811557,4,-55.46595457091339,-31.0690976360508,-60.53785544530292,,,,
frontdaw_british,Sonimus,British console style,style-frontdaw,mojo_50,full,,63.0,-12.0,0.42076553284362783,381,-54.11732591694161,-48.595137357030545,-83.00965851701017,-84.14584665461796,-121.01264401945356,-89.05319371066932,-140.78819413721507
frontdaw_british,Sonimus,British console style,style-frontdaw,mojo_50,full,,63.0,-3.0,2.858509953028969,381,-54.922660508684615,-30.900224497135007,-60.31162088287141,-67.97050568541067,-80.1208711729894,-95.88439965350574,-112.48432221907898
frontdaw_british,Sonimus,British console style,style-frontdaw,mojo_50,full,,630.0,-12.0,0.42474303024946136,38,-54.351247518998065,-48.4272862815224,-83.0073422483766,-106.81404345703146,-122.89022352673285,-113.55785535008985,-155.84459940334472
frontdaw_british,Sonimus,British console style,style-frontdaw,mojo_50,full,,630.0,-3.0,2.797559623845904,38,-55.419724983413545,-31.086135911727645,-60.55296135655949,-68.42264934563892,-80.14680581536862,-126.89496824130717,-112.55031374276369
frontdaw_british,Sonimus,British console style,style-frontdaw,mojo_50,full,,6300.0,-12.0,0.42227904956125156,3,-54.364631386271924,-48.485845009748346,,,,,
frontdaw_british,Sonimus,British console style,style-frontdaw,mojo_50,full,,6300.0,-3.0,2.7862742931648534,3,-55.46249496506122,-31.115455121592056,,,,,
frontdaw_british,Sonimus,British console style,style-frontdaw,mojo_50,full,,80.0,-12.0,0.41684199531915,300,-54.19884911915612,-48.6759948914004,-83.03186540150337,-85.55888526276973,-120.53945782593206,-91.74460696038551,-143.51004895041783
frontdaw_british,Sonimus,British console style,style-frontdaw,mojo_50,full,,80.0,-3.0,2.8229053068689316,300,-55.100075756255826,-31.008720625530017,-60.42775967842496,-68.59143186414977,-80.24395476643082,-93.96577204114132,-113.67798233478666
frontdaw_british,Sonimus,British console style,style-frontdaw,mojo_50,full,,800.0,-12.0,0.4240077938271569,30,-54.35648212643923,-48.44483981826258,-83.02411739479075,-118.09358393005385,-123.25554276317335,-116.64231175866009,-155.3168321973161
frontdaw_british,Sonimus,British console style,style-frontdaw,mojo_50,full,,800.0,-3.0,2.7625973250681883,30,-55.428743969646504,-31.19535795195469,-60.65696318627421,-71.50474693174371,-80.56366455613188,-88.39817899716235,-120.11896680242465
frontdaw_british,Sonimus,British console style,style-frontdaw,mojo_50,full,,8000.0,-12.0,0.191917183442948,2,-54.33772277310147,,,,,,
frontdaw_british,Sonimus,British console style,style-frontdaw,mojo_50,full,,8000.0,-3.0,0.16850944140752366,2,-55.46751522091902,,,,,,
frontdaw_british,Sonimus,British console style,style-frontdaw,mojo_75,curve,,100.0,-12.0,0.5454466456084287,239,-51.703995523144656,-46.38585422807943,-80.83057583632532,-83.90647521168263,-117.77311850049122,-90.72102403658849,-139.3424529570791
frontdaw_british,Sonimus,British console style,style-frontdaw,mojo_75,curve,,1000.0,-12.0,0.5725276536036356,24,-51.73811201319616,-45.83892048245553,-80.47063781613959,-103.63511410487908,-120.19041584340312,-120.3060703208324,-162.29262204433388
frontdaw_british,Sonimus,British console style,style-frontdaw,mojo_75,curve,,10000.0,-12.0,0.2588168459725397,2,-51.740149191070294,,,,,,
frontdaw_british,Sonimus,British console style,style-frontdaw,mojo_75,curve,,125.0,-12.0,0.5440641385254431,191,-51.74556663684079,-46.401853198750224,-80.85772795241598,-85.64064685560228,-118.43936672467477,-93.2561973439482,-141.33712712992326
frontdaw_british,Sonimus,British console style,style-frontdaw,mojo_75,curve,,1250.0,-12.0,0.57021248696748,19,-51.75427365550022,-45.87902102113094,-80.53277990970247,-100.34566622698304,-119.99063169930096,-128.65464340804638,-166.08439022263843
frontdaw_british,Sonimus,British console style,style-frontdaw,mojo_75,curve,,160.0,-12.0,0.5416938430485584,150,-51.78982402509171,-46.43758256846928,-80.92549117195901,-89.37816261421185,-120.34951433459852,-95.74949138086673,-142.00303619778197
frontdaw_british,Sonimus,British console style,style-frontdaw,mojo_75,curve,,1600.0,-12.0,0.5670643656789106,14,-51.76474216371983,-45.93687376870625,-80.57841807979258,-122.68303249003719,-121.24046958513416,-109.11656301625572,-149.19678595726648
frontdaw_british,Sonimus,British console style,style-frontdaw,mojo_75,curve,,200.0,-12.0,0.5433537422048728,120,-51.81196016487937,-46.396743712395924,-80.93308575667845,-92.62854538648415,-122.0885650330674,-100.37897484836404,-147.16457003390883
frontdaw_british,Sonimus,British console style,style-frontdaw,mojo_75,curve,,2000.0,-12.0,0.5710600839261027,11,-51.744795984987384,-45.86523032809863,-80.4961242320738,-108.3745414192797,-120.54638548398925,-114.54045276373157,-155.01207677317404
frontdaw_british,Sonimus,British console style,style-frontdaw,mojo_75,curve,,250.0,-12.0,0.5447132476957729,96,-51.83187632521018,-46.3630993370049,-80.95226190640722,-93.49374187667088,-124.17605299858535,-119.20863907375049,-151.293914340262
frontdaw_british,Sonimus,British console style,style-frontdaw,mojo_75,curve,,2500.0,-12.0,0.5737144497177552,9,-51.73399919394181,-45.817381701130124,-80.44992681763979,-100.85930651172808,-119.88234603283757,-137.00403076462374,-176.74959292321947
frontdaw_british,Sonimus,British console style,style-frontdaw,mojo_75,curve,,31.5,-12.0,0.594859093330913,762,-51.26267395414179,-45.55355417957303,-81.30833768591958,-73.1631254867766,-118.82582224457079,-78.37053796972714,-130.464699729967
frontdaw_british,Sonimus,British console style,style-frontdaw,mojo_75,curve,,315.0,-12.0,0.5502762462303081,76,-51.82830157754601,-46.2510878013929,-80.88979376498219,-94.10314567179873,-124.0708373154504,-103.88873753577742,-142.79238269861457
frontdaw_british,Sonimus,British console style,style-frontdaw,mojo_75,curve,,3150.0,-12.0,0.5721441022989845,7,-51.74317664006263,-45.844936625041086,-80.48621067351297,-101.6026388717618,-120.02499232261924,-127.41995220875557,
frontdaw_british,Sonimus,British console style,style-frontdaw,mojo_75,curve,,40.0,-12.0,0.5873532705673473,595,-51.302019693697424,-45.67844521276343,-80.67377905780398,-76.3287062147748,-117.56701776773029,-81.184729143137,-132.2632408671597
frontdaw_british,Sonimus,British console style,style-frontdaw,mojo_75,curve,,400.0,-12.0,0.5632257001101971,60,-51.78135819194274,-46.00700895236912,-80.66655325414891,-110.62221789369694,-121.3549524671101,-107.28850553895037,-148.8137438101967
frontdaw_british,Sonimus,British console style,style-frontdaw,mojo_75,curve,,4000.0,-12.0,0.5707105939995869,6,-51.74639351141499,-45.87150731486007,-80.50221742991752,-109.97132053604687,-120.63269067760334,,
frontdaw_british,Sonimus,British console style,style-frontdaw,mojo_75,curve,,50.0,-12.0,0.562510071113176,481,-51.46340537844608,-46.11249977180013,-80.8061619101579,-79.04138246685028,-119.01304236369455,-82.9428976842905,-132.73620706998298
frontdaw_british,Sonimus,British console style,style-frontdaw,mojo_75,curve,,500.0,-12.0,0.5742578836588792,47,-51.728368161883715,-45.808495797522035,-80.44088884669614,-100.55427025003739,-119.84009812979929,-150.50808505470877,-170.2062787990173
frontdaw_british,Sonimus,British console style,style-frontdaw,mojo_75,curve,,5000.0,-12.0,0.5737935857570049,4,-51.7337704079177,-45.81592184734855,-80.4484909515041,,,,
frontdaw_british,Sonimus,British console style,style-frontdaw,mojo_75,curve,,63.0,-12.0,0.5565424132348257,381,-51.555956498986724,-46.20412516148395,-80.73852815778132,-80.76974357502442,-117.6023897713547,-85.6075596990735,-135.14392288683754
frontdaw_british,Sonimus,British console style,style-frontdaw,mojo_75,curve,,630.0,-12.0,0.5620543603234017,38,-51.78772018583678,-46.02819896787458,-80.68324794983428,-119.88073064503482,-121.64166725880457,-105.59096616750422,-146.18423570598785
frontdaw_british,Sonimus,British console style,style-frontdaw,mojo_75,curve,,6300.0,-12.0,0.5658992676877419,3,-51.767620545152596,-45.95716842400194,,,,,
frontdaw_british,Sonimus,British console style,style-frontdaw,mojo_75,curve,,80.0,-12.0,0.5341824088295152,300,-51.70636279360913,-46.62113409012292,-81.06488995294333,-85.92153027583686,-120.75509499826842,-86.27639992137689,-132.58346913219026
frontdaw_british,Sonimus,British console style,style-frontdaw,mojo_75,curve,,800.0,-12.0,0.5673395113389519,30,-51.76704775622931,-45.93095734693573,-80.58906265938923,-104.27434673437722,-120.42164115640165,-126.9117607544719,-167.14086876479956
frontdaw_british,Sonimus,British console style,style-frontdaw,mojo_75,curve,,8000.0,-12.0,0.2576133429034381,2,-51.78063293499718,,,,,,
nls_mike,Waves,SSL 4000 G+ console channel,console-ssl,drive_0,full,,100.0,-12.0,0.2512073127936277,239,-68.39974934365725,-52.26364597124058,-99.23743332437871,-66.90764295958498,-115.44130559987174,-76.18208805559664,-125.81659984828244
nls_mike,Waves,SSL 4000 G+ console channel,console-ssl,drive_0,full,,100.0,-3.0,0.4565417935162752,239,-62.065411726275414,-47.22336881958749,-85.82658732478424,-59.5489158066038,-99.78794463711196,-68.04150903902737,-109.69535382068821
nls_mike,Waves,SSL 4000 G+ console channel,console-ssl,drive_0,full,,1000.0,-12.0,0.07053939105771699,24,-79.89068224912283,-63.25459136996204,-116.20520052041519,-78.81042684974915,-125.2589540848924,-88.1802213728706,-126.29888151401491
nls_mike,Waves,SSL 4000 G+ console channel,console-ssl,drive_0,full,,1000.0,-3.0,0.15479112721762767,24,-72.43413706526113,-56.50329523538767,-100.82475600738222,-70.43051347382352,-115.6629869975037,-79.48290742802405,-125.02091732070059
nls_mike,Waves,SSL 4000 G+ console channel,console-ssl,drive_0,full,,10000.0,-12.0,0.09336662273253399,2,-60.59616700510986,,,,,,
nls_mike,Waves,SSL 4000 G+ console channel,console-ssl,drive_0,full,,10000.0,-3.0,0.16942454251605685,2,-55.420473567560755,,,,,,
nls_mike,Waves,SSL 4000 G+ console channel,console-ssl,drive_0,full,,125.0,-12.0,0.19416914416439954,191,-70.74004546722803,-54.48926176839562,-102.70424539838774,-69.37899260775617,-120.09624582953253,-78.70036251407812,-130.37345966735472
nls_mike,Waves,SSL 4000 G+ console channel,console-ssl,drive_0,full,,125.0,-3.0,0.36913138042026816,191,-64.14238831973593,-49.03833758422725,-88.80899870862295,-61.744166983672464,-103.31301513230588,-70.3947451059533,-113.49224631242123
nls_mike,Waves,SSL 4000 G+ console channel,console-ssl,drive_0,full,,1250.0,-12.0,0.08460211584861882,19,-78.28786486908203,-61.679135667719265,-113.1191899584587,-77.13948062968088,-127.24796020177551,-86.47206621447259,-125.48248634443782
nls_mike,Waves,SSL 4000 G+ console channel,console-ssl,drive_0,full,,1250.0,-3.0,0.18176821211367425,19,-70.95767525440364,-55.11884431427237,-98.53585371487827,-68.85181411498534,-115.12368469021621,-77.84212700087255,-120.07025540784105
nls_mike,Waves,SSL 4000 G+ console channel,console-ssl,drive_0,full,,160.0,-12.0,0.1493271411707477,150,-73.11292391488347,-56.760260794190664,-106.21956872739142,-71.87211344386614,-123.22208614962841,-81.23788490179052,-133.524993094914
nls_mike,Waves,SSL 4000 G+ console channel,console-ssl,drive_0,full,,160.0,-3.0,0.2960764070376041,150,-66.26543623388403,-50.92687212000886,-91.8781312991254,-63.99704505680239,-106.66131541098359,-72.78923919095175,-116.89925171104967
nls_mike,Waves,SSL 4000 G+ console channel,console-ssl,drive_0,full,,1600.0,-12.0,0.10807900333001438,14,-76.10391542753223,-59.557722583620816,-110.95137249448084,-74.87147891206673,-121.93721048618355,-84.20610424202576,-130.91363050286301
nls_mike,Waves,SSL 4000 G+ console channel,console-ssl,drive_0,full,,1600.0,-3.0,0.22506747517606895,14,-68.96661325880392,-53.279757642936296,-95.82438894471564,-66.73681157048642,-110.03993877110068,-75.65334059811346,-126.8129915587439
nls_mike,Waves,SSL 4000 G+ console channel,console-ssl,drive_0,full,,200.0,-12.0,0.11841151529871585,120,-75.1998121588111,-58.76784474612231,-109.18394518271887,-74.05423473406962,-124.85133582212555,-83.42422900973374,-139.106432709347
nls_mike,Waves,SSL 4000 G+ console channel,console-ssl,drive_0,full,,200.0,-3.0,0.2429127151484735,120,-68.14742903439137,-52.62544789786267,-94.59279404715397,-65.99746464186991,-109.45460844493994,-74.8861767151498,-121.10721360759459
nls_mike,Waves,SSL 4000 G+ console channel,console-ssl,drive_0,full,,2000.0,-12.0,0.13733382324497315,11,-73.95615230887815,-57.48368257451269,-107.20415686974464,-72.63664596341363,-126.39856588683179,-81.96693103389096,-123.6442718289421
nls_mike,Waves,SSL 4000 G+ console channel,console-ssl,drive_0,full,,2000.0,-3.0,0.2764701075674668,11,-67.02371144642535,-51.512035411519754,-92.90824326784575,-64.68311322366498,-108.43236920687345,-73.50930860386497,-115.26252203993003
nls_mike,Waves,SSL 4000 G+ console channel,console-ssl,drive_0,full,,250.0,-12.0,0.09535495121298343,96,-77.14068287907219,-60.64302356211841,-111.91209551980268,-76.07215647629575,-127.45212737046545,-85.45082622562391,-139.7759097883066
nls_mike,Waves,SSL 4000 G+ console channel,console-ssl,drive_0,full,,250.0,-3.0,0.20141788072239158,96,-69.9117492388925,-54.23581761090475,-97.13499868774844,-67.87047392032268,-112.26911941679967,-76.83842154485254,-125.89066541647911
nls_mike,Waves,SSL 4000 G+ console channel,console-ssl,drive_0,full,,2500.0,-12.0,0.1742443891603832,9,-71.8100973300913,-55.4238652013662,-104.15529647446094,-70.40093008275599,-118.3151957983419,-79.68742871992728,-124.30701330402539
nls_mike,Waves,SSL 4000 G+ console channel,console-ssl,drive_0,full,,2500.0,-3.0,0.3379720015925006,9,-65.1013855052003,-49.789185482912586,-90.16211367971411,-62.65956145550393,-104.32271615966785,-71.35924153232212,-120.40634527512489
nls_mike,Waves,SSL 4000 G+ console channel,console-ssl,drive_0,full,,31.5,-12.0,1.7631847709151038,762,-49.78586494006713,-35.54589578822941,-72.33871555575078,-47.29778532327843,-85.73144415763223,-55.51386167910561,-95.39816616321022
nls_mike,Waves,SSL 4000 G+ console channel,console-ssl,drive_0,full,,31.5,-3.0,2.0305706639117247,762,-45.87608539045911,-34.75854701948713,-63.78538111713521,-43.73010657661389,-74.39038537196014,-50.29413330934546,-82.30043302608976
nls_mike,Waves,SSL 4000 G+ console channel,console-ssl,drive_0,full,,315.0,-12.0,0.07797828968553483,76,-78.93622094902689,-62.38562365312348,-114.87899330496347,-77.93379533710122,-133.4776113829167,-87.34658249179441,-145.29950343221176
nls_mike,Waves,SSL 4000 G+ console channel,console-ssl,drive_0,full,,315.0,-3.0,0.16888581973050795,76,-71.55782661250373,-55.752222627211516,-99.58635064822485,-69.61454548427407,-115.37629319875299,-78.6563861232548,-126.1747262272749
nls_mike,Waves,SSL 4000 G+ console channel,console-ssl,drive_0,full,,3150.0,-12.0,0.21955884958746852,7,-69.71037446337652,-53.424886463294435,-101.03301961455799,-68.20600130690642,-115.38191608842737,-77.51547446100842,
nls_mike,Waves,SSL 4000 G+ console channel,console-ssl,drive_0,full,,3150.0,-3.0,0.40923439404664924,7,-63.24120775108058,-48.15190425648741,-87.49382661982231,-60.70520379833187,-101.46341831000306,-69.3168388380734,
nls_mike,Waves,SSL 4000 G+ console channel,console-ssl,drive_0,full,,40.0,-12.0,1.0617880539161446,595,-54.84876872708253,-39.86575372846711,-79.47678281167389,-52.55305536706298,-93.87791124369258,-61.19881960463802,-104.07565925690919
nls_mike,Waves,SSL 4000 G+ console channel,console-ssl,drive_0,full,,40.0,-3.0,1.3990016434377885,595,-50.27974578956949,-37.80141676921684,-69.47837880561777,-47.68311667332607,-80.97935992995973,-54.8553326764193,-89.5341278377144
nls_mike,Waves,SSL 4000 G+ console channel,console-ssl,drive_0,full,,400.0,-12.0,0.06625232640438436,60,-80.39211608613377,-63.79782626946599,-116.95738460632691,-79.4261805335263,-135.7231770348418,-88.83479781382735,-156.22891747885478
nls_mike,Waves,SSL 4000 G+ console channel,console-ssl,drive_0,full,,400.0,-3.0,0.1462318975262376,60,-72.8995212437119,-56.99346558166258,-101.53099760255658,-71.02440604132828,-117.52478361046592,-80.10618616585955,-128.93975546059517
nls_mike,Waves,SSL 4000 G+ console channel,console-ssl,drive_0,full,,4000.0,-12.0,0.2716085474680155,6,-67.74694524982355,-51.57043372582258,-98.16114060430235,-66.13682504020845,-118.7766670974368,,
nls_mike,Waves,SSL 4000 G+ console channel,console-ssl,drive_0,full,,4000.0,-3.0,0.4851833876541356,6,-61.52202020606326,-46.666569824877975,-85.04236991165256,-58.901307587369985,-99.74733173300783,,
nls_mike,Waves,SSL 4000 G+ console channel,console-ssl,drive_0,full,,50.0,-12.0,0.712199095665894,481,-58.704229093030776,-43.28688984849261,-85.00922087848426,-56.622672275742836,-100.05402252275267,-65.5199258503832,-110.56478621768242
nls_mike,Waves,SSL 4000 G+ console channel,console-ssl,drive_0,full,,50.0,-3.0,1.0373599468844263,481,-53.60991541734103,-40.28549879130458,-73.9533120578576,-50.88287789829093,-86.15827925835231,-58.491163246596884,-95.1793918548264
nls_mike,Waves,SSL 4000 G+ console channel,console-ssl,drive_0,full,,500.0,-12.0,0.06027374527298324,47,-81.23811266864621,-64.61798293836166,-119.53329142026335,-80.26294281538529,-127.1298809285185,-89.76774064756336,-129.77228131383438
nls_mike,Waves,SSL 4000 G+ console channel,console-ssl,drive_0,full,,500.0,-3.0,0.13445601697248294,47,-73.68238148733298,-57.71778208107152,-102.89507768809393,-71.82776823104942,-116.7128741499373,-80.96669157442312,-131.39441808841755
nls_mike,Waves,SSL 4000 G+ console channel,console-ssl,drive_0,full,,5000.0,-12.0,0.3199974921770714,4,-66.06126779911699,-50.003502073755925,-96.37937386243868,,,,
nls_mike,Waves,SSL 4000 G+ console channel,console-ssl,drive_0,full,,5000.0,-3.0,0.5439336037161889,4,-60.07025038113308,-45.436708329910466,-83.14273990681932,,,,
nls_mike,Waves,SSL 4000 G+ console channel,console-ssl,drive_0,full,,63.0,-12.0,0.4789386208479762,381,-62.44697776299497,-46.69822599654246,-90.46520104043915,-60.59511561485423,-106.09818882028642,-69.67595690995202,-116.86063330026019
nls_mike,Waves,SSL 4000 G+ console channel,console-ssl,drive_0,full,,63.0,-3.0,0.76454666031353,381,-56.85173431497064,-42.84832318813485,-78.43444041358039,-54.13391811902727,-91.33943484430917,-62.12382542222494,-100.79147539954795
nls_mike,Waves,SSL 4000 G+ console channel,console-ssl,drive_0,full,,630.0,-12.0,0.05880542061163912,38,-81.48256689791666,-64.83136504686368,-118.94521712440417,-80.49403718263324,-138.40741429035165,-89.89070346723469,-146.35948755361954
nls_mike,Waves,SSL 4000 G+ console channel,console-ssl,drive_0,full,,630.0,-3.0,0.13155245327358728,38,-73.90351102422326,-57.905965405409034,-103.03836056801799,-72.03617968245362,-119.24285759112101,-81.1393196108692,-130.3550931594254
nls_mike,Waves,SSL 4000 G+ console channel,console-ssl,drive_0,full,,6300.0,-12.0,0.38281175785679794,3,-64.42439465982677,-48.448632412608845,,,,,
nls_mike,Waves,SSL 4000 G+ console channel,console-ssl,drive_0,full,,6300.0,-3.0,0.6249184968694624,3,-58.662848520800935,-44.237535740854106,,,,,
nls_mike,Waves,SSL 4000 G+ console channel,console-ssl,drive_0,full,,80.0,-12.0,0.33750821151284105,300,-65.6926410683778,-49.71449708505338,-95.25090562306835,-64.04096632330756,-111.28348269000874,-73.24142267582764,-121.68396234144289
nls_mike,Waves,SSL 4000 G+ console channel,console-ssl,drive_0,full,,80.0,-3.0,0.5797889681678051,300,-59.68338215457173,-45.189809371124355,-82.43147482700054,-57.05377984679768,-95.9372075049688,-65.3352869568618,-105.62877601977806
nls_mike,Waves,SSL 4000 G+ console channel,console-ssl,drive_0,full,,800.0,-12.0,0.06225514150853539,30,-80.99353040804468,-64.33721758841196,-118.33317638713757,-79.9605196838631,-139.78351080134496,-89.36501262985612,-157.08333174295151
nls_mike,Waves,SSL 4000 G+ console channel,console-ssl,drive_0,full,,800.0,-3.0,0.1384740038657474,30,-73.44917241378361,-57.46372792529119,-102.37365494174807,-71.52515072025197,-118.6839832337794,-80.61883738793435,-130.54791218326608
nls_mike,Waves,SSL 4000 G+ console channel,console-ssl,drive_0,full,,8000.0,-12.0,0.07409849752229854,2,-62.60381196035685,,,,,,
nls_mike,Waves,SSL 4000 G+ console channel,console-ssl,drive_0,full,,8000.0,-3.0,0.13938372644178773,2,-57.11575857484564,,,,,,
nls_mike,Waves,SSL 4000 G+ console channel,console-ssl,drive_12,full,,100.0,-12.0,8.046328558712773,239,-34.34324373039297,-23.011049708506913,-34.173148202197055,-32.33516300244479,-40.54182957179467,-42.864014756241914,-61.408349695679554
nls_mike,Waves,SSL 4000 G+ console channel,console-ssl,drive_12,full,,100.0,-3.0,32.962614291983165,239,-22.194276880867157,-10.877923900868307,-47.86809745004039,-17.394942947480974,-51.04651051918513,-25.746517564341126,-47.61845656101401
nls_mike,Waves,SSL 4000 G+ console channel,console-ssl,drive_12,full,,1000.0,-12.0,5.346443858019244,24,-28.508644303202107,-30.97324740697186,-45.360535040578725,-33.14008214132467,-49.62164356036692,-39.36896820733785,-50.6807869179156
nls_mike,Waves,SSL 4000 G+ console channel,console-ssl,drive_12,full,,1000.0,-3.0,31.17748925267961,24,-33.19850695716142,-11.007000004352566,-35.17504469135932,-18.36424611660086,-36.94931427094347,-26.492437854083263,-40.09751593490126
nls_mike,Waves,SSL 4000 G+ console channel,console-ssl,drive_12,full,,10000.0,-12.0,3.155793172413107,2,-30.017829355279723,,,,,,
nls_mike,Waves,SSL 4000 G+ console channel,console-ssl,drive_12,full,,10000.0,-3.0,8.03865481380399,2,-21.896332397717156,,,,,,
nls_mike,Waves,SSL 4000 G+ console channel,console-ssl,drive_12,full,,125.0,-12.0,8.004239153002164,191,-32.10045567341507,-23.310324972350198,-33.16765981614558,-32.972131447031636,-41.74510482787667,-42.11148523129495,-50.466345268783286
nls_mike,Waves,SSL 4000 G+ console channel,console-ssl,drive_12,full,,125.0,-3.0,33.224099596037675,191,-22.326365725422633,-10.774598651014708,-43.543189946982054,-17.4423825394628,-53.85324097108159,-25.53903524176406,-52.84446600756405
nls_mike,Waves,SSL 4000 G+ console channel,console-ssl,drive_12,full,,1250.0,-12.0,5.304220546237845,19,-28.526877940332696,-31.12770789349689,-44.84614185060487,-33.21421434440171,-50.406481107376464,-39.55311700925583,-50.67074269840779
nls_mike,Waves,SSL 4000 G+ console channel,console-ssl,drive_12,full,,1250.0,-3.0,30.856246144963475,19,-35.685221717937,-11.072462718561322,-35.82240692456108,-18.497166768832948,-36.82584103079246,-26.7748242703165,-39.32363412918277
nls_mike,Waves,SSL 4000 G+ console channel,console-ssl,drive_12,full,,160.0,-12.0,7.725098046573508,150,-30.713961835032,-23.961079516277685,-32.961309229236136,-33.41663591911915,-44.101199450642824,-40.76590714261245,-47.29092852018091
nls_mike,Waves,SSL 4000 G+ console channel,console-ssl,drive_12,full,,160.0,-3.0,33.10171265198957,150,-22.80919902484336,-10.751180371470888,-37.39373940382388,-17.609400993552565,-45.19661378459392,-25.742769202068317,-61.719512344107244
nls_mike,Waves,SSL 4000 G+ console channel,console-ssl,drive_12,full,,1600.0,-12.0,5.306073651146291,14,-28.58334174891407,-31.003051418364894,-42.52764520936005,-33.258366730316716,-52.46743653021758,-40.26364187156708,-50.92126691750561
nls_mike,Waves,SSL 4000 G+ console channel,console-ssl,drive_12,full,,1600.0,-3.0,30.470186894248858,14,-39.27706196058166,-11.152865949532487,-36.308673080575986,-18.67743847404728,-36.665042997078416,-27.231195239434726,-38.58868399192515
nls_mike,Waves,SSL 4000 G+ console channel,console-ssl,drive_12,full,,200.0,-12.0,7.329665488201856,120,-29.99765304779058,-24.796589710107266,-33.30433005212163,-33.46720810107146,-47.29666277111186,-39.976287133713925,-46.69062545597417
nls_mike,Waves,SSL 4000 G+ console channel,console-ssl,drive_12,full,,200.0,-3.0,32.814701139544844,120,-23.512702385049593,-10.776057767566545,-34.89963361638274,-17.775537886538324,-41.58579051138156,-26.02002039375342,-51.24425488499533
nls_mike,Waves,SSL 4000 G+ console channel,console-ssl,drive_12,full,,2000.0,-12.0,5.351351378817651,11,-28.63426507156324,-30.612513443058084,-40.46592353925202,-33.400800568690016,-57.019683686711026,-41.51779771822766,-51.95180945327938
nls_mike,Waves,SSL 4000 G+ console channel,console-ssl,drive_12,full,,2000.0,-3.0,30.10562198623506,11,-42.10571219868744,-11.22345875487725,-36.63509833390092,-18.884876552695346,-36.722685252871216,-27.91599926067405,-38.2050548691412
nls_mike,Waves,SSL 4000 G+ console channel,console-ssl,drive_12,full,,250.0,-12.0,6.892991700833429,96,-29.57171690937991,-25.77228326939867,-33.99788654760278,-33.27929902534714,-52.048227183419286,-39.70086203981038,-47.22581382484073
nls_mike,Waves,SSL 4000 G+ console channel,console-ssl,drive_12,full,,250.0,-3.0,32.50753731972846,96,-24.41338512260568,-10.814833334470439,-33.58844879871714,-17.906798124581385,-39.489914990893716,-26.20320546323078,-46.63947392572287
nls_mike,Waves,SSL 4000 G+ console channel,console-ssl,drive_12,full,,2500.0,-12.0,5.427967817630346,9,-28.659714198789437,-29.995307547102282,-38.759013857858086,-33.85412535646145,-73.38078396962617,-44.37313427707301,-56.36915311294903
nls_mike,Waves,SSL 4000 G+ console channel,console-ssl,drive_12,full,,2500.0,-3.0,29.644400027528192,9,-40.53476874712472,-11.298624305510877,-36.640384417649535,-19.24691157460427,-36.13067785719161,-29.736200470558636,-36.58516683191777
nls_mike,Waves,SSL 4000 G+ console channel,console-ssl,drive_12,full,,31.5,-12.0,11.40285083242528,762,-30.971248767675878,-19.755660878458837,-48.961914702187954,-28.789249153031097,-59.61698530950942,-35.39604880412198,-67.56767805299509
nls_mike,Waves,SSL 4000 G+ console channel,console-ssl,drive_12,full,,31.5,-3.0,19.398901143426922,762,-37.72196534097772,-15.39854847621262,-27.837087204960614,-21.8856337724425,-36.67670373040743,-38.132752751258735,-39.18154277779799
nls_mike,Waves,SSL 4000 G+ console channel,console-ssl,drive_12,full,,315.0,-12.0,6.457202865745782,76,-29.262798924480407,-26.879691698401345,-35.044626419805944,-32.9955199468428,-60.547780875856,-39.84030071306044,-48.56745962986693
nls_mike,Waves,SSL 4000 G+ console channel,console-ssl,drive_12,full,,315.0,-3.0,32.24186993843389,76,-25.52997552345113,-10.850406415372642,-32.94292027513397,-17.99624531583904,-38.14006861143076,-26.241355270383487,-44.175498928920064
nls_mike,Waves,SSL 4000 G+ console channel,console-ssl,drive_12,full,,3150.0,-12.0,5.521484244420763,7,-28.665048970457935,-29.19051969116833,-37.57098090148224,-35.34453196219846,-52.78151064996281,-49.35602851290727,
nls_mike,Waves,SSL 4000 G+ console channel,console-ssl,drive_12,full,,3150.0,-3.0,28.91726063640703,7,-37.033036999434,-11.392069742246264,-35.28395897525108,-20.150947688610998,-32.85367638727584,-34.273519430180606,
nls_mike,Waves,SSL 4000 G+ console channel,console-ssl,drive_12,full,,40.0,-12.0,9.15039404705894,595,-35.47664343790394,-21.430984107887753,-53.20214082207971,-31.28049936129203,-58.35147393607306,-38.36942938004809,-65.28263891074558
nls_mike,Waves,SSL 4000 G+ console channel,console-ssl,drive_12,full,,40.0,-3.0,22.766217007071614,595,-28.692695116755512,-13.922892826922041,-27.328286223654395,-21.36684871504879,-40.43676815718604,-31.841971041847255,-42.19406773149074
nls_mike,Waves,SSL 4000 G+ console channel,console-ssl,drive_12,full,,400.0,-12.0,6.074110108405927,60,-29.00475676222873,-28.034787786274574,-36.50061193044122,-32.767284536803785,-58.12071471441847,-40.181911033576625,-50.16382062259673
nls_mike,Waves,SSL 4000 G+ console channel,console-ssl,drive_12,full,,400.0,-3.0,32.033660572439636,60,-26.823820846901544,-10.876335484125825,-32.82921338625243,-18.05558167071387,-37.34484293019129,-26.188731562158093,-42.80110727380716
nls_mike,Waves,SSL 4000 G+ console channel,console-ssl,drive_12,full,,4000.0,-12.0,5.524813311440781,6,-28.85114861108729,-28.293061538658737,-37.45840224789209,-41.320572896023975,-48.31484967779933,,
nls_mike,Waves,SSL 4000 G+ console channel,console-ssl,drive_12,full,,4000.0,-3.0,27.388356138220697,6,-34.734443332681664,-11.603562791597927,-32.00460629259816,-23.932550161844492,-30.57495798413411,,
nls_mike,Waves,SSL 4000 G+ console channel,console-ssl,drive_12,full,,50.0,-12.0,7.973941090762753,481,-43.00123257406817,-22.530535232921697,-56.95851870831831,-32.225358207555374,-53.53654764803772,-39.404676577172964,-53.90587434781026
nls_mike,Waves,SSL 4000 G+ console channel,console-ssl,drive_12,full,,50.0,-3.0,26.33135471097615,481,-25.399232020657752,-12.652345930475224,-28.09291286571643,-20.175866653859288,-47.85141209411275,-30.146445506495816,-47.943620325535825
nls_mike,Waves,SSL 4000 G+ console channel,console-ssl,drive_12,full,,500.0,-12.0,5.792812675618505,47,-28.80140723435794,-29.04172860391901,-38.29293154518638,-32.70700120825019,-52.90590961272795,-40.29821113830954,-50.889995820841136
nls_mike,Waves,SSL 4000 G+ console channel,console-ssl,drive_12,full,,500.0,-3.0,31.864247069735857,47,-28.139136123193587,-10.896055617045262,-33.10330722205301,-18.107105507040494,-36.98194934708035,-26.152393600070113,-41.98526048297605
nls_mike,Waves,SSL 4000 G+ console channel,console-ssl,drive_12,full,,5000.0,-12.0,5.535815708030529,4,-29.155015692771965,-27.64093728094405,-38.91955096050621,,,,
nls_mike,Waves,SSL 4000 G+ console channel,console-ssl,drive_12,full,,5000.0,-3.0,24.737056521385757,4,-33.02390302445525,-12.274457186476155,-28.350381460066068,,,,
nls_mike,Waves,SSL 4000 G+ console channel,console-ssl,drive_12,full,,63.0,-12.0,7.61942618916714,381,-49.37000561263156,-23.05304795653985,-41.9131159261616,-32.051341429347886,-43.36698994220796,-40.274891762007016,-48.19833341935323
nls_mike,Waves,SSL 4000 G+ console channel,console-ssl,drive_12,full,,63.0,-3.0,29.739184550640086,381,-23.414850747409872,-11.678188789985821,-30.76290432680732,-18.61717427800445,-45.06770422338825,-28.820438565440934,-51.88852248320454
nls_mike,Waves,SSL 4000 G+ console channel,console-ssl,drive_12,full,,630.0,-12.0,5.581049576617475,38,-28.641197058523105,-29.91386573499983,-40.63864434799376,-32.805312471033304,-50.50999909601897,-40.01070582434367,-50.81344321428926
nls_mike,Waves,SSL 4000 G+ console channel,console-ssl,drive_12,full,,630.0,-3.0,31.674474014846723,38,-29.601157235601292,-10.920812018662309,-33.66608271130922,-18.175236157903804,-36.86731472268656,-26.189529216212367,-41.29866879346922
nls_mike,Waves,SSL 4000 G+ console channel,console-ssl,drive_12,full,,6300.0,-12.0,5.18604675504119,3,-29.79404204024398,-27.849067596673713,,,,,
nls_mike,Waves,SSL 4000 G+ console channel,console-ssl,drive_12,full,,6300.0,-3.0,18.558549055611696,3,-29.6590360158241,-14.767700488037194,,,,,
nls_mike,Waves,SSL 4000 G+ console channel,console-ssl,drive_12,full,,80.0,-12.0,7.862541288746085,300,-38.539728569556765,-22.998418147932746,-36.57254426725515,-31.872172174550823,-40.63826012985561,-41.75534634137754,-52.80911313893569
nls_mike,Waves,SSL 4000 G+ console channel,console-ssl,drive_12,full,,80.0,-3.0,31.959892388949463,300,-22.466142505214897,-11.133768093091636,-36.22471150251458,-17.674442405684438,-44.782589827763786,-26.825028031891094,-46.813317009120645
nls_mike,Waves,SSL 4000 G+ console channel,console-ssl,drive_12,full,,800.0,-12.0,5.432460343430034,30,-28.540548698318982,-30.582828793853544,-43.449384513278666,-32.99218980940688,-49.590314630981155,-39.56516889188629,-50.687138097288596
nls_mike,Waves,SSL 4000 G+ console channel,console-ssl,drive_12,full,,800.0,-3.0,31.44116063744802,30,-31.301278437611266,-10.957778539309793,-34.43207235045413,-18.26338701657467,-36.910504993237325,-26.31020561859406,-40.674118700174844
nls_mike,Waves,SSL 4000 G+ console channel,console-ssl,drive_12,full,,8000.0,-12.0,3.1490029229327066,2,-30.03653872494485,,,,,,
nls_mike,Waves,SSL 4000 G+ console channel,console-ssl,drive_12,full,,8000.0,-3.0,5.756947741532227,2,-24.79615425636265,,,,,,
nls_mike,Waves,SSL 4000 G+ console channel,console-ssl,drive_3,curve,,100.0,-12.0,0.549232134566792,239,-61.5241191771701,-45.47888582574379,-91.52658584482752,-59.92244744550689,-107.60258338882451,-69.14909164105728,-118.4481269338614
nls_mike,Waves,SSL 4000 G+ console channel,console-ssl,drive_3,curve,,1000.0,-12.0,0.14218044455792184,24,-73.78349155119415,-57.16858119016565,-109.6266003220783,-72.66326770823011,-124.69127320000041,-82.06507611415867,-126.42505901533995
nls_mike,Waves,SSL 4000 G+ console channel,console-ssl,drive_3,curve,,10000.0,-12.0,0.17813059938475984,2,-54.985229415061156,,,,,,
nls_mike,Waves,SSL 4000 G+ console channel,console-ssl,drive_3,curve,,125.0,-12.0,0.4289552512684665,191,-63.7845542436741,-47.61302189164354,-94.91393617158066,-62.31765441328146,-111.63022532429369,-71.60263158294741,-122.10824813892545
nls_mike,Waves,SSL 4000 G+ console channel,console-ssl,drive_3,curve,,1250.0,-12.0,0.16685255694954867,19,-72.37208536832627,-55.78198828773577,-107.42675710339861,-71.18786984703624,-123.96754390429851,-80.56774710816974,-125.82867865136967
nls_mike,Waves,SSL 4000 G+ console channel,console-ssl,drive_3,curve,,160.0,-12.0,0.33195115477365056,150,-66.1107934595014,-49.82878069528528,-98.34982480286206,-64.77319145563412,-115.21807651149688,-74.10690989948091,-125.90823049560333
nls_mike,Waves,SSL 4000 G+ console channel,console-ssl,drive_3,curve,,1600.0,-12.0,0.20901636339962898,14,-70.36349196537343,-53.830436800022085,-104.73515289754253,-69.10155809434579,-119.58254960981293,-78.4724851943679,-133.22747271672114
nls_mike,Waves,SSL 4000 G+ console channel,console-ssl,drive_3,curve,,200.0,-12.0,0.26371347043603693,120,-68.18925107522956,-51.81931953340953,-101.35208644659559,-66.95363804200616,-117.85672458629037,-76.30843869663694,-132.42775034819107
nls_mike,Waves,SSL 4000 G+ console channel,console-ssl,drive_3,curve,,2000.0,-12.0,0.26224790425916755,11,-68.32812598163527,-51.86612325114294,-101.63966282096722,-66.98838881259589,-119.37801615300218,-76.3438591410204,-122.53977132385678
nls_mike,Waves,SSL 4000 G+ console channel,console-ssl,drive_3,curve,,250.0,-12.0,0.21201669241039447,96,-70.1506281075447,-53.7078551338029,-104.20078566121155,-69.00150333499417,-120.8852765676849,-78.37366981636238,-143.40081566989514
nls_mike,Waves,SSL 4000 G+ console channel,console-ssl,drive_3,curve,,2500.0,-12.0,0.3300850357217141,9,-66.2518926737471,-49.87533657058732,-98.53615636632196,-64.8316018337687,-114.44579858646797,-74.14571623483116,-127.5884090348289
nls_mike,Waves,SSL 4000 G+ console channel,console-ssl,drive_3,curve,,31.5,-12.0,3.229033769014342,762,-44.348184497215584,-30.31727673700371,-66.37773795653855,-41.81153921923949,-79.4696070079068,-49.898534569245136,-88.9913524717342
nls_mike,Waves,SSL 4000 G+ console channel,console-ssl,drive_3,curve,,315.0,-12.0,0.17239628187594638,76,-72.0036842875252,-55.49915409238059,-107.09660686482022,-70.92761283091303,-124.8497642829423,-80.32177128843051,-136.0706291534936
nls_mike,Waves,SSL 4000 G+ console channel,console-ssl,drive_3,curve,,3150.0,-12.0,0.41420713755297667,7,-64.18851118078754,-47.91221348302982,-95.53050184883296,-62.678939043007354,-111.57556145751634,-72.00149744127651,
nls_mike,Waves,SSL 4000 G+ console channel,console-ssl,drive_3,curve,,40.0,-12.0,2.0636815603698957,595,-48.9248921709794,-34.114676418924816,-72.92922432480181,-46.54109592314547,-87.00977760837591,-55.07637334498238,-97.00237625161623
nls_mike,Waves,SSL 4000 G+ console channel,console-ssl,drive_3,curve,,400.0,-12.0,0.14493424490568715,60,-73.55788246689742,-57.00231437010469,-109.37880284887336,-72.52715353246683,-127.37863220284142,-81.92337682753771,-140.5053992505852
nls_mike,Waves,SSL 4000 G+ console channel,console-ssl,drive_3,curve,,4000.0,-12.0,0.5118340040979747,6,-62.23473098875888,-46.06708408265878,-92.70365313987656,-60.62854095613926,-111.53598724678724,,
nls_mike,Waves,SSL 4000 G+ console channel,console-ssl,drive_3,curve,,50.0,-12.0,1.4420037599011342,481,-52.44563259026636,-37.17670621992423,-78.07271387104822,-50.26122595566824,-92.86391760947123,-59.06573503715914,-103.12581125094296
nls_mike,Waves,SSL 4000 G+ console channel,console-ssl,drive_3,curve,,500.0,-12.0,0.12994915832721,47,-74.53851778902299,-57.94820004311616,-111.31683647690363,-73.51459288421732,-124.0363840875423,-82.94653872853836,-130.9455471720926
nls_mike,Waves,SSL 4000 G+ console channel,console-ssl,drive_3,curve,,5000.0,-12.0,0.6035527717185544,4,-60.55277367543118,-44.49206354055782,-90.60312458992428,,,,
nls_mike,Waves,SSL 4000 G+ console channel,console-ssl,drive_3,curve,,63.0,-12.0,1.0041421156722912,381,-55.90594568268979,-40.281740070196705,-83.18829015856991,-53.943822295810875,-98.60311707654,-62.95194358140204,-109.07684769490342
nls_mike,Waves,SSL 4000 G+ console channel,console-ssl,drive_3,curve,,630.0,-12.0,0.12429236059075364,38,-74.9517396201853,-58.33378726703585,-111.55521243431984,-73.91869230960717,-129.51092733232522,-83.30970279323721,-139.50393405677485
nls_mike,Waves,SSL 4000 G+ console channel,console-ssl,drive_3,curve,,6300.0,-12.0,0.7236205836992966,3,-58.89213695073684,-42.918163622756104,,,,,
nls_mike,Waves,SSL 4000 G+ console channel,console-ssl,drive_3,curve,,80.0,-12.0,0.7257364213939579,300,-58.94976657860444,-43.07601366101602,-87.70686346032716,-57.18539635396277,-103.49076338487451,-66.32638998392183,-114.11458353310947
nls_mike,Waves,SSL 4000 G+ console channel,console-ssl,drive_3,curve,,800.0,-12.0,0.12846120936015107,30,-74.67525090556123,-58.047873715531786,-111.2104521370619,-73.6041218875137,-130.06094296469146,-82.99816251309468,-144.90190658400883
nls_mike,Waves,SSL 4000 G+ console channel,console-ssl,drive_3,curve,,8000.0,-12.0,0.14053807430409643,2,-57.04412003189097,,,,,,
nls_mike,Waves,SSL 4000 G+ console channel,console-ssl,drive_6,full,,100.0,-12.0,1.2018756861306155,239,-54.632759962837866,-38.68764689408816,-83.82654831132898,-52.91876010466596,-99.75357179209107,-62.090782461816296,-110.72984308308321
nls_mike,Waves,SSL 4000 G+ console channel,console-ssl,drive_6,full,,100.0,-3.0,5.76990761668277,239,-35.924053997392924,-26.496017880925248,-36.753592053770255,-32.93559972595661,-44.14345005646346,-41.419077260353546,-56.388978816884006
nls_mike,Waves,SSL 4000 G+ console channel,console-ssl,drive_6,full,,1000.0,-12.0,0.2997956673462847,24,-67.28113763231451,-50.691369773903084,-102.71745010975363,-66.12105845971966,-120.47389706621047,-75.51665651692784,-125.36823804024606
nls_mike,Waves,SSL 4000 G+ console channel,console-ssl,drive_6,full,,1000.0,-3.0,4.845875367002508,24,-31.918328038345436,-29.95806122809743,-40.778740464328784,-33.021224952309105,-51.61424012832725,-40.07631499993472,-50.89911852882169
nls_mike,Waves,SSL 4000 G+ console channel,console-ssl,drive_6,full,,10000.0,-12.0,0.35959507705973043,2,-48.88372524981225,,,,,,
nls_mike,Waves,SSL 4000 G+ console channel,console-ssl,drive_6,full,,10000.0,-3.0,1.8366372496112962,2,-34.71953223641889,,,,,,
nls_mike,Waves,SSL 4000 G+ console channel,console-ssl,drive_6,full,,125.0,-12.0,0.958368614176904,191,-56.72334007058601,-40.64000683975117,-87.02603793797714,-55.14749188580272,-103.39583317903852,-64.387803648794,-113.8360353987988
nls_mike,Waves,SSL 4000 G+ console channel,console-ssl,drive_6,full,,125.0,-3.0,5.957519358097101,191,-34.46754831746911,-26.368479418942282,-35.74292477776589,-32.98926986347168,-44.812838881840904,-41.19822875973888,-51.98138283446566
nls_mike,Waves,SSL 4000 G+ console channel,console-ssl,drive_6,full,,1250.0,-12.0,0.3441703149817411,19,-66.06470388110262,-49.49529420580742,-100.89884445922272,-64.84541398385906,-117.88434837387094,-74.23335089620457,-126.39820335448178
nls_mike,Waves,SSL 4000 G+ console channel,console-ssl,drive_6,full,,1250.0,-3.0,4.8515662217147835,19,-32.153478504552375,-29.755257474697526,-40.016472557757425,-33.15177615264587,-53.938466957169815,-40.345478563026134,-51.699589016241426
nls_mike,Waves,SSL 4000 G+ console channel,console-ssl,drive_6,full,,160.0,-12.0,0.7523144372074217,150,-58.93518705369868,-42.73035907833172,-90.33056250377692,-57.49470870101305,-107.00213016746808,-66.79082704592908,-117.82542760577947
nls_mike,Waves,SSL 4000 G+ console channel,console-ssl,drive_6,full,,160.0,-3.0,5.9280287015569755,150,-33.36622846563305,-26.656071128777793,-35.48638237313392,-33.09224339845993,-46.794807666397446,-40.59265207404343,-49.11541022597798
nls_mike,Waves,SSL 4000 G+ console channel,console-ssl,drive_6,full,,1600.0,-12.0,0.42238755116121457,14,-64.23804042246785,-47.72152617401324,-98.28825333133237,-62.94875372237175,-115.13410494980758,-72.32897254783236,-127.3873955351152
nls_mike,Waves,SSL 4000 G+ console channel,console-ssl,drive_6,full,,1600.0,-3.0,4.903355841320082,14,-32.43179218188051,-29.354527229384566,-39.17573278116159,-33.39790218008098,-57.84794758390309,-40.596474469373824,-52.372559118995945
nls_mike,Waves,SSL 4000 G+ console channel,console-ssl,drive_6,full,,200.0,-12.0,0.6019530745446028,120,-60.95922409391453,-44.657739478916795,-93.29731172272973,-59.62757660154956,-110.04719327279817,-68.9563683504839,-122.84588264588949
nls_mike,Waves,SSL 4000 G+ console channel,console-ssl,drive_6,full,,200.0,-3.0,5.777915911567809,120,-32.729687759441006,-27.15117013297933,-35.77013109378079,-33.08501116406971,-49.435046401599685,-40.16857390475214,-48.49055133975669
nls_mike,Waves,SSL 4000 G+ console channel,console-ssl,drive_6,full,,2000.0,-12.0,0.5229070168697021,11,-62.32287685761318,-45.87318491137539,-95.50279468198048,-60.96255890915855,-112.53878540295227,-70.32566685472644,-120.68409750565452
nls_mike,Waves,SSL 4000 G+ console channel,console-ssl,drive_6,full,,2000.0,-3.0,4.985753102985352,11,-32.63844961286153,-28.881462658715794,-38.551145258172056,-33.74973002089769,-62.79785460666012,-40.98659099622736,-52.373192009130335
nls_mike,Waves,SSL 4000 G+ console channel,console-ssl,drive_6,full,,250.0,-12.0,0.4851118988227804,96,-62.90700283256988,-46.52450260031165,-96.17040079345688,-61.66974819538766,-113.22839145872423,-71.02344508641994,-127.31771757402709
nls_mike,Waves,SSL 4000 G+ console channel,console-ssl,drive_6,full,,250.0,-3.0,5.58046435519328,96,-32.32374682433894,-27.74822003022525,-36.39371916838991,-32.99871458238397,-52.24442012572002,-40.013680194547455,-48.986092337095435
nls_mike,Waves,SSL 4000 G+ console channel,console-ssl,drive_6,full,,2500.0,-12.0,0.6528905657219938,9,-60.317589697685825,-43.952047695797994,-92.53125312550138,-58.884733758396735,-109.25929626473223,-68.20877765863246,-122.90126766781458
nls_mike,Waves,SSL 4000 G+ console channel,console-ssl,drive_6,full,,2500.0,-3.0,5.075532374125047,9,-32.757445759807055,-28.380937764154663,-38.137956152397976,-34.27290447440744,-65.49780522868049,-42.07904065423037,-53.28313039095259
nls_mike,Waves,SSL 4000 G+ console channel,console-ssl,drive_6,full,,31.5,-12.0,5.379047886550935,762,-39.725885921485514,-25.913038725187526,-61.265788966529016,-37.15395157000732,-74.09329944152597,-45.10852797205473,-83.47927904197871
nls_mike,Waves,SSL 4000 G+ console channel,console-ssl,drive_6,full,,31.5,-3.0,6.534178472891393,762,-35.07886880171835,-24.727300830140866,-52.39509064901458,-33.24960222939434,-62.56762346849669,-39.50012488249446,-70.15764184571071
nls_mike,Waves,SSL 4000 G+ console channel,console-ssl,drive_6,full,,315.0,-12.0,0.3936549674100681,76,-64.78554197526819,-48.33264378741121,-99.04468630858159,-63.62874885657898,-116.39920017635491,-73.00146552364214,-127.46602564659864
nls_mike,Waves,SSL 4000 G+ console channel,console-ssl,drive_6,full,,315.0,-3.0,5.370911179419439,76,-32.0329354437812,-28.39985865417325,-37.3306535008682,-32.883330120015295,-53.361792457681084,-40.04789057618459,-50.11261311377501
nls_mike,Waves,SSL 4000 G+ console channel,console-ssl,drive_6,full,,3150.0,-12.0,0.816580864248006,7,-58.284435920350354,-42.01736754013364,-89.61035744698678,-56.767583678659975,-106.25951297972227,-66.09014794435635,
nls_mike,Waves,SSL 4000 G+ console channel,console-ssl,drive_6,full,,3150.0,-3.0,5.1452534260611955,7,-32.84204302175414,-27.85887484950255,-38.0891577774804,-35.46133568629196,-63.046364440020504,-42.988821328176044,
nls_mike,Waves,SSL 4000 G+ console channel,console-ssl,drive_6,full,,40.0,-12.0,3.725547359314897,595,-43.63267819766301,-29.00639968758316,-67.04138342598456,-41.17053341464137,-80.83858152100859,-49.58868893129999,-90.70178053186774
nls_mike,Waves,SSL 4000 G+ console channel,console-ssl,drive_6,full,,40.0,-3.0,4.507219741392545,595,-37.228841308214236,-27.797542948447173,-45.19906958366438,-39.567567684298396,-46.86569658655763,-50.39612167250651,-49.46584202044856
nls_mike,Waves,SSL 4000 G+ console channel,console-ssl,drive_6,full,,400.0,-12.0,0.3286320992798693,60,-66.40725205862032,-49.89602266660733,-101.4466192096501,-65.30450576488582,-118.99607059921453,-74.68424970768399,-130.60300408949144
nls_mike,Waves,SSL 4000 G+ console channel,console-ssl,drive_6,full,,400.0,-3.0,5.18246259858532,60,-31.8229354063132,-29.020263190224252,-38.55092983693404,-32.810432409073535,-51.954321498367094,-40.08597157757917,-51.00085608094736
nls_mike,Waves,SSL 4000 G+ console channel,console-ssl,drive_6,full,,4000.0,-12.0,1.0097224794951853,6,-56.32592213938398,-40.16608180469206,-86.80989351686779,-54.71916165738072,-104.19357844464949,,
nls_mike,Waves,SSL 4000 G+ console channel,console-ssl,drive_6,full,,4000.0,-3.0,5.101149196352381,6,-33.01506273796952,-27.417685813543113,-38.656253584463876,-38.128303579696535,-65.57076524398781,,
nls_mike,Waves,SSL 4000 G+ console channel,console-ssl,drive_6,full,,50.0,-12.0,2.766267290217421,481,-46.64834612327364,-31.536772178050487,-71.61380155264305,-44.36441015271804,-86.13992574448352,-53.06887484528461,-96.29458781166308
nls_mike,Waves,SSL 4000 G+ console channel,console-ssl,drive_6,full,,50.0,-3.0,3.9238087754342863,481,-37.29548446380302,-29.451280015134206,-41.87137111011247,-39.826658108035375,-45.519886224385935,-47.99513168954111,-52.54732033862594
nls_mike,Waves,SSL 4000 G+ console channel,console-ssl,drive_6,full,,500.0,-12.0,0.29130803419512613,47,-67.49364805356157,-50.940404875475245,-103.20958507452721,-66.40944213305906,-118.74889972018272,-75.80427296056615,-130.62388823151494
nls_mike,Waves,SSL 4000 G+ console channel,console-ssl,drive_6,full,,500.0,-3.0,5.04453265556868,47,-31.703224197331124,-29.491797348444393,-39.79987964366209,-32.8161346396928,-50.53640242393055,-39.971310926632306,-51.006124001576424
nls_mike,Waves,SSL 4000 G+ console channel,console-ssl,drive_6,full,,5000.0,-12.0,1.1943133233097274,4,-54.624437422925695,-38.564014011705495,-84.50637649904188,,,,
nls_mike,Waves,SSL 4000 G+ console channel,console-ssl,drive_6,full,,5000.0,-3.0,4.942682785890135,4,-33.23727834173367,-27.287833551905834,-39.94986543949032,,,,
nls_mike,Waves,SSL 4000 G+ console channel,console-ssl,drive_6,full,,63.0,-12.0,2.0379457784211175,381,-49.63988778987045,-34.14899465015857,-76.19849346620519,-47.567118378861515,-91.3629938218474,-56.493516826482676,-101.75124315239114
nls_mike,Waves,SSL 4000 G+ console channel,console-ssl,drive_6,full,,63.0,-3.0,4.404382767835472,381,-37.79864375357822,-28.725345732946593,-41.189664085937196,-35.47811797080639,-47.87647052305991,-42.513449252164605,-59.71361191226643
nls_mike,Waves,SSL 4000 G+ console channel,console-ssl,drive_6,full,,630.0,-12.0,0.2739699783051698,38,-68.05422098039473,-51.472029352226365,-103.91238576486059,-66.96773053485464,-121.40900155197423,-76.3495782454497,-131.81741324951167
nls_mike,Waves,SSL 4000 G+ console channel,console-ssl,drive_6,full,,630.0,-3.0,4.942792205007943,38,-31.67154612054324,-29.824717961155734,-40.849710963274475,-32.873620883406325,-49.92853098230488,-39.81195498317873,-50.65498797575913
nls_mike,Waves,SSL 4000 G+ console channel,console-ssl,drive_6,full,,6300.0,-12.0,1.4386432025942393,3,-52.921019958419045,-36.94937736324677,,,,,
nls_mike,Waves,SSL 4000 G+ console channel,console-ssl,drive_6,full,,6300.0,-3.0,4.594897931009954,3,-33.629633769881295,-27.752698370915226,,,,,
nls_mike,Waves,SSL 4000 G+ console channel,console-ssl,drive_6,full,,80.0,-12.0,1.5395094796184832,300,-52.315864979541814,-36.55662202507284,-80.29597200675646,-50.43776029226305,-95.86871070616513,-59.512009449602544,-106.56802832916472
nls_mike,Waves,SSL 4000 G+ console channel,console-ssl,drive_6,full,,80.0,-3.0,5.255560655194229,300,-37.46794202844636,-27.241206637892045,-38.83853010154017,-33.40379842172688,-45.27961001914363,-41.261918534747906,-54.32422541120454
nls_mike,Waves,SSL 4000 G+ console channel,console-ssl,drive_6,full,,800.0,-12.0,0.2770406059182667,30,-67.97167120541803,-51.3754045855721,-103.81754009481023,-66.85488151563919,-121.66565254442526,-76.23934739536578,-133.41704462332396
nls_mike,Waves,SSL 4000 G+ console channel,console-ssl,drive_6,full,,800.0,-3.0,4.875514663973422,30,-31.74927245878125,-29.986168098549292,-41.19857689114881,-32.94406041727098,-50.30994779956203,-39.84271832893721,-50.52951224247009
nls_mike,Waves,SSL 4000 G+ console channel,console-ssl,drive_6,full,,8000.0,-12.0,0.2811746579938628,2,-51.02047648879009,,,,,,
nls_mike,Waves,SSL 4000 G+ console channel,console-ssl,drive_6,full,,8000.0,-3.0,2.000877228052606,2,-33.97559116895553,,,,,,
nls_mike,Waves,SSL 4000 G+ console channel,console-ssl,drive_9,curve,,100.0,-12.0,2.5738850148810064,239,-47.49192088907779,-32.1400950929491,-73.22167054922521,-45.26031931224647,-88.05455497779235,-54.07651293114212,-98.52492412846567
nls_mike,Waves,SSL 4000 G+ console channel,console-ssl,drive_9,curve,,1000.0,-12.0,0.6153620877713173,24,-60.83985076925675,-44.46775602307356,-93.10679516397207,-59.35361510488938,-110.73160095130369,-68.65970837067134,-118.24933067881575
nls_mike,Waves,SSL 4000 G+ console channel,console-ssl,drive_9,curve,,10000.0,-12.0,0.5281161573234497,2,-45.54541090779212,,,,,,
nls_mike,Waves,SSL 4000 G+ console channel,console-ssl,drive_9,curve,,125.0,-12.0,2.131824406855962,191,-49.308138371731765,-33.75426189838763,-76.00542214150718,-47.21180063117873,-91.22833883784477,-56.145977528043474,-101.60608052547957
nls_mike,Waves,SSL 4000 G+ console channel,console-ssl,drive_9,curve,,1250.0,-12.0,0.6647255148575281,19,-60.1568599215749,-43.79978912566437,-92.19664279722254,-58.629670300175924,-108.33453661466402,-67.9342173552113,-122.57757474687224
nls_mike,Waves,SSL 4000 G+ console channel,console-ssl,drive_9,curve,,160.0,-12.0,1.7270319499936473,150,-51.300651221229046,-35.56320211883465,-79.00245637098686,-49.34723635909617,-94.57102288131763,-58.384361529391924,-105.19141570880906
nls_mike,Waves,SSL 4000 G+ console channel,console-ssl,drive_9,curve,,1600.0,-12.0,0.7625398028894301,14,-58.921513507708184,-42.612084468722216,-90.33642356932006,-57.33916530894036,-107.42883891939454,-66.63323378504796,-116.99211153068681
nls_mike,Waves,SSL 4000 G+ console channel,console-ssl,drive_9,curve,,200.0,-12.0,1.4112581421922235,120,-53.185610836946054,-37.301486598099046,-81.8004518481761,-51.35866531766009,-97.65075421030376,-60.47035843916415,-108.79051865389866
nls_mike,Waves,SSL 4000 G+ console channel,console-ssl,drive_9,curve,,2000.0,-12.0,0.8931988322648522,11,-57.48556398325722,-41.24450884243664,-88.35038422904363,-55.84603093444751,-104.55515748809447,-65.11615838628501,-115.65676274181668
nls_mike,Waves,SSL 4000 G+ console channel,console-ssl,drive_9,curve,,250.0,-12.0,1.152730772834505,96,-55.056709685888805,-39.04599168642441,-84.5739481136817,-53.34654088410097,-100.71027648856915,-62.517190489007675,-112.14877927080522
nls_mike,Waves,SSL 4000 G+ console channel,console-ssl,drive_9,curve,,2500.0,-12.0,1.0645063654747298,9,-55.88166788582456,-39.72826931062699,-85.9657375156822,-54.17928321275931,-102.4494211203029,-63.40342861841562,-112.81091220746686
nls_mike,Waves,SSL 4000 G+ console channel,console-ssl,drive_9,curve,,31.5,-12.0,8.13831147232468,762,-35.07881738923716,-22.482377891678375,-54.567829747695626,-32.533831881347155,-66.21201439105721,-39.802577145544056,-74.85574338508914
nls_mike,Waves,SSL 4000 G+ console channel,console-ssl,drive_9,curve,,315.0,-12.0,0.9406184011294568,76,-56.92441079854991,-40.801109856512795,-87.36801803891366,-55.32052731114221,-103.76754814393017,-64.53817367101097,-114.5910434163651
nls_mike,Waves,SSL 4000 G+ console channel,console-ssl,drive_9,curve,,3150.0,-12.0,1.2814705499340198,7,-54.173895280414385,-38.12659939992074,-83.54239790543008,-52.3954339820316,-99.86247515588467,-61.605652081046564,
nls_mike,Waves,SSL 4000 G+ console channel,console-ssl,drive_9,curve,,40.0,-12.0,6.157014628153276,595,-38.36555912768608,-24.776766404055934,-59.28131249026406,-35.688210445060975,-71.80100451623312,-43.47022158762349,-80.9973899875255
nls_mike,Waves,SSL 4000 G+ console channel,console-ssl,drive_9,curve,,400.0,-12.0,0.7813755411883464,60,-58.62090542113714,-42.40343948787111,-89.87890107926277,-57.10017634855571,-106.50405052360932,-66.3495843517323,-117.45155873445873
nls_mike,Waves,SSL 4000 G+ console channel,console-ssl,drive_9,curve,,4000.0,-12.0,1.5375052762358863,6,-52.46573314761601,-36.536177715958814,-81.11425543364506,-50.60409968077448,-97.46556783341896,,
nls_mike,Waves,SSL 4000 G+ console channel,console-ssl,drive_9,curve,,50.0,-12.0,4.916526933376771,481,-40.867165318079586,-26.652953545778885,-63.02637974702809,-38.226251148559676,-76.23653821431162,-46.36255894001601,-85.82810498690748
nls_mike,Waves,SSL 4000 G+ console channel,console-ssl,drive_9,curve,,500.0,-12.0,0.6813932493874683,47,-59.872588619625105,-43.586991177477,-91.77562693676448,-58.39921302128069,-108.06926942123152,-67.67034472305505,-118.70864177896706
nls_mike,Waves,SSL 4000 G+ console channel,console-ssl,drive_9,curve,,5000.0,-12.0,1.7769474263808633,4,-50.93899134443551,-35.11892270330152,-79.00841373401023,,,,
nls_mike,Waves,SSL 4000 G+ console channel,console-ssl,drive_9,curve,,63.0,-12.0,3.8975930154657266,381,-43.32891893004478,-28.60918979770748,-66.79842617381254,-40.805640404647676,-80.66272459599924,-49.24207283662454,-90.59336191738923
nls_mike,Waves,SSL 4000 G+ console channel,console-ssl,drive_9,curve,,630.0,-12.0,0.6217164403214323,38,-60.7151623123229,-44.3794907182418,-92.9688738777694,-59.26296396661678,-109.70618881375492,-68.54452199301765,-120.37855619028677
nls_mike,Waves,SSL 4000 G+ console channel,console-ssl,drive_9,curve,,6300.0,-12.0,2.1036297429766053,3,-49.370882637919664,-33.655559465597285,,,,,
nls_mike,Waves,SSL 4000 G+ console channel,console-ssl,drive_9,curve,,80.0,-12.0,3.1369824258359746,300,-45.539441925648354,-30.451810125220774,-70.21341759281809,-43.16341301184697,-84.61201920563362,-51.82138542975061,-94.85475797240485
nls_mike,Waves,SSL 4000 G+ console channel,console-ssl,drive_9,curve,,800.0,-12.0,0.6004186016950307,30,-61.04679582927376,-44.68076832585968,-93.46553442108124,-59.587235306478036,-110.3084439144591,-68.87826458730802,-121.12954789552332
nls_mike,Waves,SSL 4000 G+ console channel,console-ssl,drive_9,curve,,8000.0,-12.0,0.41758705610559294,2,-47.58505943139166,,,,,,
nls_mike,Waves,SSL 4000 G+ console channel,console-ssl,matched_thd_0.1_pct,full,thd_0.1_pct,100.0,-12.0,0.3709176547572844,239,-64.97561590542554,-48.8834206005886,-95.39306552131609,-63.429654430353715,-111.49969145026732,-72.68096705762925,-122.14241545324884
nls_mike,Waves,SSL 4000 G+ console channel,console-ssl,matched_thd_0.1_pct,full,thd_0.1_pct,100.0,-3.0,0.6612437090787144,239,-58.758567909409976,-44.01830503604135,-82.18849820248258,-56.199231929953655,-95.99808105415185,-64.627064517928,-105.87472159134471
nls_mike,Waves,SSL 4000 G+ console channel,console-ssl,matched_thd_0.1_pct,full,thd_0.1_pct,1000.0,-12.0,0.09972187565505672,24,-76.87436524975057,-60.248458929496536,-112.93674314782187,-75.77371490319169,-125.16628509322376,-85.16684804303051,-126.43455474001127
nls_mike,Waves,SSL 4000 G+ console channel,console-ssl,matched_thd_0.1_pct,full,thd_0.1_pct,1000.0,-3.0,0.2172883179465012,24,-69.46588734935482,-53.56033188347535,-97.65591628870725,-67.43583568384085,-113.08687059986013,-76.48379405904927,-122.35419650239734
nls_mike,Waves,SSL 4000 G+ console channel,console-ssl,matched_thd_0.1_pct,full,thd_0.1_pct,10000.0,-12.0,0.12830007078200178,2,-57.83546208057246,,,,,,
nls_mike,Waves,SSL 4000 G+ console channel,console-ssl,matched_thd_0.1_pct,full,thd_0.1_pct,10000.0,-3.0,0.2307450659215509,2,-52.7373515365679,,,,,,
nls_mike,Waves,SSL 4000 G+ console channel,console-ssl,matched_thd_0.1_pct,full,thd_0.1_pct,125.0,-12.0,0.28804852733086905,191,-67.28011392985385,-51.06760985992557,-98.82443061782271,-65.86670375016715,-115.77198074525501,-75.17134913671737,-126.26197423906939
nls_mike,Waves,SSL 4000 G+ console channel,console-ssl,matched_thd_0.1_pct,full,thd_0.1_pct,125.0,-3.0,0.5375030784431266,191,-60.79796136173174,-45.78538278352431,-85.1199641809429,-58.35024332312115,-99.4225000772202,-66.94330897904794,-109.5145858675726
nls_mike,Waves,SSL 4000 G+ console channel,console-ssl,matched_thd_0.1_pct,full,thd_0.1_pct,1250.0,-12.0,0.11831754974378567,19,-75.36615331788352,-58.76670442190682,-110.38611869318021,-74.19948413919775,-126.12398254053637,-83.56245438796012,-125.5927648241769
nls_mike,Waves,SSL 4000 G+ console channel,console-ssl,matched_thd_0.1_pct,full,thd_0.1_pct,1250.0,-3.0,0.25262243424086794,19,-68.08006452977932,-52.26213624697925,-95.5827972406159,-65.95338367330689,-111.59053385040052,-74.9441652389744,-118.70372402781487
nls_mike,Waves,SSL 4000 G+ console channel,console-ssl,matched_thd_0.1_pct,full,thd_0.1_pct,160.0,-12.0,0.2221314903923768,150,-69.63187850198946,-53.3143515403296,-102.29705452965925,-68.34426120139302,-119.2663076922625,-77.69489837193775,-129.80970908297184
nls_mike,Waves,SSL 4000 G+ console channel,console-ssl,matched_thd_0.1_pct,full,thd_0.1_pct,160.0,-3.0,0.43280310731280663,150,-62.89534985958709,-47.63875574020811,-88.14935675823173,-60.574218894424945,-102.79415290477468,-69.3150110272356,-113.00483815108186
nls_mike,Waves,SSL 4000 G+ console channel,console-ssl,matched_thd_0.1_pct,full,thd_0.1_pct,1600.0,-12.0,0.1497005848867076,14,-73.26879659120665,-56.72880995870251,-107.8483708018034,-72.02101064469085,-120.95460383478522,-81.37815875418423,-132.3319892907715
nls_mike,Waves,SSL 4000 G+ console channel,console-ssl,matched_thd_0.1_pct,full,thd_0.1_pct,1600.0,-3.0,0.3100081933353959,14,-66.1716080202093,-50.5004092702074,-92.90450721454769,-63.92664482371228,-107.53132944676042,-72.8430954627073,-121.55403327176822
nls_mike,Waves,SSL 4000 G+ console channel,console-ssl,matched_thd_0.1_pct,full,thd_0.1_pct,200.0,-12.0,0.17625738996846574,120,-71.71745278949734,-55.31580100793845,-105.28614161558568,-70.52784818183903,-121.43612367339144,-79.89169048382482,-136.7705168283613
nls_mike,Waves,SSL 4000 G+ console channel,console-ssl,matched_thd_0.1_pct,full,thd_0.1_pct,200.0,-3.0,0.3557875514361308,120,-64.76807958007602,-49.31903401032515,-90.85149057701432,-62.56353819118975,-105.66745763769886,-71.40960198682129,-116.82236900267634
nls_mike,Waves,SSL 4000 G+ console channel,console-ssl,matched_thd_0.1_pct,full,thd_0.1_pct,2000.0,-12.0,0.18904348429134138,11,-71.17590788532712,-54.70854996587196,-104.48933666892151,-69.84619342817967,-122.88937719523335,-79.19181975887153,-123.15654349129062
nls_mike,Waves,SSL 4000 G+ console channel,console-ssl,matched_thd_0.1_pct,full,thd_0.1_pct,2000.0,-3.0,0.3785881533225475,11,-64.28262462820899,-48.7830943537552,-90.1307503631273,-61.932141489191835,-105.37731097189585,-70.75751661867574,-113.2404835673658
nls_mike,Waves,SSL 4000 G+ console channel,console-ssl,matched_thd_0.1_pct,full,thd_0.1_pct,250.0,-12.0,0.1417869983468432,96,-73.67049843310598,-57.199758259386826,-108.08594056375348,-72.56282616912279,-124.32643077815169,-81.93997089569012,-145.47351875803093
nls_mike,Waves,SSL 4000 G+ console channel,console-ssl,matched_thd_0.1_pct,full,thd_0.1_pct,250.0,-3.0,0.2951164361877114,96,-66.53638483708151,-50.925209862888224,-93.40767043821208,-64.44122099810767,-108.5084144014637,-73.37350438099422,-120.80782132303304
nls_mike,Waves,SSL 4000 G+ console channel,console-ssl,matched_thd_0.1_pct,full,thd_0.1_pct,2500.0,-12.0,0.23890718127489555,9,-69.06435069108656,-52.68284412163499,-101.37876806713565,-67.64969515014728,-116.53457766706929,-76.95276234630668,-125.9260415795683
nls_mike,Waves,SSL 4000 G+ console channel,console-ssl,matched_thd_0.1_pct,full,thd_0.1_pct,2500.0,-3.0,0.46103430045779153,9,-62.395987514363114,-47.09319757487141,-87.4194872965211,-59.94851052135737,-101.74251115978889,-68.64955424878065,-115.45593213670793
nls_mike,Waves,SSL 4000 G+ console channel,console-ssl,matched_thd_0.1_pct,full,thd_0.1_pct,31.5,-12.0,2.397173674877697,762,-47.03374906504679,-32.89023649339035,-69.33567947048134,-44.521090838689645,-82.56964397491076,-52.67749967569796,-92.16245561082371
nls_mike,Waves,SSL 4000 G+ console channel,console-ssl,matched_thd_0.1_pct,full,thd_0.1_pct,31.5,-3.0,2.7591806411938054,762,-43.063733088837914,-32.12250177383489,-60.823672503470114,-40.984964339861875,-71.31756455256628,-47.47411745070168,-79.14729628786057
nls_mike,Waves,SSL 4000 G+ console channel,console-ssl,matched_thd_0.1_pct,full,thd_0.1_pct,315.0,-12.0,0.115587519646786,76,-75.49696172986026,-58.969117985378425,-111.00427831219298,-74.45903919101576,-129.07491632104754,-83.86270156193441,-140.5300295664691
nls_mike,Waves,SSL 4000 G+ console channel,console-ssl,matched_thd_0.1_pct,full,thd_0.1_pct,315.0,-3.0,0.2470562568448354,76,-68.20371457525496,-52.45446735293772,-95.87282722495259,-66.20836081902472,-111.4876357313805,-75.21670731350535,-122.16709011354787
nls_mike,Waves,SSL 4000 G+ console channel,console-ssl,matched_thd_0.1_pct,full,thd_0.1_pct,3150.0,-12.0,0.300398598327132,7,-66.98308363150534,-50.70226519972004,-98.32004612496227,-65.47632518570654,-113.67221502525231,-74.79460223634986,
nls_mike,Waves,SSL 4000 G+ console channel,console-ssl,matched_thd_0.1_pct,full,thd_0.1_pct,3150.0,-3.0,0.5569808999757391,7,-60.557341118545345,-45.47533034015164,-84.7950681482161,-58.01858629608759,-98.89431997062695,-66.63015804403275,
nls_mike,Waves,SSL 4000 G+ console channel,console-ssl,matched_thd_0.1_pct,full,thd_0.1_pct,40.0,-12.0,1.4849002018822193,595,-51.86414598686767,-36.96244448111073,-76.18917045230887,-49.52476032884015,-90.41531703106477,-58.11848311868019,-100.47163803469813
nls_mike,Waves,SSL 4000 G+ console channel,console-ssl,matched_thd_0.1_pct,full,thd_0.1_pct,40.0,-3.0,1.9363851678909467,595,-47.318841973297566,-35.00096990142359,-66.3172523432572,-44.753601226215594,-77.68209097262799,-51.844500697321436,-86.13614913078942
nls_mike,Waves,SSL 4000 G+ console channel,console-ssl,matched_thd_0.1_pct,full,thd_0.1_pct,400.0,-12.0,0.09765790470041497,60,-77.00489388016385,-60.42957627299754,-113.19807711775582,-76.00781219011377,-131.53669784725165,-85.41071140389053,-146.70265476971701
nls_mike,Waves,SSL 4000 G+ console channel,console-ssl,matched_thd_0.1_pct,full,thd_0.1_pct,400.0,-3.0,0.2130417247801361,60,-69.58794457868778,-53.730387821617995,-97.88392288939086,-67.66448827123212,-113.721405973577,-76.7187285071819,-124.78889783925584
nls_mike,Waves,SSL 4000 G+ console channel,console-ssl,matched_thd_0.1_pct,full,thd_0.1_pct,4000.0,-12.0,0.3713498201576932,6,-65.02564490494277,-48.853812028950856,-95.47297401175985,-63.41814797877078,-115.25638515249855,,
nls_mike,Waves,SSL 4000 G+ console channel,console-ssl,matched_thd_0.1_pct,full,thd_0.1_pct,4000.0,-3.0,0.6596424034584025,6,-58.84872708337842,-43.998981104474815,-82.36601730167996,-56.22839811531699,-96.8785180930681,,
nls_mike,Waves,SSL 4000 G+ console channel,console-ssl,matched_thd_0.1_pct,full,thd_0.1_pct,50.0,-12.0,1.0151754841614449,481,-55.561521640029596,-40.216262788657886,-81.53750238753031,-53.43066876415973,-96.462692063259,-62.28348065458417,-106.76098300707373
nls_mike,Waves,SSL 4000 G+ console channel,console-ssl,matched_thd_0.1_pct,full,thd_0.1_pct,50.0,-3.0,1.456182334990601,481,-50.53869388880781,-37.359601792229896,-70.64605113496762,-47.8174849867965,-82.71006631401404,-55.34444900191347,-91.62185423095421
nls_mike,Waves,SSL 4000 G+ console channel,console-ssl,matched_thd_0.1_pct,full,thd_0.1_pct,500.0,-12.0,0.0881737224048012,47,-77.92131239100141,-61.315241159628506,-115.37110205532278,-76.92360644594578,-125.8228567713089,-86.38531870615346,-130.3382342971386
nls_mike,Waves,SSL 4000 G+ console channel,console-ssl,matched_thd_0.1_pct,full,thd_0.1_pct,500.0,-3.0,0.1946512630153534,47,-70.43235212799124,-54.508811173836364,-99.25874362625306,-68.53589491721168,-113.72669319773613,-77.63701783162072,-127.40839844808468
nls_mike,Waves,SSL 4000 G+ console channel,console-ssl,matched_thd_0.1_pct,full,thd_0.1_pct,5000.0,-12.0,0.4376122739901119,4,-63.34431080275061,-47.28460004412302,-93.51189068220405,,,,
nls_mike,Waves,SSL 4000 G+ console channel,console-ssl,matched_thd_0.1_pct,full,thd_0.1_pct,5000.0,-3.0,0.7393160817914376,4,-57.40324098828638,-42.77107563770742,-80.43593866619196,,,,
nls_mike,Waves,SSL 4000 G+ console channel,console-ssl,matched_thd_0.1_pct,full,thd_0.1_pct,63.0,-12.0,0.693770318443903,381,-59.17390003605387,-43.48614030606005,-86.83223189853894,-57.269137790521796,-102.3681513884779,-66.31578103557587,-112.86110486904171
nls_mike,Waves,SSL 4000 G+ console channel,console-ssl,matched_thd_0.1_pct,full,thd_0.1_pct,63.0,-3.0,1.0874735157295505,381,-53.67957662253234,-39.80485025920356,-74.98937710414549,-50.94539004857943,-87.74741232228413,-58.85851043196277,-97.08322284114979
nls_mike,Waves,SSL 4000 G+ console channel,console-ssl,matched_thd_0.1_pct,full,thd_0.1_pct,630.0,-12.0,0.0851509916769589,38,-78.25190599441636,-61.61735597519079,-115.25827957671909,-77.2424490909675,-133.75904772865158,-86.63666613989493,-143.15531056046396
nls_mike,Waves,SSL 4000 G+ console channel,console-ssl,matched_thd_0.1_pct,full,thd_0.1_pct,630.0,-3.0,0.1887485688149522,38,-70.73469643102761,-54.77426538663924,-99.57621383484458,-68.83070019674209,-115.58235399531847,-77.91441756514872,-126.39822673705494
nls_mike,Waves,SSL 4000 G+ console channel,console-ssl,matched_thd_0.1_pct,full,thd_0.1_pct,6300.0,-12.0,0.523960659856388,3,-61.69729665542902,-45.72238513462854,,,,,
nls_mike,Waves,SSL 4000 G+ console channel,console-ssl,matched_thd_0.1_pct,full,thd_0.1_pct,6300.0,-3.0,0.8495664818189254,3,-55.99346000208169,-41.570124849798056,,,,,
nls_mike,Waves,SSL 4000 G+ console channel,console-ssl,matched_thd_0.1_pct,full,thd_0.1_pct,80.0,-12.0,0.4945823211910377,300,-62.32879703132343,-46.40088622924209,-91.48779375019677,-60.62174608876142,-107.35708626181933,-69.79350417450522,-117.84074065378702
nls_mike,Waves,SSL 4000 G+ console channel,console-ssl,matched_thd_0.1_pct,full,thd_0.1_pct,80.0,-3.0,0.8333797201690694,300,-56.43277385463755,-42.052758898528346,-78.87282050629747,-53.77036562020611,-92.21659400868491,-61.98052718020642,-101.84552016278991
nls_mike,Waves,SSL 4000 G+ console channel,console-ssl,matched_thd_0.1_pct,full,thd_0.1_pct,800.0,-12.0,0.08905302171226903,30,-77.87096648910182,-61.22900788728339,-114.78170252319173,-76.81986067655241,-134.65530820126747,-86.21873597531592,-155.69453777830088
nls_mike,Waves,SSL 4000 G+ console channel,console-ssl,matched_thd_0.1_pct,full,thd_0.1_pct,800.0,-3.0,0.1964948626704395,30,-70.38159665791908,-54.42746022986225,-99.0592004287705,-68.42720461265446,-115.15780305004213,-77.50308137096427,-126.54557441025845
nls_mike,Waves,SSL 4000 G+ console channel,console-ssl,matched_thd_0.1_pct,full,thd_0.1_pct,8000.0,-12.0,0.10155695335766035,2,-59.86580672307991,,,,,,
nls_mike,Waves,SSL 4000 G+ console channel,console-ssl,matched_thd_0.1_pct,full,thd_0.1_pct,8000.0,-3.0,0.18960984589561247,2,-54.442782294905115,,,,,,
nls_mike,Waves,SSL 4000 G+ console channel,console-ssl,matched_thd_1_pct,full,thd_1_pct,100.0,-12.0,3.989323240614799,239,-43.23407366150417,-28.395513099643182,-66.97793326797198,-40.71459632520717,-80.9724094983917,-49.204717948837875,-91.02077309118411
nls_mike,Waves,SSL 4000 G+ console channel,console-ssl,matched_thd_1_pct,full,thd_1_pct,100.0,-3.0,29.63201308169628,239,-24.583105569582784,-11.383356534287337,-41.280948545446456,-19.579108656280134,-48.64936025979564,-33.1012977451228,-51.19690530256012
nls_mike,Waves,SSL 4000 G+ console channel,console-ssl,matched_thd_1_pct,full,thd_1_pct,1000.0,-12.0,0.9993288788298959,24,-56.44874787290029,-40.27762772953403,-86.66767537442996,-54.70535068923594,-103.38313452752877,-63.908098365114355,-112.80137947596472
nls_mike,Waves,SSL 4000 G+ console channel,console-ssl,matched_thd_1_pct,full,thd_1_pct,1000.0,-3.0,28.04159970400622,24,-32.819820472586045,-11.644500927120244,-34.61396395382775,-20.631011671759293,-37.75041048650765,-33.68296072107925,-43.61637673302367
nls_mike,Waves,SSL 4000 G+ console channel,console-ssl,matched_thd_1_pct,full,thd_1_pct,10000.0,-12.0,0.6736938521967057,2,-43.43074831580019,,,,,,
nls_mike,Waves,SSL 4000 G+ console channel,console-ssl,matched_thd_1_pct,full,thd_1_pct,10000.0,-3.0,6.484943043186489,2,-23.76187667884071,,,,,,
nls_mike,Waves,SSL 4000 G+ console channel,console-ssl,matched_thd_1_pct,full,thd_1_pct,125.0,-12.0,3.3977513017766467,191,-44.84890162673142,-29.760091421681203,-69.4577389193071,-42.43970561335446,-83.84009794513653,-51.08147431601505,-93.94757415153889
nls_mike,Waves,SSL 4000 G+ console channel,console-ssl,matched_thd_1_pct,full,thd_1_pct,125.0,-3.0,29.89928418806781,191,-24.49489793400034,-11.290539803669006,-46.057222278370354,-19.604656104955385,-57.15431826064473,-32.513865156653566,-49.41635180284887
nls_mike,Waves,SSL 4000 G+ console channel,console-ssl,matched_thd_1_pct,full,thd_1_pct,1250.0,-12.0,1.0435389434552265,19,-56.06736604748601,-39.90300668646507,-86.18466077042675,-54.29817804797415,-102.09176242653717,-63.504067290685605,-114.53791434621117
nls_mike,Waves,SSL 4000 G+ console channel,console-ssl,matched_thd_1_pct,full,thd_1_pct,1250.0,-3.0,27.74386631553657,19,-34.65452478450403,-11.719154628880071,-34.806874724923176,-20.78320140085978,-37.243183821737574,-34.084805494146046,-42.25594820537468
nls_mike,Waves,SSL 4000 G+ console channel,console-ssl,matched_thd_1_pct,full,thd_1_pct,160.0,-12.0,2.8228747279209268,150,-46.66393511054948,-31.343299471440737,-72.19416854338591,-44.38211917000984,-86.95884720969401,-53.16225014965244,-97.28935798777084
nls_mike,Waves,SSL 4000 G+ console channel,console-ssl,matched_thd_1_pct,full,thd_1_pct,160.0,-3.0,29.808983600850798,150,-24.757401767941317,-11.28395180686941,-40.46679634044941,-19.795722369047713,-53.66812267223389,-32.80028045121626,-51.16144888514734
nls_mike,Waves,SSL 4000 G+ console channel,console-ssl,matched_thd_1_pct,full,thd_1_pct,1600.0,-12.0,1.1474700064709646,14,-55.206738608725885,-39.08235037893082,-84.89425283752746,-53.39864542596245,-101.41215124416568,-62.596596253450684,-111.28453756623605
nls_mike,Waves,SSL 4000 G+ console channel,console-ssl,matched_thd_1_pct,full,thd_1_pct,1600.0,-3.0,27.437296983025096,14,-36.62049418773637,-11.799960860901617,-34.82888292859336,-20.95116176886907,-36.82141630152317,-34.60045990692806,-41.181025435158176
nls_mike,Waves,SSL 4000 G+ console channel,console-ssl,matched_thd_1_pct,full,thd_1_pct,200.0,-12.0,2.351016846625573,120,-48.41971700038045,-32.910845442907494,-74.80700203492435,-46.25893002186179,-89.90159363014584,-55.14610186425979,-100.53994468357543
nls_mike,Waves,SSL 4000 G+ console channel,console-ssl,matched_thd_1_pct,full,thd_1_pct,200.0,-3.0,29.561395614161075,120,-25.255612669065833,-11.323880778810455,-37.24618145184006,-19.996135244333885,-46.96812407068637,-33.35519227825095,-56.56026856061231
nls_mike,Waves,SSL 4000 G+ console channel,console-ssl,matched_thd_1_pct,full,thd_1_pct,2000.0,-12.0,1.2932053708997573,11,-54.10976663911409,-38.04960944975865,-83.39695906450972,-52.25952997913958,-99.25156055735415,-61.43369232355553,-110.65991420143428
nls_mike,Waves,SSL 4000 G+ console channel,console-ssl,matched_thd_1_pct,full,thd_1_pct,2000.0,-3.0,27.193239096536793,11,-37.51863059467632,-11.862193725453098,-34.94046500906735,-21.120270371844235,-36.80098070778057,-35.22586245848016,-40.745634279605156
nls_mike,Waves,SSL 4000 G+ console channel,console-ssl,matched_thd_1_pct,full,thd_1_pct,250.0,-12.0,1.9491399407028858,96,-50.19467343920978,-34.52110526996866,-77.43824818530081,-48.15203451134668,-92.84526427833947,-57.12779667718487,-103.67424536432583
nls_mike,Waves,SSL 4000 G+ console channel,console-ssl,matched_thd_1_pct,full,thd_1_pct,250.0,-3.0,29.291318182808798,96,-25.937512590284623,-11.375965769215675,-35.432686321454845,-20.152896657974008,-43.52023196220971,-33.773500018949015,-74.38976705586
nls_mike,Waves,SSL 4000 G+ console channel,console-ssl,matched_thd_1_pct,full,thd_1_pct,2500.0,-12.0,1.4877723949021777,9,-52.81454420036923,-36.83991464266969,-81.49342558238331,-50.91502837958491,-97.5478606190488,-60.04177221297007,-107.58397157508287
nls_mike,Waves,SSL 4000 G+ console channel,console-ssl,matched_thd_1_pct,full,thd_1_pct,2500.0,-3.0,26.941704494047645,9,-37.103737564344726,-11.915231927539374,-35.32950209354916,-21.39218744314554,-36.93275613373724,-36.60142527472008,-40.997055083703174
nls_mike,Waves,SSL 4000 G+ console channel,console-ssl,matched_thd_1_pct,full,thd_1_pct,31.5,-12.0,10.140542985166928,762,-32.434354051819646,-20.696099020174227,-50.91922820964032,-30.08197733579967,-61.91264744234165,-36.92522336949004,-70.1076324570309
nls_mike,Waves,SSL 4000 G+ console channel,console-ssl,matched_thd_1_pct,full,thd_1_pct,31.5,-3.0,16.16144289541059,762,-41.04690610414953,-16.899406235663804,-29.547580476895696,-23.91609046518465,-36.552888038849645,-38.51910734840259,-40.45050150631666
nls_mike,Waves,SSL 4000 G+ console channel,console-ssl,matched_thd_1_pct,full,thd_1_pct,315.0,-12.0,1.6080166842525827,76,-51.99825979016575,-36.176553103392585,-80.12039824770957,-50.06885130447966,-95.81642099755638,-59.11845942857143,-106.4570573274444
nls_mike,Waves,SSL 4000 G+ console channel,console-ssl,matched_thd_1_pct,full,thd_1_pct,315.0,-3.0,29.056655772557683,76,-26.79768501843272,-11.42401285202262,-34.37278579091372,-20.250206099603968,-41.353423625260135,-33.8410943310263,-55.72472295787898
nls_mike,Waves,SSL 4000 G+ console channel,console-ssl,matched_thd_1_pct,full,thd_1_pct,3150.0,-12.0,1.7364472600174166,7,-51.37530734725977,-35.507198622827154,-79.46552250030022,-49.411966130962924,-95.35041145215983,-58.519603421157996,
nls_mike,Waves,SSL 4000 G+ console channel,console-ssl,matched_thd_1_pct,full,thd_1_pct,3150.0,-3.0,26.535511188154405,7,-35.77121030741718,-11.9809983294383,-35.355565911306115,-22.160554672572637,-35.113814410060414,-40.16974527056342,
nls_mike,Waves,SSL 4000 G+ console channel,console-ssl,matched_thd_1_pct,full,thd_1_pct,40.0,-12.0,8.083539427957831,595,-35.32239173193422,-22.51994128836413,-54.951482589446655,-32.67554806724136,-66.71253479920725,-40.017297253186975,-75.43569804758599
nls_mike,Waves,SSL 4000 G+ console channel,console-ssl,matched_thd_1_pct,full,thd_1_pct,40.0,-3.0,19.697458040440118,595,-32.984700643332694,-14.891908117801613,-28.484638264900767,-23.67100606999671,-39.00913289084312,-48.81212443751021,-45.9127309904123
nls_mike,Waves,SSL 4000 G+ console channel,console-ssl,matched_thd_1_pct,full,thd_1_pct,400.0,-12.0,1.343057108865522,60,-53.67493230521946,-37.727979405757644,-82.59945605521723,-51.84030343261433,-98.54985062781189,-60.94522596235136,-109.28359805524707
nls_mike,Waves,SSL 4000 G+ console channel,console-ssl,matched_thd_1_pct,full,thd_1_pct,400.0,-3.0,28.872634950812866,60,-27.79370642324634,-11.46189295475807,-33.877138721399696,-20.300721450072267,-40.00005283261118,-33.63281031433522,-50.62376020544441
nls_mike,Waves,SSL 4000 G+ console channel,console-ssl,matched_thd_1_pct,full,thd_1_pct,4000.0,-12.0,2.030822025761768,6,-49.884616472297374,-34.13721668922215,-77.35495498090364,-47.848858219755286,-93.11526798661984,,
nls_mike,Waves,SSL 4000 G+ console channel,console-ssl,matched_thd_1_pct,full,thd_1_pct,4000.0,-3.0,25.511743442633477,6,-34.70292529687741,-12.154853024270674,-33.1971266200243,-25.393272275519983,-33.069551280243125,,
nls_mike,Waves,SSL 4000 G+ console channel,console-ssl,matched_thd_1_pct,full,thd_1_pct,50.0,-12.0,6.7466335965205255,481,-37.499581751971334,-23.99840561235748,-58.15816263931845,-34.772580889106706,-70.5496733708377,-42.48163175406614,-79.67149631974328
nls_mike,Waves,SSL 4000 G+ console channel,console-ssl,matched_thd_1_pct,full,thd_1_pct,50.0,-3.0,23.26955647697478,481,-28.859040338026446,-13.366178729212002,-28.73971043508991,-22.737965401808804,-45.45233730053111,-40.51648702003696,-55.15155625250107
nls_mike,Waves,SSL 4000 G+ console channel,console-ssl,matched_thd_1_pct,full,thd_1_pct,500.0,-12.0,1.169442525583856,47,-54.960483665243785,-38.921829762380014,-84.51950842472392,-53.186869142871195,-100.47833125194441,-62.328938947851526,-110.97969254009126
nls_mike,Waves,SSL 4000 G+ console channel,console-ssl,matched_thd_1_pct,full,thd_1_pct,500.0,-3.0,28.71838657334594,47,-28.806002615754718,-11.49305192384199,-33.798086257490255,-20.341176508280302,-39.22035120347614,-33.43012983359052,-48.2148009085946
nls_mike,Waves,SSL 4000 G+ console channel,console-ssl,matched_thd_1_pct,full,thd_1_pct,5000.0,-12.0,2.300734703387378,4,-48.51365163556118,-32.88000149579486,-75.4504802819578,,,,
nls_mike,Waves,SSL 4000 G+ console channel,console-ssl,matched_thd_1_pct,full,thd_1_pct,5000.0,-3.0,23.415283286991233,4,-34.61180870697664,-12.719833299583495,-29.900114790099344,,,,
nls_mike,Waves,SSL 4000 G+ console channel,console-ssl,matched_thd_1_pct,full,thd_1_pct,63.0,-12.0,5.600123746394475,381,-39.625232389980745,-25.54207815135196,-61.39379162731365,-36.920179345241365,-74.40730868411532,-44.95869382274597,-83.89316571901901
nls_mike,Waves,SSL 4000 G+ console channel,console-ssl,matched_thd_1_pct,full,thd_1_pct,63.0,-3.0,26.57972968123996,381,-26.399058022101038,-12.24704485721494,-30.656682424428546,-21.104527675842437,-50.38974552388338,-39.006707953274905,-59.259135008570226
nls_mike,Waves,SSL 4000 G+ console channel,console-ssl,matched_thd_1_pct,full,thd_1_pct,630.0,-12.0,1.0569956797218794,38,-55.90198930138101,-39.79416756039153,-85.88338437293348,-54.16332006302427,-102.07570028144215,-63.331032176476626,-112.78762373828684
nls_mike,Waves,SSL 4000 G+ console channel,console-ssl,matched_thd_1_pct,full,thd_1_pct,630.0,-3.0,28.538806439849267,38,-29.943124803376588,-11.530283664444198,-33.972048705584314,-20.405095797779275,-38.67099937766616,-33.35055961726516,-46.51452634284973
nls_mike,Waves,SSL 4000 G+ console channel,console-ssl,matched_thd_1_pct,full,thd_1_pct,6300.0,-12.0,2.682881099145593,3,-47.068519418083135,-31.54812131191218,,,,,
nls_mike,Waves,SSL 4000 G+ console channel,console-ssl,matched_thd_1_pct,full,thd_1_pct,6300.0,-3.0,18.16955816156146,3,-32.66227377411644,-14.88496750427361,,,,,
nls_mike,Waves,SSL 4000 G+ console channel,console-ssl,matched_thd_1_pct,full,thd_1_pct,80.0,-12.0,4.6980646899868495,300,-41.53212630154179,-27.013794926683477,-64.34389532799284,-38.9090503387956,-77.89325358075118,-47.20533137042561,-87.69991494146154
nls_mike,Waves,SSL 4000 G+ console channel,console-ssl,matched_thd_1_pct,full,thd_1_pct,80.0,-3.0,28.682251157733003,300,-25.116171761139412,-11.646280723443008,-34.68632299057925,-19.963248030618136,-46.29832143317902,-35.383951684453244,-61.16236542636099
nls_mike,Waves,SSL 4000 G+ console channel,console-ssl,matched_thd_1_pct,full,thd_1_pct,800.0,-12.0,1.0013930717558637,30,-56.413803510954224,-40.2603714796292,-86.64239137789588,-54.682879986809766,-102.92003208054857,-63.86940934443913,-113.65428486210986
nls_mike,Waves,SSL 4000 G+ console channel,console-ssl,matched_thd_1_pct,full,thd_1_pct,800.0,-3.0,28.307344897520245,30,-31.294034010195393,-11.581431489656044,-34.302055180267025,-20.50521293562376,-38.209895120905315,-33.43938015711773,-45.00721010974384
nls_mike,Waves,SSL 4000 G+ console channel,console-ssl,matched_thd_1_pct,full,thd_1_pct,8000.0,-12.0,0.5379359663867863,2,-45.385388356559524,,,,,,
nls_mike,Waves,SSL 4000 G+ console channel,console-ssl,matched_thd_1_pct,full,thd_1_pct,8000.0,-3.0,4.457769453609447,2,-27.017647921307287,,,,,,
nls_mike,Waves,SSL 4000 G+ console channel,console-ssl,matched_thd_3_pct,full,thd_3_pct,100.0,-12.0,5.965305633743066,239,-41.79084719534675,-25.398229589303057,-38.14315562673742,-35.23072633988172,-40.291744777349635,-44.703199922099685,-45.768821275648904
nls_mike,Waves,SSL 4000 G+ console channel,console-ssl,matched_thd_3_pct,full,thd_3_pct,100.0,-3.0,31.830484795199304,239,-23.024362482618148,-11.027409712426612,-44.60945973624206,-18.057410353688542,-49.49288119073512,-27.693298278220873,-48.67717643811706
nls_mike,Waves,SSL 4000 G+ console channel,console-ssl,matched_thd_3_pct,full,thd_3_pct,1000.0,-12.0,2.8573271583879523,24,-32.47345278597691,-52.4645952132106,-43.25550743343052,-40.27758423619184,-41.94114551223085,-45.264209184129385,-49.9154186697929
nls_mike,Waves,SSL 4000 G+ console channel,console-ssl,matched_thd_3_pct,full,thd_3_pct,1000.0,-3.0,30.10897221549872,24,-33.12857380206343,-11.208538308584385,-34.9473253629301,-19.057221764093956,-37.106523708726456,-28.412245341806926,-41.01984962408488
nls_mike,Waves,SSL 4000 G+ console channel,console-ssl,matched_thd_3_pct,full,thd_3_pct,10000.0,-12.0,1.5745888278004052,2,-36.056656686761585,,,,,,
nls_mike,Waves,SSL 4000 G+ console channel,console-ssl,matched_thd_3_pct,full,thd_3_pct,10000.0,-3.0,7.455602101787888,2,-22.550345558170058,,,,,,
nls_mike,Waves,SSL 4000 G+ console channel,console-ssl,matched_thd_3_pct,full,thd_3_pct,125.0,-12.0,5.61052266692732,191,-38.286988213060546,-26.176493791413993,-36.23025624439635,-36.914509549870765,-39.61184734692179,-47.69684159133181,-47.09177779633623
nls_mike,Waves,SSL 4000 G+ console channel,console-ssl,matched_thd_3_pct,full,thd_3_pct,125.0,-3.0,32.09339711565346,191,-23.092075713286103,-10.928962683103824,-45.08723381590006,-18.098687386805803,-57.001155228121156,-27.407554857804648,-51.726449961549925
nls_mike,Waves,SSL 4000 G+ console channel,console-ssl,matched_thd_3_pct,full,thd_3_pct,1250.0,-12.0,2.848521224081102,19,-32.50162421712607,-49.80273135953698,-43.21511740471791,-40.365649937802274,-42.138637780907466,-45.49681407686879,-50.056081498177114
nls_mike,Waves,SSL 4000 G+ console channel,console-ssl,matched_thd_3_pct,full,thd_3_pct,1250.0,-3.0,29.794401831755756,19,-35.39927957672924,-11.27745143652016,-35.41432777425423,-19.19726549044503,-36.837946437626556,-28.723765204593647,-40.048453800267644
nls_mike,Waves,SSL 4000 G+ console channel,console-ssl,matched_thd_3_pct,full,thd_3_pct,160.0,-12.0,5.142502820049818,150,-36.038662911075875,-27.31321571423016,-35.36260856292281,-39.1938483765643,-39.98545681834515,-47.83170779157121,-49.57132204949972
nls_mike,Waves,SSL 4000 G+ console channel,console-ssl,matched_thd_3_pct,full,thd_3_pct,160.0,-3.0,31.981195495578916,150,-23.50853608402677,-10.912304350309643,-38.49982396356864,-18.273115737854923,-47.452974245009834,-27.630053594669434,-62.58338642062707
nls_mike,Waves,SSL 4000 G+ console channel,console-ssl,matched_thd_3_pct,full,thd_3_pct,1600.0,-12.0,2.8878992567410084,14,-32.59723818082633,-43.02866219768879,-42.06238438763721,-40.735050954225514,-42.979078966543625,-45.87747871014596,-49.39571523985745
nls_mike,Waves,SSL 4000 G+ console channel,console-ssl,matched_thd_3_pct,full,thd_3_pct,1600.0,-3.0,29.438578555496836,14,-38.322676895542656,-11.358018961219612,-35.69524746552898,-19.372936433849908,-36.575007164111014,-29.186772690439593,-39.21338819478312
nls_mike,Waves,SSL 4000 G+ console channel,console-ssl,matched_thd_3_pct,full,thd_3_pct,200.0,-12.0,4.671595680225187,120,-34.84763710881333,-28.62573684995847,-35.25536356108597,-41.296504000259006,-40.97738037599284,-46.3849120090222,-51.285951081477336
nls_mike,Waves,SSL 4000 G+ console channel,console-ssl,matched_thd_3_pct,full,thd_3_pct,200.0,-3.0,31.70765320035186,120,-24.14815350434686,-10.9429857681526,-35.725981979863384,-18.449247814483172,-43.13381663605769,-27.96324973753996,-58.07406712947952
nls_mike,Waves,SSL 4000 G+ console channel,console-ssl,matched_thd_3_pct,full,thd_3_pct,2000.0,-12.0,2.962514455582503,11,-32.71145849281408,-39.36717867581137,-40.81662739422083,-41.38575953720908,-44.3267757256105,-46.414644449863154,-49.566652719525706
nls_mike,Waves,SSL 4000 G+ console channel,console-ssl,matched_thd_3_pct,full,thd_3_pct,2000.0,-3.0,29.11225580288051,11,-40.18576545892798,-11.427995572022237,-35.883571980784545,-19.572899550224328,-36.5510742460716,-29.853113446623155,-38.81622090707979
nls_mike,Waves,SSL 4000 G+ console channel,console-ssl,matched_thd_3_pct,full,thd_3_pct,250.0,-12.0,4.219615373335273,96,-34.11621209859331,-30.14958834506895,-35.56938635564437,-42.75465125656908,-42.34047041370018,-45.29227554856143,-50.720272493908126
nls_mike,Waves,SSL 4000 G+ console channel,console-ssl,matched_thd_3_pct,full,thd_3_pct,250.0,-3.0,31.413977599207517,96,-24.978944161291228,-10.986846662026611,-34.235939509491224,-18.587547910934383,-40.67739560888609,-28.190462150142125,-50.26518251507469
nls_mike,Waves,SSL 4000 G+ console channel,console-ssl,matched_thd_3_pct,full,thd_3_pct,2500.0,-12.0,3.062629068009392,9,-32.82167055271836,-36.73524965579135,-39.714334173485845,-42.524739117976054,-46.71510972054946,-48.2415934782206,-53.28255993849689
nls_mike,Waves,SSL 4000 G+ console channel,console-ssl,matched_thd_3_pct,full,thd_3_pct,2500.0,-3.0,28.726728257239568,9,-39.28728529804688,-11.496578881800952,-36.10496741840088,-19.907957010275233,-36.310386707894054,-31.569975933496558,-37.84079753467254
nls_mike,Waves,SSL 4000 G+ console channel,console-ssl,matched_thd_3_pct,full,thd_3_pct,31.5,-12.0,10.935640990571114,762,-31.49722151183362,-20.089952314435628,-49.66035877805591,-29.248597939160334,-60.43508438120969,-35.940189663566386,-68.47316491234974
nls_mike,Waves,SSL 4000 G+ console channel,console-ssl,matched_thd_3_pct,full,thd_3_pct,31.5,-3.0,18.270450484945265,762,-39.95214234517474,-15.886035175586743,-28.39550123838192,-22.44796920066576,-36.58029336192782,-44.51590540845323,-40.00716987568091
nls_mike,Waves,SSL 4000 G+ console channel,console-ssl,matched_thd_3_pct,full,thd_3_pct,315.0,-12.0,3.802631602504549,76,-33.60440406788631,-31.97031697731574,-36.24891495159862,-43.02505239771512,-43.87159936368732,-44.70914995552798,-48.92882550216352
nls_mike,Waves,SSL 4000 G+ console channel,console-ssl,matched_thd_3_pct,full,thd_3_pct,315.0,-3.0,31.16018462952002,76,-26.011802766334927,-11.027257656866132,-33.443211909077874,-18.678792400575254,-39.09486276929046,-28.23305990784553,-46.712099510383595
nls_mike,Waves,SSL 4000 G+ console channel,console-ssl,matched_thd_3_pct,full,thd_3_pct,3150.0,-12.0,3.2162448353562274,7,-32.886923233294716,-34.535467739091814,-38.829716960595704,-45.40354730083719,-54.13863949496657,-53.47934895191835,
nls_mike,Waves,SSL 4000 G+ console channel,console-ssl,matched_thd_3_pct,full,thd_3_pct,3150.0,-3.0,28.123193287529954,7,-36.70464850837604,-11.580341209832719,-35.34287894276925,-20.765223179032347,-33.55473005088745,-35.79978172245107,
nls_mike,Waves,SSL 4000 G+ console channel,console-ssl,matched_thd_3_pct,full,thd_3_pct,40.0,-12.0,8.876186925876658,595,-34.239378013216566,-21.752022369434044,-53.44636920854238,-31.640580192648912,-64.94379090620613,-38.81735481823832,-73.49065361376857
nls_mike,Waves,SSL 4000 G+ console channel,console-ssl,matched_thd_3_pct,full,thd_3_pct,40.0,-3.0,21.709915923705108,595,-30.099334296683953,-14.23107510495526,-27.697822997988936,-22.04589056204933,-39.94783922498718,-34.967386809020276,-43.50503863614763
nls_mike,Waves,SSL 4000 G+ console channel,console-ssl,matched_thd_3_pct,full,thd_3_pct,400.0,-12.0,3.454460454532114,60,-33.2020600027307,-34.16024754786711,-37.28657467809437,-42.31614572327368,-44.73610899422829,-44.63163840321507,-47.50452772964835
nls_mike,Waves,SSL 4000 G+ console channel,console-ssl,matched_thd_3_pct,full,thd_3_pct,400.0,-3.0,30.961087594686695,60,-27.206371957798368,-11.05798975153162,-33.19190736403458,-18.735536091404295,-38.13249131338861,-28.15074693706635,-44.786404281696235
nls_mike,Waves,SSL 4000 G+ console channel,console-ssl,matched_thd_3_pct,full,thd_3_pct,4000.0,-12.0,3.458462557833573,6,-32.97665256052901,-32.57715554801439,-38.80660085208346,-54.851667139791466,-53.12406734151912,,
nls_mike,Waves,SSL 4000 G+ console channel,console-ssl,matched_thd_3_pct,full,thd_3_pct,4000.0,-3.0,26.777891626826676,6,-34.88261719731001,-11.777514486377088,-32.47120980090987,-24.353733245965326,-31.35131201795958,,
nls_mike,Waves,SSL 4000 G+ console channel,console-ssl,matched_thd_3_pct,full,thd_3_pct,50.0,-12.0,7.537782533297097,481,-37.169825422838635,-23.074462506187224,-54.65170355195444,-33.340340236336814,-58.0132351157069,-40.28489305528673,-59.20389790002274
nls_mike,Waves,SSL 4000 G+ console channel,console-ssl,matched_thd_3_pct,full,thd_3_pct,50.0,-3.0,25.287048287807334,481,-26.54408856145362,-12.871453230828191,-28.278573116092357,-20.950303716707637,-47.789194197491526,-32.56656191857941,-49.40677970685627
nls_mike,Waves,SSL 4000 G+ console channel,console-ssl,matched_thd_3_pct,full,thd_3_pct,500.0,-12.0,3.2077281832727493,47,-32.900443177304055,-36.64065858083043,-38.59096302418762,-41.464491143109996,-44.29507008318885,-44.83583463512292,-47.06263242391117
nls_mike,Waves,SSL 4000 G+ console channel,console-ssl,matched_thd_3_pct,full,thd_3_pct,500.0,-3.0,30.7968208315848,47,-28.41913039159128,-11.08233936171812,-33.33684417288305,-18.784494483439858,-37.635612216226164,-28.081395351520186,-43.66662877945765
nls_mike,Waves,SSL 4000 G+ console channel,console-ssl,matched_thd_3_pct,full,thd_3_pct,5000.0,-12.0,3.6526337250216336,4,-33.29366990758169,-31.06258762581451,-40.820067628591886,,,,
nls_mike,Waves,SSL 4000 G+ console channel,console-ssl,matched_thd_3_pct,full,thd_3_pct,5000.0,-3.0,24.330453892643607,4,-33.79449629251142,-12.404430532150048,-28.87937698464238,,,,
nls_mike,Waves,SSL 4000 G+ console channel,console-ssl,matched_thd_3_pct,full,thd_3_pct,63.0,-12.0,6.700786415403483,381,-41.675555159252504,-24.116076683014292,-49.377406192354144,-33.813786929505795,-48.51084838745673,-40.20502699872431,-50.25991841343184
nls_mike,Waves,SSL 4000 G+ console channel,console-ssl,matched_thd_3_pct,full,thd_3_pct,63.0,-3.0,28.66423457050763,381,-24.41672800910521,-11.846904756766826,-30.666601031764102,-19.371706130257742,-46.37504469916573,-31.25893148924839,-57.67947798404472
nls_mike,Waves,SSL 4000 G+ console channel,console-ssl,matched_thd_3_pct,full,thd_3_pct,630.0,-12.0,3.028353861109949,38,-32.668488715051495,-39.92059953987212,-40.25404071289173,-40.7924411035064,-43.20205328379344,-45.05094519467797,-47.55199530014005
nls_mike,Waves,SSL 4000 G+ console channel,console-ssl,matched_thd_3_pct,full,thd_3_pct,630.0,-3.0,30.609152140262246,38,-29.77059778398751,-11.112165460673422,-33.75612884669593,-18.853222408700145,-37.37001141270192,-28.09501444274187,-42.734869143992135
nls_mike,Waves,SSL 4000 G+ console channel,console-ssl,matched_thd_3_pct,full,thd_3_pct,6300.0,-12.0,3.7379246857680366,3,-34.042888910791255,-29.986933957042467,,,,,
nls_mike,Waves,SSL 4000 G+ console channel,console-ssl,matched_thd_3_pct,full,thd_3_pct,6300.0,-3.0,18.471001473496088,3,-30.760636009682898,-14.778368774925266,,,,,
nls_mike,Waves,SSL 4000 G+ console channel,console-ssl,matched_thd_3_pct,full,thd_3_pct,80.0,-12.0,6.2791065269847,300,-45.38458415090154,-24.785069209869242,-42.01807188485092,-34.166542226139704,-42.733929445789514,-41.65351737636562,-46.29382061529257
nls_mike,Waves,SSL 4000 G+ console channel,console-ssl,matched_thd_3_pct,full,thd_3_pct,80.0,-3.0,30.84539330024933,300,-23.3710538695401,-11.284180334675142,-35.54822643524863,-18.368343214324746,-44.868041950904214,-29.002856407732,-49.48214460762463
nls_mike,Waves,SSL 4000 G+ console channel,console-ssl,matched_thd_3_pct,full,thd_3_pct,800.0,-12.0,2.9118736033484467,30,-32.521835300637264,-44.87876148597164,-42.08497024636959,-40.39914436923336,-42.28511308474185,-45.15637561946575,-48.80136660725696
nls_mike,Waves,SSL 4000 G+ console channel,console-ssl,matched_thd_3_pct,full,thd_3_pct,800.0,-3.0,30.374669907778866,30,-31.352989651927956,-11.154488305411563,-34.36230170619482,-18.9472949886271,-37.237195838480815,-28.21192449020711,-41.8501596481929
nls_mike,Waves,SSL 4000 G+ console channel,console-ssl,matched_thd_3_pct,full,thd_3_pct,8000.0,-12.0,1.9656257893209963,2,-34.129983169567176,,,,,,
nls_mike,Waves,SSL 4000 G+ console channel,console-ssl,matched_thd_3_pct,full,thd_3_pct,8000.0,-3.0,5.265951419652203,2,-25.570463034771045,,,,,,
nls_nevo,Waves,Neve 5116 console channel,console-neve,drive_0,full,,100.0,-12.0,0.007799939880831807,239,-93.0758597138044,-82.69681150563551,-127.87759562885336,-97.09882943443642,-135.28571635173518,-106.60421000230741,-133.08687963919323
nls_nevo,Waves,Neve 5116 console channel,console-neve,drive_0,full,,100.0,-3.0,0.013657306640266388,239,-86.92739569600826,-78.1026052466053,-110.67517734734894,-90.03151883489704,-126.6965344832382,-98.45211406427237,-132.02445463769754
nls_nevo,Waves,Neve 5116 console channel,console-neve,drive_0,full,,1000.0,-12.0,0.0010411660714250734,24,-111.41573788200317,-100.14061469401476,-127.78801001045318,-116.06122137739732,-125.84274391025443,-119.31483190359943,-125.28772315616784
nls_nevo,Waves,Neve 5116 console channel,console-neve,drive_0,full,,1000.0,-3.0,0.0024354780302236773,24,-103.24179391867516,-92.81987588060525,-125.71777371690101,-107.37224227561818,-125.4598909540479,-113.78340045735564,-125.39493738357885
nls_nevo,Waves,Neve 5116 console channel,console-neve,drive_0,full,,10000.0,-12.0,0.00026973605574051194,2,-111.38121994654183,,,,,,
nls_nevo,Waves,Neve 5116 console channel,console-neve,drive_0,full,,10000.0,-3.0,0.00055848360636244,2,-105.05979141142669,,,,,,
nls_nevo,Waves,Neve 5116 console channel,console-neve,drive_0,full,,125.0,-12.0,0.005856553855385506,191,-95.66013638319033,-85.1713482782126,-129.1669729160376,-99.75532596146263,-140.42333746227288,-109.05987568051452,-145.0263677919617
nls_nevo,Waves,Neve 5116 console channel,console-neve,drive_0,full,,125.0,-3.0,0.010825893835533066,191,-89.18819310245725,-80.06569314283483,-113.48730526552556,-92.37724233884528,-126.90574775890603,-100.89322160033541,-135.37377892173527
nls_nevo,Waves,Neve 5116 console channel,console-neve,drive_0,full,,1250.0,-12.0,0.0009857489819952115,19,-110.49475584368055,-100.74576426400102,-126.92401736349652,-116.68181264928216,-125.2897434624431,-119.53629654070377,-125.73927858700321
nls_nevo,Waves,Neve 5116 console channel,console-neve,drive_0,full,,1250.0,-3.0,0.002307358949341244,19,-103.15774771294696,-93.33890373424525,-127.257706514386,-107.98015410408476,-125.61974918466417,-114.15906785905294,-125.62168456004895
nls_nevo,Waves,Neve 5116 console channel,console-neve,drive_0,full,,160.0,-12.0,0.004459526229004457,150,-97.88659094602366,-87.53529489175436,-133.57567603551723,-102.54291492191737,-140.88579000439387,-111.91705042300563,-143.54776424539938
nls_nevo,Waves,Neve 5116 console channel,console-neve,drive_0,full,,160.0,-3.0,0.008618076811826927,150,-91.27921940596158,-82.00395379685756,-116.79688627241879,-94.79634107128092,-130.37236590351398,-103.48572778764313,-137.23323666227802
nls_nevo,Waves,Neve 5116 console channel,console-neve,drive_0,full,,1600.0,-12.0,0.0009153625963036447,14,-112.948353545365,-101.23302203396153,-125.3713598553087,-117.61265849620995,-125.4119336913534,-120.29772525346446,-127.22443511027106
nls_nevo,Waves,Neve 5116 console channel,console-neve,drive_0,full,,1600.0,-3.0,0.0021808446532778796,14,-104.38058499972689,-93.75508510309194,-124.41044183655333,-108.61900268342163,-125.0675862348836,-114.77087033236133,-127.34938477767568
nls_nevo,Waves,Neve 5116 console channel,console-neve,drive_0,full,,200.0,-12.0,0.0034930425945392954,120,-100.30756625757653,-89.61933206092368,-137.05783309563438,-104.97383384372895,-134.57335267395814,-114.62163287007502,-133.48036677737366
nls_nevo,Waves,Neve 5116 console channel,console-neve,drive_0,full,,200.0,-3.0,0.007024911198838661,120,-93.3197993045208,-83.7285612024948,-119.88200729869426,-96.90273112388766,-130.27948105754794,-105.80700697719143,-131.56765970384146
nls_nevo,Waves,Neve 5116 console channel,console-neve,drive_0,full,,2000.0,-12.0,0.0009058226567975074,11,-110.74479520426391,-101.51129821955274,-124.91840098939534,-118.75584610475963,-126.763381860369,-120.77706820944869,-125.00363138200528
nls_nevo,Waves,Neve 5116 console channel,console-neve,drive_0,full,,2000.0,-3.0,0.002135007565363016,11,-103.64435181455173,-94.01631836290974,-124.48238020574615,-109.17760493718065,-127.16665113700802,-115.16159749877608,-124.89848331442835
nls_nevo,Waves,Neve 5116 console channel,console-neve,drive_0,full,,250.0,-12.0,0.0027948585070404703,96,-102.29705656161204,-91.54548654183648,-137.2311017851334,-107.15388834747876,-133.88783422702608,-116.46697360159921,-132.53014084499281
nls_nevo,Waves,Neve 5116 console channel,console-neve,drive_0,full,,250.0,-3.0,0.005803317297081224,96,-95.11475381814623,-85.35788607606764,-122.45339601441404,-98.85432127931672,-130.46578071155662,-107.74311192054556,-131.3418632877988
nls_nevo,Waves,Neve 5116 console channel,console-neve,drive_0,full,,2500.0,-12.0,0.0008740243402011794,9,-114.04564720042518,-101.64311726237455,-125.37223759782054,-119.37251123919825,-126.04829243200021,-118.67552187648087,-120.44757402298018
nls_nevo,Waves,Neve 5116 console channel,console-neve,drive_0,full,,2500.0,-3.0,0.0020695962617869484,9,-105.10704699891355,-94.19213011304704,-125.6891068871464,-109.48547397190644,-125.72735113336243,-114.08420494678118,-120.49948440303537
nls_nevo,Waves,Neve 5116 console channel,console-neve,drive_0,full,,31.5,-12.0,0.06394006763266138,762,-72.64445407091009,-64.90619061155488,-93.15410498409287,-75.77957816968637,-104.72253318272477,-83.60978331496884,-111.77941260713723
nls_nevo,Waves,Neve 5116 console channel,console-neve,drive_0,full,,31.5,-3.0,0.06507849195872761,762,-69.79152840460175,-65.75619462509395,-86.4801731937728,-73.93984321370142,-96.16619160449333,-79.99766169748045,-103.15751339197388
nls_nevo,Waves,Neve 5116 console channel,console-neve,drive_0,full,,315.0,-12.0,0.002255485519004522,76,-104.03308171095412,-93.42018356516797,-142.2296472495107,-108.92127137440056,-149.64155920551713,-118.48830790050455,-149.67554471327037
nls_nevo,Waves,Neve 5116 console channel,console-neve,drive_0,full,,315.0,-3.0,0.0048051162002808396,76,-96.80462997160578,-86.98286251866877,-124.67139617317791,-100.65474953532683,-140.0019270991517,-109.7077964407546,-144.46173424840003
nls_nevo,Waves,Neve 5116 console channel,console-neve,drive_0,full,,3150.0,-12.0,0.0008726099164502711,7,-114.16801886468207,-101.66253947211246,-126.73635066039262,-119.85051698756065,-121.24808048601267,-116.72933163902938,
nls_nevo,Waves,Neve 5116 console channel,console-neve,drive_0,full,,3150.0,-3.0,0.002038342017308186,7,-105.32324803549997,-94.3164915659667,-127.66893642397625,-109.85305974280473,-121.04346596476545,-113.27844313045577,
nls_nevo,Waves,Neve 5116 console channel,console-neve,drive_0,full,,40.0,-12.0,0.037548876032868474,595,-78.03609171152073,-69.32539058725145,-100.85523314496187,-81.34745956248116,-113.29005220405053,-89.79329244487198,-119.65954433901192
nls_nevo,Waves,Neve 5116 console channel,console-neve,drive_0,full,,40.0,-3.0,0.044748216642831636,595,-74.25753868318529,-68.49577732857766,-92.31961793639897,-77.6740076755765,-103.08292510047728,-84.43359473031668,-110.95572672979131
nls_nevo,Waves,Neve 5116 console channel,console-neve,drive_0,full,,400.0,-12.0,0.001826166105004767,60,-105.92504333758997,-95.24438036912758,-146.93883488680746,-110.89987014648634,-148.73996331733514,-120.58535085933593,-148.31288687672622
nls_nevo,Waves,Neve 5116 console channel,console-neve,drive_0,full,,400.0,-3.0,0.003989633492056723,60,-98.5351457504067,-88.57477541642625,-127.43796737844654,-102.50413795531242,-142.6409809643526,-111.670100717411,-144.90339173852934
nls_nevo,Waves,Neve 5116 console channel,console-neve,drive_0,full,,4000.0,-12.0,0.0008547346976445822,6,-113.65262218245189,-101.74667289617217,-124.78794425591998,-128.54466674346799,-118.57898054934051,,
nls_nevo,Waves,Neve 5116 console channel,console-neve,drive_0,full,,4000.0,-3.0,0.0019847288447940492,6,-105.33391028291256,-94.4781609619846,-125.65545487159581,-111.97600471892488,-118.49631089170929,,
nls_nevo,Waves,Neve 5116 console channel,console-neve,drive_0,full,,50.0,-12.0,0.024663245658892323,481,-82.13764376499539,-72.87890554759096,-107.29572458233201,-85.53648040370825,-117.25560671928697,-94.396395562052,-125.60946639639977
nls_nevo,Waves,Neve 5116 console channel,console-neve,drive_0,full,,50.0,-3.0,0.033079034459429286,481,-77.67789953468629,-70.85471976265792,-97.125839866512,-80.73654397116606,-107.7139654034788,-88.05205286854002,-118.56360812507819
nls_nevo,Waves,Neve 5116 console channel,console-neve,drive_0,full,,500.0,-12.0,0.0015220924056257947,47,-107.37075175284076,-96.83956080014306,-133.4385583994252,-113.12503868992609,-130.69214501889977,-119.30440191236285,-128.30992252934334
nls_nevo,Waves,Neve 5116 console channel,console-neve,drive_0,full,,500.0,-3.0,0.0034018153161719487,47,-99.92674426617492,-89.949737544281,-127.45031120194746,-104.26923898009315,-132.29355358051242,-112.15526499174771,-128.27896474839804
nls_nevo,Waves,Neve 5116 console channel,console-neve,drive_0,full,,5000.0,-12.0,0.0008349740868907806,4,-112.6533157791844,-101.99042470575432,-119.76823961730281,,,,
nls_nevo,Waves,Neve 5116 console channel,console-neve,drive_0,full,,5000.0,-3.0,0.0019234782190383226,4,-105.0953333299885,-94.71433946735559,-118.81584307723145,,,,
nls_nevo,Waves,Neve 5116 console channel,console-neve,drive_0,full,,63.0,-12.0,0.016072973082821716,381,-86.18106324680122,-76.51712691313776,-114.36604451408051,-90.07453719480637,-121.47740672992586,-98.59487469196237,-131.1769972817291
nls_nevo,Waves,Neve 5116 console channel,console-neve,drive_0,full,,63.0,-3.0,0.024034086788713126,381,-81.09057020329564,-73.42599091311959,-102.1415710124898,-84.19927304814613,-112.39089601547717,-91.68247746743978,-129.2854142484008
nls_nevo,Waves,Neve 5116 console channel,console-neve,drive_0,full,,630.0,-12.0,0.0013180396684733889,38,-108.88317191301599,-98.05872363114159,-138.95459545664272,-113.95391347399183,-143.61170343135345,-124.13743560143722,-144.79907786799902
nls_nevo,Waves,Neve 5116 console channel,console-neve,drive_0,full,,630.0,-3.0,0.0029803234281115037,38,-101.245451622881,-91.07471901512591,-128.95170949008107,-105.383622358156,-140.43334670612637,-114.8179908015854,-145.90411982695517
nls_nevo,Waves,Neve 5116 console channel,console-neve,drive_0,full,,6300.0,-12.0,0.0007965691915772262,3,-113.38995602288634,-102.30100192043885,,,,,
nls_nevo,Waves,Neve 5116 console channel,console-neve,drive_0,full,,6300.0,-3.0,0.0018572196329370199,3,-105.5020865944181,-94.99274896267877,,,,,
nls_nevo,Waves,Neve 5116 console channel,console-neve,drive_0,full,,80.0,-12.0,0.010887450668308027,300,-90.00879369035495,-79.83598369859864,-121.46592816083367,-93.77019816363914,-135.51484521559684,-102.98840413800096,-131.98687000896604
nls_nevo,Waves,Neve 5116 console channel,console-neve,drive_0,full,,80.0,-3.0,0.017793410512998258,300,-84.28743057017886,-75.8941064051132,-106.75948175322716,-87.25416415539337,-122.54589751384123,-95.34545103150549,-136.1499795511873
nls_nevo,Waves,Neve 5116 console channel,console-neve,drive_0,full,,800.0,-12.0,0.0011676236257886236,30,-110.01782299564067,-99.10390781701685,-138.72610686515577,-115.01323536315398,-142.19375700157994,-125.48219066740583,-143.84349082744907
nls_nevo,Waves,Neve 5116 console channel,console-neve,drive_0,full,,800.0,-3.0,0.002669127285415849,30,-102.27763867246665,-92.02095661886472,-129.94120331588852,-106.44126688454429,-139.4984464123448,-116.00810655932699,-144.13298609685106
nls_nevo,Waves,Neve 5116 console channel,console-neve,drive_0,full,,8000.0,-12.0,0.00020206259980433514,2,-113.89028127068397,,,,,,
nls_nevo,Waves,Neve 5116 console channel,console-neve,drive_0,full,,8000.0,-3.0,0.0005022175616950146,2,-105.98216209634542,,,,,,
nls_nevo,Waves,Neve 5116 console channel,console-neve,drive_12,full,,100.0,-12.0,0.6986477766150605,239,-53.129560707474994,-43.82867402031779,-77.87493292118268,-56.545682997931586,-92.40293859694597,-65.20764805696156,-102.89108648516017
nls_nevo,Waves,Neve 5116 console channel,console-neve,drive_12,full,,100.0,-3.0,18.720932440212103,239,-22.803374550733764,-15.465926636830776,-33.38097592878529,-44.59287165013235,-34.81575344581024,-34.97771462976845,-35.919294179865354
nls_nevo,Waves,Neve 5116 console channel,console-neve,drive_12,full,,1000.0,-12.0,0.11689619204196056,24,-69.64471485603802,-59.154135163135166,-102.1646594357048,-74.16566106146207,-116.0231629581946,-83.43467921179503,-126.50551857834749
nls_nevo,Waves,Neve 5116 console channel,console-neve,drive_12,full,,1000.0,-3.0,19.343491496491374,24,-21.217541786429926,-15.468239202676383,-33.29151443130522,-56.373259652234886,-33.78087660296911,-34.938402707825944,-35.837568104289275
nls_nevo,Waves,Neve 5116 console channel,console-neve,drive_12,full,,10000.0,-12.0,0.01301045573673437,2,-77.7141498097638,,,,,,
nls_nevo,Waves,Neve 5116 console channel,console-neve,drive_12,full,,10000.0,-3.0,9.23677489718978,2,-20.689592802544542,,,,,,
nls_nevo,Waves,Neve 5116 console channel,console-neve,drive_12,full,,125.0,-12.0,0.5544858180243669,191,-55.342756106823465,-45.78972099068107,-81.15120879046714,-58.92007729484015,-96.1297249672221,-67.74937686014088,-107.02080840797757
nls_nevo,Waves,Neve 5116 console channel,console-neve,drive_12,full,,125.0,-3.0,18.90705158057248,191,-22.49898437641646,-15.416429244948466,-33.725530409503016,-46.70257692061169,-34.4796106375921,-34.89857865950155,-35.753083106651594
nls_nevo,Waves,Neve 5116 console channel,console-neve,drive_12,full,,1250.0,-12.0,0.10951907197200524,19,-70.21695598500028,-59.71796164425242,-103.13795746107209,-74.78407697388897,-126.62700590772164,-84.05085648766195,-122.99664097388836
nls_nevo,Waves,Neve 5116 console channel,console-neve,drive_12,full,,1250.0,-3.0,19.342432425679842,19,-21.11155861925478,-15.497598435061086,-33.346339147206756,-56.97799486598255,-33.64067334406245,-35.02421649192111,-35.84995021009968
nls_nevo,Waves,Neve 5116 console channel,console-neve,drive_12,full,,160.0,-12.0,0.43779833270651825,150,-57.57382955610446,-47.804078584621436,-84.4714305867268,-61.30601661001546,-99.94530643311728,-70.26048533968704,-111.13919640716163
nls_nevo,Waves,Neve 5116 console channel,console-neve,drive_12,full,,160.0,-3.0,19.063388398307797,150,-22.200707728555447,-15.391525338444858,-33.677233413662734,-49.47633239689037,-34.40335598892083,-34.63435103826563,-35.63662387928418
nls_nevo,Waves,Neve 5116 console channel,console-neve,drive_12,full,,1600.0,-12.0,0.10343494315371896,14,-70.74658769815592,-60.20995103749529,-103.88791999441877,-75.32359817600342,-116.81146971412446,-84.59552327688468,-128.43498342965904
nls_nevo,Waves,Neve 5116 console channel,console-neve,drive_12,full,,1600.0,-3.0,19.353989345292995,14,-21.003807690930255,-15.520937210011972,-33.4042715038697,-57.78018754745159,-33.49830744535167,-35.10830339937469,-35.858904631024295
nls_nevo,Waves,Neve 5116 console channel,console-neve,drive_12,full,,200.0,-12.0,0.35552257908719065,120,-59.509403567662,-49.5851148782306,-87.34555676826278,-63.384738934457616,-103.19020669746898,-72.43978356777099,-113.70303284906747
nls_nevo,Waves,Neve 5116 console channel,console-neve,drive_12,full,,200.0,-3.0,19.182616093414406,120,-21.982697375943037,-15.372018122598163,-33.47925402617191,-51.298712944341666,-34.479678089987154,-34.489934260000744,-35.72793779074714
nls_nevo,Waves,Neve 5116 console channel,console-neve,drive_12,full,,2000.0,-12.0,0.09886751226485037,11,-71.13361206306644,-60.601543248288365,-104.07169732411398,-75.75026665959963,-128.6459580868818,-85.01327048206002,-122.61409661871261
nls_nevo,Waves,Neve 5116 console channel,console-neve,drive_12,full,,2000.0,-3.0,19.377191931746744,11,-20.92022235108463,-15.531357825744752,-33.44773713209002,-58.61280121374666,-33.38829169328881,-35.16646771871956,-35.85323065700131
nls_nevo,Waves,Neve 5116 console channel,console-neve,drive_12,full,,250.0,-12.0,0.29102848179984064,96,-61.357964545300064,-51.301347803116684,-90.08079387897484,-65.3620782883782,-106.11273195177766,-74.49370397490006,-116.17913392842553
nls_nevo,Waves,Neve 5116 console channel,console-neve,drive_12,full,,250.0,-3.0,19.28029867747158,96,-21.821492797312253,-15.353255860443664,-33.325361965267966,-52.070048357901115,-34.48298448728699,-34.49464864310326,-35.79071961014408
nls_nevo,Waves,Neve 5116 console channel,console-neve,drive_12,full,,2500.0,-12.0,0.0943419483330679,9,-71.58227090328137,-61.004145945718584,-105.65596107126426,-76.18163387497293,-117.83969251816671,-85.3998937003444,-120.01193686245918
nls_nevo,Waves,Neve 5116 console channel,console-neve,drive_12,full,,2500.0,-3.0,19.410508947723017,9,-20.851148847639443,-15.532230811110239,-33.48186468074276,-59.5299814883656,-33.290885242886766,-35.19372279103583,-35.84563134425781
nls_nevo,Waves,Neve 5116 console channel,console-neve,drive_12,full,,31.5,-12.0,2.7403799941477107,762,-38.29191967411967,-32.85562868153922,-56.014068768027826,-41.73807823253135,-66.61559339230288,-48.2742097556055,-74.58041335139181
nls_nevo,Waves,Neve 5116 console channel,console-neve,drive_12,full,,31.5,-3.0,13.444516501696494,762,-22.739037857954525,-19.28725731110394,-34.97200383729425,-40.967871290538554,-37.89461492777964,-37.32542369677699,-36.49863909330928
nls_nevo,Waves,Neve 5116 console channel,console-neve,drive_12,full,,315.0,-12.0,0.2376385587040487,76,-63.2184418575985,-53.04209360350078,-92.81273405317485,-67.34386578121173,-109.03706568823941,-76.53597253230457,-120.18659788974118
nls_nevo,Waves,Neve 5116 console channel,console-neve,drive_12,full,,315.0,-3.0,19.3429722003376,76,-21.703435988990595,-15.345941288688396,-33.2425705187958,-52.73700495495624,-34.39575541202183,-34.541660877452635,-35.78591198398288
nls_nevo,Waves,Neve 5116 console channel,console-neve,drive_12,full,,3150.0,-12.0,0.08907462624997678,7,-72.10144874180133,-61.49985316459407,-106.54687214242492,-76.70991269284733,-116.44794672173796,-86.08190445922331,
nls_nevo,Waves,Neve 5116 console channel,console-neve,drive_12,full,,3150.0,-3.0,19.379340453528563,7,-20.79495317026621,-15.527680199541123,-33.50673900934283,-60.48073544974339,-33.20284023375947,-35.24905629369071,
nls_nevo,Waves,Neve 5116 console channel,console-neve,drive_12,full,,40.0,-12.0,2.0744002107733857,595,-41.79178889607057,-34.89068964770567,-61.091856573823634,-44.842348317443204,-72.74768404184856,-52.07512685172331,-81.45808925742786
nls_nevo,Waves,Neve 5116 console channel,console-neve,drive_12,full,,40.0,-3.0,15.416216735488838,595,-22.768640600406332,-17.630335443205702,-32.93020120925433,-44.840449854649734,-35.6245855717848,-37.21597387161504,-36.635542835976345
nls_nevo,Waves,Neve 5116 console channel,console-neve,drive_12,full,,400.0,-12.0,0.195234326936759,60,-65.0094700121511,-54.73291640598067,-95.46239124012365,-69.25079699261198,-111.93153790064345,-78.498903458312,-122.72591862743596
nls_nevo,Waves,Neve 5116 console channel,console-neve,drive_12,full,,400.0,-3.0,19.36680074999355,60,-21.610062230092126,-15.355124197635014,-33.1992818772831,-53.61695958481292,-34.29233078159513,-34.60566310238597,-35.790616976016835
nls_nevo,Waves,Neve 5116 console channel,console-neve,drive_12,full,,4000.0,-12.0,0.08232187506669873,6,-72.79327498082492,-62.16778410302857,-107.94214434154304,-77.43189429426144,-119.46420238713196,,
nls_nevo,Waves,Neve 5116 console channel,console-neve,drive_12,full,,4000.0,-3.0,19.333573890736925,6,-20.75250136296058,-15.521566828240573,-33.507470664501774,-61.512531239803316,-33.198798195053485,,
nls_nevo,Waves,Neve 5116 console channel,console-neve,drive_12,full,,50.0,-12.0,1.6014940753842342,481,-44.70681395032358,-36.93537881975432,-65.38417979088341,-47.70728938725342,-77.89131966363215,-55.42402568566645,-87.08780779184966
nls_nevo,Waves,Neve 5116 console channel,console-neve,drive_12,full,,50.0,-3.0,16.79595413306821,481,-22.985256238524926,-16.622862914542928,-31.97072846097403,-47.29282477189146,-34.68069261878695,-36.83199693578179,-36.63302341409886
nls_nevo,Waves,Neve 5116 console channel,console-neve,drive_12,full,,500.0,-12.0,0.16550162086386008,47,-66.50354702098173,-56.15614224122464,-97.61924841559332,-70.84724181318569,-116.05874492359547,-80.10712381420569,-123.97385866595013
nls_nevo,Waves,Neve 5116 console channel,console-neve,drive_12,full,,500.0,-3.0,19.369418550623784,47,-21.525953381683895,-15.374311483144643,-33.18831599603227,-54.45097650860699,-34.1839642731352,-34.67694695817385,-35.80047620871384
nls_nevo,Waves,Neve 5116 console channel,console-neve,drive_12,full,,5000.0,-12.0,0.07386063048122797,4,-73.66534874632661,-62.98850644855693,-106.15701868026846,,,,
nls_nevo,Waves,Neve 5116 console channel,console-neve,drive_12,full,,5000.0,-3.0,19.239964454719463,4,-20.72895160010908,-15.510046461232834,-33.52532419453826,,,,
nls_nevo,Waves,Neve 5116 console channel,console-neve,drive_12,full,,63.0,-12.0,1.198698878822336,381,-47.76697824134318,-39.30406734279084,-69.9186143021306,-50.85306214128526,-83.29516801731262,-58.989854574203314,-92.88474631024508
nls_nevo,Waves,Neve 5116 console channel,console-neve,drive_12,full,,63.0,-3.0,17.850326955740524,381,-23.159057752058764,-15.93618249384164,-31.932789497079884,-44.82665244547884,-34.88790568300398,-35.51407724713237,-35.81779844092733
nls_nevo,Waves,Neve 5116 console channel,console-neve,drive_12,full,,630.0,-12.0,0.1433221999512141,38,-67.808285176169,-57.396004273259386,-99.51336510977694,-72.2198919046514,-116.28737227916554,-81.54150655097519,-128.58863186031016
nls_nevo,Waves,Neve 5116 console channel,console-neve,drive_12,full,,630.0,-3.0,19.36235639491582,38,-21.432007691226147,-15.401786948765167,-33.20326202941687,-55.194220844831186,-34.06057669153766,-34.75858266415753,-35.812390608401394
nls_nevo,Waves,Neve 5116 console channel,console-neve,drive_12,full,,6300.0,-12.0,0.06509804568455105,3,-74.8047469873631,-64.08158126051023,,,,,
nls_nevo,Waves,Neve 5116 console channel,console-neve,drive_12,full,,6300.0,-3.0,19.16162878844598,3,-20.71545408538711,-15.49202136780971,,,,,
nls_nevo,Waves,Neve 5116 console channel,console-neve,drive_12,full,,80.0,-12.0,0.9030434643218375,300,-50.62048835695176,-41.665414717880054,-74.14639276745729,-53.86831509776314,-88.07931717946565,-62.31050002787187,-98.10771266367654
nls_nevo,Waves,Neve 5116 console channel,console-neve,drive_12,full,,80.0,-3.0,18.42636903932873,300,-23.07242634801939,-15.599277560705644,-32.64701052266402,-43.65518240059431,-35.15418204935316,-34.93576012264746,-35.77751625500669
nls_nevo,Waves,Neve 5116 console channel,console-neve,drive_12,full,,800.0,-12.0,0.1272915210951825,30,-68.87689888854092,-58.41906256910242,-101.06241201132954,-73.35037686893729,-117.81068512404538,-82.69396576313682,-130.1828328022619
nls_nevo,Waves,Neve 5116 console channel,console-neve,drive_12,full,,800.0,-3.0,19.351507977912405,30,-21.32424377870408,-15.435545218032093,-33.241501902476294,-55.82761505394483,-33.92007980328646,-34.85005718236519,-35.82545734214597
nls_nevo,Waves,Neve 5116 console channel,console-neve,drive_12,full,,8000.0,-12.0,0.015366886922458809,2,-76.2682820896073,,,,,,
nls_nevo,Waves,Neve 5116 console channel,console-neve,drive_12,full,,8000.0,-3.0,9.212968910785241,2,-20.712007887278745,,,,,,
nls_nevo,Waves,Neve 5116 console channel,console-neve,drive_3,curve,,100.0,-12.0,0.02474078918231438,239,-82.86816068744767,-72.69620204114486,-113.09679690803291,-86.89118743217884,-133.6741210124602,-96.13893496471745,-133.9962544852624
nls_nevo,Waves,Neve 5116 console channel,console-neve,drive_3,curve,,1000.0,-12.0,0.0034023475253321576,24,-100.75886208666617,-89.82565322081373,-126.96012378080982,-105.7575944691084,-125.67829277292331,-112.72433906411202,-125.31049032749918
nls_nevo,Waves,Neve 5116 console channel,console-neve,drive_3,curve,,10000.0,-12.0,0.0006275063347736448,2,-104.04763771109461,,,,,,
nls_nevo,Waves,Neve 5116 console channel,console-neve,drive_3,curve,,125.0,-12.0,0.01868066774579995,191,-85.42663723188967,-75.11454367838611,-116.36829583942095,-89.59367478440983,-131.8278820538833,-98.85257344711965,-140.15327716112606
nls_nevo,Waves,Neve 5116 console channel,console-neve,drive_3,curve,,1250.0,-12.0,0.0031970468466178056,19,-100.86746886679504,-90.4009522766388,-127.09333061919688,-106.41982578110999,-125.42707287616528,-113.14204779865436,-125.70332968634796
nls_nevo,Waves,Neve 5116 console channel,console-neve,drive_3,curve,,160.0,-12.0,0.014210161318447266,150,-87.84033023839469,-77.47477352969992,-120.28128904458869,-92.27702920130348,-135.37584409877718,-101.59307081289525,-141.24157866280353
nls_nevo,Waves,Neve 5116 console channel,console-neve,drive_3,curve,,1600.0,-12.0,0.003010742393441091,14,-101.94899897611819,-90.8718691715926,-125.09545313901299,-107.09717978163154,-125.2658989266647,-113.76988943796633,-127.26530978937421
nls_nevo,Waves,Neve 5116 console channel,console-neve,drive_3,curve,,200.0,-12.0,0.011213248803117656,120,-90.03795045522567,-79.51052369734026,-123.98239997350528,-94.56958729588813,-133.08582341025965,-104.01292678943858,-132.8877210141156
nls_nevo,Waves,Neve 5116 console channel,console-neve,drive_3,curve,,2000.0,-12.0,0.002920102008473884,11,-101.50488889869195,-91.19096313184139,-124.6432668004173,-107.66485382689523,-126.91921624725985,-114.15554915982268,-124.96264532254597
nls_nevo,Waves,Neve 5116 console channel,console-neve,drive_3,curve,,250.0,-12.0,0.00899358621016342,96,-92.01586187410022,-81.41461671582262,-126.87409993910373,-96.68107764870138,-132.5878980763036,-106.06734053438231,-132.16333183749816
nls_nevo,Waves,Neve 5116 console channel,console-neve,drive_3,curve,,2500.0,-12.0,0.002814064251496152,9,-102.73658264864727,-91.44653465499007,-125.76958985723651,-108.01584795577591,-125.90844890365744,-113.26453072696984,-120.45923722742236
nls_nevo,Waves,Neve 5116 console channel,console-neve,drive_3,curve,,31.5,-12.0,0.1932089049836024,762,-62.90994225385753,-55.35001886829791,-83.18197045990155,-65.93884949939482,-95.2816584605224,-73.56827218094301,-103.93821612713388
nls_nevo,Waves,Neve 5116 console channel,console-neve,drive_3,curve,,315.0,-12.0,0.007236964992516449,76,-93.90977058218711,-83.29851139172058,-129.25952082352458,-98.65364969556764,-145.1011272833442,-108.10246293435208,-147.5429106609316
nls_nevo,Waves,Neve 5116 console channel,console-neve,drive_3,curve,,3150.0,-12.0,0.002733278826171845,7,-103.0379106177743,-91.69049457562642,-127.45843235400548,-108.5247048059828,-121.16390591420608,-113.14782839269273,
nls_nevo,Waves,Neve 5116 console channel,console-neve,drive_3,curve,,40.0,-12.0,0.11562931585703859,595,-68.16792032936617,-59.591006528889345,-90.63671630978257,-71.31863887893843,-104.0366602738211,-79.56116184308449,-113.47278915979936
nls_nevo,Waves,Neve 5116 console channel,console-neve,drive_3,curve,,400.0,-12.0,0.005866536596821417,60,-95.78511968384396,-85.11282078902855,-132.51472938504173,-100.61867120092941,-146.77205528488176,-110.12036419813921,-146.88746302400847
nls_nevo,Waves,Neve 5116 console channel,console-neve,drive_3,curve,,4000.0,-12.0,0.0026223371032959427,6,-103.220983970395,-92.01188606317855,-125.3914508889367,-110.40060436176284,-118.56294284939288,,
nls_nevo,Waves,Neve 5116 console channel,console-neve,drive_3,curve,,50.0,-12.0,0.07652936180606563,481,-72.21702373905195,-63.06507834547873,-96.63277551460288,-75.54807527306205,-109.79002037869043,-84.18014032696362,-122.39239821839762
nls_nevo,Waves,Neve 5116 console channel,console-neve,drive_3,curve,,500.0,-12.0,0.004914823230745587,47,-97.30049033025998,-86.64803400518899,-130.36983686324604,-102.43187173354941,-131.24786826657754,-110.84855403556014,-128.2973591927522
nls_nevo,Waves,Neve 5116 console channel,console-neve,drive_3,curve,,5000.0,-12.0,0.002489128839131705,4,-103.40028907931273,-92.42069840919211,-119.3310154195258,,,,
nls_nevo,Waves,Neve 5116 console channel,console-neve,drive_3,curve,,63.0,-12.0,0.050250092486054714,381,-76.22666662726954,-66.63592850029224,-102.7843183964812,-79.8867959102397,-115.25163413131254,-88.62580918724055,-137.96084236366096
nls_nevo,Waves,Neve 5116 console channel,console-neve,drive_3,curve,,630.0,-12.0,0.004236301313074216,38,-98.6965646221629,-87.92700418619069,-132.731301286919,-103.65096810054251,-142.48209840516284,-113.31561617112384,-145.2762526248898
nls_nevo,Waves,Neve 5116 console channel,console-neve,drive_3,curve,,6300.0,-12.0,0.0023377030052322005,3,-103.92829464282288,-92.95839136453516,,,,,
nls_nevo,Waves,Neve 5116 console channel,console-neve,drive_3,curve,,80.0,-12.0,0.03429940178186216,300,-79.85564177654584,-69.89489508400723,-108.37331646847012,-83.6557700297111,-129.0296423789,-92.7317986204345,-137.93294872739816
nls_nevo,Waves,Neve 5116 console channel,console-neve,drive_3,curve,,800.0,-12.0,0.003747377638831518,30,-99.80105157405937,-88.98720373455227,-133.45151128179975,-104.76606447132247,-141.23149715414692,-114.52653068191582,-143.8968147794336
nls_nevo,Waves,Neve 5116 console channel,console-neve,drive_3,curve,,8000.0,-12.0,0.0005787658915502166,2,-104.74994142210389,,,,,,
nls_nevo,Waves,Neve 5116 console channel,console-neve,drive_6,full,,100.0,-12.0,0.07867238517127445,239,-72.7121436478443,-62.66664411183534,-101.45568728771102,-76.67363265061286,-118.38649300749154,-85.80713201412576,-129.37676994498415
nls_nevo,Waves,Neve 5116 console channel,console-neve,drive_6,full,,100.0,-3.0,4.089226712010221,239,-32.42380729846859,-33.158142330843745,-35.20637717980892,-37.27116500227156,-40.546063613998406,-44.832513078737,-51.82711807581007
nls_nevo,Waves,Neve 5116 console channel,console-neve,drive_6,full,,1000.0,-12.0,0.011072090534570344,24,-90.38901427279046,-79.58136873222435,-123.60355010665707,-95.35088301017612,-125.10578993822129,-103.96202505425371,-125.41191007455792
nls_nevo,Waves,Neve 5116 console channel,console-neve,drive_6,full,,1000.0,-3.0,3.5198009752669104,24,-33.84136548340043,-34.910980394282355,-36.32859278268103,-38.331220711584784,-41.017891251254966,-44.6493185177355,-49.964810262914945
nls_nevo,Waves,Neve 5116 console channel,console-neve,drive_6,full,,10000.0,-12.0,0.0016683301367427167,2,-95.55436010059994,,,,,,
nls_nevo,Waves,Neve 5116 console channel,console-neve,drive_6,full,,10000.0,-3.0,2.049273790759401,2,-33.768000286612356,,,,,,
nls_nevo,Waves,Neve 5116 console channel,console-neve,drive_6,full,,125.0,-12.0,0.059732384180316886,191,-75.23644739090113,-65.03270799687031,-105.04944879935988,-79.3649480735517,-121.12828829671162,-88.5796989363221,-131.91637921461
nls_nevo,Waves,Neve 5116 console channel,console-neve,drive_6,full,,125.0,-3.0,3.9468252335583807,191,-32.810463263150595,-33.50201178811015,-35.46199631325274,-37.545760156939295,-40.60742422062327,-44.824857230744286,-51.208779878204886
nls_nevo,Waves,Neve 5116 console channel,console-neve,drive_6,full,,1250.0,-12.0,0.010377444431190664,19,-90.82559123492318,-80.15307158552775,-125.51574078265254,-95.98109663526044,-125.9235543684852,-104.50002946043718,-125.56420841698335
nls_nevo,Waves,Neve 5116 console channel,console-neve,drive_6,full,,1250.0,-3.0,3.5175950869903767,19,-33.84410813893443,-34.928499354413965,-36.33910996028758,-38.32470256515861,-41.00587475101876,-44.637873026588196,-49.94726785350842
nls_nevo,Waves,Neve 5116 console channel,console-neve,drive_6,full,,160.0,-12.0,0.04555617677472855,150,-77.68794399728897,-67.36515144276085,-108.79556533453325,-81.99872818876398,-125.30020303942396,-91.27366910661529,-135.52303131210783
nls_nevo,Waves,Neve 5116 console channel,console-neve,drive_6,full,,160.0,-3.0,3.8150254171682008,150,-33.154270232163505,-33.860655655983145,-35.7035189282577,-37.8168441975405,-40.70303904372182,-44.808590546209466,-50.80711926029739
nls_nevo,Waves,Neve 5116 console channel,console-neve,drive_6,full,,1600.0,-12.0,0.009803089340336947,14,-91.5000459776988,-80.63063166512636,-123.56261114771922,-96.54561845541713,-124.75866086523581,-105.05762168035764,-127.37246357918312
nls_nevo,Waves,Neve 5116 console channel,console-neve,drive_6,full,,1600.0,-3.0,3.5174884665625727,14,-33.844430008399726,-34.937938026440996,-36.34193012892503,-38.314705893874994,-40.98896537970976,-44.62389891891333,-49.927940273128655
nls_nevo,Waves,Neve 5116 console channel,console-neve,drive_6,full,,200.0,-12.0,0.03610096314493462,120,-79.80452018999641,-69.3682966863275,-112.08526140982843,-84.23959015240654,-127.40332454550284,-93.5937758942324,-130.90180682232298
nls_nevo,Waves,Neve 5116 console channel,console-neve,drive_6,full,,200.0,-3.0,3.7209562394248232,120,-33.39326777589378,-34.14312629749726,-35.882196789797646,-38.01019713766971,-40.79410002080144,-44.77707116979026,-50.57378804191556
nls_nevo,Waves,Neve 5116 console channel,console-neve,drive_6,full,,2000.0,-12.0,0.009433742602331499,11,-91.62172216186589,-80.97947432766941,-122.89030925013897,-96.9773196265708,-127.50677145202943,-105.42620162102764,-124.8346684784483
nls_nevo,Waves,Neve 5116 console channel,console-neve,drive_6,full,,2000.0,-3.0,3.51906822857118,11,-33.843837124986024,-34.93884253241568,-36.33890436785734,-38.30302277367315,-40.97146519258847,-44.60204544360808,-49.899127541318904
nls_nevo,Waves,Neve 5116 console channel,console-neve,drive_6,full,,250.0,-12.0,0.029017554056241537,96,-81.7702609156987,-71.25252525052315,-115.05443786713266,-86.32493309249135,-128.40615654206897,-95.69403055830449,-130.84689735477286
nls_nevo,Waves,Neve 5116 console channel,console-neve,drive_6,full,,250.0,-3.0,3.6527348423666544,96,-33.56195411467113,-34.36618373114153,-36.01665140353499,-38.14494776870413,-40.87230624249238,-44.74153672625953,-50.41195440401132
nls_nevo,Waves,Neve 5116 console channel,console-neve,drive_6,full,,2500.0,-12.0,0.009068700861356171,9,-92.24988010591056,-81.30016499925603,-126.5392369601223,-97.33090581713768,-125.40847210940353,-105.32554462843164,-120.47131783817008
nls_nevo,Waves,Neve 5116 console channel,console-neve,drive_6,full,,2500.0,-3.0,3.522883151746172,9,-33.84187290647579,-34.93379698353558,-36.329707949078085,-38.28534181520359,-40.93979799476741,-44.557660805297274,-49.86097418708817
nls_nevo,Waves,Neve 5116 console channel,console-neve,drive_6,full,,31.5,-12.0,0.5684238121348828,762,-53.3627442016057,-46.032681485246584,-73.27085094700189,-56.370537928055676,-85.27882186913416,-63.8420399603228,-94.17231672487526
nls_nevo,Waves,Neve 5116 console channel,console-neve,drive_6,full,,31.5,-3.0,4.4138988364353215,762,-30.56023451795086,-33.68421771309835,-34.28747215671125,-38.02344651868465,-40.49284659571492,-47.29155284755418,-55.273796593319005
nls_nevo,Waves,Neve 5116 console channel,console-neve,drive_6,full,,315.0,-12.0,0.02335437670872316,76,-83.70597157161406,-73.12889679576537,-117.7713370684139,-88.35552700302371,-134.84030378472363,-97.75588523865969,-142.60934317009207
nls_nevo,Waves,Neve 5116 console channel,console-neve,drive_6,full,,315.0,-3.0,3.6028298151495712,76,-33.68023939417246,-34.543860849876545,-36.11918667813651,-38.23622298375573,-40.93654363745466,-44.70951870605325,-50.2847630277446
nls_nevo,Waves,Neve 5116 console channel,console-neve,drive_6,full,,3150.0,-12.0,0.008698791040260098,7,-92.63285378338658,-81.65630619851754,-129.647298012292,-97.78447388091087,-120.89818181105257,-106.05030108777497,
nls_nevo,Waves,Neve 5116 console channel,console-neve,drive_6,full,,3150.0,-3.0,3.513796195560678,7,-33.83745804516288,-34.92314276162281,-36.314391954638815,-38.254109224389886,-40.896917240628866,-44.55398526657547,
nls_nevo,Waves,Neve 5116 console channel,console-neve,drive_6,full,,40.0,-12.0,0.3501535327055474,595,-58.40618049909325,-50.00599105993323,-80.40304496543682,-61.47920329791007,-93.6381321724926,-69.57762323489142,-103.35287890506604
nls_nevo,Waves,Neve 5116 console channel,console-neve,drive_6,full,,40.0,-3.0,4.48198515350912,595,-30.780828829033766,-32.99476075603398,-34.26461518766298,-37.3919952325421,-40.4546203334271,-46.6254168646082,-55.38865598376783
nls_nevo,Waves,Neve 5116 console channel,console-neve,drive_6,full,,400.0,-12.0,0.018955397480542202,60,-85.57126772071902,-74.93207181051741,-120.6727184876799,-90.31457031700617,-137.85586847115428,-99.7504596638774,-143.10662985463142
nls_nevo,Waves,Neve 5116 console channel,console-neve,drive_6,full,,400.0,-3.0,3.5683588768200853,60,-33.75641590698174,-34.678493052527486,-36.194436543438876,-38.29135648704855,-40.983640401629444,-44.68579241854285,-50.180073057627325
nls_nevo,Waves,Neve 5116 console channel,console-neve,drive_6,full,,4000.0,-12.0,0.008232326430866488,6,-93.05980215711494,-82.11541101782124,-127.63930192028877,-98.62932343665408,-118.55088868877617,,
nls_nevo,Waves,Neve 5116 console channel,console-neve,drive_6,full,,4000.0,-3.0,3.4701382241472976,6,-33.82821038727107,-34.90458190984942,-36.28167597312727,-38.222887366359146,-40.926502093687816,,
nls_nevo,Waves,Neve 5116 console channel,console-neve,drive_6,full,,50.0,-12.0,0.2356536679421248,481,-62.33274408793615,-53.32400141823626,-86.09798755807952,-65.59581382632375,-99.9493513741547,-74.08738972734737,-110.9180540099902
nls_nevo,Waves,Neve 5116 console channel,console-neve,drive_6,full,,50.0,-3.0,4.466397292981142,481,-31.081641753773845,-32.701627784014654,-34.403102020940096,-37.04627647319854,-40.49926264124701,-45.83528567908801,-55.165235088626844
nls_nevo,Waves,Neve 5116 console channel,console-neve,drive_6,full,,500.0,-12.0,0.0159175989240368,47,-87.10572532742857,-76.44354736351049,-122.07394089155576,-91.9961703996737,-133.616866222875,-101.11955071178521,-128.22899613075128
nls_nevo,Waves,Neve 5116 console channel,console-neve,drive_6,full,,500.0,-3.0,3.5471718292512002,47,-33.79863085475168,-34.769564815168785,-36.245249523569036,-38.31840628152121,-41.011366971802694,-44.67173553243525,-50.10145228866228
nls_nevo,Waves,Neve 5116 console channel,console-neve,drive_6,full,,5000.0,-12.0,0.007652464523702567,4,-93.59908352777431,-82.66174437035494,-118.01065579369264,,,,
nls_nevo,Waves,Neve 5116 console channel,console-neve,drive_6,full,,5000.0,-3.0,3.125375385488702,4,-33.82377175457042,-34.87947548842024,-36.25111038579599,,,,
nls_nevo,Waves,Neve 5116 console channel,console-neve,drive_6,full,,63.0,-12.0,0.15689337903203254,381,-66.24751922534226,-56.768841759846836,-91.86683572119414,-69.77853184678547,-106.1807441554093,-78.52847194738692,-118.98596068439807
nls_nevo,Waves,Neve 5116 console channel,console-neve,drive_6,full,,63.0,-3.0,4.380289778481552,381,-31.504028923732676,-32.659181756031174,-34.64319193526311,-36.91815264201193,-40.52563004895219,-45.1937938479501,-54.167526754697384
nls_nevo,Waves,Neve 5116 console channel,console-neve,drive_6,full,,630.0,-12.0,0.013702642226733602,38,-88.46416320938215,-77.73763025341773,-123.72180152753684,-93.33753835130031,-138.6285949837184,-102.84630326962412,-146.9118743419362
nls_nevo,Waves,Neve 5116 console channel,console-neve,drive_6,full,,630.0,-3.0,3.5331713828215263,38,-33.82286262368694,-34.83602996998504,-36.28326043953039,-38.330871620477005,-41.024517317927135,-44.6643492252171,-50.03781183889331
nls_nevo,Waves,Neve 5116 console channel,console-neve,drive_6,full,,6300.0,-12.0,0.007054193718382059,3,-94.29065411032184,-83.36880789445595,,,,,
nls_nevo,Waves,Neve 5116 console channel,console-neve,drive_6,full,,6300.0,-3.0,2.7270748991139704,3,-33.81357017850898,-34.83960805411255,,,,,
nls_nevo,Waves,Neve 5116 console channel,console-neve,drive_6,full,,80.0,-12.0,0.10823286788919127,300,-69.75561569838776,-59.93445066316406,-97.04432421266128,-73.50612672790571,-113.33002620821468,-82.49389652005553,-126.03963706871761
nls_nevo,Waves,Neve 5116 console channel,console-neve,drive_6,full,,80.0,-3.0,4.242119022557476,300,-31.976419498399977,-32.847555013271865,-34.92623586568882,-37.02759797409068,-40.52455148493592,-44.903102947490474,-52.83437146413259
nls_nevo,Waves,Neve 5116 console channel,console-neve,drive_6,full,,800.0,-12.0,0.012117034883414564,30,-89.55992038216836,-78.80137116657298,-125.03318143908282,-94.47080870345337,-138.08498347801032,-104.01600956946334,-144.62324725109573
nls_nevo,Waves,Neve 5116 console channel,console-neve,drive_6,full,,800.0,-3.0,3.5243686800860403,30,-33.83571035345219,-34.88269149958142,-36.311265359972104,-38.33387079766053,-41.02552789719102,-44.657848342870174,-49.992901684771354
nls_nevo,Waves,Neve 5116 console channel,console-neve,drive_6,full,,8000.0,-12.0,0.001728698752840691,2,-95.24561362645545,,,,,,
nls_nevo,Waves,Neve 5116 console channel,console-neve,drive_6,full,,8000.0,-3.0,2.047422228420085,2,-33.775851719648664,,,,,,
nls_nevo,Waves,Neve 5116 console channel,console-neve,drive_9,curve,,100.0,-12.0,0.23664967733072492,239,-62.867362394167365,-53.15804196700871,-89.46833343961664,-66.55064639295959,-104.8866682710113,-75.47161043692161,-115.87343479634174
nls_nevo,Waves,Neve 5116 console channel,console-neve,drive_9,curve,,1000.0,-12.0,0.035726800123993346,24,-80.0824105618541,-69.42549546165338,-114.25515173075867,-84.83920590634008,-122.66330347796007,-93.99055680664416,-125.7993333056134
nls_nevo,Waves,Neve 5116 console channel,console-neve,drive_9,curve,,10000.0,-12.0,0.0045247267659204084,2,-86.88815282701353,,,,,,
nls_nevo,Waves,Neve 5116 console channel,console-neve,drive_9,curve,,125.0,-12.0,0.18270777437090563,191,-65.28102945338551,-55.36983260847988,-92.9910837582721,-69.13755838276727,-108.62979781140064,-78.18695338042224,-119.8382614921649
nls_nevo,Waves,Neve 5116 console channel,console-neve,drive_9,curve,,1250.0,-12.0,0.03346348890989035,19,-80.62302831387298,-69.99473922248892,-115.75123886152323,-85.45969441852961,-128.89842483092872,-94.58465197711718,-125.06323112860527
nls_nevo,Waves,Neve 5116 console channel,console-neve,drive_9,curve,,160.0,-12.0,0.1411901114310046,150,-67.66127659901784,-57.58020767600041,-96.54521787362653,-71.68270370643556,-112.67636655179172,-80.82216621051762,-124.08637654317198
nls_nevo,Waves,Neve 5116 console channel,console-neve,drive_9,curve,,1600.0,-12.0,0.03161268111746185,14,-81.1828620003543,-70.48185854086744,-115.97144831468187,-85.99997734683569,-122.66601273426977,-95.12737031234465,-127.80718966044665
nls_nevo,Waves,Neve 5116 console channel,console-neve,drive_9,curve,,200.0,-12.0,0.11300633692449168,120,-69.69975820961947,-59.49329808423954,-99.60152682645824,-73.86119937694725,-115.9134007287181,-83.08218783206192,-124.50484451606897
nls_nevo,Waves,Neve 5116 console channel,console-neve,drive_9,curve,,2000.0,-12.0,0.030289378933726036,11,-81.49883272869032,-70.8567151224353,-115.4889012852042,-86.41632848621126,-131.07951502933872,-95.52037772973932,-124.3581517633254
nls_nevo,Waves,Neve 5116 console channel,console-neve,drive_9,curve,,250.0,-12.0,0.09152485378304248,96,-71.61849423981548,-61.307560052710606,-102.46144269356476,-75.90494301713217,-118.48187815139016,-85.17593780063467,-125.90791823111644
nls_nevo,Waves,Neve 5116 console channel,console-neve,drive_9,curve,,2500.0,-12.0,0.028997901975543958,9,-81.9738146259767,-71.22691030359728,-119.40722989591224,-86.81094779429367,-123.40974842852512,-95.77754865040389,-120.45355564030945
nls_nevo,Waves,Neve 5116 console channel,console-neve,drive_9,curve,,31.5,-12.0,1.3564795363802937,762,-45.14546665618731,-38.69126641403915,-63.88037449211023,-48.28207679780394,-75.1691338753422,-55.289299909885415,-83.62541934461984
nls_nevo,Waves,Neve 5116 console channel,console-neve,drive_9,curve,,315.0,-12.0,0.07410601821422745,76,-73.52937202776012,-63.12677741100103,-105.25058476878957,-77.92749799072098,-121.99148207048331,-87.23912543885099,-132.60008285434145
nls_nevo,Waves,Neve 5116 console channel,console-neve,drive_9,curve,,3150.0,-12.0,0.027553821907694617,7,-82.4343827211899,-71.6669077950308,-121.17932763899738,-87.29516376630036,-119.84982682960361,-96.55795613138203,
nls_nevo,Waves,Neve 5116 console channel,console-neve,drive_9,curve,,40.0,-12.0,0.9050020890912135,595,-49.6214512653968,-41.90596425816932,-70.18703664770513,-52.613001885779994,-82.61747982015277,-60.29461125331213,-91.84168935151547
nls_nevo,Waves,Neve 5116 console channel,console-neve,drive_9,curve,,400.0,-12.0,0.06046766866382545,60,-75.36214902483783,-64.88095334082459,-107.99988060760718,-79.86651895927051,-124.97745700171157,-89.21958753225061,-134.54391757036694
nls_nevo,Waves,Neve 5116 console channel,console-neve,drive_9,curve,,4000.0,-12.0,0.02572445705017088,6,-83.02043775790193,-72.24796299536797,-123.79066149455704,-87.98465570950623,-118.70703854848087,,
nls_nevo,Waves,Neve 5116 console channel,console-neve,drive_9,curve,,50.0,-12.0,0.6415763527598746,481,-53.18496783217498,-44.73623044749375,-75.3140756321181,-56.267790178594964,-88.58004187076985,-64.39397118087824,-98.39427200408593
nls_nevo,Waves,Neve 5116 console channel,console-neve,drive_9,curve,,500.0,-12.0,0.050998936048780266,47,-76.88232915179806,-66.35156218261153,-110.07262894901812,-81.49551682923273,-138.832369847062,-90.77990304998289,-127.87598159424047
nls_nevo,Waves,Neve 5116 console channel,console-neve,drive_9,curve,,5000.0,-12.0,0.023434351978690874,4,-83.7644640489809,-72.9490628473164,-114.05704722090101,,,,
nls_nevo,Waves,Neve 5116 console channel,console-neve,drive_9,curve,,63.0,-12.0,0.4462580607533336,381,-56.7980061875398,-47.77498918867919,-80.57280200990611,-60.070163480317824,-94.65684131337767,-68.55306495385963,-105.00956455352656
nls_nevo,Waves,Neve 5116 console channel,console-neve,drive_9,curve,,630.0,-12.0,0.04400636427698499,38,-78.2126247943119,-67.62453920977494,-111.91213783290742,-82.86883010635096,-128.74848233095517,-92.28213832360609,-144.85616028569115
nls_nevo,Waves,Neve 5116 console channel,console-neve,drive_9,curve,,6300.0,-12.0,0.02107603276016299,3,-84.70032770574403,-73.86880173810674,,,,,
nls_nevo,Waves,Neve 5116 console channel,console-neve,drive_9,curve,,80.0,-12.0,0.31808929407383435,300,-60.068926143497606,-50.63953192568539,-85.34795229518457,-63.55398340954848,-100.16930729635872,-72.29730223635293,-110.82439374064407
nls_nevo,Waves,Neve 5116 console channel,console-neve,drive_9,curve,,800.0,-12.0,0.03898365317948743,30,-79.29610104610825,-68.67167845396983,-113.42314135310451,-84.00505385755221,-129.7061759953986,-93.43868515417383,-143.47072489755473
nls_nevo,Waves,Neve 5116 console channel,console-neve,drive_9,curve,,8000.0,-12.0,0.005060562335281938,2,-85.91602442391361,,,,,,
nls_nevo,Waves,Neve 5116 console channel,console-neve,matched_thd_0.1_pct,full,thd_0.1_pct,100.0,-12.0,0.6058495995516909,239,-54.4158295875833,-45.0555684099935,-79.39787655754276,-57.86580129916774,-94.03475271696267,-66.56558084042403,-104.5843734285475
nls_nevo,Waves,Neve 5116 console channel,console-neve,matched_thd_0.1_pct,full,thd_0.1_pct,100.0,-3.0,17.922375684010774,239,-22.393268971152864,-15.996174269548726,-35.20295463878365,-52.84541358270454,-33.49040464097898,-35.471530024188674,-37.48405888714081
nls_nevo,Waves,Neve 5116 console channel,console-neve,matched_thd_0.1_pct,full,thd_0.1_pct,1000.0,-12.0,0.0996262804328685,24,-71.05357909485697,-60.538983192702034,-103.83347950028838,-75.6075373122252,-117.20051294731229,-84.87316066158753,-126.52953385499623
nls_nevo,Waves,Neve 5116 console channel,console-neve,matched_thd_0.1_pct,full,thd_0.1_pct,1000.0,-3.0,18.375450847699316,24,-21.058611579083227,-16.081730638987466,-35.47686561997392,-46.88866710089008,-32.65718908964832,-35.74714528669996,-37.80059250621705
nls_nevo,Waves,Neve 5116 console channel,console-neve,matched_thd_0.1_pct,full,thd_0.1_pct,10000.0,-12.0,0.011262591784117804,2,-78.96723313459997,,,,,,
nls_nevo,Waves,Neve 5116 console channel,console-neve,matched_thd_0.1_pct,full,thd_0.1_pct,10000.0,-3.0,9.394913053938655,2,-20.542144695238015,,,,,,
nls_nevo,Waves,Neve 5116 console channel,console-neve,matched_thd_0.1_pct,full,thd_0.1_pct,125.0,-12.0,0.47849100447732157,191,-56.66598689351147,-47.06071635172803,-82.71949395340742,-60.27980790930704,-97.79264011527397,-69.14190032078886,-108.73845554488499
nls_nevo,Waves,Neve 5116 console channel,console-neve,matched_thd_0.1_pct,full,thd_0.1_pct,125.0,-3.0,18.06001658515589,191,-22.161556416783625,-15.965506116626933,-35.6630199803089,-53.94095281360401,-33.232267003628465,-35.454360938186916,-37.38285556482059
nls_nevo,Waves,Neve 5116 console channel,console-neve,matched_thd_0.1_pct,full,thd_0.1_pct,1250.0,-12.0,0.0933324934125885,19,-71.6235398238379,-61.103724739245,-104.84239340341884,-76.22606832002602,-130.154791660943,-85.48743548584554,-123.45983176971006
nls_nevo,Waves,Neve 5116 console channel,console-neve,matched_thd_0.1_pct,full,thd_0.1_pct,1250.0,-3.0,18.37160285601927,19,-20.955875520989697,-16.117275876970425,-35.58666164175396,-46.65560167007692,-32.541172131775404,-35.86287874563349,-37.867644899600066
nls_nevo,Waves,Neve 5116 console channel,console-neve,matched_thd_0.1_pct,full,thd_0.1_pct,160.0,-12.0,0.3763692817112193,150,-58.92488416718085,-49.10929892786208,-86.07830489511576,-62.69522898074095,-101.64738701356987,-71.67760636756937,-112.89428776580102
nls_nevo,Waves,Neve 5116 console channel,console-neve,matched_thd_0.1_pct,full,thd_0.1_pct,160.0,-3.0,18.174471068851002,150,-21.92867158067049,-15.956868715585308,-35.682121724464444,-50.847225218721455,-33.154536364321785,-35.25742463064454,-37.27405413018201
nls_nevo,Waves,Neve 5116 console channel,console-neve,matched_thd_0.1_pct,full,thd_0.1_pct,1600.0,-12.0,0.08815068611013055,14,-72.15505630145303,-61.59526017897118,-105.57307596903696,-76.76504932162159,-117.87529010708315,-86.03124579956696,-128.5147227758969
nls_nevo,Waves,Neve 5116 console channel,console-neve,matched_thd_0.1_pct,full,thd_0.1_pct,1600.0,-3.0,18.378457895306116,14,-20.8516569727239,-16.14750227814207,-35.70568182710718,-46.45566625541217,-32.422234162251726,-35.97705777359851,-37.932239599384076
nls_nevo,Waves,Neve 5116 console channel,console-neve,matched_thd_0.1_pct,full,thd_0.1_pct,200.0,-12.0,0.30488303379164855,120,-60.87835855533021,-50.912768948805535,-88.979453929012,-64.79213265373457,-104.90925422965768,-73.8719526106426,-115.3115732924878
nls_nevo,Waves,Neve 5116 console channel,console-neve,matched_thd_0.1_pct,full,thd_0.1_pct,200.0,-3.0,18.261973998663624,120,-21.754466428223452,-15.949561466886466,-35.493363841651686,-49.06445323410078,-33.20933145634407,-35.14262420241486,-37.379763239166145
nls_nevo,Waves,Neve 5116 console channel,console-neve,matched_thd_0.1_pct,full,thd_0.1_pct,2000.0,-12.0,0.08428079280290254,11,-72.53573831130026,-61.98488068608806,-105.69015854206846,-77.18971235957554,-133.12753997855657,-86.4457798924341,-123.00255793855047
nls_nevo,Waves,Neve 5116 console channel,console-neve,matched_thd_0.1_pct,full,thd_0.1_pct,2000.0,-3.0,18.39566428880254,11,-20.77125130606481,-16.163906146667184,-35.79784121424125,-46.325326443400876,-32.330218065644864,-36.05874737542428,-37.96957552461421
nls_nevo,Waves,Neve 5116 console channel,console-neve,matched_thd_0.1_pct,full,thd_0.1_pct,250.0,-12.0,0.24913387495596442,96,-62.739076518161816,-52.645181713345266,-91.73409379700396,-66.78145857389106,-107.81909351667414,-75.9344175543091,-117.69422988729724
nls_nevo,Waves,Neve 5116 console channel,console-neve,matched_thd_0.1_pct,full,thd_0.1_pct,250.0,-3.0,18.335758351390602,96,-21.621704760328306,-15.939652550119973,-35.33410393651414,-48.5070739570548,-33.22340495775641,-35.162719716611456,-37.48917310405393
nls_nevo,Waves,Neve 5116 console channel,console-neve,matched_thd_0.1_pct,full,thd_0.1_pct,2500.0,-12.0,0.0804564977179491,9,-72.98464721716151,-62.38360524829143,-107.45645783933666,-77.61630435604417,-118.85973941025784,-86.82119209802623,-120.14967239259342
nls_nevo,Waves,Neve 5116 console channel,console-neve,matched_thd_0.1_pct,full,thd_0.1_pct,2500.0,-3.0,18.42297338536631,9,-20.70498372336171,-16.16971919122145,-35.87314359903536,-46.228943341229225,-32.245171130716734,-36.10262987192454,-37.994347747373496
nls_nevo,Waves,Neve 5116 console channel,console-neve,matched_thd_0.1_pct,full,thd_0.1_pct,31.5,-12.0,2.5315534591731224,762,-39.08416406804663,-33.50387040981536,-56.9319631675727,-42.478051176419775,-67.62176824413291,-49.07687754617734,-75.65218749661861
nls_nevo,Waves,Neve 5116 console channel,console-neve,matched_thd_0.1_pct,full,thd_0.1_pct,31.5,-3.0,13.46159952580633,762,-22.310092295280587,-19.427009111131767,-36.53255725343969,-46.65826729677626,-36.09688504665975,-37.544990756098436,-37.67217650924211
nls_nevo,Waves,Neve 5116 console channel,console-neve,matched_thd_0.1_pct,full,thd_0.1_pct,315.0,-12.0,0.20315200278952075,76,-64.60833222389705,-54.39852343249031,-94.47828221015781,-68.7711509498199,-110.77723762137327,-77.98157616655814,-121.92136857277919
nls_nevo,Waves,Neve 5116 console channel,console-neve,matched_thd_0.1_pct,full,thd_0.1_pct,315.0,-3.0,18.386874472666562,76,-21.5193632324904,-15.936887753377853,-35.25897465547541,-48.355823508925056,-33.15597522808344,-35.226346591488195,-37.52047311759113
nls_nevo,Waves,Neve 5116 console channel,console-neve,matched_thd_0.1_pct,full,thd_0.1_pct,3150.0,-12.0,0.07602313140455905,7,-73.49651283401487,-62.87262020016552,-108.37843574604568,-78.13814964388654,-117.14157629919397,-87.51206423250657,
nls_nevo,Waves,Neve 5116 console channel,console-neve,matched_thd_0.1_pct,full,thd_0.1_pct,3150.0,-3.0,18.410767013598047,7,-20.651203101176513,-16.16905596091019,-35.93172480830712,-46.15439788413166,-32.166095251119685,-36.170295757068075,
nls_nevo,Waves,Neve 5116 console channel,console-neve,matched_thd_0.1_pct,full,thd_0.1_pct,40.0,-12.0,1.8783614755566687,595,-42.74234788526802,-35.72490676195794,-62.201421162206884,-45.776030465801355,-73.95789939116776,-53.07005545051253,-82.7367581945233
nls_nevo,Waves,Neve 5116 console channel,console-neve,matched_thd_0.1_pct,full,thd_0.1_pct,40.0,-3.0,15.192572641512154,595,-22.32440075012967,-17.917525799620254,-34.50915828988224,-57.6762793581686,-34.231579849578104,-37.47111370705409,-37.93247579860722
nls_nevo,Waves,Neve 5116 console channel,console-neve,matched_thd_0.1_pct,full,thd_0.1_pct,400.0,-12.0,0.16672359873328552,60,-66.40605656494006,-56.09920751853835,-97.14081458235073,-70.68375424295512,-113.68424795574505,-79.94782782959953,-124.40361960226673
nls_nevo,Waves,Neve 5116 console channel,console-neve,matched_thd_0.1_pct,full,thd_0.1_pct,400.0,-3.0,18.40548191902637,60,-21.434955743743487,-15.949613619647696,-35.23256547989794,-48.10204794214549,-33.07256232369276,-35.30935040212753,-37.561815866213635
nls_nevo,Waves,Neve 5116 console channel,console-neve,matched_thd_0.1_pct,full,thd_0.1_pct,4000.0,-12.0,0.07034816969098043,6,-74.17567813338796,-63.529923197799235,-109.84595598566129,-78.85187818280359,-119.3569124460333,,
nls_nevo,Waves,Neve 5116 console channel,console-neve,matched_thd_0.1_pct,full,thd_0.1_pct,4000.0,-3.0,18.373330379788815,6,-20.61048698746507,-16.164884404673682,-35.948170681066465,-46.051243577265886,-32.16674404928411,,
nls_nevo,Waves,Neve 5116 console channel,console-neve,matched_thd_0.1_pct,full,thd_0.1_pct,50.0,-12.0,1.429819554140729,481,-45.767670351289354,-37.89879049976092,-66.62857327781293,-48.7722187789144,-79.23921940015802,-56.54593020193832,-88.50795509112301
nls_nevo,Waves,Neve 5116 console channel,console-neve,matched_thd_0.1_pct,full,thd_0.1_pct,50.0,-3.0,16.367317187682104,481,-22.49928059696724,-17.008562360460864,-33.583227355575836,-51.75589669332351,-33.39246140042186,-37.158847137059404,-38.06551664507298
nls_nevo,Waves,Neve 5116 console channel,console-neve,matched_thd_0.1_pct,full,thd_0.1_pct,500.0,-12.0,0.14122434822441168,47,-67.90443746781666,-57.52957194965273,-99.29684652417913,-72.28467707210088,-118.2060974857255,-81.55368535929254,-125.01517342118005
nls_nevo,Waves,Neve 5116 console channel,console-neve,matched_thd_0.1_pct,full,thd_0.1_pct,500.0,-3.0,18.405741054131823,47,-21.356137809887876,-15.972358498535755,-35.24517816271833,-47.80753659450417,-32.985267911403916,-35.40151232922075,-37.61059476343856
nls_nevo,Waves,Neve 5116 console channel,console-neve,matched_thd_0.1_pct,full,thd_0.1_pct,5000.0,-12.0,0.06323681449811613,4,-75.0322021866098,-64.3358342236387,-107.43520662978979,,,,
nls_nevo,Waves,Neve 5116 console channel,console-neve,matched_thd_0.1_pct,full,thd_0.1_pct,5000.0,-3.0,18.230001155974687,4,-20.58692277337791,-16.153698171480393,-35.98691613742851,,,,
nls_nevo,Waves,Neve 5116 console channel,console-neve,matched_thd_0.1_pct,full,thd_0.1_pct,63.0,-12.0,1.056879280573983,381,-48.92518732028087,-40.38116973318033,-71.28281810822345,-52.03095710420902,-84.76315143152658,-60.2176239438764,-94.42706511593133
nls_nevo,Waves,Neve 5116 console channel,console-neve,matched_thd_0.1_pct,full,thd_0.1_pct,63.0,-3.0,17.237307964586037,381,-22.64418723749504,-16.395751434059417,-33.5823745595359,-48.02893029102874,-33.480404663385556,-35.9761040241779,-37.29814714616979
nls_nevo,Waves,Neve 5116 console channel,console-neve,matched_thd_0.1_pct,full,thd_0.1_pct,630.0,-12.0,0.12222995089647212,38,-69.21288107222222,-58.77462035704502,-101.19091480062127,-73.65867243947403,-118.01314758353544,-82.99367709182442,-130.59724749683593
nls_nevo,Waves,Neve 5116 console channel,console-neve,matched_thd_0.1_pct,full,thd_0.1_pct,630.0,-3.0,18.39730252215886,38,-21.26621006395125,-16.004174774587096,-35.29371116275505,-47.48721383187994,-32.88556127576938,-35.50808982149955,-37.668186170376245
nls_nevo,Waves,Neve 5116 console channel,console-neve,matched_thd_0.1_pct,full,thd_0.1_pct,6300.0,-12.0,0.05587629475985237,3,-76.14631883569355,-65.40714057865371,,,,,
nls_nevo,Waves,Neve 5116 console channel,console-neve,matched_thd_0.1_pct,full,thd_0.1_pct,6300.0,-3.0,18.1986264334748,3,-20.572482965843342,-16.134296129465078,,,,,
nls_nevo,Waves,Neve 5116 console channel,console-neve,matched_thd_0.1_pct,full,thd_0.1_pct,80.0,-12.0,0.7885376162067961,300,-51.85369684210941,-42.82988395584459,-75.60274281372077,-55.130151373538055,-89.64501242544033,-63.615967320117875,-99.7377281761238
nls_nevo,Waves,Neve 5116 console channel,console-neve,matched_thd_0.1_pct,full,thd_0.1_pct,80.0,-3.0,17.697031268051365,300,-22.590702241426758,-16.10282171396755,-34.35795719297355,-49.17946500596894,-33.70370495306635,-35.41775321639538,-37.257782049045545
nls_nevo,Waves,Neve 5116 console channel,console-neve,matched_thd_0.1_pct,full,thd_0.1_pct,800.0,-12.0,0.1085151271745802,30,-70.28379682835849,-59.80140654696253,-102.73997824246065,-74.79040391036192,-119.50331365120861,-84.14675787497674,-132.1349201531672
nls_nevo,Waves,Neve 5116 console channel,console-neve,matched_thd_0.1_pct,full,thd_0.1_pct,800.0,-3.0,18.38517636355447,30,-21.16205968409833,-16.043306263640986,-35.37687488586064,-47.163437840227346,-32.77132028113707,-35.62904712987773,-37.734722699928156
nls_nevo,Waves,Neve 5116 console channel,console-neve,matched_thd_0.1_pct,full,thd_0.1_pct,8000.0,-12.0,0.013217095279191286,2,-77.57727958509973,,,,,,
nls_nevo,Waves,Neve 5116 console channel,console-neve,matched_thd_0.1_pct,full,thd_0.1_pct,8000.0,-3.0,9.371390784814357,2,-20.563919035289583,,,,,,
nls_spike,Waves,EMI TG12345 console channel,console-emi,drive_0,full,,100.0,-12.0,0.052539414693782684,239,-65.93774317149749,-76.89695503240371,-99.68799218183239,-92.13407691062747,-116.63100891611643,-101.53388736048493,-125.81215741526148
nls_spike,Waves,EMI TG12345 console channel,console-emi,drive_0,full,,100.0,-3.0,0.11716926913969132,239,-58.91924456284846,-70.82445459677642,-85.0840104066371,-84.10094818340299,-100.11836564308958,-92.98167773751238,-110.528549938369
nls_spike,Waves,EMI TG12345 console channel,console-emi,drive_0,full,,1000.0,-12.0,0.04131585334162632,24,-68.0277036255234,-78.94744434111189,-102.41007821816055,-94.18637460301277,-125.07864618537658,-104.39683385697266,-123.25332766154007
nls_spike,Waves,EMI TG12345 console channel,console-emi,drive_0,full,,1000.0,-3.0,0.09424461092158302,24,-60.81695151910759,-72.57843318349141,-87.78743601337034,-86.10162898616927,-103.80453669545064,-95.40541793999591,-112.51725809096422
nls_spike,Waves,EMI TG12345 console channel,console-emi,drive_0,full,,10000.0,-12.0,0.03367684625318518,2,-69.4533717157573,,,,,,
nls_spike,Waves,EMI TG12345 console channel,console-emi,drive_0,full,,10000.0,-3.0,0.07714157508664736,2,-62.25422995797203,,,,,,
nls_spike,Waves,EMI TG12345 console channel,console-emi,drive_0,full,,125.0,-12.0,0.05216732118292601,191,-65.9998564476895,-76.95345381666687,-99.72332006032997,-92.21881162893092,-117.2583689591312,-101.56234116673227,-127.53684038191003
nls_spike,Waves,EMI TG12345 console channel,console-emi,drive_0,full,,125.0,-3.0,0.11642142793310671,191,-58.97514123306425,-70.87465269838806,-85.15157729282404,-84.16883911487439,-100.24963443776385,-93.0296141031309,-110.61629681194198
nls_spike,Waves,EMI TG12345 console channel,console-emi,drive_0,full,,1250.0,-12.0,0.04122533219023584,19,-68.0452659079264,-78.98164299782232,-103.3342065735504,-94.2189484330185,-117.16982348775575,-104.2971736052369,-127.02680673975112
nls_spike,Waves,EMI TG12345 console channel,console-emi,drive_0,full,,1250.0,-3.0,0.0940298112593883,19,-60.83583687445461,-72.60672558596814,-87.98659102902347,-86.14249969398631,-102.82981612972826,-95.42629434913857,-114.43777812346147
nls_spike,Waves,EMI TG12345 console channel,console-emi,drive_0,full,,160.0,-12.0,0.05116357737799528,150,-66.1672485119856,-77.13712061951264,-99.97708157446768,-92.42720614186369,-116.89621897041896,-101.87799253233078,-127.1703738526104
nls_spike,Waves,EMI TG12345 console channel,console-emi,drive_0,full,,160.0,-3.0,0.1143915376000073,150,-59.12782177483818,-71.02481209585667,-85.37444267321251,-84.3459364496686,-100.40525198633766,-93.25397018307572,-110.78441554221834
nls_spike,Waves,EMI TG12345 console channel,console-emi,drive_0,full,,1600.0,-12.0,0.04116463008804473,14,-68.05752657297793,-79.00337962237543,-102.33706837182123,-94.29885294951151,-121.38156026017766,-104.15143308061685,-126.7900631148391
nls_spike,Waves,EMI TG12345 console channel,console-emi,drive_0,full,,1600.0,-3.0,0.09394182651880095,14,-60.84342991201015,-72.62456048052587,-87.83078822243105,-86.20562996941135,-103.66340048846928,-95.46021101236437,-114.02634292823515
nls_spike,Waves,EMI TG12345 console channel,console-emi,drive_0,full,,200.0,-12.0,0.049737460537433324,120,-66.41449745887545,-77.36219910665524,-100.35477392215013,-92.61761613437345,-118.08408279956176,-102.16087984477454,-125.64105906061583
nls_spike,Waves,EMI TG12345 console channel,console-emi,drive_0,full,,200.0,-3.0,0.11150352099440142,120,-59.3513109218198,-71.2217683806647,-85.7005066647683,-84.5581682645479,-100.88934487504275,-93.51457854023066,-110.89588979789121
nls_spike,Waves,EMI TG12345 console channel,console-emi,drive_0,full,,2000.0,-12.0,0.04122076406702937,11,-68.04255838951197,-79.0209545996795,-103.35703696940595,-94.46097850043223,-119.47778440113322,-104.30722085925237,-125.46933961095428
nls_spike,Waves,EMI TG12345 console channel,console-emi,drive_0,full,,2000.0,-3.0,0.09399209083810679,11,-60.83654799126697,-72.64116843544107,-88.04430871428909,-86.31953367011843,-103.47220157938253,-95.66972567351323,-114.26518215298763
nls_spike,Waves,EMI TG12345 console channel,console-emi,drive_0,full,,250.0,-12.0,0.04802693590661896,96,-66.7190685540813,-77.65757295505992,-100.79398848227429,-92.93064475327371,-118.80027071206385,-102.53393905170793,-125.38689152850438
nls_spike,Waves,EMI TG12345 console channel,console-emi,drive_0,full,,250.0,-3.0,0.10802807332213375,96,-59.62745704433169,-71.47406494584158,-86.10008548290509,-84.85172397322019,-101.36870426336344,-93.84422723964057,-111.20337267432706
nls_spike,Waves,EMI TG12345 console channel,console-emi,drive_0,full,,2500.0,-12.0,0.041130323784059786,9,-68.0607642696775,-79.04665541411975,-102.7248430132332,-94.69760777098217,-120.08518662273048,-104.62259108325591,-123.38328742137348
nls_spike,Waves,EMI TG12345 console channel,console-emi,drive_0,full,,2500.0,-3.0,0.09386838452041747,9,-60.84630095969469,-72.66983542850596,-87.99451925841996,-86.51184096330167,-103.83435538545123,-96.127020895334,-117.51728241442571
nls_spike,Waves,EMI TG12345 console channel,console-emi,drive_0,full,,31.5,-12.0,0.04951972944435382,762,-66.44969642269044,-77.4538327258825,-100.47374873482106,-92.17647642123752,-108.4689485849246,-102.78913334758721,-113.07898026298987
nls_spike,Waves,EMI TG12345 console channel,console-emi,drive_0,full,,31.5,-3.0,0.11107786904910083,762,-59.38444461244397,-71.25685811494726,-85.96554350861949,-84.40560289346112,-99.63848935832942,-93.86051904399274,-111.53526165819812
nls_spike,Waves,EMI TG12345 console channel,console-emi,drive_0,full,,315.0,-12.0,0.046173965079907175,76,-67.06126126245526,-77.99196933773443,-101.30335990868025,-93.3268674720671,-118.37711963792822,-102.73670613677959,-129.05397482083416
nls_spike,Waves,EMI TG12345 console channel,console-emi,drive_0,full,,315.0,-3.0,0.10424146499371942,76,-59.93853397395681,-71.75974928609202,-86.55365332458712,-85.20011567808274,-101.7307220560308,-94.13611154699781,-112.21052520386101
nls_spike,Waves,EMI TG12345 console channel,console-emi,drive_0,full,,3150.0,-12.0,0.04105043719339618,7,-68.0740500918156,-79.09813396778921,-103.10328640288509,-95.08166003835528,-117.56054462776893,-104.5650998953852,
nls_spike,Waves,EMI TG12345 console channel,console-emi,drive_0,full,,3150.0,-3.0,0.0936752436528396,7,-60.85995161719937,-72.72997844027746,-88.20037858219584,-86.88765629276955,-104.06218508112738,-96.76817835243,
nls_spike,Waves,EMI TG12345 console channel,console-emi,drive_0,full,,40.0,-12.0,0.05022413880136202,595,-66.32838674386062,-77.30350783941255,-100.44475740422934,-92.30591275570937,-111.72785471308674,-102.35219970155669,-117.58158597477993
nls_spike,Waves,EMI TG12345 console channel,console-emi,drive_0,full,,40.0,-3.0,0.1125198861645788,595,-59.272348114138,-71.14686141526403,-85.70652631600171,-84.38104605220126,-100.11853347920807,-93.55827041389497,-111.82345120463296
nls_spike,Waves,EMI TG12345 console channel,console-emi,drive_0,full,,400.0,-12.0,0.044444160449954494,60,-67.39369947766657,-78.31275809258601,-101.79525972077066,-93.66967749650368,-118.91441837021918,-103.07400500648667,-129.69542709366033
nls_spike,Waves,EMI TG12345 console channel,console-emi,drive_0,full,,400.0,-3.0,0.1006917140451011,60,-60.24071486442209,-72.03585847172137,-86.99446026161651,-85.52256995161295,-102.22569127097287,-94.47341350935392,-112.74390050965984
nls_spike,Waves,EMI TG12345 console channel,console-emi,drive_0,full,,4000.0,-12.0,0.04085084371345255,6,-68.10654742342018,-79.22746648106916,-103.54440873933036,-96.2584157078872,-115.13657253123009,,
nls_spike,Waves,EMI TG12345 console channel,console-emi,drive_0,full,,4000.0,-3.0,0.09319783621060701,6,-60.89431068054022,-72.86970222805483,-88.60486484469801,-87.89364859095912,-104.04133597387805,,
nls_spike,Waves,EMI TG12345 console channel,console-emi,drive_0,full,,50.0,-12.0,0.05100390552163544,481,-66.21033697584524,-76.99038652221458,-100.23482208472501,-91.88432561254757,-115.90499959072253,-100.7623748511021,-120.96995695770727
nls_spike,Waves,EMI TG12345 console channel,console-emi,drive_0,full,,50.0,-3.0,0.11407014490471745,481,-59.15936019985459,-70.95090307171876,-85.48895874943324,-84.13512930308941,-100.75548036854676,-92.83533428186189,-111.5390204518569
nls_spike,Waves,EMI TG12345 console channel,console-emi,drive_0,full,,500.0,-12.0,0.043146012707218094,47,-67.65154869950909,-78.56480777310057,-102.34224499347691,-93.87153028769805,-117.79365041664889,-103.7612317674986,-147.30756785120928
nls_spike,Waves,EMI TG12345 console channel,console-emi,drive_0,full,,500.0,-3.0,0.0980220801461218,47,-60.4749222270063,-72.25193422088063,-87.36658020715572,-85.74849319938122,-102.37398431701807,-94.89212591792166,-114.66871904929124
nls_spike,Waves,EMI TG12345 console channel,console-emi,drive_0,full,,5000.0,-12.0,0.040466476811899126,4,-68.16605656893647,-79.5209677434414,-103.59448997424279,,,,
nls_spike,Waves,EMI TG12345 console channel,console-emi,drive_0,full,,5000.0,-3.0,0.09224484489140515,4,-60.96096474906116,-73.16597718179023,-89.31183142686524,,,,
nls_spike,Waves,EMI TG12345 console channel,console-emi,drive_0,full,,63.0,-12.0,0.051736484497542014,381,-66.06432982958106,-77.10874739652512,-99.9325041747874,-92.59715926791385,-116.5311537258819,-102.38508830125484,-123.93438348191383
nls_spike,Waves,EMI TG12345 console channel,console-emi,drive_0,full,,63.0,-3.0,0.11564259907985949,381,-59.03070833617616,-70.96612420291751,-85.26776748647572,-84.34454580714836,-100.39518483962169,-93.36105228242079,-110.98806342521283
nls_spike,Waves,EMI TG12345 console channel,console-emi,drive_0,full,,630.0,-12.0,0.04220181413422522,38,-67.84464969046938,-78.74503498127194,-102.55441331496519,-94.12781872433413,-120.0454649998759,-103.52013847647754,-130.8676154690406
nls_spike,Waves,EMI TG12345 console channel,console-emi,drive_0,full,,630.0,-3.0,0.09607229070284708,38,-60.65029331526923,-72.4102419765338,-87.6105615439709,-85.96068411531662,-102.96213403047717,-94.9328345044413,-113.5365647404231
nls_spike,Waves,EMI TG12345 console channel,console-emi,drive_0,full,,6300.0,-12.0,0.039573386004042053,3,-68.32420942364364,-80.21514838574998,,,,,
nls_spike,Waves,EMI TG12345 console channel,console-emi,drive_0,full,,6300.0,-3.0,0.09022978259617391,3,-61.11764750439907,-73.86770203641922,,,,,
nls_spike,Waves,EMI TG12345 console channel,console-emi,drive_0,full,,80.0,-12.0,0.05239826286361131,300,-65.96147069342717,-76.91537358000822,-99.75999681431013,-92.17434810967107,-116.09870899628109,-101.48929411109171,-125.23601205812429
nls_spike,Waves,EMI TG12345 console channel,console-emi,drive_0,full,,80.0,-3.0,0.11688767356332756,300,-58.94043455543188,-70.83993513975156,-85.12599531713187,-84.12832053195694,-100.10475076576586,-92.9793428254108,-110.71860104230957
nls_spike,Waves,EMI TG12345 console channel,console-emi,drive_0,full,,800.0,-12.0,0.04160712587524021,30,-67.96804421565841,-78.86611183418634,-102.74964467544132,-94.26101772225735,-120.22139354258684,-103.65828848486807,-130.75355918425242
nls_spike,Waves,EMI TG12345 console channel,console-emi,drive_0,full,,800.0,-3.0,0.09484019480680746,30,-60.76269451140177,-72.51539469735113,-87.78048827220017,-86.08827683182581,-103.15437759675774,-95.07571708588416,-113.7127411811909
nls_spike,Waves,EMI TG12345 console channel,console-emi,drive_0,full,,8000.0,-12.0,0.03678801124986478,2,-68.68587378757695,,,,,,
nls_spike,Waves,EMI TG12345 console channel,console-emi,drive_0,full,,8000.0,-3.0,0.08434454738137297,2,-61.4788597597125,,,,,,
nls_spike,Waves,EMI TG12345 console channel,console-emi,drive_12,full,,100.0,-12.0,1.8934502867252136,239,-34.76433954609428,-46.38317624606256,-62.50304417028096,-60.183334285270575,-78.11443886473532,-69.2383446103344,-88.81084888623755
nls_spike,Waves,EMI TG12345 console channel,console-emi,drive_12,full,,100.0,-3.0,8.927293739351285,239,-22.031058842175632,-30.988671918112228,-32.835168010500894,-34.982945961232005,-42.29848421090708,-71.45882267531664,-49.347881889799474
nls_spike,Waves,EMI TG12345 console channel,console-emi,drive_12,full,,1000.0,-12.0,1.4817688566059708,24,-36.899871537247016,-48.396331016396104,-65.54925667947666,-62.49140204405023,-81.52954542282855,-71.69430343601248,-92.20176359772766
nls_spike,Waves,EMI TG12345 console channel,console-emi,drive_12,full,,1000.0,-3.0,8.33635119136844,24,-22.818952155411427,-30.757120414161328,-32.76069171464308,-35.37375451362893,-42.63281306083097,-77.97940964408552,-50.02215738057678
nls_spike,Waves,EMI TG12345 console channel,console-emi,drive_12,full,,10000.0,-12.0,1.2108369593242525,2,-38.33828662405487,,,,,,
nls_spike,Waves,EMI TG12345 console channel,console-emi,drive_12,full,,10000.0,-3.0,6.107243981757969,2,-24.28309459561367,,,,,,
nls_spike,Waves,EMI TG12345 console channel,console-emi,drive_12,full,,125.0,-12.0,1.8797806048670596,191,-34.82739577669464,-46.4434725863046,-62.58913260058744,-60.252337045009156,-78.20954524873252,-69.30849023216356,-88.89865805558237
nls_spike,Waves,EMI TG12345 console channel,console-emi,drive_12,full,,125.0,-3.0,8.907923786035859,191,-22.059306624260543,-30.96088210173383,-32.82079974330264,-34.99304641232586,-42.28233047720853,-71.89121087477932,-49.44037747737874
nls_spike,Waves,EMI TG12345 console channel,console-emi,drive_12,full,,1250.0,-12.0,1.4777987545131492,19,-36.922747359667014,-48.42377832281195,-65.60610034325917,-62.54002433520712,-81.51816407063475,-71.77597399965187,-92.4937094115017
nls_spike,Waves,EMI TG12345 console channel,console-emi,drive_12,full,,1250.0,-3.0,8.324984220500125,19,-22.82866970436558,-30.76966694349921,-32.77948649155784,-35.40098049180264,-42.674015359997675,-80.67347535607871,-50.116817364825366
nls_spike,Waves,EMI TG12345 console channel,console-emi,drive_12,full,,160.0,-12.0,1.8423253970572353,150,-35.00268945360459,-46.60890018707778,-62.835813243613586,-60.44070964907415,-78.47092527392083,-69.50660355923674,-89.16468667901894
nls_spike,Waves,EMI TG12345 console channel,console-emi,drive_12,full,,160.0,-3.0,8.858268679358982,150,-22.128138466764923,-30.906990855714845,-32.7944341622505,-35.03415637695488,-42.30502721677068,-71.03133215575153,-49.541298706272514
nls_spike,Waves,EMI TG12345 console channel,console-emi,drive_12,full,,1600.0,-12.0,1.477036205959462,14,-36.926389000367124,-48.43751784762017,-65.61932656007951,-62.59210073418059,-81.66508378579715,-71.9050078731298,-92.64064307473907
nls_spike,Waves,EMI TG12345 console channel,console-emi,drive_12,full,,1600.0,-3.0,8.313822955328076,14,-22.833507495503284,-30.789076908050962,-32.813062262259216,-35.45311812549217,-42.76104261767533,-84.54388803373588,-50.32376572633916
nls_spike,Waves,EMI TG12345 console channel,console-emi,drive_12,full,,200.0,-12.0,1.7894504172868744,120,-35.25646302068915,-46.84628488351498,-63.1949619843316,-60.709678444542504,-78.87427285961937,-69.78870295623143,-89.54341625917777
nls_spike,Waves,EMI TG12345 console channel,console-emi,drive_12,full,,200.0,-3.0,8.785793540056588,120,-22.22602894225328,-30.85129000878498,-32.76789642060153,-35.09232877157958,-42.3524462899448,-70.03035551879273,-49.63602365911669
nls_spike,Waves,EMI TG12345 console channel,console-emi,drive_12,full,,2000.0,-12.0,1.4773013545520128,11,-36.92341926436689,-48.45072494962401,-65.6664950650671,-62.67447445479025,-81.7766903450552,-72.14360081343213,-93.0146372645241
nls_spike,Waves,EMI TG12345 console channel,console-emi,drive_12,full,,2000.0,-3.0,8.299052325769244,11,-22.838289598449006,-30.814705750589724,-32.861373743643675,-35.5387758896408,-42.90598318712766,-88.49930000948602,-50.719423544076946
nls_spike,Waves,EMI TG12345 console channel,console-emi,drive_12,full,,250.0,-12.0,1.7263323125378482,96,-35.56938203937705,-47.13941415640687,-63.63891072467338,-61.04320676698812,-79.36367676405828,-70.1366554713785,-90.02930536421154
nls_spike,Waves,EMI TG12345 console channel,console-emi,drive_12,full,,250.0,-3.0,8.697084079573692,96,-22.34471626525856,-30.802542921783058,-32.7460361855229,-35.1572445148186,-42.4102914972189,-69.46099477510259,-49.72299671988339
nls_spike,Waves,EMI TG12345 console channel,console-emi,drive_12,full,,2500.0,-12.0,1.4766409397125153,9,-36.92493889767489,-48.478959517942464,-65.72947746176318,-62.838621256329446,-82.0781557691052,-72.6694068228307,-94.09817974111043
nls_spike,Waves,EMI TG12345 console channel,console-emi,drive_12,full,,2500.0,-3.0,8.271411004878175,9,-22.847110674712745,-30.85668280827853,-32.954239533406955,-35.71540347369209,-43.22796654340385,-89.78690464014639,-51.58694124683555
nls_spike,Waves,EMI TG12345 console channel,console-emi,drive_12,full,,31.5,-12.0,1.7777836272496694,762,-35.31565247899384,-46.86848240204257,-63.33731086521819,-60.73041523662543,-78.98289261313978,-69.84478173672898,-90.11148605080562
nls_spike,Waves,EMI TG12345 console channel,console-emi,drive_12,full,,31.5,-3.0,9.191843134131405,762,-21.850907441583203,-30.165771889947596,-32.37605962645497,-35.05637969469014,-43.17590394957981,-61.00403542153431,-47.742935361050925
nls_spike,Waves,EMI TG12345 console channel,console-emi,drive_12,full,,315.0,-12.0,1.6581260258104509,76,-35.92064741848513,-47.4687648799711,-64.13898301308186,-61.41910237544692,-79.90008296877878,-70.52229018725195,-90.63713304518541
nls_spike,Waves,EMI TG12345 console channel,console-emi,drive_12,full,,315.0,-3.0,8.599730568657444,76,-22.474641265865923,-30.76610912289634,-32.73193059749896,-35.22037890984862,-42.46836856900185,-69.49233782383092,-49.7984703574836
nls_spike,Waves,EMI TG12345 console channel,console-emi,drive_12,full,,3150.0,-12.0,1.4737974705067725,7,-36.936981005676486,-48.54406710486999,-65.89863635760666,-63.20757820861022,-82.75560350773448,-73.73543806360261,
nls_spike,Waves,EMI TG12345 console channel,console-emi,drive_12,full,,3150.0,-3.0,8.213801955923156,7,-22.866326373022932,-30.934081261068975,-33.13681366054117,-36.09380194004607,-43.96021824822303,-93.61440381041076,
nls_spike,Waves,EMI TG12345 console channel,console-emi,drive_12,full,,40.0,-12.0,1.805971855478455,595,-35.17777441395838,-46.751262886433025,-63.12038636219724,-60.600534589265806,-78.77778792354593,-69.69019865673324,-89.70607367890221
nls_spike,Waves,EMI TG12345 console channel,console-emi,drive_12,full,,40.0,-3.0,9.023993814017452,595,-21.980918776191768,-30.55806315736879,-32.59190411622319,-35.101692227366684,-42.80839470674667,-63.43764756378657,-48.48703912249759
nls_spike,Waves,EMI TG12345 console channel,console-emi,drive_12,full,,400.0,-12.0,1.594831033725618,60,-36.25978107513567,-47.787094959595024,-64.6231970283948,-61.781829337242414,-80.43219175505266,-70.90003691447434,-91.18763823931519
nls_spike,Waves,EMI TG12345 console channel,console-emi,drive_12,full,,400.0,-3.0,8.508412677011266,60,-22.596413770790306,-30.745724757237127,-32.72718750181579,-35.27223907991069,-42.51726106687048,-70.20209052607407,-49.856498426391795
nls_spike,Waves,EMI TG12345 console channel,console-emi,drive_12,full,,4000.0,-12.0,1.4662801591541907,6,-36.971233761518086,-48.69077109690927,-66.29286273678649,-64.1106930923676,-83.65101829650933,,
nls_spike,Waves,EMI TG12345 console channel,console-emi,drive_12,full,,4000.0,-3.0,8.110901804576828,6,-22.90904283518618,-31.078622182960338,-33.508888357112795,-36.94137929970524,-44.86236035472012,,
nls_spike,Waves,EMI TG12345 console channel,console-emi,drive_12,full,,50.0,-12.0,1.8351219117998554,481,-35.0381670226357,-46.62218044008711,-62.91068151644484,-60.45005044038321,-78.60190980414043,-69.50302562504356,-89.39641450272909
nls_spike,Waves,EMI TG12345 console channel,console-emi,drive_12,full,,50.0,-3.0,8.95474559193459,481,-22.028492478674067,-30.77159995741473,-32.71959848561989,-35.078469475843974,-42.62166798127643,-65.57413824434565,-48.835543985002374
nls_spike,Waves,EMI TG12345 console channel,console-emi,drive_12,full,,500.0,-12.0,1.5477144329125545,47,-36.52104197040072,-48.03302151989496,-64.99994016244717,-62.06132985165443,-80.82589779329876,-71.20460942091415,-91.73082962389682
nls_spike,Waves,EMI TG12345 console channel,console-emi,drive_12,full,,500.0,-3.0,8.4396493546306,47,-22.687816903374618,-30.739294238094928,-32.72957320594107,-35.30734086365686,-42.55152004410561,-71.43750638984802,-49.89723856121916
nls_spike,Waves,EMI TG12345 console channel,console-emi,drive_12,full,,5000.0,-12.0,1.4505806358251827,4,-37.04209671215976,-48.98823264234651,-67.13397684820941,,,,
nls_spike,Waves,EMI TG12345 console channel,console-emi,drive_12,full,,5000.0,-3.0,7.824380900191859,4,-22.98096915351277,-31.393953863662652,-34.40373637560909,,,,
nls_spike,Waves,EMI TG12345 console channel,console-emi,drive_12,full,,63.0,-12.0,1.8660269893503947,381,-34.891684557629134,-46.498649280196034,-62.692760509040326,-60.32105503479212,-78.34010307187323,-69.3891773172561,-89.07935521158905
nls_spike,Waves,EMI TG12345 console channel,console-emi,drive_12,full,,63.0,-3.0,8.930748304427645,381,-22.035941329504965,-30.911842530040108,-32.79816605597995,-35.03874733152096,-42.46724418330465,-67.72733467218097,-49.07961486944073
nls_spike,Waves,EMI TG12345 console channel,console-emi,drive_12,full,,630.0,-12.0,1.513496627204856,38,-36.715767122350236,-48.21693684928785,-65.2799361984851,-62.27535377847371,-81.16218039101952,-71.42037813971952,-91.94986831116432
nls_spike,Waves,EMI TG12345 console channel,console-emi,drive_12,full,,630.0,-3.0,8.388642204667338,38,-22.75484844081621,-30.740933060184197,-32.736455570375746,-35.33304244221623,-42.578867015646146,-73.19855793279794,-49.93088325321301
nls_spike,Waves,EMI TG12345 console channel,console-emi,drive_12,full,,6300.0,-12.0,1.419157860441444,3,-37.197064473567536,-49.69562524986635,,,,,
nls_spike,Waves,EMI TG12345 console channel,console-emi,drive_12,full,,6300.0,-3.0,7.396231786037572,3,-23.138411328835318,-32.10585756703517,,,,,
nls_spike,Waves,EMI TG12345 console channel,console-emi,drive_12,full,,80.0,-12.0,1.8880470925678285,300,-34.789406264102766,-46.404067429496834,-62.54269497234869,-60.20825940558085,-78.15781194192363,-69.26203147751923,-88.88295758257749
nls_spike,Waves,EMI TG12345 console channel,console-emi,drive_12,full,,80.0,-3.0,8.92964322078503,300,-22.028372934003684,-30.97966530462239,-32.83196199171739,-35.00002065472192,-42.35793212254826,-69.81212072240223,-49.238747219159514
nls_spike,Waves,EMI TG12345 console channel,console-emi,drive_12,full,,800.0,-12.0,1.4919853932114144,30,-36.840317291138035,-48.336228341611644,-65.46296216355732,-62.417379592802995,-81.37055601363014,-71.57859611105536,-92.17434357558062
nls_spike,Waves,EMI TG12345 console channel,console-emi,drive_12,full,,800.0,-3.0,8.354869120707745,30,-22.79772899046762,-30.747746269101718,-32.74701041290415,-35.35388285720136,-42.60407996679685,-75.50096353984024,-49.9698736443034
nls_spike,Waves,EMI TG12345 console channel,console-emi,drive_12,full,,8000.0,-12.0,1.3247230108231098,2,-37.55749839600083,,,,,,
nls_spike,Waves,EMI TG12345 console channel,console-emi,drive_12,full,,8000.0,-3.0,6.684802749434357,2,-23.49822806152107,,,,,,
nls_spike,Waves,EMI TG12345 console channel,console-emi,drive_3,curve,,100.0,-12.0,0.15345168435162163,239,-56.62475579376032,-67.63466223805975,-89.70512939788884,-82.74810386360997,-106.75485634761421,-92.12749923728214,-117.58328635308146
nls_spike,Waves,EMI TG12345 console channel,console-emi,drive_3,curve,,1000.0,-12.0,0.12058766524300461,24,-58.721470834960165,-69.67684226316416,-92.68157978378206,-84.93269692193658,-111.37420882977865,-94.63939195683298,-118.16059051246499
nls_spike,Waves,EMI TG12345 console channel,console-emi,drive_3,curve,,10000.0,-12.0,0.09821333000947478,2,-60.15659127141487,,,,,,
nls_spike,Waves,EMI TG12345 console channel,console-emi,drive_3,curve,,125.0,-12.0,0.15237257447495556,191,-56.68621479673973,-67.69355038447003,-89.77339596751128,-82.82024431701112,-106.9545701093347,-92.18076730340209,-117.80626433831058
nls_spike,Waves,EMI TG12345 console channel,console-emi,drive_3,curve,,1250.0,-12.0,0.12028293302864444,19,-58.74264652140602,-69.706890675111,-93.00389723073124,-84.97582838400062,-109.1166369278413,-94.6664210585118,-121.64701198143794
nls_spike,Waves,EMI TG12345 console channel,console-emi,drive_3,curve,,160.0,-12.0,0.14942127101872874,150,-56.85585739219462,-67.8652072525939,-90.02363705943543,-83.01079511631707,-107.0194494100364,-92.40948782671137,-117.86509408413013
nls_spike,Waves,EMI TG12345 console channel,console-emi,drive_3,curve,,1600.0,-12.0,0.12018132240244042,14,-58.74923012518625,-69.72330598409123,-92.70673421381267,-85.03734393058627,-110.78607748925727,-94.70906763535852,-120.73553310439861
nls_spike,Waves,EMI TG12345 console channel,console-emi,drive_3,curve,,200.0,-12.0,0.14523591793147708,120,-57.10355552620391,-68.09967171746817,-90.39136678836711,-83.24859362082628,-107.66834488878283,-92.6826762473115,-117.6298160244558
nls_spike,Waves,EMI TG12345 console channel,console-emi,drive_3,curve,,2000.0,-12.0,0.1202464515902987,11,-58.742538036060864,-69.73787961527508,-93.05499642459394,-85.14633763478038,-110.20012945537601,-94.92047777709068,-120.57828788462409
nls_spike,Waves,EMI TG12345 console channel,console-emi,drive_3,curve,,250.0,-12.0,0.14021987478441897,96,-57.409493704113,-68.39536216518275,-90.83837293847432,-83.56910625779788,-108.2166528622473,-93.02708664519011,-117.77858304022081
nls_spike,Waves,EMI TG12345 console channel,console-emi,drive_3,curve,,2500.0,-12.0,0.12012223895432844,9,-58.749607031153644,-69.76523721897942,-92.9072460218504,-85.334050793437,-110.62981792834537,-95.38349149078769,-123.71370160887014
nls_spike,Waves,EMI TG12345 console channel,console-emi,drive_3,curve,,31.5,-12.0,0.14436587224214484,762,-57.1560295276459,-68.15105796030569,-90.77977623114003,-83.13885240355488,-104.53547808857942,-93.0196553846941,-113.53297970675527
nls_spike,Waves,EMI TG12345 console channel,console-emi,drive_3,curve,,315.0,-12.0,0.13478103036026845,76,-57.75375482352458,-68.72910441596052,-91.34684875874058,-83.94475201457573,-108.44434909343448,-93.34153109739005,-119.4138856719207
nls_spike,Waves,EMI TG12345 console channel,console-emi,drive_3,curve,,3150.0,-12.0,0.11988795910549638,7,-58.76216233540576,-69.82585189252607,-93.1411919911011,-85.7082942188673,-110.24561071222558,-96.06032664026284,
nls_spike,Waves,EMI TG12345 console channel,console-emi,drive_3,curve,,40.0,-12.0,0.14655577964773603,595,-57.02520207915885,-68.01990763447911,-90.46006347437901,-83.08467722995152,-105.89036175727459,-92.71358088226575,-116.73361746241703
nls_spike,Waves,EMI TG12345 console channel,console-emi,drive_3,curve,,400.0,-12.0,0.1297116604858398,60,-58.08747938592531,-69.05150493723366,-91.83952889930303,-84.29517274713538,-108.97412290082173,-93.69553425892663,-119.98551787826383
nls_spike,Waves,EMI TG12345 console channel,console-emi,drive_3,curve,,4000.0,-12.0,0.11928311218038044,6,-58.795941664131504,-69.96686506130574,-93.5513729408664,-86.69989693112618,-109.36200212639986,,
nls_spike,Waves,EMI TG12345 console channel,console-emi,drive_3,curve,,50.0,-12.0,0.14886211773090266,481,-56.8944745940988,-67.82898965034066,-90.19710351686189,-82.83987776568395,-107.5289321428845,-92.03293131063847,-117.99235226052
nls_spike,Waves,EMI TG12345 console channel,console-emi,drive_3,curve,,500.0,-12.0,0.1259203440757678,47,-58.34559347238505,-69.30231978211673,-92.27395763133154,-84.54538307602564,-108.87240760081332,-94.11371200821749,-124.43172572391893
nls_spike,Waves,EMI TG12345 console channel,console-emi,drive_3,curve,,5000.0,-12.0,0.11805612064447066,4,-58.8631885222119,-70.26297331561639,-94.14650997760751,,,,
nls_spike,Waves,EMI TG12345 console channel,console-emi,drive_3,curve,,63.0,-12.0,0.15121624784660742,381,-56.75021169645323,-67.78271989567953,-89.92710323232707,-82.98653380756066,-107.10479753256033,-92.49048071093378,-117.99344573708461
nls_spike,Waves,EMI TG12345 console channel,console-emi,drive_3,curve,,630.0,-12.0,0.12316119831099398,38,-58.53854270798814,-69.48747048505814,-92.53719800244588,-84.77017991488061,-109.82292391381561,-94.17801250811914,-120.89508034639131
nls_spike,Waves,EMI TG12345 console channel,console-emi,drive_3,curve,,6300.0,-12.0,0.11547382373675116,3,-59.019227003437834,-70.96605263381366,,,,,
nls_spike,Waves,EMI TG12345 console channel,console-emi,drive_3,curve,,80.0,-12.0,0.15302497980775165,300,-56.64920014576934,-67.65531753876968,-89.75952845968523,-82.7781489939203,-106.67291673811476,-92.13034517341002,-117.82407728162504
nls_spike,Waves,EMI TG12345 console channel,console-emi,drive_3,curve,,800.0,-12.0,0.12142314920294857,30,-58.66207879083077,-69.60899879118367,-92.7264696760696,-84.90757436336227,-110.02211297593718,-94.32645158650963,-121.01349358290244
nls_spike,Waves,EMI TG12345 console channel,console-emi,drive_3,curve,,8000.0,-12.0,0.10739789694514808,2,-59.380084457284156,,,,,,
nls_spike,Waves,EMI TG12345 console channel,console-emi,drive_6,full,,100.0,-12.0,0.4634424818937528,239,-47.02083948186909,-58.085291391346914,-79.43212891702461,-73.06791862363812,-96.35948558289931,-82.4225707876945,-107.40306282073682
nls_spike,Waves,EMI TG12345 console channel,console-emi,drive_6,full,,100.0,-3.0,0.9926550011110122,239,-40.34845005682163,-52.50596345829733,-65.38430877336536,-65.35974015192886,-79.97074196656105,-74.08061200406736,-90.25989011733388
nls_spike,Waves,EMI TG12345 console channel,console-emi,drive_6,full,,1000.0,-12.0,0.3624098220187342,24,-49.160547692795795,-60.1612770078368,-82.52902218033489,-75.34230026822306,-100.09227181440643,-84.86286879166096,-109.89432719791309
nls_spike,Waves,EMI TG12345 console channel,console-emi,drive_6,full,,1000.0,-3.0,0.7967342376346506,24,-42.26528990992097,-54.24895409267861,-68.13731824429473,-67.43733710135136,-83.14917759071142,-76.35850557268456,-93.4409059556976
nls_spike,Waves,EMI TG12345 console channel,console-emi,drive_6,full,,10000.0,-12.0,0.2951863156670587,2,-50.598075590640974,,,,,,
nls_spike,Waves,EMI TG12345 console channel,console-emi,drive_6,full,,10000.0,-3.0,0.6525562674792659,2,-43.70764069581861,,,,,,
nls_spike,Waves,EMI TG12345 console channel,console-emi,drive_6,full,,125.0,-12.0,0.4601180946256843,191,-47.083458507073615,-58.14631680061599,-79.51419542990462,-73.13735273778649,-96.47528570054814,-82.48652445029605,-107.47864673932656
nls_spike,Waves,EMI TG12345 console channel,console-emi,drive_6,full,,125.0,-3.0,0.9862697749244436,191,-40.40466223277598,-52.557865106750164,-65.46150364450257,-65.42199824559206,-80.06041477809563,-74.1439450694965,-90.34350598818745
nls_spike,Waves,EMI TG12345 console channel,console-emi,drive_6,full,,1250.0,-12.0,0.3614405107834664,19,-49.183255683993174,-60.19009747665179,-82.65993016295917,-75.38952188547958,-99.46961121327534,-84.92967065461164,-111.34048104364466
nls_spike,Waves,EMI TG12345 console channel,console-emi,drive_6,full,,1250.0,-3.0,0.7947675120945894,19,-42.28631491433067,-54.2743895595863,-68.19596911062008,-67.483862224428,-83.11879800500336,-76.43595068945554,-93.75651267950182
nls_spike,Waves,EMI TG12345 console channel,console-emi,drive_6,full,,160.0,-12.0,0.450986998187085,150,-47.25772081844582,-58.31729364706598,-79.76652902053713,-73.32578241936116,-96.68133323136942,-82.68989620115492,-107.68383356700356
nls_spike,Waves,EMI TG12345 console channel,console-emi,drive_6,full,,160.0,-3.0,0.9687966598895216,150,-40.560449293282055,-52.70011094434608,-65.68295797272151,-65.5906204046185,-80.29881888815743,-74.32738201159597,-90.59224451406182
nls_spike,Waves,EMI TG12345 console channel,console-emi,drive_6,full,,1600.0,-12.0,0.3612177690237155,14,-49.1877729961612,-60.204584338080245,-82.58718297753805,-75.44433046896526,-100.05601024606312,-85.03512504194626,-111.09540926722417
nls_spike,Waves,EMI TG12345 console channel,console-emi,drive_6,full,,1600.0,-3.0,0.7943096244478124,14,-42.290515211884454,-54.288766870982656,-68.20480391364585,-67.53691875909796,-83.27912515330304,-76.56051906057237,-93.89489844669414
nls_spike,Waves,EMI TG12345 console channel,console-emi,drive_6,full,,200.0,-12.0,0.4380646672338496,120,-47.510924390613695,-58.55986955428877,-80.13589712365182,-73.58577035460155,-97.15339418732779,-82.96527725902513,-107.88581875278565
nls_spike,Waves,EMI TG12345 console channel,console-emi,drive_6,full,,200.0,-3.0,0.9440145717232596,120,-40.786514067930426,-52.903055439010615,-66.0056887443445,-65.82920245269997,-80.67298908354913,-74.58557079130556,-90.94364687320174
nls_spike,Waves,EMI TG12345 console channel,console-emi,drive_6,full,,2000.0,-12.0,0.3613197576448053,11,-49.18373972529775,-60.21791951241173,-82.71742220338535,-75.53411811652478,-99.97392898710419,-85.26633748697643,-111.39117165764306
nls_spike,Waves,EMI TG12345 console channel,console-emi,drive_6,full,,2000.0,-3.0,0.7943718013099391,11,-42.28837535408074,-54.30349000388463,-68.25825230401664,-67.62207984313055,-83.38691646689112,-76.79854272893101,-94.26932035095673
nls_spike,Waves,EMI TG12345 console channel,console-emi,drive_6,full,,250.0,-12.0,0.422605625035598,96,-47.823676947845485,-58.86144592026406,-80.59091818631822,-73.91543476639545,-97.66042213593173,-83.30740687252515,-108.25886306140644
nls_spike,Waves,EMI TG12345 console channel,console-emi,drive_6,full,,250.0,-3.0,0.9142399767961527,96,-41.06604952985977,-53.1550603458928,-66.40529913031989,-66.12776598088924,-81.12509911252371,-74.90536237511301,-91.39658333933309
nls_spike,Waves,EMI TG12345 console channel,console-emi,drive_6,full,,2500.0,-12.0,0.3611023547066098,9,-49.18670479072138,-60.245617348177696,-82.72209594543553,-75.70478131955896,-100.31322207979488,-85.77546532393086,-114.07016920133194
nls_spike,Waves,EMI TG12345 console channel,console-emi,drive_6,full,,2500.0,-3.0,0.7938711038112505,9,-42.291528140184866,-54.33318521588225,-68.31959289094242,-67.78893373763965,-83.69106459212526,-77.32202493081007,-95.3866459555855
nls_spike,Waves,EMI TG12345 console channel,console-emi,drive_6,full,,31.5,-12.0,0.43510867293036415,762,-47.571465242838585,-58.59737988491884,-80.38508439810009,-73.57544452667283,-96.54316638885126,-83.10653505022388,-109.35869645893368
nls_spike,Waves,EMI TG12345 console channel,console-emi,drive_6,full,,31.5,-3.0,0.9396078751219833,762,-40.82935579583224,-52.90635797498894,-66.12480918791448,-65.8242481425276,-80.71711619447642,-74.64518866383408,-91.49758842978767
nls_spike,Waves,EMI TG12345 console channel,console-emi,drive_6,full,,315.0,-12.0,0.40586795958334343,76,-48.175434026624195,-59.20108015360348,-81.10524586298078,-74.29132704967256,-98.11206822545074,-83.66827128979266,-109.15575208698348
nls_spike,Waves,EMI TG12345 console channel,console-emi,drive_6,full,,315.0,-3.0,0.8818251229959108,76,-41.380903248678905,-53.43944160412866,-66.8567853086112,-66.4665355991547,-81.61768444633907,-75.25682263298174,-91.97610594299519
nls_spike,Waves,EMI TG12345 console channel,console-emi,drive_6,full,,3150.0,-12.0,0.360405404153471,7,-49.19881687441051,-60.30923511952359,-82.90875298989263,-76.07520624950324,-100.70418875329956,-86.73121346208937,
nls_spike,Waves,EMI TG12345 console channel,console-emi,drive_6,full,,3150.0,-3.0,0.7922426818632721,7,-42.30468419873048,-54.399245701291655,-68.49125103598494,-68.15932762738466,-84.3623173936835,-78.36667632384204,
nls_spike,Waves,EMI TG12345 console channel,console-emi,drive_6,full,,40.0,-12.0,0.44200615324397746,595,-47.434056402845435,-58.47112503729997,-80.11742858984896,-73.4645262658535,-96.71304915220253,-82.90739189783245,-108.91816803206409
nls_spike,Waves,EMI TG12345 console channel,console-emi,drive_6,full,,40.0,-3.0,0.9523940459631717,595,-40.71075106738719,-52.81175895126591,-65.93258294958753,-65.71876785512082,-80.55141729134698,-74.49774969051666,-91.10077253891018
nls_spike,Waves,EMI TG12345 console channel,console-emi,drive_6,full,,400.0,-12.0,0.3903033105770576,60,-48.515824922998846,-59.529623677972495,-81.6036674039141,-74.6510373569799,-98.64527616461271,-84.03487062999822,-109.7095376765408
nls_spike,Waves,EMI TG12345 console channel,console-emi,drive_6,full,,400.0,-3.0,0.8515123379106778,60,-41.68598774454565,-53.71541276510554,-67.29525684822238,-66.79386586729615,-82.11116660874266,-75.60525492311439,-92.4957354919715
nls_spike,Waves,EMI TG12345 console channel,console-emi,drive_6,full,,4000.0,-12.0,0.3585717202844264,6,-49.23287665126737,-60.45418178822983,-83.30727340070592,-77.00271723902877,-100.98279664219369,,
nls_spike,Waves,EMI TG12345 console channel,console-emi,drive_6,full,,4000.0,-3.0,0.7881281117119594,6,-42.339731816236096,-54.54648612269718,-68.88688287352626,-69.06878836923926,-85.24044448420557,,
nls_spike,Waves,EMI TG12345 console channel,console-emi,drive_6,full,,50.0,-12.0,0.4491570601516322,481,-47.2957205719499,-58.32075894891414,-79.88122233050017,-73.28695611868221,-97.00964159776882,-82.58263343143165,-108.44617648733463
nls_spike,Waves,EMI TG12345 console channel,console-emi,drive_6,full,,50.0,-3.0,0.9658006541539661,481,-40.589105322879355,-52.69875153711607,-65.74617414374406,-65.58007074808246,-80.41532681245391,-74.29563211153346,-90.80760519937644
nls_spike,Waves,EMI TG12345 console channel,console-emi,drive_6,full,,500.0,-12.0,0.37869434320900086,47,-48.77859845444432,-59.784114893827024,-82.00550060326131,-74.92292540458114,-98.90215258410666,-84.36752796041972,-111.17393363925814
nls_spike,Waves,EMI TG12345 console channel,console-emi,drive_6,full,,500.0,-3.0,0.8287954547625154,47,-41.921776419092495,-53.929608241553446,-67.63839294884806,-67.04567353105179,-82.47177347489215,-75.89539514783507,-93.03599295033769
nls_spike,Waves,EMI TG12345 console channel,console-emi,drive_6,full,,5000.0,-12.0,0.3547777186300527,4,-49.3027127811584,-60.75113300090951,-84.08006626324813,,,,
nls_spike,Waves,EMI TG12345 console channel,console-emi,drive_6,full,,5000.0,-3.0,0.7796426703699479,4,-42.41086703703796,-54.844517907361876,-69.724782561859,,,,
nls_spike,Waves,EMI TG12345 console channel,console-emi,drive_6,full,,63.0,-12.0,0.4566568349599241,381,-47.14877189879394,-58.21369920602404,-79.63931449152466,-73.23353357406359,-96.64832985502659,-82.629713090194,-107.86871680839147
nls_spike,Waves,EMI TG12345 console channel,console-emi,drive_6,full,,63.0,-3.0,0.9800153272380852,381,-40.46026016424622,-52.60485101536918,-65.55230060837246,-65.48757401435005,-80.17546594169215,-74.23007011719625,-90.50909985688378
nls_spike,Waves,EMI TG12345 console channel,console-emi,drive_6,full,,630.0,-12.0,0.3702543631041006,38,-48.974760694590096,-59.97385685977645,-82.28784999534167,-75.14044766005736,-99.41190078236363,-84.53913857378468,-110.50783108053379
nls_spike,Waves,EMI TG12345 console channel,console-emi,drive_6,full,,630.0,-3.0,0.8122122852587216,38,-42.097989660869935,-54.09012762714691,-67.89288838302177,-67.24162497834709,-82.79240499741013,-76.08773742346555,-93.2197406213753
nls_spike,Waves,EMI TG12345 console channel,console-emi,drive_6,full,,6300.0,-12.0,0.34704926982619,3,-49.45794240133491,-61.457245826441785,,,,,
nls_spike,Waves,EMI TG12345 console channel,console-emi,drive_6,full,,6300.0,-3.0,0.7626732132789041,3,-42.56629762809733,-55.551999469868356,,,,,
nls_spike,Waves,EMI TG12345 console channel,console-emi,drive_6,full,,80.0,-12.0,0.4621085182260816,300,-47.04610746839638,-58.107200873216925,-79.47850679050988,-73.0946120515722,-96.37694527773607,-82.44019025741585,-107.58646034677358
nls_spike,Waves,EMI TG12345 console channel,console-emi,drive_6,full,,80.0,-3.0,0.9901999095781824,300,-40.37021378839885,-52.52257334069668,-65.4191049937815,-65.38146756716843,-80.00731777982395,-74.10024097889811,-90.32680497719114
nls_spike,Waves,EMI TG12345 console channel,console-emi,drive_6,full,,800.0,-12.0,0.36494276297165174,30,-49.10035491364305,-60.09733242117729,-82.47720239145352,-75.28155773232685,-99.61762736198327,-84.69336535529621,-110.70555742142965
nls_spike,Waves,EMI TG12345 console channel,console-emi,drive_6,full,,800.0,-3.0,0.8017398587257636,30,-42.21099577664896,-54.194909481164295,-68.06023918514363,-67.37167566228732,-82.98770826125389,-76.23616168476943,-93.43391047086612
nls_spike,Waves,EMI TG12345 console channel,console-emi,drive_6,full,,8000.0,-12.0,0.3229061459513311,2,-49.81847377743022,,,,,,
nls_spike,Waves,EMI TG12345 console channel,console-emi,drive_6,full,,8000.0,-3.0,0.7139190125547765,2,-42.927021041660794,,,,,,
nls_spike,Waves,EMI TG12345 console channel,console-emi,drive_9,curve,,100.0,-12.0,0.9347463402232861,239,-40.91256980413213,-52.21662932130301,-70.93189249734833,-66.65760774549595,-87.25138890929676,-75.89166552356212,-98.16879718009386
nls_spike,Waves,EMI TG12345 console channel,console-emi,drive_9,curve,,1000.0,-12.0,0.7317588063046414,24,-43.04403638167693,-54.25821100993636,-74.0099239093379,-68.94895660833068,-90.7461173420989,-78.32583665639805,-101.30200174491209
nls_spike,Waves,EMI TG12345 console channel,console-emi,drive_9,curve,,10000.0,-12.0,0.596871464012958,2,-44.48238367825476,,,,,,
nls_spike,Waves,EMI TG12345 console channel,console-emi,drive_9,curve,,125.0,-12.0,0.928050198460459,191,-40.97511587277082,-52.27716141134751,-71.01700843164667,-66.72638168520093,-87.35082001746692,-75.95911813529898,-98.2472285235545
nls_spike,Waves,EMI TG12345 console channel,console-emi,drive_9,curve,,1250.0,-12.0,0.7297960051139932,19,-43.06688922439294,-54.286264911643755,-74.08707671401606,-68.99714432898082,-90.57642372239512,-78.40265448916361,-101.90687884320701
nls_spike,Waves,EMI TG12345 console channel,console-emi,drive_9,curve,,160.0,-12.0,0.9096669802993507,150,-41.14924006272175,-52.44469009546424,-71.26621215357363,-66.91394987509479,-87.59675136842368,-76.15722635382795,-98.49522818033434
nls_spike,Waves,EMI TG12345 console channel,console-emi,drive_9,curve,,1600.0,-12.0,0.7293910941219973,14,-43.07086690555767,-54.30028690283689,-74.0770145490578,-69.05017051414767,-90.83883181272697,-78.52410096733999,-101.94916733669245
nls_spike,Waves,EMI TG12345 console channel,console-emi,drive_9,curve,,200.0,-12.0,0.8836735654232128,120,-41.401799960502714,-52.6843490090543,-71.62987666233158,-67.17900718030849,-88.01777264260791,-76.4348560929906,-98.82463630620191
nls_spike,Waves,EMI TG12345 console channel,console-emi,drive_9,curve,,2000.0,-12.0,0.7295431942994057,11,-43.06758465863687,-54.31351595019702,-74.14662488076817,-69.13498729895407,-90.9001055525615,-78.76038882663009,-102.31060389771645
nls_spike,Waves,EMI TG12345 console channel,console-emi,drive_9,curve,,250.0,-12.0,0.8525974624876076,96,-41.713612909260995,-52.98117589250406,-72.07927076082007,-67.51024065464152,-88.51143545720174,-76.77824985013433,-99.27790588886735
nls_spike,Waves,EMI TG12345 console channel,console-emi,drive_9,curve,,2500.0,-12.0,0.7291766421922206,9,-43.06961635954026,-54.341529798195374,-74.19373916881204,-69.30128715274846,-91.21157651751865,-79.28099335216916,-103.82851645575299
nls_spike,Waves,EMI TG12345 console channel,console-emi,drive_9,curve,,31.5,-12.0,0.8778013565487535,762,-41.46186957067759,-52.713430419642975,-71.80787692020633,-67.1904315454458,-87.97223621570744,-76.51849494094513,-99.92633556306616
nls_spike,Waves,EMI TG12345 console channel,console-emi,drive_9,curve,,315.0,-12.0,0.8189666334554727,76,-42.06411271283586,-53.31517977699448,-72.58625764986098,-67.88517412849419,-89.02538834914552,-77.15308729484155,-99.95830913563478
nls_spike,Waves,EMI TG12345 console channel,console-emi,drive_9,curve,,3150.0,-12.0,0.7277686479584992,7,-43.08170748017778,-54.40609843029576,-74.36753494753782,-69.6707790707589,-91.81571299612364,-80.3111322449668,
nls_spike,Waves,EMI TG12345 console channel,console-emi,drive_9,curve,,40.0,-12.0,0.8916774978843277,595,-41.324567505803486,-52.592411833759336,-71.57394230446984,-67.06694400859512,-87.84939249415817,-76.35120878699888,-99.31055962029964
nls_spike,Waves,EMI TG12345 console channel,console-emi,drive_9,curve,,400.0,-12.0,0.7877115077330136,60,-42.4030006319287,-53.638304488564145,-73.07748662081471,-68.24617589582425,-89.55803022447292,-77.52475507841615,-100.50720325663119
nls_spike,Waves,EMI TG12345 console channel,console-emi,drive_9,curve,,4000.0,-12.0,0.7240571840535354,6,-43.11591691348298,-54.55218104248428,-74.76285394466655,-70.58182372697703,-92.53843486118548,,
nls_spike,Waves,EMI TG12345 console channel,console-emi,drive_9,curve,,50.0,-12.0,0.9060340599764929,481,-41.18585159948036,-52.45555242028267,-71.35485986803192,-66.90804368250323,-87.78947785711439,-76.12025911504817,-98.91019847050907
nls_spike,Waves,EMI TG12345 console channel,console-emi,drive_9,curve,,500.0,-12.0,0.764415276358842,47,-42.66440361205515,-53.888289849289194,-73.46364321354329,-68.52276933310905,-89.91623575161442,-77.83655531077176,-101.277229804018
nls_spike,Waves,EMI TG12345 console channel,console-emi,drive_9,curve,,5000.0,-12.0,0.7163381168999028,4,-43.186449974056586,-54.84945270900791,-75.58542976607316,,,,
nls_spike,Waves,EMI TG12345 console channel,console-emi,drive_9,curve,,63.0,-12.0,0.921198011954023,381,-41.03972337017788,-52.33703452883303,-71.12835489623161,-66.80410596108786,-87.49700093839947,-76.05959539629278,-98.49805020098849
nls_spike,Waves,EMI TG12345 console channel,console-emi,drive_9,curve,,630.0,-12.0,0.7474820966952301,38,-42.859429261278606,-54.07512092459757,-73.74629392051551,-68.73766457945182,-90.29809433793133,-78.03687148519957,-101.27489519465117
nls_spike,Waves,EMI TG12345 console channel,console-emi,drive_9,curve,,6300.0,-12.0,0.7007892774519292,3,-43.34151358525396,-55.556400312117596,,,,,
nls_spike,Waves,EMI TG12345 console channel,console-emi,drive_9,curve,,80.0,-12.0,0.9320736767878777,300,-40.93767664283924,-52.23806524668753,-70.97409301095227,-66.68307666955897,-87.28944655340058,-75.91337089920776,-98.27100433016255
nls_spike,Waves,EMI TG12345 console channel,console-emi,drive_9,curve,,800.0,-12.0,0.7368283864782654,30,-42.984265496398855,-54.19648067872338,-73.93231560577864,-68.87927177714188,-90.50613550430434,-78.19306375519349,-101.49247649682748
nls_spike,Waves,EMI TG12345 console channel,console-emi,drive_9,curve,,8000.0,-12.0,0.6529812639169884,2,-43.70198559637298,,,,,,
nls_spike,Waves,EMI TG12345 console channel,console-emi,matched_thd_0.1_pct,full,thd_0.1_pct,100.0,-12.0,0.12816481193102916,239,-58.189369452117745,-69.19053976726927,-91.38150476646649,-84.32518817396173,-108.44211163364494,-93.70877844749641,-119.1576486873589
nls_spike,Waves,EMI TG12345 console channel,console-emi,matched_thd_0.1_pct,full,thd_0.1_pct,100.0,-3.0,0.2816462089038615,239,-51.29686877212065,-63.30317548201517,-76.98527801804667,-76.4060106286716,-91.83788897070087,-85.22284804740784,-102.22733904280874
nls_spike,Waves,EMI TG12345 console channel,console-emi,matched_thd_0.1_pct,full,thd_0.1_pct,1000.0,-12.0,0.10074654864796585,24,-60.28338421459847,-71.23196767811575,-94.33102786967532,-86.49377977505638,-113.37041593091543,-96.25320566107781,-119.24978118277069
nls_spike,Waves,EMI TG12345 console channel,console-emi,matched_thd_0.1_pct,full,thd_0.1_pct,1000.0,-3.0,0.22669343496595354,24,-53.18903349527816,-65.03781559483483,-79.71276037976953,-78.44173314063765,-95.16001257854245,-87.52866370937001,-105.0013231304685
nls_spike,Waves,EMI TG12345 console channel,console-emi,matched_thd_0.1_pct,full,thd_0.1_pct,10000.0,-12.0,0.08205802480557839,2,-61.71757882034386,,,,,,
nls_spike,Waves,EMI TG12345 console channel,console-emi,matched_thd_0.1_pct,full,thd_0.1_pct,10000.0,-3.0,0.18556455317160694,2,-54.63009959598601,,,,,,
nls_spike,Waves,EMI TG12345 console channel,console-emi,matched_thd_0.1_pct,full,thd_0.1_pct,125.0,-12.0,0.12726397312892174,191,-58.25081954914314,-69.24912572532835,-91.446252737658,-84.39842096584984,-108.67468802273814,-93.75880148568017,-119.46806801983863
nls_spike,Waves,EMI TG12345 console channel,console-emi,matched_thd_0.1_pct,full,thd_0.1_pct,125.0,-3.0,0.27986080086565,191,-51.35230557593391,-63.353963440349546,-77.05887483566039,-76.46963081433142,-91.93898988010537,-85.28035774338846,-102.30245503578594
nls_spike,Waves,EMI TG12345 console channel,console-emi,matched_thd_0.1_pct,full,thd_0.1_pct,1250.0,-12.0,0.1004955721528783,19,-60.30417630670637,-71.26242737273304,-94.71227002801703,-86.53586142711097,-110.59588780860031,-96.26793171383227,-123.06998626002438
nls_spike,Waves,EMI TG12345 console channel,console-emi,matched_thd_0.1_pct,full,thd_0.1_pct,1250.0,-3.0,0.22615089738340532,19,-53.20923420553386,-65.0641739406288,-79.81670602435821,-78.48628498485341,-94.8310756307487,-87.58746287654112,-105.86448280001935
nls_spike,Waves,EMI TG12345 console channel,console-emi,matched_thd_0.1_pct,full,thd_0.1_pct,160.0,-12.0,0.12480331988340654,150,-58.42004081463591,-69.42192614170706,-91.69671886002119,-84.59050282233378,-108.6963493467948,-93.99600446280795,-119.49184037662005
nls_spike,Waves,EMI TG12345 console channel,console-emi,matched_thd_0.1_pct,full,thd_0.1_pct,160.0,-3.0,0.2749856449717972,150,-51.50525583134267,-63.4976333784838,-77.2796159699596,-76.6394751787014,-92.14974251697981,-85.47548960206842,-102.52496879287409
nls_spike,Waves,EMI TG12345 console channel,console-emi,matched_thd_0.1_pct,full,thd_0.1_pct,1600.0,-12.0,0.10040411165674917,14,-60.311351080311525,-71.27939743134844,-94.34561131576157,-86.59931110998176,-112.57741256123167,-96.29162988811544,-122.1021954374141
nls_spike,Waves,EMI TG12345 console channel,console-emi,matched_thd_0.1_pct,full,thd_0.1_pct,1600.0,-3.0,0.22599195371046574,14,-53.214629556737336,-65.07975231130013,-79.7723787130447,-78.54283406288224,-95.20918988860231,-87.68213031687014,-105.81757835528848
nls_spike,Waves,EMI TG12345 console channel,console-emi,matched_thd_0.1_pct,full,thd_0.1_pct,200.0,-12.0,0.12131292231366535,120,-58.66743209655151,-69.65517181273373,-92.06524673322684,-84.82324885228701,-109.39988952061084,-94.27006068931385,-119.11733303847434
nls_spike,Waves,EMI TG12345 console channel,console-emi,matched_thd_0.1_pct,full,thd_0.1_pct,200.0,-3.0,0.26805845084183233,120,-51.72797539386835,-63.69682056017724,-77.60208496240448,-76.86702835431718,-92.5571364470283,-85.73182320139881,-102.79746594676874
nls_spike,Waves,EMI TG12345 console channel,console-emi,matched_thd_0.1_pct,full,thd_0.1_pct,2000.0,-12.0,0.10046689688455436,11,-60.30381510582061,-71.29429893194289,-94.76104583049081,-86.71384124591162,-111.83747509247834,-96.49726824491242,-121.77051234363279
nls_spike,Waves,EMI TG12345 console channel,console-emi,matched_thd_0.1_pct,full,thd_0.1_pct,2000.0,-3.0,0.22604181427609948,11,-53.210988276085445,-65.09519916459433,-79.8776213796936,-78.63774320580896,-95.22252076326535,-87.91067656036246,-106.16482355551605
nls_spike,Waves,EMI TG12345 console channel,console-emi,matched_thd_0.1_pct,full,thd_0.1_pct,250.0,-12.0,0.11712914581712361,96,-58.97291569485659,-69.9505612644889,-92.51097879536704,-85.14258790766904,-109.96470579775163,-94.6171741274768,-119.20887042704409
nls_spike,Waves,EMI TG12345 console channel,console-emi,matched_thd_0.1_pct,full,thd_0.1_pct,250.0,-3.0,0.2597235607288412,96,-52.003473431770885,-63.94694145100377,-78.00006572529276,-77.1613776069734,-93.01576900803866,-86.05171516177292,-103.19939348921324
nls_spike,Waves,EMI TG12345 console channel,console-emi,matched_thd_0.1_pct,full,thd_0.1_pct,2500.0,-12.0,0.100350974119459,9,-60.31204069244751,-71.32150114818745,-94.56614213941435,-86.90653699041421,-112.2924582990879,-96.9462053291371,-124.12565359314895
nls_spike,Waves,EMI TG12345 console channel,console-emi,matched_thd_0.1_pct,full,thd_0.1_pct,2500.0,-3.0,0.2258443346162315,9,-53.21647386943428,-65.12461211600616,-79.90324584148202,-78.81324153396419,-95.54532740735509,-88.4128604183901,-108.04510497988254
nls_spike,Waves,EMI TG12345 console channel,console-emi,matched_thd_0.1_pct,full,thd_0.1_pct,31.5,-12.0,0.12060598461168454,762,-58.718086937163335,-69.71097947396751,-92.47444304085849,-84.68286815963538,-105.48759182813578,-94.65730214440342,-113.52311647096795
nls_spike,Waves,EMI TG12345 console channel,console-emi,matched_thd_0.1_pct,full,thd_0.1_pct,31.5,-3.0,0.266906640645032,762,-51.766756012884144,-63.711108355458805,-77.77508077246706,-76.8146457925256,-92.23664452357048,-85.89689084403386,-104.06334290939697
nls_spike,Waves,EMI TG12345 console channel,console-emi,matched_thd_0.1_pct,full,thd_0.1_pct,315.0,-12.0,0.11259275836919454,76,-59.316627258798704,-70.28408946959493,-93.0194603751429,-85.52004456389622,-110.1244116765305,-94.91962653178405,-121.06607374098685
nls_spike,Waves,EMI TG12345 console channel,console-emi,matched_thd_0.1_pct,full,thd_0.1_pct,315.0,-3.0,0.2506377517354085,76,-52.31400780663839,-64.22974354926896,-78.45066423970906,-77.50068186376252,-93.46441642661287,-86.37981060699153,-103.91194316232982
nls_spike,Waves,EMI TG12345 console channel,console-emi,matched_thd_0.1_pct,full,thd_0.1_pct,3150.0,-12.0,0.10015519662592325,7,-60.32468313105582,-71.38117212249387,-94.81436272046899,-87.28186815654853,-111.66906089761,-97.54285321032079,
nls_spike,Waves,EMI TG12345 console channel,console-emi,matched_thd_0.1_pct,full,thd_0.1_pct,3150.0,-3.0,0.22537841510802292,7,-53.229882694862034,-65.1887320436822,-80.08606371388461,-79.18560226255353,-96.07878203965662,-89.31963916935925,
nls_spike,Waves,EMI TG12345 console channel,console-emi,matched_thd_0.1_pct,full,thd_0.1_pct,40.0,-12.0,0.1224226756978212,595,-58.58836177346546,-69.57770831963161,-92.15271661853592,-84.64588272023772,-107.15877941880612,-94.32411632012857,-117.20969996022993
nls_spike,Waves,EMI TG12345 console channel,console-emi,matched_thd_0.1_pct,full,thd_0.1_pct,40.0,-3.0,0.27043690100243095,595,-51.65184829197797,-63.61193766351956,-77.55788975396224,-76.73591076809642,-92.25357815704464,-85.69260431390907,-103.42198168461779
nls_spike,Waves,EMI TG12345 console channel,console-emi,matched_thd_0.1_pct,full,thd_0.1_pct,400.0,-12.0,0.10836336523630372,60,-59.649917150998206,-70.60611533078442,-93.51170662615003,-85.86923680865729,-110.6543888064271,-95.27153802003971,-121.64497512989257
nls_spike,Waves,EMI TG12345 console channel,console-emi,matched_thd_0.1_pct,full,thd_0.1_pct,400.0,-3.0,0.2421254097365583,60,-52.615367734494065,-64.50399281479761,-78.88854533599938,-77.82395055270791,-93.95636368810034,-86.72133646361779,-104.43337304375282
nls_spike,Waves,EMI TG12345 console channel,console-emi,matched_thd_0.1_pct,full,thd_0.1_pct,4000.0,-12.0,0.09965168093733005,6,-60.358340227293525,-71.52095812889837,-95.22765101490137,-88.2925706491954,-110.52726871025374,,
nls_spike,Waves,EMI TG12345 console channel,console-emi,matched_thd_0.1_pct,full,thd_0.1_pct,4000.0,-3.0,0.22421365867584928,6,-53.264770080328205,-65.3334522196997,-80.48458695257085,-80.12743659813964,-96.64218573301726,,
nls_spike,Waves,EMI TG12345 console channel,console-emi,matched_thd_0.1_pct,full,thd_0.1_pct,50.0,-12.0,0.1243446055692848,481,-58.45908460849018,-69.37418413765973,-91.88514492097042,-84.38121575266084,-109.1868945308574,-93.5419383332487,-119.01604146895392
nls_spike,Waves,EMI TG12345 console channel,console-emi,matched_thd_0.1_pct,full,thd_0.1_pct,50.0,-3.0,0.274170714817296,481,-51.53457258558474,-63.47151897189157,-77.36076455021423,-76.56108381289599,-92.3545648825308,-85.31268116185501,-102.99960864946686
nls_spike,Waves,EMI TG12345 console channel,console-emi,matched_thd_0.1_pct,full,thd_0.1_pct,500.0,-12.0,0.105198963333349,47,-59.90777800940148,-70.85687651289902,-93.95741949796022,-86.11418345541081,-110.44719027129801,-95.71695893510862,-127.24246210798643
nls_spike,Waves,EMI TG12345 console channel,console-emi,matched_thd_0.1_pct,full,thd_0.1_pct,500.0,-3.0,0.23573297277321104,47,-52.84863738607928,-64.71759487383724,-79.24014622078444,-78.06532451307383,-94.24722206864323,-87.05189285225009,-105.38902431411294
nls_spike,Waves,EMI TG12345 console channel,console-emi,matched_thd_0.1_pct,full,thd_0.1_pct,5000.0,-12.0,0.0986355541710557,4,-60.42479599552308,-71.81683259710339,-95.76870880793884,,,,
nls_spike,Waves,EMI TG12345 console channel,console-emi,matched_thd_0.1_pct,full,thd_0.1_pct,5000.0,-3.0,0.22184049651951349,4,-53.33444093003894,-65.63092894548879,-81.28019004119395,,,,
nls_spike,Waves,EMI TG12345 console channel,console-emi,matched_thd_0.1_pct,full,thd_0.1_pct,63.0,-12.0,0.12629031959251164,381,-58.31479634203477,-69.34509374555094,-91.60794737116075,-84.58617512037387,-108.78924415919045,-94.1192545776026,-119.4189802760329
nls_spike,Waves,EMI TG12345 console channel,console-emi,matched_thd_0.1_pct,full,thd_0.1_pct,63.0,-3.0,0.27807279959052317,381,-51.40728212764837,-63.41572688921949,-77.15820763507178,-76.57151531520368,-92.06945573623707,-85.44725432817305,-102.56563600609881
nls_spike,Waves,EMI TG12345 console channel,console-emi,matched_thd_0.1_pct,full,thd_0.1_pct,630.0,-12.0,0.1028960642933431,38,-60.100582370571935,-71.0413732540658,-94.21538756036051,-86.3421211986041,-111.53154657933217,-95.74963039059529,-122.58519517987467
nls_spike,Waves,EMI TG12345 console channel,console-emi,matched_thd_0.1_pct,full,thd_0.1_pct,630.0,-3.0,0.2310626018400059,38,-53.023166439590874,-64.87650947346151,-79.4906349654901,-78.2655531829087,-94.65284336687202,-87.19217439268077,-105.17637135807806
nls_spike,Waves,EMI TG12345 console channel,console-emi,matched_thd_0.1_pct,full,thd_0.1_pct,6300.0,-12.0,0.09647591624237377,3,-60.58105242807892,-72.51901355050276,,,,,
nls_spike,Waves,EMI TG12345 console channel,console-emi,matched_thd_0.1_pct,full,thd_0.1_pct,6300.0,-3.0,0.21700829971361757,3,-53.49032508523534,-66.33647488500768,,,,,
nls_spike,Waves,EMI TG12345 console channel,console-emi,matched_thd_0.1_pct,full,thd_0.1_pct,80.0,-12.0,0.12781000026034534,300,-58.21371147089698,-69.21100303138178,-91.43822630368633,-84.35646566407941,-108.32423896986626,-93.70711642788766,-119.37191269578916
nls_spike,Waves,EMI TG12345 console channel,console-emi,matched_thd_0.1_pct,full,thd_0.1_pct,80.0,-3.0,0.28096396422505976,300,-51.31819989568363,-63.3192519918435,-77.0225278540257,-76.42970917577922,-91.8597686470751,-85.23566854853325,-102.33920245705633
nls_spike,Waves,EMI TG12345 console channel,console-emi,matched_thd_0.1_pct,full,thd_0.1_pct,800.0,-12.0,0.1014453209315608,30,-60.22400768602867,-71.16278217678928,-94.40515645123419,-86.47900566875016,-111.72640832931391,-95.89675959559358,-122.68828271306604
nls_spike,Waves,EMI TG12345 console channel,console-emi,matched_thd_0.1_pct,full,thd_0.1_pct,800.0,-3.0,0.22811080192391367,30,-53.13512254742241,-64.98091682485355,-79.65846523185331,-78.39398095356977,-94.84670204965616,-87.33758664323373,-105.37696910508527
nls_spike,Waves,EMI TG12345 console channel,console-emi,matched_thd_0.1_pct,full,thd_0.1_pct,8000.0,-12.0,0.08972225874584162,2,-60.941996032921125,,,,,,
nls_spike,Waves,EMI TG12345 console channel,console-emi,matched_thd_0.1_pct,full,thd_0.1_pct,8000.0,-3.0,0.20297301068674678,2,-53.851234127358666,,,,,,
nls_spike,Waves,EMI TG12345 console channel,console-emi,matched_thd_1_pct,full,thd_1_pct,100.0,-12.0,1.2680422160485099,239,-38.2567157985326,-49.68691270443732,-67.2727217332093,-63.86216741716452,-83.29720159436445,-73.02682298298487,-94.12872869167957
nls_spike,Waves,EMI TG12345 console channel,console-emi,matched_thd_1_pct,full,thd_1_pct,100.0,-3.0,2.577677649330301,239,-31.958318455750945,-48.61858277013219,-71.58475321028507,-50.81637639256051,-54.79277592744825,-61.73087946249883,-58.82298986688938
nls_spike,Waves,EMI TG12345 console channel,console-emi,matched_thd_1_pct,full,thd_1_pct,1000.0,-12.0,0.992786985785613,24,-40.38771441857375,-51.71479728641366,-70.33709714825848,-66.16013150474602,-86.74624289923086,-75.46716376081817,-97.40077963367756
nls_spike,Waves,EMI TG12345 console channel,console-emi,matched_thd_1_pct,full,thd_1_pct,1000.0,-3.0,2.096776781274401,24,-33.759052739185776,-50.361524899384726,-76.5629941669994,-52.436083906465115,-56.419506265394475,-62.309838456013324,-59.86887159872193
nls_spike,Waves,EMI TG12345 console channel,console-emi,matched_thd_1_pct,full,thd_1_pct,10000.0,-12.0,0.8103838782058983,2,-41.826184148509846,,,,,,
nls_spike,Waves,EMI TG12345 console channel,console-emi,matched_thd_1_pct,full,thd_1_pct,10000.0,-3.0,1.7372555501678622,2,-35.20272584332653,,,,,,
nls_spike,Waves,EMI TG12345 console channel,console-emi,matched_thd_1_pct,full,thd_1_pct,125.0,-12.0,1.2589419641830049,191,-38.31938455465415,-49.74728042226897,-67.35835179818025,-63.930934840319125,-83.39378096858012,-73.09542712733315,-94.21223513042527
nls_spike,Waves,EMI TG12345 console channel,console-emi,matched_thd_1_pct,full,thd_1_pct,125.0,-3.0,2.555280232462405,191,-32.033983996129905,-48.52744326471759,-69.73841433590741,-51.04044790335494,-55.09853817827006,-62.24669820341952,-59.1840122991044
nls_spike,Waves,EMI TG12345 console channel,console-emi,matched_thd_1_pct,full,thd_1_pct,1250.0,-12.0,0.9901250300780117,19,-40.41058237879197,-51.742572080209584,-70.40306526604981,-66.2085631715665,-86.6655278227995,-75.54645883087757,-97.83052265960023
nls_spike,Waves,EMI TG12345 console channel,console-emi,matched_thd_1_pct,full,thd_1_pct,1250.0,-3.0,2.091873480722062,19,-33.77835175934895,-50.397785016341004,-79.27442203613467,-52.46623457548459,-56.45977449826227,-62.43696547086196,-59.970008017971914
nls_spike,Waves,EMI TG12345 console channel,console-emi,matched_thd_1_pct,full,thd_1_pct,160.0,-12.0,1.2339752465693006,150,-38.49377664176164,-49.91367933326284,-67.60634375838461,-64.11864888184877,-83.6483169134527,-73.29295425521839,-94.46884096935909
nls_spike,Waves,EMI TG12345 console channel,console-emi,matched_thd_1_pct,full,thd_1_pct,160.0,-3.0,2.509122038776522,150,-32.19334754100191,-48.57697078540482,-68.16333587138665,-51.288999798347845,-55.39080950582541,-62.31562917908468,-59.40281603231067
nls_spike,Waves,EMI TG12345 console channel,console-emi,matched_thd_1_pct,full,thd_1_pct,1600.0,-12.0,0.9895937495142554,14,-40.41440144099467,-51.7564617101031,-70.40589903832247,-66.26110165560138,-86.86313374810842,-75.6719209230957,-97.93193282128408
nls_spike,Waves,EMI TG12345 console channel,console-emi,matched_thd_1_pct,full,thd_1_pct,1600.0,-3.0,2.090208488324986,14,-33.783202892237355,-50.410114847713395,-82.1174029671376,-52.52113288802416,-56.55724020626552,-62.63158021208576,-60.19444972765311
nls_spike,Waves,EMI TG12345 console channel,console-emi,matched_thd_1_pct,full,thd_1_pct,200.0,-12.0,1.198692955067476,120,-38.74653332384009,-50.15216680645914,-67.96782367381057,-64.38538435639171,-84.05901763520066,-73.57220125825273,-94.82569803443967
nls_spike,Waves,EMI TG12345 console channel,console-emi,matched_thd_1_pct,full,thd_1_pct,200.0,-3.0,2.4478784232662716,120,-32.40965152474334,-48.73869237717075,-67.32900557059996,-51.530074641319324,-55.640831091223944,-62.12873310503732,-59.50080565109212
nls_spike,Waves,EMI TG12345 console channel,console-emi,matched_thd_1_pct,full,thd_1_pct,2000.0,-12.0,0.9897832854290736,11,-40.41129768452851,-51.7696753710934,-70.46307198809762,-66.34466503878117,-86.95276387747666,-75.90945608433306,-98.3004866094802
nls_spike,Waves,EMI TG12345 console channel,console-emi,matched_thd_1_pct,full,thd_1_pct,2000.0,-3.0,2.090465741582743,11,-33.77854483960825,-50.447591593410195,-85.13589616278327,-52.58555652729454,-56.68338619207529,-62.88501451233049,-60.592308428449556
nls_spike,Waves,EMI TG12345 console channel,console-emi,matched_thd_1_pct,full,thd_1_pct,250.0,-12.0,1.156533219153156,96,-39.05845651266628,-50.447154668045606,-68.41471106721133,-64.71744116657605,-84.55022855401113,-73.9171397230117,-95.29596240297691
nls_spike,Waves,EMI TG12345 console channel,console-emi,matched_thd_1_pct,full,thd_1_pct,250.0,-3.0,2.3760051905150563,96,-32.67035565567923,-48.98639493146604,-67.09266701432736,-51.76570181919708,-55.86064341682571,-61.91377059436895,-59.549771010245536
nls_spike,Waves,EMI TG12345 console channel,console-emi,matched_thd_1_pct,full,thd_1_pct,2500.0,-12.0,0.9893125910020428,9,-40.41307965901727,-51.79779835185685,-70.51894203402912,-66.5098432356271,-87.25854986437263,-76.43280922571951,-99.57478459285232
nls_spike,Waves,EMI TG12345 console channel,console-emi,matched_thd_1_pct,full,thd_1_pct,2500.0,-3.0,2.087273838382591,9,-33.78585074057857,-50.453885421063546,-87.95494233487673,-52.77360354180094,-57.015808562836625,-63.467888474628715,-61.46227078239406
nls_spike,Waves,EMI TG12345 console channel,console-emi,matched_thd_1_pct,full,thd_1_pct,31.5,-12.0,1.1907961441356187,762,-38.80621323733136,-50.178141280599,-68.12743921625312,-64.40191148794246,-84.10496589063207,-73.6413950343692,-95.65069911021006
nls_spike,Waves,EMI TG12345 console channel,console-emi,matched_thd_1_pct,full,thd_1_pct,31.5,-3.0,2.682639704558121,762,-31.717221061125915,-53.594306663964886,-54.62693364300699,-47.35859838462811,-50.0090383944342,-52.99189446246979,-52.958845612349215
nls_spike,Waves,EMI TG12345 console channel,console-emi,matched_thd_1_pct,full,thd_1_pct,315.0,-12.0,1.11092905568996,76,-39.408918444195685,-50.77890876669418,-68.91853852166184,-65.09252157499178,-85.07665875463105,-74.29677754321976,-95.93492472612269
nls_spike,Waves,EMI TG12345 console channel,console-emi,matched_thd_1_pct,full,thd_1_pct,315.0,-3.0,2.298595631295255,76,-32.95979175625094,-49.30089656290527,-67.44317004592112,-51.9846330126844,-56.04728829285981,-61.78952851331949,-59.58749803509204
nls_spike,Waves,EMI TG12345 console channel,console-emi,matched_thd_1_pct,full,thd_1_pct,3150.0,-12.0,0.987403550829707,7,-40.42515742615693,-51.86264059528824,-70.69017039150567,-66.87907382718438,-87.90388486675917,-77.48178357460748,
nls_spike,Waves,EMI TG12345 console channel,console-emi,matched_thd_1_pct,full,thd_1_pct,3150.0,-3.0,2.0799393740491783,7,-33.80002080400482,-50.51777168544098,-90.51409795909407,-53.14878749265315,-57.745112048265696,-64.6014426275565,
nls_spike,Waves,EMI TG12345 console channel,console-emi,matched_thd_1_pct,full,thd_1_pct,40.0,-12.0,1.2096210343570515,595,-38.66882350661124,-50.0589410551759,-67.902301882062,-64.27528766111668,-83.93361741049219,-73.48144950181461,-95.13939913567714
nls_spike,Waves,EMI TG12345 console channel,console-emi,matched_thd_1_pct,full,thd_1_pct,40.0,-3.0,2.605043011328499,595,-31.910052998085312,-51.39420400814398,-59.4548825507049,-48.755143502412544,-51.783858068298436,-55.4748662659114,-54.82800588927493
nls_spike,Waves,EMI TG12345 console channel,console-emi,matched_thd_1_pct,full,thd_1_pct,400.0,-12.0,1.068566958698562,60,-39.74759207268775,-51.09978266700752,-69.40660601838275,-65.45414715811407,-85.60902552805216,-74.67087335719175,-96.4836510772098
nls_spike,Waves,EMI TG12345 console channel,console-emi,matched_thd_1_pct,full,thd_1_pct,400.0,-3.0,2.2266171248705633,60,-33.23739785635729,-49.63499420045502,-68.39576394694582,-52.16106276858582,-56.188051802008445,-61.79857146441122,-59.63180838238181
nls_spike,Waves,EMI TG12345 console channel,console-emi,matched_thd_1_pct,full,thd_1_pct,4000.0,-12.0,0.9823665495015844,6,-40.45939846356034,-52.009040804797486,-71.08485334238615,-67.78597012477175,-88.72255501850921,,
nls_spike,Waves,EMI TG12345 console channel,console-emi,matched_thd_1_pct,full,thd_1_pct,4000.0,-3.0,2.059296834137066,6,-33.87021107332358,-50.43453262732044,-80.97708981397795,-54.37582094415994,-59.28389044088651,,
nls_spike,Waves,EMI TG12345 console channel,console-emi,matched_thd_1_pct,full,thd_1_pct,50.0,-12.0,1.2290916268653567,481,-38.5298621033244,-49.926035124228875,-67.68800277036652,-64.12086009692665,-83.80804259505175,-73.27340785954232,-94.78664707169895
nls_spike,Waves,EMI TG12345 console channel,console-emi,matched_thd_1_pct,full,thd_1_pct,50.0,-3.0,2.5828513173706913,481,-31.960271475926852,-50.183674509996564,-63.891007891277084,-49.57473556308845,-52.92055014131754,-57.394255891736286,-56.1852517162307
nls_spike,Waves,EMI TG12345 console channel,console-emi,matched_thd_1_pct,full,thd_1_pct,500.0,-12.0,1.0370059680031798,47,-40.0087090119286,-51.34789130083099,-69.78817215227316,-65.73208516878904,-85.98710421956528,-74.97834272001487,-97.12488525585499
nls_spike,Waves,EMI TG12345 console channel,console-emi,matched_thd_1_pct,full,thd_1_pct,500.0,-3.0,2.1728376811618673,47,-33.450391979616235,-49.913326232425106,-69.78898505714051,-52.276844284288,-56.27597937845205,-61.89561852552412,-59.677095057757946
nls_spike,Waves,EMI TG12345 console channel,console-emi,matched_thd_1_pct,full,thd_1_pct,5000.0,-12.0,0.971871400691235,4,-40.530108717633,-52.306408646452745,-71.91769142658632,,,,
nls_spike,Waves,EMI TG12345 console channel,console-emi,matched_thd_1_pct,full,thd_1_pct,5000.0,-3.0,2.036256229255731,4,-33.908166265236204,-50.959004987036145,-94.60488260065823,,,,
nls_spike,Waves,EMI TG12345 console channel,console-emi,matched_thd_1_pct,full,thd_1_pct,63.0,-12.0,1.2496962804120306,381,-38.383783805700254,-49.80485656677794,-67.46582505149894,-64.00397119049116,-83.53198512766559,-73.18534331827325,-94.426453361829
nls_spike,Waves,EMI TG12345 console channel,console-emi,matched_thd_1_pct,full,thd_1_pct,63.0,-3.0,2.5813690269796177,381,-31.95288402908645,-49.37706421558338,-68.88419463625938,-50.1690400149848,-53.79252901513244,-59.19543484154097,-57.35759486005706
nls_spike,Waves,EMI TG12345 console channel,console-emi,matched_thd_1_pct,full,thd_1_pct,630.0,-12.0,1.0140716972147907,38,-40.20345050142102,-51.53340624259407,-70.06981869416354,-65.94641473031984,-86.34355180169541,-75.18641172120955,-97.24807640770557
nls_spike,Waves,EMI TG12345 console channel,console-emi,matched_thd_1_pct,full,thd_1_pct,630.0,-3.0,2.1335844240460586,38,-33.60885466516274,-50.13369496800871,-71.65836822478455,-52.35539170300552,-56.33761421954925,-62.040139734204594,-59.732932081417644
nls_spike,Waves,EMI TG12345 console channel,console-emi,matched_thd_1_pct,full,thd_1_pct,6300.0,-12.0,0.950799756212063,3,-40.68512661252338,-53.01358201070546,,,,,
nls_spike,Waves,EMI TG12345 console channel,console-emi,matched_thd_1_pct,full,thd_1_pct,6300.0,-3.0,1.9977672239737667,3,-34.06389511560528,-51.66569087880697,,,,,
nls_spike,Waves,EMI TG12345 console channel,console-emi,matched_thd_1_pct,full,thd_1_pct,80.0,-12.0,1.2644234713533367,300,-38.28177906493333,-49.708109099641376,-67.31363017312862,-63.88735034697544,-83.3384006839679,-73.04937289206408,-94.21583524396942
nls_spike,Waves,EMI TG12345 console channel,console-emi,matched_thd_1_pct,full,thd_1_pct,80.0,-3.0,2.584118676410507,300,-31.938498009570687,-48.875732402092254,-72.25060122766673,-50.551513798194854,-54.390897484711076,-60.703058758364214,-58.238466797631645
nls_spike,Waves,EMI TG12345 console channel,console-emi,matched_thd_1_pct,full,thd_1_pct,800.0,-12.0,0.9996459568971338,30,-40.32807525565234,-51.653835026286714,-70.25453052039751,-66.08819908631283,-86.55162797776737,-75.34339087551629,-97.46873747815195
nls_spike,Waves,EMI TG12345 console channel,console-emi,matched_thd_1_pct,full,thd_1_pct,800.0,-3.0,2.1087708751099323,30,-33.71016479899429,-50.28391774242031,-74.0097246279658,-52.40497625738533,-56.38027507231838,-62.18659188771735,-59.79315375950536
nls_spike,Waves,EMI TG12345 console channel,console-emi,matched_thd_1_pct,full,thd_1_pct,8000.0,-12.0,0.886586095413955,2,-41.04558168298375,,,,,,
nls_spike,Waves,EMI TG12345 console channel,console-emi,matched_thd_1_pct,full,thd_1_pct,8000.0,-3.0,1.964948937949809,2,-34.132974618287804,,,,,,
nlsbuss_mike,Waves,SSL 4000 G+ console buss,console-ssl,drive_0,full,,100.0,-12.0,0.04229937935378666,239,-77.0658388850149,-68.0904763581782,-119.06621618987744,-84.38433740429195,-137.89200565094893,-93.93096796301586,-139.48612407029418
nlsbuss_mike,Waves,SSL 4000 G+ console buss,console-ssl,drive_0,full,,100.0,-3.0,0.10440127805007327,239,-68.90909033512327,-60.31221303136742,-102.68631882625358,-75.59629630505286,-120.1422683149261,-85.01298705839689,-129.9035635245026
nlsbuss_mike,Waves,SSL 4000 G+ console buss,console-ssl,drive_0,full,,1000.0,-12.0,0.061968706937037064,24,-73.9373950223713,-64.76414065505041,-114.44938230676695,-80.61433568339896,-123.52779777889839,-89.74077480926196,-125.69530918795851
nlsbuss_mike,Waves,SSL 4000 G+ console buss,console-ssl,drive_0,full,,1000.0,-3.0,0.14905694010750895,24,-65.94817636630255,-57.22433366055954,-97.97246845347934,-71.90228676531886,-113.28927278414206,-80.92423343930845,-126.23374109121558
nlsbuss_mike,Waves,SSL 4000 G+ console buss,console-ssl,drive_0,full,,10000.0,-12.0,0.13329870860546342,2,-57.50348115999557,,,,,,
nlsbuss_mike,Waves,SSL 4000 G+ console buss,console-ssl,drive_0,full,,10000.0,-3.0,0.28761700762342784,2,-50.82370872888369,,,,,,
nlsbuss_mike,Waves,SSL 4000 G+ console buss,console-ssl,drive_0,full,,125.0,-12.0,0.039313695028109594,191,-77.74891179616097,-68.72062369293285,-120.46231338264896,-85.009805905218,-135.77667831648438,-94.54549483713791,-138.7157235106183
nlsbuss_mike,Waves,SSL 4000 G+ console buss,console-ssl,drive_0,full,,125.0,-3.0,0.09743479348964112,191,-69.56832382614411,-60.90339547607931,-103.65537684314184,-76.21126713049804,-120.5545445444747,-85.62577952431427,-131.5527678268857
nlsbuss_mike,Waves,SSL 4000 G+ console buss,console-ssl,drive_0,full,,1250.0,-12.0,0.06816002496004343,19,-73.14324160902027,-63.93687355088137,-112.59582397758189,-79.66044241463524,-125.05498431585586,-88.75887015543452,-124.8264446616114
nlsbuss_mike,Waves,SSL 4000 G+ console buss,console-ssl,drive_0,full,,1250.0,-3.0,0.1628922414869095,19,-65.19647534196841,-56.45721547322648,-96.70025567707049,-70.97491247672637,-113.46582722185983,-79.93506293700035,-119.8514147989099
nlsbuss_mike,Waves,SSL 4000 G+ console buss,console-ssl,drive_0,full,,160.0,-12.0,0.03770548323232446,150,-78.14850863450465,-69.07908261437768,-120.6136841754872,-85.3648370293408,-137.98475590220994,-94.8812160272672,-146.7924531008072
nlsbuss_mike,Waves,SSL 4000 G+ console buss,console-ssl,drive_0,full,,160.0,-3.0,0.09366287642372835,150,-69.95312292753256,-61.24055909307372,-104.09473711483696,-76.55831575646035,-121.21507265990545,-85.9624688340704,-131.9140257104785
nlsbuss_mike,Waves,SSL 4000 G+ console buss,console-ssl,drive_0,full,,1600.0,-12.0,0.07720655338487714,14,-72.11203062604807,-62.85317481246008,-111.05032027453504,-78.42001103304864,-123.43355644115701,-87.4984320420164,-127.90978804424813
nlsbuss_mike,Waves,SSL 4000 G+ console buss,console-ssl,drive_0,full,,1600.0,-3.0,0.18291786117264996,14,-64.21942251178295,-55.45442420112113,-95.17167194623093,-69.77149224032823,-111.12714400601038,-78.67372705353216,-123.34822277419971
nlsbuss_mike,Waves,SSL 4000 G+ console buss,console-ssl,drive_0,full,,200.0,-12.0,0.037541269545083404,120,-78.20889168667954,-69.11475004251541,-120.71595770433834,-85.3862889306783,-134.39531147455807,-94.86481022563012,-135.58893821381565
nlsbuss_mike,Waves,SSL 4000 G+ console buss,console-ssl,drive_0,full,,200.0,-3.0,0.09327256669341788,120,-70.01111412436451,-61.27447871927751,-104.14621859133307,-76.57942356079118,-121.06418539638244,-85.96444197738785,-132.5032302215776
nlsbuss_mike,Waves,SSL 4000 G+ console buss,console-ssl,drive_0,full,,2000.0,-12.0,0.08879848170262838,11,-70.94027952810096,-61.63770321041018,-109.82080183353533,-77.0580524108484,-123.7024892088514,-86.13581758793572,-123.53215372571188
nlsbuss_mike,Waves,SSL 4000 G+ console buss,console-ssl,drive_0,full,,2000.0,-3.0,0.20822617035974517,11,-63.11725461288394,-54.334178917639385,-93.55519142439094,-68.45214359038833,-109.44083138865903,-77.3338317385826,-116.84321628477635
nlsbuss_mike,Waves,SSL 4000 G+ console buss,console-ssl,drive_0,full,,250.0,-12.0,0.03850621049720744,96,-78.00036135131938,-68.89346283870508,-120.52683037279294,-85.1467733787063,-132.55608636327702,-94.58388462750537,-134.051096693762
nlsbuss_mike,Waves,SSL 4000 G+ console buss,console-ssl,drive_0,full,,250.0,-3.0,0.09551843426835449,96,-69.81296749908378,-61.067777013618844,-103.85167714852459,-76.34235102320703,-120.33620981012652,-85.70003461036393,-133.48768172226556
nlsbuss_mike,Waves,SSL 4000 G+ console buss,console-ssl,drive_0,full,,2500.0,-12.0,0.10545813322889697,9,-69.5026110756997,-60.141461225943814,-106.70135057616827,-75.4342235312854,-121.74509880165424,-84.66175192251625,-120.66435599643353
nlsbuss_mike,Waves,SSL 4000 G+ console buss,console-ssl,drive_0,full,,2500.0,-3.0,0.24397976244604716,9,-61.76041267571267,-52.963371421374745,-91.32154403871448,-66.88147543061616,-107.1416470788869,-75.89348824469982,-118.02429483117277
nlsbuss_mike,Waves,SSL 4000 G+ console buss,console-ssl,drive_0,full,,31.5,-12.0,0.08071269055801125,762,-70.47043898760421,-62.606643380282605,-111.61915394522194,-79.29997235045971,-131.08407494557707,-88.98554966911766,-140.4212206778125
nlsbuss_mike,Waves,SSL 4000 G+ console buss,console-ssl,drive_0,full,,31.5,-3.0,0.19288173269524872,762,-62.50900952165743,-55.140708861419505,-95.49626644649992,-70.57600509399761,-112.64210426299226,-80.07456680844398,-123.52246301681745
nlsbuss_mike,Waves,SSL 4000 G+ console buss,console-ssl,drive_0,full,,315.0,-12.0,0.04060197046454164,76,-77.54419154728454,-68.43349224742636,-119.55525367221163,-84.64984573480741,-136.59759871577162,-94.12574409099328,-145.10794739315148
nlsbuss_mike,Waves,SSL 4000 G+ console buss,console-ssl,drive_0,full,,315.0,-3.0,0.10039041673576404,76,-69.37963834222204,-60.63765263012557,-103.14486890475635,-75.85683923725048,-120.13682539600809,-85.20953915525824,-130.94958308358477
nlsbuss_mike,Waves,SSL 4000 G+ console buss,console-ssl,drive_0,full,,3150.0,-12.0,0.1305827578699407,7,-67.68237349501592,-58.28081650179237,-104.10355947904793,-73.52925410840538,-119.46477224008206,-83.36690157714499,
nlsbuss_mike,Waves,SSL 4000 G+ console buss,console-ssl,drive_0,full,,3150.0,-3.0,0.2965580728161262,7,-60.056445629944186,-51.27325816031685,-88.80130487958645,-65.05170956620685,-105.02294171402795,-74.57695795738621,
nlsbuss_mike,Waves,SSL 4000 G+ console buss,console-ssl,drive_0,full,,40.0,-12.0,0.07213355720683186,595,-71.81378750690014,-63.53215268152624,-112.78529209675364,-80.00869831410151,-132.16334003994743,-89.62201848677782,-138.20128735523883
nlsbuss_mike,Waves,SSL 4000 G+ console buss,console-ssl,drive_0,full,,40.0,-3.0,0.17282823409167564,595,-63.84031828950663,-56.036311750425796,-96.56710831115349,-71.29076502015234,-113.64443605449728,-80.72797115027308,-123.83409093080282
nlsbuss_mike,Waves,SSL 4000 G+ console buss,console-ssl,drive_0,full,,400.0,-12.0,0.0437807788758446,60,-76.89448074905062,-67.77947701599217,-118.5489331386615,-83.9485212777173,-135.5724704037926,-93.39564626787272,-144.11574145279428
nlsbuss_mike,Waves,SSL 4000 G+ console buss,console-ssl,drive_0,full,,400.0,-3.0,0.1077436953031969,60,-68.76026665243296,-60.027029859732785,-102.20271894358893,-75.1691382192004,-119.11751803797196,-84.4840212293088,-129.96593303197207
nlsbuss_mike,Waves,SSL 4000 G+ console buss,console-ssl,drive_0,full,,4000.0,-12.0,0.16758292906141398,6,-65.50406224591245,-56.094669624576255,-101.03081685940778,-71.60984334369584,-130.5449443693319,,
nlsbuss_mike,Waves,SSL 4000 G+ console buss,console-ssl,drive_0,full,,4000.0,-3.0,0.3710432527277193,6,-58.031746725847,-49.31130322665276,-85.9408036926517,-63.25199053075713,-103.75455771097808,,
nlsbuss_mike,Waves,SSL 4000 G+ console buss,console-ssl,drive_0,full,,50.0,-12.0,0.06336950928172783,481,-73.16936320279484,-64.6273949569934,-114.31540054967002,-81.00473097202674,-132.64994866606872,-90.59143201958352,-143.74024820642387
nlsbuss_mike,Waves,SSL 4000 G+ console buss,console-ssl,drive_0,full,,50.0,-3.0,0.15280142485775128,481,-65.15758494648412,-57.06923855759576,-97.98480812149678,-72.2744025981217,-114.95582888246263,-81.69474040746769,-126.01358742955267
nlsbuss_mike,Waves,SSL 4000 G+ console buss,console-ssl,drive_0,full,,500.0,-12.0,0.04750526337903262,47,-76.19389891197544,-67.0709074466765,-117.09481680002449,-83.19653310639806,-132.3614498449684,-92.47475046794082,-127.1964271644432
nlsbuss_mike,Waves,SSL 4000 G+ console buss,console-ssl,drive_0,full,,500.0,-3.0,0.11629708536342716,47,-68.09167798755828,-59.36734088617022,-101.14317874293468,-74.42448399776184,-119.54920699999532,-83.64519844132174,-122.79928416188557
nlsbuss_mike,Waves,SSL 4000 G+ console buss,console-ssl,drive_0,full,,5000.0,-12.0,0.2116417424828926,4,-63.281675502925594,-53.96921096087229,-99.41922895186296,,,,
nlsbuss_mike,Waves,SSL 4000 G+ console buss,console-ssl,drive_0,full,,5000.0,-3.0,0.4534789064499772,4,-55.99234024931736,-47.436754620496664,-83.62982833830502,,,,
nlsbuss_mike,Waves,SSL 4000 G+ console buss,console-ssl,drive_0,full,,63.0,-12.0,0.05435511772502679,381,-74.68273455871996,-65.93747180397814,-116.12460740303214,-82.26362506810715,-134.18406474781438,-91.8262238617734,-144.9476209768812
nlsbuss_mike,Waves,SSL 4000 G+ console buss,console-ssl,drive_0,full,,63.0,-3.0,0.1322062473466588,381,-66.61802708066398,-58.296755659304,-99.73890967105804,-73.51098130288382,-116.74401449697936,-82.9230480312704,-127.75302047526951
nlsbuss_mike,Waves,SSL 4000 G+ console buss,console-ssl,drive_0,full,,630.0,-12.0,0.05184778403668971,38,-75.44582908136417,-66.31186379657264,-116.85747785410385,-82.34968548124837,-135.80380491068303,-91.70841199848917,-143.33414207831657
nlsbuss_mike,Waves,SSL 4000 G+ console buss,console-ssl,drive_0,full,,630.0,-3.0,0.12621589933702115,38,-67.37836449987016,-58.660713173671596,-100.17854194320884,-73.60383276182293,-117.16357338515837,-82.81150754094833,-128.0597106352373
nlsbuss_mike,Waves,SSL 4000 G+ console buss,console-ssl,drive_0,full,,6300.0,-12.0,0.2657673923705234,3,-61.00164298081941,-52.0278767447785,,,,,
nlsbuss_mike,Waves,SSL 4000 G+ console buss,console-ssl,drive_0,full,,6300.0,-3.0,0.5517787168580426,3,-53.908992321707274,-45.78715351166749,,,,,
nlsbuss_mike,Waves,SSL 4000 G+ console buss,console-ssl,drive_0,full,,80.0,-12.0,0.04717362901872532,300,-76.03887737734344,-67.15288251915234,-117.73726424885864,-83.45468929283882,-136.77541943282012,-93.00922169214724,-140.622665526711
nlsbuss_mike,Waves,SSL 4000 G+ console buss,console-ssl,drive_0,full,,80.0,-3.0,0.11569649399114365,300,-67.9216769849265,-59.43397294183458,-101.38557245707985,-74.68257591859192,-118.7148260674077,-84.09783619296945,-128.93709125454907
nlsbuss_mike,Waves,SSL 4000 G+ console buss,console-ssl,drive_0,full,,800.0,-12.0,0.05679130051636285,30,-74.67226340773264,-65.52149941951703,-115.68689017995678,-81.46594320157911,-134.70294839257744,-90.76127088382049,-142.50100167521856
nlsbuss_mike,Waves,SSL 4000 G+ console buss,console-ssl,drive_0,full,,800.0,-3.0,0.13741766862321653,30,-66.64338812866029,-57.926556813274466,-99.0487003310023,-72.73969875181285,-115.92397388111009,-81.87398879116047,-126.73598266674512
nlsbuss_mike,Waves,SSL 4000 G+ console buss,console-ssl,drive_0,full,,8000.0,-12.0,0.11376434087826587,2,-58.87987690058609,,,,,,
nlsbuss_mike,Waves,SSL 4000 G+ console buss,console-ssl,drive_0,full,,8000.0,-3.0,0.25098625047505574,2,-52.00700138761988,,,,,,
nlsbuss_mike,Waves,SSL 4000 G+ console buss,console-ssl,drive_12,full,,100.0,-12.0,1.524447720661612,239,-45.64182287362722,-37.01908089684724,-79.8474078732027,-52.37179391503708,-97.04486352664448,-61.79294924577274,-108.17586892062828
nlsbuss_mike,Waves,SSL 4000 G+ console buss,console-ssl,drive_12,full,,100.0,-3.0,25.21133887153016,239,-37.51925842650677,-12.473181533977627,-38.11475617288954,-21.90184305001476,-44.13969138988115,-38.15598763680089,-56.88394235205871
nlsbuss_mike,Waves,SSL 4000 G+ console buss,console-ssl,drive_12,full,,1000.0,-12.0,1.082600150102011,24,-45.93470342945241,-40.56188033967385,-74.94926175613136,-54.58988531329218,-68.56769916618363,-67.68319239106225,-76.63031934814077
nlsbuss_mike,Waves,SSL 4000 G+ console buss,console-ssl,drive_12,full,,1000.0,-3.0,30.094114904675628,24,-33.97640401231994,-11.081200185278687,-38.93664712524967,-19.482640631171005,-44.74558440025429,-31.127897915565296,-52.10193883652933
nlsbuss_mike,Waves,SSL 4000 G+ console buss,console-ssl,drive_12,full,,10000.0,-12.0,2.2123238698308683,2,-33.103025896493094,,,,,,
nlsbuss_mike,Waves,SSL 4000 G+ console buss,console-ssl,drive_12,full,,10000.0,-3.0,5.920404919650178,2,-24.55297178325828,,,,,,
nlsbuss_mike,Waves,SSL 4000 G+ console buss,console-ssl,drive_12,full,,125.0,-12.0,1.5868437564321594,191,-45.33803460103593,-36.66566499242816,-79.44634451491314,-51.99052279547086,-96.79767528526901,-61.399965938291345,-107.54279339590855
nlsbuss_mike,Waves,SSL 4000 G+ console buss,console-ssl,drive_12,full,,125.0,-3.0,27.010965526453948,191,-36.62676819244901,-11.938898780569009,-37.62319856360891,-20.86716607432113,-43.32178301817243,-34.67809179867918,-56.68575292659324
nlsbuss_mike,Waves,SSL 4000 G+ console buss,console-ssl,drive_12,full,,1250.0,-12.0,1.0295801959843245,19,-49.37000397367146,-40.393012148189186,-84.66358984300795,-55.600715921073544,-99.21601864703536,-64.7216861076767,-109.00489425832521
nlsbuss_mike,Waves,SSL 4000 G+ console buss,console-ssl,drive_12,full,,1250.0,-3.0,29.91472361712071,19,-34.4504306797183,-11.120398448195017,-39.59255320810658,-19.59395432764169,-44.443329534800085,-31.340760246959537,-50.4634614474145
nlsbuss_mike,Waves,SSL 4000 G+ console buss,console-ssl,drive_12,full,,160.0,-12.0,1.6183123597498268,150,-45.19812199074734,-36.49163543037198,-79.27437704535436,-51.800030509114976,-96.43465254361816,-61.20188577094386,-107.41908919722464
nlsbuss_mike,Waves,SSL 4000 G+ console buss,console-ssl,drive_12,full,,160.0,-3.0,28.349789646927082,150,-35.69417504703083,-11.564575465893865,-37.26828164882101,-20.185324640470036,-42.90657209024799,-32.767828761831716,-56.81434558396582
nlsbuss_mike,Waves,SSL 4000 G+ console buss,console-ssl,drive_12,full,,1600.0,-12.0,1.0701995510997808,14,-49.132230880593006,-40.04892953518949,-84.4036775432216,-55.146652069837145,-101.67749793344458,-64.19841871436702,-111.80048816641437
nlsbuss_mike,Waves,SSL 4000 G+ console buss,console-ssl,drive_12,full,,1600.0,-3.0,29.587739903030272,14,-35.44332283215274,-11.19689049667455,-40.34450698169276,-19.78222190889104,-43.67532294590959,-31.653994073419078,-48.857759305223844
nlsbuss_mike,Waves,SSL 4000 G+ console buss,console-ssl,drive_12,full,,200.0,-12.0,1.6118502779403687,120,-45.254605218641075,-36.52368585274868,-79.36753570347382,-51.82936132440421,-96.33242513239364,-61.21913326674683,-107.81552639588435
nlsbuss_mike,Waves,SSL 4000 G+ console buss,console-ssl,drive_12,full,,200.0,-3.0,29.164275261596377,120,-35.01468431617457,-11.344619477987557,-37.07633984381908,-19.80594250057274,-42.81233330121607,-31.804487718264568,-57.7601991543655
nlsbuss_mike,Waves,SSL 4000 G+ console buss,console-ssl,drive_12,full,,2000.0,-12.0,1.1677936995324836,11,-48.425929111010724,-39.28923940432591,-83.30983929750334,-54.25658145782697,-100.15533265175519,-63.30515766765043,-111.45917726029171
nlsbuss_mike,Waves,SSL 4000 G+ console buss,console-ssl,drive_12,full,,2000.0,-3.0,29.123038339731675,11,-37.093347254194946,-11.31346058952144,-40.767573286891015,-20.028460757896582,-42.50640112800082,-32.03464350360993,-47.530191258620825
nlsbuss_mike,Waves,SSL 4000 G+ console buss,console-ssl,drive_12,full,,250.0,-12.0,1.600486936509429,96,-43.965138128500826,-36.80453111383537,-70.15718433425678,-52.00648230924193,-75.09630853072642,-60.72278157656485,-74.16768530537755
nlsbuss_mike,Waves,SSL 4000 G+ console buss,console-ssl,drive_12,full,,250.0,-3.0,29.68477669155074,96,-34.52003270708035,-11.206391225300882,-36.99900404308642,-19.578216876855944,-42.92272252818866,-31.26336611919992,-59.52954816616951
nlsbuss_mike,Waves,SSL 4000 G+ console buss,console-ssl,drive_12,full,,2500.0,-12.0,1.3416502681568232,9,-47.26470143596469,-38.08264426272882,-81.50961657100316,-52.918131922727284,-98.55925742160852,-62.12260990449514,-109.25713660148676
nlsbuss_mike,Waves,SSL 4000 G+ console buss,console-ssl,drive_12,full,,2500.0,-3.0,28.458290992088866,9,-40.13493274262777,-11.491871867534801,-40.247763044633544,-20.355230941106292,-40.95424037909478,-32.58372783922972,-46.50710769033611
nlsbuss_mike,Waves,SSL 4000 G+ console buss,console-ssl,drive_12,full,,31.5,-12.0,0.6335656512133834,762,-52.440933953184626,-44.74235711260121,-89.94188825683676,-60.98533446357604,-107.87194607944436,-70.62803021313255,-118.46471316360619
nlsbuss_mike,Waves,SSL 4000 G+ console buss,console-ssl,drive_12,full,,31.5,-3.0,3.557733799967912,762,-31.916531470591,-33.14729228999611,-48.77621903878512,-39.34509580372043,-60.846325393697036,-52.70861245795983,-56.27496509891613
nlsbuss_mike,Waves,SSL 4000 G+ console buss,console-ssl,drive_12,full,,315.0,-12.0,1.6432387616926567,76,-40.7242026605424,-37.54401613573712,-61.41390176326054,-51.82473017681679,-62.33450357194528,-59.94146101891991,-63.38630280136216
nlsbuss_mike,Waves,SSL 4000 G+ console buss,console-ssl,drive_12,full,,315.0,-3.0,30.013454754232896,76,-34.15478864338159,-11.119553312908728,-37.03224888406786,-19.44140841358033,-43.2083522162496,-30.96091802708141,-61.814210901395725
nlsbuss_mike,Waves,SSL 4000 G+ console buss,console-ssl,drive_12,full,,3150.0,-12.0,1.6325582134183452,7,-45.58605021154805,-36.3755413243383,-79.05112244493696,-51.146334004025,-96.27679206973541,-60.85983629798382,
nlsbuss_mike,Waves,SSL 4000 G+ console buss,console-ssl,drive_12,full,,3150.0,-3.0,27.547427041435128,7,-45.63870835781697,-11.750623533838908,-38.22831908058125,-20.805122263956193,-39.28529667469253,-33.39243475131253,
nlsbuss_mike,Waves,SSL 4000 G+ console buss,console-ssl,drive_12,full,,40.0,-12.0,0.8904945661992383,595,-49.798245355162706,-41.74638035585392,-85.78653083578328,-57.601704427990406,-103.27439411294222,-67.15313018858986,-114.12193502995021
nlsbuss_mike,Waves,SSL 4000 G+ console buss,console-ssl,drive_12,full,,40.0,-3.0,8.99931895966373,595,-35.55403591738361,-21.204395173941553,-46.3018974375888,-45.91111623129666,-52.6877366972289,-37.363109786796436,-53.62505768835054
nlsbuss_mike,Waves,SSL 4000 G+ console buss,console-ssl,drive_12,full,,400.0,-12.0,1.6355781301243892,60,-39.333751146904056,-38.54165256446616,-60.020078251911386,-51.58232556848239,-58.297760372313135,-60.569647233801966,-61.38454258498699
nlsbuss_mike,Waves,SSL 4000 G+ console buss,console-ssl,drive_12,full,,400.0,-3.0,30.191848969427607,60,-33.90014071226037,-11.071792981328327,-37.19109913977324,-19.37218343445749,-43.6305528182326,-30.82659748895751,-62.14491762557424
nlsbuss_mike,Waves,SSL 4000 G+ console buss,console-ssl,drive_12,full,,4000.0,-12.0,2.0926646906658566,6,-43.39957223620095,-34.199544391838,-76.02390257274703,-49.223946189438195,-93.6744761358286,,
nlsbuss_mike,Waves,SSL 4000 G+ console buss,console-ssl,drive_12,full,,4000.0,-3.0,26.35097564381428,6,-41.249097615666976,-12.08753471026153,-35.44146164259303,-21.497523701837565,-38.05495931144081,,
nlsbuss_mike,Waves,SSL 4000 G+ console buss,console-ssl,drive_12,full,,50.0,-12.0,1.0968773299334533,481,-48.17979899992451,-39.913766872514046,-83.33190467710179,-55.55176097769761,-100.76668928077854,-65.04943692640778,-111.91548118843075
nlsbuss_mike,Waves,SSL 4000 G+ console buss,console-ssl,drive_12,full,,50.0,-3.0,14.103034695605796,481,-36.89074516788773,-17.19615479356732,-42.23662974997191,-34.97845787343641,-56.455224398335126,-36.50449292591474,-49.99509215316739
nlsbuss_mike,Waves,SSL 4000 G+ console buss,console-ssl,drive_12,full,,500.0,-12.0,1.5484532349038813,47,-39.3448940297106,-39.47332050810841,-61.774334608996895,-51.626090573474,-57.18559028027778,-62.524215445169496,-62.339464388293344
nlsbuss_mike,Waves,SSL 4000 G+ console buss,console-ssl,drive_12,full,,500.0,-3.0,30.25815343425523,47,-33.75214585764318,-11.052533460138719,-37.45768112008283,-19.353130621014387,-44.07295516547261,-30.807203271578793,-59.55551315861278
nlsbuss_mike,Waves,SSL 4000 G+ console buss,console-ssl,drive_12,full,,5000.0,-12.0,2.684264965681142,4,-41.02687456405484,-31.92778527483883,-73.15274305135799,,,,
nlsbuss_mike,Waves,SSL 4000 G+ console buss,console-ssl,drive_12,full,,5000.0,-3.0,24.021193528473678,4,-34.49811438029012,-12.453026897366827,-33.00035074122333,,,,
nlsbuss_mike,Waves,SSL 4000 G+ console buss,console-ssl,drive_12,full,,63.0,-12.0,1.2838538197691303,381,-46.96331500800931,-38.52985117528296,-81.58796208261683,-54.0186036496348,-98.92837717555899,-63.47871798315581,-110.06145218871275
nlsbuss_mike,Waves,SSL 4000 G+ console buss,console-ssl,drive_12,full,,63.0,-3.0,18.869064564672367,381,-37.86916276515246,-14.769586383996131,-40.061164102819504,-27.13184771857769,-49.24903583718702,-43.66329561564244,-52.292453107289546
nlsbuss_mike,Waves,SSL 4000 G+ console buss,console-ssl,drive_12,full,,630.0,-12.0,1.3951662429158955,38,-40.4177569707297,-40.209580907791,-66.40215867991293,-52.061592059994354,-57.89101388261269,-67.51616462844778,-65.54256049270768
nlsbuss_mike,Waves,SSL 4000 G+ console buss,console-ssl,drive_12,full,,630.0,-3.0,30.25731685163088,38,-33.691361222494415,-11.049529807132693,-37.84762421567567,-19.367190941817924,-44.47906686982694,-30.85966375000268,-56.558445076441785
nlsbuss_mike,Waves,SSL 4000 G+ console buss,console-ssl,drive_12,full,,6300.0,-12.0,3.5142005285094173,3,-38.35571223070182,-29.62998039005827,,,,,
nlsbuss_mike,Waves,SSL 4000 G+ console buss,console-ssl,drive_12,full,,6300.0,-3.0,22.727931237713964,3,-29.752594594501662,-12.958729601776206,,,,,
nlsbuss_mike,Waves,SSL 4000 G+ console buss,console-ssl,drive_12,full,,80.0,-12.0,1.4260990180014972,300,-46.15404384396087,-37.60574821728167,-80.49959647962822,-53.00727419779025,-97.80048954703751,-62.44489099291515,-108.57098773832546
nlsbuss_mike,Waves,SSL 4000 G+ console buss,console-ssl,drive_12,full,,80.0,-3.0,22.589205888976547,300,-38.097385046466655,-13.331885115776675,-38.85644560467209,-23.69938541989577,-45.76553844448881,-48.20198289314852,-55.66209822877961
nlsbuss_mike,Waves,SSL 4000 G+ console buss,console-ssl,drive_12,full,,800.0,-12.0,1.2148374465840328,30,-42.6712648532455,-40.57004110625258,-72.64476436286076,-53.09192844159695,-61.08830998555473,-89.68737957869637,-70.79038899212034
nlsbuss_mike,Waves,SSL 4000 G+ console buss,console-ssl,drive_12,full,,800.0,-3.0,30.200526140485323,30,-33.75270200378105,-11.059512460410312,-38.36338090601292,-19.411467421025527,-44.73884104668687,-30.9723025260751,-54.019044395436595
nlsbuss_mike,Waves,SSL 4000 G+ console buss,console-ssl,drive_12,full,,8000.0,-12.0,1.6723604640657996,2,-35.533402161358765,,,,,,
nlsbuss_mike,Waves,SSL 4000 G+ console buss,console-ssl,drive_12,full,,8000.0,-3.0,4.471003861793697,2,-26.991899100268668,,,,,,
nlsbuss_mike,Waves,SSL 4000 G+ console buss,console-ssl,drive_3,curve,,100.0,-12.0,0.09101584586167925,239,-70.39426843035076,-61.43804123284575,-111.97735893406188,-77.68490116502662,-129.75890915972843,-87.2107512089789,-140.08770206265206
nlsbuss_mike,Waves,SSL 4000 G+ console buss,console-ssl,drive_3,curve,,1000.0,-12.0,0.11869790518674464,24,-68.28848068184432,-59.11950980889786,-108.5677443923143,-74.94985980689529,-122.26141425695678,-84.13811950855099,-126.57153264022662
nlsbuss_mike,Waves,SSL 4000 G+ console buss,console-ssl,drive_3,curve,,10000.0,-12.0,0.2657441674393282,2,-51.51072517215823,,,,,,
nlsbuss_mike,Waves,SSL 4000 G+ console buss,console-ssl,drive_3,curve,,125.0,-12.0,0.08551883820321317,191,-70.9860246861428,-61.97307921319248,-112.75072287542407,-78.21422682883562,-131.08802293192932,-87.73097271265678,-137.2474802897845
nlsbuss_mike,Waves,SSL 4000 G+ console buss,console-ssl,drive_3,curve,,1250.0,-12.0,0.12957379487054776,19,-67.5622516285807,-58.357512651104095,-107.22763533700467,-74.06796551121576,-123.0726464460377,-83.20808283024326,-125.13261208557468
nlsbuss_mike,Waves,SSL 4000 G+ console buss,console-ssl,drive_3,curve,,160.0,-12.0,0.08222554884972602,150,-71.36239810221403,-62.31009969917249,-113.21636360729775,-78.54339255845426,-131.1015524504825,-88.05519717272503,-141.1617024194442
nlsbuss_mike,Waves,SSL 4000 G+ console buss,console-ssl,drive_3,curve,,1600.0,-12.0,0.14604312845691472,14,-66.57319263073704,-57.31698959802925,-105.61542599417335,-72.8784585278367,-121.6648121053924,-81.97741899678265,-128.36304472214374
nlsbuss_mike,Waves,SSL 4000 G+ console buss,console-ssl,drive_3,curve,,200.0,-12.0,0.08138008688045503,120,-71.47353197335985,-62.39761920034627,-113.46190831324598,-78.62065057105305,-129.95015348716316,-88.1078136934221,-136.91390073405603
nlsbuss_mike,Waves,SSL 4000 G+ console buss,console-ssl,drive_3,curve,,2000.0,-12.0,0.16761444150399407,11,-65.42382360992411,-56.119322792372884,-104.18390659196307,-71.54004768101541,-120.0743197513249,-80.63550803347951,-123.30422445127033
nlsbuss_mike,Waves,SSL 4000 G+ console buss,console-ssl,drive_3,curve,,250.0,-12.0,0.08239075589135056,96,-71.37945655441675,-62.289340487959535,-113.34048065138094,-78.49499594603657,-129.08420335168117,-87.96037993523356,-135.5568369821297
nlsbuss_mike,Waves,SSL 4000 G+ console buss,console-ssl,drive_3,curve,,2500.0,-12.0,0.1990614454130966,9,-63.98190535283252,-54.62344464751772,-101.45900125280163,-69.9185006638366,-118.38509108334081,-79.16938669639347,-121.39326138713164
nlsbuss_mike,Waves,SSL 4000 G+ console buss,console-ssl,drive_3,curve,,31.5,-12.0,0.14413086331201477,762,-65.42964330181059,-57.571488268758266,-106.48765042098758,-74.24554802359992,-124.87883670773847,-83.9393813869973,-137.28823254283049
nlsbuss_mike,Waves,SSL 4000 G+ console buss,console-ssl,drive_3,curve,,315.0,-12.0,0.08521409830527374,76,-71.09493703460083,-61.996498793058414,-112.70143081861123,-78.17155181846653,-130.27301856001836,-87.63910158119086,-140.05289718532663
nlsbuss_mike,Waves,SSL 4000 G+ console buss,console-ssl,drive_3,curve,,3150.0,-12.0,0.24699032444950647,7,-62.143534292401824,-52.74525754519536,-98.78326723479184,-67.99613305282584,-116.5283990829079,-77.80753005361856,
nlsbuss_mike,Waves,SSL 4000 G+ console buss,console-ssl,drive_3,curve,,40.0,-12.0,0.13623597530298456,595,-66.28353797571144,-58.01076916287998,-106.96736607044015,-74.45962483173102,-125.59823640349812,-84.07847081823073,-135.58749559224574
nlsbuss_mike,Waves,SSL 4000 G+ console buss,console-ssl,drive_3,curve,,400.0,-12.0,0.08979261384890545,60,-70.6475159551979,-61.54221516149248,-112.00212909890743,-77.67629072360116,-129.51171689807333,-87.11465353019693,-139.1500591976024
nlsbuss_mike,Waves,SSL 4000 G+ console buss,console-ssl,drive_3,curve,,4000.0,-12.0,0.3184005937761582,6,-59.925337868345785,-50.5198579017808,-95.654687113565,-66.04795420864492,-120.39581889867613,,
nlsbuss_mike,Waves,SSL 4000 G+ console buss,console-ssl,drive_3,curve,,50.0,-12.0,0.12479059179360076,481,-67.27296189530293,-58.74368430254199,-108.01278757967248,-75.08543468543952,-126.24538389618793,-84.66911409863457,-137.41420714304388
nlsbuss_mike,Waves,SSL 4000 G+ console buss,console-ssl,drive_3,curve,,500.0,-12.0,0.09535002640343866,47,-70.13535870387541,-61.02093713237349,-111.10403600962391,-77.10925517076019,-130.26788839791786,-86.4619353938657,-127.31771896001207
nlsbuss_mike,Waves,SSL 4000 G+ console buss,console-ssl,drive_3,curve,,5000.0,-12.0,0.40489183595296446,4,-57.65132740219842,-48.33395364713786,-93.37095956327198,,,,
nlsbuss_mike,Waves,SSL 4000 G+ console buss,console-ssl,drive_3,curve,,63.0,-12.0,0.1112406932946384,381,-68.44988708988616,-59.71975293958753,-109.40241349069584,-76.00198748732203,-127.55169747468351,-85.55917980292138,-138.66028456128865
nlsbuss_mike,Waves,SSL 4000 G+ console buss,console-ssl,drive_3,curve,,630.0,-12.0,0.10205489733129769,38,-69.55715803628534,-60.43120930178461,-110.59701242727128,-76.44660966075794,-129.4226236359111,-85.7971595293318,-140.85109143333366
nlsbuss_mike,Waves,SSL 4000 G+ console buss,console-ssl,drive_3,curve,,6300.0,-12.0,0.5137536543515072,3,-55.27645461181393,-46.3028278482671,,,,,
nlsbuss_mike,Waves,SSL 4000 G+ console buss,console-ssl,drive_3,curve,,80.0,-12.0,0.09948882785228451,300,-69.54231813895123,-60.674473129420726,-110.84136203157391,-76.9315876181179,-128.6243577017367,-86.46763325914526,-141.03893212151053
nlsbuss_mike,Waves,SSL 4000 G+ console buss,console-ssl,drive_3,curve,,800.0,-12.0,0.10999629440861496,30,-68.92513415340272,-59.78068754915285,-109.62906655181422,-75.70809842654255,-128.44590138484133,-84.99581181445464,-139.81155030540293
nlsbuss_mike,Waves,SSL 4000 G+ console buss,console-ssl,drive_3,curve,,8000.0,-12.0,0.223069390376774,2,-53.031200391946996,,,,,,
nlsbuss_mike,Waves,SSL 4000 G+ console buss,console-ssl,drive_6,full,,100.0,-12.0,0.20355168627175604,239,-63.38621443985363,-54.450456526942396,-104.35820788858528,-70.64165745455018,-121.66951593077408,-80.15781465753864,-137.63179467731823
nlsbuss_mike,Waves,SSL 4000 G+ console buss,console-ssl,drive_6,full,,100.0,-3.0,0.48810373647131167,239,-55.431462204189465,-46.9352045743766,-87.99403585360926,-61.98066613404451,-104.81142223000744,-71.3445208914784,-116.30352489838096
nlsbuss_mike,Waves,SSL 4000 G+ console buss,console-ssl,drive_6,full,,1000.0,-12.0,0.23966287290872182,24,-62.18142360720195,-53.017184817421246,-102.28536792772202,-68.83225340477303,-118.91658960852526,-78.0420676659996,-127.08454438084078
nlsbuss_mike,Waves,SSL 4000 G+ console buss,console-ssl,drive_6,full,,1000.0,-3.0,2.61312798723765,24,-33.265651535666535,-41.805408731563006,-43.17822947040579,-44.09076544973773,-45.43028807704558,-47.2659959118526,-49.62193227511138
nlsbuss_mike,Waves,SSL 4000 G+ console buss,console-ssl,drive_6,full,,10000.0,-12.0,0.5926008971669834,2,-44.544753907123564,,,,,,
nlsbuss_mike,Waves,SSL 4000 G+ console buss,console-ssl,drive_6,full,,10000.0,-3.0,2.001986057150654,2,-33.97077902987745,,,,,,
nlsbuss_mike,Waves,SSL 4000 G+ console buss,console-ssl,drive_6,full,,125.0,-12.0,0.1944275864760156,191,-63.836241830416334,-54.842609417325534,-104.79290681262965,-71.02677076690193,-123.9720406370597,-80.53399236752902,-131.1914607136521
nlsbuss_mike,Waves,SSL 4000 G+ console buss,console-ssl,drive_6,full,,125.0,-3.0,0.5393378588654693,191,-51.03935729676979,-47.05813998767188,-62.23841641683716,-72.57061980711201,-67.47316573726525,-63.43249675581287,-66.11852461122832
nlsbuss_mike,Waves,SSL 4000 G+ console buss,console-ssl,drive_6,full,,1250.0,-12.0,0.25926876804646903,19,-61.53578686787213,-52.333311930063346,-101.16675466498272,-68.03380477018493,-118.50956471198546,-77.1869907637954,-125.4420321774886
nlsbuss_mike,Waves,SSL 4000 G+ console buss,console-ssl,drive_6,full,,1250.0,-3.0,2.4381746259831067,19,-33.696398745749086,-43.32179744727172,-43.93521114408074,-44.7427988623432,-46.26526196701309,-48.30922056221564,-50.63217591953585
nlsbuss_mike,Waves,SSL 4000 G+ console buss,console-ssl,drive_6,full,,160.0,-12.0,0.18832761635372097,150,-64.14791307139429,-55.115478871899946,-105.30276408887887,-71.29021603355581,-123.36871128692101,-80.79695216552838,-134.1639339264991
nlsbuss_mike,Waves,SSL 4000 G+ console buss,console-ssl,drive_6,full,,160.0,-3.0,1.297545746867169,150,-39.71098626362714,-47.69785945104825,-48.17059514732435,-50.00356072183385,-51.5913854188958,-51.93276002934265,-52.27666359356426
nlsbuss_mike,Waves,SSL 4000 G+ console buss,console-ssl,drive_6,full,,1600.0,-12.0,0.29050831003769234,14,-60.59740053074458,-51.343821983015275,-99.67474019825244,-66.90067813016361,-117.33666868472355,-76.00438332277011,-126.6635094002898
nlsbuss_mike,Waves,SSL 4000 G+ console buss,console-ssl,drive_6,full,,1600.0,-3.0,2.2013501948787733,14,-34.48118777780113,-44.642196181603865,-44.41829254869836,-45.87326784422405,-48.082264118795514,-50.18845773446114,-51.70218015770096
nlsbuss_mike,Waves,SSL 4000 G+ console buss,console-ssl,drive_6,full,,200.0,-12.0,0.18598805805982893,120,-64.27767493786598,-55.221723569621204,-105.61478121874528,-71.38952192256151,-122.674718711404,-80.87479649110173,-137.48352844837225
nlsbuss_mike,Waves,SSL 4000 G+ console buss,console-ssl,drive_6,full,,200.0,-3.0,1.9393386473739682,120,-36.01954907958296,-45.27513126189814,-45.49134474297752,-45.969896045569676,-47.08250350635976,-48.59318540669352,-50.25716190460546
nlsbuss_mike,Waves,SSL 4000 G+ console buss,console-ssl,drive_6,full,,2000.0,-12.0,0.3326960976868122,11,-59.46956413869263,-50.16455593383966,-98.07842154942892,-65.58431464228734,-114.92145982756902,-74.68564011587806,-122.59557481003746
nlsbuss_mike,Waves,SSL 4000 G+ console buss,console-ssl,drive_6,full,,2000.0,-3.0,1.994584434013715,11,-35.41543437007815,-44.09308890121445,-44.70733557427471,-47.769075859152906,-50.77487347642689,-51.856085279005654,-52.17494090132247
nlsbuss_mike,Waves,SSL 4000 G+ console buss,console-ssl,drive_6,full,,250.0,-12.0,0.18645210783488142,96,-64.27036301598203,-55.19876439855379,-105.59751598782128,-71.35220892150544,-122.51570861153172,-80.82223536375693,-136.68008464185215
nlsbuss_mike,Waves,SSL 4000 G+ console buss,console-ssl,drive_6,full,,250.0,-3.0,2.3439899656108305,96,-34.48890686329567,-42.39335437636462,-43.72375315899481,-44.54564628516589,-45.65979258270919,-47.17208225482337,-49.13742983033498
nlsbuss_mike,Waves,SSL 4000 G+ console buss,console-ssl,drive_6,full,,2500.0,-12.0,0.39541177837939223,9,-58.01874853186437,-48.66236329056314,-95.6482684632602,-63.95781472011305,-113.23240331912675,-73.21751771159492,-121.50032549316997
nlsbuss_mike,Waves,SSL 4000 G+ console buss,console-ssl,drive_6,full,,2500.0,-3.0,1.8495785945018977,9,-36.385069972173525,-42.226742356034485,-45.199820810369886,-50.96328951829716,-54.25144686074232,-52.86115688467576,-52.8490950797287
nlsbuss_mike,Waves,SSL 4000 G+ console buss,console-ssl,drive_6,full,,31.5,-12.0,0.24632127649058178,762,-60.769904838592836,-52.917776118391096,-101.70799110947499,-69.57394864389835,-119.63488536835547,-79.27069182457404,-131.91845867257985
nlsbuss_mike,Waves,SSL 4000 G+ console buss,console-ssl,drive_6,full,,31.5,-3.0,0.5936174043260078,762,-52.72107770772454,-45.38282740647822,-85.42592054335657,-60.7486905232156,-102.28874736272934,-70.23712164916566,-113.47077245392848
nlsbuss_mike,Waves,SSL 4000 G+ console buss,console-ssl,drive_6,full,,315.0,-12.0,0.18959409119804693,76,-64.1361454216995,-55.05298583765384,-105.22899625682459,-71.18121167945947,-123.12236791922115,-80.64329044146652,-133.67673734257076
nlsbuss_mike,Waves,SSL 4000 G+ console buss,console-ssl,drive_6,full,,315.0,-3.0,2.58803364396487,76,-33.75876969823074,-40.852103377479025,-42.46457031719072,-43.596298905382795,-44.963720452002775,-46.68364979238976,-48.85067127488412
nlsbuss_mike,Waves,SSL 4000 G+ console buss,console-ssl,drive_6,full,,3150.0,-12.0,0.49258158090374565,7,-56.14557462510301,-46.74954389231697,-92.90549683858958,-62.00120974713711,-111.06873265952086,-71.79368009023318,
nlsbuss_mike,Waves,SSL 4000 G+ console buss,console-ssl,drive_6,full,,3150.0,-3.0,1.8043231435297482,7,-37.140526923271516,-40.05168585605767,-45.9771432476868,-56.4294437606693,-58.00481720397828,-53.50867014605803,
nlsbuss_mike,Waves,SSL 4000 G+ console buss,console-ssl,drive_6,full,,40.0,-12.0,0.25331909481406367,595,-60.88783978101177,-52.62516911945772,-101.29169979308125,-69.04400647130417,-119.34539707907629,-78.66614559807316,-132.25602943128686
nlsbuss_mike,Waves,SSL 4000 G+ console buss,console-ssl,drive_6,full,,40.0,-3.0,0.6047480789480031,595,-52.92030358125124,-45.167694412986954,-85.11494960236385,-60.303289161749916,-101.89853892477058,-69.72097060450169,-113.08504840356414
nlsbuss_mike,Waves,SSL 4000 G+ console buss,console-ssl,drive_6,full,,400.0,-12.0,0.195401838344916,60,-63.883437145693485,-54.790760496827815,-104.83230263653564,-70.88525352064003,-122.67106055133318,-80.31772178926562,-133.03859558039872
nlsbuss_mike,Waves,SSL 4000 G+ console buss,console-ssl,drive_6,full,,400.0,-3.0,2.7247800580656847,60,-33.37055652689736,-40.16521591783107,-41.83399577551528,-43.067498383160995,-44.557339805859954,-46.42358047105655,-48.768916955250376
nlsbuss_mike,Waves,SSL 4000 G+ console buss,console-ssl,drive_6,full,,4000.0,-12.0,0.640324129693405,6,-53.85443488402561,-44.45141307355934,-89.69711102527101,-59.986425157007076,-109.958605129738,,
nlsbuss_mike,Waves,SSL 4000 G+ console buss,console-ssl,drive_6,full,,4000.0,-3.0,1.9125220499671167,6,-37.42579856005448,-37.868498135736324,-46.89760631832827,-65.74166707555253,-60.836328551745346,,
nlsbuss_mike,Waves,SSL 4000 G+ console buss,console-ssl,drive_6,full,,50.0,-12.0,0.2467201038617486,481,-61.34117183477963,-52.82578685179941,-101.66555378578184,-69.12827904747871,-119.85419815820813,-78.70894720509455,-131.04679197006573
nlsbuss_mike,Waves,SSL 4000 G+ console buss,console-ssl,drive_6,full,,50.0,-3.0,0.5873944971569894,481,-53.40623862333316,-45.38703375825744,-85.48884554315892,-60.43245728871764,-102.27335652914746,-69.81923297512864,-113.28859645853017
nlsbuss_mike,Waves,SSL 4000 G+ console buss,console-ssl,drive_6,full,,500.0,-12.0,0.20294213682413523,47,-63.565841873381316,-54.46178837896849,-104.26913423693509,-70.51525888285722,-123.54194846485571,-79.8936921121262,-127.04446031840405
nlsbuss_mike,Waves,SSL 4000 G+ console buss,console-ssl,drive_6,full,,500.0,-3.0,2.7839461802611236,47,-33.15867076085137,-39.97459024533507,-41.66978553751672,-42.929801397208124,-44.454247326814034,-46.36542841064673,-48.768812632265515
nlsbuss_mike,Waves,SSL 4000 G+ console buss,console-ssl,drive_6,full,,5000.0,-12.0,0.8249412949638129,4,-51.47197389496245,-42.15200829645631,-86.9608077386388,,,,
nlsbuss_mike,Waves,SSL 4000 G+ console buss,console-ssl,drive_6,full,,5000.0,-3.0,2.1805775527639946,4,-36.969545418177724,-35.88090604110671,-47.85437423893149,,,,
nlsbuss_mike,Waves,SSL 4000 G+ console buss,console-ssl,drive_6,full,,63.0,-12.0,0.23224582210097028,381,-62.042505655557896,-53.32910275411699,-102.47716899149782,-69.56343106140702,-120.6348676681173,-79.11682968666642,-131.84179644501938
nlsbuss_mike,Waves,SSL 4000 G+ console buss,console-ssl,drive_6,full,,63.0,-3.0,0.5534697632482412,381,-54.113668989592355,-45.8763956794504,-86.28039927942906,-60.89305259754454,-103.0942930976417,-70.26545320022461,-114.11557109453898
nlsbuss_mike,Waves,SSL 4000 G+ console buss,console-ssl,drive_6,full,,630.0,-12.0,0.21263310756917198,38,-63.17379373409444,-54.056852381252526,-103.85159449629526,-70.04732316715553,-122.30670025067096,-79.39202435729572,-134.2724237106201
nlsbuss_mike,Waves,SSL 4000 G+ console buss,console-ssl,drive_6,full,,630.0,-3.0,2.787828508618868,38,-33.0484630880794,-40.13501118922107,-41.847682864561556,-43.089317362501156,-44.59395784052098,-46.484056557728735,-48.86182822780978
nlsbuss_mike,Waves,SSL 4000 G+ console buss,console-ssl,drive_6,full,,6300.0,-12.0,1.0685326088703766,3,-48.91561795113052,-39.942193464706676,,,,,
nlsbuss_mike,Waves,SSL 4000 G+ console buss,console-ssl,drive_6,full,,6300.0,-3.0,2.509663561853414,3,-36.135181846795525,-34.13018257252357,,,,,
nlsbuss_mike,Waves,SSL 4000 G+ console buss,console-ssl,drive_6,full,,80.0,-12.0,0.21644301540791538,300,-62.77503201861104,-53.92648403541518,-103.51547160267651,-70.13105301928859,-120.93561515291469,-79.65926984027914,-136.31663353554524
nlsbuss_mike,Waves,SSL 4000 G+ console buss,console-ssl,drive_6,full,,80.0,-3.0,0.5173536849407827,300,-54.835652280279284,-46.44286007174122,-87.20214391135312,-61.468705239144555,-103.98236310219173,-70.83407431852143,-115.42141189533584
nlsbuss_mike,Waves,SSL 4000 G+ console buss,console-ssl,drive_6,full,,800.0,-12.0,0.22500174051549654,30,-62.70335723331483,-53.56572579882116,-103.12298265395079,-69.47477078454489,-121.52095207517712,-78.75744805388925,-133.4396846053071
nlsbuss_mike,Waves,SSL 4000 G+ console buss,console-ssl,drive_6,full,,800.0,-3.0,2.7294894633519995,30,-33.06914418138164,-40.73755162381072,-42.39923573139222,-43.53009575918171,-44.943591917483886,-46.76435535668256,-49.08547506108293
nlsbuss_mike,Waves,SSL 4000 G+ console buss,console-ssl,drive_6,full,,8000.0,-12.0,0.4784695256943151,2,-46.40291435499503,,,,,,
nlsbuss_mike,Waves,SSL 4000 G+ console buss,console-ssl,drive_6,full,,8000.0,-3.0,2.0289327148002934,2,-33.85464710344818,,,,,,
nlsbuss_mike,Waves,SSL 4000 G+ console buss,console-ssl,drive_9,curve,,100.0,-12.0,0.5285705128128837,239,-54.997531271630734,-46.18388124329037,-92.6268346190841,-62.033794989348216,-110.11399666500792,-71.52099881925716,-122.54098450624303
nlsbuss_mike,Waves,SSL 4000 G+ console buss,console-ssl,drive_9,curve,,1000.0,-12.0,0.4706592436436106,24,-56.25596627274025,-47.1690321699129,-94.16902773349153,-62.76574563267101,-111.97011139187907,-71.96698497055516,-120.61177633842847
nlsbuss_mike,Waves,SSL 4000 G+ console buss,console-ssl,drive_9,curve,,10000.0,-12.0,1.1169603506291366,2,-39.03924486013363,,,,,,
nlsbuss_mike,Waves,SSL 4000 G+ console buss,console-ssl,drive_9,curve,,125.0,-12.0,0.5255040823671883,191,-55.09705821293197,-46.22865946197342,-92.67611865418547,-62.063284703128964,-110.88739719794903,-71.54056134755788,-120.50182696439214
nlsbuss_mike,Waves,SSL 4000 G+ console buss,console-ssl,drive_9,curve,,1250.0,-12.0,0.4907702043875316,19,-55.9326918680793,-46.80414901482823,-93.62462336576019,-62.297635586426814,-110.69234101692959,-71.43866012728891,-123.20725757787997
nlsbuss_mike,Waves,SSL 4000 G+ console buss,console-ssl,drive_9,curve,,160.0,-12.0,0.5203256468550148,150,-55.21764777610834,-46.31066466784816,-92.88439601994071,-62.13398539795641,-110.66979092850588,-71.6072845781136,-121.77127974850775
nlsbuss_mike,Waves,SSL 4000 G+ console buss,console-ssl,drive_9,curve,,1600.0,-12.0,0.5340633445967325,14,-55.2494367684662,-46.06832538060446,-92.477513362887,-61.42453657766089,-110.33072109593397,-70.5114019816594,-119.60593664925139
nlsbuss_mike,Waves,SSL 4000 G+ console buss,console-ssl,drive_9,curve,,200.0,-12.0,0.514023327716827,120,-55.34586278789108,-46.4138943978901,-93.11804211178901,-62.232758103739826,-110.51114506326823,-71.69026661963532,-123.6027311949785
nlsbuss_mike,Waves,SSL 4000 G+ console buss,console-ssl,drive_9,curve,,2000.0,-12.0,0.6006583905454418,11,-54.27841873360107,-45.04629439158117,-91.0571111310312,-60.26539898856768,-107.93156426106444,-69.34829746666858,-118.96431909050754
nlsbuss_mike,Waves,SSL 4000 G+ console buss,console-ssl,drive_9,curve,,250.0,-12.0,0.5060700316020906,96,-55.49842804739435,-46.54740030016123,-93.3308256376612,-62.360969884856566,-110.74642752968634,-71.8060283170136,-123.47172039406163
nlsbuss_mike,Waves,SSL 4000 G+ console buss,console-ssl,drive_9,curve,,2500.0,-12.0,0.7053225313066175,9,-52.929139294435295,-43.649590005748166,-88.90227414361847,-58.73835572119041,-106.37174339649147,-67.97858414606263,-116.21361489168542
nlsbuss_mike,Waves,SSL 4000 G+ console buss,console-ssl,drive_9,curve,,31.5,-12.0,0.3791592391664995,762,-56.975327204488124,-49.1831406339042,-96.40990766545622,-65.67451208805495,-114.34512688489546,-75.35129771219343,-124.91531271093903
nlsbuss_mike,Waves,SSL 4000 G+ console buss,console-ssl,drive_9,curve,,315.0,-12.0,0.4958880851042989,76,-55.6906289356147,-46.722286631063994,-93.53969144235948,-62.52735210745673,-111.28277928552721,-71.95856165397815,-122.23344327915648
nlsbuss_mike,Waves,SSL 4000 G+ console buss,console-ssl,drive_9,curve,,3150.0,-12.0,0.8719470163014689,7,-51.11755749411781,-41.80421889452698,-86.25243295978163,-56.83730399876656,-104.02435669353437,-66.59601585857264,
nlsbuss_mike,Waves,SSL 4000 G+ console buss,console-ssl,drive_9,curve,,40.0,-12.0,0.4529438966392187,595,-55.77435084910914,-47.593085088263614,-94.19328671733439,-63.787741354087714,-111.85568425976805,-73.38813352203915,-123.94304846069639
nlsbuss_mike,Waves,SSL 4000 G+ console buss,console-ssl,drive_9,curve,,400.0,-12.0,0.48409460871171645,60,-55.91546846121248,-46.9298467306358,-93.8438149061044,-62.722595662601854,-111.55532559449588,-72.12581829685766,-122.42610858129767
nlsbuss_mike,Waves,SSL 4000 G+ console buss,console-ssl,drive_9,curve,,4000.0,-12.0,1.1294737138101731,6,-48.84884311274583,-39.53704497992579,-83.09431361390095,-54.83844001318721,-101.62828406983158,,
nlsbuss_mike,Waves,SSL 4000 G+ console buss,console-ssl,drive_9,curve,,50.0,-12.0,0.495683681175007,481,-55.202598225949814,-46.783740133235945,-93.11782303557351,-62.82034060520623,-110.99603223759524,-72.37295215468654,-122.17962729400946
nlsbuss_mike,Waves,SSL 4000 G+ console buss,console-ssl,drive_9,curve,,500.0,-12.0,0.47341845213345335,47,-56.12657293495261,-47.122093671267244,-94.10302459804045,-62.89496548630987,-112.00027262605542,-72.26128617086746,-122.65640068979425
nlsbuss_mike,Waves,SSL 4000 G+ console buss,console-ssl,drive_9,curve,,5000.0,-12.0,1.4559410715111714,4,-46.44889618229822,-37.228155667051254,-80.22324665302328,,,,
nlsbuss_mike,Waves,SSL 4000 G+ console buss,console-ssl,drive_9,curve,,63.0,-12.0,0.5200981064676347,381,-54.95082325756626,-46.34629806523512,-92.61244728306923,-62.279639717688625,-110.45288040643784,-71.80203119509653,-121.68819408406162
nlsbuss_mike,Waves,SSL 4000 G+ console buss,console-ssl,drive_9,curve,,630.0,-12.0,0.4653153130618432,38,-56.29677732660557,-47.270794808672356,-94.36807352331351,-63.00646633763564,-112.24262183565536,-72.32566451791851,-123.66893585851743
nlsbuss_mike,Waves,SSL 4000 G+ console buss,console-ssl,drive_9,curve,,6300.0,-12.0,1.8996994376664489,3,-43.8183421241155,-34.95699697703097,,,,,
nlsbuss_mike,Waves,SSL 4000 G+ console buss,console-ssl,drive_9,curve,,80.0,-12.0,0.5284256935504245,300,-54.926350895117075,-46.194914812463864,-92.54260136538916,-62.07317037257363,-110.15210574321996,-71.57437254279814,-121.74172496225398
nlsbuss_mike,Waves,SSL 4000 G+ console buss,console-ssl,drive_9,curve,,800.0,-12.0,0.46330622321986736,30,-56.36139479212615,-47.3070253649492,-94.41231049234374,-62.983225025607155,-112.26361938398222,-72.24212284552722,-123.66769388947131
nlsbuss_mike,Waves,SSL 4000 G+ console buss,console-ssl,drive_9,curve,,8000.0,-12.0,0.8760501039878855,2,-41.14942108980755,,,,,,
nlsbuss_mike,Waves,SSL 4000 G+ console buss,console-ssl,matched_thd_0.1_pct,full,thd_0.1_pct,100.0,-12.0,0.07401869827740912,239,-72.19405390584686,-63.23266689870223,-113.91193346890249,-79.49299577089037,-131.92415609291123,-89.02256834414578,-139.98045863787362
nlsbuss_mike,Waves,SSL 4000 G+ console buss,console-ssl,matched_thd_0.1_pct,full,thd_0.1_pct,100.0,-3.0,0.18105953261413854,239,-64.09854162396232,-55.5364485363944,-97.44787549957657,-70.73797927296911,-114.57311551833905,-80.13462669234013,-125.53011665869833
nlsbuss_mike,Waves,SSL 4000 G+ console buss,console-ssl,matched_thd_0.1_pct,full,thd_0.1_pct,1000.0,-12.0,0.09943323844676757,24,-69.82766940101604,-60.65753132151453,-110.16174036972225,-76.49246952751139,-122.74044577912144,-85.66928575173529,-126.33426824008333
nlsbuss_mike,Waves,SSL 4000 G+ console buss,console-ssl,matched_thd_0.1_pct,full,thd_0.1_pct,1000.0,-3.0,0.2382223659215914,24,-61.870227548877295,-53.15302952001795,-93.79097947580127,-67.81293501001029,-109.77412912870598,-76.85027113817638,-122.08771057302583
nlsbuss_mike,Waves,SSL 4000 G+ console buss,console-ssl,matched_thd_0.1_pct,full,thd_0.1_pct,10000.0,-12.0,0.2193878582072058,2,-53.17574823345092,,,,,,
nlsbuss_mike,Waves,SSL 4000 G+ console buss,console-ssl,matched_thd_0.1_pct,full,thd_0.1_pct,10000.0,-3.0,0.46718937552590156,2,-46.610140843723904,,,,,,
nlsbuss_mike,Waves,SSL 4000 G+ console buss,console-ssl,matched_thd_0.1_pct,full,thd_0.1_pct,125.0,-12.0,0.06931134705344387,191,-72.81482631489538,-63.79741846247927,-114.81062523075121,-80.05228268025735,-132.58811882897857,-89.57254662585301,-138.0677511250055
nlsbuss_mike,Waves,SSL 4000 G+ console buss,console-ssl,matched_thd_0.1_pct,full,thd_0.1_pct,125.0,-3.0,0.17020681721171074,191,-64.69557277296593,-56.06457644276556,-98.26636311471802,-71.28797808254802,-115.33701498571085,-80.6830028407518,-126.20041555992488
nlsbuss_mike,Waves,SSL 4000 G+ console buss,console-ssl,matched_thd_0.1_pct,full,thd_0.1_pct,1250.0,-12.0,0.1087770918580213,19,-69.08221219991907,-59.87700082028898,-108.72386275486058,-75.59047321510306,-123.86177325258299,-84.72321194777221,-125.03403367122529
nlsbuss_mike,Waves,SSL 4000 G+ console buss,console-ssl,matched_thd_0.1_pct,full,thd_0.1_pct,1250.0,-3.0,0.2589990361404941,19,-61.1651558791796,-52.43011973381347,-92.64358699889227,-66.93558809986172,-109.18118089120497,-75.9061379199055,-117.70338781014891
nlsbuss_mike,Waves,SSL 4000 G+ console buss,console-ssl,matched_thd_0.1_pct,full,thd_0.1_pct,160.0,-12.0,0.06656616930322813,150,-73.2014084531762,-64.14430889745668,-115.22230260184025,-80.3920836645186,-133.02005881829058,-89.905058267949,-142.79962541295433
nlsbuss_mike,Waves,SSL 4000 G+ console buss,console-ssl,matched_thd_0.1_pct,full,thd_0.1_pct,160.0,-3.0,0.16384854582145136,150,-65.06809381915238,-56.389445957762675,-98.73635830893194,-71.62243264793511,-115.81904578103644,-81.01193016725824,-126.70801266288392
nlsbuss_mike,Waves,SSL 4000 G+ console buss,console-ssl,matched_thd_0.1_pct,full,thd_0.1_pct,1600.0,-12.0,0.12277520222910701,14,-68.08120770760976,-58.82430293117189,-107.10523439960679,-74.3870461819109,-122.33222560703412,-83.48254497549516,-128.31655209719403
nlsbuss_mike,Waves,SSL 4000 G+ console buss,console-ssl,matched_thd_0.1_pct,full,thd_0.1_pct,1600.0,-3.0,0.2898291702092227,14,-60.219057026964364,-51.45730520663338,-91.14574356314867,-65.7673392149297,-107.33639143428849,-74.67433467569194,-118.76157461490996
nlsbuss_mike,Waves,SSL 4000 G+ console buss,console-ssl,matched_thd_0.1_pct,full,thd_0.1_pct,200.0,-12.0,0.06596144877833306,120,-73.30221493483941,-64.22133448878964,-115.44261711797833,-80.45784847736321,-131.51294639880624,-89.94429336642236,-136.51361718056614
nlsbuss_mike,Waves,SSL 4000 G+ console buss,console-ssl,matched_thd_0.1_pct,full,thd_0.1_pct,200.0,-3.0,0.16243343486688216,120,-65.16599102756487,-56.46214740870726,-98.85761156891492,-71.68705284141907,-115.84637568801472,-81.06189528254986,-127.65704792451606
nlsbuss_mike,Waves,SSL 4000 G+ console buss,console-ssl,matched_thd_0.1_pct,full,thd_0.1_pct,2000.0,-12.0,0.1409898795767995,11,-66.92597176941266,-57.62184013639412,-105.7250439558079,-73.04255185529219,-121.21315961025493,-82.13492358033888,-123.39747494607082
nlsbuss_mike,Waves,SSL 4000 G+ console buss,console-ssl,matched_thd_0.1_pct,full,thd_0.1_pct,2000.0,-3.0,0.32939863504773115,11,-59.13270684645322,-50.350684053874495,-89.53083869653398,-64.46512604935974,-105.44273349461817,-73.35113124676481,-114.28400876293965
nlsbuss_mike,Waves,SSL 4000 G+ console buss,console-ssl,matched_thd_0.1_pct,full,thd_0.1_pct,250.0,-12.0,0.06699155101191336,96,-73.18043345415192,-64.08572454693122,-115.29755877542988,-80.30443635310489,-130.33048526980502,-89.76539376094111,-135.08857614091826
nlsbuss_mike,Waves,SSL 4000 G+ console buss,console-ssl,matched_thd_0.1_pct,full,thd_0.1_pct,250.0,-3.0,0.16479595926852758,96,-65.05129074770753,-56.336194988934906,-98.67177718802857,-71.53661934914012,-115.47349848629216,-80.8915498677732,-128.11778342610387
nlsbuss_mike,Waves,SSL 4000 G+ console buss,console-ssl,matched_thd_0.1_pct,full,thd_0.1_pct,2500.0,-12.0,0.16743096713856345,9,-65.48553099655999,-56.126435417161346,-102.90339133625139,-71.42105267041902,-119.46710412545403,-80.66760892513786,-121.19452655980892
nlsbuss_mike,Waves,SSL 4000 G+ console buss,console-ssl,matched_thd_0.1_pct,full,thd_0.1_pct,2500.0,-3.0,0.38582750072004024,9,-57.77791184839394,-48.98284237154617,-87.36194540089775,-62.89921575148804,-103.27873251255934,-71.9173495345826,-114.5280194871377
nlsbuss_mike,Waves,SSL 4000 G+ console buss,console-ssl,matched_thd_0.1_pct,full,thd_0.1_pct,31.5,-12.0,0.12397459055171595,762,-66.73926378684152,-58.87968982068669,-107.82079951015525,-75.55836034605895,-126.41181878659484,-85.2502412881836,-138.48116861454056
nlsbuss_mike,Waves,SSL 4000 G+ console buss,console-ssl,matched_thd_0.1_pct,full,thd_0.1_pct,31.5,-3.0,0.29640577933038503,762,-58.76842003227107,-51.41116618248532,-91.6533610865421,-66.82032535823974,-108.63883624454239,-76.31685875687864,-119.8223473051402
nlsbuss_mike,Waves,SSL 4000 G+ console buss,console-ssl,matched_thd_0.1_pct,full,thd_0.1_pct,315.0,-12.0,0.0696287646842826,76,-72.85234709471086,-63.7502938452283,-114.57353788737447,-79.93680846419348,-132.03474996110816,-89.40657829026932,-141.68029652532783
nlsbuss_mike,Waves,SSL 4000 G+ console buss,console-ssl,matched_thd_0.1_pct,full,thd_0.1_pct,315.0,-3.0,0.170855953834337,76,-64.7402326040841,-56.02373225273026,-98.16285385199977,-71.17879958902702,-115.14306176935196,-80.51900455174606,-125.94218552286462
nlsbuss_mike,Waves,SSL 4000 G+ console buss,console-ssl,matched_thd_0.1_pct,full,thd_0.1_pct,3150.0,-12.0,0.20759745590786136,7,-63.653356879736165,-54.25433991303165,-100.24687527088068,-69.50473669831717,-117.58169242981252,-79.3223074849618,
nlsbuss_mike,Waves,SSL 4000 G+ console buss,console-ssl,matched_thd_0.1_pct,full,thd_0.1_pct,3150.0,-3.0,0.46937750435470815,7,-56.0666476582444,-47.28527193353039,-84.83379827641042,-61.062887949237336,-101.03604338851983,-70.58035432020665,
nlsbuss_mike,Waves,SSL 4000 G+ console buss,console-ssl,matched_thd_0.1_pct,full,thd_0.1_pct,40.0,-12.0,0.11518796207376622,595,-67.74315684194903,-59.46800876332819,-108.49662186842366,-75.9241050389887,-127.31737304760728,-85.5417059797463,-136.37193208569255
nlsbuss_mike,Waves,SSL 4000 G+ console buss,console-ssl,matched_thd_0.1_pct,full,thd_0.1_pct,40.0,-3.0,0.2751904048815162,595,-59.785469413556235,-51.9996857660946,-92.31610212360265,-67.21149811593611,-109.28094246636375,-76.64215657749381,-119.96248065140401
nlsbuss_mike,Waves,SSL 4000 G+ console buss,console-ssl,matched_thd_0.1_pct,full,thd_0.1_pct,400.0,-12.0,0.07381587226831701,60,-72.35167674651882,-63.243490907711006,-113.79339268442415,-79.38725041717137,-131.22172544957786,-88.82742258113024,-140.56829387826244
nlsbuss_mike,Waves,SSL 4000 G+ console buss,console-ssl,matched_thd_0.1_pct,full,thd_0.1_pct,400.0,-3.0,0.18044169934009505,60,-64.26448652165415,-55.552127513672446,-97.4379821840988,-70.64151362052428,-114.33658983802522,-79.94559921435982,-125.12680598567499
nlsbuss_mike,Waves,SSL 4000 G+ console buss,console-ssl,matched_thd_0.1_pct,full,thd_0.1_pct,4000.0,-12.0,0.2672154863037787,6,-61.44842853994686,-52.04208326625509,-97.13457082869726,-67.56747485218648,-124.11943822250706,,
nlsbuss_mike,Waves,SSL 4000 G+ console buss,console-ssl,matched_thd_0.1_pct,full,thd_0.1_pct,4000.0,-3.0,0.5885827275184496,6,-54.022407646742536,-45.30374699075055,-81.95524568259412,-59.247300617791566,-99.14933632357118,,
nlsbuss_mike,Waves,SSL 4000 G+ console buss,console-ssl,matched_thd_0.1_pct,full,thd_0.1_pct,50.0,-12.0,0.10418911891559077,481,-68.8429025265937,-60.31025449353719,-109.68547848675455,-76.66159362659397,-127.93117031036513,-86.24581363112685,-139.13572595477743
nlsbuss_mike,Waves,SSL 4000 G+ console buss,console-ssl,matched_thd_0.1_pct,full,thd_0.1_pct,50.0,-3.0,0.24992480811316167,481,-60.86447052087715,-52.80045301866308,-93.42080596471796,-67.94889811741045,-110.31999689756111,-77.3574665670089,-121.36481032171206
nlsbuss_mike,Waves,SSL 4000 G+ console buss,console-ssl,matched_thd_0.1_pct,full,thd_0.1_pct,500.0,-12.0,0.07884193733945762,47,-71.78855483975286,-62.67176597234945,-112.78727021389986,-78.76945222006655,-131.39099260847814,-88.10847829687336,-127.2873637121002
nlsbuss_mike,Waves,SSL 4000 G+ console buss,console-ssl,matched_thd_0.1_pct,full,thd_0.1_pct,500.0,-3.0,0.1918838802257227,47,-63.728706427668975,-55.02117278463935,-96.60672967781986,-70.03396830584083,-114.1808975821621,-79.26986135643043,-120.81361466405782
nlsbuss_mike,Waves,SSL 4000 G+ console buss,console-ssl,matched_thd_0.1_pct,full,thd_0.1_pct,5000.0,-12.0,0.339019914380952,4,-59.19267650307,-49.87633563482891,-95.00076391748985,,,,
nlsbuss_mike,Waves,SSL 4000 G+ console buss,console-ssl,matched_thd_0.1_pct,full,thd_0.1_pct,5000.0,-3.0,0.7218877169052594,4,-51.955261790288844,-43.39835336994167,-79.53571712547415,,,,
nlsbuss_mike,Waves,SSL 4000 G+ console buss,console-ssl,matched_thd_0.1_pct,full,thd_0.1_pct,63.0,-12.0,0.09181874971732129,381,-70.1199052953962,-61.3856586882952,-111.20189565135874,-77.6795113763575,-129.33884986104724,-87.23806796617468,-140.34697261728195
nlsbuss_mike,Waves,SSL 4000 G+ console buss,console-ssl,matched_thd_0.1_pct,full,thd_0.1_pct,63.0,-3.0,0.22175719164541705,381,-62.10195913348866,-53.80995477512319,-94.87703544239751,-68.95461842167944,-111.82170601536724,-78.35304572786353,-122.85094438272267
nlsbuss_mike,Waves,SSL 4000 G+ console buss,console-ssl,matched_thd_0.1_pct,full,thd_0.1_pct,630.0,-12.0,0.08484071264525271,38,-71.16355360548258,-62.03541329904148,-112.29868225643025,-78.05691183953896,-131.27590564630867,-87.40946231434413,-141.76546221839968
nlsbuss_mike,Waves,SSL 4000 G+ console buss,console-ssl,matched_thd_0.1_pct,full,thd_0.1_pct,630.0,-3.0,0.20547816612511793,38,-63.13479873047791,-54.43017602466611,-95.76230431440274,-69.342099240871,-112.6864951413115,-78.54186573023341,-123.70242026957456
nlsbuss_mike,Waves,SSL 4000 G+ console buss,console-ssl,matched_thd_0.1_pct,full,thd_0.1_pct,6300.0,-12.0,0.4286667961194096,3,-56.84919847171876,-47.87552407381184,,,,,
nlsbuss_mike,Waves,SSL 4000 G+ console buss,console-ssl,matched_thd_0.1_pct,full,thd_0.1_pct,6300.0,-3.0,0.8830102725216251,3,-49.824715616768565,-41.70317743340533,,,,,
nlsbuss_mike,Waves,SSL 4000 G+ console buss,console-ssl,matched_thd_0.1_pct,full,thd_0.1_pct,80.0,-12.0,0.08139384993489061,300,-71.28997307989451,-62.41729008621435,-112.71360714352983,-78.68699705155936,-130.73850854339452,-88.22628984785126,-141.06714512371693
nlsbuss_mike,Waves,SSL 4000 G+ console buss,console-ssl,matched_thd_0.1_pct,full,thd_0.1_pct,80.0,-3.0,0.19797483685145048,300,-63.22917719523134,-54.774461295908736,-96.30501815982028,-69.9455476477803,-113.34708829360311,-79.34169608674425,-124.50478230506323
nlsbuss_mike,Waves,SSL 4000 G+ console buss,console-ssl,matched_thd_0.1_pct,full,thd_0.1_pct,800.0,-12.0,0.09185603825594538,30,-70.49193143182418,-61.34579578015525,-111.27755757227379,-77.27780616395852,-130.20002131957366,-86.56743979761457,-140.86782082522296
nlsbuss_mike,Waves,SSL 4000 G+ console buss,console-ssl,matched_thd_0.1_pct,full,thd_0.1_pct,800.0,-3.0,0.22127375012480785,30,-62.49799605761425,-53.79063529416265,-94.77955245493361,-68.58146471055868,-111.58337233792042,-77.70961796295519,-122.54036699006122
nlsbuss_mike,Waves,SSL 4000 G+ console buss,console-ssl,matched_thd_0.1_pct,full,thd_0.1_pct,8000.0,-12.0,0.18521712506893045,2,-54.64637722358894,,,,,,
nlsbuss_mike,Waves,SSL 4000 G+ console buss,console-ssl,matched_thd_0.1_pct,full,thd_0.1_pct,8000.0,-3.0,0.4045011603127657,2,-47.86160456549852,,,,,,
nlsbuss_mike,Waves,SSL 4000 G+ console buss,console-ssl,matched_thd_1_pct,full,thd_1_pct,100.0,-12.0,1.4701568514298922,239,-45.963009724153856,-37.33261668156843,-80.28067256151603,-52.70445249689044,-97.49500136503636,-62.12867141717702,-108.64264338211967
nlsbuss_mike,Waves,SSL 4000 G+ console buss,console-ssl,matched_thd_1_pct,full,thd_1_pct,100.0,-3.0,24.908482455471816,239,-37.33948853736901,-12.552739262301166,-38.08636804566886,-22.21196449435212,-44.45024829651813,-39.961240645674295,-56.61747826934523
nlsbuss_mike,Waves,SSL 4000 G+ console buss,console-ssl,matched_thd_1_pct,full,thd_1_pct,1000.0,-12.0,1.0109813133882057,24,-49.52639219514695,-40.54819672705893,-85.15856758859444,-55.85561989056073,-102.5480413616281,-65.02060934285896,-112.43749944325842
nlsbuss_mike,Waves,SSL 4000 G+ console buss,console-ssl,matched_thd_1_pct,full,thd_1_pct,1000.0,-3.0,29.782448823899824,24,-33.88081776608763,-11.145425046399577,-38.90992993548205,-19.717247248692257,-44.900561447651334,-31.98039651688134,-52.37063695347843
nlsbuss_mike,Waves,SSL 4000 G+ console buss,console-ssl,matched_thd_1_pct,full,thd_1_pct,10000.0,-12.0,2.161700879554253,2,-33.30408801474341,,,,,,
nlsbuss_mike,Waves,SSL 4000 G+ console buss,console-ssl,matched_thd_1_pct,full,thd_1_pct,10000.0,-3.0,6.0619056476610504,2,-24.347816552436413,,,,,,
nlsbuss_mike,Waves,SSL 4000 G+ console buss,console-ssl,matched_thd_1_pct,full,thd_1_pct,125.0,-12.0,1.527015030677105,191,-45.67828543242656,-36.997995998392625,-79.90119003467518,-52.34261797695562,-97.27948542741802,-61.755228952421376,-108.00850681764516
nlsbuss_mike,Waves,SSL 4000 G+ console buss,console-ssl,matched_thd_1_pct,full,thd_1_pct,125.0,-3.0,26.702059882692772,191,-36.45919622088998,-12.01252580205061,-37.59015192337776,-21.143992217567167,-43.59175802113464,-35.91905436577071,-57.130333091512654
nlsbuss_mike,Waves,SSL 4000 G+ console buss,console-ssl,matched_thd_1_pct,full,thd_1_pct,1250.0,-12.0,1.001793093235964,19,-49.65338038895068,-40.62445885222424,-85.25684535342901,-55.8525905700965,-102.26375985152549,-64.9589850577454,-114.08341332666454
nlsbuss_mike,Waves,SSL 4000 G+ console buss,console-ssl,matched_thd_1_pct,full,thd_1_pct,1250.0,-3.0,29.604474996297167,19,-34.360796688152305,-11.184925841615074,-39.55039297763056,-19.83050887328392,-44.53539800307408,-32.20358599583093,-50.72441591750969
nlsbuss_mike,Waves,SSL 4000 G+ console buss,console-ssl,matched_thd_1_pct,full,thd_1_pct,160.0,-12.0,1.554941507970336,150,-45.552676209491565,-36.83695760574706,-79.75953538798332,-52.16544205009615,-96.97115697792496,-61.57057799640525,-107.99878084865357
nlsbuss_mike,Waves,SSL 4000 G+ console buss,console-ssl,matched_thd_1_pct,full,thd_1_pct,160.0,-3.0,28.03548698099824,150,-35.541795282737525,-11.634812678784133,-37.234626001533385,-20.442289143302418,-43.158465987925084,-33.78614995354434,-57.756259948225306
nlsbuss_mike,Waves,SSL 4000 G+ console buss,console-ssl,matched_thd_1_pct,full,thd_1_pct,1600.0,-12.0,1.0435745604882403,14,-49.35446685000747,-40.26701049247515,-84.69855013286575,-55.37455283810353,-102.00672539966394,-64.42780151924873,-112.10759487059786
nlsbuss_mike,Waves,SSL 4000 G+ console buss,console-ssl,matched_thd_1_pct,full,thd_1_pct,1600.0,-3.0,29.279001411852647,14,-35.35957150702962,-11.262260092607665,-40.2658516060334,-20.02195296576007,-43.70120309822673,-32.53066793630006,-49.13805440211771
nlsbuss_mike,Waves,SSL 4000 G+ console buss,console-ssl,matched_thd_1_pct,full,thd_1_pct,200.0,-12.0,1.54780642989318,120,-45.61444101358116,-36.87419565715875,-79.86116260073425,-52.2000105684241,-96.87552426107135,-61.59295931400998,-108.44186382611126
nlsbuss_mike,Waves,SSL 4000 G+ console buss,console-ssl,matched_thd_1_pct,full,thd_1_pct,200.0,-3.0,28.846370406600396,120,-34.87300305824898,-11.413185307272169,-37.043899459961494,-20.052452681187592,-43.06027560503704,-32.727800143398255,-59.18588758785588
nlsbuss_mike,Waves,SSL 4000 G+ console buss,console-ssl,matched_thd_1_pct,full,thd_1_pct,2000.0,-12.0,1.1401742601006735,11,-48.63693734782949,-39.496437278863496,-83.58738562001497,-54.47320570722887,-100.44092343601295,-63.52320957511324,-111.77888684877558
nlsbuss_mike,Waves,SSL 4000 G+ console buss,console-ssl,matched_thd_1_pct,full,thd_1_pct,2000.0,-3.0,28.816750185922462,11,-37.011004123873775,-11.379966949044938,-40.63122876918473,-20.271578404219927,-42.49451091022606,-32.92486098486013,-47.84531164296885
nlsbuss_mike,Waves,SSL 4000 G+ console buss,console-ssl,matched_thd_1_pct,full,thd_1_pct,250.0,-12.0,1.509237296821983,96,-45.85386974553812,-37.090628146321684,-80.19236745078238,-52.42166850476582,-97.20848058779049,-61.804081040505345,-108.65513104116296
nlsbuss_mike,Waves,SSL 4000 G+ console buss,console-ssl,matched_thd_1_pct,full,thd_1_pct,250.0,-3.0,29.36482280698559,96,-34.38614735491706,-11.273938041612912,-36.968627091615815,-19.818502270326714,-43.17330905567857,-32.13771268603285,-61.81365538443036
nlsbuss_mike,Waves,SSL 4000 G+ console buss,console-ssl,matched_thd_1_pct,full,thd_1_pct,2500.0,-12.0,1.3111671600940926,9,-47.467317613275966,-38.28158163933367,-81.77142052834482,-53.12641372703026,-98.83626773251224,-62.33238174384268,-109.50507375822397
nlsbuss_mike,Waves,SSL 4000 G+ console buss,console-ssl,matched_thd_1_pct,full,thd_1_pct,2500.0,-3.0,28.154745954466545,9,-40.035603077753485,-11.56024973352764,-40.05499836059302,-20.603417206170466,-40.92971627923524,-33.49024165925102,-46.85738940841824
nlsbuss_mike,Waves,SSL 4000 G+ console buss,console-ssl,matched_thd_1_pct,full,thd_1_pct,31.5,-12.0,0.62547093725142,762,-52.554831789588235,-44.85349389454042,-90.1069041914595,-61.10364194321102,-108.04410547110268,-70.74722182653626,-118.61816235392503
nlsbuss_mike,Waves,SSL 4000 G+ console buss,console-ssl,matched_thd_1_pct,full,thd_1_pct,31.5,-3.0,3.479523702554336,762,-31.513684931082043,-34.235033605700174,-48.46875524577867,-39.8699511157617,-62.69466401458886,-51.02846252808494,-56.65754949899262
nlsbuss_mike,Waves,SSL 4000 G+ console buss,console-ssl,matched_thd_1_pct,full,thd_1_pct,315.0,-12.0,1.4383078280775654,76,-46.29441594006552,-37.50551462999722,-80.7801485597281,-52.84859874973697,-97.94758821452172,-62.21843090129818,-108.82475484464429
nlsbuss_mike,Waves,SSL 4000 G+ console buss,console-ssl,matched_thd_1_pct,full,thd_1_pct,315.0,-3.0,29.692999296635286,76,-34.02743259745091,-11.186283654876803,-37.00463142170598,-19.677765601563525,-43.46480168333145,-31.809128375114483,-65.87309369586937
nlsbuss_mike,Waves,SSL 4000 G+ console buss,console-ssl,matched_thd_1_pct,full,thd_1_pct,3150.0,-12.0,1.5966444370405841,7,-45.78237284695959,-36.56804156559933,-79.30386008943897,-51.34839970461584,-96.54738747050374,-61.06362149181136,
nlsbuss_mike,Waves,SSL 4000 G+ console buss,console-ssl,matched_thd_1_pct,full,thd_1_pct,3150.0,-3.0,27.249400805808733,7,-45.301253049636834,-11.821633531256971,-38.02784907650102,-21.059187547465854,-39.26597263619502,-34.308873223726614,
nlsbuss_mike,Waves,SSL 4000 G+ console buss,console-ssl,matched_thd_1_pct,full,thd_1_pct,40.0,-12.0,0.8731381685176837,595,-49.972817732247954,-41.91647019148818,-86.03451850714876,-57.7832019948023,-103.52778514825411,-67.33642884262268,-114.38590179347123
nlsbuss_mike,Waves,SSL 4000 G+ console buss,console-ssl,matched_thd_1_pct,full,thd_1_pct,40.0,-3.0,8.723668304099471,595,-35.404489029747744,-21.502641589667817,-46.578531869872386,-43.55267592979733,-52.07205835504666,-37.669849471306236,-54.37528455679286
nlsbuss_mike,Waves,SSL 4000 G+ console buss,console-ssl,matched_thd_1_pct,full,thd_1_pct,400.0,-12.0,1.3405419889931591,60,-46.931824660093,-38.113145809612774,-81.65684975688393,-53.47355509430117,-98.85174234964532,-62.82054129374064,-109.71899883818523
nlsbuss_mike,Waves,SSL 4000 G+ console buss,console-ssl,matched_thd_1_pct,full,thd_1_pct,400.0,-3.0,29.872401242341773,60,-33.77893128577162,-11.13773980834386,-37.16668239755746,-19.6062094142663,-43.89195156986494,-31.663205897713095,-65.55228425336331
nlsbuss_mike,Waves,SSL 4000 G+ console buss,console-ssl,matched_thd_1_pct,full,thd_1_pct,4000.0,-12.0,2.0477754891005033,6,-43.591330904231754,-34.38718431319111,-76.27002478014938,-49.42159720375872,-93.94305991104738,,
nlsbuss_mike,Waves,SSL 4000 G+ console buss,console-ssl,matched_thd_1_pct,full,thd_1_pct,4000.0,-3.0,26.074261659132077,6,-40.88683749968567,-12.162604125214958,-35.26757624466241,-21.7558924824856,-38.056893492371074,,
nlsbuss_mike,Waves,SSL 4000 G+ console buss,console-ssl,matched_thd_1_pct,full,thd_1_pct,50.0,-12.0,1.0701794330362404,481,-48.39840287674625,-40.126703116141506,-83.63743856563333,-55.77899532672875,-101.08748466724029,-65.27892686351217,-112.24252366276394
nlsbuss_mike,Waves,SSL 4000 G+ console buss,console-ssl,matched_thd_1_pct,full,thd_1_pct,50.0,-3.0,13.822848096482016,481,-36.77781348390756,-17.36571120081317,-42.35504764443853,-36.22022564543252,-56.78346410685205,-36.08609813999971,-49.74743430999603
nlsbuss_mike,Waves,SSL 4000 G+ console buss,console-ssl,matched_thd_1_pct,full,thd_1_pct,500.0,-12.0,1.2386352350371455,47,-47.64738579789422,-38.795877363097276,-82.62974938056374,-54.17041391784102,-99.88782678569841,-63.48747132557682,-111.04182323743403
nlsbuss_mike,Waves,SSL 4000 G+ console buss,console-ssl,matched_thd_1_pct,full,thd_1_pct,500.0,-3.0,29.940573242529286,47,-33.6367549763374,-11.117780325737614,-37.43609302804143,-19.58608120421995,-44.3325032772792,-31.641506449543975,-60.83740889095455
nlsbuss_mike,Waves,SSL 4000 G+ console buss,console-ssl,matched_thd_1_pct,full,thd_1_pct,5000.0,-12.0,2.6276507219208236,4,-41.216005279798594,-32.11244686717811,-73.39610319379995,,,,
nlsbuss_mike,Waves,SSL 4000 G+ console buss,console-ssl,matched_thd_1_pct,full,thd_1_pct,5000.0,-3.0,23.81370397816426,4,-34.272712041883935,-12.532315112206433,-32.85573097743772,,,,
nlsbuss_mike,Waves,SSL 4000 G+ console buss,console-ssl,matched_thd_1_pct,full,thd_1_pct,63.0,-12.0,1.24677264444658,381,-47.22322588422574,-38.78315750491326,-81.9457790220286,-54.288464719430024,-99.30452857056827,-63.75125682284377,-110.44094878664717
nlsbuss_mike,Waves,SSL 4000 G+ console buss,console-ssl,matched_thd_1_pct,full,thd_1_pct,63.0,-3.0,18.581816821488232,381,-37.728637875641944,-14.885091982507724,-40.086049863123975,-27.677477339381717,-49.88762360380417,-41.760966365005245,-51.54457999390533
nlsbuss_mike,Waves,SSL 4000 G+ console buss,console-ssl,matched_thd_1_pct,full,thd_1_pct,630.0,-12.0,1.1389998846106966,38,-48.40909740991104,-39.52015403857114,-83.68888977728425,-54.8966128308249,-100.97286644499388,-64.17102059693043,-111.8774343142392
nlsbuss_mike,Waves,SSL 4000 G+ console buss,console-ssl,matched_thd_1_pct,full,thd_1_pct,630.0,-3.0,29.941983788117707,38,-33.58227648273177,-11.114171267590145,-37.827826847928165,-19.599913003939836,-44.72326777009218,-31.69693624420942,-57.11333128692723
nlsbuss_mike,Waves,SSL 4000 G+ console buss,console-ssl,matched_thd_1_pct,full,thd_1_pct,6300.0,-12.0,3.4404443080630207,3,-38.5443196850073,-29.81363522320329,,,,,
nlsbuss_mike,Waves,SSL 4000 G+ console buss,console-ssl,matched_thd_1_pct,full,thd_1_pct,6300.0,-3.0,22.52212754141193,3,-29.553796474431504,-13.043745987264074,,,,,
nlsbuss_mike,Waves,SSL 4000 G+ console buss,console-ssl,matched_thd_1_pct,full,thd_1_pct,80.0,-12.0,1.3794770217052474,300,-46.44861502251337,-37.89308184936179,-80.90044505586059,-53.312717074537076,-98.21849373979046,-62.75323477467511,-108.99144258486797
nlsbuss_mike,Waves,SSL 4000 G+ console buss,console-ssl,matched_thd_1_pct,full,thd_1_pct,80.0,-3.0,22.293582651988405,300,-37.922697131231885,-13.423079798534594,-38.84260906439128,-24.07699925407059,-46.1698016595653,-54.77016702322959,-54.74145923365086
nlsbuss_mike,Waves,SSL 4000 G+ console buss,console-ssl,matched_thd_1_pct,full,thd_1_pct,800.0,-12.0,1.0570654829249087,30,-49.09742407474032,-40.16445058018614,-84.61671977594493,-55.520206641532226,-101.91221978573085,-64.73982113137099,-112.80731729339051
nlsbuss_mike,Waves,SSL 4000 G+ console buss,console-ssl,matched_thd_1_pct,full,thd_1_pct,800.0,-3.0,29.88731133925378,30,-33.65045493786325,-11.123771955204862,-38.34260587114323,-19.64477831738979,-44.946931489219814,-31.81625033703959,-54.35115346338293
nlsbuss_mike,Waves,SSL 4000 G+ console buss,console-ssl,matched_thd_1_pct,full,thd_1_pct,8000.0,-12.0,1.6358439140810135,2,-35.725162747856444,,,,,,
nlsbuss_mike,Waves,SSL 4000 G+ console buss,console-ssl,matched_thd_1_pct,full,thd_1_pct,8000.0,-3.0,4.580205835729051,2,-26.782300084845787,,,,,,
nlsbuss_nevo,Waves,Neve 5116 console buss,console-neve,drive_0,full,,100.0,-12.0,0.011240468887849202,239,-79.06700064520888,-129.87475085140113,-96.54296452032222,-133.509504699723,-108.38407757418526,-136.83061374339337,-117.10904371721696
nlsbuss_nevo,Waves,Neve 5116 console buss,console-neve,drive_0,full,,100.0,-3.0,0.011621033478424986,239,-78.7908403153383,-131.13312589552788,-95.67522497257984,-132.5745910661186,-106.89000512142451,-136.62723429247143,-115.04438864261395
nlsbuss_nevo,Waves,Neve 5116 console buss,console-neve,drive_0,full,,1000.0,-12.0,0.007083886374310231,24,-83.13874636115102,-138.99212651192815,-98.3959877412321,-125.27332479814305,-108.40290924763373,-125.9303504523023,-113.7971003059132
nlsbuss_nevo,Waves,Neve 5116 console buss,console-neve,drive_0,full,,1000.0,-3.0,0.007589373817654862,24,-82.58533487877685,-133.57716330720967,-96.80718810097675,-126.0549430926394,-105.56252688978992,-125.76872413776984,-110.4862534593154
nlsbuss_nevo,Waves,Neve 5116 console buss,console-neve,drive_0,full,,10000.0,-12.0,0.008613143501064104,2,-81.29676634140489,,,,,,
nlsbuss_nevo,Waves,Neve 5116 console buss,console-neve,drive_0,full,,10000.0,-3.0,0.009050896640581833,2,-80.86616789265227,,,,,,
nlsbuss_nevo,Waves,Neve 5116 console buss,console-neve,drive_0,full,,125.0,-12.0,0.009683668648953607,191,-80.36707627393427,-132.95832755815172,-97.6057074564757,-139.7199410042441,-108.963989840723,-144.18317403856085,-118.17454068300788
nlsbuss_nevo,Waves,Neve 5116 console buss,console-neve,drive_0,full,,125.0,-3.0,0.010089985439464494,191,-80.02669910684092,-133.69015489059126,-96.56376227712471,-146.3732103172616,-107.26639829284707,-144.31656314726055,-115.77499089144361
nlsbuss_nevo,Waves,Neve 5116 console buss,console-neve,drive_0,full,,1250.0,-12.0,0.007108770547188536,19,-83.09594385396487,-136.8485179589457,-98.99740373080701,-124.41829500228224,-106.89410781591175,-125.67880955176062,-113.94524230174358
nlsbuss_nevo,Waves,Neve 5116 console buss,console-neve,drive_0,full,,1250.0,-3.0,0.007614334497638817,19,-82.54457152671449,-131.63142192714943,-97.29851421327129,-125.0785792010447,-104.43060249308633,-125.59744120686369,-110.53871568282908
nlsbuss_nevo,Waves,Neve 5116 console buss,console-neve,drive_0,full,,160.0,-12.0,0.008677614278905248,150,-81.32593860922523,-134.69061192564033,-98.2791649605362,-142.46980720314542,-109.5757694062087,-147.56452692543206,-118.38531117382728
nlsbuss_nevo,Waves,Neve 5116 console buss,console-neve,drive_0,full,,160.0,-3.0,0.009108981894352485,150,-80.92557087374482,-144.19999558864112,-97.06483769943661,-141.86682754512069,-107.56845192735837,-143.7487258010749,-115.71978709740726
nlsbuss_nevo,Waves,Neve 5116 console buss,console-neve,drive_0,full,,1600.0,-12.0,0.0070809941231666645,14,-83.147519457249,-133.64046171197074,-98.27452659328719,-124.03072668318848,-107.93071728674511,-126.6761166538887,-113.95816104832774
nlsbuss_nevo,Waves,Neve 5116 console buss,console-neve,drive_0,full,,1600.0,-3.0,0.007588663960701914,14,-82.59251836231094,-129.42689389753335,-96.69532198915805,-124.52476882824948,-105.18914134222243,-126.78342634676582,-110.4964491198341
nlsbuss_nevo,Waves,Neve 5116 console buss,console-neve,drive_0,full,,200.0,-12.0,0.00804605952658813,120,-81.9929231255789,-141.5099830331012,-98.54600637262237,-137.11160884914025,-108.91429696755168,-134.5055030899759,-118.6117800671657
nlsbuss_nevo,Waves,Neve 5116 console buss,console-neve,drive_0,full,,200.0,-3.0,0.008498103684644072,120,-81.54421813733697,-136.73726491705847,-97.20524401071002,-135.5071740513628,-106.81092968763822,-135.6470734619183,-115.52819711805314
nlsbuss_nevo,Waves,Neve 5116 console buss,console-neve,drive_0,full,,2000.0,-12.0,0.007157282736661281,11,-83.03560062702154,-131.07551491246653,-98.92191570919158,-124.61767191618237,-107.19346289716752,-127.41030505256612,-114.14690373191794
nlsbuss_nevo,Waves,Neve 5116 console buss,console-neve,drive_0,full,,2000.0,-3.0,0.00766313367093466,11,-82.48761058687765,-127.91060314749174,-97.23043583990126,-125.021162392244,-104.63704001740055,-127.43615297660975,-110.6389916376733
nlsbuss_nevo,Waves,Neve 5116 console buss,console-neve,drive_0,full,,250.0,-12.0,0.007676102455476964,96,-82.41054591469911,-145.1291549324626,-98.63365336276408,-135.52092476156608,-108.70902767739145,-133.31750445907525,-118.86166304648847
nlsbuss_nevo,Waves,Neve 5116 console buss,console-neve,drive_0,full,,250.0,-3.0,0.00814414789756319,96,-81.92713679996453,-139.32647728759946,-97.20002598730446,-135.87911604128186,-106.42842448026008,-134.46199692265753,-115.21067669476464
nlsbuss_nevo,Waves,Neve 5116 console buss,console-neve,drive_0,full,,2500.0,-12.0,0.007124021669352717,9,-83.09288991697201,-128.701934379104,-98.30090295924799,-125.98119519883446,-107.75252017887598,-123.2978517187947,-114.15466038550608
nlsbuss_nevo,Waves,Neve 5116 console buss,console-neve,drive_0,full,,2500.0,-3.0,0.007630759586629725,9,-82.54200460678851,-126.58615466114439,-96.7157624061559,-126.42531379704805,-105.0496227042195,-123.26434210302445,-110.77847687330122
nlsbuss_nevo,Waves,Neve 5116 console buss,console-neve,drive_0,full,,31.5,-12.0,0.05012715178903615,762,-66.12425440130521,-108.46644553689092,-81.91896016103478,-116.12222632925844,-92.01339395501881,-123.48879926823321,-100.23338003797636
nlsbuss_nevo,Waves,Neve 5116 console buss,console-neve,drive_0,full,,31.5,-3.0,0.050341257631332924,762,-66.09012817551465,-108.07761961177255,-81.7964763308526,-115.94914219658413,-91.7926885061762,-124.42949827742181,-99.90767218201965
nlsbuss_nevo,Waves,Neve 5116 console buss,console-neve,drive_0,full,,315.0,-12.0,0.0074477622854090585,76,-82.67840481049562,-133.81351012603733,-98.7303566395329,-140.72332854762024,-108.647693154135,-148.20340409890403,-116.64185750096027
nlsbuss_nevo,Waves,Neve 5116 console buss,console-neve,drive_0,full,,315.0,-3.0,0.00792832674160418,76,-82.1701558579849,-142.84202931908783,-97.21549559085025,-148.16762910966185,-106.1768998182423,-149.91663132665852,-113.27947049545057
nlsbuss_nevo,Waves,Neve 5116 console buss,console-neve,drive_0,full,,3150.0,-12.0,0.0071837342865880135,7,-83.01696926360117,-127.06638970785431,-98.30044270156247,-124.41301419194775,-107.31048557012087,-119.04467980928464,
nlsbuss_nevo,Waves,Neve 5116 console buss,console-neve,drive_0,full,,3150.0,-3.0,0.007686817000510112,7,-82.4715444513715,-126.00313372472947,-96.71685049881724,-124.8298864565521,-104.74037645846377,-119.1471762474348,
nlsbuss_nevo,Waves,Neve 5116 console buss,console-neve,drive_0,full,,40.0,-12.0,0.03360056681490881,595,-69.58461549784302,-111.60269809138128,-85.8726335191526,-116.9979825790719,-96.37708945505125,-122.76538629225952,-104.37692640939026
nlsbuss_nevo,Waves,Neve 5116 console buss,console-neve,drive_0,full,,40.0,-3.0,0.03385531928121745,595,-69.52335789325919,-110.98609245641543,-85.66137174860398,-116.5331757886107,-96.00810151751716,-122.6971057212571,-103.84781416786416
nlsbuss_nevo,Waves,Neve 5116 console buss,console-neve,drive_0,full,,400.0,-12.0,0.00729284160743723,60,-82.86744223680543,-132.86858559244183,-98.72980570591844,-138.98465423829873,-108.31222407097653,-144.75738525962146,-115.9225964525278
nlsbuss_nevo,Waves,Neve 5116 console buss,console-neve,drive_0,full,,400.0,-3.0,0.007782961096424673,60,-82.34100306569752,-140.33670304908324,-97.16436977419835,-144.51284522376622,-105.76554507130426,-147.9193750427142,-112.43947458634548
nlsbuss_nevo,Waves,Neve 5116 console buss,console-neve,drive_0,full,,4000.0,-12.0,0.007309274124659062,6,-82.87537290176589,-126.61797296954828,-98.10174221657815,-120.42820788931088,-105.40207532204701,,
nlsbuss_nevo,Waves,Neve 5116 console buss,console-neve,drive_0,full,,4000.0,-3.0,0.007812356389076762,6,-82.34036090059189,-126.0538612816745,-96.55370986762976,-120.62821722236899,-103.2706117384839,,
nlsbuss_nevo,Waves,Neve 5116 console buss,console-neve,drive_0,full,,50.0,-12.0,0.024498750333397254,481,-72.31825576953716,-114.30784204877938,-88.95810587604787,-119.42612924031936,-100.55383400522905,-122.36185841035729,-107.71369846113387
nlsbuss_nevo,Waves,Neve 5116 console buss,console-neve,drive_0,full,,50.0,-3.0,0.024786308443427968,481,-72.22274305769967,-114.29710549278357,-88.63910916712675,-119.10213241382301,-99.95154469442852,-122.58712971913228,-106.93734960172996
nlsbuss_nevo,Waves,Neve 5116 console buss,console-neve,drive_0,full,,500.0,-12.0,0.00720497965983762,47,-82.97516215720842,-142.45715523862447,-98.86952484609577,-129.84665532651687,-107.64653475534888,-129.603044544629,-114.67061171258587
nlsbuss_nevo,Waves,Neve 5116 console buss,console-neve,drive_0,full,,500.0,-3.0,0.007701190413366105,47,-82.43786798196393,-143.51227276638184,-97.24735928648897,-131.20519962100965,-105.1621923062892,-129.53270123306035,-111.39283765902772
nlsbuss_nevo,Waves,Neve 5116 console buss,console-neve,drive_0,full,,5000.0,-12.0,0.007539074300693328,4,-82.57511989841231,-126.78926551422413,-98.05282589004536,,,,
nlsbuss_nevo,Waves,Neve 5116 console buss,console-neve,drive_0,full,,5000.0,-3.0,0.008028783155184068,4,-82.0601233702148,-126.48912656067284,-96.51528880983717,,,,
nlsbuss_nevo,Waves,Neve 5116 console buss,console-neve,drive_0,full,,63.0,-12.0,0.017996508238634044,381,-74.98576377740366,-122.07889057271277,-92.15626052278962,-127.5495958340444,-103.39551900754759,-127.10156912611963,-112.66066148554522
nlsbuss_nevo,Waves,Neve 5116 console buss,console-neve,drive_0,full,,63.0,-3.0,0.018317586812870084,381,-74.83989715256942,-121.57696672948468,-91.67846430612161,-127.02857228862884,-102.57606944599348,-127.02782053234498,-111.36748084681162
nlsbuss_nevo,Waves,Neve 5116 console buss,console-neve,drive_0,full,,630.0,-12.0,0.0071395379246990765,38,-83.0605165817098,-131.0013188648479,-98.7133899823232,-136.1664054608428,-107.77918995733339,-140.2441170639572,-114.54494807217203
nlsbuss_nevo,Waves,Neve 5116 console buss,console-neve,drive_0,full,,630.0,-3.0,0.007640293386631752,38,-82.51494824282923,-136.38342468622406,-97.09490705911966,-139.5956453012977,-105.1833085109147,-142.3306519436471,-111.10784321011329
nlsbuss_nevo,Waves,Neve 5116 console buss,console-neve,drive_0,full,,6300.0,-12.0,0.007655238952010331,3,-82.32099668107065,-126.35082550877729,,,,,
nlsbuss_nevo,Waves,Neve 5116 console buss,console-neve,drive_0,full,,6300.0,-3.0,0.0081055743166317,3,-81.82440452117947,-129.15173934947924,,,,,
nlsbuss_nevo,Waves,Neve 5116 console buss,console-neve,drive_0,full,,80.0,-12.0,0.013782899885430437,300,-77.29636413700652,-126.72566160824941,-94.7349311408388,-130.81041819835994,-106.6706841955149,-131.91378680005363,-116.28589506876261
nlsbuss_nevo,Waves,Neve 5116 console buss,console-neve,drive_0,full,,80.0,-3.0,0.014135334240163942,300,-77.08716645236944,-129.62138306443256,-94.06339953461229,-131.97289986970495,-105.46845437179508,-132.22581018398938,-114.3674003892616
nlsbuss_nevo,Waves,Neve 5116 console buss,console-neve,drive_0,full,,800.0,-12.0,0.007104382070355963,30,-83.10554320836056,-130.44595925294968,-98.70587578256453,-135.1937433362034,-107.66863326165024,-138.99586892361341,-114.28157495310128
nlsbuss_nevo,Waves,Neve 5116 console buss,console-neve,drive_0,full,,800.0,-3.0,0.007607934954861162,30,-82.5552783845866,-135.28329770383266,-97.0734895797695,-138.15607801842188,-105.05093766873601,-140.7877513266641,-110.81364972329374
nlsbuss_nevo,Waves,Neve 5116 console buss,console-neve,drive_0,full,,8000.0,-12.0,0.008083808111432904,2,-81.84768008110328,,,,,,
nlsbuss_nevo,Waves,Neve 5116 console buss,console-neve,drive_0,full,,8000.0,-3.0,0.008528704573699534,2,-81.38233857763026,,,,,,
nlsbuss_nevo,Waves,Neve 5116 console buss,console-neve,drive_12,full,,100.0,-12.0,0.6506364091896432,239,-43.82894081506409,-100.9125431612973,-60.71160837912872,-108.04531876010346,-71.88684143501305,-106.085507684764,-80.47723770716661
nlsbuss_nevo,Waves,Neve 5116 console buss,console-neve,drive_12,full,,100.0,-3.0,1.8228555503488817,239,-43.57851527445093,-38.793234800671776,-60.37554923029563,-40.13921868066423,-72.93089458119341,-42.32368456364084,-84.45187492949822
nlsbuss_nevo,Waves,Neve 5116 console buss,console-neve,drive_12,full,,1000.0,-12.0,0.4202062059188569,24,-47.70299548673697,-102.60890920627112,-62.387908166771176,-107.6929037388754,-70.58039874857184,-113.20041245998905,-76.57832633779343
nlsbuss_nevo,Waves,Neve 5116 console buss,console-neve,drive_12,full,,1000.0,-3.0,1.6335470866441573,24,-46.3032639889298,-39.37289676358669,-67.56216389463752,-41.16428116863734,-64.37432149637078,-42.93830018444286,-75.4976968373841
nlsbuss_nevo,Waves,Neve 5116 console buss,console-neve,drive_12,full,,10000.0,-12.0,0.40936732207937027,2,-47.7577365606334,,,,,,
nlsbuss_nevo,Waves,Neve 5116 console buss,console-neve,drive_12,full,,10000.0,-3.0,0.4035198448669741,2,-47.88270204142604,,,,,,
nlsbuss_nevo,Waves,Neve 5116 console buss,console-neve,drive_12,full,,125.0,-12.0,0.5636760306414085,191,-45.08022970241393,-109.69840087639727,-61.749848727286356,-116.38028119151265,-72.73190581069694,-112.61738182021787,-81.29767272979998
nlsbuss_nevo,Waves,Neve 5116 console buss,console-neve,drive_12,full,,125.0,-3.0,1.7980554653474998,191,-44.86941303391873,-38.76074984131541,-61.46102247208674,-40.09610432547889,-71.71588564165512,-42.28611008173347,-76.25374010501929
nlsbuss_nevo,Waves,Neve 5116 console buss,console-neve,drive_12,full,,1250.0,-12.0,0.4194705097713049,19,-47.71925267836317,-102.407828867926,-62.38973950183224,-107.38120627766804,-70.51860008141736,-112.4562462257566,-76.45780735643845
nlsbuss_nevo,Waves,Neve 5116 console buss,console-neve,drive_12,full,,1250.0,-3.0,1.6056372360845523,19,-46.40352067707304,-39.54948128828964,-68.51855033620616,-41.32207421890306,-64.30784674788134,-43.03578965236217,-79.15526158100904
nlsbuss_nevo,Waves,Neve 5116 console buss,console-neve,drive_12,full,,160.0,-12.0,0.5054856554355956,150,-46.037091772105974,-108.69560227016888,-62.307652043442275,-110.81152185776094,-72.88472917154385,-132.2346727132054,-81.52808383695456
nlsbuss_nevo,Waves,Neve 5116 console buss,console-neve,drive_12,full,,160.0,-3.0,1.7799905180614866,150,-45.862952590377844,-38.77740488039428,-61.2069793048748,-40.0747314407468,-69.15419514512494,-42.27716210332211,-75.0181510825419
nlsbuss_nevo,Waves,Neve 5116 console buss,console-neve,drive_12,full,,1600.0,-12.0,0.41889037808556145,14,-47.73233124721506,-102.39114255325099,-62.377299235132156,-107.70654147591515,-70.50055324310983,-112.79189998895166,-76.42328813711798
nlsbuss_nevo,Waves,Neve 5116 console buss,console-neve,drive_12,full,,1600.0,-3.0,1.572296161923009,14,-46.587065685715466,-39.77127417079241,-67.46188880315303,-41.47321847788522,-64.73010779720536,-43.17758693968158,-87.350766797365
nlsbuss_nevo,Waves,Neve 5116 console buss,console-neve,drive_12,full,,200.0,-12.0,0.4730834856479889,120,-46.624019808171724,-113.19117448098899,-62.512399454818244,-123.66855696657586,-72.60730373489669,-121.87029684180716,-80.8394335097029
nlsbuss_nevo,Waves,Neve 5116 console buss,console-neve,drive_12,full,,200.0,-3.0,1.766569176102149,120,-46.40758055081042,-38.81486519251554,-60.39049988236053,-40.07629804474382,-69.1382273108776,-42.32636838336188,-79.8665062442131
nlsbuss_nevo,Waves,Neve 5116 console buss,console-neve,drive_12,full,,2000.0,-12.0,0.41864164543533694,11,-47.73750054853715,-102.1762828582946,-62.38615446656094,-107.48258821942872,-70.49486403501862,-112.26216759811035,-76.37086584451703
nlsbuss_nevo,Waves,Neve 5116 console buss,console-neve,drive_12,full,,2000.0,-3.0,1.541359517585785,11,-46.80346590423256,-39.98328408437071,-65.67126971546298,-41.59320631002962,-65.54946241656768,-43.327936500803446,-86.22206261457217
nlsbuss_nevo,Waves,Neve 5116 console buss,console-neve,drive_12,full,,250.0,-12.0,0.4527766766587323,96,-47.01708681566512,-108.94602266573236,-62.55771183370739,-131.01038060902505,-72.12900156248337,-128.919351876297,-79.90730376638778
nlsbuss_nevo,Waves,Neve 5116 console buss,console-neve,drive_12,full,,250.0,-3.0,1.7526893508044847,96,-46.65241663961655,-38.85957084661809,-59.89677575909312,-40.11376269688646,-72.03622897130373,-42.43795531187651,-85.84032316489547
nlsbuss_nevo,Waves,Neve 5116 console buss,console-neve,drive_12,full,,2500.0,-12.0,0.4183559393819632,9,-47.74355808494826,-101.91730803650485,-62.38735448087374,-107.52405339393815,-70.49640109702578,-110.79934064288031,-76.42035744285363
nlsbuss_nevo,Waves,Neve 5116 console buss,console-neve,drive_12,full,,2500.0,-3.0,1.5121802978580663,9,-47.03242708581656,-40.189479699798966,-63.90838566102978,-41.70232320436015,-66.58589047213795,-43.47522431644322,-79.31258970390243
nlsbuss_nevo,Waves,Neve 5116 console buss,console-neve,drive_12,full,,31.5,-12.0,2.8240025154222494,762,-31.10212549238241,-87.02337781494789,-47.082756196767804,-84.77356159843484,-57.482119859961756,-84.59868421016238,-65.82865661738171
nlsbuss_nevo,Waves,Neve 5116 console buss,console-neve,drive_12,full,,31.5,-3.0,3.1329855706627336,762,-31.017154430231137,-41.412345219196055,-46.558106426179656,-42.5451645589166,-55.94124587326638,-44.265010196027966,-64.1698673533017
nlsbuss_nevo,Waves,Neve 5116 console buss,console-neve,drive_12,full,,315.0,-12.0,0.43952589258319524,76,-47.28636247423737,-107.61320902651384,-62.536221678175664,-119.63595708449492,-71.65562806601221,-145.5606085415078,-78.90300211955773
nlsbuss_nevo,Waves,Neve 5116 console buss,console-neve,drive_12,full,,315.0,-3.0,1.736776444127805,76,-46.680953631616845,-38.90622929716773,-59.98858772114822,-40.20975664343454,-80.70987722772881,-42.580713430263884,-75.14411575863268
nlsbuss_nevo,Waves,Neve 5116 console buss,console-neve,drive_12,full,,3150.0,-12.0,0.41792873053739504,7,-47.74634445070017,-101.61138674029743,-62.40388777528278,-107.41772541406692,-70.49440438154342,-108.78224400139865,
nlsbuss_nevo,Waves,Neve 5116 console buss,console-neve,drive_12,full,,3150.0,-3.0,1.4843300611829773,7,-47.26008489171502,-40.3838004020848,-62.54336324597855,-41.79749844226646,-67.88682127028076,-43.6489819857091,
nlsbuss_nevo,Waves,Neve 5116 console buss,console-neve,drive_12,full,,40.0,-12.0,1.8934371972188453,595,-34.563240377685496,-89.86852425392222,-50.93638809763264,-94.34117338641599,-61.74141943140021,-97.00486682485119,-70.24424946912421
nlsbuss_nevo,Waves,Neve 5116 console buss,console-neve,drive_12,full,,40.0,-3.0,2.4193780753344565,595,-34.46018277944291,-40.14974632552366,-50.48412764070377,-41.33960931581613,-60.13142201900038,-43.27011278883191,-67.5180212554588
nlsbuss_nevo,Waves,Neve 5116 console buss,console-neve,drive_12,full,,400.0,-12.0,0.4312812993584553,60,-47.460202142046164,-105.33115678243027,-62.492617588924574,-113.79455333742293,-71.25703276798312,-122.42858500333575,-78.05352072483126
nlsbuss_nevo,Waves,Neve 5116 console buss,console-neve,drive_12,full,,400.0,-3.0,1.7192292039726458,60,-46.57505694995815,-38.95792373320648,-60.72992014734407,-40.37119687704377,-75.43009091994878,-42.69983571576907,-71.80408739164281
nlsbuss_nevo,Waves,Neve 5116 console buss,console-neve,drive_12,full,,4000.0,-12.0,0.41780018092299664,6,-47.74847182232446,-101.20698240474816,-62.41944237879856,-107.50398587447064,-70.51648138585054,,
nlsbuss_nevo,Waves,Neve 5116 console buss,console-neve,drive_12,full,,4000.0,-3.0,1.309538887307082,6,-47.46415002232045,-40.55877978125943,-61.55558832634988,-41.88313130542306,-69.33944066449862,,
nlsbuss_nevo,Waves,Neve 5116 console buss,console-neve,drive_12,full,,50.0,-12.0,1.3913086611223424,481,-37.2340408276709,-89.08305837749234,-53.83585094836707,-96.44861297738507,-64.82236590218876,-102.419131417257,-72.99006662906358
nlsbuss_nevo,Waves,Neve 5116 console buss,console-neve,drive_12,full,,50.0,-3.0,2.1124968075289674,481,-37.109472619324684,-39.5434237941129,-53.51706019899374,-40.78263287748843,-63.69533507603677,-42.82806516744976,-70.4400763265894
nlsbuss_nevo,Waves,Neve 5116 console buss,console-neve,drive_12,full,,500.0,-12.0,0.4265034957205755,47,-47.563570699024254,-104.14049996088922,-62.4547621610829,-110.86717275645074,-70.97675841067307,-116.94705289146358,-77.44847009729915
nlsbuss_nevo,Waves,Neve 5116 console buss,console-neve,drive_12,full,,500.0,-3.0,1.7017154405363908,47,-46.43914727960424,-39.01921067457167,-61.94255209612673,-40.56240453016062,-69.39089972690093,-42.76885940951107,-71.1280282632879
nlsbuss_nevo,Waves,Neve 5116 console buss,console-neve,drive_12,full,,5000.0,-12.0,0.4165375588442353,4,-47.75230237981259,-101.24944102266001,-62.43260230137022,,,,
nlsbuss_nevo,Waves,Neve 5116 console buss,console-neve,drive_12,full,,5000.0,-3.0,1.0171864609273606,4,-47.61736783797944,-40.68783627376379,-60.938514365948855,,,,
nlsbuss_nevo,Waves,Neve 5116 console buss,console-neve,drive_12,full,,63.0,-12.0,1.024147687869313,381,-39.88858990270011,-92.44627625659399,-56.76625280267598,-99.22523713055543,-67.9783904996789,-109.15257656188157,-76.23902858144044
nlsbuss_nevo,Waves,Neve 5116 console buss,console-neve,drive_12,full,,63.0,-3.0,1.9432001447373637,381,-39.71243504231845,-39.13512217011619,-56.435073907570455,-40.42722009370017,-67.45341185434454,-42.548913959112305,-74.76290929089306
nlsbuss_nevo,Waves,Neve 5116 console buss,console-neve,drive_12,full,,630.0,-12.0,0.4233976092293781,38,-47.631859845884094,-103.25072176100278,-62.42457554375238,-109.89443023693389,-70.7831777967491,-115.25602795047635,-77.03087533810714
nlsbuss_nevo,Waves,Neve 5116 console buss,console-neve,drive_12,full,,630.0,-3.0,1.6818416152756388,38,-46.32577019408349,-39.105464101243896,-63.614054084619475,-40.773940409365146,-66.45561296632772,-42.81681019278455,-71.73378260451054
nlsbuss_nevo,Waves,Neve 5116 console buss,console-neve,drive_12,full,,6300.0,-12.0,0.4092125021482291,3,-47.76104271483203,-101.00260561480295,,,,,
nlsbuss_nevo,Waves,Neve 5116 console buss,console-neve,drive_12,full,,6300.0,-3.0,1.000367670194433,3,-47.74819880307783,-40.794668803561905,,,,,
nlsbuss_nevo,Waves,Neve 5116 console buss,console-neve,drive_12,full,,80.0,-12.0,0.7920072809500331,300,-42.119640926529456,-96.4705550618227,-59.07621106792981,-102.36119706357938,-70.22560584511234,-103.13412816551589,-78.54433097996696
nlsbuss_nevo,Waves,Neve 5116 console buss,console-neve,drive_12,full,,80.0,-3.0,1.8641774097567152,300,-41.8836561857085,-38.900692845626224,-58.6206208991254,-40.232495948884306,-70.28769539151898,-42.39290150708332,-80.19532087890548
nlsbuss_nevo,Waves,Neve 5116 console buss,console-neve,drive_12,full,,800.0,-12.0,0.42138811106930296,30,-47.676491564380385,-102.631986503071,-62.40439475905619,-108.9400847306804,-70.6510616840997,-113.80666139325818,-76.74191250240541
nlsbuss_nevo,Waves,Neve 5116 console buss,console-neve,drive_12,full,,800.0,-3.0,1.6584603844003547,30,-46.274365625615054,-39.22687991344413,-65.66742717026978,-40.98576134319089,-64.95266807723318,-42.86919272736915,-73.22292664131801
nlsbuss_nevo,Waves,Neve 5116 console buss,console-neve,drive_12,full,,8000.0,-12.0,0.40909762742836375,2,-47.76346078391458,,,,,,
nlsbuss_nevo,Waves,Neve 5116 console buss,console-neve,drive_12,full,,8000.0,-3.0,0.4063932404320478,2,-47.82107048630735,,,,,,
nlsbuss_nevo,Waves,Neve 5116 console buss,console-neve,drive_3,curve,,100.0,-12.0,0.03373166062321133,239,-69.52484302990511,-138.91394884786735,-86.85811724089979,-141.70711090851395,-98.5057130991946,-143.96205355348647,-107.43994153051808
nlsbuss_nevo,Waves,Neve 5116 console buss,console-neve,drive_3,curve,,1000.0,-12.0,0.021349325194446194,24,-73.55646251878818,-128.4688800311605,-88.88004143146141,-122.80731771802407,-98.05736413870464,-126.18826446895946,-104.37909118939133
nlsbuss_nevo,Waves,Neve 5116 console buss,console-neve,drive_3,curve,,10000.0,-12.0,0.02444525875002845,2,-72.23610722845305,,,,,,
nlsbuss_nevo,Waves,Neve 5116 console buss,console-neve,drive_3,curve,,125.0,-12.0,0.02908931161136231,191,-70.81470274472244,-131.79898885134017,-87.9759658001704,-137.66913940225686,-99.37716230966474,-136.4901165504518,-108.43905921810729
nlsbuss_nevo,Waves,Neve 5116 console buss,console-neve,drive_3,curve,,1250.0,-12.0,0.02135862108145837,19,-73.54918294376928,-129.93072642042085,-89.0660810057361,-122.21643644915207,-97.5685034211792,-125.6337810476318,-104.22722325671523
nlsbuss_nevo,Waves,Neve 5116 console buss,console-neve,drive_3,curve,,160.0,-12.0,0.02600629105718079,150,-71.79497154056779,-133.1308673845133,-88.63789931401301,-146.29497029857066,-99.77925549897078,-164.51979306339123,-108.80267195786102
nlsbuss_nevo,Waves,Neve 5116 console buss,console-neve,drive_3,curve,,1600.0,-12.0,0.02133209497084394,14,-73.56630881399968,-132.6758862849451,-88.82194981436328,-122.10137939341689,-97.83616013394395,-126.30970733468344,-104.29521255101648
nlsbuss_nevo,Waves,Neve 5116 console buss,console-neve,drive_3,curve,,200.0,-12.0,0.02421371690064895,120,-72.42461912694293,-131.37140235954544,-88.91340342468551,-138.92778531618154,-99.46166975395545,-134.56215032078492,-108.50833044624899
nlsbuss_nevo,Waves,Neve 5116 console buss,console-neve,drive_3,curve,,2000.0,-12.0,0.02142824085282664,11,-73.52120675760278,-133.12322166797424,-89.01372627586389,-122.81703423326555,-97.63852119744486,-127.05808500581227,-104.17818931894496
nlsbuss_nevo,Waves,Neve 5116 console buss,console-neve,drive_3,curve,,250.0,-12.0,0.023111165523246827,96,-72.83847557685333,-129.5676953849566,-89.00876403985359,-134.4474441359814,-99.12805668280713,-132.8316313682579,-107.9802210108962
nlsbuss_nevo,Waves,Neve 5116 console buss,console-neve,drive_3,curve,,2500.0,-12.0,0.021434114148756466,9,-73.52402871736803,-128.98396397034386,-88.80772137494795,-124.21357200841341,-97.72579270676343,-123.00243839224903,-104.62369619618056
nlsbuss_nevo,Waves,Neve 5116 console buss,console-neve,drive_3,curve,,31.5,-12.0,0.1487499683422125,762,-56.6705433467068,-108.24565450096996,-72.64424974659764,-116.5641140535483,-83.00914683167399,-116.43185437996033,-91.39603971240163
nlsbuss_nevo,Waves,Neve 5116 console buss,console-neve,drive_3,curve,,315.0,-12.0,0.02240215123498047,76,-73.11680570884745,-125.88961186359751,-89.05142149557835,-134.42622262057117,-98.82623926093073,-143.7633590965964,-106.67954353608471
nlsbuss_nevo,Waves,Neve 5116 console buss,console-neve,drive_3,curve,,3150.0,-12.0,0.021561708999903298,7,-73.46900862343037,-124.94999596497163,-88.78313624837558,-122.92394170980215,-97.52544049647798,-118.32430897557104,
nlsbuss_nevo,Waves,Neve 5116 console buss,console-neve,drive_3,curve,,40.0,-12.0,0.09969667461624065,595,-60.13327951435124,-109.64321080230293,-76.56525165473899,-115.99448611536172,-87.36491704489687,-134.9712046513721,-95.78249041550819
nlsbuss_nevo,Waves,Neve 5116 console buss,console-neve,drive_3,curve,,400.0,-12.0,0.02194766674223628,60,-73.30177489323044,-124.80752911286585,-89.03957096561028,-132.2403513981597,-98.4762313861396,-139.2983957504439,-105.9061802951598
nlsbuss_nevo,Waves,Neve 5116 console buss,console-neve,drive_3,curve,,4000.0,-12.0,0.021810660290068534,6,-73.37198538711813,-122.50232549006239,-88.67424247493213,-120.97071832619653,-96.82940356006841,,
nlsbuss_nevo,Waves,Neve 5116 console buss,console-neve,drive_3,curve,,50.0,-12.0,0.07303125814356354,481,-62.82884391884313,-111.03564467023958,-79.56068008356716,-117.01167382800509,-90.88004688138868,-120.05414824116153,-98.82523857689831
nlsbuss_nevo,Waves,Neve 5116 console buss,console-neve,drive_3,curve,,500.0,-12.0,0.0216863431410441,47,-73.40996326337293,-126.89581907705832,-89.06777767010414,-126.65481483546645,-98.09532140978156,-129.45353171007295,-105.13463836477014
nlsbuss_nevo,Waves,Neve 5116 console buss,console-neve,drive_3,curve,,5000.0,-12.0,0.022187064772997745,4,-73.20336764689249,-122.90064749772739,-88.53821619122664,,,,
nlsbuss_nevo,Waves,Neve 5116 console buss,console-neve,drive_3,curve,,63.0,-12.0,0.053650186451873166,381,-65.49859453419212,-121.79930699579755,-82.63170816193943,-132.60544435574357,-94.02747685610548,-125.60830915168253,-102.78068452234821
nlsbuss_nevo,Waves,Neve 5116 console buss,console-neve,drive_3,curve,,630.0,-12.0,0.021510461344597533,38,-73.48525113912353,-123.36930373329147,-89.00404409939594,-129.76571461964056,-98.00673144979827,-134.97904706445942,-104.80349739441715
nlsbuss_nevo,Waves,Neve 5116 console buss,console-neve,drive_3,curve,,6300.0,-12.0,0.022370872130595493,3,-73.00642023578578,-120.43306298237168,,,,,
nlsbuss_nevo,Waves,Neve 5116 console buss,console-neve,drive_3,curve,,80.0,-12.0,0.04126924620830041,300,-67.7733620607923,-141.15169483393552,-85.094551624899,-141.47340846088807,-96.70229402286176,-130.3212778470552,-105.62925545363316
nlsbuss_nevo,Waves,Neve 5116 console buss,console-neve,drive_3,curve,,800.0,-12.0,0.021406514116474838,30,-73.52974126430146,-122.93934088421946,-88.99028438165132,-128.99462803546413,-97.88631593966653,-133.78396189906763,-104.52674850351572
nlsbuss_nevo,Waves,Neve 5116 console buss,console-neve,drive_3,curve,,8000.0,-12.0,0.023252103475420716,2,-72.67075506068815,,,,,,
nlsbuss_nevo,Waves,Neve 5116 console buss,console-neve,drive_6,full,,100.0,-12.0,0.10126402175287776,239,-59.97892469896406,-125.25721034085522,-77.1986486673252,-129.40156170146594,-88.72085991652268,-124.21684393952269,-97.64922983011013
nlsbuss_nevo,Waves,Neve 5116 console buss,console-neve,drive_6,full,,100.0,-3.0,0.10395771547780788,239,-59.761800395258355,-115.9994830653744,-76.51245302166932,-124.25676055763182,-87.54643253610146,-125.02047714864182,-95.92624777903764
nlsbuss_nevo,Waves,Neve 5116 console buss,console-neve,drive_6,full,,1000.0,-12.0,0.06425385859226294,24,-63.98949868119763,-116.09265736233438,-79.2523089592864,-118.06390973112956,-88.09545310361456,-124.74577453238261,-94.5423697504828
nlsbuss_nevo,Waves,Neve 5116 console buss,console-neve,drive_6,full,,1000.0,-3.0,0.06794026267328648,24,-63.54485360082335,-126.29229900828612,-77.90621400077515,-121.7609781065018,-85.86272247537863,-125.78795429679366,-91.51639312758235
nlsbuss_nevo,Waves,Neve 5116 console buss,console-neve,drive_6,full,,10000.0,-12.0,0.06987517231693285,2,-63.113542162088706,,,,,,
nlsbuss_nevo,Waves,Neve 5116 console buss,console-neve,drive_6,full,,10000.0,-3.0,0.07309676364766814,2,-62.72203701927607,,,,,,
nlsbuss_nevo,Waves,Neve 5116 console buss,console-neve,drive_6,full,,125.0,-12.0,0.08738353261886292,191,-61.26291092091242,-129.50671161564543,-78.3255137820365,-133.69091872009253,-89.6729926079378,-127.5966172752836,-98.63268640788304
nlsbuss_nevo,Waves,Neve 5116 console buss,console-neve,drive_6,full,,125.0,-3.0,0.09027802988542134,191,-60.993812603237984,-120.28867781388035,-77.48541364094339,-129.31390104939143,-88.26617216910088,-128.9652212759952,-96.63395725889713
nlsbuss_nevo,Waves,Neve 5116 console buss,console-neve,drive_6,full,,1250.0,-12.0,0.06420183108983236,19,-63.99605026337169,-116.26703041163631,-79.30602839314838,-117.71842393803519,-87.91374490956095,-123.62600722883828,-94.38585083832575
nlsbuss_nevo,Waves,Neve 5116 console buss,console-neve,drive_6,full,,1250.0,-3.0,0.0678958950729954,19,-63.55047593590095,-126.85852361029332,-77.94711034200586,-121.10640776270218,-85.70453376291368,-125.08885058083662,-91.36644275840239
nlsbuss_nevo,Waves,Neve 5116 console buss,console-neve,drive_6,full,,160.0,-12.0,0.07808622411031267,150,-62.24782005635444,-130.43468873649167,-78.97646430993869,-137.43633655102593,-89.99300349960026,-140.3364784902583,-99.02278463657288
nlsbuss_nevo,Waves,Neve 5116 console buss,console-neve,drive_6,full,,160.0,-3.0,0.08118129896804495,150,-61.92818504895455,-120.75074075573929,-77.9888992224541,-124.07362488251121,-88.35639622554248,-140.0362113749265,-96.73728026837624
nlsbuss_nevo,Waves,Neve 5116 console buss,console-neve,drive_6,full,,1600.0,-12.0,0.06415533891830871,14,-64.00490399687189,-116.63673780939232,-79.22008513864668,-117.85635824771646,-87.96362650553162,-123.57097561768381,-94.39825726949024
nlsbuss_nevo,Waves,Neve 5116 console buss,console-neve,drive_6,full,,1600.0,-3.0,0.06785551491298035,14,-63.55854694612361,-128.42510822134693,-77.87026326298015,-121.06323633393467,-85.7326015448001,-126.45545007997055,-91.35065348864964
nlsbuss_nevo,Waves,Neve 5116 console buss,console-neve,drive_6,full,,200.0,-12.0,0.07282121488532117,120,-62.86329577693613,-120.71386951373073,-79.24960885447904,-137.70180650669843,-89.78176681007282,-135.242525890481,-98.53151134607315
nlsbuss_nevo,Waves,Neve 5116 console buss,console-neve,drive_6,full,,200.0,-3.0,0.07607773413850483,120,-62.50553996790565,-132.9651111619862,-78.14975061745754,-128.70477058013338,-87.96950992581142,-137.67349265745375,-96.02578455418937
nlsbuss_nevo,Waves,Neve 5116 console buss,console-neve,drive_6,full,,2000.0,-12.0,0.06427270885891166,11,-63.987190368174296,-116.66652640983726,-79.27387203939634,-118.34425010055821,-87.90788505668448,-123.80075921060887,-94.29220757182856
nlsbuss_nevo,Waves,Neve 5116 console buss,console-neve,drive_6,full,,2000.0,-3.0,0.06796656659487009,11,-63.54230633069786,-128.10387368128784,-77.91812428873398,-121.0887289947716,-85.69364727553366,-126.75369637071364,-91.27935930434174
nlsbuss_nevo,Waves,Neve 5116 console buss,console-neve,drive_6,full,,250.0,-12.0,0.06952899439947523,96,-63.2745471904508,-118.91609186792722,-79.34506734879993,-129.7257014783999,-89.40055662958497,-131.75486251278343,-97.78584762260641
nlsbuss_nevo,Waves,Neve 5116 console buss,console-neve,drive_6,full,,250.0,-3.0,0.07291412613976274,96,-62.888088348780556,-152.35472900718227,-78.16175922909855,-133.8574080669394,-87.45404834961909,-153.15301236473408,-95.08221035601673
nlsbuss_nevo,Waves,Neve 5116 console buss,console-neve,drive_6,full,,2500.0,-12.0,0.06434415128853266,9,-63.979206976086274,-116.28409586570007,-79.20125019490901,-119.3442420835259,-87.90112558797324,-120.93421114495008,-94.50631343534465
nlsbuss_nevo,Waves,Neve 5116 console buss,console-neve,drive_6,full,,2500.0,-3.0,0.06804398639709416,9,-63.53425110722049,-125.54272271346343,-77.85286544850152,-123.01190433190447,-85.67913185339576,-122.1417478558651,-91.4097302197186
nlsbuss_nevo,Waves,Neve 5116 console buss,console-neve,drive_6,full,,31.5,-12.0,0.44405882669561186,762,-47.169719845319875,-103.71079058347865,-63.17975587746075,-102.88302345948411,-73.60672162175966,-102.2683522875616,-82.00989930550455
nlsbuss_nevo,Waves,Neve 5116 console buss,console-neve,drive_6,full,,31.5,-3.0,0.4455050828804409,762,-47.14366881932926,-101.71011039364622,-63.08264201442797,-102.25711294537925,-73.4234872636431,-101.92430436954487,-81.72957919572725
nlsbuss_nevo,Waves,Neve 5116 console buss,console-neve,drive_6,full,,315.0,-12.0,0.0673833685630579,76,-63.55541793258868,-117.38524724002107,-79.36840668980973,-126.75834320635286,-89.01933096725921,-136.7212035505259,-96.75391922629352
nlsbuss_nevo,Waves,Neve 5116 console buss,console-neve,drive_6,full,,315.0,-3.0,0.07087079627697555,76,-63.14755205821129,-132.87414380756763,-78.12248981591732,-145.82814042339214,-86.96696609634644,-139.05563637913994,-93.94811642926234
nlsbuss_nevo,Waves,Neve 5116 console buss,console-neve,drive_6,full,,3150.0,-12.0,0.06457943750288374,7,-63.94357293409591,-115.23519091731151,-79.1817974759583,-118.7289864493174,-87.80649548009347,-116.30577152819079,
nlsbuss_nevo,Waves,Neve 5116 console buss,console-neve,drive_6,full,,3150.0,-3.0,0.06824975812895687,7,-63.500832474870336,-122.45372311489531,-77.83792834070114,-121.95669011795216,-85.60604257700236,-117.44136361223534,
nlsbuss_nevo,Waves,Neve 5116 console buss,console-neve,drive_6,full,,40.0,-12.0,0.2979762045214133,595,-50.622755441152094,-104.9664270812581,-67.06687367927452,-110.78080481567397,-77.93272943117731,-117.03737835927008,-86.48599589136532
nlsbuss_nevo,Waves,Neve 5116 console buss,console-neve,drive_6,full,,40.0,-3.0,0.2997119096722167,595,-50.575638289423466,-102.75005157397834,-66.89877916903883,-108.77418157299712,-77.62322511510517,-117.04852208390116,-86.0063333723119
nlsbuss_nevo,Waves,Neve 5116 console buss,console-neve,drive_6,full,,400.0,-12.0,0.06603282169978311,60,-63.738571394442516,-116.22316596590169,-79.35193909806522,-124.2163480266457,-88.66342375471518,-131.6062982742853,-95.96581655609614
nlsbuss_nevo,Waves,Neve 5116 console buss,console-neve,drive_6,full,,400.0,-3.0,0.06959692520048692,60,-63.31575390601924,-127.31321271848715,-78.06307478381144,-136.13614106862423,-86.54193059953778,-145.76514839464934,-93.06410314930758
nlsbuss_nevo,Waves,Neve 5116 console buss,console-neve,drive_6,full,,4000.0,-12.0,0.06504688541940545,6,-63.88151115065733,-114.01941008681221,-79.1228526124449,-119.74060693743056,-87.5738294015356,,
nlsbuss_nevo,Waves,Neve 5116 console buss,console-neve,drive_6,full,,4000.0,-3.0,0.06870763782932188,6,-63.44301750838249,-119.27360028633493,-77.79138521764767,-122.45290158541656,-85.435786179831,,
nlsbuss_nevo,Waves,Neve 5116 console buss,console-neve,drive_6,full,,50.0,-12.0,0.2186703811176372,481,-53.30363885152573,-104.6569136638344,-70.02341837159999,-111.65361177349988,-81.19968503520808,-115.23567584525226,-89.40456883039784
nlsbuss_nevo,Waves,Neve 5116 console buss,console-neve,drive_6,full,,50.0,-3.0,0.22064888626478765,481,-53.23002892739031,-103.5389716531021,-69.77042576779438,-110.05976665326531,-80.73483065581085,-116.163797905096,-88.71534174177853
nlsbuss_nevo,Waves,Neve 5116 console buss,console-neve,drive_6,full,,500.0,-12.0,0.06525209209749312,47,-63.84679443992447,-116.37577170906688,-79.3439482607692,-121.01505528664401,-88.37153329808928,-127.0459895640241,-95.33386107238543
nlsbuss_nevo,Waves,Neve 5116 console buss,console-neve,drive_6,full,,500.0,-3.0,0.06886606687927826,47,-63.4147627248452,-127.65577797591561,-78.02687667914088,-127.017368457685,-86.21776607912514,-129.4108768662606,-92.39753869745043
nlsbuss_nevo,Waves,Neve 5116 console buss,console-neve,drive_6,full,,5000.0,-12.0,0.06565001489633498,4,-63.78342369514936,-114.20622536577085,-79.02218675880565,,,,
nlsbuss_nevo,Waves,Neve 5116 console buss,console-neve,drive_6,full,,5000.0,-3.0,0.06922778643359861,4,-63.350853409785124,-120.53823066857872,-77.70635925538691,,,,
nlsbuss_nevo,Waves,Neve 5116 console buss,console-neve,drive_6,full,,63.0,-12.0,0.16064402425023727,381,-55.974093098327636,-111.78188329177922,-73.04294502229786,-118.59210440309285,-84.43953270121314,-121.66442961668302,-92.9862697953127
nlsbuss_nevo,Waves,Neve 5116 console buss,console-neve,drive_6,full,,63.0,-3.0,0.16287439835525594,381,-55.86058396425736,-108.04625255568928,-72.66619046305,-116.33783149650894,-83.76716735786908,-121.94851960490502,-91.97541016326589
nlsbuss_nevo,Waves,Neve 5116 console buss,console-neve,drive_6,full,,630.0,-12.0,0.06474229007296543,38,-63.91896652978819,-114.93104283904125,-79.31053622102337,-121.83343507950057,-88.21773750595015,-127.4229142257765,-94.95637386233744
nlsbuss_nevo,Waves,Neve 5116 console buss,console-neve,drive_6,full,,630.0,-3.0,0.06839101192538417,38,-63.4806939798477,-123.18130551094558,-77.97783779083721,-128.91549995344235,-86.0306812399636,-133.96949263636176,-91.97572625069253
nlsbuss_nevo,Waves,Neve 5116 console buss,console-neve,drive_6,full,,6300.0,-12.0,0.06569191737118635,3,-63.64981292541006,-112.89404143767894,,,,,
nlsbuss_nevo,Waves,Neve 5116 console buss,console-neve,drive_6,full,,6300.0,-3.0,0.06897526948799365,3,-63.226144493015894,-118.59611380805396,,,,,
nlsbuss_nevo,Waves,Neve 5116 console buss,console-neve,drive_6,full,,80.0,-12.0,0.1237676516050149,300,-58.23596661134458,-118.74862923894256,-75.4592837118332,-122.96737469446373,-86.91025872217965,-120.3394737415883,-95.5925111202508
nlsbuss_nevo,Waves,Neve 5116 console buss,console-neve,drive_6,full,,80.0,-3.0,0.1262410594233358,300,-58.072502022376185,-112.70001269945402,-74.93180309480682,-120.02026426802203,-85.99068731039564,-120.4987351102465,-94.22023339569357
nlsbuss_nevo,Waves,Neve 5116 console buss,console-neve,drive_6,full,,800.0,-12.0,0.06442707427098542,30,-63.96391962999193,-114.5360302634274,-79.29563112281913,-121.16735314023859,-88.09484438078088,-126.3624220536415,-94.6791883124991
nlsbuss_nevo,Waves,Neve 5116 console buss,console-neve,drive_6,full,,800.0,-3.0,0.06809929085268883,30,-63.52160612250377,-122.11862642887021,-77.95145973790167,-127.3484265077596,-85.88963667956133,-131.70831350987532,-91.6748449440401
nlsbuss_nevo,Waves,Neve 5116 console buss,console-neve,drive_6,full,,8000.0,-12.0,0.06742219929328452,2,-63.423941700388994,,,,,,
nlsbuss_nevo,Waves,Neve 5116 console buss,console-neve,drive_6,full,,8000.0,-3.0,0.07067924170504264,2,-63.01416237093485,,,,,,
nlsbuss_nevo,Waves,Neve 5116 console buss,console-neve,drive_9,curve,,100.0,-12.0,0.2576239262375106,239,-51.87338304204161,-111.69549102813171,-68.86569232888516,-117.62950139253795,-80.16404465692301,-114.79001542815764,-88.90617877784214
nlsbuss_nevo,Waves,Neve 5116 console buss,console-neve,drive_9,curve,,1000.0,-12.0,0.16488705232833986,24,-55.817238964432015,-109.00456637883755,-70.75385964817558,-113.15928688670829,-79.21573138213029,-119.67553679302293,-85.4309972483685
nlsbuss_nevo,Waves,Neve 5116 console buss,console-neve,drive_9,curve,,10000.0,-12.0,0.16828783574730405,2,-55.478945494951375,,,,,,
nlsbuss_nevo,Waves,Neve 5116 console buss,console-neve,drive_9,curve,,125.0,-12.0,0.2227560845188062,191,-53.140799880227874,-127.34430399514338,-69.94960037708175,-128.73527799172768,-81.06744843832557,-120.32797007569573,-89.80192442545686
nlsbuss_nevo,Waves,Neve 5116 console buss,console-neve,drive_9,curve,,1250.0,-12.0,0.1646496177260994,19,-55.83029229894986,-108.93886099658899,-70.76966952066493,-112.87881337309484,-79.1254117634333,-118.66445963670446,-85.2949888155936
nlsbuss_nevo,Waves,Neve 5116 console buss,console-neve,drive_9,curve,,160.0,-12.0,0.19938793223853454,150,-54.11261041756362,-124.67360085556271,-70.55570759413214,-122.33464194130684,-81.2974804726664,-134.58953854944326,-90.10589376902527
nlsbuss_nevo,Waves,Neve 5116 console buss,console-neve,drive_9,curve,,1600.0,-12.0,0.16447284317325736,14,-55.84108008303723,-109.03444418171824,-70.73660649638244,-113.14793200120124,-79.12107442576149,-118.61762079193332,-85.27991426811262
nlsbuss_nevo,Waves,Neve 5116 console buss,console-neve,drive_9,curve,,200.0,-12.0,0.18629151267469332,120,-54.71303095332277,-115.77820787649341,-70.79783540384831,-141.1559878486812,-81.06810976368173,-137.40731899020503,-89.49715313537203
nlsbuss_nevo,Waves,Neve 5116 console buss,console-neve,drive_9,curve,,2000.0,-12.0,0.1645154337580564,11,-55.83826454812849,-108.89468490078426,-70.75617954830919,-113.22365625706979,-79.10704249017965,-118.30022627097497,-85.20591490422521
nlsbuss_nevo,Waves,Neve 5116 console buss,console-neve,drive_9,curve,,250.0,-12.0,0.17807770032468254,96,-55.11540709773296,-113.26046739783827,-70.87163334838482,-127.09032292831216,-80.64099836857855,-134.04876119401533,-88.64358845297522
nlsbuss_nevo,Waves,Neve 5116 console buss,console-neve,drive_9,curve,,2500.0,-12.0,0.1645409200677232,9,-55.837491187901705,-108.64631338730749,-70.73479852766329,-113.7523568064769,-79.09641671741001,-116.50099180880103,-85.30996093426145
nlsbuss_nevo,Waves,Neve 5116 console buss,console-neve,drive_9,curve,,31.5,-12.0,1.1199201691107181,762,-39.1359827695928,-95.78541193155262,-55.106364491473414,-93.58690673048486,-65.49309445150188,-93.19050211876015,-73.86036267290751
nlsbuss_nevo,Waves,Neve 5116 console buss,console-neve,drive_9,curve,,315.0,-12.0,0.17271242498395764,76,-55.391108695640895,-112.07321637661614,-70.87377546585775,-122.19028434018992,-80.21328854741947,-134.10301028403362,-87.66193129545312
nlsbuss_nevo,Waves,Neve 5116 console buss,console-neve,drive_9,curve,,3150.0,-12.0,0.16468458729608645,7,-55.82484576999426,-108.14336859233953,-70.73653570117551,-113.53889611940046,-79.06137016419025,-113.1284679011928,
nlsbuss_nevo,Waves,Neve 5116 console buss,console-neve,drive_9,curve,,40.0,-12.0,0.7532022290354367,595,-42.57011043507742,-98.09597116912272,-58.93983873215271,-102.84525105821659,-69.74091453645622,-106.2316241612454,-78.27054255864304
nlsbuss_nevo,Waves,Neve 5116 console buss,console-neve,drive_9,curve,,400.0,-12.0,0.1693582736575595,60,-55.56976421229134,-110.5161676296722,-70.84572577278044,-118.62422096740423,-79.84157612812992,-126.28451950230284,-86.85169854892492
nlsbuss_nevo,Waves,Neve 5116 console buss,console-neve,drive_9,curve,,4000.0,-12.0,0.16512982575260257,6,-55.80118084035281,-107.46727922116675,-70.72374665738573,-114.09659208066293,-79.00957847673378,,
nlsbuss_nevo,Waves,Neve 5116 console buss,console-neve,drive_9,curve,,50.0,-12.0,0.5534941981104762,481,-45.23980520291108,-97.25358184594155,-61.85669363993422,-104.54726256010885,-72.88557941725887,-109.66123236505113,-81.0909383669987
nlsbuss_nevo,Waves,Neve 5116 console buss,console-neve,drive_9,curve,,500.0,-12.0,0.16741480384064134,47,-55.67580787580766,-109.94634468768328,-70.82101681800928,-115.95232970610623,-79.56846581489467,-122.31034423135395,-86.2539794649099
nlsbuss_nevo,Waves,Neve 5116 console buss,console-neve,drive_9,curve,,5000.0,-12.0,0.16543858181361729,4,-55.76485222856343,-107.57619125200314,-70.68879695743533,,,,
nlsbuss_nevo,Waves,Neve 5116 console buss,console-neve,drive_9,curve,,63.0,-12.0,0.40704445851183907,381,-47.901939436474585,-101.7494160700172,-64.82279520431666,-108.2440659421051,-76.09086541210019,-116.60184489265775,-84.46280557928185
nlsbuss_nevo,Waves,Neve 5116 console buss,console-neve,drive_9,curve,,630.0,-12.0,0.16615098667459222,38,-55.745971331747555,-108.9578042212406,-70.7932656976323,-115.73519079864532,-79.39158667131657,-121.19137107187568,-85.85819970591223
nlsbuss_nevo,Waves,Neve 5116 console buss,console-neve,drive_9,curve,,6300.0,-12.0,0.16379376573554116,3,-55.71408496337804,-106.99737552602986,,,,,
nlsbuss_nevo,Waves,Neve 5116 console buss,console-neve,drive_9,curve,,80.0,-12.0,0.3142209818961687,300,-50.14767910499473,-106.56290943367593,-67.18097663749627,-111.73047785313247,-78.4317346118725,-111.6878763839297,-86.89843392318592
nlsbuss_nevo,Waves,Neve 5116 console buss,console-neve,drive_9,curve,,800.0,-12.0,0.1653467561108819,30,-55.79103755619241,-108.48148184360754,-70.77655514186795,-114.97480205353753,-79.26614825515817,-120.03262514186972,-85.57917072677319
nlsbuss_nevo,Waves,Neve 5116 console buss,console-neve,drive_9,curve,,8000.0,-12.0,0.1655796321887103,2,-55.61986172929281,,,,,,
nlsbuss_nevo,Waves,Neve 5116 console buss,console-neve,matched_thd_0.1_pct,full,thd_0.1_pct,100.0,-12.0,0.1566101328614192,239,-56.19404384217241,-118.17874262551159,-73.30409983583178,-123.37654327313376,-84.7175068161247,-119.53272245576643,-93.55543883632542
nlsbuss_nevo,Waves,Neve 5116 console buss,console-neve,matched_thd_0.1_pct,full,thd_0.1_pct,100.0,-3.0,0.1600845939168938,239,-56.01295536291383,-111.31786094380823,-72.72296471453025,-119.61430399763175,-83.71339829635693,-120.30671667408427,-92.06719680723195
nlsbuss_nevo,Waves,Neve 5116 console buss,console-neve,matched_thd_0.1_pct,full,thd_0.1_pct,1000.0,-12.0,0.09983921608931806,24,-60.16798260959233,-112.67711084419355,-75.26951626846791,-115.88523344162611,-83.91752750756224,-122.75076095552143,-90.25966759991347
nlsbuss_nevo,Waves,Neve 5116 console buss,console-neve,matched_thd_0.1_pct,full,thd_0.1_pct,1000.0,-3.0,0.10468946297883425,24,-59.79192937187807,-122.54469747290986,-74.10873359704725,-120.44303172157184,-81.97629122495326,-125.20367376512075,-87.5948399464325
nlsbuss_nevo,Waves,Neve 5116 console buss,console-neve,matched_thd_0.1_pct,full,thd_0.1_pct,10000.0,-12.0,0.1051620822359382,2,-59.562816466789876,,,,,,
nlsbuss_nevo,Waves,Neve 5116 console buss,console-neve,matched_thd_0.1_pct,full,thd_0.1_pct,10000.0,-3.0,0.1093941535295344,2,-59.22011775707375,,,,,,
nlsbuss_nevo,Waves,Neve 5116 console buss,console-neve,matched_thd_0.1_pct,full,thd_0.1_pct,125.0,-12.0,0.135291300957433,191,-57.46890038019873,-132.443787971369,-74.40877767576214,-132.73085456038032,-85.6476679469665,-124.16168591054588,-94.49563553530118
nlsbuss_nevo,Waves,Neve 5116 console buss,console-neve,matched_thd_0.1_pct,full,thd_0.1_pct,125.0,-3.0,0.13904299688071892,191,-57.24356812105498,-115.78061336193696,-73.69358789347386,-124.09693626700296,-84.43610180943242,-125.61492478590668,-92.76005138264614
nlsbuss_nevo,Waves,Neve 5116 console buss,console-neve,matched_thd_0.1_pct,full,thd_0.1_pct,1250.0,-12.0,0.0997241156795028,19,-60.17810007921269,-112.71342890476573,-75.30054732022572,-115.58330360211046,-83.79084815528134,-121.61140533421084,-90.11075527003355
nlsbuss_nevo,Waves,Neve 5116 console buss,console-neve,matched_thd_0.1_pct,full,thd_0.1_pct,1250.0,-3.0,0.10458484912259458,19,-59.80111562956179,-122.65279418606414,-74.13159924340961,-119.84417345347202,-81.85989080898298,-124.30917549512769,-87.45064685551306
nlsbuss_nevo,Waves,Neve 5116 console buss,console-neve,matched_thd_0.1_pct,full,thd_0.1_pct,160.0,-12.0,0.1210043223983224,150,-58.446774640839685,-132.68566986995046,-75.03588269195792,-129.4379614742891,-85.919903077105,-137.0480562510141,-94.84585837402486
nlsbuss_nevo,Waves,Neve 5116 console buss,console-neve,matched_thd_0.1_pct,full,thd_0.1_pct,160.0,-3.0,0.12503349452351398,150,-58.178191411284345,-115.78786186383083,-74.19179181920762,-119.634143857256,-84.50588117043687,-136.31396224901397,-92.85127547450237
nlsbuss_nevo,Waves,Neve 5116 console buss,console-neve,matched_thd_0.1_pct,full,thd_0.1_pct,1600.0,-12.0,0.09963629426890457,14,-60.18767280611221,-112.91993698573333,-75.24536320040185,-115.79489757497132,-83.80614048189464,-121.46626549338015,-90.1098933465372
nlsbuss_nevo,Waves,Neve 5116 console buss,console-neve,matched_thd_0.1_pct,full,thd_0.1_pct,1600.0,-3.0,0.1045048738339792,14,-59.809973123079025,-123.56386867964554,-74.08054939692622,-120.04956007646733,-81.86305535380357,-125.77783048042045,-87.42887853987249
nlsbuss_nevo,Waves,Neve 5116 console buss,console-neve,matched_thd_0.1_pct,full,thd_0.1_pct,200.0,-12.0,0.11296102562374918,120,-59.05392175256429,-118.26578752318449,-75.29242544702446,-138.26146635188255,-85.70162932096855,-137.32131038746115,-94.29024343509033
nlsbuss_nevo,Waves,Neve 5116 console buss,console-neve,matched_thd_0.1_pct,full,thd_0.1_pct,200.0,-3.0,0.11721330578816956,120,-58.752730792278214,-127.43037578140475,-74.3497647952138,-124.79763309535895,-84.12768018593788,-131.1959998780718,-92.1029885770337
nlsbuss_nevo,Waves,Neve 5116 console buss,console-neve,matched_thd_0.1_pct,full,thd_0.1_pct,2000.0,-12.0,0.09973361281319842,11,-60.17808423803925,-112.84984596230612,-75.27822320532314,-116.09257197707453,-83.77709510438865,-121.40112913318359,-90.0180126542474
nlsbuss_nevo,Waves,Neve 5116 console buss,console-neve,matched_thd_0.1_pct,full,thd_0.1_pct,2000.0,-3.0,0.10459550884558164,11,-59.8012218616502,-122.97153933046347,-74.11070323506851,-119.58889510722545,-81.84284723080057,-125.71172046088121,-87.36277447615889
nlsbuss_nevo,Waves,Neve 5116 console buss,console-neve,matched_thd_0.1_pct,full,thd_0.1_pct,250.0,-12.0,0.1079220078069431,96,-59.46034419571219,-116.17209446614731,-75.37610607463348,-128.3156032252707,-85.29450356190944,-132.21823697450336,-93.48369598435866
nlsbuss_nevo,Waves,Neve 5116 console buss,console-neve,matched_thd_0.1_pct,full,thd_0.1_pct,250.0,-3.0,0.11235247905585061,96,-59.13451466350834,-142.43510809862468,-74.36009362948603,-129.54319748702477,-83.60200114339362,-138.6130049506442,-91.12664802354922
nlsbuss_nevo,Waves,Neve 5116 console buss,console-neve,matched_thd_0.1_pct,full,thd_0.1_pct,2500.0,-12.0,0.09980011983491736,9,-60.17332645425759,-112.56111129229114,-75.23501763153953,-116.88278854017628,-83.76364513402991,-119.10727289251987,-90.17358259054842
nlsbuss_nevo,Waves,Neve 5116 console buss,console-neve,matched_thd_0.1_pct,full,thd_0.1_pct,2500.0,-3.0,0.10466968821082095,9,-59.79622721603489,-121.59189365536702,-74.07042528990347,-121.5600311625177,-81.82505279804339,-121.21283976523216,-87.46097168683039
nlsbuss_nevo,Waves,Neve 5116 console buss,console-neve,matched_thd_0.1_pct,full,thd_0.1_pct,31.5,-12.0,0.6835067356265393,762,-43.424090611462276,-100.11687717047587,-59.42021889679353,-98.34372775107403,-69.83450124495937,-97.87896306020501,-78.22087135943892
nlsbuss_nevo,Waves,Neve 5116 console buss,console-neve,matched_thd_0.1_pct,full,thd_0.1_pct,31.5,-3.0,0.6853156389792073,762,-43.40294746846348,-98.39656660154525,-59.340512918796556,-97.86460701770716,-69.68275319526522,-97.60219081314358,-77.98713378478631
nlsbuss_nevo,Waves,Neve 5116 console buss,console-neve,matched_thd_0.1_pct,full,thd_0.1_pct,315.0,-12.0,0.10463323469745991,76,-59.73845245943306,-114.85594946861026,-75.38754183273184,-124.52859774751532,-84.88641344654758,-135.15039044982208,-92.48302025844959
nlsbuss_nevo,Waves,Neve 5116 console buss,console-neve,matched_thd_0.1_pct,full,thd_0.1_pct,315.0,-3.0,0.10920574566714107,76,-59.39419853985031,-134.16502981239097,-74.31680383336128,-137.66318205846028,-83.10163340804779,-133.7003065813351,-90.02173427139175
nlsbuss_nevo,Waves,Neve 5116 console buss,console-neve,matched_thd_0.1_pct,full,thd_0.1_pct,3150.0,-12.0,0.10002251637152051,7,-60.149527609567485,-111.83916743431858,-75.22624686500114,-116.49738052709529,-83.70091137340191,-114.9873005225899,
nlsbuss_nevo,Waves,Neve 5116 console buss,console-neve,matched_thd_0.1_pct,full,thd_0.1_pct,3150.0,-3.0,0.10484989144793994,7,-59.77374660467051,-119.46396956956482,-74.06448236978962,-120.75303690934355,-81.77559138097473,-116.659430564452,
nlsbuss_nevo,Waves,Neve 5116 console buss,console-neve,matched_thd_0.1_pct,full,thd_0.1_pct,40.0,-12.0,0.4590842382639236,595,-46.869314822074614,-101.93165820215785,-63.28349552688549,-107.19741486121052,-74.12594569582294,-111.49150022834002,-82.67209597494464
nlsbuss_nevo,Waves,Neve 5116 console buss,console-neve,matched_thd_0.1_pct,full,thd_0.1_pct,40.0,-3.0,0.4612676924731997,595,-46.8308856558387,-99.77616207312538,-63.14465579091147,-105.40176642701186,-73.86767216403256,-111.4691305166314,-82.2679963674245
nlsbuss_nevo,Waves,Neve 5116 console buss,console-neve,matched_thd_0.1_pct,full,thd_0.1_pct,400.0,-12.0,0.10257112992342064,60,-59.919145621975396,-113.52516396144671,-75.36454606522953,-121.56571745778496,-84.52112446561156,-129.065694803563,-91.6814426707877
nlsbuss_nevo,Waves,Neve 5116 console buss,console-neve,matched_thd_0.1_pct,full,thd_0.1_pct,400.0,-3.0,0.10725037736315235,60,-59.56201424440038,-126.07058559214997,-74.25607492609856,-136.41188096042498,-82.67479678377032,-144.55964044256785,-89.1341315906856
nlsbuss_nevo,Waves,Neve 5116 console buss,console-neve,matched_thd_0.1_pct,full,thd_0.1_pct,4000.0,-12.0,0.10051127672816086,6,-60.10730454396021,-110.9229031253215,-75.19197727032214,-117.53300318498921,-83.57385759246057,,
nlsbuss_nevo,Waves,Neve 5116 console buss,console-neve,matched_thd_0.1_pct,full,thd_0.1_pct,4000.0,-3.0,0.10532597755075108,6,-59.73422417050038,-117.40460647171881,-74.0383614606759,-119.89600756712522,-81.68500342559187,,
nlsbuss_nevo,Waves,Neve 5116 console buss,console-neve,matched_thd_0.1_pct,full,thd_0.1_pct,50.0,-12.0,0.3371703694359941,481,-49.54359215094978,-101.32773951208313,-66.21866842868451,-108.52846957023755,-77.32414678456338,-112.74573996726252,-85.53596986771137
nlsbuss_nevo,Waves,Neve 5116 console buss,console-neve,matched_thd_0.1_pct,full,thd_0.1_pct,50.0,-3.0,0.3396738822871261,481,-49.483243357094544,-100.14091867148237,-66.00841259595127,-106.89653278274498,-76.93513517520276,-113.78438897461423,-84.95104947924204
nlsbuss_nevo,Waves,Neve 5116 console buss,console-neve,matched_thd_0.1_pct,full,thd_0.1_pct,500.0,-12.0,0.10137763414598151,47,-60.02617062983937,-113.30019394542141,-75.34681662174448,-118.70968742699569,-84.24056065909384,-125.06502068371097,-91.0689784667001
nlsbuss_nevo,Waves,Neve 5116 console buss,console-neve,matched_thd_0.1_pct,full,thd_0.1_pct,500.0,-3.0,0.10612621220263516,47,-59.66110182192974,-125.01632039684245,-74.21428145038965,-126.24789696196984,-82.3620394000798,-129.25315184867537,-88.48336526688146
nlsbuss_nevo,Waves,Neve 5116 console buss,console-neve,matched_thd_0.1_pct,full,thd_0.1_pct,5000.0,-12.0,0.10105783375116642,4,-60.04135294981313,-111.0666428069517,-75.12332404103485,,,,
nlsbuss_nevo,Waves,Neve 5116 console buss,console-neve,matched_thd_0.1_pct,full,thd_0.1_pct,5000.0,-3.0,0.10575843181655965,4,-59.67185004608293,-117.85102900514909,-73.97986165843905,,,,
nlsbuss_nevo,Waves,Neve 5116 console buss,console-neve,matched_thd_0.1_pct,full,thd_0.1_pct,63.0,-12.0,0.24786638589896082,381,-52.20858305626394,-106.91973453896692,-69.20909425751633,-113.46911633010222,-80.54718957243699,-119.37783668323976,-89.00214854629395
nlsbuss_nevo,Waves,Neve 5116 console buss,console-neve,matched_thd_0.1_pct,full,thd_0.1_pct,63.0,-3.0,0.25070758297714235,381,-52.114927845459064,-103.88940962535322,-68.89389470929494,-111.79039165986791,-79.97894211390604,-119.94217487233585,-88.14302789143886
nlsbuss_nevo,Waves,Neve 5116 console buss,console-neve,matched_thd_0.1_pct,full,thd_0.1_pct,630.0,-12.0,0.10060055488088368,38,-60.097184533036724,-112.12570699714506,-75.316768740047,-118.98486654569473,-84.07259216970745,-124.50614410461382,-90.68024005659407
nlsbuss_nevo,Waves,Neve 5116 console buss,console-neve,matched_thd_0.1_pct,full,thd_0.1_pct,630.0,-3.0,0.1053975172515063,38,-59.726740620442726,-121.10227997716983,-74.16981485970913,-127.04119232966022,-82.16648123210152,-132.32226849919078,-88.0568344164318
nlsbuss_nevo,Waves,Neve 5116 console buss,console-neve,matched_thd_0.1_pct,full,thd_0.1_pct,6300.0,-12.0,0.10058224066388875,3,-59.94961519822251,-110.16572290327552,,,,,
nlsbuss_nevo,Waves,Neve 5116 console buss,console-neve,matched_thd_0.1_pct,full,thd_0.1_pct,6300.0,-3.0,0.10488478732570936,3,-59.58575917654839,-116.31862454298918,,,,,
nlsbuss_nevo,Waves,Neve 5116 console buss,console-neve,matched_thd_0.1_pct,full,thd_0.1_pct,80.0,-12.0,0.19118955748965613,300,-54.46084054324503,-112.50918675783639,-71.59371689308561,-117.33136815179913,-82.94589931807738,-116.18821640941113,-91.51504422303225
nlsbuss_nevo,Waves,Neve 5116 console buss,console-neve,matched_thd_0.1_pct,full,thd_0.1_pct,80.0,-3.0,0.19436148097111078,300,-54.32517751521711,-107.93751819299672,-71.14958632341535,-114.939379144546,-82.16529808264869,-116.35253071285456,-90.34291725200278
nlsbuss_nevo,Waves,Neve 5116 console buss,console-neve,matched_thd_0.1_pct,full,thd_0.1_pct,800.0,-12.0,0.10011265748400794,30,-60.142153209207805,-111.69731545188775,-75.30075273166993,-118.27570750145732,-83.94792747114444,-123.42944315843111,-90.4013183491729
nlsbuss_nevo,Waves,Neve 5116 console buss,console-neve,matched_thd_0.1_pct,full,thd_0.1_pct,800.0,-3.0,0.1049425691758991,30,-59.768184990524446,-119.87877574541241,-74.1435521755036,-125.23416841933143,-82.02553078088152,-129.6862576602843,-87.75648816876247
nlsbuss_nevo,Waves,Neve 5116 console buss,console-neve,matched_thd_0.1_pct,full,thd_0.1_pct,8000.0,-12.0,0.10244742867313973,2,-59.78997874956625,,,,,,
nlsbuss_nevo,Waves,Neve 5116 console buss,console-neve,matched_thd_0.1_pct,full,thd_0.1_pct,8000.0,-3.0,0.10671943325885047,2,-59.43512979546347,,,,,,
nlsbuss_spike,Waves,EMI TG12345 console buss,console-emi,drive_0,full,,100.0,-12.0,2.125718738946212,239,-33.561868232692554,-67.97624139720992,-49.996867664571965,-75.8535115374311,-59.61258941156228,-81.63874627886017,-66.77962244122915
nlsbuss_spike,Waves,EMI TG12345 console buss,console-emi,drive_0,full,,100.0,-3.0,2.3879436416069812,239,-32.61050614757699,-72.64521034497267,-47.347416990155196,-78.75852996130101,-55.51854305523353,-83.12858851784767,-61.44597366050877
nlsbuss_spike,Waves,EMI TG12345 console buss,console-emi,drive_0,full,,1000.0,-12.0,0.6401243057629744,24,-43.929129333389014,-74.87664543877032,-63.55422727800986,-85.02549030203019,-75.38131405700831,-92.49919147178733,-84.12710840155854
nlsbuss_spike,Waves,EMI TG12345 console buss,console-emi,drive_0,full,,1000.0,-3.0,0.8475385027659038,24,-41.555844625207136,-76.60221526925969,-57.734072555748206,-84.22314342903672,-67.16113093146336,-89.9498176284848,-74.18160691022555
nlsbuss_spike,Waves,EMI TG12345 console buss,console-emi,drive_0,full,,10000.0,-12.0,2.1928446010749534,2,-33.17984288206223,,,,,,
nlsbuss_spike,Waves,EMI TG12345 console buss,console-emi,drive_0,full,,10000.0,-3.0,2.412499772802846,2,-32.350654377676975,,,,,,
nlsbuss_spike,Waves,EMI TG12345 console buss,console-emi,drive_0,full,,125.0,-12.0,1.6896358734410102,191,-35.54343509152444,-69.11138896143235,-52.48491110336987,-77.37359087283713,-62.48709159204381,-83.48652509816496,-69.96314369455463
nlsbuss_spike,Waves,EMI TG12345 console buss,console-emi,drive_0,full,,125.0,-3.0,1.947766011751925,191,-34.37150113047839,-73.2613033976763,-49.31062222748242,-79.57892323326416,-57.67183443562019,-84.1922375505433,-63.775674578045816
nlsbuss_spike,Waves,EMI TG12345 console buss,console-emi,drive_0,full,,1250.0,-12.0,0.7135056543731391,19,-42.990548106142114,-74.18384690811102,-62.276429388273854,-84.14041300619643,-73.8929776578471,-91.43305104174274,-82.57566961348141
nlsbuss_spike,Waves,EMI TG12345 console buss,console-emi,drive_0,full,,1250.0,-3.0,0.9285284248752342,19,-40.76819748360401,-76.21709687287233,-56.772898337978475,-83.69864687270206,-66.06910395722234,-89.27263990457165,-73.02203472724084
nlsbuss_spike,Waves,EMI TG12345 console buss,console-emi,drive_0,full,,160.0,-12.0,1.3163135472575382,150,-37.69890668077047,-70.44116266374304,-55.25420446286116,-79.20188860544005,-65.70421457242136,-85.6784392833562,-73.51026722151869
nlsbuss_spike,Waves,EMI TG12345 console buss,console-emi,drive_0,full,,160.0,-3.0,1.5659117359719883,150,-36.256436477956974,-73.98429495673477,-51.456118136164946,-80.63264898556321,-60.05280462467102,-85.51637414405677,-66.36197390447458
nlsbuss_spike,Waves,EMI TG12345 console buss,console-emi,drive_0,full,,1600.0,-12.0,0.8313460986710123,14,-41.66893757131048,-73.23350009519142,-60.49567123961049,-82.91778801244972,-71.85512052259472,-90.03255111650269,-80.42365838601111
nlsbuss_spike,Waves,EMI TG12345 console buss,console-emi,drive_0,full,,1600.0,-3.0,1.0565106324179685,14,-39.65346551452144,-75.69457580665167,-55.43362947023859,-82.98672353368728,-64.57873155309824,-88.41148813287779,-71.45105145413389
nlsbuss_spike,Waves,EMI TG12345 console buss,console-emi,drive_0,full,,200.0,-12.0,1.0548399636359198,120,-39.61151311934581,-71.72975492165361,-57.75891508267405,-80.93017914775407,-68.61229103390939,-87.62368799028451,-76.72655344857581
nlsbuss_spike,Waves,EMI TG12345 console buss,console-emi,drive_0,full,,200.0,-3.0,1.2938133234119498,120,-37.90454555824598,-74.72363047880053,-53.3694197555767,-81.66111654620708,-62.19347293170155,-86.69755775907961,-68.70850261061707
nlsbuss_spike,Waves,EMI TG12345 console buss,console-emi,drive_0,full,,2000.0,-12.0,0.976629901306219,11,-40.27659755340266,-72.27273368361152,-58.65493249960817,-81.67465845146347,-69.77229402350987,-88.66377590493141,-78.21561567691754
nlsbuss_spike,Waves,EMI TG12345 console buss,console-emi,drive_0,full,,2000.0,-3.0,1.211514684473194,11,-38.47084953728887,-75.18002845717893,-54.046839144004586,-82.28312452680767,-63.07050583889528,-87.61640828594292,-69.90292234627444
nlsbuss_spike,Waves,EMI TG12345 console buss,console-emi,drive_0,full,,250.0,-12.0,0.864137212319391,96,-41.334602846450615,-72.93473061648463,-60.05313130489127,-82.52048573626325,-71.28576777632846,-89.44939190400416,-79.68071173710301
nlsbuss_spike,Waves,EMI TG12345 console buss,console-emi,drive_0,full,,250.0,-3.0,1.091525608905685,96,-39.37211114497947,-75.40882880260654,-55.106000807566495,-82.61075074799822,-64.15674386301946,-87.84939771883055,-70.86984224374127
nlsbuss_spike,Waves,EMI TG12345 console buss,console-emi,drive_0,full,,2500.0,-12.0,1.1621991626481913,9,-38.772718970544766,-71.28633532986312,-56.71077305242315,-80.42375381872638,-67.63145697846711,-87.37702301044806,-76.22225142811428
nlsbuss_spike,Waves,EMI TG12345 console buss,console-emi,drive_0,full,,2500.0,-3.0,1.4060986541148663,9,-37.1826744229335,-74.66877417896707,-52.58005591108904,-81.61456610209302,-61.5454081757709,-86.95574452323862,-68.56142944782701
nlsbuss_spike,Waves,EMI TG12345 console buss,console-emi,drive_0,full,,31.5,-12.0,5.912172551019539,762,-24.730779959352084,-63.78155802261344,-39.587707078850705,-70.00553824928505,-47.875235192848756,-74.70632598438249,-53.93059095581598
nlsbuss_spike,Waves,EMI TG12345 console buss,console-emi,drive_0,full,,31.5,-3.0,6.1448706800537245,762,-24.427922812079185,-69.93487811885187,-38.6137914479131,-75.12223006477502,-46.22988071606812,-79.04378213573547,-51.635000926737064
nlsbuss_spike,Waves,EMI TG12345 console buss,console-emi,drive_0,full,,315.0,-12.0,0.72503831635183,76,-42.85179915097433,-74.02974448457843,-62.10094597425925,-83.95292995527136,-73.68022373951626,-91.17751936145375,-82.29097804357865
nlsbuss_spike,Waves,EMI TG12345 console buss,console-emi,drive_0,full,,315.0,-3.0,0.9409937844289894,76,-40.65281139893475,-76.03597524922995,-56.64754269825508,-83.48409644234026,-65.91450368690259,-88.98496336610847,-72.79923847350086
nlsbuss_spike,Waves,EMI TG12345 console buss,console-emi,drive_0,full,,3150.0,-12.0,1.3938209730203412,7,-37.199865522341355,-70.32400272906901,-54.757926474986284,-79.27846506017802,-65.66466459393456,-86.57327752120109,
nlsbuss_spike,Waves,EMI TG12345 console buss,console-emi,drive_0,full,,3150.0,-3.0,1.6445044723638693,7,-35.82218821544434,-74.19382839390296,-51.10618835296968,-81.07543966266122,-60.205874747212874,-86.81693328918342,
nlsbuss_spike,Waves,EMI TG12345 console buss,console-emi,drive_0,full,,40.0,-12.0,4.960075015710743,595,-26.24787176847775,-64.44059059294636,-41.299201026342686,-70.86832109508667,-49.76484073869263,-75.68026857441399,-55.97108233699303
nlsbuss_spike,Waves,EMI TG12345 console buss,console-emi,drive_0,full,,40.0,-3.0,5.203135967514918,595,-25.869601696589093,-70.48658863145687,-40.11611583264489,-75.7289394664003,-47.797831765587595,-79.61629359522364,-53.261395722646164
nlsbuss_spike,Waves,EMI TG12345 console buss,console-emi,drive_0,full,,400.0,-12.0,0.634145236127474,60,-44.010182912053054,-74.90287123255467,-63.67817076937403,-85.08879250263261,-75.51507102437013,-92.46510590348382,-84.29745655713668
nlsbuss_spike,Waves,EMI TG12345 console buss,console-emi,drive_0,full,,400.0,-3.0,0.8407922280761125,60,-41.62450227086716,-76.5559302743924,-57.83169428428423,-84.20217015998597,-67.26759666785529,-89.84635004232896,-74.29193770179032
nlsbuss_spike,Waves,EMI TG12345 console buss,console-emi,drive_0,full,,4000.0,-12.0,1.657865252124663,6,-35.6966320863292,-69.4945750450659,-53.03830567142009,-78.50177739084867,-64.0328265916812,,
nlsbuss_spike,Waves,EMI TG12345 console buss,console-emi,drive_0,full,,4000.0,-3.0,1.9125145599256559,6,-34.50880813754806,-73.81765627241792,-49.82449454940684,-80.85971150195067,-59.15575559671537,,
nlsbuss_spike,Waves,EMI TG12345 console buss,console-emi,drive_0,full,,50.0,-12.0,4.170541527087401,481,-27.745050046522046,-65.13776440396018,-43.019920064159585,-71.82147098508511,-51.68985814508233,-76.66229342770058,-58.059192459268814
nlsbuss_spike,Waves,EMI TG12345 console buss,console-emi,drive_0,full,,50.0,-3.0,4.421844645143006,481,-27.27894609109039,-71.03229042476073,-41.59897469869761,-76.39618603554352,-49.3619998156537,-80.11927696369202,-54.89257109273361
nlsbuss_spike,Waves,EMI TG12345 console buss,console-emi,drive_0,full,,500.0,-12.0,0.588769979229597,47,-44.65239021687334,-75.40582241449287,-64.55965065323342,-85.69997571727444,-76.52229786746344,-93.25291663092769,-85.40925417302296
nlsbuss_spike,Waves,EMI TG12345 console buss,console-emi,drive_0,full,,500.0,-3.0,0.7900962911346804,47,-42.161218672462354,-76.86859559369759,-58.49179172813841,-84.59299941554605,-68.01665750190406,-90.39170290262862,-75.12400723991883
nlsbuss_spike,Waves,EMI TG12345 console buss,console-emi,drive_0,full,,5000.0,-12.0,1.8970686400748469,4,-34.516719747757406,-68.96971780532166,-51.999612001513256,,,,
nlsbuss_spike,Waves,EMI TG12345 console buss,console-emi,drive_0,full,,5000.0,-3.0,2.1495827516879324,4,-33.47007717771789,-73.64355527321122,-49.11668163408768,,,,
nlsbuss_spike,Waves,EMI TG12345 console buss,console-emi,drive_0,full,,63.0,-12.0,3.374365123094446,381,-29.573836252833537,-65.88115330230644,-45.162288729045976,-72.98157466406592,-54.09849253931911,-78.23046537769153,-60.69560101443998
nlsbuss_spike,Waves,EMI TG12345 console buss,console-emi,drive_0,full,,63.0,-3.0,3.6328126146869777,381,-28.980765331835677,-71.38125123707849,-43.407403473927644,-77.08940703357516,-51.27719109149982,-81.17950486082093,-56.91172818241479
nlsbuss_spike,Waves,EMI TG12345 console buss,console-emi,drive_0,full,,630.0,-12.0,0.5759916285336751,38,-44.84227018895066,-75.55012309420434,-64.81529478741585,-85.91977466886134,-76.83311302797053,-93.39213477497046,-85.72835006978613
nlsbuss_spike,Waves,EMI TG12345 console buss,console-emi,drive_0,full,,630.0,-3.0,0.7757424287049258,38,-42.31953931930469,-76.96274591954679,-58.68307455576983,-84.75358153350982,-68.24090100633018,-90.49815800814332,-75.36606904877323
nlsbuss_spike,Waves,EMI TG12345 console buss,console-emi,drive_0,full,,6300.0,-12.0,2.0859712825480337,3,-33.61514250316507,-68.82290930507742,,,,,
nlsbuss_spike,Waves,EMI TG12345 console buss,console-emi,drive_0,full,,6300.0,-3.0,2.3239800339270866,3,-32.67569019727681,-73.76357231318157,,,,,
nlsbuss_spike,Waves,EMI TG12345 console buss,console-emi,drive_0,full,,80.0,-12.0,2.6809077594712925,300,-31.559379888457592,-66.91130502645083,-47.53928332747334,-74.3856597065218,-56.79477035093509,-79.85718414623551,-63.66889773638127
nlsbuss_spike,Waves,EMI TG12345 console buss,console-emi,drive_0,full,,80.0,-3.0,2.9432867081464704,300,-30.802241342765818,-72.05442263066791,-45.367407582984484,-77.94369197990817,-53.37300452744599,-82.10451237687289,-59.145054557297165
nlsbuss_spike,Waves,EMI TG12345 console buss,console-emi,drive_0,full,,800.0,-12.0,0.594762232718462,30,-44.564865619593625,-75.34688695146542,-64.43066045497028,-85.65625201583721,-76.38832175160287,-93.09910141370644,-85.25670116130095
nlsbuss_spike,Waves,EMI TG12345 console buss,console-emi,drive_0,full,,800.0,-3.0,0.7968707574160476,30,-42.087724254259456,-76.85949912580926,-58.39280553575145,-84.60495469688844,-67.90859535804968,-90.320726542147,-75.00729038803213
nlsbuss_spike,Waves,EMI TG12345 console buss,console-emi,drive_0,full,,8000.0,-12.0,2.211008552688331,2,-33.1081915493469,,,,,,
nlsbuss_spike,Waves,EMI TG12345 console buss,console-emi,drive_0,full,,8000.0,-3.0,2.4429889497404,2,-32.241569948927676,,,,,,
nlsbuss_spike,Waves,EMI TG12345 console buss,console-emi,drive_12,full,,100.0,-12.0,9.429947318657032,239,-20.667203402850323,-58.982818412780944,-35.724319711104194,-65.46834668087847,-44.19440095402004,-70.18123662743145,-50.395575076392014
nlsbuss_spike,Waves,EMI TG12345 console buss,console-emi,drive_12,full,,100.0,-3.0,9.884802395933233,239,-20.295105916543452,-65.15042903312849,-34.55043321721922,-70.48306209459413,-42.238078298066846,-74.20169573052017,-47.69902698899528
nlsbuss_spike,Waves,EMI TG12345 console buss,console-emi,drive_12,full,,1000.0,-12.0,3.224109400093284,24,-29.931653093945968,-63.638755932946665,-46.84636540173944,-71.90552878843351,-56.835942505774256,-78.03700136731428,-64.31570626306335
nlsbuss_spike,Waves,EMI TG12345 console buss,console-emi,drive_12,full,,1000.0,-3.0,3.7100664120527616,24,-28.77535201624173,-67.96684910078426,-43.69389860973214,-74.30566590162977,-52.04557230642748,-78.95086076211994,-58.15749373132449
nlsbuss_spike,Waves,EMI TG12345 console buss,console-emi,drive_12,full,,10000.0,-12.0,9.685428295109462,2,-20.277623395459194,,,,,,
nlsbuss_spike,Waves,EMI TG12345 console buss,console-emi,drive_12,full,,10000.0,-3.0,10.033216871566601,2,-19.971196004435704,,,,,,
nlsbuss_spike,Waves,EMI TG12345 console buss,console-emi,drive_12,full,,125.0,-12.0,7.642381635943695,191,-22.482397465282872,-59.73128319612836,-37.809194091844475,-66.50909809979886,-46.5187216604113,-71.47420282085064,-52.9322481841897
nlsbuss_spike,Waves,EMI TG12345 console buss,console-emi,drive_12,full,,125.0,-3.0,8.1157416359563,191,-22.00337156422643,-65.6117722615537,-36.34504338976917,-71.08308951236867,-44.124182192414345,-74.95498052546426,-49.67701384914449
nlsbuss_spike,Waves,EMI TG12345 console buss,console-emi,drive_12,full,,1250.0,-12.0,3.547370565171421,19,-29.10691206924442,-63.173204575792035,-45.80491075066912,-71.2715524745143,-55.64427069928971,-77.28703796619658,-63.0331454369006
nlsbuss_spike,Waves,EMI TG12345 console buss,console-emi,drive_12,full,,1250.0,-3.0,4.037183164296808,19,-28.045061502741802,-67.74820323645488,-42.875314519469015,-73.98866204656903,-51.1585187129738,-78.55744823972452,-57.23023256255513
nlsbuss_spike,Waves,EMI TG12345 console buss,console-emi,drive_12,full,,160.0,-12.0,6.0990632316624955,150,-24.42971405935845,-60.60482170657706,-40.09754677723903,-67.74059923895649,-49.09733789539764,-72.99769384287731,-55.757998771604576
nlsbuss_spike,Waves,EMI TG12345 console buss,console-emi,drive_12,full,,160.0,-3.0,6.585793399583294,150,-23.81196610602711,-66.11481514743636,-38.26900949946061,-71.78548254947361,-46.165727118024584,-75.8411563449704,-51.832038020200606
nlsbuss_spike,Waves,EMI TG12345 console buss,console-emi,drive_12,full,,1600.0,-12.0,4.060164387668317,14,-27.941365844374474,-62.53882991484473,-44.35664873762319,-70.41584454708145,-54.01022838818952,-76.29427859075628,-61.29536254374255
nlsbuss_spike,Waves,EMI TG12345 console buss,console-emi,drive_12,full,,1600.0,-3.0,4.5531537880233595,14,-27.004839427089795,-67.44597569596561,-41.72764365705503,-73.56594099711243,-49.93943356760029,-78.0549081051423,-55.983776005454075
nlsbuss_spike,Waves,EMI TG12345 console buss,console-emi,drive_12,full,,200.0,-12.0,5.004796607045664,120,-26.136330235298853,-61.45844543594566,-42.147356475624925,-68.92661620007779,-51.42746777064985,-74.41474299378507,-58.32574179953413
nlsbuss_spike,Waves,EMI TG12345 console buss,console-emi,drive_12,full,,200.0,-3.0,5.497379797499813,120,-25.37513364365423,-66.61814496860146,-39.95405813270477,-72.47308047206529,-47.97105638342089,-76.65207173385585,-53.75502892264201
nlsbuss_spike,Waves,EMI TG12345 console buss,console-emi,drive_12,full,,2000.0,-12.0,4.684115107337546,11,-26.70683542161571,-61.90522553693175,-42.8572735645702,-69.57031952809525,-52.353260303183724,-75.35279952067152,-59.5885168739839
nlsbuss_spike,Waves,EMI TG12345 console buss,console-emi,drive_12,full,,2000.0,-3.0,5.177319753307994,11,-25.892526091732652,-67.1486953265397,-40.52704606939352,-73.1609818835961,-48.70124818973097,-77.62012875398034,-54.78211182332916
nlsbuss_spike,Waves,EMI TG12345 console buss,console-emi,drive_12,full,,250.0,-12.0,4.194396521067808,96,-27.660781399425296,-62.268566319873685,-44.01465799186812,-70.04596189814548,-53.56679311237096,-75.7681063469337,-60.68817357216089
nlsbuss_spike,Waves,EMI TG12345 console buss,console-emi,drive_12,full,,250.0,-3.0,4.68746966987315,96,-26.753575972283336,-67.0755614481696,-41.46027750828893,-73.10785177896642,-49.60093128151951,-77.44039102726535,-55.50185970317215
nlsbuss_spike,Waves,EMI TG12345 console buss,console-emi,drive_12,full,,2500.0,-12.0,5.471763895003818,9,-25.363468143373208,-61.2648041469815,-41.27399372443839,-68.74709172940871,-50.67183535692861,-74.53283312851686,-58.048322641636496
nlsbuss_spike,Waves,EMI TG12345 console buss,console-emi,drive_12,full,,2500.0,-3.0,5.961081588030101,9,-24.669912038499366,-66.85570121904803,-39.245368225903945,-72.7975618844884,-47.44939393412033,-77.33237003804989,-53.76169572282683
nlsbuss_spike,Waves,EMI TG12345 console buss,console-emi,drive_12,full,,31.5,-12.0,25.203429133194692,762,-12.162833463777531,-55.94582070110624,-26.463201797430944,-61.337271412214996,-34.20661607831734,-65.14286809766466,-39.72724773192942
nlsbuss_spike,Waves,EMI TG12345 console buss,console-emi,drive_12,full,,31.5,-3.0,25.50659121866204,762,-12.073637716676512,-62.52570046760505,-26.109799161769097,-67.29977196891994,-33.556724882162165,-70.54684741732143,-38.76794845746265
nlsbuss_spike,Waves,EMI TG12345 console buss,console-emi,drive_12,full,,315.0,-12.0,3.593682600807579,76,-28.99477342750246,-63.018875219624455,-45.6763998934506,-71.07876598798035,-55.48135099101641,-77.02943262266888,-62.800771920346996
nlsbuss_spike,Waves,EMI TG12345 console buss,console-emi,drive_12,full,,315.0,-3.0,4.083565417048863,76,-27.94592366033864,-67.49500467103279,-42.77995083959881,-73.69813688482334,-51.0410774639573,-78.19755510858162,-57.051398360235396
nlsbuss_spike,Waves,EMI TG12345 console buss,console-emi,drive_12,full,,3150.0,-12.0,6.443682989272141,7,-23.94554421333104,-60.65502357319839,-39.68040968675807,-68.0459696960406,-49.169023856784634,-74.10197484769408,
nlsbuss_spike,Waves,EMI TG12345 console buss,console-emi,drive_12,full,,3150.0,-3.0,6.921538426725438,7,-23.365993918072704,-66.59227721802624,-37.94291343867598,-72.55990182790842,-46.368163291501546,-77.46182484437317,
nlsbuss_spike,Waves,EMI TG12345 console buss,console-emi,drive_12,full,,40.0,-12.0,21.136415553514805,595,-13.6870562572083,-56.499673041052475,-28.07165868234511,-62.04513820260833,-35.90343833565336,-65.9843317953904,-41.51083983810878
nlsbuss_spike,Waves,EMI TG12345 console buss,console-emi,drive_12,full,,40.0,-3.0,21.47447409031769,595,-13.56693985918958,-63.154760093978595,-27.625052965612944,-68.00326854552063,-35.098600562392534,-71.31823789859726,-40.33810029080462
nlsbuss_spike,Waves,EMI TG12345 console buss,console-emi,drive_12,full,,400.0,-12.0,3.1954254808130345,60,-30.008582003552455,-63.62481423542781,-46.95524413929909,-71.90588808375108,-56.958225970049874,-78.01405200621572,-64.4325063638725
nlsbuss_spike,Waves,EMI TG12345 console buss,console-emi,drive_12,full,,400.0,-3.0,3.6807137182787018,60,-28.843563241916094,-67.84696663177206,-43.78356515118142,-74.18783655446515,-52.14226221016518,-78.7974990851615,-58.24207026545396
nlsbuss_spike,Waves,EMI TG12345 console buss,console-emi,drive_12,full,,4000.0,-12.0,7.5443507554332845,6,-22.57572944930181,-60.154248470437196,-38.28589593723631,-67.72004921333425,-47.961270328385396,,
nlsbuss_spike,Waves,EMI TG12345 console buss,console-emi,drive_12,full,,4000.0,-3.0,8.007078969181885,6,-22.094076356278723,-66.40548572896705,-36.80403390174336,-72.64995925447786,-45.53669871431887,,
nlsbuss_spike,Waves,EMI TG12345 console buss,console-emi,drive_12,full,,50.0,-12.0,17.826006642298193,481,-15.161623053622627,-56.982107155029595,-29.646515057127267,-62.689963996546766,-37.579482770563395,-66.77120103306069,-43.284776520882666
nlsbuss_spike,Waves,EMI TG12345 console buss,console-emi,drive_12,full,,50.0,-3.0,18.194323764684622,481,-15.005088262424364,-63.60374195712694,-29.09069139370869,-68.52973769719992,-36.59549213160042,-71.92004177386421,-41.86815670963622
nlsbuss_spike,Waves,EMI TG12345 console buss,console-emi,drive_12,full,,500.0,-12.0,2.9946068953446217,47,-30.56888923529844,-63.97797109282473,-47.66743859734861,-72.37400975044227,-57.779428081986865,-78.58974068678685,-65.34132990295512
nlsbuss_spike,Waves,EMI TG12345 console buss,console-emi,drive_12,full,,500.0,-3.0,3.4766020896149943,47,-29.33656262975115,-68.06565979610036,-44.33801249956994,-74.47378840482959,-52.751135982290805,-79.17015479229195,-58.903165577499905
nlsbuss_spike,Waves,EMI TG12345 console buss,console-emi,drive_12,full,,5000.0,-12.0,8.529597019136045,4,-21.489894049064752,-59.87987067609176,-37.48547476132583,,,,
nlsbuss_spike,Waves,EMI TG12345 console buss,console-emi,drive_12,full,,5000.0,-3.0,8.967388772030173,4,-21.078619206847648,-66.36818907333105,-36.190755061139804,,,,
nlsbuss_spike,Waves,EMI TG12345 console buss,console-emi,drive_12,full,,63.0,-12.0,14.537692031601471,381,-16.925781835039793,-57.563598827135564,-31.558703779022864,-63.519889904933144,-39.63540414877468,-67.81654355801997,-45.47337681933772
nlsbuss_spike,Waves,EMI TG12345 console buss,console-emi,drive_12,full,,63.0,-3.0,14.938285442797937,381,-16.71539142713144,-64.07937811801165,-30.843709569848286,-69.17496136283722,-38.39472659586355,-72.71367148234327,-43.71281070815726
nlsbuss_spike,Waves,EMI TG12345 console buss,console-emi,drive_12,full,,630.0,-12.0,2.9381041490967967,38,-30.73338510551293,-64.08996039925293,-47.87447858482401,-72.5315223168887,-58.020091667730625,-78.7536724064484,-65.60688197844235
nlsbuss_spike,Waves,EMI TG12345 console buss,console-emi,drive_12,full,,630.0,-3.0,3.419074722243914,38,-29.48083357485669,-68.15037218943982,-44.49788015113213,-74.59582708855234,-52.92750441024995,-79.29045423848804,-59.09532249801928
nlsbuss_spike,Waves,EMI TG12345 console buss,console-emi,drive_12,full,,6300.0,-12.0,9.275303280705883,3,-20.653949993811853,-59.935679165712166,,,,,
nlsbuss_spike,Waves,EMI TG12345 console buss,console-emi,drive_12,full,,6300.0,-3.0,9.66635849700126,3,-20.294843635548084,-66.60404708321867,,,,,
nlsbuss_spike,Waves,EMI TG12345 console buss,console-emi,drive_12,full,,80.0,-12.0,11.698804856985562,300,-18.80426638395273,-58.274065423479975,-33.62904834910739,-64.47953892438636,-41.886524847072984,-68.95602446764472,-47.895113180290714
nlsbuss_spike,Waves,EMI TG12345 console buss,console-emi,drive_12,full,,80.0,-3.0,12.129168980629329,300,-18.521686253196272,-64.67480379140301,-32.705899692724245,-69.87237649090159,-40.31732809012185,-73.4575959738925,-45.70061094299646
nlsbuss_spike,Waves,EMI TG12345 console buss,console-emi,drive_12,full,,800.0,-12.0,3.022349202211238,30,-30.489413721816476,-63.95737855660173,-47.559177675115734,-72.34631211303633,-57.65550634045785,-78.53578112128804,-65.21108551695082
nlsbuss_spike,Waves,EMI TG12345 console buss,console-emi,drive_12,full,,800.0,-3.0,3.5049802493269926,30,-29.266584104656594,-68.10864766831361,-44.2513360949554,-74.52318249188794,-52.65533327190028,-79.19744916487743,-58.80640747667816
nlsbuss_spike,Waves,EMI TG12345 console buss,console-emi,drive_12,full,,8000.0,-12.0,9.786325492873175,2,-20.187606874305423,,,,,,
nlsbuss_spike,Waves,EMI TG12345 console buss,console-emi,drive_12,full,,8000.0,-3.0,10.158554733789677,2,-19.86336150204113,,,,,,
nlsbuss_spike,Waves,EMI TG12345 console buss,console-emi,drive_3,curve,,100.0,-12.0,3.4297984727388093,239,-29.41232684602626,-64.22979292196865,-45.64036485355533,-71.91399765703552,-55.095270757324066,-77.56300465287549,-62.13414148250854
nlsbuss_spike,Waves,EMI TG12345 console buss,console-emi,drive_3,curve,,1000.0,-12.0,1.050660462300823,24,-39.6297051192898,-70.84300828853733,-58.880771035617705,-80.76787960832394,-70.4711116197623,-88.05955658891371,-79.08263564466841
nlsbuss_spike,Waves,EMI TG12345 console buss,console-emi,drive_3,curve,,10000.0,-12.0,3.538812968746802,2,-29.022847796628852,,,,,,
nlsbuss_spike,Waves,EMI TG12345 console buss,console-emi,drive_3,curve,,125.0,-12.0,2.7335881854576254,191,-31.370379824787182,-65.31562790883194,-48.07352328047103,-73.38658787765382,-57.89756115414445,-79.35258478804748,-65.23454193153279
nlsbuss_spike,Waves,EMI TG12345 console buss,console-emi,drive_3,curve,,1250.0,-12.0,1.1691861305416733,19,-38.705574318599666,-70.17747745929871,-57.63132465956869,-79.90679411538551,-69.02103697269312,-87.04705127863181,-77.54902110888662
nlsbuss_spike,Waves,EMI TG12345 console buss,console-emi,drive_3,curve,,160.0,-12.0,2.136653010113035,150,-33.497031849778686,-66.58779851133568,-50.77854871966302,-75.13645617569898,-61.031863582631615,-81.45538471903421,-68.69356629751805
nlsbuss_spike,Waves,EMI TG12345 console buss,console-emi,drive_3,curve,,1600.0,-12.0,1.3591878596138076,14,-37.40399320193398,-69.26515998492661,-55.89217723111279,-78.72413051713143,-67.03002592232563,-85.70120322071654,-75.43730476480346
nlsbuss_spike,Waves,EMI TG12345 console buss,console-emi,drive_3,curve,,200.0,-12.0,1.7177724630770081,120,-35.381302037519944,-67.81645323101876,-53.22386316397708,-76.79243864039245,-63.87013463768778,-83.35352507616474,-71.83295876509595
nlsbuss_spike,Waves,EMI TG12345 console buss,console-emi,drive_3,curve,,2000.0,-12.0,1.5929753367952537,11,-36.032248079953405,-68.34345106442603,-54.0940602723301,-77.52853303899904,-64.99781075042678,-84.3857169012195,-73.30165319795411
nlsbuss_spike,Waves,EMI TG12345 console buss,console-emi,drive_3,curve,,250.0,-12.0,1.4114830791404243,96,-37.07781336702144,-68.971693242739,-55.46356433958681,-78.32883434173728,-66.47900273203395,-85.13573779038157,-74.7145055867753
nlsbuss_spike,Waves,EMI TG12345 console buss,console-emi,drive_3,curve,,2500.0,-12.0,1.8910842399910566,9,-34.549464743725984,-67.3983453163769,-52.19678154294711,-76.328663622929,-62.91390161231344,-83.15718582499767,-71.34257198166785
nlsbuss_spike,Waves,EMI TG12345 console buss,console-emi,drive_3,curve,,31.5,-12.0,9.493041990850637,762,-20.62149635354499,-60.21892837047066,-35.38896117220714,-66.32594451702604,-43.59504005993667,-70.84111493261122,-49.567325247985146
nlsbuss_spike,Waves,EMI TG12345 console buss,console-emi,drive_3,curve,,315.0,-12.0,1.1875041270804374,76,-38.57107981640513,-70.02674696371623,-57.46276653272892,-79.72032079706541,-68.81357950934675,-86.79598839592728,-77.27001994590924
nlsbuss_spike,Waves,EMI TG12345 console buss,console-emi,drive_3,curve,,3150.0,-12.0,2.262566093335753,7,-32.99717724366791,-66.4785744749397,-50.290515656787974,-75.2369250084492,-61.0031306728782,-82.35485228596943,
nlsbuss_spike,Waves,EMI TG12345 console buss,console-emi,drive_3,curve,,40.0,-12.0,7.961108666261342,595,-22.142514456462248,-60.85057332761572,-37.08732871752136,-67.1672757539688,-45.458844309731106,-71.82720099528223,-51.57709261121159
nlsbuss_spike,Waves,EMI TG12345 console buss,console-emi,drive_3,curve,,400.0,-12.0,1.040842127521772,60,-39.710768789083886,-70.8670545821788,-59.0030756890221,-80.82068898340282,-70.60673244170195,-88.05311933125517,-79.23470980970484
nlsbuss_spike,Waves,EMI TG12345 console buss,console-emi,drive_3,curve,,4000.0,-12.0,2.685618452478534,6,-31.511668657484634,-65.69024977734537,-48.61356267470462,-74.52774762950551,-59.421025021286,,
nlsbuss_spike,Waves,EMI TG12345 console buss,console-emi,drive_3,curve,,50.0,-12.0,6.69490014888671,481,-23.63882458086231,-61.493865095273456,-38.78828550751606,-68.05314382106941,-47.34721299773325,-72.81864042144417,-53.62440673328492
nlsbuss_spike,Waves,EMI TG12345 console buss,console-emi,drive_3,curve,,500.0,-12.0,0.9675223116646651,47,-40.34245588652414,-71.34989921869588,-59.86286927654213,-81.42398579259694,-71.59679564673647,-88.79954839725023,-80.32435906928836
nlsbuss_spike,Waves,EMI TG12345 console buss,console-emi,drive_3,curve,,5000.0,-12.0,3.068300347464681,4,-30.344286203524252,-65.19687607818462,-47.60488245335509,,,,
nlsbuss_spike,Waves,EMI TG12345 console buss,console-emi,drive_3,curve,,63.0,-12.0,5.422215980336156,381,-25.459350035204412,-62.237808460259096,-40.89868726287069,-69.17003791987682,-49.70845277551249,-74.27716304159904,-56.20142666303681
nlsbuss_spike,Waves,EMI TG12345 console buss,console-emi,drive_3,curve,,630.0,-12.0,0.9468838329843419,38,-40.528982960554735,-71.49244303280048,-60.113138341573126,-81.62926705566464,-71.895320767997,-88.96636838942274,-80.6402424515131
nlsbuss_spike,Waves,EMI TG12345 console buss,console-emi,drive_3,curve,,6300.0,-12.0,3.369044546777039,3,-29.451053202973295,-65.07914549560375,,,,,
nlsbuss_spike,Waves,EMI TG12345 console buss,console-emi,drive_3,curve,,80.0,-12.0,4.3156519597862255,300,-27.42961420918077,-63.21252238455664,-43.23290902500729,-70.50588714132934,-52.345606156146104,-75.84939305685155,-59.10223265904826
nlsbuss_spike,Waves,EMI TG12345 console buss,console-emi,drive_3,curve,,800.0,-12.0,0.9772901680640408,30,-40.25565802934003,-71.29692167628063,-59.73661993265039,-81.37288975858363,-71.45862823701209,-88.67849082960188,-80.17307094106391
nlsbuss_spike,Waves,EMI TG12345 console buss,console-emi,drive_3,curve,,8000.0,-12.0,3.5689792174662847,2,-28.94911961956985,,,,,,
nlsbuss_spike,Waves,EMI TG12345 console buss,console-emi,drive_6,full,,100.0,-12.0,5.5348518978173225,239,-25.261225634493947,-60.49486073277626,-41.296028125805165,-67.99600799088807,-50.59746888869868,-73.51159048137845,-57.51162899531885
nlsbuss_spike,Waves,EMI TG12345 console buss,console-emi,drive_6,full,,100.0,-3.0,6.088632050358638,239,-24.487495542767025,-65.5920062608312,-39.07373849564605,-71.47498021280121,-47.100608141185376,-75.67364773241648,-52.89339156888588
nlsbuss_spike,Waves,EMI TG12345 console buss,console-emi,drive_6,full,,1000.0,-12.0,1.7233018318647728,24,-35.336494438299425,-66.82919784348202,-54.22956056182884,-76.5288206114403,-65.58958845525792,-83.65200555380284,-74.05783736591546
nlsbuss_spike,Waves,EMI TG12345 console buss,console-emi,drive_6,full,,1000.0,-3.0,2.196161999507077,24,-33.296941181197035,-69.21489038593343,-49.1071051847446,-76.50726437394096,-58.23356148169517,-81.92499521564329,-65.01703130426607
nlsbuss_spike,Waves,EMI TG12345 console buss,console-emi,drive_6,full,,10000.0,-12.0,5.721108663601281,2,-24.850396068094266,,,,,,
nlsbuss_spike,Waves,EMI TG12345 console buss,console-emi,drive_6,full,,10000.0,-3.0,6.174774751191949,2,-24.187577607029517,,,,,,
nlsbuss_spike,Waves,EMI TG12345 console buss,console-emi,drive_6,full,,125.0,-12.0,4.421980397850103,191,-27.19845188701712,-61.53366245725526,-43.67789751047982,-69.41739505960514,-53.33106038968765,-75.2401925241353,-60.53246851916572
nlsbuss_spike,Waves,EMI TG12345 console buss,console-emi,drive_6,full,,125.0,-3.0,4.975012811211024,191,-26.234296845629466,-66.16599360157274,-40.988997412904595,-72.2588876981243,-49.17866090447638,-76.66747184410906,-55.12478389210783
nlsbuss_spike,Waves,EMI TG12345 console buss,console-emi,drive_6,full,,1250.0,-12.0,1.9147070485909456,19,-34.42616540453746,-66.19033655557413,-53.00818245781229,-75.6938904194285,-64.17539616997655,-82.68324239094935,-72.5490564605355
nlsbuss_spike,Waves,EMI TG12345 console buss,console-emi,drive_6,full,,1250.0,-3.0,2.40150931512168,19,-32.525411567382896,-68.87258741968526,-48.18452776354405,-76.02957336864306,-57.19786381050489,-81.33786195464762,-63.91273536481344
nlsbuss_spike,Waves,EMI TG12345 console buss,console-emi,drive_6,full,,160.0,-12.0,3.46695693154218,150,-29.29843563589518,-62.74988649279116,-46.32170181021263,-71.09276019739315,-56.38576569171728,-77.2597091130944,-63.904870754126335
nlsbuss_spike,Waves,EMI TG12345 console buss,console-emi,drive_6,full,,160.0,-3.0,4.010207764476489,150,-28.09747178386278,-66.82854066974578,-43.07092445078616,-73.20725145948583,-51.46368175288737,-77.86003426567859,-57.59297970622535
nlsbuss_spike,Waves,EMI TG12345 console buss,console-emi,drive_6,full,,1600.0,-12.0,2.221062943951637,14,-33.14356180028096,-65.31515578891793,-51.309315015741234,-74.55204856635606,-62.23116387171722,-81.38705967781766,-70.48125005386397
nlsbuss_spike,Waves,EMI TG12345 console buss,console-emi,drive_6,full,,1600.0,-3.0,2.725820077917489,14,-31.43158205979274,-68.40673176192027,-46.89823810368029,-75.3884478795633,-55.77969277382117,-80.57758987216599,-62.42364935692856
nlsbuss_spike,Waves,EMI TG12345 console buss,console-emi,drive_6,full,,200.0,-12.0,2.7958006819457233,120,-31.155996366485326,-63.92227302439586,-48.709583985473834,-72.68050552719791,-59.15431170776259,-79.10359462451765,-66.96747128755771
nlsbuss_spike,Waves,EMI TG12345 console buss,console-emi,drive_6,full,,200.0,-3.0,3.323314937511651,120,-29.720391629137318,-67.49068072090977,-44.9190473077661,-74.13235288841706,-53.51266537522933,-78.9608165212621,-59.82482005107247
nlsbuss_spike,Waves,EMI TG12345 console buss,console-emi,drive_6,full,,2000.0,-12.0,2.5974120158010585,11,-31.790993334300303,-64.43164073516164,-49.55246380175258,-73.40262218608599,-60.24882905898753,-80.12197069836448,-68.40908536316377
nlsbuss_spike,Waves,EMI TG12345 console buss,console-emi,drive_6,full,,2000.0,-3.0,3.1184754582447707,11,-30.26859478595458,-67.9466670196221,-45.56262968339719,-74.76306167126295,-54.34394192338199,-79.8811401319513,-60.973868885618145
nlsbuss_spike,Waves,EMI TG12345 console buss,console-emi,drive_6,full,,250.0,-12.0,2.30399199396181,96,-32.82695850665937,-65.02884863162392,-50.89597774523253,-74.16205507816417,-61.69887950400147,-80.8365674081248,-69.7784002853409
nlsbuss_spike,Waves,EMI TG12345 console buss,console-emi,drive_6,full,,250.0,-3.0,2.8123998589488286,96,-31.16171920240682,-68.11136265050675,-46.59046295132023,-75.0002415097215,-55.38453655576859,-80.0271791937724,-61.87331682467806
nlsbuss_spike,Waves,EMI TG12345 console buss,console-emi,drive_6,full,,2500.0,-12.0,3.076704550590509,9,-30.32742629031217,-63.526646449875116,-47.699419004064396,-72.25221581191431,-58.21966679949075,-78.94819316769083,-66.4938816103279
nlsbuss_spike,Waves,EMI TG12345 console buss,console-emi,drive_6,full,,2500.0,-3.0,3.611601632475872,9,-28.998182812797623,-67.48886436056114,-44.14764271397416,-74.17365867762913,-52.8933257250051,-79.32331623966377,-59.707913126841305
nlsbuss_spike,Waves,EMI TG12345 console buss,console-emi,drive_6,full,,31.5,-12.0,15.297044280973044,762,-16.481117716151232,-56.62225381995968,-31.166651336534812,-62.61766342478807,-39.29612138875483,-66.98134893949613,-45.1921947840325
nlsbuss_spike,Waves,EMI TG12345 console buss,console-emi,drive_6,full,,31.5,-3.0,15.752317413848388,762,-16.253959249815967,-63.000705312603664,-30.391486918645455,-68.06092289048658,-37.95634901368667,-71.63534928929965,-43.29703391699262
nlsbuss_spike,Waves,EMI TG12345 console buss,console-emi,drive_6,full,,315.0,-12.0,1.9435398443592105,76,-34.296889115787835,-66.0432149264158,-52.847373039712636,-75.50949777790917,-63.97512364614819,-82.43611816203122,-72.27746923193651
nlsbuss_spike,Waves,EMI TG12345 console buss,console-emi,drive_6,full,,315.0,-3.0,2.4318793861574375,76,-32.41662868539435,-68.68558546127221,-48.06965169154667,-75.80548615290964,-57.054543540564744,-81.04540433042598,-63.703115403975744
nlsbuss_spike,Waves,EMI TG12345 console buss,console-emi,drive_6,full,,3150.0,-12.0,3.6733704952146216,7,-28.79314620570904,-62.64741216040779,-45.83668075103495,-71.2117294670444,-56.36320938187242,-78.16637550589999,
nlsbuss_spike,Waves,EMI TG12345 console buss,console-emi,drive_6,full,,3150.0,-3.0,4.216186140196751,7,-27.652188387812757,-67.06478895034297,-42.720843394823575,-73.71249667485417,-51.622603589943765,-79.19434066147512,
nlsbuss_spike,Waves,EMI TG12345 console buss,console-emi,drive_6,full,,40.0,-12.0,12.81016325296653,595,-18.01501749815229,-57.24219412245578,-32.86220269450646,-63.44810247418228,-41.14507750828092,-67.975892279515,-47.180624947671966
nlsbuss_spike,Waves,EMI TG12345 console buss,console-emi,drive_6,full,,40.0,-3.0,13.29419689639468,595,-17.724958015892025,-63.532497031180036,-31.910152081019554,-68.68928794307519,-39.52846715436778,-72.3330476830783,-44.92241690825563
nlsbuss_spike,Waves,EMI TG12345 console buss,console-emi,drive_6,full,,400.0,-12.0,1.7070620371889549,60,-35.418219141035586,-66.85094886571069,-54.35107387483359,-76.57390771760728,-65.72620210573974,-83.66085264517389,-74.19957073121721
nlsbuss_spike,Waves,EMI TG12345 console buss,console-emi,drive_6,full,,400.0,-3.0,2.17840691963986,60,-33.36667655677441,-69.15825076836059,-49.20353836996234,-76.46229820210255,-58.34001082279843,-81.84147520605413,-65.11676326959731
nlsbuss_spike,Waves,EMI TG12345 console buss,console-emi,drive_6,full,,4000.0,-12.0,4.352763636387459,6,-27.322181497215855,-61.896846557967464,-44.19858254470977,-70.56088455958223,-54.829418517064695,,
nlsbuss_spike,Waves,EMI TG12345 console buss,console-emi,drive_6,full,,4000.0,-3.0,4.897488837628611,6,-26.34798650809914,-66.73572746000443,-41.47754781921289,-73.59937052282302,-50.628247349275526,,
nlsbuss_spike,Waves,EMI TG12345 console buss,console-emi,drive_6,full,,50.0,-12.0,10.766657007732368,481,-19.516667952830005,-57.85035956565047,-34.55107370581037,-64.28671660429838,-43.00652440732968,-68.9681198635592,-49.194813951202434
nlsbuss_spike,Waves,EMI TG12345 console buss,console-emi,drive_6,full,,50.0,-3.0,11.274250315768786,481,-19.153301111998854,-63.97680720222428,-33.39656324318266,-69.24965192916473,-41.07809504826919,-72.93904353132099,-46.53341093941815
nlsbuss_spike,Waves,EMI TG12345 console buss,console-emi,drive_6,full,,500.0,-12.0,1.5886945462796007,47,-36.03947570006505,-67.31459653876588,-55.18974813054834,-77.16479335002481,-66.6962547254383,-84.37460945889164,-75.26651017588871
nlsbuss_spike,Waves,EMI TG12345 console buss,console-emi,drive_6,full,,500.0,-3.0,2.050110891390808,47,-33.8905827713321,-69.4410277006427,-49.83371942835671,-76.83484064453475,-59.05362596513748,-82.3234804463375,-65.90448129365562
nlsbuss_spike,Waves,EMI TG12345 console buss,console-emi,drive_6,full,,5000.0,-12.0,4.9670746497914635,4,-26.1640243651281,-61.43148097151327,-43.21689249389921,,,,
nlsbuss_spike,Waves,EMI TG12345 console buss,console-emi,drive_6,full,,5000.0,-3.0,5.500916847457824,4,-25.312878611846862,-66.59482128489726,-40.79256292481759,,,,
nlsbuss_spike,Waves,EMI TG12345 console buss,console-emi,drive_6,full,,63.0,-12.0,8.722709531643636,381,-21.33487698901606,-58.59127024707554,-36.6366691157684,-65.3669848222471,-45.32759201935021,-70.34391175521992,-51.719949632718496
nlsbuss_spike,Waves,EMI TG12345 console buss,console-emi,drive_6,full,,63.0,-3.0,9.252618707261428,381,-20.865208455196118,-64.42462664437646,-35.195511442420305,-69.92836217422132,-42.966750957333645,-73.83446773970702,-48.50874571632719
nlsbuss_spike,Waves,EMI TG12345 console buss,console-emi,drive_6,full,,630.0,-12.0,1.5554107617576198,38,-36.22257973711276,-67.45413872319632,-55.43417611452618,-77.35898177469625,-66.98468601952997,-84.55615705772718,-75.57728318754607
nlsbuss_spike,Waves,EMI TG12345 console buss,console-emi,drive_6,full,,630.0,-3.0,2.0138739526701643,38,-34.0445828444856,-69.53504141137729,-50.0165300068866,-76.97497467082638,-59.26294449922969,-82.45664050714353,-66.1344539498933
nlsbuss_spike,Waves,EMI TG12345 console buss,console-emi,drive_6,full,,6300.0,-12.0,5.448226170831441,3,-25.275972811225845,-61.337691230908845,,,,,
nlsbuss_spike,Waves,EMI TG12345 console buss,console-emi,drive_6,full,,6300.0,-3.0,5.944595569966384,3,-24.517813362161274,-66.75194054939625,,,,,
nlsbuss_spike,Waves,EMI TG12345 console buss,console-emi,drive_6,full,,80.0,-12.0,6.9511833782634,300,-23.294760901124715,-59.52122747623992,-38.934043112909364,-66.64475074662852,-47.911200015939855,-71.86325379603252,-54.55423090779522
nlsbuss_spike,Waves,EMI TG12345 console buss,console-emi,drive_6,full,,80.0,-3.0,7.497253698715604,300,-22.686689986530556,-65.03690249445424,-37.13108772540075,-70.71320095274261,-45.01759399102127,-74.72392093663449,-50.67591827230501
nlsbuss_spike,Waves,EMI TG12345 console buss,console-emi,drive_6,full,,800.0,-12.0,1.6046624795096516,30,-35.953087160649645,-67.2663198181472,-55.065632530461556,-77.11039171441497,-66.55651502049912,-84.27480999227221,-75.11671923104424
nlsbuss_spike,Waves,EMI TG12345 console buss,console-emi,drive_6,full,,800.0,-3.0,2.0675974623343647,30,-33.81747685937752,-69.44563955119261,-49.73782362384769,-76.84268622589536,-58.94576624817076,-82.29625359030258,-65.79192320120583
nlsbuss_spike,Waves,EMI TG12345 console buss,console-emi,drive_6,full,,8000.0,-12.0,5.7701190220757494,2,-24.776304568436153,,,,,,
nlsbuss_spike,Waves,EMI TG12345 console buss,console-emi,drive_6,full,,8000.0,-3.0,6.250922144022851,2,-24.081118205056484,,,,,,
nlsbuss_spike,Waves,EMI TG12345 console buss,console-emi,drive_9,curve,,100.0,-12.0,7.260302742620647,239,-22.922233021311577,-59.63383658143944,-38.40523929535262,-66.59087964684039,-47.2492667568585,-71.68338225355163,-53.77854127506808
nlsbuss_spike,Waves,EMI TG12345 console buss,console-emi,drive_9,curve,,1000.0,-12.0,2.3786983164253477,24,-32.55425734687257,-65.07777488543398,-50.370211673655525,-74.03495783637044,-61.00864283233474,-80.65805231200721,-68.973490888592
nlsbuss_spike,Waves,EMI TG12345 console buss,console-emi,drive_9,curve,,10000.0,-12.0,7.4738308164765845,2,-22.52913474814418,,,,,,
nlsbuss_spike,Waves,EMI TG12345 console buss,console-emi,drive_9,curve,,125.0,-12.0,5.847213221959242,191,-24.790585307421086,-60.51528531410257,-40.624197780126664,-67.81015459881358,-49.762541213658345,-73.18428504132689,-56.542751664262596
nlsbuss_spike,Waves,EMI TG12345 console buss,console-emi,drive_9,curve,,1250.0,-12.0,2.6292027960937596,19,-31.689549550733158,-64.52791675032779,-49.24272408263741,-73.30076483460077,-59.70828225793408,-79.79794852573613,-67.5763618046055
nlsbuss_spike,Waves,EMI TG12345 console buss,console-emi,drive_9,curve,,160.0,-12.0,4.62955058354489,150,-26.805739461956403,-61.548256267963836,-43.07540381160535,-69.25247469881323,-52.56410216001903,-74.94740759634472,-59.629532151889286
nlsbuss_spike,Waves,EMI TG12345 console buss,console-emi,drive_9,curve,,1600.0,-12.0,3.028077270572131,14,-30.46979385476162,-63.77717479074959,-47.675533094827784,-72.30356927119816,-57.92337442567821,-78.65244047294124,-65.67389018390894
nlsbuss_spike,Waves,EMI TG12345 console buss,console-emi,drive_9,curve,,200.0,-12.0,3.7689983859040157,120,-28.580555511378947,-62.5515829015651,-45.28220911396883,-70.63128440582955,-55.102589414590824,-76.57464777038695,-62.43701668422333
nlsbuss_spike,Waves,EMI TG12345 console buss,console-emi,drive_9,curve,,2000.0,-12.0,3.515315598269052,11,-29.181185379454742,-63.023616623938395,-46.05497932404988,-71.30922593038139,-56.109613366613914,-77.54929062170476,-63.788477539347056
nlsbuss_spike,Waves,EMI TG12345 console buss,console-emi,drive_9,curve,,250.0,-12.0,3.134341199267195,96,-30.172129551176923,-63.50258917063043,-47.299414148726555,-71.9267837005752,-57.43671644900259,-78.1172251302709,-65.01926991210891
nlsbuss_spike,Waves,EMI TG12345 console buss,console-emi,drive_9,curve,,2500.0,-12.0,4.132517655312428,9,-27.78343414547969,-62.25717301724547,-44.34601808330899,-70.32706270324633,-54.262377141974135,-76.55417396226983,-62.064111528578934
nlsbuss_spike,Waves,EMI TG12345 console buss,console-emi,drive_9,curve,,31.5,-12.0,19.658912855539505,762,-14.31268927935768,-56.245877909971824,-28.77370255390683,-61.91127017208303,-36.68271313607449,-65.97445730308897,-42.36741553615183
nlsbuss_spike,Waves,EMI TG12345 console buss,console-emi,drive_9,curve,,315.0,-12.0,2.6660748472932183,76,-31.569144287477144,-64.37954548191142,-49.09858109263851,-73.11430096297315,-59.526761147474986,-79.54758858009582,-67.32403485119512
nlsbuss_spike,Waves,EMI TG12345 console buss,console-emi,drive_9,curve,,3150.0,-12.0,4.89674280186053,7,-26.313664109458166,-61.52010221280123,-42.628378146027785,-69.46258757786568,-52.59261548510298,-75.94923349143541,
nlsbuss_spike,Waves,EMI TG12345 console buss,console-emi,drive_9,curve,,40.0,-12.0,16.48540750444351,595,-15.836195997210687,-56.819307589223946,-30.415176259078432,-62.6647931229183,-38.44204716726917,-66.87610151219906,-44.238232490282726
nlsbuss_spike,Waves,EMI TG12345 console buss,console-emi,drive_9,curve,,400.0,-12.0,2.3569902177677506,60,-32.63327620354541,-65.08274578387802,-50.484984655722755,-74.05872658769171,-61.13804038788521,-80.65419328479979,-69.10144786838761
nlsbuss_spike,Waves,EMI TG12345 console buss,console-emi,drive_9,curve,,4000.0,-12.0,5.763594619039254,6,-24.89962075444367,-60.90237726870403,-41.12296416612758,-68.9820785788522,-51.23262873250583,,
nlsbuss_spike,Waves,EMI TG12345 console buss,console-emi,drive_9,curve,,50.0,-12.0,13.888056921494949,481,-17.31898159130537,-57.35326949787823,-32.03650710426697,-63.393201369180034,-40.19724468650976,-67.75159945729798,-46.11744172141744
nlsbuss_spike,Waves,EMI TG12345 console buss,console-emi,drive_9,curve,,500.0,-12.0,2.20161985684627,47,-33.222298350534736,-65.48917491526052,-51.25794729464176,-74.58817485138664,-62.03301994076314,-81.29887620940288,-70.09018089488995
nlsbuss_spike,Waves,EMI TG12345 console buss,console-emi,drive_9,curve,,5000.0,-12.0,6.542681352547856,4,-23.782855812102618,-60.53937906910364,-40.2409946415904,,,,
nlsbuss_spike,Waves,EMI TG12345 console buss,console-emi,drive_9,curve,,63.0,-12.0,11.297334589098623,381,-19.10356158836399,-58.0005956094936,-34.02222629954009,-64.33240827071336,-42.36936577756862,-68.94509673703843,-48.456648874245865
nlsbuss_spike,Waves,EMI TG12345 console buss,console-emi,drive_9,curve,,630.0,-12.0,2.1579007298723165,38,-33.39560934371182,-65.61429584083987,-51.48308314110026,-74.76327707141441,-62.296957094345345,-81.47342143566206,-70.37897150643315
nlsbuss_spike,Waves,EMI TG12345 console buss,console-emi,drive_9,curve,,6300.0,-12.0,7.1413193360243925,3,-22.925185379155806,-60.52632705183065,,,,,
nlsbuss_spike,Waves,EMI TG12345 console buss,console-emi,drive_9,curve,,80.0,-12.0,9.054588634599357,300,-21.015307188690983,-58.805975289709316,-36.19146856428741,-65.43489371696151,-44.769249051221884,-70.25950810185684,-51.0664082608665
nlsbuss_spike,Waves,EMI TG12345 console buss,console-emi,drive_9,curve,,800.0,-12.0,2.222814776735774,30,-33.13963823999194,-65.45440341376265,-51.142157171807874,-74.54600282753341,-61.90090999639594,-81.22252201503032,-69.95005357090751
nlsbuss_spike,Waves,EMI TG12345 console buss,console-emi,drive_9,curve,,8000.0,-12.0,7.546273127296262,2,-22.445349602814453,,,,,,
nlsbuss_spike,Waves,EMI TG12345 console buss,console-emi,matched_thd_1_pct,full,thd_1_pct,100.0,-12.0,3.269595204694332,239,-29.82725028019746,-64.60379625209913,-46.075357260327515,-72.30681520901638,-55.54601723471382,-77.9693267201429,-62.59756175449611
nlsbuss_spike,Waves,EMI TG12345 console buss,console-emi,matched_thd_1_pct,full,thd_1_pct,100.0,-3.0,3.637355635680361,239,-28.95849647481903,-69.47052012582594,-43.62403351516605,-75.47522075569655,-51.727529602903076,-79.76678400177472,-57.59228444538322
nlsbuss_spike,Waves,EMI TG12345 console buss,console-emi,matched_thd_1_pct,full,thd_1_pct,1000.0,-12.0,0.9999082325644557,24,-40.059285686722596,-71.24540343826439,-59.3470313138143,-81.19274785613696,-70.96075854359557,-88.5019542568213,-79.58620996222238
nlsbuss_spike,Waves,EMI TG12345 console buss,console-emi,matched_thd_1_pct,full,thd_1_pct,1000.0,-3.0,1.3009897434839908,24,-37.83864184217957,-73.27049953226027,-53.84484686697202,-80.74189560119288,-63.1324086805228,-86.32260005815263,-70.0450743726867
nlsbuss_spike,Waves,EMI TG12345 console buss,console-emi,matched_thd_1_pct,full,thd_1_pct,10000.0,-12.0,3.373244675436114,2,-29.439043129741698,,,,,,
nlsbuss_spike,Waves,EMI TG12345 console buss,console-emi,matched_thd_1_pct,full,thd_1_pct,10000.0,-3.0,3.678495524711547,2,-28.686595359749273,,,,,,
nlsbuss_spike,Waves,EMI TG12345 console buss,console-emi,matched_thd_1_pct,full,thd_1_pct,125.0,-12.0,2.6052305661073007,191,-31.787543306132548,-65.69452932054136,-48.513852615385005,-73.78450808377136,-58.35537382351283,-79.76495695984921,-65.70609649874416
nlsbuss_spike,Waves,EMI TG12345 console buss,console-emi,matched_thd_1_pct,full,thd_1_pct,125.0,-3.0,2.969585171836993,191,-30.71201299602717,-70.06657543339412,-45.564014963905166,-76.28115978692735,-53.84496353217675,-80.79930480112677,-59.875421551547596
nlsbuss_spike,Waves,EMI TG12345 console buss,console-emi,matched_thd_1_pct,full,thd_1_pct,1250.0,-12.0,1.1128876308477254,19,-39.133736076907304,-70.57715523152427,-58.09476323077991,-80.32915482805869,-69.5069741721679,-87.48456483885829,-78.05039564480592
nlsbuss_spike,Waves,EMI TG12345 console buss,console-emi,matched_thd_1_pct,full,thd_1_pct,1250.0,-3.0,1.4240357988890793,19,-37.05869291921336,-72.90518204896131,-52.90163071927826,-80.23814006971091,-62.06680159590803,-85.68982062051703,-68.91006267773275
nlsbuss_spike,Waves,EMI TG12345 console buss,console-emi,matched_thd_1_pct,full,thd_1_pct,160.0,-12.0,2.035672750954322,150,-33.916986891805344,-66.97236510396517,-51.22517777861077,-75.5419384643328,-61.49782063714167,-81.87634092034698,-69.17388813499323
nlsbuss_spike,Waves,EMI TG12345 console buss,console-emi,matched_thd_1_pct,full,thd_1_pct,160.0,-3.0,2.3904919540234033,150,-32.5862095845023,-70.76132536070668,-47.679286207146546,-77.2846798135774,-56.18069813003123,-82.06060260619707,-62.406607537980534
nlsbuss_spike,Waves,EMI TG12345 console buss,console-emi,matched_thd_1_pct,full,thd_1_pct,1600.0,-12.0,1.2940288571677354,14,-37.830194109016894,-69.66107651151177,-56.351503791893265,-79.14248056040817,-67.51127184449092,-86.133533719346,-75.93446450725668
nlsbuss_spike,Waves,EMI TG12345 console buss,console-emi,matched_thd_1_pct,full,thd_1_pct,1600.0,-3.0,1.6184082017280297,14,-35.954020219337764,-72.4089510118454,-51.587244636633855,-79.55855477565918,-60.60991113495115,-84.87657487248704,-67.37642352111217
nlsbuss_spike,Waves,EMI TG12345 console buss,console-emi,matched_thd_1_pct,full,thd_1_pct,200.0,-12.0,1.6360723275222404,120,-35.80402122239731,-68.20683402240503,-53.67634917568772,-77.20496519305806,-64.34309332105366,-83.77962377874866,-72.32096755886849
nlsbuss_spike,Waves,EMI TG12345 console buss,console-emi,matched_thd_1_pct,full,thd_1_pct,200.0,-3.0,1.9779548770641842,120,-34.22217581749267,-71.46332419138639,-49.56195328036567,-78.26374159590338,-58.278867633914956,-83.20732584611608,-64.70000129284
nlsbuss_spike,Waves,EMI TG12345 console buss,console-emi,matched_thd_1_pct,full,thd_1_pct,2000.0,-12.0,1.51695469089946,11,-36.45644659693448,-68.73550011259817,-54.54918179637833,-77.94218001698503,-65.47401142944335,-84.81285740768838,-73.79208998275624
nlsbuss_spike,Waves,EMI TG12345 console buss,console-emi,matched_thd_1_pct,full,thd_1_pct,2000.0,-3.0,1.8537477743043986,11,-34.78100970037397,-71.91962876500358,-50.22457401977717,-78.89148430230695,-59.13548877903416,-84.12811786938944,-65.87515480768094
nlsbuss_spike,Waves,EMI TG12345 console buss,console-emi,matched_thd_1_pct,full,thd_1_pct,250.0,-12.0,1.3439505226534574,96,-37.50314575411637,-69.36699676145486,-55.921451697377464,-78.74674535112331,-66.9584239780348,-85.56642367285204,-75.20970973567493
nlsbuss_spike,Waves,EMI TG12345 console buss,console-emi,matched_thd_1_pct,full,thd_1_pct,250.0,-3.0,1.6711431994363526,96,-35.67730728013879,-72.11841455230604,-51.268129712085184,-79.17611091148368,-60.199809904840926,-84.3213177257163,-66.80898819453206
nlsbuss_spike,Waves,EMI TG12345 console buss,console-emi,matched_thd_1_pct,full,thd_1_pct,2500.0,-12.0,1.8012566661687832,9,-34.97162968898198,-67.786305161328,-52.64732358980563,-76.73724361747466,-63.3845058375946,-83.57863383781115,-71.82901277420976
nlsbuss_spike,Waves,EMI TG12345 console buss,console-emi,matched_thd_1_pct,full,thd_1_pct,2500.0,-3.0,2.149182472720949,9,-33.50175922062546,-71.43321004294621,-48.78258399769444,-78.25997671699186,-57.6455225422028,-83.5163069911191,-64.56734785379135
nlsbuss_spike,Waves,EMI TG12345 console buss,console-emi,matched_thd_1_pct,full,thd_1_pct,31.5,-12.0,9.05281944207862,762,-21.033548651864002,-60.576506852817566,-35.809614477534524,-66.69495670300577,-44.02362919022852,-71.22695915447576,-50.00389469148278
nlsbuss_spike,Waves,EMI TG12345 console buss,console-emi,matched_thd_1_pct,full,thd_1_pct,31.5,-3.0,9.369046899179397,762,-20.76553132122964,-66.84120502547081,-34.92840042245729,-71.96867892436913,-42.52054313997941,-75.70859222655056,-47.894572056049185
nlsbuss_spike,Waves,EMI TG12345 console buss,console-emi,matched_thd_1_pct,full,thd_1_pct,315.0,-12.0,1.1303834481140107,76,-38.99878033672158,-70.42612025732635,-57.9254801506714,-80.14254800799968,-69.29890878821543,-87.23286027165032,-77.77075663602926
nlsbuss_spike,Waves,EMI TG12345 console buss,console-emi,matched_thd_1_pct,full,thd_1_pct,315.0,-3.0,1.4427149090943134,76,-36.94591399983601,-72.72172363124017,-52.78069539066476,-80.01918958923433,-61.91680855467736,-85.40036027350152,-68.69279258038122
nlsbuss_spike,Waves,EMI TG12345 console buss,console-emi,matched_thd_1_pct,full,thd_1_pct,3150.0,-12.0,2.1555823876360853,7,-33.41738810223754,-66.86234424183792,-50.73652584096311,-75.64023922435942,-61.46818752918011,-82.77516557653257,
nlsbuss_spike,Waves,EMI TG12345 console buss,console-emi,matched_thd_1_pct,full,thd_1_pct,3150.0,-3.0,2.51116101066583,7,-32.148964639030424,-70.98217626305951,-47.331542292854785,-77.75762890921227,-56.33857720531861,-83.37476661900793,
nlsbuss_spike,Waves,EMI TG12345 console buss,console-emi,matched_thd_1_pct,full,thd_1_pct,40.0,-12.0,7.592526931868825,595,-22.55383371269869,-61.21020632263735,-37.50888999493327,-67.53804024322665,-45.88957706906041,-72.21217942629528,-52.01638193095754
nlsbuss_spike,Waves,EMI TG12345 console buss,console-emi,matched_thd_1_pct,full,thd_1_pct,40.0,-3.0,7.92504378996299,595,-22.21643110883969,-67.37360535669568,-36.433673742857536,-72.57942650943549,-44.085662771659,-76.34335946187241,-49.51628353407518
nlsbuss_spike,Waves,EMI TG12345 console buss,console-emi,matched_thd_1_pct,full,thd_1_pct,400.0,-12.0,0.9905673766928463,60,-40.140324215812896,-71.26966256768792,-59.4694632950329,-81.2464878720937,-71.09625984371407,-88.49328978716535,-79.73962711276454
nlsbuss_spike,Waves,EMI TG12345 console buss,console-emi,matched_thd_1_pct,full,thd_1_pct,400.0,-3.0,1.2906023371054778,60,-37.90750608702377,-73.21972627080899,-53.94158677922988,-80.70912890681689,-63.238823288010664,-86.23218925402725,-70.1492940857944
nlsbuss_spike,Waves,EMI TG12345 console buss,console-emi,matched_thd_1_pct,full,thd_1_pct,4000.0,-12.0,2.55912423571985,6,-31.930233636227626,-66.0700434639889,-49.05545950784994,-74.92476446452243,-59.8811405192676,,
nlsbuss_spike,Waves,EMI TG12345 console buss,console-emi,matched_thd_1_pct,full,thd_1_pct,4000.0,-3.0,2.918384524043496,6,-30.841102610332406,-70.62886119142797,-46.06898695649199,-77.59352124364537,-55.31506902696766,,
nlsbuss_spike,Waves,EMI TG12345 console buss,console-emi,matched_thd_1_pct,full,thd_1_pct,50.0,-12.0,6.385016823610841,481,-24.04999518261772,-61.858018638387634,-39.21151861925012,-68.42968350721206,-47.78120087412775,-73.20313439290757,-54.06747905707273
nlsbuss_spike,Waves,EMI TG12345 console buss,console-emi,matched_thd_1_pct,full,thd_1_pct,50.0,-3.0,6.730759507997349,481,-23.63165073646195,-67.85954292289094,-37.914939324241715,-73.18513209097571,-45.63925365145266,-76.89981577995012,-51.13491030508227
nlsbuss_spike,Waves,EMI TG12345 console buss,console-emi,matched_thd_1_pct,full,thd_1_pct,500.0,-12.0,0.9206793645947199,47,-40.77305943246416,-71.75450088129884,-60.33140444252166,-81.8508366009226,-72.08815888074429,-89.2432613960654,-80.83161156785883
nlsbuss_spike,Waves,EMI TG12345 console buss,console-emi,matched_thd_1_pct,full,thd_1_pct,500.0,-3.0,1.213621424491787,47,-38.43828467825905,-73.51818345862105,-54.5877912980922,-81.09308326519395,-63.97202154254507,-86.74586672829142,-70.96115089419493
nlsbuss_spike,Waves,EMI TG12345 console buss,console-emi,matched_thd_1_pct,full,thd_1_pct,5000.0,-12.0,2.924196299417594,4,-30.761729626133242,-65.573657476742,-48.04388892256909,,,,
nlsbuss_spike,Waves,EMI TG12345 console buss,console-emi,matched_thd_1_pct,full,thd_1_pct,5000.0,-3.0,3.2786190264448876,4,-29.805414163761927,-70.47138065106464,-45.37293512301632,,,,
nlsbuss_spike,Waves,EMI TG12345 console buss,console-emi,matched_thd_1_pct,full,thd_1_pct,63.0,-12.0,5.170863632535573,381,-25.87111202385912,-62.60216953865082,-41.324827838480275,-69.55063509818024,-50.146892906120364,-74.67137609728768,-56.65013375707534
nlsbuss_spike,Waves,EMI TG12345 console buss,console-emi,matched_thd_1_pct,full,thd_1_pct,63.0,-3.0,5.5286704256588,381,-25.33551382635792,-68.25919118389683,-39.716190228955035,-73.86861001234266,-47.539407935273374,-77.86927102043727,-53.130882293003765
nlsbuss_spike,Waves,EMI TG12345 console buss,console-emi,matched_thd_1_pct,full,thd_1_pct,630.0,-12.0,0.9010056879756352,38,-40.95992293286837,-71.89725193510654,-60.58223251735933,-82.05743161016373,-72.38782685538563,-89.40830598384548,-81.14781901795692
nlsbuss_spike,Waves,EMI TG12345 console buss,console-emi,matched_thd_1_pct,full,thd_1_pct,630.0,-3.0,1.1918430554730748,38,-38.59464772908933,-73.61286162199563,-54.77528504124987,-81.242939687751,-64.1891171605759,-86.868322897805,-71.19795328016177
nlsbuss_spike,Waves,EMI TG12345 console buss,console-emi,matched_thd_1_pct,full,thd_1_pct,6300.0,-12.0,3.211225041938732,3,-29.867785152074173,-65.45325215507748,,,,,
nlsbuss_spike,Waves,EMI TG12345 console buss,console-emi,matched_thd_1_pct,full,thd_1_pct,6300.0,-3.0,3.543330668686873,3,-29.012066855758853,-70.61102744534872,,,,,
nlsbuss_spike,Waves,EMI TG12345 console buss,console-emi,matched_thd_1_pct,full,thd_1_pct,80.0,-12.0,4.114949873895637,300,-27.84270454979277,-63.5819324069499,-43.663081896549144,-70.89285917080824,-52.789734907306894,-76.24905478363316,-59.557957534229125
nlsbuss_spike,Waves,EMI TG12345 console buss,console-emi,matched_thd_1_pct,full,thd_1_pct,80.0,-3.0,4.480557044737384,300,-27.154994004089637,-68.89775342043977,-41.662796183813796,-74.68556677522801,-49.61243629989742,-78.77770257925303,-55.33144140147469
nlsbuss_spike,Waves,EMI TG12345 console buss,console-emi,matched_thd_1_pct,full,thd_1_pct,800.0,-12.0,0.9299806473369973,30,-40.68620002097029,-71.70098192289944,-60.204902093331455,-81.800244069787,-71.9502904688232,-89.11979560980171,-80.68010722910579
nlsbuss_spike,Waves,EMI TG12345 console buss,console-emi,matched_thd_1_pct,full,thd_1_pct,800.0,-3.0,1.2239822618210416,30,-38.36511227306553,-73.5158344006602,-54.49042778839651,-81.10164337877352,-63.86375112212243,-86.69841700785769,-70.84640044872381
nlsbuss_spike,Waves,EMI TG12345 console buss,console-emi,matched_thd_1_pct,full,thd_1_pct,8000.0,-12.0,3.4019439887571816,2,-29.365456821958308,,,,,,
nlsbuss_spike,Waves,EMI TG12345 console buss,console-emi,matched_thd_1_pct,full,thd_1_pct,8000.0,-3.0,3.7247916149597007,2,-28.577960380486168,,,,,,
nlsbuss_spike,Waves,EMI TG12345 console buss,console-emi,matched_thd_3_pct,full,thd_3_pct,100.0,-12.0,8.87848373146968,239,-21.187071304597932,-59.11793376788158,-36.333384947422594,-65.7071085743618,-44.88356436696101,-70.50446962054657,-51.156138123930894
nlsbuss_spike,Waves,EMI TG12345 console buss,console-emi,matched_thd_3_pct,full,thd_3_pct,100.0,-3.0,9.346783365231794,239,-20.779747804320486,-65.1876698184111,-35.06284609357834,-70.57372170176588,-42.78028827837851,-74.34003527245613,-48.27132018267964
nlsbuss_spike,Waves,EMI TG12345 console buss,console-emi,matched_thd_3_pct,full,thd_3_pct,1000.0,-12.0,3.007787404895588,24,-30.530441913768335,-63.94764223708812,-47.64017631352416,-72.37011039156572,-57.77401328413355,-78.6147142955569,-65.36421700419342
nlsbuss_spike,Waves,EMI TG12345 console buss,console-emi,matched_thd_3_pct,full,thd_3_pct,1000.0,-3.0,3.496078880764192,24,-29.28801203723701,-68.0707658988186,-44.287219373059244,-74.50638577885663,-52.71282661656329,-79.2320777447296,-58.891340524398935
nlsbuss_spike,Waves,EMI TG12345 console buss,console-emi,matched_thd_3_pct,full,thd_3_pct,10000.0,-12.0,9.12224644857654,2,-20.79796397886486,,,,,,
nlsbuss_spike,Waves,EMI TG12345 console buss,console-emi,matched_thd_3_pct,full,thd_3_pct,10000.0,-3.0,9.483482019230335,2,-20.46064349778537,,,,,,
nlsbuss_spike,Waves,EMI TG12345 console buss,console-emi,matched_thd_3_pct,full,thd_3_pct,125.0,-12.0,7.18600137575703,191,-23.013332968325756,-59.895165257089744,-38.446989383374145,-66.78718226407796,-47.24904722773211,-71.84384806322377,-53.74301940656076
nlsbuss_spike,Waves,EMI TG12345 console buss,console-emi,matched_thd_3_pct,full,thd_3_pct,125.0,-3.0,7.671163866678391,191,-22.490909277996156,-65.65704560787357,-36.867749154410554,-71.18922705132607,-44.683539051496794,-75.11485223403912,-50.272647790156384
nlsbuss_spike,Waves,EMI TG12345 console buss,console-emi,matched_thd_3_pct,full,thd_3_pct,1250.0,-12.0,3.312691623313867,19,-29.69693912439211,-63.46294401326462,-46.579494907766346,-71.71301976849153,-56.55765556359483,-77.8390626424232,-64.05505418123967
nlsbuss_spike,Waves,EMI TG12345 console buss,console-emi,matched_thd_3_pct,full,thd_3_pct,1250.0,-3.0,3.8060011218728222,19,-28.55407089093902,-67.83928145847733,-43.45881692222413,-74.17243264453245,-51.811212062408885,-78.81791130136838,-57.94614417239149
nlsbuss_spike,Waves,EMI TG12345 console buss,console-emi,matched_thd_3_pct,full,thd_3_pct,160.0,-12.0,5.725184258524566,150,-24.974994426193536,-60.80363093584518,-40.77062059752719,-68.06559407773125,-49.87673808621424,-73.42130387644097,-56.62701772612928
nlsbuss_spike,Waves,EMI TG12345 console buss,console-emi,matched_thd_3_pct,full,thd_3_pct,160.0,-3.0,6.221585495889691,150,-24.303919486841096,-66.173368101637,-38.80563466178034,-71.91403128076963,-46.74742353973653,-76.02994612919755,-52.45724516683655
nlsbuss_spike,Waves,EMI TG12345 console buss,console-emi,matched_thd_3_pct,full,thd_3_pct,1600.0,-12.0,3.796728926930991,14,-28.519582353340912,-62.80228512493822,-45.10480152825931,-70.82487848881152,-54.88948652347397,-76.81083154202372,-62.27936225072146
nlsbuss_spike,Waves,EMI TG12345 console buss,console-emi,matched_thd_3_pct,full,thd_3_pct,1600.0,-3.0,4.294859356589163,14,-27.50917999748074,-67.520387751336,-42.298216094399734,-73.7269376365166,-50.57281920674881,-78.28812983041773,-56.675429919544634
nlsbuss_spike,Waves,EMI TG12345 console buss,console-emi,matched_thd_3_pct,full,thd_3_pct,200.0,-12.0,4.690009107821751,120,-26.696213588892313,-61.69030340722703,-42.85477971979033,-69.2948574548815,-52.253219316311586,-74.88633493185708,-59.24883290314891
nlsbuss_spike,Waves,EMI TG12345 console buss,console-emi,matched_thd_3_pct,full,thd_3_pct,200.0,-3.0,5.19013628396984,120,-25.872129630562863,-66.6903017125836,-40.50541661169675,-72.62369028476057,-48.57562738024137,-76.86909664232336,-54.410054816110346
nlsbuss_spike,Waves,EMI TG12345 console buss,console-emi,matched_thd_3_pct,full,thd_3_pct,2000.0,-12.0,4.386138013971228,11,-27.273365676603767,-62.14173445382879,-43.57866136741684,-69.94540885067752,-53.19729099041099,-75.83199158010375,-60.531926370183065
nlsbuss_spike,Waves,EMI TG12345 console buss,console-emi,matched_thd_3_pct,full,thd_3_pct,2000.0,-3.0,4.886201207383936,11,-26.392560149844467,-67.20669382506631,-41.08521867095965,-73.29932819045885,-49.31574868985933,-77.82595215007032,-55.44940278480529
nlsbuss_spike,Waves,EMI TG12345 console buss,console-emi,matched_thd_3_pct,full,thd_3_pct,250.0,-12.0,3.923977526747345,96,-28.23518459183569,-62.531787563047175,-44.75515867820215,-70.45406819562808,-54.43624380786328,-76.28320945746223,-61.66126450733173
nlsbuss_spike,Waves,EMI TG12345 console buss,console-emi,matched_thd_3_pct,full,thd_3_pct,250.0,-3.0,4.422549414462323,96,-27.256024514913612,-67.1625425516771,-42.026856641070545,-73.28090896168008,-50.228637561597786,-77.68508346148698,-56.18652443516144
nlsbuss_spike,Waves,EMI TG12345 console buss,console-emi,matched_thd_3_pct,full,thd_3_pct,2500.0,-12.0,5.1306650999682875,9,-25.918359500268124,-61.473147328012786,-41.96783154017463,-69.08620618689956,-51.47889459835008,-74.97179253803031,-58.949885287687316
nlsbuss_spike,Waves,EMI TG12345 console buss,console-emi,matched_thd_3_pct,full,thd_3_pct,2500.0,-3.0,5.628651245642883,9,-25.166024617996356,-66.89730674229688,-39.791533034583026,-72.91297520864234,-48.04521359870071,-77.51030438403804,-54.405122954071466
nlsbuss_spike,Waves,EMI TG12345 console buss,console-emi,matched_thd_3_pct,full,thd_3_pct,31.5,-12.0,23.786811673529055,762,-12.663604854545463,-56.01115121255092,-26.99661518849964,-61.46187148788749,-34.774324395711666,-65.32402909780637,-40.3293779682653
nlsbuss_spike,Waves,EMI TG12345 console buss,console-emi,matched_thd_3_pct,full,thd_3_pct,31.5,-3.0,24.107232362333203,762,-12.563266066844287,-62.59357859123291,-26.607432437749246,-67.39471523535676,-34.06400021910607,-70.67502823099643,-39.2861155425434
nlsbuss_spike,Waves,EMI TG12345 console buss,console-emi,matched_thd_3_pct,full,thd_3_pct,315.0,-12.0,3.3566680543611604,76,-29.582928644846795,-63.3105071082001,-46.44744610092677,-71.52218747887078,-56.39045030691981,-77.58356063947183,-63.818021381406346
nlsbuss_spike,Waves,EMI TG12345 console buss,console-emi,matched_thd_3_pct,full,thd_3_pct,315.0,-3.0,3.850196826894151,76,-28.453909249470538,-67.59641364542121,-43.36146656814795,-73.89223435676207,-51.69109483434208,-78.46851488360053,-57.76407122972404
nlsbuss_spike,Waves,EMI TG12345 console buss,console-emi,matched_thd_3_pct,full,thd_3_pct,3150.0,-12.0,6.049963869302229,7,-24.48947470758987,-60.83510488033095,-40.34727729854869,-68.34831115026263,-49.93914541514985,-74.50103810885156,
nlsbuss_spike,Waves,EMI TG12345 console buss,console-emi,matched_thd_3_pct,full,thd_3_pct,3150.0,-3.0,6.538382532921336,7,-23.858846720741923,-66.61812698807466,-38.47815190524316,-72.65293132939314,-46.94652708058343,-77.61309554749303,
nlsbuss_spike,Waves,EMI TG12345 console buss,console-emi,matched_thd_3_pct,full,thd_3_pct,40.0,-12.0,19.95027666212173,595,-14.186710095305292,-56.56712879551697,-28.61100992588273,-62.177464554447674,-36.4834306071566,-66.17640048869103,-42.13068331696277
nlsbuss_spike,Waves,EMI TG12345 console buss,console-emi,matched_thd_3_pct,full,thd_3_pct,40.0,-3.0,20.305137360934012,595,-14.052681125310043,-63.2058098993998,-28.120931248757117,-68.0829708672048,-35.606456721827435,-71.43075473916008,-40.859100151794024
nlsbuss_spike,Waves,EMI TG12345 console buss,console-emi,matched_thd_3_pct,full,thd_3_pct,400.0,-12.0,2.980888092052426,60,-30.607795246315327,-63.938319393945946,-47.75034212414173,-72.37613985171967,-57.89790839184478,-78.59666618412408,-65.48344069066479
nlsbuss_spike,Waves,EMI TG12345 console buss,console-emi,matched_thd_3_pct,full,thd_3_pct,400.0,-3.0,3.468402489069324,60,-29.35626242429839,-67.95957955468418,-44.37744164972433,-74.39832009116301,-52.81041116343633,-79.0883751807078,-58.9773169068375
nlsbuss_spike,Waves,EMI TG12345 console buss,console-emi,matched_thd_3_pct,full,thd_3_pct,4000.0,-12.0,7.091238514454116,6,-23.11045729125334,-60.30853464786638,-38.92888248273344,-67.98789329209029,-48.697992875723266,,
nlsbuss_spike,Waves,EMI TG12345 console buss,console-emi,matched_thd_3_pct,full,thd_3_pct,4000.0,-3.0,7.566085640591901,6,-22.58467932034673,-66.41763168511312,-37.330402563418154,-72.72297185852563,-46.10042749422646,,
nlsbuss_spike,Waves,EMI TG12345 console buss,console-emi,matched_thd_3_pct,full,thd_3_pct,50.0,-12.0,16.823036251163963,481,-15.66230699963728,-57.059546657976846,-30.19495482792785,-62.839457543981176,-38.1756323026937,-66.98131643964273,-43.92659550372839
nlsbuss_spike,Waves,EMI TG12345 console buss,console-emi,matched_thd_3_pct,full,thd_3_pct,50.0,-3.0,17.20772563370804,481,-15.488607209811477,-63.65025231607281,-29.5869162683124,-68.60855296051949,-37.10652366910041,-72.02682747770523,-42.394924881586896
nlsbuss_spike,Waves,EMI TG12345 console buss,console-emi,matched_thd_3_pct,full,thd_3_pct,500.0,-12.0,2.7915212552487247,47,-31.174443836636453,-64.30346164191823,-48.476175926484466,-72.8583876742212,-58.73601049519306,-79.18835286591757,-66.41084674849898
nlsbuss_spike,Waves,EMI TG12345 console buss,console-emi,matched_thd_3_pct,full,thd_3_pct,500.0,-3.0,3.2749610205448185,47,-29.852076095034448,-68.18400936668237,-44.93913829779716,-74.69264265138186,-53.429701238635225,-79.47188643471374,-59.65135756279253
nlsbuss_spike,Waves,EMI TG12345 console buss,console-emi,matched_thd_3_pct,full,thd_3_pct,5000.0,-12.0,8.02403034324862,4,-22.01831394198212,-60.014745164869076,-38.111071694948045,,,,
nlsbuss_spike,Waves,EMI TG12345 console buss,console-emi,matched_thd_3_pct,full,thd_3_pct,5000.0,-3.0,8.475118617152985,4,-21.56811320312709,-66.37059303317224,-36.7113007458854,,,,
nlsbuss_spike,Waves,EMI TG12345 console buss,console-emi,matched_thd_3_pct,full,thd_3_pct,63.0,-12.0,13.713303002827654,381,-17.430144280097345,-57.65388641949842,-32.12209490004843,-63.69196537452582,-40.25584557390264,-68.05813548168582,-46.147193784028595
nlsbuss_spike,Waves,EMI TG12345 console buss,console-emi,matched_thd_3_pct,full,thd_3_pct,63.0,-3.0,14.129621934245927,381,-17.197868924978856,-64.11687270086952,-31.342666392009356,-69.25118455805386,-38.912404968268575,-72.82518574630834,-44.250088082358765
nlsbuss_spike,Waves,EMI TG12345 console buss,console-emi,matched_thd_3_pct,full,thd_3_pct,630.0,-12.0,2.738235623053731,38,-31.34089571403692,-64.41835284361345,-48.68729558619167,-73.01985589093462,-58.98197293357044,-79.35495366753496,-66.68185552588318
nlsbuss_spike,Waves,EMI TG12345 console buss,console-emi,matched_thd_3_pct,full,thd_3_pct,630.0,-3.0,3.2204218212128324,38,-29.997251882004754,-68.2690823910433,-45.10122766595472,-74.81591963317206,-53.609348127627456,-79.59321201203514,-59.84741281277823
nlsbuss_spike,Waves,EMI TG12345 console buss,console-emi,matched_thd_3_pct,full,thd_3_pct,6300.0,-12.0,8.732241602673886,3,-21.178047483272152,-60.055561331881094,,,,,
nlsbuss_spike,Waves,EMI TG12345 console buss,console-emi,matched_thd_3_pct,full,thd_3_pct,6300.0,-3.0,9.137069643705749,3,-20.783975127851097,-66.59915188033291,,,,,
nlsbuss_spike,Waves,EMI TG12345 console buss,console-emi,matched_thd_3_pct,full,thd_3_pct,80.0,-12.0,11.026554270925468,300,-19.31516570065383,-58.38382336224843,-34.21303521362362,-64.68195253477094,-42.53860250040391,-69.23546490464142,-48.60946968412626
nlsbuss_spike,Waves,EMI TG12345 console buss,console-emi,matched_thd_3_pct,full,thd_3_pct,80.0,-3.0,11.471677515377472,300,-19.004589551402876,-64.70812847697337,-33.21032600418012,-69.95168153792213,-40.845519117356616,-73.57881529377289,-46.25330431964322
nlsbuss_spike,Waves,EMI TG12345 console buss,console-emi,matched_thd_3_pct,full,thd_3_pct,800.0,-12.0,2.817600912995769,30,-31.09428163553593,-64.27948647955719,-48.36623955133539,-72.82712737365917,-58.61018660694274,-79.12922870169307,-66.27830154640036
nlsbuss_spike,Waves,EMI TG12345 console buss,console-emi,matched_thd_3_pct,full,thd_3_pct,800.0,-3.0,3.301786147448428,30,-29.78186077075286,-68.22199620940648,-44.851622822976445,-74.73655072695286,-53.33271492963313,-79.49251145290104,-59.553009604482185
nlsbuss_spike,Waves,EMI TG12345 console buss,console-emi,matched_thd_3_pct,full,thd_3_pct,8000.0,-12.0,9.216051366711119,2,-20.70910226648796,,,,,,
nlsbuss_spike,Waves,EMI TG12345 console buss,console-emi,matched_thd_3_pct,full,thd_3_pct,8000.0,-3.0,9.602202946551834,2,-20.352582385507954,,,,,,
ssl_ev2,Waves,SSL 4000 E console channel,console-ssl,analog_off,full,,100.0,-12.0,4.1673821902687584e-05,239,-135.87008018050594,-135.92243191514316,-135.97399796718946,-136.04827912618964,-136.12136413444856,-136.17642252171512,-136.27803858779055
ssl_ev2,Waves,SSL 4000 E console channel,console-ssl,analog_off,full,,100.0,-3.0,4.165257828700236e-05,239,-135.8702567544124,-135.926463011067,-135.9741305430327,-136.05773352770325,-136.12149623321596,-136.19368437321984,-136.2782284877052
ssl_ev2,Waves,SSL 4000 E console channel,console-ssl,analog_off,full,,1000.0,-12.0,4.297598415885933e-05,24,-136.27184842832054,-136.21436859341497,-136.058774872183,-135.89592066914693,-135.67464368046348,-135.40527904421054,-135.1141921666189
ssl_ev2,Waves,SSL 4000 E console channel,console-ssl,analog_off,full,,1000.0,-3.0,4.2811469234804374e-05,24,-136.2716362530211,-136.28801886062976,-136.0586219939697,-135.97709954177827,-135.674509001369,-135.48694278847378,-135.1140676259514
ssl_ev2,Waves,SSL 4000 E console channel,console-ssl,analog_off,full,,10000.0,-12.0,6.062121811345222e-05,2,-124.34750682468118,,,,,,
ssl_ev2,Waves,SSL 4000 E console channel,console-ssl,analog_off,full,,10000.0,-3.0,6.0621833132673217e-05,2,-124.34741870434728,,,,,,
ssl_ev2,Waves,SSL 4000 E console channel,console-ssl,analog_off,full,,125.0,-12.0,4.115393400667943e-05,191,-135.89612387888724,-136.0135011776355,-136.04888419670925,-136.20200203321104,-136.24385467392324,-136.3489739640943,-136.4101689197754
ssl_ev2,Waves,SSL 4000 E console channel,console-ssl,analog_off,full,,125.0,-3.0,4.1220532696621346e-05,191,-135.89521731147894,-135.9704536055904,-136.0486632232093,-136.16267441676118,-136.24382223539666,-136.3352916976788,-136.40996064706337
ssl_ev2,Waves,SSL 4000 E console channel,console-ssl,analog_off,full,,1250.0,-12.0,4.493316571210134e-05,19,-136.15234394561827,-136.05002386579957,-135.93956737994847,-135.53270407536507,-135.29832259494898,-134.7993398999248,-134.34980652482864
ssl_ev2,Waves,SSL 4000 E console channel,console-ssl,analog_off,full,,1250.0,-3.0,4.474504733356545e-05,19,-136.15242332687097,-136.13427485451572,-135.93938970699222,-135.62612622370426,-135.29814426227946,-134.88128382926465,-134.34950301512103
ssl_ev2,Waves,SSL 4000 E console channel,console-ssl,analog_off,full,,160.0,-12.0,4.304763177166703e-07,150,-178.9413127204168,-175.9059231924293,-176.79660045800657,-177.66955692625717,-175.25448462656956,-173.603954239459,-174.50575974402585
ssl_ev2,Waves,SSL 4000 E console channel,console-ssl,analog_off,full,,160.0,-3.0,4.4526049457308195e-07,150,-178.9615059568885,-176.2857014738377,-176.8208174890992,-181.34705416646756,-175.27628065110886,-171.6215377776157,-174.51056361507327
ssl_ev2,Waves,SSL 4000 E console channel,console-ssl,analog_off,full,,1600.0,-12.0,4.84897160064671e-05,14,-136.23574534980426,-136.01878046965427,-135.57706292279752,-135.1523508439148,-134.5293669710533,-133.82249545224062,-132.89134273746154
ssl_ev2,Waves,SSL 4000 E console channel,console-ssl,analog_off,full,,1600.0,-3.0,4.860006756611901e-05,14,-136.23615536133113,-135.9518633794043,-135.57711286158286,-135.1032435935057,-134.5292415156266,-133.78738159942253,-132.89128148321413
ssl_ev2,Waves,SSL 4000 E console channel,console-ssl,analog_off,full,,200.0,-12.0,4.0495272716699596e-05,120,-135.99937211847353,-136.10168523388705,-136.29681278722802,-136.376426911424,-136.4932106526684,-136.42911203974248,-136.4481816312802
ssl_ev2,Waves,SSL 4000 E console channel,console-ssl,analog_off,full,,200.0,-3.0,4.042141495716273e-05,120,-135.999678190725,-136.13464285823753,-136.29744859788136,-136.41300051674114,-136.4935382825553,-136.46937509131948,-136.4485808161621
ssl_ev2,Waves,SSL 4000 E console channel,console-ssl,analog_off,full,,2000.0,-12.0,5.659801101604134e-05,11,-136.06122264004657,-135.73438600341746,-135.11379967592657,-134.39113560391093,-133.34927412964964,-132.0515052819606,-130.31150387411842
ssl_ev2,Waves,SSL 4000 E console channel,console-ssl,analog_off,full,,2000.0,-3.0,5.672567445050537e-05,11,-136.06154329128626,-135.64530856688773,-135.11398515325885,-134.33553947987804,-133.34928639059055,-132.0219643466491,-130.3113945942032
ssl_ev2,Waves,SSL 4000 E console channel,console-ssl,analog_off,full,,250.0,-12.0,4.040438517654635e-05,96,-136.08680586916873,-136.22987345961067,-136.43562723755778,-136.43788713947552,-136.48517948266107,-136.29882608291925,-136.29631386737168
ssl_ev2,Waves,SSL 4000 E console channel,console-ssl,analog_off,full,,250.0,-3.0,4.031211199042269e-05,96,-136.08663027681007,-136.2465610960655,-136.43592372769515,-136.49364493419495,-136.48536153252485,-136.366554798687,-136.29620020199658
ssl_ev2,Waves,SSL 4000 E console channel,console-ssl,analog_off,full,,2500.0,-12.0,8.494319686126587e-05,9,-135.97309313112368,-135.23866392044033,-134.35436685677172,-133.0450943148082,-131.24596969336955,-128.58249748384412,-124.36067521386735
ssl_ev2,Waves,SSL 4000 E console channel,console-ssl,analog_off,full,,2500.0,-3.0,8.491094516101197e-05,9,-135.97313734660204,-135.27644753148002,-134.35433601858398,-133.06045016158802,-131.24587040444848,-128.58614935810402,-124.36065965055631
ssl_ev2,Waves,SSL 4000 E console channel,console-ssl,analog_off,full,,31.5,-12.0,4.2662342024277565e-05,762,-135.82861489282965,-135.85045176244225,-135.839747203184,-135.84815000408898,-135.85803875780644,-135.84270881869745,-135.88309895344364
ssl_ev2,Waves,SSL 4000 E console channel,console-ssl,analog_off,full,,31.5,-3.0,4.258193041951058e-05,762,-135.82800512673035,-135.86353127850484,-135.8391559824797,-135.88873341684553,-135.85747895984463,-135.90636218612696,-135.88258412130932
ssl_ev2,Waves,SSL 4000 E console channel,console-ssl,analog_off,full,,315.0,-12.0,1.0024200360192244e-06,76,-171.41718974618846,-165.9362939831064,-168.67037015870454,-169.62956432040886,-168.8699012807961,-166.9250060806517,-169.98517641911184
ssl_ev2,Waves,SSL 4000 E console channel,console-ssl,analog_off,full,,315.0,-3.0,9.185782639796432e-07,76,-171.3918959706031,-168.48948263809825,-168.67964271720055,-169.06268167833232,-168.8744581098696,-168.5282924618662,-169.9969250236785
ssl_ev2,Waves,SSL 4000 E console channel,console-ssl,analog_off,full,,3150.0,-12.0,0.00016349007164281158,7,-135.58080094629227,-134.54257522953122,-133.01619522734683,-130.52029050499027,-126.510408613924,-116.4817997270684,
ssl_ev2,Waves,SSL 4000 E console channel,console-ssl,analog_off,full,,3150.0,-3.0,0.00016347256045635736,7,-135.58108755936507,-134.56774194790523,-133.01623563129164,-130.53085989473922,-126.51036568588029,-116.48209689545476,
ssl_ev2,Waves,SSL 4000 E console channel,console-ssl,analog_off,full,,40.0,-12.0,4.250434901439846e-05,595,-135.83129790840655,-135.88604940616432,-135.8494703783274,-135.8960154583174,-135.87904517332151,-135.91607875462893,-135.918968973042
ssl_ev2,Waves,SSL 4000 E console channel,console-ssl,analog_off,full,,40.0,-3.0,4.246046711522348e-05,595,-135.8305470052486,-135.89227010104185,-135.84877374098272,-135.92597130665072,-135.87843297538194,-135.94575507359426,-135.91846290755615
ssl_ev2,Waves,SSL 4000 E console channel,console-ssl,analog_off,full,,400.0,-12.0,1.1331400338477096e-06,60,-168.42057493576607,-166.7001985121086,-166.4230735486981,-166.95397489519618,-167.72741196981028,-167.92501836079413,-167.77728560890944
ssl_ev2,Waves,SSL 4000 E console channel,console-ssl,analog_off,full,,400.0,-3.0,1.1383808472115207e-06,60,-168.39174947710373,-166.4418751852938,-166.42475828821784,-167.03303888395135,-167.72707885127576,-167.89624323022153,-167.76465443641723
ssl_ev2,Waves,SSL 4000 E console channel,console-ssl,analog_off,full,,4000.0,-12.0,0.0003895117987503483,6,-135.11270672666924,-133.37796950573235,-130.31301932665124,-124.3623215914505,-108.34580496099534,,
ssl_ev2,Waves,SSL 4000 E console channel,console-ssl,analog_off,full,,4000.0,-3.0,0.00038951626916267334,6,-135.1128127127635,-133.36559409710392,-130.31318051107934,-124.36014559728419,-108.34579373967503,,
ssl_ev2,Waves,SSL 4000 E console channel,console-ssl,analog_off,full,,50.0,-12.0,1.8905557421396572e-07,481,-189.78122738791762,-177.51853585349778,-189.41374259915747,-179.0664652366924,-188.88157486399393,-191.83302650024996,-188.26436820730908
ssl_ev2,Waves,SSL 4000 E console channel,console-ssl,analog_off,full,,50.0,-3.0,1.1337858529334779e-07,481,-189.74965993349292,-186.223170320647,-189.38393044152383,-185.0525024371909,-188.85424258546402,-186.32461811588848,-188.23984828157137
ssl_ev2,Waves,SSL 4000 E console channel,console-ssl,analog_off,full,,500.0,-12.0,4.066123100670398e-05,47,-136.5294625276392,-136.46392696413477,-136.30917111440218,-136.1412210874428,-136.26519415901078,-136.118136145976,-136.06599734846512
ssl_ev2,Waves,SSL 4000 E console channel,console-ssl,analog_off,full,,500.0,-3.0,4.0542579882136665e-05,47,-136.52935107517752,-136.49671750566594,-136.3089031226755,-136.20499487390623,-136.2649284212521,-136.19736536930438,-136.06613768098396
ssl_ev2,Waves,SSL 4000 E console channel,console-ssl,analog_off,full,,5000.0,-12.0,6.916352396007742e-05,4,-134.33912595861227,-131.28396206819096,-124.35175735500817,,,,
ssl_ev2,Waves,SSL 4000 E console channel,console-ssl,analog_off,full,,5000.0,-3.0,6.921399992810739e-05,4,-134.3392770579846,-131.2433303703598,-124.35175300336958,,,,
ssl_ev2,Waves,SSL 4000 E console channel,console-ssl,analog_off,full,,63.0,-12.0,1.2091850665401712e-07,381,-187.69142333332087,-188.62028883693026,-187.12725726280084,-185.34337839041083,-186.36584721660864,-187.97819387883555,-185.55270703310345
ssl_ev2,Waves,SSL 4000 E console channel,console-ssl,analog_off,full,,63.0,-3.0,1.3203825198636605e-07,381,-187.7102829143931,-184.15402712898882,-187.14470257511724,-186.48079072371016,-186.38104460205898,-185.78138177911424,-185.56496035912846
ssl_ev2,Waves,SSL 4000 E console channel,console-ssl,analog_off,full,,630.0,-12.0,1.79915393914923e-06,38,-162.59490032229604,-162.66526244194688,-163.83411639611228,-163.83537935243513,-163.48262363610414,-163.62498565928985,-163.60669837318713
ssl_ev2,Waves,SSL 4000 E console channel,console-ssl,analog_off,full,,630.0,-3.0,1.8005476832996773e-06,38,-162.59092194735334,-162.49845394050868,-163.8431390610068,-163.83399718818617,-163.477586168697,-163.79724733447446,-163.60271335220705
ssl_ev2,Waves,SSL 4000 E console channel,console-ssl,analog_off,full,,6300.0,-12.0,2.269268257994183e-05,3,-140.20522993554823,-133.7719193011737,,,,,
ssl_ev2,Waves,SSL 4000 E console channel,console-ssl,analog_off,full,,6300.0,-3.0,2.2923103853144404e-05,3,-140.2047334565172,-133.6645735570653,,,,,
ssl_ev2,Waves,SSL 4000 E console channel,console-ssl,analog_off,full,,80.0,-12.0,4.2037800239280485e-05,300,-135.85339067256984,-135.8737845209949,-135.92143335736586,-135.96333560914044,-136.0243444245266,-136.071589741225,-136.14735419882416
ssl_ev2,Waves,SSL 4000 E console channel,console-ssl,analog_off,full,,80.0,-3.0,4.2045863858022775e-05,300,-135.85402869119233,-135.86638742429707,-135.9218950332525,-135.96294706356247,-136.02449565037426,-136.06675518802032,-136.14711497203592
ssl_ev2,Waves,SSL 4000 E console channel,console-ssl,analog_off,full,,800.0,-12.0,2.3002336277160144e-06,30,-159.98821330153316,-161.4356414265369,-161.70613438072473,-161.3074177594115,-161.5876373256479,-161.54067729406123,-161.1946128569342
ssl_ev2,Waves,SSL 4000 E console channel,console-ssl,analog_off,full,,800.0,-3.0,2.3118508802778416e-06,30,-159.98963861151975,-161.48469748590577,-161.70050830890372,-161.17761866422867,-161.59157771848683,-161.30402228879805,-161.19459397807773
ssl_ev2,Waves,SSL 4000 E console channel,console-ssl,analog_off,full,,8000.0,-12.0,3.0525925430739334e-05,2,-130.30662322030943,,,,,,
ssl_ev2,Waves,SSL 4000 E console channel,console-ssl,analog_off,full,,8000.0,-3.0,3.0526919829524566e-05,2,-130.30634027729283,,,,,,
ssl_ev2,Waves,SSL 4000 E console channel,console-ssl,line_-10,curve,,100.0,-12.0,0.11932860554006179,239,-110.47605634611331,-58.46582429104015,-121.28085159601699,-96.48234170824942,-136.24273224424957,-131.72043210772304,-136.0025318783777
ssl_ev2,Waves,SSL 4000 E console channel,console-ssl,line_-10,curve,,1000.0,-12.0,0.20424935312371756,24,-53.866817754912304,-87.452467861553,-72.35316974036316,-138.93275136754502,-81.91274593893033,-135.04829286075352,-94.83329359098224
ssl_ev2,Waves,SSL 4000 E console channel,console-ssl,line_-10,curve,,10000.0,-12.0,0.0003431068155236863,2,-109.29141309938777,,,,,,
ssl_ev2,Waves,SSL 4000 E console channel,console-ssl,line_-10,curve,,125.0,-12.0,0.0982103537640115,191,-106.6642315772419,-60.15747359565537,-119.8292991600765,-99.40232667744152,-135.0168050783367,-131.37761820348464,-134.8538058609352
ssl_ev2,Waves,SSL 4000 E console channel,console-ssl,line_-10,curve,,1250.0,-12.0,0.16251416874565075,19,-55.86922207874129,-88.95895916480143,-73.24989560124264,-137.94049335170877,-84.32383534492212,-135.12187534646128,-98.9710953325587
ssl_ev2,Waves,SSL 4000 E console channel,console-ssl,line_-10,curve,,160.0,-12.0,0.07265778317317803,150,-101.91596306533324,-62.77526403157081,-114.09217815077938,-103.76819485878127,-157.80441138288714,-140.7458790045381,-180.6027525650603
ssl_ev2,Waves,SSL 4000 E console channel,console-ssl,line_-10,curve,,1600.0,-12.0,0.08418573236158496,14,-61.63378970585321,-90.5462373488254,-76.82798862243891,-136.8580757535149,-92.1532247166898,-133.74315428516206,-113.10776351607254
ssl_ev2,Waves,SSL 4000 E console channel,console-ssl,line_-10,curve,,200.0,-12.0,0.05080042704761089,120,-96.49627026746829,-65.88687099991762,-108.31039279567813,-109.34098408695709,-135.69124738620502,-135.1217944274835,-136.73523692929666
ssl_ev2,Waves,SSL 4000 E console channel,console-ssl,line_-10,curve,,2000.0,-12.0,0.03875630819714808,11,-68.43051931244706,-92.0641023799744,-82.22102129043472,-135.2442142215975,-102.6076713325372,-132.1277393279077,-126.95253583944628
ssl_ev2,Waves,SSL 4000 E console channel,console-ssl,line_-10,curve,,250.0,-12.0,0.0338119741251529,96,-90.37877217195526,-69.45580418178474,-102.5024358358979,-115.71441637030581,-132.84304047293642,-136.0703916157806,-136.0214396386516
ssl_ev2,Waves,SSL 4000 E console channel,console-ssl,line_-10,curve,,2500.0,-12.0,0.016948091942429695,9,-75.69790649199868,-93.76072909253439,-88.63482289793598,-133.59680953178554,-113.09893763879535,-128.50611758486542,-124.48019846268326
ssl_ev2,Waves,SSL 4000 E console channel,console-ssl,line_-10,curve,,31.5,-12.0,0.11839473244014471,762,-116.99805707916921,-58.53402693420609,-127.11723326454263,-96.66860425627098,-136.13628465641096,-129.45600041559874,-136.32792290530008
ssl_ev2,Waves,SSL 4000 E console channel,console-ssl,line_-10,curve,,315.0,-12.0,0.02247074713066414,76,-83.36824237307347,-73.4075114165753,-95.87940632622946,-121.35145029160257,-127.12477946230013,-160.11375714172448,-157.44138316876106
ssl_ev2,Waves,SSL 4000 E console channel,console-ssl,line_-10,curve,,3150.0,-12.0,0.007335471693160814,7,-83.15454054101036,-95.7074964686855,-95.648168627297,-130.8084049088934,-120.73842557106916,-116.47957334409,
ssl_ev2,Waves,SSL 4000 E console channel,console-ssl,line_-10,curve,,40.0,-12.0,0.13568596527303045,595,-116.46115804457288,-57.350120449608454,-127.06779445194962,-94.62748117434165,-135.88417729193645,-129.48634908656265,-136.0762846915155
ssl_ev2,Waves,SSL 4000 E console channel,console-ssl,line_-10,curve,,400.0,-12.0,0.02163900325788655,60,-75.6878505831189,-77.33674376340055,-88.64565949575719,-127.93768228042028,-114.20798949530231,-162.88229942360456,-151.94041927169684
ssl_ev2,Waves,SSL 4000 E console channel,console-ssl,line_-10,curve,,4000.0,-12.0,0.0033856433985697916,6,-90.39867510404892,-97.826915068278,-102.65667789548846,-124.43586403165367,-108.40613219011531,,
ssl_ev2,Waves,SSL 4000 E console channel,console-ssl,line_-10,curve,,50.0,-12.0,0.14368512914478865,481,-116.5870626792468,-56.8526432348427,-128.87747592025306,-93.81186858691828,-153.4792536585299,-130.67123221914002,-151.99175788012428
ssl_ev2,Waves,SSL 4000 E console channel,console-ssl,line_-10,curve,,500.0,-12.0,0.03991945268405227,47,-68.39965246274309,-80.5997326372628,-82.19520990934058,-144.17241718280044,-102.35541867769653,-136.3442591603744,-128.43346753108634
ssl_ev2,Waves,SSL 4000 E console channel,console-ssl,line_-10,curve,,5000.0,-12.0,0.0018267505800900342,4,-96.68256970696541,-99.7468847524162,-108.84576281777203,,,,
ssl_ev2,Waves,SSL 4000 E console channel,console-ssl,line_-10,curve,,63.0,-12.0,0.14412066279832794,381,-115.22130478423412,-56.826359752565516,-127.15696150072881,-93.76936047612935,-149.93200591101998,-130.49449688419435,-149.71104005962587
ssl_ev2,Waves,SSL 4000 E console channel,console-ssl,line_-10,curve,,630.0,-12.0,0.08658741635513409,38,-61.408523364066205,-83.40473435996549,-76.67726741642772,-137.7581635013833,-91.81761828636621,-153.85447863234492,-111.73049994529124
ssl_ev2,Waves,SSL 4000 E console channel,console-ssl,line_-10,curve,,6300.0,-12.0,0.0011329010704881272,3,-102.28738815582248,-101.59323984451365,,,,,
ssl_ev2,Waves,SSL 4000 E console channel,console-ssl,line_-10,curve,,80.0,-12.0,0.1354905339625336,300,-113.37351924302527,-57.36265001505551,-124.0481248205482,-94.6175929971939,-136.08475570425693,-132.80468359879828,-136.1840669161624
ssl_ev2,Waves,SSL 4000 E console channel,console-ssl,line_-10,curve,,800.0,-12.0,0.16249895932689598,30,-55.87239201400742,-85.7144358799367,-73.24988950972354,-141.79923174152157,-84.34843847862821,-156.8825279876814,-98.84964842737368
ssl_ev2,Waves,SSL 4000 E console channel,console-ssl,line_-10,curve,,8000.0,-12.0,0.0004240452194053737,2,-107.45175657139617,,,,,,
ssl_ev2,Waves,SSL 4000 E console channel,console-ssl,line_0,full,,100.0,-12.0,0.7452090445620034,239,-81.99883073828964,-42.59591482727644,-95.27840873440888,-62.88017141586225,-119.08213522787022,-82.19643680681341,-136.2614831273924
ssl_ev2,Waves,SSL 4000 E console channel,console-ssl,line_0,full,,100.0,-3.0,1.2884204877402907,239,-65.98021812020093,-38.25908562220097,-92.11925595166404,-48.35668733358227,-94.64313319352023,-57.353639637448374,-101.90582441128818
ssl_ev2,Waves,SSL 4000 E console channel,console-ssl,line_0,full,,1000.0,-12.0,0.6275729835218035,24,-44.07929213218936,-67.97405197915084,-68.77581184788282,-105.9674058134869,-120.24758545977328,-133.16028669103122,-86.3881421012202
ssl_ev2,Waves,SSL 4000 E console channel,console-ssl,line_0,full,,1000.0,-3.0,1.0136707062723636,24,-40.151398532682016,-53.27921241228882,-58.825097933025475,-74.86879146511562,-69.30050038754518,-95.43251073124475,-77.4382793269903
ssl_ev2,Waves,SSL 4000 E console channel,console-ssl,line_0,full,,10000.0,-12.0,0.007920845145302969,2,-82.02456954407046,,,,,,
ssl_ev2,Waves,SSL 4000 E console channel,console-ssl,line_0,full,,10000.0,-3.0,0.05295749384330278,2,-65.52145151206875,,,,,,
ssl_ev2,Waves,SSL 4000 E console channel,console-ssl,line_0,full,,125.0,-12.0,0.6446517976511904,191,-78.86897746785544,-43.84809142726779,-92.65827287446803,-65.04148484952967,-112.67048922465852,-85.25212963137568,-135.24656300436448
ssl_ev2,Waves,SSL 4000 E console channel,console-ssl,line_0,full,,125.0,-3.0,1.2140463609569012,191,-64.06419086950437,-38.73353584355988,-94.24930954832121,-49.28054331328443,-93.45015383280818,-58.737779280666196,-99.52960879695945
ssl_ev2,Waves,SSL 4000 E console channel,console-ssl,line_0,full,,1250.0,-12.0,0.5461089214340746,19,-45.28232785731064,-69.424072198535,-71.33782686965618,-108.52677623201953,-92.2143712408253,-132.7624222941965,-85.55099297799589
ssl_ev2,Waves,SSL 4000 E console channel,console-ssl,line_0,full,,1250.0,-3.0,0.9013951477336755,19,-41.16109902807104,-54.427771811267085,-60.05556479700412,-76.82507289038627,-70.78722251764293,-98.16201347617829,-79.2954177563083
ssl_ev2,Waves,SSL 4000 E console channel,console-ssl,line_0,full,,160.0,-12.0,0.5106371774997228,150,-74.73733964054401,-45.86732470925361,-89.20686028707718,-68.50227871944267,-106.66230713380295,-90.18174507802102,-130.46112579919034
ssl_ev2,Waves,SSL 4000 E console channel,console-ssl,line_0,full,,160.0,-3.0,1.0962998325718678,150,-61.558683098418584,-39.566252081933804,-103.43730180433644,-50.85908392603565,-92.68383385778966,-61.0808455786302,-97.08935979982118
ssl_ev2,Waves,SSL 4000 E console channel,console-ssl,line_0,full,,1600.0,-12.0,0.37254327740577203,14,-48.60608521690591,-70.96208407514195,-81.15691832129019,-111.24560668497426,-84.27890548707364,-132.6994705255617,-85.52378913304346
ssl_ev2,Waves,SSL 4000 E console channel,console-ssl,line_0,full,,1600.0,-3.0,0.6641581897887424,14,-43.882038837498186,-55.671653192652755,-63.48618410445289,-78.94100739509416,-75.13702743275876,-101.08355258828816,-85.22040381691532
ssl_ev2,Waves,SSL 4000 E console channel,console-ssl,line_0,full,,200.0,-12.0,0.3828912441734148,120,-70.41610671955004,-48.382048340338706,-85.98779455329024,-72.79133370201158,-100.34342719571818,-96.19407160953158,-120.28221624207903
ssl_ev2,Waves,SSL 4000 E console channel,console-ssl,line_0,full,,200.0,-3.0,0.9567921994972906,120,-58.94116846651487,-40.71356099963637,-95.51212989075098,-52.97723765156669,-92.94881663411726,-64.18736456401278,-95.3244823272481
ssl_ev2,Waves,SSL 4000 E console channel,console-ssl,line_0,full,,2000.0,-12.0,0.24110980820202135,11,-52.403746439042955,-72.44259732413623,-91.8138690120584,-113.9518472724775,-83.30019714350966,-132.03025661230578,-87.866617649501
ssl_ev2,Waves,SSL 4000 E console channel,console-ssl,line_0,full,,2000.0,-3.0,0.4792640801729759,11,-46.83421749700549,-56.89343961580974,-67.46964287678635,-81.01738936408069,-80.82044849152444,-103.94885364696873,-95.52076132315536
ssl_ev2,Waves,SSL 4000 E console channel,console-ssl,line_0,full,,250.0,-12.0,0.274321068561281,96,-65.91708886166055,-51.3979083996803,-83.2839327256727,-77.90302979719273,-94.3600962197657,-103.43886781359441,-109.16637121901276
ssl_ev2,Waves,SSL 4000 E console channel,console-ssl,line_0,full,,250.0,-3.0,0.8057368896161666,96,-56.16428075074438,-42.241907435860256,-84.72163718744797,-55.73527972514963,-95.76174357863573,-68.1963032669485,-94.47986323342384
ssl_ev2,Waves,SSL 4000 E console channel,console-ssl,line_0,full,,2500.0,-12.0,0.15061920668402787,9,-56.53610818715062,-74.09964690430945,-82.35884236894718,-117.2413439308597,-85.02522913116817,-128.48354918011384,-92.46727456385585
ssl_ev2,Waves,SSL 4000 E console channel,console-ssl,line_0,full,,2500.0,-3.0,0.34527720611288565,9,-49.842573397413545,-58.287122123503494,-71.99776897311712,-83.38632956776289,-89.10461844821384,-107.16300136508323,-104.64325496596356
ssl_ev2,Waves,SSL 4000 E console channel,console-ssl,line_0,full,,31.5,-12.0,0.7416471994523272,762,-89.00344727829207,-42.636752991755785,-101.67577123242347,-62.95978762217346,-129.6786840616299,-82.29804909991077,-135.63160967395302
ssl_ev2,Waves,SSL 4000 E console channel,console-ssl,line_0,full,,31.5,-3.0,1.28874508169804,762,-70.30463704451634,-38.25072157733506,-91.08933966623624,-48.366593628227164,-98.16880399865873,-57.38142781991664,-108.57471589085608
ssl_ev2,Waves,SSL 4000 E console channel,console-ssl,line_0,full,,315.0,-12.0,0.2006587709604423,76,-61.22154907029184,-54.8690214797952,-81.61599552293421,-83.7450118894514,-89.05084268388254,-111.76719504216851,-99.81170916486164
ssl_ev2,Waves,SSL 4000 E console channel,console-ssl,line_0,full,,315.0,-3.0,0.6645691152953401,76,-53.14090767266694,-44.196972690416764,-77.73092412153814,-59.19814146519576,-124.77342000895142,-73.18978546913209,-95.64617635737784
ssl_ev2,Waves,SSL 4000 E console channel,console-ssl,line_0,full,,3150.0,-12.0,0.0903742011700805,7,-61.060118960055604,-76.01754706118959,-81.55141269442288,-121.9113015721168,-88.77841283131646,-116.48441923911895,
ssl_ev2,Waves,SSL 4000 E console channel,console-ssl,line_0,full,,3150.0,-3.0,0.24820320573860793,7,-52.90353296932015,-59.9331596666942,-77.41931730990161,-86.19205350654029,-121.87480194025804,-110.00807584717295,
ssl_ev2,Waves,SSL 4000 E console channel,console-ssl,line_0,full,,40.0,-12.0,0.8182444671926747,595,-88.42714951121619,-41.78936914210918,-101.15947003103412,-61.486801302483336,-127.96376231860168,-80.21518726381714,-136.15134959885378
ssl_ev2,Waves,SSL 4000 E console channel,console-ssl,line_0,full,,40.0,-3.0,1.3382324311681912,595,-69.99117685580367,-37.95779520292389,-91.14065163614387,-47.77302106956675,-97.83130342857811,-56.47984086476822,-108.1185727296861
ssl_ev2,Waves,SSL 4000 E console channel,console-ssl,line_0,full,,400.0,-12.0,0.19126767910464204,60,-56.54817008762088,-58.435031011216154,-82.39824639424093,-89.7382496637527,-85.08287119515296,-120.32005214194723,-92.55436534904676
ssl_ev2,Waves,SSL 4000 E console channel,console-ssl,line_0,full,,400.0,-3.0,0.5792619098166397,60,-49.93580145323426,-46.41382020197729,-72.08277102973719,-63.070755835763165,-89.11215011097019,-78.73746863075304,-105.18646229305715
ssl_ev2,Waves,SSL 4000 E console channel,console-ssl,line_0,full,,4000.0,-12.0,0.052671043774912614,6,-65.89665414294248,-78.12715511519426,-83.25763201436935,-132.1690961938012,-101.46831149690698,,
ssl_ev2,Waves,SSL 4000 E console channel,console-ssl,line_0,full,,4000.0,-3.0,0.17903751283451985,6,-55.956519865031346,-61.78115456590624,-84.5445108241845,-89.39646289754228,-102.63630754376798,,
ssl_ev2,Waves,SSL 4000 E console channel,console-ssl,line_0,full,,50.0,-12.0,0.8519613010629414,481,-87.67802950247702,-41.44154238075127,-100.50965544288907,-60.88066622788876,-127.3652675692346,-79.35118601009688,-156.6892736879436
ssl_ev2,Waves,SSL 4000 E console channel,console-ssl,line_0,full,,50.0,-3.0,1.358137188310055,481,-69.5264568884538,-37.844516964808356,-91.17913826916137,-47.5373672474543,-97.40071897291017,-56.118102802750506,-107.14454767051171
ssl_ev2,Waves,SSL 4000 E console channel,console-ssl,line_0,full,,500.0,-12.0,0.25448354129128586,47,-52.39905303771955,-61.467629391588744,-91.94369623521308,-94.90073111381611,-83.28676608960068,-126.98126057189769,-87.86153317027623
ssl_ev2,Waves,SSL 4000 E console channel,console-ssl,line_0,full,,500.0,-3.0,0.593023124683092,47,-46.884341123797526,-48.45630443736174,-67.51411695157081,-66.60762244814683,-80.87163927904187,-83.77148919550295,-95.52110416599261
ssl_ev2,Waves,SSL 4000 E console channel,console-ssl,line_0,full,,5000.0,-12.0,0.03209894322231509,4,-70.42441707745502,-80.07319426082817,-86.00054530599556,,,,
ssl_ev2,Waves,SSL 4000 E console channel,console-ssl,line_0,full,,5000.0,-3.0,0.13424694454738897,4,-58.673561088859344,-63.51897058404181,-95.41490744734718,,,,
ssl_ev2,Waves,SSL 4000 E console channel,console-ssl,line_0,full,,63.0,-12.0,0.8536020317075189,381,-86.38950959592614,-41.42502998986128,-99.31635376804428,-60.85008327467992,-125.0825040871079,-79.3090717011227,-154.45719589439867
ssl_ev2,Waves,SSL 4000 E console channel,console-ssl,line_0,full,,63.0,-3.0,1.3585211700116901,381,-68.72483702200994,-37.84338575666398,-91.22563631894808,-47.52978811063531,-96.68415889327224,-56.103753612125324,-105.85830276502276
ssl_ev2,Waves,SSL 4000 E console channel,console-ssl,line_0,full,,630.0,-12.0,0.38178379561259757,38,-48.48567886662224,-64.10493627045301,-80.63155787998434,-99.24401422936626,-84.39161823297512,-133.7496604038201,-85.45400823633392
ssl_ev2,Waves,SSL 4000 E console channel,console-ssl,line_0,full,,630.0,-3.0,0.7167196960811085,38,-43.81652995180221,-50.342347708633035,-63.38825346579395,-69.84558309188388,-75.00039448306592,-88.38214780930369,-85.03315705898153
ssl_ev2,Waves,SSL 4000 E console channel,console-ssl,line_0,full,,6300.0,-12.0,0.019762527211126025,3,-74.86542101263878,-81.91268905219476,,,,,
ssl_ev2,Waves,SSL 4000 E console channel,console-ssl,line_0,full,,6300.0,-3.0,0.1023920385236079,3,-61.27758758135187,-65.18174583066963,,,,,
ssl_ev2,Waves,SSL 4000 E console channel,console-ssl,line_0,full,,80.0,-12.0,0.8169273486798037,300,-84.51159411918593,-41.803444843368844,-97.5468446694127,-61.506332798613236,-123.80880627817342,-80.24983408977015,-136.9357675945527
ssl_ev2,Waves,SSL 4000 E console channel,console-ssl,line_0,full,,80.0,-3.0,1.3357094438850536,300,-67.54046349005696,-37.975711457799875,-91.42528658964525,-47.79368345364274,-95.78053823954596,-56.50418062464774,-103.93106985736478
ssl_ev2,Waves,SSL 4000 E console channel,console-ssl,line_0,full,,800.0,-12.0,0.5469212077445469,30,-45.2868844202595,-66.30570634192573,-71.34504758002593,-102.9287772435358,-92.2622664459196,-138.06778278216382,-85.52541156686524
ssl_ev2,Waves,SSL 4000 E console channel,console-ssl,line_0,full,,800.0,-3.0,0.9148416162084523,30,-41.178439543155,-51.98911252025907,-60.07343316404614,-72.66246709334452,-70.80057094953378,-92.37348689417581,-79.32855545299483
ssl_ev2,Waves,SSL 4000 E console channel,console-ssl,line_0,full,,8000.0,-12.0,0.011289555960115516,2,-78.9464627874776,,,,,,
ssl_ev2,Waves,SSL 4000 E console channel,console-ssl,line_0,full,,8000.0,-3.0,0.06559424417141313,2,-63.66268535707978,,,,,,
ssl_ev2,Waves,SSL 4000 E console channel,console-ssl,line_10,full,,100.0,-12.0,1.27413191400663,239,-64.96536747366306,-38.44266634572734,-95.70183069671786,-47.839720461647545,-94.5837082516443,-56.115288314743985,-100.44376042304316
ssl_ev2,Waves,SSL 4000 E console channel,console-ssl,line_10,full,,100.0,-3.0,12.521425195151041,239,-60.01737133738981,-18.402871024621195,-64.87820941739065,-30.207639480356004,-71.62807976963786,-35.54380986311676,-73.02339142368987
ssl_ev2,Waves,SSL 4000 E console channel,console-ssl,line_10,full,,1000.0,-12.0,1.058519447159733,24,-39.82411975676927,-52.08786097836288,-58.23771861385143,-72.13168420941697,-68.42737996225632,-91.16021169471466,-76.1738087193066
ssl_ev2,Waves,SSL 4000 E console channel,console-ssl,line_10,full,,1000.0,-3.0,9.57062751451203,24,-48.573382875447805,-21.004101533584194,-42.03434350677361,-29.51698919268223,-47.747680259311345,-54.686600091392506,-50.18372486558329
ssl_ev2,Waves,SSL 4000 E console channel,console-ssl,line_10,full,,10000.0,-12.0,0.059878356860702725,2,-64.45460251531746,,,,,,
ssl_ev2,Waves,SSL 4000 E console channel,console-ssl,line_10,full,,10000.0,-3.0,0.10540124386893374,2,-59.54308527730311,,,,,,
ssl_ev2,Waves,SSL 4000 E console channel,console-ssl,line_10,full,,125.0,-12.0,1.2099262909223951,191,-63.14333426272299,-38.846993306354676,-101.58575870117511,-48.647470986189205,-93.85920439588325,-57.33787664968716,-98.5693056924434
ssl_ev2,Waves,SSL 4000 E console channel,console-ssl,line_10,full,,125.0,-3.0,12.200262599051907,191,-57.633595772921886,-18.60367989336816,-63.61064150349524,-30.39629603361349,-70.32188995777311,-37.511140399514304,-71.22417856918995
ssl_ev2,Waves,SSL 4000 E console channel,console-ssl,line_10,full,,1250.0,-12.0,0.9427511124280908,19,-40.82169054077363,-53.17429539677174,-59.42903587546301,-73.98943354522125,-69.82788478923788,-93.76946392183083,-77.85548374976403
ssl_ev2,Waves,SSL 4000 E console channel,console-ssl,line_10,full,,1250.0,-3.0,9.510325303596224,19,-41.84766598317765,-21.09481167542683,-43.28385179028011,-29.426859663318258,-52.125688332662406,-55.819022103087896,-49.68200581642449
ssl_ev2,Waves,SSL 4000 E console channel,console-ssl,line_10,full,,160.0,-12.0,1.1064271118212277,150,-60.74872997578724,-39.56559677651954,-101.62660002319492,-50.03796755001369,-93.85386144084404,-59.41974047759751,-96.76826410099169
ssl_ev2,Waves,SSL 4000 E console channel,console-ssl,line_10,full,,160.0,-3.0,11.773242518578597,150,-54.96765218987781,-18.906247859747253,-62.258260246516855,-30.509457468035755,-68.06031252911407,-39.84682667475663,-69.61334712889
ssl_ev2,Waves,SSL 4000 E console channel,console-ssl,line_10,full,,1600.0,-12.0,0.6990003399911908,14,-43.507878752764206,-54.35583159418263,-62.72937125312497,-76.00510924583165,-73.85816545932208,-96.59027491874534,-83.00825461686556
ssl_ev2,Waves,SSL 4000 E console channel,console-ssl,line_10,full,,1600.0,-3.0,9.439982887926915,14,-40.57396239119719,-21.176040429626248,-46.94182895526293,-29.334987850083177,-54.218285938414716,-57.14624736839575,-53.41115057446921
ssl_ev2,Waves,SSL 4000 E console channel,console-ssl,line_10,full,,200.0,-12.0,0.9810509236291847,120,-58.232517736809264,-40.56931832172406,-88.7775455863487,-51.92082499332333,-95.39684907241151,-62.200904505456535,-95.72442527270226
ssl_ev2,Waves,SSL 4000 E console channel,console-ssl,line_10,full,,200.0,-3.0,11.345716992942815,120,-52.457821642618896,-19.247069800223066,-60.90196147883283,-30.436266242154282,-65.58000902030157,-41.66595928310156,-68.20719215599611
ssl_ev2,Waves,SSL 4000 E console channel,console-ssl,line_10,full,,2000.0,-12.0,0.508821711356854,11,-46.414575583978355,-55.52091696284428,-66.50740049706837,-77.99107480869588,-78.90876334005092,-99.35875365655569,-90.72268390409548
ssl_ev2,Waves,SSL 4000 E console channel,console-ssl,line_10,full,,2000.0,-3.0,9.358600298191549,11,-42.246914876187844,-21.246475666637593,-50.644431666605094,-29.28468997908197,-55.253580699303754,-58.67247725797658,-57.71274778061657
ssl_ev2,Waves,SSL 4000 E console channel,console-ssl,line_10,full,,250.0,-12.0,0.8419965839163771,96,-55.547143129237696,-41.924291830332606,-81.60833521914641,-54.39669728257479,-102.51487317028653,-65.82003050765427,-95.86407724963794
ssl_ev2,Waves,SSL 4000 E console channel,console-ssl,line_10,full,,250.0,-3.0,10.933372756938036,96,-49.94460793332622,-19.605918502859044,-59.27457563855111,-30.24473351977125,-63.048361971935556,-43.29950916893884,-66.5070343217418
ssl_ev2,Waves,SSL 4000 E console channel,console-ssl,line_10,full,,2500.0,-12.0,0.37058223578194,9,-49.36556669355332,-56.855259557684704,-70.70298447231272,-80.26316156822206,-85.56705802388036,-102.50313479780979,-109.96211790830417
ssl_ev2,Waves,SSL 4000 E console channel,console-ssl,line_10,full,,2500.0,-3.0,9.277773517051832,9,-44.602030463005605,-21.320654044536628,-53.93157816834012,-29.252994978401826,-57.57234241287833,-60.621602717217975,-61.09674424518225
ssl_ev2,Waves,SSL 4000 E console channel,console-ssl,line_10,full,,31.5,-12.0,1.27494698946337,762,-69.03372955074444,-38.42976757562352,-92.21105557078018,-47.84322169257678,-97.11837663098308,-56.13484353004968,-105.8667751027889
ssl_ev2,Waves,SSL 4000 E console channel,console-ssl,line_10,full,,31.5,-3.0,12.454573929225626,762,-71.8478749245432,-18.393958185339876,-70.57204449566198,-30.74056487511036,-72.68441768961358,-37.12913025030116,-81.04498699746509
ssl_ev2,Waves,SSL 4000 E console channel,console-ssl,line_10,full,,315.0,-12.0,0.7086310469535941,76,-52.6061434103097,-43.68074819967713,-75.8425121526667,-57.53860179613813,-97.48356702440091,-70.37171704225175,-99.19043549774477
ssl_ev2,Waves,SSL 4000 E console channel,console-ssl,line_10,full,,315.0,-3.0,10.552499665956129,76,-47.292621116776644,-19.960461072208155,-57.09581182970076,-30.03504354732096,-60.36774041413164,-45.199638054548004,-64.21378542354107
ssl_ev2,Waves,SSL 4000 E console channel,console-ssl,line_10,full,,3150.0,-12.0,0.2698640035278784,7,-52.35333758490333,-58.43797864586477,-75.53365241948703,-82.96130981266228,-97.11053458977752,-105.93642383637858,
ssl_ev2,Waves,SSL 4000 E console channel,console-ssl,line_10,full,,3150.0,-3.0,9.198312958293794,7,-47.20497268023574,-21.400641956169984,-56.75011266037448,-29.22616133615982,-60.24919886931027,-63.25241017953934,
ssl_ev2,Waves,SSL 4000 E console channel,console-ssl,line_10,full,,40.0,-12.0,1.3169356672715922,595,-68.74692675746299,-38.18500003029296,-92.39431190904708,-47.32916186139532,-96.87360997945886,-55.34371775908335,-105.49391797739995
ssl_ev2,Waves,SSL 4000 E console channel,console-ssl,line_10,full,,40.0,-3.0,12.719699755396213,595,-69.41766118949212,-18.25301580948522,-70.02318732695844,-30.377697130289132,-72.58438897326195,-35.08467330169427,-80.6397556167829
ssl_ev2,Waves,SSL 4000 E console channel,console-ssl,line_10,full,,400.0,-12.0,0.6253970831596567,60,-49.471269579124105,-45.69836044762913,-70.8018268547317,-61.091487837707874,-85.61595284189167,-75.47962628300945,-109.47565304794315
ssl_ev2,Waves,SSL 4000 E console channel,console-ssl,line_10,full,,400.0,-3.0,10.236080134542565,60,-44.55807424180285,-20.27481163304192,-54.22158040733297,-29.86551516590189,-57.5569797869431,-47.40617027226627,-61.33076253567645
ssl_ev2,Waves,SSL 4000 E console channel,console-ssl,line_10,full,,4000.0,-12.0,0.1975017725589139,6,-55.31514808799626,-60.22273290323545,-81.39661042505588,-86.03948015624154,-108.05652855152223,,
ssl_ev2,Waves,SSL 4000 E console channel,console-ssl,line_10,full,,4000.0,-3.0,9.12264218383393,6,-49.8903741681649,-21.482966688838182,-59.06496151956824,-29.19604929879164,-68.9584771803612,,
ssl_ev2,Waves,SSL 4000 E console channel,console-ssl,line_10,full,,50.0,-12.0,1.3336137913627863,481,-68.31373788548929,-38.09160232689976,-92.61913240509611,-47.12632405494399,-96.5518024414424,-55.027557416770705,-104.71218837854308
ssl_ev2,Waves,SSL 4000 E console channel,console-ssl,line_10,full,,50.0,-3.0,12.848424393882208,481,-67.27322173517989,-18.198928902939805,-69.07774332767454,-30.139413293921592,-72.52739656944334,-33.97866493471649,-79.27297931300897
ssl_ev2,Waves,SSL 4000 E console channel,console-ssl,line_10,full,,500.0,-12.0,0.6371702412548413,47,-46.47328927657505,-47.578651748404866,-66.56134340894022,-64.36827014921317,-78.9695690786544,-80.16247321385521,-90.75267652034856
ssl_ev2,Waves,SSL 4000 E console channel,console-ssl,line_10,full,,500.0,-3.0,10.012488200503228,47,-42.11878456902259,-20.516421858578404,-50.93898166121921,-29.74348083749185,-55.040617648627965,-49.53130234447583,-58.0878564850978
ssl_ev2,Waves,SSL 4000 E console channel,console-ssl,line_10,full,,5000.0,-12.0,0.150175019698438,4,-57.93328526697345,-61.908237796355,-88.5534792963293,,,,
ssl_ev2,Waves,SSL 4000 E console channel,console-ssl,line_10,full,,5000.0,-3.0,8.364577765100982,4,-52.33825396507971,-21.555259812905817,-60.808517025363855,,,,
ssl_ev2,Waves,SSL 4000 E console channel,console-ssl,line_10,full,,63.0,-12.0,1.3338167164084664,381,-67.5610097231209,-38.091801598490484,-92.99958673890342,-47.12073203658228,-96.01184052356382,-55.01598799183424,-103.66132354374373
ssl_ev2,Waves,SSL 4000 E console channel,console-ssl,line_10,full,,63.0,-3.0,12.868684074754576,381,-64.87623298905498,-18.20168550768586,-67.73018395951348,-30.019662167093287,-72.44702011517722,-33.61999130627272,-77.29586649333862
ssl_ev2,Waves,SSL 4000 E console channel,console-ssl,line_10,full,,630.0,-12.0,0.7592123313954982,38,-43.44881939746402,-49.331124119665006,-62.642370801843214,-67.39492368115133,-73.74158477747181,-84.47973843089578,-82.86013792598791
ssl_ev2,Waves,SSL 4000 E console channel,console-ssl,line_10,full,,630.0,-3.0,9.844741821628054,38,-40.25944654349901,-20.717288698541005,-47.09433915613918,-29.64569468921766,-53.62963816535003,-51.503082141060766,-53.77538320908475
ssl_ev2,Waves,SSL 4000 E console channel,console-ssl,line_10,full,,6300.0,-12.0,0.1162145586961925,3,-60.42586615814206,-63.52629520596479,,,,,
ssl_ev2,Waves,SSL 4000 E console channel,console-ssl,line_10,full,,6300.0,-3.0,8.300709749869432,3,-54.80792892930577,-21.61977927989865,,,,,
ssl_ev2,Waves,SSL 4000 E console channel,console-ssl,line_10,full,,80.0,-12.0,1.314460985332583,300,-66.44319420060705,-38.20333976428775,-93.79849775911742,-47.349957161897144,-95.36511380298421,-55.36778815894852,-102.08384907865437
ssl_ev2,Waves,SSL 4000 E console channel,console-ssl,line_10,full,,80.0,-3.0,12.75390957705345,300,-62.426144256577786,-18.269560611990762,-66.26300537415949,-30.05461340717671,-72.23136817446013,-34.17140769783596,-75.11187421459104
ssl_ev2,Waves,SSL 4000 E console channel,console-ssl,line_10,full,,800.0,-12.0,0.9587694659304203,30,-40.841288669536794,-50.873046194841216,-59.44914639366125,-70.04489522813094,-69.84415512382851,-88.24935832830735,-77.88785861400945
ssl_ev2,Waves,SSL 4000 E console channel,console-ssl,line_10,full,,800.0,-3.0,9.698161182581636,30,-41.141775397496986,-20.883037116140507,-43.47423715323181,-29.57620804551889,-52.43229047487716,-53.173364762632815,-49.799250229764674
ssl_ev2,Waves,SSL 4000 E console channel,console-ssl,line_10,full,,8000.0,-12.0,0.07332896038620358,2,-62.694489442522155,,,,,,
ssl_ev2,Waves,SSL 4000 E console channel,console-ssl,line_10,full,,8000.0,-3.0,0.13664624807606296,2,-57.288045766397815,,,,,,
ssl_ev2,Waves,SSL 4000 E console channel,console-ssl,line_20,curve,,100.0,-12.0,16.31816552755045,239,-59.764417567915665,-15.899330126663076,-63.87388124005418,-38.3224310783301,-70.1204188795868,-31.126291881648118,-72.50785148995914
ssl_ev2,Waves,SSL 4000 E console channel,console-ssl,line_20,curve,,1000.0,-12.0,13.727218693164755,24,-46.546358549442175,-17.482481224261996,-46.20897615718198,-32.57076307667099,-44.40782292914121,-34.51741850029689,-83.54483674734931
ssl_ev2,Waves,SSL 4000 E console channel,console-ssl,line_20,curve,,10000.0,-12.0,0.10776037654025221,2,-59.35081799509487,,,,,,
ssl_ev2,Waves,SSL 4000 E console channel,console-ssl,line_20,curve,,125.0,-12.0,16.07250207964362,191,-57.2535159884627,-16.015434913639417,-62.32132785889484,-38.09312453534035,-69.12791046841532,-31.90459203945132,-70.3051560496391
ssl_ev2,Waves,SSL 4000 E console channel,console-ssl,line_20,curve,,1250.0,-12.0,13.665988992805039,19,-41.5312706819133,-17.538769975306217,-44.62556411441757,-32.385187053218466,-47.7330084436952,-34.558915195256056,-56.726981075658884
ssl_ev2,Waves,SSL 4000 E console channel,console-ssl,line_20,curve,,160.0,-12.0,15.736377086507451,150,-54.480702055225294,-16.19303506436094,-60.664177984871365,-37.55805563819508,-67.2406072166781,-32.54695115715001,-68.14602470252082
ssl_ev2,Waves,SSL 4000 E console channel,console-ssl,line_20,curve,,1600.0,-12.0,13.602697690240147,14,-40.37213770122448,-17.58799186127473,-45.962149935477036,-32.204253442108815,-52.64880190123061,-34.580389651027744,-53.58795328985476
ssl_ev2,Waves,SSL 4000 E console channel,console-ssl,line_20,curve,,200.0,-12.0,15.385054269273626,120,-51.90224669855282,-16.396979144799552,-59.042671869521925,-36.615738399808876,-64.92081819549428,-32.84722419225739,-66.30272380641581
ssl_ev2,Waves,SSL 4000 E console channel,console-ssl,line_20,curve,,2000.0,-12.0,13.531493285793672,11,-41.92737057463905,-17.62941827789714,-48.94005994518906,-32.0672577418714,-54.789475998105445,-34.615538646780365,-56.13097280590593
ssl_ev2,Waves,SSL 4000 E console channel,console-ssl,line_20,curve,,250.0,-12.0,15.029619897338307,96,-49.354054938606765,-16.61529133207835,-57.21136754681741,-35.53302057212587,-62.39213870319077,-33.06204343541723,-64.39332343897148
ssl_ev2,Waves,SSL 4000 E console channel,console-ssl,line_20,curve,,2500.0,-12.0,13.458817381469137,9,-44.17169284416442,-17.673530555898836,-51.9426759459219,-31.945611693045898,-57.07461903586798,-34.67285300126256,-59.13884385000632
ssl_ev2,Waves,SSL 4000 E console channel,console-ssl,line_20,curve,,31.5,-12.0,16.30667978800509,762,-71.48252552661266,-15.87929174470301,-72.9372354511635,-39.29478922802428,-71.81799237617946,-31.896728232471773,-81.09278519255295
ssl_ev2,Waves,SSL 4000 E console channel,console-ssl,line_20,curve,,315.0,-12.0,14.687356052003606,76,-46.71050575893489,-16.83296855746927,-54.943002475396256,-34.590366266899025,-59.69320894227835,-33.342707538530824,-62.10854428672754
ssl_ev2,Waves,SSL 4000 E console channel,console-ssl,line_20,curve,,3150.0,-12.0,13.382915431662877,7,-46.719511469303896,-17.722034880513636,-54.673298167017556,-31.824221651046706,-59.67941068921863,-34.80220139036226,
ssl_ev2,Waves,SSL 4000 E console channel,console-ssl,line_20,curve,,40.0,-12.0,16.490811896796757,595,-69.28456383809508,-15.804080621095126,-71.20328505227027,-39.06630724706562,-71.82665388580786,-31.010259797980595,-79.28866103453764
ssl_ev2,Waves,SSL 4000 E console channel,console-ssl,line_20,curve,,400.0,-12.0,14.393400506881814,60,-44.05013798680284,-17.026448902428683,-52.14447398809889,-33.894947770828956,-56.974370922665614,-33.67515731975101,-59.30517860879041
ssl_ev2,Waves,SSL 4000 E console channel,console-ssl,line_20,curve,,4000.0,-12.0,13.186563957059288,6,-49.408240402354416,-17.773151635012386,-57.040739625263555,-31.699358516050047,-68.41462470512401,,
ssl_ev2,Waves,SSL 4000 E console channel,console-ssl,line_20,curve,,50.0,-12.0,16.576006726086653,481,-67.22156201588672,-15.77749577032366,-69.43902171615608,-38.9317515994167,-71.64590561510276,-30.415330520162456,-78.02735284250147
ssl_ev2,Waves,SSL 4000 E console channel,console-ssl,line_20,curve,,500.0,-12.0,14.177274415079937,47,-41.75534734869056,-17.176078180459392,-49.10096872410669,-33.428628070411136,-54.63697942544469,-33.97156821875103,-56.26999531292566
ssl_ev2,Waves,SSL 4000 E console channel,console-ssl,line_20,curve,,5000.0,-12.0,12.858299820968986,4,-51.90878409770019,-17.81835779289519,-58.93411412205812,,,,
ssl_ev2,Waves,SSL 4000 E console channel,console-ssl,line_20,curve,,63.0,-12.0,16.58323536463085,381,-64.80987845822084,-15.782299960529345,-67.46354474336569,-38.77810752081557,-71.29817728013937,-30.19009078452001,-76.52763134108115
ssl_ev2,Waves,SSL 4000 E console channel,console-ssl,line_20,curve,,630.0,-12.0,14.006048559297811,38,-40.06171195624518,-17.302250880111924,-45.903206563445025,-33.06860267615114,-52.554257243022,-34.225292391833946,-53.39627154918148
ssl_ev2,Waves,SSL 4000 E console channel,console-ssl,line_20,curve,,6300.0,-12.0,12.795519786079701,3,-54.462267698046475,-17.859790833041703,,,,,
ssl_ev2,Waves,SSL 4000 E console channel,console-ssl,line_20,curve,,80.0,-12.0,16.49395236431115,300,-62.286910916157225,-15.822585432053435,-65.57291709251466,-38.54935706184642,-70.78021505549361,-30.466485060150834,-74.68572583011095
ssl_ev2,Waves,SSL 4000 E console channel,console-ssl,line_20,curve,,800.0,-12.0,13.85315000830615,30,-40.91002357739444,-17.407158618185065,-44.38874077798529,-32.783373245904514,-48.22419320940257,-34.41534181912579,-55.57446682682824
ssl_ev2,Waves,SSL 4000 E console channel,console-ssl,line_20,curve,,8000.0,-12.0,0.1407926413871626,2,-57.028400865307624,,,,,,
ssl_native,SSL,SSL 9000/4000 channel strip,console-ssl,default,full,,100.0,-12.0,1.5968477843449403e-07,239,-200.0,-179.14102972941095,-200.0,-180.32699416868465,-200.0,-183.9388669105565,-200.0
ssl_native,SSL,SSL 9000/4000 channel strip,console-ssl,default,full,,100.0,-3.0,1.5134891407761243e-07,239,-200.0,-180.5130620770814,-200.0,-180.5075421612433,-200.0,-182.90415886677175,-200.0
ssl_native,SSL,SSL 9000/4000 channel strip,console-ssl,default,full,,1000.0,-12.0,1.5969178006179584e-07,24,-200.0,-179.1400761548309,-200.0,-180.32875830254397,-200.0,-183.93529060715423,-200.0
ssl_native,SSL,SSL 9000/4000 channel strip,console-ssl,default,full,,1000.0,-3.0,1.513488594145945e-07,24,-200.0,-180.51306941531465,-200.0,-180.50752992870048,-200.0,-182.90418140677335,-200.0
ssl_native,SSL,SSL 9000/4000 channel strip,console-ssl,default,full,,10000.0,-12.0,1.3205749737293493e-10,2,-200.0,,,,,,
ssl_native,SSL,SSL 9000/4000 channel strip,console-ssl,default,full,,10000.0,-3.0,1.2886006396138157e-10,2,-200.0,,,,,,
ssl_native,SSL,SSL 9000/4000 channel strip,console-ssl,default,full,,125.0,-12.0,1.5968389696799538e-07,191,-200.0,-179.1411440792193,-200.0,-180.32677663969028,-200.0,-183.93932484719357,-200.0
ssl_native,SSL,SSL 9000/4000 channel strip,console-ssl,default,full,,125.0,-3.0,1.5134888678253864e-07,191,-200.0,-180.51306574775862,-200.0,-180.5075360469469,-200.0,-182.90417013492427,-200.0
ssl_native,SSL,SSL 9000/4000 channel strip,console-ssl,default,full,,1250.0,-12.0,1.5968696141911943e-07,19,-200.0,-179.1407243524087,-200.0,-180.32754972771647,-200.0,-183.93776501050667,-200.0
ssl_native,SSL,SSL 9000/4000 channel strip,console-ssl,default,full,,1250.0,-3.0,1.5134885948202562e-07,19,-200.0,-180.51306940722955,-200.0,-180.5075299282239,-200.0,-182.9041814043214,-200.0
ssl_native,SSL,SSL 9000/4000 channel strip,console-ssl,default,full,,160.0,-12.0,1.7133148824778394e-07,150,-200.0,-178.47256046997614,-200.0,-179.75188944573176,-200.0,-183.4183168514909,-200.0
ssl_native,SSL,SSL 9000/4000 channel strip,console-ssl,default,full,,160.0,-3.0,1.7036218911948239e-07,150,-200.0,-179.20573820511288,-200.0,-179.96567967428973,-200.0,-181.5881783385646,-200.0
ssl_native,SSL,SSL 9000/4000 channel strip,console-ssl,default,full,,1600.0,-12.0,1.5969234846270365e-07,14,-200.0,-179.13540472748156,-200.0,-180.32940487879364,-200.0,-183.9477657741093,-200.0
ssl_native,SSL,SSL 9000/4000 channel strip,console-ssl,default,full,,1600.0,-3.0,1.513488878601935e-07,14,-200.0,-180.51306559772198,-200.0,-180.50753629045312,-200.0,-182.90416968986534,-200.0
ssl_native,SSL,SSL 9000/4000 channel strip,console-ssl,default,full,,200.0,-12.0,1.596847784100437e-07,120,-200.0,-179.14102973406486,-200.0,-180.32699416985224,-200.0,-183.93886690222627,-200.0
ssl_native,SSL,SSL 9000/4000 channel strip,console-ssl,default,full,,200.0,-3.0,1.513489140428549e-07,120,-200.0,-180.51306207905213,-200.0,-180.50754215984347,-200.0,-182.9041588747025,-200.0
ssl_native,SSL,SSL 9000/4000 channel strip,console-ssl,default,full,,2000.0,-12.0,1.596903949102371e-07,11,-200.0,-179.14025674882242,-200.0,-180.32841115926047,-200.0,-183.93601730059112,-200.0
ssl_native,SSL,SSL 9000/4000 channel strip,console-ssl,default,full,,2000.0,-3.0,1.5134888914703556e-07,11,-200.0,-180.5130654654603,-200.0,-180.50753647134212,-200.0,-182.90416928858116,-200.0
ssl_native,SSL,SSL 9000/4000 channel strip,console-ssl,default,full,,250.0,-12.0,1.5968389696214622e-07,96,-200.0,-179.14114408193205,-200.0,-180.32677664005132,-200.0,-183.93932484023566,-200.0
ssl_native,SSL,SSL 9000/4000 channel strip,console-ssl,default,full,,250.0,-3.0,1.5134888677781053e-07,96,-200.0,-180.5130657446527,-200.0,-180.50753604812348,-200.0,-182.90417013948803,-200.0
ssl_native,SSL,SSL 9000/4000 channel strip,console-ssl,default,full,,2500.0,-12.0,1.596873884193701e-07,9,-200.0,-179.14067013064553,-200.0,-180.32765337276794,-200.0,-183.93754959240198,-200.0
ssl_native,SSL,SSL 9000/4000 channel strip,console-ssl,default,full,,2500.0,-3.0,1.513488922654965e-07,9,-200.0,-180.51306505942745,-200.0,-180.5075371160838,-200.0,-182.90416806715888,-200.0
ssl_native,SSL,SSL 9000/4000 channel strip,console-ssl,default,full,,31.5,-12.0,1.5968477841247186e-07,762,-200.0,-179.14102972849116,-200.0,-180.3269941698012,-200.0,-183.9388669183333,-200.0
ssl_native,SSL,SSL 9000/4000 channel strip,console-ssl,default,full,,31.5,-3.0,1.5134891403837445e-07,762,-200.0,-180.51306207664356,-200.0,-180.507542163202,-200.0,-182.9041588741972,-200.0
ssl_native,SSL,SSL 9000/4000 channel strip,console-ssl,default,full,,315.0,-12.0,1.7132972796157414e-07,76,-200.0,-178.4727723144223,-200.0,-179.75148236945228,-200.0,-183.41917970791226,-200.0
ssl_native,SSL,SSL 9000/4000 channel strip,console-ssl,default,full,,315.0,-3.0,1.703621891434264e-07,76,-200.0,-179.20573820511288,-200.0,-179.96567967428973,-200.0,-181.5881783334572,-200.0
ssl_native,SSL,SSL 9000/4000 channel strip,console-ssl,default,full,,3150.0,-12.0,1.5970575079965673e-07,7,-200.0,-179.12899595553557,-200.0,-180.3333071362511,-200.0,-183.95360051124084,
ssl_native,SSL,SSL 9000/4000 channel strip,console-ssl,default,full,,3150.0,-3.0,1.5134883308342503e-07,7,-200.0,-180.51307294092794,-200.0,-180.50752406827857,-200.0,-182.90419224079182,
ssl_native,SSL,SSL 9000/4000 channel strip,console-ssl,default,full,,40.0,-12.0,1.5968477845123081e-07,595,-200.0,-179.1410297296973,-200.0,-180.326994169614,-200.0,-183.9388669018078,-200.0
ssl_native,SSL,SSL 9000/4000 channel strip,console-ssl,default,full,,40.0,-3.0,1.5134891403880207e-07,595,-200.0,-180.51306207773098,-200.0,-180.50754216339826,-200.0,-182.90415887186077,-200.0
ssl_native,SSL,SSL 9000/4000 channel strip,console-ssl,default,full,,400.0,-12.0,1.713306077539635e-07,60,-200.0,-178.4726663530697,-200.0,-179.75168585507956,-200.0,-183.41874816685367,-200.0
ssl_native,SSL,SSL 9000/4000 channel strip,console-ssl,default,full,,400.0,-3.0,1.7036218911731372e-07,60,-200.0,-179.20573820511288,-200.0,-179.96567967428973,-200.0,-181.5881783390272,-200.0
ssl_native,SSL,SSL 9000/4000 channel strip,console-ssl,default,full,,4000.0,-12.0,1.4634361620082104e-07,6,-200.0,-179.155886458081,-200.0,-180.32874637054965,-200.0,,
ssl_native,SSL,SSL 9000/4000 channel strip,console-ssl,default,full,,4000.0,-3.0,1.3345187987565028e-07,6,-200.0,-180.5022913726012,-200.0,-180.50534537084647,-200.0,,
ssl_native,SSL,SSL 9000/4000 channel strip,console-ssl,default,full,,50.0,-12.0,2.055816754022877e-07,481,-200.0,-176.78956528501539,-200.0,-177.49579919165666,-200.0,-184.533831624867,-200.0
ssl_native,SSL,SSL 9000/4000 channel strip,console-ssl,default,full,,50.0,-3.0,1.365066773548163e-07,481,-200.0,-186.45416918861176,-200.0,-180.5621359520551,-200.0,-181.20004414823023,-200.0
ssl_native,SSL,SSL 9000/4000 channel strip,console-ssl,default,full,,500.0,-12.0,1.5968275595305106e-07,47,-200.0,-179.14129188083095,-200.0,-180.32649471762267,-200.0,-183.9399180617753,-200.0
ssl_native,SSL,SSL 9000/4000 channel strip,console-ssl,default,full,,500.0,-3.0,1.5134883195557096e-07,47,-200.0,-180.5130730873829,-200.0,-180.5075238210392,-200.0,-182.90419270315357,-200.0
ssl_native,SSL,SSL 9000/4000 channel strip,console-ssl,default,full,,5000.0,-12.0,1.1064825383058272e-07,4,-200.0,-179.12112869139213,-200.0,,,,
ssl_native,SSL,SSL 9000/4000 channel strip,console-ssl,default,full,,5000.0,-3.0,9.426418822777691e-08,4,-200.0,-180.51306537219713,-200.0,,,,
ssl_native,SSL,SSL 9000/4000 channel strip,console-ssl,default,full,,63.0,-12.0,1.7133148822131363e-07,381,-200.0,-178.47256046997614,-200.0,-179.75188944573176,-200.0,-183.4183168601454,-200.0
ssl_native,SSL,SSL 9000/4000 channel strip,console-ssl,default,full,,63.0,-3.0,1.7036218915207648e-07,381,-200.0,-179.20573820511288,-200.0,-179.96567967428973,-200.0,-181.58817833161208,-200.0
ssl_native,SSL,SSL 9000/4000 channel strip,console-ssl,default,full,,630.0,-12.0,2.055799815710387e-07,38,-200.0,-176.7899142285815,-200.0,-177.4951711630946,-200.0,-184.5357933875343,-200.0
ssl_native,SSL,SSL 9000/4000 channel strip,console-ssl,default,full,,630.0,-3.0,1.3650667727772515e-07,38,-200.0,-186.45416917254846,-200.0,-180.5621359570721,-200.0,-181.2000441592602,-200.0
ssl_native,SSL,SSL 9000/4000 channel strip,console-ssl,default,full,,6300.0,-12.0,1.1886097440757806e-07,3,-200.0,-178.49921622761667,,,,,
ssl_native,SSL,SSL 9000/4000 channel strip,console-ssl,default,full,,6300.0,-3.0,1.096925149238346e-07,3,-200.0,-179.1964660834613,,,,,
ssl_native,SSL,SSL 9000/4000 channel strip,console-ssl,default,full,,80.0,-12.0,1.596847784724906e-07,300,-200.0,-179.14102972999277,-200.0,-180.32699416688837,-200.0,-183.9388668998737,-200.0
ssl_native,SSL,SSL 9000/4000 channel strip,console-ssl,default,full,,80.0,-3.0,1.5134891403717002e-07,300,-200.0,-180.51306207781832,-200.0,-180.50754216358223,-200.0,-182.9041588718087,-200.0
ssl_native,SSL,SSL 9000/4000 channel strip,console-ssl,default,full,,800.0,-12.0,2.055804079221522e-07,30,-200.0,-176.78982683476673,-200.0,-177.49532798750573,-200.0,-184.5353020388545,-200.0
ssl_native,SSL,SSL 9000/4000 channel strip,console-ssl,default,full,,800.0,-3.0,1.3650667732717848e-07,30,-200.0,-186.45416917390196,-200.0,-180.56213594914806,-200.0,-181.20004416030446,-200.0
ssl_native,SSL,SSL 9000/4000 channel strip,console-ssl,default,full,,8000.0,-12.0,3.129644102658187e-10,2,-200.0,,,,,,
ssl_native,SSL,SSL 9000/4000 channel strip,console-ssl,default,full,,8000.0,-3.0,2.637841429954787e-10,2,-200.0,,,,,,
ssl_native,SSL,SSL 9000/4000 channel strip,console-ssl,trim_+10,full,,100.0,-12.0,9.062516939307183e-08,239,-200.0,-195.0403578618907,-200.0,-189.5379021181123,-200.0,-181.6829977515473,-200.0
ssl_native,SSL,SSL 9000/4000 channel strip,console-ssl,trim_+10,full,,100.0,-3.0,9.432437206526897e-08,239,-200.0,-189.15075066258194,-200.0,-187.35154635140813,-200.0,-182.3351319018627,-200.0
ssl_native,SSL,SSL 9000/4000 channel strip,console-ssl,trim_+10,full,,1000.0,-12.0,9.058253689871147e-08,24,-200.0,-195.05357342872952,-200.0,-189.5264349739257,-200.0,-181.68921787454707,-200.0
ssl_native,SSL,SSL 9000/4000 channel strip,console-ssl,trim_+10,full,,1000.0,-3.0,9.432449200163051e-08,24,-200.0,-189.150730752056,-200.0,-187.3515732010847,-200.0,-182.33511076536576,-200.0
ssl_native,SSL,SSL 9000/4000 channel strip,console-ssl,trim_+10,full,,10000.0,-12.0,4.5381645459438895e-10,2,-200.0,,,,,,
ssl_native,SSL,SSL 9000/4000 channel strip,console-ssl,trim_+10,full,,10000.0,-3.0,1.2886099675828263e-10,2,-200.0,,,,,,
ssl_native,SSL,SSL 9000/4000 channel strip,console-ssl,trim_+10,full,,125.0,-12.0,9.06251693951196e-08,191,-200.0,-195.04035785997613,-200.0,-189.53790211606932,-200.0,-181.68299775173298,-200.0
ssl_native,SSL,SSL 9000/4000 channel strip,console-ssl,trim_+10,full,,125.0,-3.0,9.432443204502062e-08,191,-200.0,-189.150740724869,-200.0,-187.3515597860959,-200.0,-182.3351213371982,-200.0
ssl_native,SSL,SSL 9000/4000 channel strip,console-ssl,trim_+10,full,,1250.0,-12.0,9.060386697175143e-08,19,-200.0,-195.04698904211594,-200.0,-189.5321727511279,-200.0,-181.68610800967156,-200.0
ssl_native,SSL,SSL 9000/4000 channel strip,console-ssl,trim_+10,full,,1250.0,-3.0,9.432449195082519e-08,19,-200.0,-189.15073076931338,-200.0,-187.35157320057934,-200.0,-182.33511076905853,-200.0
ssl_native,SSL,SSL 9000/4000 channel strip,console-ssl,trim_+10,full,,160.0,-12.0,1.1251384480708783e-07,150,-200.0,-196.09386718414476,-200.0,-186.97658708232598,-200.0,-179.82653595806562,-200.0
ssl_native,SSL,SSL 9000/4000 channel strip,console-ssl,trim_+10,full,,160.0,-3.0,1.1782277310846066e-07,150,-200.0,-199.43930168866632,-200.0,-184.44794955553405,-200.0,-179.923584405563,-200.0
ssl_native,SSL,SSL 9000/4000 channel strip,console-ssl,trim_+10,full,,1600.0,-12.0,9.066493983585304e-08,14,-200.0,-195.08012841940126,-200.0,-189.5268296877035,-200.0,-181.67840026810825,-200.0
ssl_native,SSL,SSL 9000/4000 channel strip,console-ssl,trim_+10,full,,1600.0,-3.0,9.432442749334471e-08,14,-200.0,-189.1507414708187,-200.0,-187.35155875775618,-200.0,-182.33512213911337,-200.0
ssl_native,SSL,SSL 9000/4000 channel strip,console-ssl,trim_+10,full,,200.0,-12.0,9.062516943935435e-08,120,-200.0,-195.040357838252,-200.0,-189.53790211579008,-200.0,-181.68299774765143,-200.0
ssl_native,SSL,SSL 9000/4000 channel strip,console-ssl,trim_+10,full,,200.0,-3.0,9.432437205425658e-08,120,-200.0,-189.15075065607638,-200.0,-187.3515463631932,-200.0,-182.33513190104898,-200.0
ssl_native,SSL,SSL 9000/4000 channel strip,console-ssl,trim_+10,full,,2000.0,-12.0,9.058401599656519e-08,11,-200.0,-195.05312435884758,-200.0,-189.52679761645777,-200.0,-181.68900720445592,-200.0
ssl_native,SSL,SSL 9000/4000 channel strip,console-ssl,trim_+10,full,,2000.0,-3.0,9.432442727459543e-08,11,-200.0,-189.15074148945143,-200.0,-187.35155847937162,-200.0,-182.33512226200537,-200.0
ssl_native,SSL,SSL 9000/4000 channel strip,console-ssl,trim_+10,full,,250.0,-12.0,9.062516938892714e-08,96,-200.0,-195.04035785506767,-200.0,-189.53790211792443,-200.0,-181.68299775237372,-200.0
ssl_native,SSL,SSL 9000/4000 channel strip,console-ssl,trim_+10,full,,250.0,-3.0,9.432443206456553e-08,96,-200.0,-189.1507407222333,-200.0,-187.3515597830735,-200.0,-182.33512133596403,-200.0
ssl_native,SSL,SSL 9000/4000 channel strip,console-ssl,trim_+10,full,,2500.0,-12.0,9.060517927655035e-08,9,-200.0,-195.04661535924436,-200.0,-189.53250235639763,-200.0,-181.68592142207876,-200.0
ssl_native,SSL,SSL 9000/4000 channel strip,console-ssl,trim_+10,full,,2500.0,-3.0,9.432441986922159e-08,9,-200.0,-189.15074269902877,-200.0,-187.3515567859707,-200.0,-182.3351235807669,-200.0
ssl_native,SSL,SSL 9000/4000 channel strip,console-ssl,trim_+10,full,,31.5,-12.0,9.062516940779664e-08,762,-200.0,-195.04035785080896,-200.0,-189.53790210607863,-200.0,-181.68299775232313,-200.0
ssl_native,SSL,SSL 9000/4000 channel strip,console-ssl,trim_+10,full,,31.5,-3.0,9.432437215479528e-08,762,-200.0,-189.15075065686025,-200.0,-187.35154634781946,-200.0,-182.3351318916269,-200.0
ssl_native,SSL,SSL 9000/4000 channel strip,console-ssl,trim_+10,full,,315.0,-12.0,1.1251384477652905e-07,76,-200.0,-196.09386718414476,-200.0,-186.97658708232598,-200.0,-179.82653596093513,-200.0
ssl_native,SSL,SSL 9000/4000 channel strip,console-ssl,trim_+10,full,,315.0,-3.0,1.1782277301635593e-07,76,-200.0,-199.43930168866632,-200.0,-184.44794955553405,-200.0,-179.92358441482455,-200.0
ssl_native,SSL,SSL 9000/4000 channel strip,console-ssl,trim_+10,full,,3150.0,-12.0,9.06824280728596e-08,7,-200.0,-195.12726998916068,-200.0,-189.50987181836734,-200.0,-181.67701664809726,
ssl_native,SSL,SSL 9000/4000 channel strip,console-ssl,trim_+10,full,,3150.0,-3.0,9.432454716257302e-08,7,-200.0,-189.15072164245404,-200.0,-187.35158564971636,-200.0,-182.3351010169895,
ssl_native,SSL,SSL 9000/4000 channel strip,console-ssl,trim_+10,full,,40.0,-12.0,9.06251694060726e-08,595,-200.0,-195.0403578544637,-200.0,-189.5379021178553,-200.0,-181.68299775042448,-200.0
ssl_native,SSL,SSL 9000/4000 channel strip,console-ssl,trim_+10,full,,40.0,-3.0,9.432437216331968e-08,595,-200.0,-189.15075066650016,-200.0,-187.3515463528219,-200.0,-182.33513188684844,-200.0
ssl_native,SSL,SSL 9000/4000 channel strip,console-ssl,trim_+10,full,,400.0,-12.0,1.1251384492092069e-07,60,-200.0,-196.09386718414476,-200.0,-186.97658708232598,-200.0,-179.82653594737653,-200.0
ssl_native,SSL,SSL 9000/4000 channel strip,console-ssl,trim_+10,full,,400.0,-3.0,1.1782277304103511e-07,60,-200.0,-199.4393016886663,-200.0,-184.44794955553402,-200.0,-179.92358441234296,-200.0
ssl_native,SSL,SSL 9000/4000 channel strip,console-ssl,trim_+10,full,,4000.0,-12.0,3.7878412029148385e-08,6,-200.0,-194.95540950991062,-200.0,-189.52649641914687,-200.0,,
ssl_native,SSL,SSL 9000/4000 channel strip,console-ssl,trim_+10,full,,4000.0,-3.0,5.519036577299295e-08,6,-200.0,-189.17992248754035,-200.0,-187.3563282747312,-200.0,,
ssl_native,SSL,SSL 9000/4000 channel strip,console-ssl,trim_+10,full,,50.0,-12.0,9.136686455613568e-08,481,-200.0,-186.50985208423532,-200.0,-189.6623261111572,-200.0,-182.98138489744628,-200.0
ssl_native,SSL,SSL 9000/4000 channel strip,console-ssl,trim_+10,full,,50.0,-3.0,1.217584436860801e-07,481,-200.0,-186.93588108930018,-200.0,-184.69211435806247,-200.0,-180.26614409354988,-200.0
ssl_native,SSL,SSL 9000/4000 channel strip,console-ssl,trim_+10,full,,500.0,-12.0,9.062589539896931e-08,47,-200.0,-195.04014760697544,-200.0,-189.53808725953562,-200.0,-181.68289300251914,-200.0
ssl_native,SSL,SSL 9000/4000 channel strip,console-ssl,trim_+10,full,,500.0,-3.0,9.43245517398077e-08,47,-200.0,-189.15072088178292,-200.0,-187.35158666799003,-200.0,-182.33510021047292,-200.0
ssl_native,SSL,SSL 9000/4000 channel strip,console-ssl,trim_+10,full,,5000.0,-12.0,1.735144381092749e-08,4,-200.0,-195.21526799849983,-200.0,,,,
ssl_native,SSL,SSL 9000/4000 channel strip,console-ssl,trim_+10,full,,5000.0,-3.0,3.48708808670348e-08,4,-200.0,-189.15074169746273,-200.0,,,,
ssl_native,SSL,SSL 9000/4000 channel strip,console-ssl,trim_+10,full,,63.0,-12.0,1.1251384489850834e-07,381,-200.0,-196.09386718414476,-200.0,-186.97658708232598,-200.0,-179.82653594948107,-200.0
ssl_native,SSL,SSL 9000/4000 channel strip,console-ssl,trim_+10,full,,63.0,-3.0,1.1782277302555766e-07,381,-200.0,-199.43930168866632,-200.0,-184.44794955553402,-200.0,-179.92358441389928,-200.0
ssl_native,SSL,SSL 9000/4000 channel strip,console-ssl,trim_+10,full,,630.0,-12.0,9.136686461562367e-08,38,-200.0,-186.50985205452517,-200.0,-189.66232611662832,-200.0,-182.98138490007648,-200.0
ssl_native,SSL,SSL 9000/4000 channel strip,console-ssl,trim_+10,full,,630.0,-3.0,1.2175844368240303e-07,38,-200.0,-186.93588109281268,-200.0,-184.69211435894917,-200.0,-180.26614409288715,-200.0
ssl_native,SSL,SSL 9000/4000 channel strip,console-ssl,trim_+10,full,,6300.0,-12.0,1.503713581379856e-08,3,-200.0,-196.4576614317414,,,,,
ssl_native,SSL,SSL 9000/4000 channel strip,console-ssl,trim_+10,full,,6300.0,-3.0,1.0550710580804245e-08,3,-200.0,-199.53500975570321,,,,,
ssl_native,SSL,SSL 9000/4000 channel strip,console-ssl,trim_+10,full,,80.0,-12.0,9.062516936572529e-08,300,-200.0,-195.04035785108914,-200.0,-189.53790212383672,-200.0,-181.6829977542793,-200.0
ssl_native,SSL,SSL 9000/4000 channel strip,console-ssl,trim_+10,full,,80.0,-3.0,9.432437208181133e-08,300,-200.0,-189.15075066369184,-200.0,-187.35154634792622,-200.0,-182.33513190040824,-200.0
ssl_native,SSL,SSL 9000/4000 channel strip,console-ssl,trim_+10,full,,800.0,-12.0,9.136686462771298e-08,30,-200.0,-186.50985206011882,-200.0,-189.66232612541035,-200.0,-182.98138489380227,-200.0
ssl_native,SSL,SSL 9000/4000 channel strip,console-ssl,trim_+10,full,,800.0,-3.0,1.217584437910574e-07,30,-200.0,-186.93588108984244,-200.0,-184.6921143521416,-200.0,-180.26614408376628,-200.0
ssl_native,SSL,SSL 9000/4000 channel strip,console-ssl,trim_+10,full,,8000.0,-12.0,5.533487420992816e-10,2,-200.0,,,,,,
ssl_native,SSL,SSL 9000/4000 channel strip,console-ssl,trim_+10,full,,8000.0,-3.0,2.729111906586036e-10,2,-200.0,,,,,,
