element,gr_target_db,group,hold,maker,models,slug,family,gr_at_end_of_hold_db,gr_measured_db,reached,release_0.1_ms,release_0.2_ms,release_0.5_ms,release_1000_ms,release_100_ms,release_10_ms,release_1_ms,release_2000_ms,release_200_ms,release_20_ms,release_2_ms,release_5000_ms,release_500_ms,release_50_ms,release_5_ms
fet,10.0,fet-1176,hold_0.03s,UAD,UREI 1176 Rev A bluestripe,1176a,comp,7.875387385176561,9.93,True,7.3754622171380735,6.8336683510734995,6.870325719007209,0.5661324043449651,5.700525348657544,7.6570647328724295,6.7303185714801055,0.05769140550635754,4.178844213266965,7.4659339301715555,8.065362646417874,6.517761706348324e-05,1.8466207130687042,6.747736717933243,7.7084887650799825
fet,10.0,fet-1176,hold_0.3s,UAD,UREI 1176 Rev A bluestripe,1176a,comp,9.022796058223392,9.93,True,8.579803674997915,8.167592699458053,8.28666526135387,0.8502066264874992,6.883431103115262,8.844337469200841,8.260912331793254,0.08881358104864656,5.315136330717745,8.637963493545866,9.072056733059895,-0.0003327025379649129,2.600172164685094,7.908774554182299,8.901235522672096
fet,10.0,fet-1176,hold_3s,UAD,UREI 1176 Rev A bluestripe,1176a,comp,9.966924772783027,9.93,True,9.498786316153211,9.094410704129032,9.214206488016355,1.1077646871026454,7.884253647460003,9.775430291111066,9.192382816364335,0.1183910295308559,6.283956792213943,9.583530382644135,9.98605011814959,3.5312765342965236e-06,3.2620186851417587,8.886942337476528,9.824839980306502
fet,15.0,fet-1176,hold_0.03s,UAD,UREI 1176 Rev A bluestripe,1176a,comp,12.103659946028396,14.54,True,11.552892273297246,10.972023229274733,10.97340454790833,0.9367850752225468,8.852552898807843,11.725260681648628,10.792708444773623,0.09767593714359535,6.570410029651137,11.424401492017978,12.294677458195393,0.00011806939715519604,2.9813827555482506,10.38732909944186,11.834360018977785
fet,15.0,fet-1176,hold_0.3s,UAD,UREI 1176 Rev A bluestripe,1176a,comp,13.474220025441426,14.54,True,13.027268610742661,12.605831469030674,12.72676259953485,1.372408750537092,10.439927989107533,13.214736381071722,12.697220133537687,0.14745429551739697,8.149241655219772,12.917400521631587,13.512768718735,-0.00020874942838133848,4.088227989935457,11.90599338384275,13.315267652126085
fet,15.0,fet-1176,hold_3s,UAD,UREI 1176 Rev A bluestripe,1176a,comp,14.580668518883222,14.54,True,14.1047350424271,13.692147592977554,13.814293618062175,1.758728579253166,11.770867121121373,14.326467324019713,13.789822811019908,0.19310082648618732,9.471875044650425,14.066768524895895,14.588989851268895,-0.0003369515211808505,5.036846158363906,13.156315282289459,14.407990598487903
fet,3.0,fet-1176,hold_0.03s,UAD,UREI 1176 Rev A bluestripe,1176a,comp,1.9184742285290453,2.99,True,1.4409568616993855,0.9405293138693711,1.0093280609762552,0.1194832503396226,1.3763099905236755,1.9000126720231707,0.9102862264007676,0.011694010161332535,0.9812703608275104,1.889106700546253,2.0987398514867364,5.5001096657569803e-05,0.4095862268905224,1.6794762667046994,1.8584585406425855
fet,3.0,fet-1176,hold_0.3s,UAD,UREI 1176 Rev A bluestripe,1176a,comp,2.5044344371390697,2.99,True,2.0594257310130555,1.659758476580551,1.7786303618869788,0.2003442054124056,1.8598653508322176,2.4835363637349293,1.7606418301383222,0.019829312522124276,1.400575676764415,2.4466130206635768,2.5741493996386353,-3.178446905405252e-05,0.6478996861488868,2.191885420543813,2.455206696096216
fet,3.0,fet-1176,hold_3s,UAD,UREI 1176 Rev A bluestripe,1176a,comp,3.0148092839179723,2.99,True,2.5576147709001162,2.1633758612889373,2.2831308977212252,0.28739822403511894,2.327891978718621,2.9787173698952625,2.2680396444399484,0.029216471440127734,1.8158233573286413,2.9402852809522857,3.0658073315922083,0.0002616178846830408,0.8954769780738285,2.6787159950818484,2.9510811716407117
fet,6.0,fet-1176,hold_0.03s,UAD,UREI 1176 Rev A bluestripe,1176a,comp,5.216326403178847,6.94,True,4.733136535051083,4.2109126607320055,4.264691391448196,0.35390818871170404,3.7491409529785407,5.090843208794899,4.145168498951271,0.03548022445211663,2.721097458803229,4.975835126533591,5.403997696832038,6.287745922639587e-05,1.1777178239884314,4.474308774791255,5.102712909843207
fet,6.0,fet-1176,hold_0.3s,UAD,UREI 1176 Rev A bluestripe,1176a,comp,6.175988874592223,6.94,True,5.733736651598573,5.326547100228792,5.445535417425387,0.5483135693704597,4.666931481356432,6.064988625060167,5.422971041011966,0.05619140268260869,3.5721183413261333,5.92952218926006,6.235358130914504,-0.00018166498919436336,1.7130526467944391,5.399400083332817,6.086239989309047
fet,6.0,fet-1176,hold_3s,UAD,UREI 1176 Rev A bluestripe,1176a,comp,6.974123308891996,6.94,True,6.509996654519286,6.1097273880831215,6.229413802976768,0.7333942163760812,5.469668988815753,6.846074163285535,6.210305751715552,0.07688956063950103,4.326516249344149,6.717534319546617,7.005722915875344,0.00012553020544703308,2.205267263273037,6.201026394841701,6.863698233639272
fet,10.0,fet-1176,hold_0.03s,UAD,UREI 1176AE anniversary,1176ae,comp,8.745006392426259,10.37,True,8.241797318292079,7.7440508967929516,7.6769619792937105,0.5077391780866782,7.085365530268283,8.46695644841239,7.504293784950481,0.0210632025043358,5.498201853603519,8.355494877314324,8.877963806624994,0.00045516912729981485,2.369145463645954,7.914997526963249,8.49316939777217
fet,10.0,fet-1176,hold_0.3s,UAD,UREI 1176AE anniversary,1176ae,comp,10.11278528096336,10.37,True,9.622261918030848,9.2160017244625,9.229864705013057,0.5331226382024288,7.794396064000789,9.755106104605682,9.123530313049763,0.0212462343269042,5.917591025733666,9.575767363075862,10.075861430685919,-0.0005266207777196996,2.497516204983979,8.92386633216058,9.81442398068536
fet,10.0,fet-1176,hold_3s,UAD,UREI 1176AE anniversary,1176ae,comp,10.366926505424995,10.37,True,9.88890191008335,9.509925339723639,9.544785599804232,0.5394844643864074,7.934023030039139,10.006180375418213,9.462203358947132,0.02157950894709515,6.000243364408776,9.812772941231955,10.29552157786833,-0.0004529793139513849,2.526817960291166,9.120233792169289,10.072506570877563
fet,15.0,fet-1176,hold_0.03s,UAD,UREI 1176AE anniversary,1176ae,comp,13.075777009156553,14.99,True,12.89960236533624,12.719024932270319,12.625877595491694,0.8136994652230882,10.659714372901966,12.858416661364664,12.585110615040843,0.03503486780277454,8.403676588020296,12.624924236767686,13.138436660043826,0.001255520565676349,3.694834751783007,11.88347092874021,12.958533366987844
fet,15.0,fet-1176,hold_0.3s,UAD,UREI 1176AE anniversary,1176ae,comp,14.690433331711045,14.99,True,14.397797873053591,14.169469973399138,14.16129337246787,0.8368894774797515,11.516487970578812,14.328477711474978,14.1109575649348,0.034404395588789605,8.861650425491252,14.03971271621506,14.649813015005492,-0.00043479036525617687,3.8161085239561947,13.092569258798402,14.452544865810228
fet,15.0,fet-1176,hold_3s,UAD,UREI 1176AE anniversary,1176ae,comp,14.990091214247407,14.99,True,14.69295886676817,14.475896583149694,14.47155035127735,0.8436756913484069,11.690456768411453,14.594953419077891,14.420407006738328,0.03431698041724873,8.959534431923249,14.294430275746171,14.92043006532224,-0.0008196745648159087,3.848913937611594,13.318327506626057,14.726499209904661
fet,3.0,fet-1176,hold_0.03s,UAD,UREI 1176AE anniversary,1176ae,comp,2.5088723651067717,3.48,True,1.8358060520756876,1.181852404104335,1.157202385505899,0.12994348189002736,2.060108628008029,2.310017262012982,0.9293506301357315,0.00507422404730562,1.509507954270184,2.341367892608943,2.726568932973592,4.120665115081579e-05,0.6256352697810055,2.297393252760047,2.2586730675014426
fet,3.0,fet-1176,hold_0.3s,UAD,UREI 1176AE anniversary,1176ae,comp,3.3082036514943223,3.48,True,2.6645585458009684,2.1060830624515887,2.1802980264488543,0.15275992450137643,2.5063387133227817,3.1213607237846155,2.052336250559417,0.005596035181479664,1.8097767484639427,3.123772130479315,3.3410730344454134,-0.0003180970565903607,0.739349506189745,2.9516606924418642,3.0768372658655743
fet,3.0,fet-1176,hold_3s,UAD,UREI 1176AE anniversary,1176ae,comp,3.4709082726775904,3.48,True,2.8484298882297505,2.32015506296613,2.4108392783523094,0.15711846310270694,2.6025116509555932,3.2911249835426464,2.3076573497803707,0.0051740342143187235,1.872445435908011,3.2848830484326115,3.4713202083716475,-0.0009164621068595835,0.7625457798127808,3.0864471909901496,3.2506539833574095
fet,6.0,fet-1176,hold_0.03s,UAD,UREI 1176AE anniversary,1176ae,comp,4.737798627931413,6.0,True,4.0782676515464775,3.4311468080718655,3.3940552633987995,0.25899878961027056,3.848024927842374,4.496089939928112,3.1656562291691923,0.010330630561711907,2.911266074456675,4.4818237476326654,4.944694820214378,0.0001736707394650594,1.227776863380548,4.301736141535207,4.467341674638591
fet,6.0,fet-1176,hold_0.3s,UAD,UREI 1176AE anniversary,1176ae,comp,5.784124339105601,6.0,True,5.129452003235976,4.5604713711434375,4.631128910816674,0.28482282058560315,4.420913870835813,5.5317619404733485,4.495859318209286,0.010755131876578616,3.27536275204468,5.4760041940280715,5.803558664202097,-0.0004622971567567191,1.357471870758669,5.131514913320299,5.515723973377606
fet,6.0,fet-1176,hold_3s,UAD,UREI 1176AE anniversary,1176ae,comp,5.9864235261524765,6.0,True,5.3514077887104445,4.812130006882333,4.902334259230454,0.2899283877126386,4.536966990064348,5.7399214895347885,4.793242130821007,0.010237719270508983,3.3482000409767707,5.673056814334137,5.971036700740168,-0.0012095100073166165,1.3844928379402184,5.2953272184851645,5.728994885184944
fet,10.0,fet-1176,hold_0.03s,UAD,UREI 1176LN Rev E,1176ln,comp,8.661305139262279,10.25,True,8.139927232468937,7.612814756668882,7.628134744099146,0.3549631391407875,5.647844378268212,8.286870628978868,7.480647294890679,0.09361419164857487,3.7064274784928117,7.992821387599351,8.801505334212944,0.003894326340920351,1.222973610051815,7.038320987619169,8.39921317472092
fet,10.0,fet-1176,hold_0.3s,UAD,UREI 1176LN Rev E,1176ln,comp,9.188326426019824,10.25,True,8.753496342238424,8.36194689775445,8.474757103990207,0.679652907712498,6.310741267086069,8.899575050356619,8.453504957378897,0.20417273971081684,4.4309980428652995,8.599215871940125,9.200576393285987,0.008438996655970143,1.811277675900866,7.640905699055665,9.010141456748094
fet,10.0,fet-1176,hold_3s,UAD,UREI 1176LN Rev E,1176ln,comp,10.723347772128397,10.25,True,10.280740620830699,9.901862644712857,10.014633796857666,2.10865849009852,8.4626202037588,10.510595326377333,9.999986321797394,0.7410129313460709,6.82424779060316,10.296398267024003,10.734148715371884,0.03245552990364242,4.016749326414091,9.548121121576623,10.575739109094446
fet,15.0,fet-1176,hold_0.03s,UAD,UREI 1176LN Rev E,1176ln,comp,13.14813627305036,15.0,True,12.632272878092675,12.121536676079627,12.061350500239728,0.5990052841229669,8.920925267545707,12.615608198651007,11.869705155170074,0.15988031324273244,5.943548456470433,12.221218476095073,13.283798022728401,0.007193197652084038,2.021592293527016,10.950031067372013,12.786024156689795
fet,15.0,fet-1176,hold_0.3s,UAD,UREI 1176LN Rev E,1176ln,comp,13.75194929134667,15.0,True,13.367312590977196,13.019824082150556,13.106405597362146,1.1352936082107359,9.901087716905531,13.377988296642052,13.079679257865962,0.34716424663217715,7.04438900365707,12.991261724235377,13.74754123555636,0.01506107366625109,2.95973322082987,11.760776029905847,13.535599654976787
fet,15.0,fet-1176,hold_3s,UAD,UREI 1176LN Rev E,1176ln,comp,15.542082913886917,15.0,True,15.14497341284429,14.806653040905587,14.896415035465623,3.42623285795806,12.827908685542026,15.2790473971092,14.87800771431333,1.231248407005019,10.622557807468775,15.019277674972832,15.542753101136643,0.05495403937921495,6.394525474444399,14.150092346762422,15.372770293367239
fet,3.0,fet-1176,hold_0.03s,UAD,UREI 1176LN Rev E,1176ln,comp,1.9971965562437015,2.79,True,1.4672250340081217,0.9297540366315173,1.0138520595168892,0.06982532722501222,1.274255989609527,1.941685795168965,0.9133590342650564,0.018227949991572956,0.8105401785373436,1.9099959220132945,2.1658147693068743,0.001129088152724833,0.25077517692781814,1.6572383364754097,1.9100581814786448
fet,3.0,fet-1176,hold_0.3s,UAD,UREI 1176LN Rev E,1176ln,comp,2.279463671273289,2.79,True,1.7965596924121785,1.3698410715962561,1.5086964985030882,0.1419241206748385,1.5033428044564658,2.2404831096875455,1.4991623206362235,0.041295292475735046,1.029154252388678,2.18617058624163,2.337432433413035,0.0016793610333092346,0.3957091791999696,1.8913489476000622,2.219681703490618
fet,3.0,fet-1176,hold_3s,UAD,UREI 1176LN Rev E,1176ln,comp,3.038955891090904,2.79,True,2.556928638601259,2.1394263203285364,2.277458658465825,0.5234900218861958,2.3268803520910115,3.006082255650722,2.271172325711844,0.17641929862247263,1.8424366805643873,2.9623903709199615,3.0899707818215845,0.00790219614480403,1.036023617508711,2.6936884963149597,2.980033822518032
fet,6.0,fet-1176,hold_0.03s,UAD,UREI 1176LN Rev E,1176ln,comp,4.79107633463064,6.02,True,4.263688979400369,3.726661070710948,3.7888128429807226,0.18073491913607423,3.078107035619501,4.603728433330626,3.67142405077414,0.04679520678913505,1.9883473025328737,4.456920882224463,4.947723993756187,0.0021417327293754562,0.6356925816683985,3.8955808507434653,4.634052248053246
fet,6.0,fet-1176,hold_0.3s,UAD,UREI 1176LN Rev E,1176ln,comp,5.207426817639963,6.02,True,4.7403960514449714,4.323245988873824,4.453788392940405,0.35510039535366433,3.5108416083394713,5.060088994112504,4.439355944804961,0.10472032222369022,2.432313413764999,4.897357229628828,5.246552623414488,0.003968335899641018,0.9654816003521003,4.3098676130827185,5.096456131296647
fet,6.0,fet-1176,hold_3s,UAD,UREI 1176LN Rev E,1176ln,comp,6.382046387012335,6.02,True,5.912719410702103,5.508025052833227,5.636973996254453,1.1776144334717964,4.961040816472595,6.263364410283024,5.626905161981342,0.4053423602602534,3.9640992669833497,6.139016944721753,6.413858518155025,0.01779576671134414,2.2844448791792553,5.6502743381883604,6.280473326844451
vca,10.0,vca-api,hold_0.03s,Waves,API 2500,api2500,comp,8.252148177926456,9.99,True,9.552393428759988,9.637548868094257,9.672489545320168,-4.2316514459600496e-05,1.3452648119573307,8.343178219675117,9.729585358026158,-1.3139556847251155e-05,0.07937399714122811,6.934838404500164,9.427285364941357,-0.0001769331403940269,0.0009681120015011188,3.969661322920111,9.129557327263885
vca,10.0,vca-api,hold_0.3s,Waves,API 2500,api2500,comp,9.965095536834214,9.99,True,9.973145284904298,9.9826873135431,9.981915210489301,0.0021524514304028103,2.5271008829759505,8.793925835470795,9.97302559026232,-0.0002871855697052436,0.8982084076438916,7.567121748492834,9.8476054343126,-0.00015254027592903618,0.17922103403830425,4.925635376028076,9.480118359598643
vca,10.0,vca-api,hold_3s,Waves,API 2500,api2500,comp,9.994870164345949,9.99,True,9.995441446509034,9.996306544311668,9.993262904115234,0.08129981203824518,3.843899218297373,9.026629139999384,9.979850177067975,-0.0003303575515076415,2.188298017889363,8.0381755958703,9.890828918009905,-1.4514322122870238e-05,0.8179214984228118,5.848730618156546,9.57788735962602
vca,15.0,vca-api,hold_0.03s,Waves,API 2500,api2500,comp,12.90868671697539,15.0,True,14.585151901725277,14.771809976902013,14.839774172010397,0.00011895593773145197,2.584184897064665,12.98933395491072,14.962600362929786,-4.732294211673427e-05,0.3308479239838847,10.927967894688965,14.371500774442474,-0.00021118920213460818,0.0029247654691143474,6.435879426719036,14.10075315517321
vca,15.0,vca-api,hold_0.3s,Waves,API 2500,api2500,comp,14.994879643985353,15.0,True,15.01080716563709,15.030944900478945,15.032943964931086,0.009029910694986397,4.282566535646487,13.424470482206106,15.029625204965424,-0.0003063155119806468,1.7923787460564824,11.6583210673282,14.85996976937968,-0.00018359221983620805,0.5108479227438393,7.748291113573815,14.402224436791366
vca,15.0,vca-api,hold_3s,Waves,API 2500,api2500,comp,15.000808401880793,15.0,True,15.001963065827686,15.003578613426082,15.000396252745727,0.31455913545542685,6.093958931277368,13.682037855325836,14.985844585419413,-0.00010952677383726378,3.7604540042601546,12.264962414636084,14.881271765169164,-1.9775440107526465e-05,1.6403428433522351,9.085981078038301,14.4694943909894
vca,3.0,vca-api,hold_0.03s,Waves,API 2500,api2500,comp,1.786762277701117,2.98,True,2.506162567973104,2.5192083727985684,2.5299674217181107,-0.0001338257058469891,0.06750914581429888,2.04640005158122,2.5401537479556002,-1.1212400509184872e-05,0.0007403658662165774,1.5733359741061905,2.468326770106708,-6.975407174317216e-05,-0.00011607596543086046,0.6478167283971478,2.319699332346369
vca,3.0,vca-api,hold_0.3s,Waves,API 2500,api2500,comp,2.9308393853232886,2.98,True,2.933535280802004,2.9354157049372414,2.933647638348595,-0.0003529550175770807,0.35651527433311037,2.453987915939836,2.9253291689367025,-0.00017486363380921077,0.016677983853378278,2.000048655953959,2.86599379646845,-6.435470271034388e-05,0.0008188702515425778,1.0587053452826074,2.711957242120265
vca,3.0,vca-api,hold_3s,Waves,API 2500,api2500,comp,2.9907410866128727,2.98,True,2.9908498496736904,2.9911072124488243,2.9891215090960577,0.00012316698934654313,0.7416995883239088,2.5987364392177685,2.980981173681167,-0.0003125626113052518,0.2928443596750719,2.2261145519522776,2.9349763192221787,-5.413195994168063e-06,0.009439499035199223,1.4223518003001712,2.8084932654578085
vca,6.0,vca-api,hold_0.03s,Waves,API 2500,api2500,comp,4.6132058026067275,6.0,True,5.555950042296164,5.593154593205651,5.611936831821431,-0.000112164593900059,0.5171987562339109,4.774668429275123,5.637413678811208,-3.593366782947416e-06,0.0047062833196648765,3.9105677269879844,5.482672863213399,-0.00012807080893215833,0.00021990621783814918,2.000730676004795,5.2555619444623884
vca,6.0,vca-api,hold_0.3s,Waves,API 2500,api2500,comp,5.955607548802378,6.0,True,5.9599815015054425,5.964428351181171,5.962795981644447,0.0001774073496477388,1.193258640791729,5.19119743298029,5.953329251977516,-0.00023715799108165597,0.3226752914844495,4.42647157048201,5.864847508606796,-0.00011104585297314756,0.007903708941617196,2.7055913095008735,5.61824054805259
vca,6.0,vca-api,hold_3s,Waves,API 2500,api2500,comp,6.001851761834615,6.0,True,6.002111601522337,6.0025851946588356,6.000053871713847,0.0037621933339120686,2.0202622327224726,5.373627643910187,5.9892415240070935,-0.0003684602767215009,1.0159644452787073,4.756167907387868,5.922717912294768,-9.376688796587651e-06,0.2903302096286467,3.3543361613611675,5.71810684742984
vca,10.0,vca-api,hold_0.03s,UAD,API 527 channel compressor,api_vision_comp,comp,11.159572731014837,10.01,True,9.29643490541183,9.022855847029172,9.187732586268439,-0.0016077524867785797,0.002793819544709919,7.469054464256081,9.147726907081374,-0.0016067558430066242,-0.0019818619030935736,5.271117565712609,9.67447746494068,-0.001578742866350069,-0.0015968611462540139,0.9175887166062484,8.705439490357893
vca,10.0,vca-api,hold_0.3s,UAD,API 527 channel compressor,api_vision_comp,comp,10.004169163144082,10.01,True,9.441969834949223,9.191780298912427,9.423742027382161,-0.0034837274390788764,0.10109790272912456,7.989662380650714,9.422479041352453,-0.003611449469881123,-0.0014629565308421633,6.148756949904091,9.764731509883848,-0.003584221580599234,-0.003054426239581076,2.237465551975065,9.00944128149039
vca,10.0,vca-api,hold_3s,UAD,API 527 channel compressor,api_vision_comp,comp,9.962532661724223,10.01,True,9.408528461565664,9.166886744752935,9.402485693446913,-0.005260877718571422,1.242212737075345,8.451464807170021,9.412571714896885,-0.005636164889990525,0.09762692107086401,7.061756951836472,9.786652967793554,-0.005615612329957997,-0.003283503441855018,3.9466425891952035,9.20717203324876
vca,15.0,vca-api,hold_0.03s,UAD,API 527 channel compressor,api_vision_comp,comp,12.953372218432484,11.39,False,10.62055100504106,10.354415090775888,10.511482319744053,-0.001597246619557069,0.004928181967885692,8.620881690757434,10.471877848310552,-0.0015964049276373515,-0.0019848121033589905,6.242748231931813,10.985415594970423,-0.0015680466249765601,-0.0015890874361961238,1.3892559945576881,9.95592255313513
vca,15.0,vca-api,hold_0.3s,UAD,API 527 channel compressor,api_vision_comp,comp,11.37812283943621,11.39,False,10.814452094243624,10.562678049756347,10.793793354731411,-0.003482557525529728,0.18822140839418822,9.210557245578043,10.790511924252076,-0.003610118445351418,-0.0007876843092624597,7.218305617221986,11.121704016323202,-0.0035838338939839787,-0.0030423705298652237,2.9292406321381463,10.313747377850541
vca,15.0,vca-api,hold_3s,UAD,API 527 channel compressor,api_vision_comp,comp,11.333533792146737,11.39,False,10.778719258180669,10.536138018425701,10.771165389199613,-0.005246458318259428,1.7852164102211443,9.70147677156775,10.77850929315128,-0.0056288458198689995,0.18164826271685186,8.195844777721582,11.14055894079597,-0.005608475881224706,-0.002260904466913516,4.805494327742742,10.520953529349697
vca,3.0,vca-api,hold_0.03s,UAD,API 527 channel compressor,api_vision_comp,comp,3.3864147760254593,3.16,True,2.5178582240247938,2.2236604597969976,2.4118258216072075,-0.0016463256609213772,0.0015473634897151811,1.747899765907638,2.3749499135661036,-0.001651856183830347,-0.0017967625473698234,0.7315717136354056,3.0020376448931287,-0.0016237654921429368,-0.0016089083707679919,0.032911423667000506,2.392868222705145
vca,3.0,vca-api,hold_0.3s,UAD,API 527 channel compressor,api_vision_comp,comp,3.1369582020649736,3.16,True,2.5822159288367263,2.340227526545693,2.5776963382890354,-0.0035386680058699937,0.0038659363784177003,2.030393212502462,2.5978613579981022,-0.003667673407949934,-0.0023995376548580083,1.1149832575480154,3.021668393080266,-0.003640449156122827,-0.00312564755816247,0.1031166090307174,2.5661561698374697
vca,3.0,vca-api,hold_3s,UAD,API 527 channel compressor,api_vision_comp,comp,3.1104604923811205,3.16,True,2.5607875272591762,2.32422275210752,2.564016461438449,-0.005332360927884139,0.02515964476248378,2.2877357863468823,2.59684711315281,-0.005691679841445918,-0.002016385684182609,1.5670501980837361,3.0429826682923737,-0.005668814475981776,-0.004494186801688116,0.34073720859416845,2.6845341312924154
vca,6.0,vca-api,hold_0.03s,UAD,API 527 channel compressor,api_vision_comp,comp,6.592345227033077,6.01,True,5.339308383171249,5.05098451156341,5.231982027904309,-0.0016388832412914667,0.0011495375160670562,4.069431195228302,5.1911178109146565,-0.0016410803128703577,-0.001923240696049433,2.468274735135255,5.765064632678933,-0.0016126276886492263,-0.0016158745346395165,0.1393355763488966,4.990634485910287
vca,6.0,vca-api,hold_0.3s,UAD,API 527 channel compressor,api_vision_comp,comp,5.991063098666471,6.01,True,5.432962625962568,5.1873614305381865,5.422126277738767,-0.0034954260083193134,0.012141924288174621,4.4595887299426185,5.430040558592751,-0.003623132145600394,-0.0022586599141067865,3.1016819211943485,5.813123863670784,-0.0035958915196747654,-0.0030822665406073924,0.5496229075353334,5.220629660583277
vca,6.0,vca-api,hold_3s,UAD,API 527 channel compressor,api_vision_comp,comp,5.957207395679999,6.01,True,5.405618110443366,5.166719337166745,5.404218884643587,-0.005300220931335531,0.19751419910728707,4.814242348134405,5.425495215689542,-0.00566354026123328,0.006446221256016571,3.7788574913940787,5.837315187533051,-0.0056414179376247375,-0.004314109040764791,1.5480739174157403,5.377355433011571
digital,10.0,aw-comp,hold_0.03s,Airwindows,blocky compressor,aw_blockparty,comp,12.08597931274908,11.19,True,8.932262585124956,11.76905408952827,6.007399772084952,1.5788756198060199,2.0103951395371276,2.056286961027208,4.314946666733212,1.173763898994535,1.9730656448133868,2.031986413316254,1.8989961488612153,0.3162915804882349,1.8169542795515277,2.018430545067268,2.108615996917047
digital,10.0,aw-comp,hold_0.3s,Airwindows,blocky compressor,aw_blockparty,comp,12.12218514635107,11.19,True,8.959710296638587,11.795399957565353,6.057189310929223,1.6701295859321394,2.0451153878677246,2.092686389386321,4.392228407919077,1.2542670457781426,2.038423520081322,2.066414809088668,1.9175004921665106,0.3787859577312833,1.9154165309895461,2.050708589611723,2.146549787773072
digital,10.0,aw-comp,hold_3s,Airwindows,blocky compressor,aw_blockparty,comp,12.092437692515409,11.19,True,8.929590670498868,11.765140858718258,6.029527110686388,1.6613840286976735,2.01632749524671,2.063975991687082,4.367537503547188,1.2417390955611172,2.0111998706162506,2.0376685350204635,1.8865507130396573,0.3601347194366209,1.9089579594501611,2.0219015659546926,2.1178643569266686
digital,15.0,aw-comp,hold_0.03s,Airwindows,blocky compressor,aw_blockparty,comp,12.085978827923377,11.19,False,8.93226212341191,11.769053758737998,6.007399163386113,1.5788751085044677,2.0103949131110532,2.0562864123621427,4.314945923064604,1.1737632712039439,1.973065176548685,2.031985829592937,1.898995781808667,0.3162912428789131,1.816953831560543,2.018429982426218,2.108615295659888
digital,15.0,aw-comp,hold_0.3s,Airwindows,blocky compressor,aw_blockparty,comp,12.12218506332048,11.19,False,8.959710520215815,11.795399873899948,6.057189393065228,1.6701292641937755,2.045114704124064,2.0926860851258375,4.392228003441021,1.2542666958970408,2.0384231954718413,2.0664144417060797,1.9174999359252798,0.37878533977696804,1.915416021204349,2.0507081271867342,2.1465493538319915
digital,15.0,aw-comp,hold_3s,Airwindows,blocky compressor,aw_blockparty,comp,12.092438661194787,11.19,False,8.929591519947229,11.765141213002694,6.029527490875575,1.6613843554592709,2.0163278364205066,2.063976461422417,4.367538070262665,1.2417394538402036,2.0112004168543347,2.0376688829169503,1.8865512246530383,0.36013513477872294,1.9089582349775647,2.02190198399928,2.117864666899168
digital,3.0,aw-comp,hold_0.03s,Airwindows,blocky compressor,aw_blockparty,comp,0.5810049308084366,1.13,False,0.6783021098656778,0.8246702598667213,0.5438586048834857,0.1993579424009866,0.2417731787034807,0.24593746083463053,0.4467609321566748,0.15337702467664194,0.23960571086131566,0.24363502618723665,0.22729250001323287,0.0418752503363784,0.22437352960634627,0.24232917751471383,0.25080654136681346
digital,3.0,aw-comp,hold_0.3s,Airwindows,blocky compressor,aw_blockparty,comp,0.6086771772516109,1.13,False,0.6961142886716338,0.8408681935702873,0.5622026247654457,0.2282328741046662,0.26073047912415603,0.26507638643787423,0.46725899553019445,0.18060437959164766,0.2604278668779134,0.26265787548892483,0.24496992833665665,0.06524421935142577,0.2540232617313354,0.2612188363704586,0.270028728405034
digital,3.0,aw-comp,hold_3s,Airwindows,blocky compressor,aw_blockparty,comp,0.5992430726550957,1.13,False,0.6865984402608696,0.8311561243092438,0.5527070536660137,0.22487176065233072,0.2513392260765226,0.25568793036341475,0.4579638549756613,0.17663400307045585,0.2510681470854301,0.253267844419927,0.23541636333846583,0.059866941275741326,0.24818970522507833,0.25182617527908313,0.26064045549335546
digital,6.0,aw-comp,hold_0.03s,Airwindows,blocky compressor,aw_blockparty,comp,4.6271889931417975,5.12,True,3.617541738559197,4.7036803233230815,2.738065446564148,0.8316159151065268,1.033494394607965,1.0547848421816983,2.114621925315964,0.6268734938302885,1.020490531015927,1.042971036306831,0.9730271847220742,0.16542068447165903,0.9473592585213613,1.03642557250752,1.080082234585662
digital,6.0,aw-comp,hold_0.3s,Airwindows,blocky compressor,aw_blockparty,comp,4.67712892203072,5.12,True,3.644670954035255,4.720718312356261,2.7710108536290985,0.9025701021067167,1.0652558948277928,1.087934552220048,2.1607663339324272,0.6915440401216699,1.0635096517589915,1.0753140646904473,0.9980993909859244,0.21781902693447286,1.02204695856752,1.0678103590702719,1.1138427228906753
digital,6.0,aw-comp,hold_3s,Airwindows,blocky compressor,aw_blockparty,comp,4.655272083914358,5.12,True,3.6224958406438175,4.6974797803715465,2.7494295645964826,0.900505032243025,1.0438093328272995,1.0665353794378767,2.1405764960629288,0.6866231487899341,1.0422860008142916,1.0539004177677445,0.9757091380961214,0.20740661596773968,1.0175262151542395,1.046370512006094,1.0924520337336556
digital,10.0,aw-comp,hold_0.03s,Airwindows,bidirectional compressor,aw_buttercomp2,comp,1.959648965588201e-05,2.87,False,0.005377452493606327,0.0048797488257026345,0.005949577788317839,0.0916235944845436,0.05934736689948572,0.011309940192814949,0.005963669163598695,0.0300511883860608,0.09279082132724525,0.017657166995588724,0.006038920117468649,-0.012003077525719164,0.12169402670321006,0.03512398581109011,0.00804730143143928
digital,10.0,aw-comp,hold_0.3s,Airwindows,bidirectional compressor,aw_buttercomp2,comp,0.4399472353533742,2.87,False,0.46127459970463747,0.45980998242969306,0.45910231461947326,0.8139592512615623,0.741402829125076,0.49703317023379157,0.45946834227935796,0.3340952941282431,0.9233886033165586,0.5284113620871977,0.4742086153719285,0.02037043260641269,1.072714619337221,0.6158942654032096,0.4808051147296961
digital,10.0,aw-comp,hold_3s,Airwindows,bidirectional compressor,aw_buttercomp2,comp,6.697023113982942,2.87,False,6.702394377044276,6.708895909822409,6.7021571364725006,3.424845986520423,6.763760615117874,6.723427593357199,6.7021561471452795,1.2423428869473643,6.633152462730106,6.735898278826578,6.716256808497621,0.06986422945420401,5.533975075912556,6.761076669764997,6.7163494787853955
digital,15.0,aw-comp,hold_0.03s,Airwindows,bidirectional compressor,aw_buttercomp2,comp,2.827242257019691e-05,2.87,False,0.005440493187673923,0.0049390868937280175,0.00603824907710937,0.09162298211316333,0.059347258907248346,0.011313634227382963,0.006036039573340091,0.03005122354315759,0.09279042363843004,0.017658920638034203,0.006038225119160856,-0.012002984539794426,0.1216933366150883,0.035124363776843026,0.008054153228014727
digital,15.0,aw-comp,hold_0.3s,Airwindows,bidirectional compressor,aw_buttercomp2,comp,0.4399492886974947,2.87,False,0.4614217728875296,0.45996288168421096,0.45936370050205433,0.8139614393307255,0.7414186035644361,0.49707092074655,0.4597203090253785,0.3340961460903227,0.923399042944637,0.5284412439317823,0.4742069973026428,0.020369419880337247,1.0727194038067829,0.6159159921396373,0.4808504056683489
digital,15.0,aw-comp,hold_3s,Airwindows,bidirectional compressor,aw_buttercomp2,comp,6.69692603648007,2.87,False,6.702992829292297,6.709549315558928,6.7032720240289905,3.4248079797508115,6.763786832422422,6.723551905881652,6.703247558490059,1.242296848462554,6.63315494940458,6.735991088608008,6.7161905227268885,0.06980862211378991,5.533951135809115,6.761129893692997,6.716505499215817
digital,3.0,aw-comp,hold_0.03s,Airwindows,bidirectional compressor,aw_buttercomp2,comp,2.876915830185567e-05,2.87,True,0.005427285198098986,0.004925966302099738,0.006016525207726886,0.09162406685997304,0.05934764769878953,0.011312336243978649,0.006016462611720286,0.03005222229414173,0.09279143207198892,0.017658339535909562,0.006039316566129216,-0.012002020179764372,0.12169442367327754,0.035124396161970495,0.008052186930529004
digital,3.0,aw-comp,hold_0.3s,Airwindows,bidirectional compressor,aw_buttercomp2,comp,0.439949350435354,2.87,True,0.46141966033455795,0.45996079158144454,0.4593599332542464,0.8139611734355183,0.7414183169194786,0.4970706366912694,0.4597166429147528,0.33409648698586025,0.923398623818958,0.5284413624992013,0.4742070606853055,0.020369524940031525,1.0727195885626477,0.6159164106152222,0.48084959740359423
digital,3.0,aw-comp,hold_3s,Airwindows,bidirectional compressor,aw_buttercomp2,comp,6.697039641058259,2.87,True,6.702101451134396,6.708368395533601,6.70140656921547,3.4248653315631685,6.7636649571760845,6.723289138031422,6.701273454649311,1.2423888345766727,6.63308161469535,6.735769498210058,6.716380211292211,0.06993580812490663,5.533952746618981,6.760964171855887,6.716202964886332
digital,6.0,aw-comp,hold_0.03s,Airwindows,bidirectional compressor,aw_buttercomp2,comp,2.043206373869566e-05,2.87,False,0.0053067623869473834,0.004810483753814765,0.005836336563385558,0.09162467214555825,0.05934728120451638,0.011301549184167925,0.0058622855105880944,0.030053014989370297,0.0927916693506674,0.017652306030520037,0.006041019412386106,-0.0120010155559509,0.12169492488694011,0.03512225391821211,0.008034611566904104
digital,6.0,aw-comp,hold_0.3s,Airwindows,bidirectional compressor,aw_buttercomp2,comp,0.43994775984996437,2.87,False,0.4612728489645175,0.4598077709205963,0.45909890902810346,0.8139583049406376,0.741403073825043,0.49703328552353376,0.45946489029420867,0.33409528295322133,0.9233889737444008,0.5284112973402841,0.47420917206682667,0.020370910720892255,1.0727140834200473,0.6158952273869147,0.48080514783327644
digital,6.0,aw-comp,hold_3s,Airwindows,bidirectional compressor,aw_buttercomp2,comp,6.696922019721191,2.87,False,6.701299513805968,6.7071904614962525,6.699826489862007,3.4247084028587143,6.763350658850954,6.722880443576583,6.699514836497535,1.2422726009820995,6.63280329570662,6.735387963447184,6.716390789182666,0.06987420485137363,5.533741024754992,6.760619226148339,6.715768303893803
digital,10.0,aw-comp,hold_0.03s,Airwindows,compression by saturation,aw_compresaturator,comp,2.3074866370499834,5.5,False,4.466741577229182,4.5674580173551,4.450521512404595,0.22442568731166368,0.001138111951313192,5.3851557491783915,4.470239124859461,0.08191280091809894,0.5465326991345254,5.539242477420776,4.4921771330945415,0.003591582893243128,0.37114083438734546,5.170028307130344,4.888801573679001
digital,10.0,aw-comp,hold_0.3s,Airwindows,compression by saturation,aw_compresaturator,comp,5.742337909037195,5.5,False,5.749796485889502,5.8145143558241825,5.695914977393373,0.15769454998632604,0.0017703256832994896,5.584610936233592,5.6573372421042185,0.056972672949752834,0.37832649195089907,5.191795524997522,5.556503091085685,0.002063655469447312,0.2614907424709916,3.245702286055389,5.5737867132148144
digital,10.0,aw-comp,hold_3s,Airwindows,compression by saturation,aw_compresaturator,comp,4.5814339504029835,5.5,False,4.517126994549366,4.600694745417083,4.437122926291754,0.07097197142738665,0.0014062358287176835,4.211323326343726,4.3794958476188315,0.025378437377103324,0.1664501178979485,3.448409886937502,4.24682141162092,0.0007644353500815271,0.11814749876764985,0.0048195052912660685,4.243356422572584
digital,15.0,aw-comp,hold_0.03s,Airwindows,compression by saturation,aw_compresaturator,comp,2.3073841624404032,5.5,False,4.466706971342575,4.567424666095454,4.450489050592968,0.22460014607270828,0.0011213390392033062,5.3851407454425155,4.4702082659177815,0.08177463092562043,0.5466272138497672,5.539230935633395,4.49214814898754,0.0034174779044118253,0.3712812057420578,5.1700217268848006,4.888780175886327
digital,15.0,aw-comp,hold_0.3s,Airwindows,compression by saturation,aw_compresaturator,comp,5.741290527827603,5.5,False,5.74880522311044,5.813545174828717,5.694921421021215,0.15788717315539103,0.0017618690400080794,5.583675365514955,5.656342093762221,0.057131769710299096,0.3781409932162809,5.190816530128034,5.555477231177229,0.0019390623147668151,0.2612895546980756,3.2465365181196892,5.572798619989816
digital,15.0,aw-comp,hold_3s,Airwindows,compression by saturation,aw_compresaturator,comp,4.580775268338388,5.5,False,4.516757262123912,4.600342381450301,4.436765468572804,0.07112517897913762,0.0014002731043500916,4.211160965222193,4.3791502065637395,0.025523632755893644,0.1661385809549607,3.448378618476503,4.246468411941235,0.0006408399802708686,0.11786256041740728,0.0048140213478511384,4.243083658930469
digital,3.0,aw-comp,hold_0.03s,Airwindows,compression by saturation,aw_compresaturator,comp,1.2954317003780789,3.67,True,2.7507865084053016,2.813125019471167,2.7418402484389635,0.056706806128452136,0.001670706820840806,3.4365793582061026,2.757556987112914,0.009749070856191366,0.24903718735204006,3.546716179675943,2.786726632477863,-6.112224805754352e-05,0.13713655211968234,3.235609572692456,3.0673162340937203
digital,3.0,aw-comp,hold_0.3s,Airwindows,compression by saturation,aw_compresaturator,comp,3.840653738289215,3.67,True,3.851368042193081,3.894323627473159,3.815159726475013,0.03984677727260788,0.002565054966343183,3.7254897535136675,3.788732442756555,0.006916257505294787,0.1723310019020996,3.4228274881355283,3.718939700835082,-8.157287540555558e-06,0.09635922888166348,2.0253774010843575,3.7256193012174506
digital,3.0,aw-comp,hold_3s,Airwindows,compression by saturation,aw_compresaturator,comp,2.9958818879104285,3.67,True,2.956112045948325,3.0070255786952025,2.9068891423788266,0.017452437561438217,0.002039929227219517,2.7446674864841105,2.8707376061073875,0.003083319033273746,0.07425614676124148,2.196663780783818,2.78565194568427,3.832232552980486e-05,0.04227009309488672,0.004462556148983943,2.7765083421013372
digital,6.0,aw-comp,hold_0.03s,Airwindows,compression by saturation,aw_compresaturator,comp,2.307593423475927,5.5,True,4.4667995393791875,4.567515016032247,4.450578754588243,0.2245520005259678,0.0011594954568536764,5.385195105524608,4.470294969577028,0.081744727975126,0.5466845271432383,5.539280102818634,4.492231750186107,0.0037296087793396993,0.37132691741485857,5.170069562733526,4.888848359084759
digital,6.0,aw-comp,hold_0.3s,Airwindows,compression by saturation,aw_compresaturator,comp,5.74059225154734,5.5,True,5.748619373538846,5.8133562644469565,5.694731535545365,0.15748267837730268,0.0017635613476745249,5.583659655210624,5.656155978465008,0.057084784966322744,0.3783090507097526,5.190903529866141,5.555332559501363,0.0018511893416661707,0.26150520999440197,3.244718522816422,5.572703683484334
digital,6.0,aw-comp,hold_3s,Airwindows,compression by saturation,aw_compresaturator,comp,4.580197465702101,5.5,True,4.516590652988047,4.600174075176067,4.436594027532873,0.07082034629352663,0.0014556215383425553,4.2111834631984335,4.378983926416218,0.025550504543748076,0.16651134129550194,3.4484615604050237,4.246350678198601,0.0006076083809567479,0.11823487689501988,0.004868630153916698,4.243024808698982
digital,10.0,aw-comp,hold_0.03s,Airwindows,mastering compressor,aw_logical4,comp,1.8809793885890238,8.03,False,2.9733606566035835,2.952565874061516,2.9619622452535173,-0.00017761955705359288,0.6971684679631878,3.2286827671318488,2.966948438866599,-0.0002606976598993529,0.12221095998352809,2.915029200736327,3.0610395257206338,-0.0003321360027506888,0.00034495920279425246,1.7153254094420611,3.1961141728689166
digital,10.0,aw-comp,hold_0.3s,Airwindows,mastering compressor,aw_logical4,comp,8.003708881022192,8.03,False,7.9983682947607,8.012055584807165,7.9788884014136245,-0.0003283212284709812,1.2455261274449159,7.2961959747285965,7.960381628353839,-0.0004887184699289508,0.21463333336237778,6.062350135664199,7.894176234035422,-0.0006785846843739944,0.0009213314811081057,3.2275862492827367,7.753876728266787
digital,10.0,aw-comp,hold_3s,Airwindows,mastering compressor,aw_logical4,comp,8.019575264721723,8.03,False,8.008305705291372,8.021888505583656,7.985440911771676,0.00040662546963122527,1.246773580839207,7.30453767608267,7.966610870649742,0.00014350781450978532,0.2156476195634559,6.067898756261733,7.906377254537853,2.8353424640081837e-05,0.0017075929210521208,3.229755621573621,7.7638296515785745
digital,15.0,aw-comp,hold_0.03s,Airwindows,mastering compressor,aw_logical4,comp,2.963674689496764,14.82,True,4.670287271302811,4.6088600498439805,4.674063406457407,-0.00014550346427358307,1.1121907603520271,5.308337699503162,4.676262116728454,-0.0002675215622961469,0.1917852416255666,4.9101974102785775,4.8301138644804995,-0.0003689589843615046,0.0006545998429307587,2.8239848702550465,5.109580306475946
digital,15.0,aw-comp,hold_0.3s,Airwindows,mastering compressor,aw_logical4,comp,14.740787176653845,14.82,True,14.752725726832029,14.761120576087897,14.743567461667412,-0.000614473140726185,1.8242329881654702,13.439845241600626,14.722515911297497,-0.0008471868815617539,0.30534544443465556,10.701946867307983,14.625467523576466,-0.0011387608180293482,0.0011543526237201701,5.054589402713643,14.37145293864049
digital,15.0,aw-comp,hold_3s,Airwindows,mastering compressor,aw_logical4,comp,14.788567509044155,14.82,True,14.77883510057856,14.790810286106854,14.757259260472328,0.00040168361081755616,1.8243763850749808,13.460815589344707,14.736917823708458,3.5160984368239057e-05,0.3063964511311469,10.71139496569117,14.66026551698534,-0.00014037397702838794,0.0022008144394663268,5.0547649762747175,14.399038601374418
digital,3.0,aw-comp,hold_0.03s,Airwindows,mastering compressor,aw_logical4,comp,0.9969946752759316,3.92,True,1.5673391792825568,1.5676816237501972,1.5493242167524033,-0.00012029120834088601,0.3652966699322594,1.6352927082658621,1.5474990930337345,-0.00016583843438061456,0.0647300712058496,1.4643893142281137,1.5855343447766097,-0.00020227386457010235,0.0001478847986026901,0.8789046850173451,1.6415877785133928
digital,3.0,aw-comp,hold_0.3s,Airwindows,mastering compressor,aw_logical4,comp,3.9096535567922417,3.92,True,3.8997564273063823,3.914977168721504,3.8784776926220847,8.883533099411992e-05,0.6992258914351395,3.5407473611042,3.861802519665664,2.006324444865648e-06,0.12353009728758493,3.0124839530351797,3.8131603417768507,-9.924798332884479e-05,0.0007953276716736908,1.7231806492499562,3.746830839631333
digital,3.0,aw-comp,hold_3s,Airwindows,mastering compressor,aw_logical4,comp,3.917095788920022,3.92,True,3.9050184432441064,3.9198419951428214,3.882714932608151,7.760597555681904e-06,0.7000403921634926,3.5452019050565324,3.8658337768105775,-0.00014918026551528994,0.12374574761253651,3.015967580832386,3.818944906538502,-0.00020972529881946485,0.0007544509189368696,1.7250388325454682,3.751855653526317
digital,6.0,aw-comp,hold_0.03s,Airwindows,mastering compressor,aw_logical4,comp,1.8809775352784581,8.03,False,2.9733510885129113,2.952539740668574,2.961929016448473,-0.00017589347924926342,0.6971690730067713,3.2286780257354075,2.966903972366058,-0.00025911252931535775,0.12221203664044196,2.9150267168774104,3.0610466235453497,-0.0003303983565353316,0.00034627895053989874,1.7153252775175056,3.196107280806279
digital,6.0,aw-comp,hold_0.3s,Airwindows,mastering compressor,aw_logical4,comp,8.003707910635566,8.03,False,7.99836541486597,8.012051061444426,7.978883279480457,-0.0003284022233777991,1.2455258477028568,7.296194811166524,7.960375713243952,-0.0004887402395487312,0.2146331941458999,6.062349414751444,7.894175811314605,-0.0006786045475817779,0.000920920761151434,3.2275859242995995,7.753875207444276
digital,6.0,aw-comp,hold_3s,Airwindows,mastering compressor,aw_logical4,comp,8.01957485349097,8.03,False,8.008302818431725,8.021883596987708,7.9854352806153654,0.0004065693721631014,1.2467735414099532,7.304536306051501,7.966603920010311,0.0001434694543273607,0.2156475039421241,6.067897984195888,7.90637718232889,2.831620517383844e-05,0.001707485927601879,3.2297550788245406,7.763828052386253
digital,10.0,aw-comp,hold_0.03s,Airwindows,transient-preserving comp,aw_pop2,comp,0.08155206686739369,9.17,True,-1.5509589492439564,0.24397725899396683,0.38821791594972943,0.4866520776029555,0.4984546917268018,0.49797526901711464,0.4016995886219501,0.4690939429043661,0.4976012566856429,0.49874408029384654,0.6330981144760806,0.4155809531858017,0.49425577867100756,0.498800518694706,0.49489405452663426
digital,10.0,aw-comp,hold_0.3s,Airwindows,transient-preserving comp,aw_pop2,comp,0.10942431271045905,9.17,True,-1.518722625936468,0.2911141328154061,0.42318720915894215,0.5340558350285942,0.5368114071596457,0.5352156944799775,0.4453326940353417,0.5220716377886374,0.5367155631111249,0.5363024504423466,0.6661982902669745,0.46889479898391073,0.536117704482356,0.5367468809044054,0.5317961528640645
digital,10.0,aw-comp,hold_3s,Airwindows,transient-preserving comp,aw_pop2,comp,0.08804665926470001,9.17,True,-1.539379522373327,0.273421883860113,0.40546307681018945,0.5212849629365301,0.5215831193395148,0.519818992701369,0.42943423461733765,0.5197949004586011,0.5216211617310371,0.5209508546809127,0.6504060435527252,0.4786927765094111,0.521548892152313,0.5214513934896399,0.5163448246314601
digital,15.0,aw-comp,hold_0.03s,Airwindows,transient-preserving comp,aw_pop2,comp,0.17592172160966868,12.17,False,-1.5889757434610186,-0.07238512016866672,0.2707563433963376,0.41832483114315977,0.4479933056811589,0.449727679865779,0.39029336174310103,0.3743287811776046,0.4458024651462953,0.44963034512318245,0.5684258490635195,0.24064866962943476,0.4373961110936335,0.4490172898264362,0.44896588111807567
digital,15.0,aw-comp,hold_0.3s,Airwindows,transient-preserving comp,aw_pop2,comp,0.2696962581945819,12.17,False,-1.4915438794401101,0.03716452002076487,0.3673599749528407,0.5415403933052083,0.548664872592445,0.5486464794529198,0.49297784488345187,0.5115074116998475,0.5482863822400379,0.5488294441375121,0.6642286556661734,0.378495951281689,0.5467200331108533,0.5488161526478716,0.5476626756253609
digital,15.0,aw-comp,hold_3s,Airwindows,transient-preserving comp,aw_pop2,comp,0.23207969226181646,12.17,False,-1.532278596910638,-0.0011894512968666504,0.3280835251428691,0.5101421328999205,0.5111667942521638,0.5108744203521223,0.45484741305183896,0.5064068211168671,0.5111037471300968,0.5110964201314498,0.6261618381268406,0.40354549064476686,0.5108314141931789,0.5111724075909425,0.5098544228961561
digital,3.0,aw-comp,hold_0.03s,Airwindows,transient-preserving comp,aw_pop2,comp,0.01485641127179671,4.52,False,-1.3756143059959958,-1.5165906891818597,-0.06174198370995798,0.0405707010525681,0.042789130881836224,0.04538149582680007,0.09312752037182292,0.03784270411910262,0.04254285020248605,0.043849673448580595,0.05616309774972378,0.029615852234017748,0.04186021334980827,0.043050246073900844,0.04844844608336196
digital,3.0,aw-comp,hold_0.3s,Airwindows,transient-preserving comp,aw_pop2,comp,0.017970495697870015,4.52,False,-1.3706315656663666,-1.50586270940764,-0.06014750791503498,0.041891748992957445,0.043145270539845404,0.0460927582639411,0.09200767164866236,0.03941705262477746,0.04294822573508339,0.04445129430932482,0.05657054226979108,0.031195810133247348,0.04264143856626057,0.04347580841804832,0.04912629483887376
digital,3.0,aw-comp,hold_3s,Airwindows,transient-preserving comp,aw_pop2,comp,0.014776430727952539,4.52,False,-1.3732619900913425,-1.5078979267406,-0.06309633497522404,0.039563226916830785,0.040159909400241056,0.043095813755411494,0.08878736946000504,0.03809593913989184,0.039985465904075035,0.04145791312398617,0.053505557616845445,0.03003160935269955,0.0398216770805393,0.04048437207471578,0.04611406906215765
digital,6.0,aw-comp,hold_0.03s,Airwindows,transient-preserving comp,aw_pop2,comp,0.4305572544411227,6.8,True,-1.4009040778598312,-0.3259202589525678,0.32400493880829373,0.4972747104841435,0.5439192466829237,0.5482127643612333,0.5378219228887815,0.4284479828457144,0.5404019410446583,0.5471330713812979,0.6376149699124856,0.21996552871295272,0.5271681343022063,0.5456840917930652,0.5495884474973582
digital,6.0,aw-comp,hold_0.3s,Airwindows,transient-preserving comp,aw_pop2,comp,0.4291262047416389,6.8,True,-1.4037056978047282,-0.3204170207613064,0.31669129503274007,0.5322079815130643,0.5435305900704765,0.5451629015627883,0.5330868302917082,0.48508881108091373,0.5428628612703985,0.5444567237927416,0.6335893272037545,0.27738627634086654,0.540363602293052,0.5439249314089789,0.5462872384455597
digital,6.0,aw-comp,hold_3s,Airwindows,transient-preserving comp,aw_pop2,comp,0.3721761004235944,6.8,True,-1.4644127012868555,-0.37952159177419276,0.25646557435755035,0.4830475489587176,0.4848069541925888,0.486048689178304,0.47344467375316057,0.4771382476266268,0.48462663803366723,0.4853863383028685,0.5743583623440003,0.3159338713849529,0.48414973194676136,0.48498129258387834,0.4871416186448716
digital,10.0,aw-comp,hold_0.03s,Airwindows,peak compressor,aw_pressure5,comp,11.38720706695143,11.12,True,9.079244332173865,9.926133682182533,10.327488342102841,6.146700875254602,9.548852716798853,9.59086159827002,10.126527702670456,3.8126196153783347,9.162433936935985,9.5824424786965,9.668064434774184,0.6755698120144658,7.858610416080435,9.574132340479292,9.60671466368775
digital,10.0,aw-comp,hold_0.3s,Airwindows,peak compressor,aw_pressure5,comp,11.443507489022428,11.12,True,9.125925639553119,9.973206939855448,10.366918840563645,6.56097031247689,9.621852427115506,9.63800025947693,10.172499416717121,4.083431556471105,9.60594647263856,9.630137281176287,9.712598506751652,0.7893612487912378,8.396824975506213,9.624969066337323,9.653598341209731
digital,10.0,aw-comp,hold_3s,Airwindows,peak compressor,aw_pressure5,comp,11.407364305648347,11.12,True,9.088895080445544,9.936191989125454,10.329174807992048,6.622610487120859,9.58553585572065,9.601009809258157,10.135423000971372,4.106256500809653,9.577492610212335,9.593181760271145,9.675288125654788,0.7704024174642825,8.492441304367375,9.58816121478157,9.616587696698959
digital,15.0,aw-comp,hold_0.03s,Airwindows,peak compressor,aw_pressure5,comp,15.038158008408633,18.85,False,13.300029658916635,13.973173634224782,14.945456760816246,10.86109480556647,15.049053570073994,15.087532897626902,15.210471365983457,7.4431303618055225,14.911215734592986,15.080551998792288,15.114655150518697,1.5943051328961886,13.231714694196569,15.068202367870816,15.093757300433495
digital,15.0,aw-comp,hold_0.3s,Airwindows,peak compressor,aw_pressure5,comp,15.50716036271213,18.85,False,13.73770957218076,14.386287680440056,15.322042155325153,12.508459865650195,15.530039008059457,15.535106014503704,15.564140081461055,8.695693459905117,15.524985944252823,15.533607974965879,15.591084382665375,2.433961902727603,15.227288115771062,15.531988233838067,15.537503287520677
digital,15.0,aw-comp,hold_3s,Airwindows,peak compressor,aw_pressure5,comp,15.230403280009114,18.85,False,13.457514788865128,14.103324581896334,15.03552361040792,13.152818850044591,15.252616851000404,15.25576097769649,15.274848886592933,9.009616480416407,15.250828086795043,15.254470700359917,15.315775008980761,2.4285541506787816,15.231108698070154,15.253459122085427,15.258032948258052
digital,3.0,aw-comp,hold_0.03s,Airwindows,peak compressor,aw_pressure5,comp,3.2543626384329016,2.99,True,0.6237476363893482,1.4755874157131945,1.3985371330727325,7.43942125680519e-06,0.0005705608897805803,0.018817848466930798,1.022625889993126,2.091211186439068e-06,0.00016131627822346672,0.007463131426032277,-0.032074998955032186,2.053965804549307e-06,2.8163165872285845e-05,0.0018568595426486922,0.043762162911818336
digital,3.0,aw-comp,hold_0.3s,Airwindows,peak compressor,aw_pressure5,comp,3.253836921579083,2.99,True,0.6301724214589441,1.4877212348091415,1.4107244773150782,5.5496729142845425e-05,0.0018525295802866992,0.024260993478719683,1.0476713651011167,1.5250883233619561e-05,0.0007392800546739409,0.011659642753887312,-0.03698280104373097,1.5281838969372075e-05,0.00018354771123796354,0.004243141270585227,0.05008045435124586
digital,3.0,aw-comp,hold_3s,Airwindows,peak compressor,aw_pressure5,comp,3.253775598011405,2.99,True,0.6308222810699959,1.4889573187525755,1.4119787522641598,0.0001943107020103696,0.0023998544185701576,0.02499348598028206,1.0502990743266434,8.756371554596853e-05,0.001165154325548201,0.012363870520893272,-0.037564240404933,8.760783285666207e-05,0.00043106528040581793,0.0048784387826685816,0.050824643316580875
digital,6.0,aw-comp,hold_0.03s,Airwindows,peak compressor,aw_pressure5,comp,7.272771560986854,7.43,True,4.997984610339413,5.814235648796016,5.91902099900337,2.5565468035538963,4.673171206816697,4.73905721150493,5.603208431362395,1.334212312169349,4.368908711182177,4.728134787051239,4.7299842069766775,0.14835751194321034,3.562165750223425,4.719389798296895,4.761587614484624
digital,6.0,aw-comp,hold_0.3s,Airwindows,peak compressor,aw_pressure5,comp,7.272304140149785,7.43,True,5.003331745279896,5.823612991730341,5.924675779127753,2.6842266895228555,4.7218458372170105,4.744662700113022,5.619915495591167,1.400778849866807,4.597436956315864,4.733342839734805,4.728024779683247,0.16042822723590788,3.7443381503506004,4.7261846380532795,4.767592917633934
digital,6.0,aw-comp,hold_3s,Airwindows,peak compressor,aw_pressure5,comp,7.267921791918917,7.43,True,4.999424652894399,5.820121161343673,5.920803192212908,2.6960606897301886,4.7184524779997545,4.740877362494583,5.617207393747808,1.404817781435991,4.621259820077649,4.729553804329786,4.723298318135349,0.15761847854728472,3.7631584539211964,4.7224257060826,4.763807793912488
digital,10.0,aw-comp,hold_0.03s,Airwindows,minimal compressor,aw_purestsquish,comp,10.923522992067978,11.1,True,11.151905379305454,11.320143504273402,11.384205326946452,5.13418341425907,10.954008176719821,11.229977917160321,11.517917955152999,3.1256517654164426,9.597896465503785,11.215892952405756,11.124777445571606,0.6835790833341637,7.155526519244482,11.183998702946788,11.239576822852571
digital,10.0,aw-comp,hold_0.3s,Airwindows,minimal compressor,aw_purestsquish,comp,11.02161598297186,11.1,True,11.091873381246723,11.158977974816132,11.18433089300861,5.367690383717642,11.17658716345154,11.197180248377714,11.248298746514703,3.2579316983535764,10.44944503166205,11.19604396366936,11.169086843727607,0.7555080257613109,7.581157081506911,11.192078836458496,11.197674661859104
digital,10.0,aw-comp,hold_3s,Airwindows,minimal compressor,aw_purestsquish,comp,10.993904599263653,11.1,True,11.054790044866532,11.111507200094511,11.132995673482535,5.369336806589795,11.145490716482016,11.161452820556784,11.189232012036621,3.245252790059162,10.497916455099988,11.160659914155882,11.143521121129423,0.7344784249263387,7.611279564312456,11.15770484016187,11.161735119478719
digital,15.0,aw-comp,hold_0.03s,Airwindows,minimal compressor,aw_purestsquish,comp,17.966988314015808,17.35,False,18.12772145138899,19.303764783282297,17.380194955799247,5.727142473749702,13.908880823396995,15.331141931500472,16.844888751612956,3.491939334993522,11.372205964710282,15.29123822237053,15.111748608656125,0.7963289292057958,8.093228920445032,15.182283945235195,15.373542243069089
digital,15.0,aw-comp,hold_0.3s,Airwindows,minimal compressor,aw_purestsquish,comp,18.045720096373135,17.35,False,17.947258162086122,18.72062468571024,17.068619055230727,5.842598229686643,14.852862004241258,15.587467706338554,16.559870739489586,3.55500363120246,11.955637300415116,15.571826303867201,15.498091188536852,0.8298173862675213,8.318994487660518,15.537640049599606,15.611813203322425
digital,15.0,aw-comp,hold_3s,Airwindows,minimal compressor,aw_purestsquish,comp,18.03369089431529,17.35,False,17.91242666233719,18.65412457524848,17.00821479315927,5.8331817999738425,14.85016345643947,15.567114879882936,16.493037980240068,3.543943574829801,11.960413290576753,15.552024136949617,15.495346367923151,0.8177991047284499,8.312804177129678,15.519606329938094,15.591110432116798
digital,3.0,aw-comp,hold_0.03s,Airwindows,minimal compressor,aw_purestsquish,comp,3.382522342373104,4.48,True,3.4561380770486325,3.4470546630671155,3.4487272422306328,2.4329508580912163,3.3968575379412984,3.410956259996162,3.438923601886551,1.6776138685646451,3.3136955201697473,3.4087658839217756,3.4009906583984586,0.39152656626577653,2.9431006125090384,3.4045312416800915,3.412312216367628
digital,3.0,aw-comp,hold_0.3s,Airwindows,minimal compressor,aw_purestsquish,comp,3.4428427087220648,4.48,True,3.4874363456600417,3.459486449486585,3.4585682560775277,2.622837113601742,3.4512000930666327,3.4520045304915143,3.438376958842057,1.8231944347883304,3.447780878759379,3.4520528660572563,3.4565390955653834,0.48520754665393495,3.170318203648722,3.451827363947694,3.4517930468205646
digital,3.0,aw-comp,hold_3s,Airwindows,minimal compressor,aw_purestsquish,comp,3.4085624327060398,4.48,True,3.451228502441835,3.421352728413777,3.420184646008469,2.643149889960524,3.416411811097121,3.4166406578863278,3.3988183744389264,1.826634710664718,3.4148395663070827,3.4167522820395178,3.4230797629346226,0.4692332850299805,3.2042444007290696,3.4167064649612833,3.416395062310106
digital,6.0,aw-comp,hold_0.03s,Airwindows,minimal compressor,aw_purestsquish,comp,3.382522871388575,4.48,False,3.4561386428201657,3.4470549436177547,3.4487276595324077,2.432951299733541,3.396857927024888,3.4109566502298407,3.438923835177652,1.6776141164326743,3.313696042469752,3.4087661471373267,3.4009910725781523,0.39152683008868494,2.9431010643281312,3.4045315233244184,3.4123124203935613
digital,6.0,aw-comp,hold_0.3s,Airwindows,minimal compressor,aw_purestsquish,comp,3.442842422047463,4.48,False,3.4874359246363817,3.4594864602276103,3.458567990689613,2.6228369741276008,3.4511996971649377,3.4520041491439124,3.4383767655895325,1.8231942475534582,3.44778075207902,3.4520527333151008,3.4565391033716266,0.4852073258027447,3.1703178432709316,3.451827161081336,3.451792664072031
digital,6.0,aw-comp,hold_3s,Airwindows,minimal compressor,aw_purestsquish,comp,3.4085625226576557,4.48,False,3.4512285484174665,3.4213520934342148,3.4201846303700894,2.6431500323828176,3.416411966833979,3.4166406877617774,3.39881819728204,1.8266349676334752,3.414839762582149,3.4167525775266094,3.423079833126617,0.4692334329867931,3.2042445560590807,3.4167068115345103,3.4163950960055223
opto,10.0,opto-other,hold_0.03s,Brainworx,opto pedal,bx_opto,comp,9.635059199458219,10.15,True,9.96221668749979,10.034575691904301,10.043134532748567,2.040867302399547,7.037154866721964,9.539528673158589,10.068953768194289,1.1367285565526493,5.496381236947006,9.16158984217535,9.800163225498869,0.48287358836974736,3.3473162252786124,8.227281797321687,9.742397261018564
opto,10.0,opto-other,hold_0.3s,Brainworx,opto pedal,bx_opto,comp,10.154585099552342,10.15,True,10.160513574039575,10.16983507352641,10.160878850368238,2.0501594303225628,7.152696685907543,9.741799476066838,10.148442789663095,1.1396975364801256,5.568671860460142,9.353118485583783,10.062522612474194,0.48344102512752446,3.372938403908232,8.380699896380806,9.948257341471432
opto,10.0,opto-other,hold_3s,Brainworx,opto pedal,bx_opto,comp,10.154527922588954,10.15,True,10.155124338839384,10.157709039754023,10.146843858534615,2.0501348085613973,7.15100539260247,9.737918019709136,10.1299739066097,1.1397290629636074,5.5678112753029305,9.34964974484602,10.064792238090376,0.4835909341088284,3.3727365829508007,8.378119568470918,9.94413094976552
opto,15.0,opto-other,hold_0.03s,Brainworx,opto pedal,bx_opto,comp,15.136924497643355,15.29,True,15.322853108305665,15.422176092130634,15.41479165122477,2.1747618793791443,9.107542187917062,14.256550307969631,15.423537223291225,1.1783139217733694,6.63617534298085,13.353980077831983,14.989877378445236,0.4903667748126999,3.7342663234554907,11.304763026935635,14.757605227064936
opto,15.0,opto-other,hold_0.3s,Brainworx,opto pedal,bx_opto,comp,15.286378219712784,15.29,True,15.294020074460963,15.308815189057226,15.281859863922053,2.1753686721333625,9.116094588857235,14.254264654948635,15.242151052893684,1.1785017240912978,6.641304138428378,13.35902260348236,15.047629773252622,0.49043778489426865,3.736033797321848,11.314589055064767,14.748891810421163
opto,15.0,opto-other,hold_3s,Brainworx,opto pedal,bx_opto,comp,15.286279173824806,15.29,True,15.287367530588853,15.293554034078305,15.264484266727136,2.1755202071324162,9.115105735314787,14.24990904673395,15.219302173034313,1.1786128913967064,6.641080313731366,13.355473191073754,15.050421360124451,0.4906302784736176,3.7361800467198476,11.312498722331082,14.744024945563886
opto,3.0,opto-other,hold_0.03s,Brainworx,opto pedal,bx_opto,comp,1.1047813682961698,2.85,True,1.4068744796160755,1.4145634974681913,1.4168323841849673,0.9030007844095105,1.3294705789744121,1.3972945481368015,1.4213168948690291,0.6648540543168243,1.2631886492545048,1.3889787387404486,1.3972230278092916,0.37055060072454005,1.0990913770657043,1.3656637756633763,1.4016654532069006
opto,3.0,opto-other,hold_0.3s,Brainworx,opto pedal,bx_opto,comp,2.706082993378518,2.85,True,2.7185299151025015,2.720247017248707,2.720021042752701,1.3269909572054939,2.464690118679491,2.6908111641350865,2.719984341109023,0.8711256398834705,2.2536453035700488,2.663659308436375,2.7109490579026736,0.42715660803066413,1.7894116262358883,2.5854158466357418,2.704601756420652
opto,3.0,opto-other,hold_3s,Brainworx,opto pedal,bx_opto,comp,2.8531001296955454,2.85,True,2.853195242345264,2.8534579020916424,2.85271303755605,1.3595821259757237,2.5751734754688065,2.8228689173135115,2.851572588357959,0.8852187187195691,2.346150760412972,2.7929810339769485,2.8466802690467317,0.43059678064220974,1.8482236131860008,2.7070827320446442,2.8380633426370885
opto,6.0,opto-other,hold_0.03s,Brainworx,opto pedal,bx_opto,comp,4.742962805132207,5.9,True,5.132138034290078,5.166789506433174,5.174041963565505,1.7229426709030353,4.272119279639858,5.022954094272653,5.191049630778622,1.028530181216788,3.662500410959174,4.924499857560039,5.0739070088629346,0.46203078744366416,2.570751122330061,4.65639672919232,5.074624821583755
opto,6.0,opto-other,hold_0.3s,Brainworx,opto pedal,bx_opto,comp,5.896910186869163,5.9,True,5.900546721555873,5.90530557548718,5.903035901195301,1.8015798361817965,4.78310915057634,5.766768897944812,5.900358535495037,1.0566499227154529,4.039418384626024,5.635708465381321,5.867504261921855,0.46768593790517515,2.7456313865630686,5.272272093389314,5.8330319769772725
opto,6.0,opto-other,hold_3s,Brainworx,opto pedal,bx_opto,comp,5.898617049023336,5.9,True,5.898889708876207,5.899829456085798,5.896443059760533,1.801601753734861,4.782652828558495,5.765797252037952,5.89121352239593,1.0566792718686748,4.039212085691556,5.634929482704996,5.8702169672674325,0.46779172816414916,2.7456088398621117,5.271617349904075,5.832005890652697
digital,10.0,digital,hold_0.03s,Waves,clean digital,c1_comp,comp,9.426309449733989,9.99,True,9.897461450216996,9.990434907024364,10.012090939677638,0.032018176984752955,4.60846362363808,9.064703409357968,10.046107404370115,-0.003500249941794209,2.4881372774116848,8.309583058763717,9.662796147447802,-0.0039026604725691527,0.489008584971387,6.547061318752171,9.48603946138417
digital,10.0,digital,hold_0.3s,Waves,clean digital,c1_comp,comp,10.068350798478951,9.99,True,10.076115614863411,10.0860372108283,10.083172727642127,0.03325987865594726,4.686097351732364,9.242322818122373,10.066510656504096,-0.0027550816395987,2.526093291770895,8.471117484846465,9.923754055030509,-0.003130466941154708,0.4964127548556938,6.667335107452242,9.67107819571934
digital,10.0,digital,hold_3s,Waves,clean digital,c1_comp,comp,10.07045117584908,9.99,True,10.071021243882969,10.072105333963828,10.066658849880477,0.03527895328479502,4.686743317758616,9.239554587639919,10.044188340982288,-0.0007139971891518826,2.527596203756982,8.469122516498265,9.928719095115902,-0.0009626455569886616,0.49837213397103497,6.666805589626037,9.667823161143023
digital,15.0,digital,hold_0.03s,Waves,clean digital,c1_comp,comp,13.949484391927047,15.01,True,14.746601950928628,14.942808977063068,14.993000508276891,0.028333121770714342,5.929655984899206,13.114834293942781,15.07506415916593,0.0002801132487100233,3.083648859096897,11.718958557576192,14.304637848216734,-0.00020437024612718346,0.5816863716082565,8.789043004702371,13.942188550921788
digital,15.0,digital,hold_0.3s,Waves,clean digital,c1_comp,comp,14.91865439484365,15.01,True,14.934766124991889,14.955128625773838,14.954105180404422,0.02871930873956785,5.99685546789231,13.308609027252007,14.932701087532655,0.0002832924127211811,3.113956717002921,11.887496459080394,14.663796135533675,-0.00016656873672360462,0.5868447637129144,8.902807557333123,14.148564382661117
digital,15.0,digital,hold_3s,Waves,clean digital,c1_comp,comp,14.918684154892894,15.01,True,14.919883997075749,14.921729255301917,14.915291949202835,0.028715137865077622,5.9949416248521,13.299470677031943,14.881806165377231,0.0003049377326895808,3.1132922350790153,11.880384007476485,14.669830061504927,6.864433991893293e-06,0.5867686131361829,8.898861531840328,14.138005673186806
digital,3.0,digital,hold_0.03s,Waves,clean digital,c1_comp,comp,2.8203650199788157,2.99,True,2.9620095095269328,2.979669659132769,2.9828870256104896,0.012255170122788428,1.6669831415492293,2.7913915395252626,2.9877857371336436,-0.0007483011363405012,0.9691928346582319,2.6302263581400425,2.911116240148454,-0.000918370115369882,0.20289180876102186,2.2092177223783125,2.8766457883519756
digital,3.0,digital,hold_0.3s,Waves,clean digital,c1_comp,comp,3.0466876719521956,2.99,True,3.0482208401941,3.0502360665891484,3.048572659516486,0.012630961071860014,1.7173056146263193,2.8762347908919583,3.0435391084190897,-0.0008256485728885821,0.9975376043398914,2.7108940889201403,3.0128175293029695,-0.0009866212746203473,0.2086335201723717,2.2770487906277115,2.963303077190453
digital,3.0,digital,hold_3s,Waves,clean digital,c1_comp,comp,3.047423274126025,2.99,True,3.0475425703278614,3.0478709585351655,3.0457147943884824,0.013315304996842414,1.7175710241356281,2.875929037992192,3.039562225569547,-0.00013231077107889178,0.9980365987748208,2.710688416820025,3.0140727501373465,-0.00023892568958494564,0.20929351810664087,2.277072078637735,2.9629390551848136
digital,6.0,digital,hold_0.03s,Waves,clean digital,c1_comp,comp,5.658450932025193,5.98,True,5.931106980319113,5.973794877475081,5.982669035990554,0.022398714817526866,3.089570188822977,5.530842732256701,5.996279557064957,-0.002080829289081265,1.7347874406814974,5.157039560376996,5.814859789572411,-0.0023729330030946016,0.3521117926010753,4.220886785141413,5.732330776762792
digital,6.0,digital,hold_0.3s,Waves,clean digital,c1_comp,comp,6.064834060907597,5.98,True,6.0684590067903486,6.073155525685143,6.0705547606974,0.023273148897946072,3.1607334117021644,5.666489848221824,6.06045199319351,-0.001773734907565938,1.7722803267250455,5.283988211310993,5.990072200978489,-0.002047956075706736,0.3595238214048244,4.322713040520075,5.871799636186635
digital,6.0,digital,hold_3s,Waves,clean digital,c1_comp,comp,6.066170940005932,5.98,True,6.06645335512156,6.067081186769814,6.063291756165453,0.024548163002460655,3.1611664962030623,5.66544368555696,6.05049935535361,-0.00048297610624814524,1.7732099162633794,5.283228101733849,5.992718819581347,-0.0006646074868434937,0.3607562365597978,4.322565042146245,5.870582903855025
opto,10.0,opto-la2a,hold_0.03s,Waves,UREI LA-3A,cla3a,comp,7.866632956409912,10.02,True,8.022613351455906,7.445628632398403,7.510168626684052,0.34334365066215256,3.6301675029255165,7.629507677963723,7.399914526049329,0.26280181697983807,1.9118607765678917,6.9850328251388305,8.37152446269469,0.1255067261944447,0.5692232624256164,5.3730315317496675,7.958765274108757
opto,10.0,opto-la2a,hold_0.3s,Waves,UREI LA-3A,cla3a,comp,9.496436384187344,10.02,True,9.167873818293053,8.663188866436371,8.766209931747415,0.8822272769893686,4.409461353121451,8.6901006729296,8.712520503331334,0.6787914601559848,2.616407233522377,7.978889299360205,9.398342088517367,0.3205441009437635,1.186973319692207,6.238446695811017,9.05678513349961
opto,10.0,opto-la2a,hold_3s,Waves,UREI LA-3A,cla3a,comp,10.078392005784508,10.02,True,9.730168660457363,9.225814240190953,9.32932940591607,1.4070909074847506,5.039192360171597,9.268098305616391,9.276140565875547,1.0783335577353164,3.2509782091598076,8.56917201843687,9.964321896457019,0.5031999443899444,1.7871742660954126,6.85174164104852,9.627270956208491
opto,15.0,opto-la2a,hold_0.03s,Waves,UREI LA-3A,cla3a,comp,12.254524990419036,15.01,True,12.454513974876633,11.900457434794163,11.946365755321537,0.6401883597439735,5.006612838040503,11.326915610071467,11.816608207548512,0.4914787808849539,2.681224125873129,10.143013398935544,12.607178298491576,0.2331872932013006,0.9506636684816065,7.536884703338554,11.994771108502114
opto,15.0,opto-la2a,hold_0.3s,Waves,UREI LA-3A,cla3a,comp,14.674173471423693,15.01,True,14.342297489463057,13.833478854266609,13.908909230536544,1.4212556495221484,6.148250305231777,13.0110279531403,13.810580040652248,1.08783001978696,3.706095212520875,11.682322639482585,14.377595503613392,0.5073458357101828,1.8506180695549403,8.832394877571726,13.770561012766663
opto,15.0,opto-la2a,hold_3s,Waves,UREI LA-3A,cla3a,comp,15.01358020193069,15.01,True,14.653199157040515,14.139540378694395,14.212706634222972,1.606382167291411,6.397691140478464,13.305497566646341,14.109253585452525,1.2272538928528967,3.9419874985102368,11.965517526923005,14.691039323754023,0.5700233927612217,2.0646881332574836,9.096493677343918,14.072521479691037
opto,3.0,opto-la2a,hold_0.03s,Waves,UREI LA-3A,cla3a,comp,1.327465164947629,3.05,True,1.2797422352813754,0.6845147588745846,0.7656242069342589,0.061751768835627274,0.8726865155768273,1.5831075244378958,0.6733701690381828,0.04687725837879242,0.4767200184575522,1.531671305209933,1.8018013839275682,0.02257101065472611,0.12104187654036025,1.2522381222231331,1.5768953943945938
opto,3.0,opto-la2a,hold_0.3s,Waves,UREI LA-3A,cla3a,comp,2.920641509151775,3.05,True,2.580512699513161,2.0788651453233093,2.2015047001628183,0.17353424044442178,1.4918547190182352,2.7651531478665135,2.1798805378808837,0.13338029114302685,0.8463004740545479,2.6133200985986207,2.952394033113844,0.06407453315591383,0.27641709047848195,2.1022555701406276,2.812563512623985
opto,3.0,opto-la2a,hold_3s,Waves,UREI LA-3A,cla3a,comp,3.164906871149668,3.05,True,2.8255368904701754,2.3276697248344114,2.4521628684623984,0.5750129845725951,1.875306558434552,3.031023825241739,2.4340373102735775,0.44536450702084096,1.2800329548220297,2.898542286500046,3.197511516313309,0.21203457431271744,0.7250904036912651,2.4341447294151592,3.0679047791692007
opto,6.0,opto-la2a,hold_0.03s,Waves,UREI LA-3A,cla3a,comp,3.7903715695825397,5.85,True,3.9510539382301175,3.3588796698702303,3.434469751331239,0.16653658861058318,2.0932864540820972,4.032142139916406,3.3349140086102196,0.1269714478499928,1.119715655219128,3.7805979302913926,4.4223674466861524,0.0609157704287675,0.3024926667947483,3.017464722723588,4.134971234518105
opto,6.0,opto-la2a,hold_0.3s,Waves,UREI LA-3A,cla3a,comp,5.564102975477773,5.85,True,5.2250102600146136,4.722068303272746,4.838095708552078,0.42730044332815353,2.742235029547839,5.184508487818761,4.805583206093122,0.3294085900516315,1.5859758011104539,4.8336373739308485,5.550160690426257,0.15719912979385953,0.6153874404993793,3.8558369308370217,5.341860277198226
opto,6.0,opto-la2a,hold_3s,Waves,UREI LA-3A,cla3a,comp,5.974769055731468,5.85,True,5.632746968663881,5.132903385987227,5.25103619015869,1.0464068220264409,3.3733932212247666,5.631159922315323,5.222263831411794,0.8060220448348723,2.27993735506098,5.314238438894204,5.96288918283717,0.3793737957357983,1.3134517894176874,4.4123138435071745,5.769379607134404
vca,10.0,vca-dbx160,hold_0.03s,UAD,dbx 160 VU,dbx160,comp,6.9266619627542285,9.74,True,7.862167828380103,7.718711610815503,7.706151303865073,0.000423566775159194,0.006975680457435726,7.0254670012819025,7.650956613275703,0.0001335252363923109,0.003105194427871813,6.087693369886675,7.802219011002271,-0.00018861015328557051,0.0009914494536767543,3.2309914332056433,7.483665556817045
vca,10.0,vca-dbx160,hold_0.3s,UAD,dbx 160 VU,dbx160,comp,9.740957672829872,9.74,True,9.605767436936839,9.420317835373512,9.416736447435353,0.0006008298431383341,0.24216862725215976,8.792662500368488,9.340436385705873,0.000213562589703363,0.0048351800831401975,7.866954807688705,9.587032960884226,-0.00012331565929292465,0.0014444441373236971,5.0330867421030465,9.242897689794905
vca,10.0,vca-dbx160,hold_3s,UAD,dbx 160 VU,dbx160,comp,9.741801600896117,9.74,True,9.605318345207131,9.418752728058513,9.41490589689817,0.000855304285027135,0.2436995011197341,8.79266568632598,9.337711050128155,0.00036675350780420585,0.005608108777079783,7.867262551750474,9.588203431854627,0.00014425900603531883,0.0018879048914053898,5.034061880150909,9.242724466806504
vca,15.0,vca-dbx160,hold_0.03s,UAD,dbx 160 VU,dbx160,comp,12.228073246621378,15.0,True,13.20535856165342,13.14099330087673,13.15039600150018,0.000568800612630975,3.767885706586826,12.346311870116768,13.144989812473613,0.00021396051676853683,0.0035443558311873957,11.405277925820016,13.056388061677046,-0.00019389243413509005,0.0012419905637327325,8.551412136006103,12.808465501855657
vca,15.0,vca-dbx160,hold_0.3s,UAD,dbx 160 VU,dbx160,comp,15.002761718095124,15.0,True,14.876268116622313,14.701435367416504,14.70056413296088,0.0006315525646868742,5.565164700415432,14.068971340252105,14.631182738252681,0.00021943584784194642,0.004562029769584107,13.150699929730834,14.84694992440677,-0.00017734584124960706,0.0014735609728343327,10.335473079398758,14.515334547707274
vca,15.0,vca-dbx160,hold_3s,UAD,dbx 160 VU,dbx160,comp,15.003614670485218,15.0,True,14.868649495900032,14.684122134741763,14.680371414553372,0.0008012600377494128,5.565258219004702,14.063865159580653,14.604074268058994,0.00033274959805841553,0.005056878576079116,13.146597489398614,14.851529207927225,7.23588595704025e-05,0.0017606747211731527,10.333567348469819,14.509648848310608
vca,3.0,vca-dbx160,hold_0.03s,UAD,dbx 160 VU,dbx160,comp,0.15642468493634248,2.99,True,1.0705844372834696,0.8855258757150839,0.861735185939587,0.00010647858095620688,0.004042904933009496,0.24618529836105513,0.7801802578307031,3.154509031932928e-05,0.001403130415209973,-0.0031527312023385753,1.0585395138923668,-1.8827452266056977e-05,0.00029762263994253385,0.005104213852267593,0.701920314469628
vca,3.0,vca-dbx160,hold_0.3s,UAD,dbx 160 VU,dbx160,comp,2.994479876089902,2.99,True,2.856922621044202,2.668426736456138,2.664381742392997,0.0003936510745244995,0.011686503275306362,2.0395670656102203,2.5863994152929037,0.0001276064757820064,0.004500241667247627,1.1093004173274064,2.8402225106458534,-7.693299828803735e-06,0.0011026523273881816,0.01799091673583842,2.4922516815351172
vca,3.0,vca-dbx160,hold_3s,UAD,dbx 160 VU,dbx160,comp,2.9953494220479073,2.99,True,2.8608419108448966,2.6764189470744686,2.6736906845482733,0.0008650112396277401,0.013547290489400163,2.0426885672198423,2.5984649379801112,0.00039413888660123214,0.005926503364750237,1.1122983637438228,2.8393285181741406,0.00030214648073725175,0.0019247505348610056,0.02017945350861888,2.49544286562277
vca,6.0,vca-dbx160,hold_0.03s,UAD,dbx 160 VU,dbx160,comp,3.172242267683684,6.0,True,4.091467108027512,3.9171166052898805,3.8960135347659226,0.00028458262440307636,0.0059491358656457854,3.263575176012991,3.821097036941402,8.84652594427826e-05,0.0024001395244788934,2.3271451580411515,4.067260265405966,-0.00011346215805835974,0.0006910011563540167,0.008267629664609318,3.720187815928985
vca,6.0,vca-dbx160,hold_0.3s,UAD,dbx 160 VU,dbx160,comp,6.002825846503225,6.0,True,5.864823678616028,5.675909563598237,5.671516116276268,0.0005309264705679606,0.011834071492033416,5.049130311699802,5.5930277334800556,0.00019130641353589523,0.004842958341985983,4.120315539099005,5.849304473373783,-5.731012793994822e-05,0.0013348504024408014,1.2788299838753447,5.500991096422147
vca,6.0,vca-dbx160,hold_3s,UAD,dbx 160 VU,dbx160,comp,6.003672759794505,6.0,True,5.867347704452164,5.680859289035076,5.677287259799159,0.0008859946143226147,0.01326842698116415,5.051249506686988,5.600396084265052,0.0003924099049219115,0.005939961681288408,4.122447207858054,5.849051660431508,0.00022670086568340325,0.0019618384257505117,1.280992685466891,5.503101882400275
fet,10.0,fet-other,hold_0.03s,UAD,Empirical Labs Distressor,distressor,comp,8.187805240135216,10.1,True,8.305423783322299,8.32121535941516,8.244717592233869,0.14617877322856576,3.157433346404685,7.582512870758087,8.238979643799922,0.029330363040639185,1.3668989856154452,6.86362288158641,8.203266814566877,0.00033064938079974127,0.3898419696492248,5.11454408830522,7.968898675044274
fet,10.0,fet-other,hold_0.3s,UAD,Empirical Labs Distressor,distressor,comp,9.25054235376172,10.1,True,9.074294189241902,8.945024047924145,8.887692460791246,0.3061595244646591,4.467562118843438,8.502578088416753,8.811075818426602,0.05706873039602023,2.4261314806681353,7.876505896838713,9.142853833582484,0.00037159047328616523,0.8482801985014727,6.305171349974903,8.832185141901034
fet,10.0,fet-other,hold_3s,UAD,Empirical Labs Distressor,distressor,comp,10.157398891439312,10.1,True,9.975396406670402,9.868958585025007,9.822656421141293,0.4859463577056915,5.809058179740537,9.492670901175494,9.76668572794809,0.08523600327234337,3.7328442572997558,8.943447330443618,10.037186932154809,0.0008956388348027033,1.4230408568216577,7.53181749198045,9.778334757296836
fet,15.0,fet-other,hold_0.03s,UAD,Empirical Labs Distressor,distressor,comp,12.829677305503687,14.92,True,12.813261874591634,12.80073703089635,12.731931371072344,0.20358182797753077,5.03711823880699,11.719889703464464,12.731387384822787,0.039898415003209564,2.164671555160525,10.610618970275578,12.670018579175885,0.00043506877406862543,0.5653965049573211,7.940909563024973,12.316743388779265
fet,15.0,fet-other,hold_0.3s,UAD,Empirical Labs Distressor,distressor,comp,13.930179354924599,14.92,True,13.618777361616752,13.334058195182617,13.30012615017399,0.4288724864650897,6.808035216500195,12.816019371272205,13.163177850492664,0.07636928567224288,3.864552686247481,11.877642476955852,13.81077134793151,0.00035692670383014047,1.2591067462701826,9.522344423028795,13.306440097474194
fet,15.0,fet-other,hold_3s,UAD,Empirical Labs Distressor,distressor,comp,14.979247582300285,14.92,True,14.679538566661646,14.437554968603209,14.426234932751317,0.6807290357936182,8.60457828735669,14.034947768865376,14.329801143055182,0.11253074626874504,5.616881259450965,13.22797706207333,14.85680116157252,0.000957910639008297,2.1454548651205263,11.13962035337693,14.449807613180958
fet,3.0,fet-other,hold_0.03s,UAD,Empirical Labs Distressor,distressor,comp,1.5113670670958816,3.04,True,1.7698217643763199,1.7864187981545738,1.7212167018513282,0.05159504370215817,0.7274823172151645,1.6335616179024486,1.719751046841405,0.01106906836370225,0.375446087257596,1.476256140904142,1.790002000800004,0.00013924715409352473,0.12704913038840626,1.1080088522170515,1.7185127115092547
fet,3.0,fet-other,hold_0.3s,UAD,Empirical Labs Distressor,distressor,comp,2.5493899515127687,3.04,True,2.445567571470436,2.3988869835414395,2.3453771671559203,0.11886465750605613,1.1891591619576243,2.3053533257102305,2.318037362807047,0.024250190864502308,0.7093354837582764,2.1186805588528923,2.525356104993506,0.0001737293413830443,0.2943541222911126,1.670738568562399,2.404161828180051
fet,3.0,fet-other,hold_3s,UAD,Empirical Labs Distressor,distressor,comp,3.0808652811876787,3.04,True,2.949035057556376,2.889945528156799,2.8471235269900816,0.19388220680821178,1.6641700046658414,2.8352856841578475,2.82230813072513,0.0382936651507535,1.092126413704591,2.6506005718813004,3.0452976849215165,0.0005575885987800788,0.4934385582476235,2.188365062670714,2.92814781191022
fet,6.0,fet-other,hold_0.03s,UAD,Empirical Labs Distressor,distressor,comp,4.692051224160705,6.41,True,4.883507478306836,4.8777565233566245,4.8084895020601595,0.09959621341941682,1.7673238741565696,4.467693333834762,4.7974943422691405,0.02063410432194379,0.8299680884835263,4.024661177089274,4.868358729418689,0.0002448198151396852,0.25622364914228735,2.923444517348507,4.702599244578134
fet,6.0,fet-other,hold_0.3s,UAD,Empirical Labs Distressor,distressor,comp,5.737577268457116,6.41,True,5.603873117947671,5.519280494679792,5.466997233131074,0.21044539721731415,2.64052772984998,5.264037027140391,5.418273807310056,0.04100590555619554,1.456518105473191,4.866030177160484,5.679314919952361,0.0002929905770376884,0.5531888836306718,3.852256337644719,5.471456339508333
fet,6.0,fet-other,hold_3s,UAD,Empirical Labs Distressor,distressor,comp,6.465341220698063,6.41,True,6.321117061854867,6.248129626572027,6.204573761104049,0.3359460455858092,3.630675740902066,6.037366439505156,6.168833930600465,0.06215257856295775,2.2494149559100265,5.685488812276869,6.3960663879782,0.0007523737789316698,0.921256423812423,4.769942208132032,6.218778366183853
vari-mu,10.0,varimu-fairchild,hold_0.03s,UAD,Fairchild 660 mono,fairchild660,comp,10.071272392994295,10.11,True,9.049332721165495,8.348722712410826,8.827393899938869,0.0009593181735407796,3.8411138326630994,9.259254265397749,8.873137702415963,3.766356078216404e-05,1.4687472518719868,8.384452010382226,10.218041277604467,3.0038662000464456e-05,0.08325619669876438,6.227224259382031,9.692713095174543
vari-mu,10.0,varimu-fairchild,hold_0.3s,UAD,Fairchild 660 mono,fairchild660,comp,10.108385322021,10.11,True,9.215719891814839,8.67932491083528,9.279739734687654,0.0012097476395940276,3.8528839007778775,9.361618962795433,9.498738314801148,5.939211508732001e-05,1.4725878104671235,8.449093172354694,10.114376404510391,3.2343581503724295e-05,0.08424707189211489,6.258091932732786,9.826873790806577
vari-mu,10.0,varimu-fairchild,hold_3s,UAD,Fairchild 660 mono,fairchild660,comp,10.108099888281703,10.11,True,9.229536946402717,8.708248470741168,9.31621132677046,0.002072019796093727,3.857922637365096,9.372320982422814,9.549357103648324,0.0004443433114573736,1.4758451053779993,8.458609391222398,10.107799217261663,0.00039802854719894754,0.08589772576383581,6.26524222794091,9.838465933515018
vari-mu,15.0,varimu-fairchild,hold_0.03s,UAD,Fairchild 660 mono,fairchild660,comp,14.811874111084943,14.8,True,13.706664338640026,12.97476993136456,13.441783418874556,0.0012960947403115597,5.548425861118936,13.494872835908092,13.474172787032373,2.5552805826833946e-05,2.1167883101030114,12.197942586353722,14.85394263128864,3.699774343246531e-05,0.11965219395012383,9.040591956685983,14.161244375479225
vari-mu,15.0,varimu-fairchild,hold_0.3s,UAD,Fairchild 660 mono,fairchild660,comp,14.805133221737506,14.8,True,13.939827325879198,13.4361556037773,14.085817994607432,0.0015656101100862685,5.557551133807511,13.633098316772104,14.370887184193487,5.318248227936806e-05,2.1193415469698564,12.281560074446938,14.702404842355438,6.207677924940924e-05,0.1205136379960372,9.071713863642955,14.345467105429595
vari-mu,15.0,varimu-fairchild,hold_3s,UAD,Fairchild 660 mono,fairchild660,comp,14.80523769585267,14.8,True,13.958502598614903,13.475005051165281,14.135408275872056,0.0023642517583279954,5.562724977786333,13.646896028552707,14.439956924463736,0.0004588126775235679,2.1224477467950695,12.29332180239824,14.694112684100626,0.0004044432723571134,0.12203982065558705,9.079773157827047,14.360797337247789
vari-mu,3.0,varimu-fairchild,hold_0.03s,UAD,Fairchild 660 mono,fairchild660,comp,2.8837901563209236,3.11,True,2.1303988621628402,1.5819770438234375,2.1400527739306696,0.00035543601002174796,1.19912478313387,2.934028220642329,2.327680989849936,3.894328370357414e-05,0.4596479070826742,2.633394641879624,3.1824669442535853,4.2832302677098255e-05,0.0262439216641166,1.9250111918461439,3.0464849998553802
vari-mu,3.0,varimu-fairchild,hold_0.3s,UAD,Fairchild 660 mono,fairchild660,comp,3.1062308334442026,3.11,True,2.2686125932028816,1.7871359293526758,2.3804560184871306,0.0005696164564117367,1.2358625603823032,3.0362556887188035,2.6255034912517985,8.093901863226449e-05,0.4736412175125633,2.7188170423016675,3.228156342956103,7.941924414467394e-05,0.027620322501652694,1.9863596051589223,3.165071263541698
vari-mu,3.0,varimu-fairchild,hold_3s,UAD,Fairchild 660 mono,fairchild660,comp,3.1069809614598807,3.11,True,2.273809032912906,1.7984769263097018,2.3942299164609206,0.001246055002821933,1.23869563668514,3.04038325641368,2.64420258788639,0.00040789362285664765,0.47573898709780416,2.722755573240704,3.2256574879404756,0.0003789648363135001,0.028798834598598333,1.9897715736010397,3.169368682933783
vari-mu,6.0,varimu-fairchild,hold_0.03s,UAD,Fairchild 660 mono,fairchild660,comp,6.293241853545272,6.39,True,5.384126469246853,4.744084141662949,5.2526486422479906,0.0006557617972688945,2.4594344114921842,5.914493003713384,5.350749977321378,4.5316234494663377e-05,0.9409082013808039,5.353214682259855,6.517198270795012,1.800627116921305e-05,0.053481106246591636,3.9654361197826926,6.17309583187158
vari-mu,6.0,varimu-fairchild,hold_0.3s,UAD,Fairchild 660 mono,fairchild660,comp,6.393044331894422,6.39,True,5.516501365428249,4.994422126079808,5.581899061954214,0.000934813843219473,2.4755507133564674,5.997674138003061,5.797220930705443,5.018423507330283e-05,0.9470540437872916,5.40908248896357,6.467341048486072,4.4139766211870324e-05,0.054598844016544135,4.002895173193938,6.280831162090102
vari-mu,6.0,varimu-fairchild,hold_3s,UAD,Fairchild 660 mono,fairchild660,comp,6.394293010918684,6.39,True,5.52592166603813,5.014412752052923,5.606870377029301,0.0017309250359947015,2.4798064959791795,6.0051516837766545,5.83162675586615,0.0004405772194129298,0.9500216964614943,5.415928915692525,6.462703833178732,0.00040297276062695175,0.056166700571276706,4.008486859722174,6.288788603398825
vari-mu,10.0,varimu-fairchild,hold_0.03s,UAD,Fairchild 670 stereo,fairchild670,comp,10.493743182535969,10.44,True,9.318455472370857,8.548512138934132,8.83852080444749,0.0010663815327758286,3.874856857666032,9.319226600408708,8.70568709516399,8.792675567104169e-05,1.4729838468272844,8.44870303965186,10.59594470342033,0.00012980615171276355,0.083774864296835,6.3330745520612854,9.790643652606697
vari-mu,10.0,varimu-fairchild,hold_0.3s,UAD,Fairchild 670 stereo,fairchild670,comp,10.435593566773663,10.44,True,9.56895577669127,9.071523624496109,9.573663998630039,0.001412128103710053,3.87296786454124,9.489798205047272,9.729811184948215,0.00016925793904842834,1.4722462795053337,8.566812458464419,10.352958650504934,0.0002235302152016061,0.08470138485440337,6.3348626567518105,9.99540128339166
vari-mu,10.0,varimu-fairchild,hold_3s,UAD,Fairchild 670 stereo,fairchild670,comp,10.436981297663595,10.44,True,9.586191050791435,9.107797799210825,9.619035303073998,0.0024123429126987617,3.878939157156699,9.502980712301373,9.792444591188248,0.0006462603739079142,1.476036540725425,8.578411468248271,10.344552175311811,0.0006058982491277121,0.08651416175517124,6.343437101840004,10.009715147532857
vari-mu,15.0,varimu-fairchild,hold_0.03s,UAD,Fairchild 670 stereo,fairchild670,comp,12.09589835773727,12.01,False,10.88934878485233,10.114615552941844,10.399208267497613,0.0011805789460126448,4.418901026085936,10.730467097590083,10.261907286296413,0.00010371442470447079,1.6770426884398764,9.705976027020746,12.143997998058431,0.00010190382385300012,0.09526626119684156,7.23868629492699,11.283541390598485
vari-mu,15.0,varimu-fairchild,hold_0.3s,UAD,Fairchild 670 stereo,fairchild670,comp,12.011153912049483,12.01,False,11.160956891342442,10.682115390879504,11.195998792947716,0.0014542550206160243,4.416264488415432,10.907595948797184,11.371863726002411,0.0001741944152024999,1.6758372718247796,9.821449082243973,11.884904288751386,0.0002311371490328895,0.09611817870039197,7.240690465074744,11.502166414544646
vari-mu,15.0,varimu-fairchild,hold_3s,UAD,Fairchild 670 stereo,fairchild670,comp,12.012842048891125,12.01,False,11.179757689481681,10.721620223409225,11.24568539524158,0.0024300339199854193,4.422124356992283,10.921767332394005,11.440426953964582,0.0005409796226674146,1.6794672132192972,9.833744038630584,11.875850537300686,0.0005807791261522866,0.09792117289238345,7.249471642160449,11.517632258433828
vari-mu,3.0,varimu-fairchild,hold_0.03s,UAD,Fairchild 670 stereo,fairchild670,comp,2.750885537332379,2.9,True,1.839877068146813,1.2041295031428758,1.5699647464899082,0.0003491741011378835,1.1063641677361677,2.4877551707308743,1.5720347290529704,6.060101063098955e-05,0.42459429091784884,2.2797391925274546,3.041385931273644,9.984775203086826e-05,0.024441593017421326,1.7852514310496175,2.6291531377064254
vari-mu,3.0,varimu-fairchild,hold_0.3s,UAD,Fairchild 670 stereo,fairchild670,comp,2.88784576338114,2.9,True,2.005898136292689,1.4923465584183284,1.9830532644718302,0.000753950984548446,1.1281723711236835,2.648579707103578,2.1277113364654574,0.00011787992906775457,0.4331370971889301,2.4487152589580155,2.964549740442325,0.0001645589222309951,0.025933328004094314,1.8218641327814975,2.784021021785682
vari-mu,3.0,varimu-fairchild,hold_3s,UAD,Fairchild 670 stereo,fairchild670,comp,2.8889940432440233,2.9,True,2.0157558528938915,1.5135078880064894,2.009226447841602,0.0018338932168902033,1.133383672729988,2.6566082538678897,2.1637872594373877,0.0005844730076578486,0.43687946006345246,2.4563396232507704,2.959362522691632,0.0006030264096308358,0.027946335005791134,1.8283538796557197,2.7923724316315974
vari-mu,6.0,varimu-fairchild,hold_0.03s,UAD,Fairchild 670 stereo,fairchild670,comp,5.742147095511825,5.79,True,4.715901233529743,4.011411819373594,4.341175735031288,0.0006696018917171642,2.1978482258120353,5.131324855001209,4.274392232942489,5.1767923649137515e-05,0.8400589964227048,4.6792141815359996,5.9696726498755766,0.0001061285061334516,0.048012317053937714,3.567951613961656,5.390636448849729
vari-mu,6.0,varimu-fairchild,hold_0.3s,UAD,Fairchild 670 stereo,fairchild670,comp,5.783045480507773,5.79,True,4.897918993339383,4.379482405581287,4.867501005082979,0.0010349453718498935,2.2026799540245228,5.279396545701047,5.003498426496033,8.990220943072558e-05,0.8420771910480114,4.80944831987972,5.806130243116444,0.00016424618197063978,0.049140056763304685,3.5784429145046026,5.548327484211865
vari-mu,6.0,varimu-fairchild,hold_3s,UAD,Fairchild 670 stereo,fairchild670,comp,5.7848876790344805,5.79,True,4.910504327964752,4.406153575529355,4.90069959129236,0.0020427477958646634,2.208341295018516,5.289479054559605,5.049262410229917,0.0005427971113141083,0.8459448146396307,4.818739742282017,5.799665905717601,0.0005894217161381832,0.05119030563200955,3.585907547654257,5.558979970484245
hybrid,10.0,digital,hold_0.03s,Waves,"hybrid, analogue-modelled",h_comp,comp,9.663216012962888,10.03,True,10.053648430779319,10.147725980171739,10.037149472637543,0.0004849952132275348,0.005181564395598137,2.5194117842472807,9.433691990731141,0.0001962571586409112,0.0025590189113309236,1.042931363580493,6.9537079337616365,-0.00015879348550384975,0.001008865785224522,0.011273140947064775,4.432283746231031
hybrid,10.0,digital,hold_0.3s,Waves,"hybrid, analogue-modelled",h_comp,comp,10.032223669534744,10.03,True,10.03865079314336,10.047760883211813,10.03942996091975,0.0004976655878623504,5.123154558799589,8.6878452231431,9.990903968998847,0.00020136477413057463,1.7968565952855693,7.9984117601867935,9.714773456421675,-0.0001264327824204159,0.0010515762489839986,6.790004379071252,9.256860475162043
hybrid,10.0,digital,hold_3s,Waves,"hybrid, analogue-modelled",h_comp,comp,10.032213287944428,10.03,True,10.032606870926028,10.033421872314728,10.030630338641739,0.0005410256025015769,5.800383406581589,9.500726765971299,10.016264847013051,0.0002427439218317673,2.700237582184136,8.9786424548053,9.942080527683729,2.5519724990985537e-05,0.0011178238863402967,7.619020991616214,9.777810896302867
hybrid,15.0,digital,hold_0.03s,Waves,"hybrid, analogue-modelled",h_comp,comp,14.413165972313179,15.2,True,15.246365234340551,15.448887523945505,15.258973897136187,0.000586558112173563,0.006239369350655721,4.815417262495423,14.23655875679577,0.00023924775946682075,0.0030821756874743755,2.8299705868438227,10.499061796096182,-0.00018777766737976265,0.001216783019332368,0.6504748934149873,7.252919793263874
hybrid,15.0,digital,hold_0.3s,Waves,"hybrid, analogue-modelled",h_comp,comp,15.197664505172783,15.2,True,15.211103802184834,15.233631789516235,15.183388734860149,0.0005994989117326099,6.81657503032765,11.495263097051286,14.927820455315494,0.00024282147949250543,3.645039710309754,10.656297673327163,13.822088276923171,-0.00015141237877003277,0.0012667016169469747,8.949725451380374,12.53643155093258
hybrid,15.0,digital,hold_3s,Waves,"hybrid, analogue-modelled",h_comp,comp,15.19765514007562,15.2,True,15.198537171148061,15.200262426420046,15.194587080870763,0.0006524243551613296,8.108669216071869,14.11591071593411,15.164561690584135,0.00029282254200069247,4.605104760987068,13.120902401480242,15.009430642924446,3.157173303591776e-05,0.0013480382526420698,10.784503156391692,14.670946095841998
hybrid,3.0,digital,hold_0.03s,Waves,"hybrid, analogue-modelled",h_comp,comp,2.8928139317548824,2.96,True,2.9616580942722806,3.0037891857291825,2.7241828844570097,0.00020279064362638266,0.002193736587266404,0.023572037669577828,1.7584188878792162,8.0218670237997e-05,0.0010825425655047738,0.011506771588713605,0.03595581446049456,-7.054318577548457e-05,0.00042511143493495496,0.00446792845477928,0.04885072226064224
hybrid,3.0,digital,hold_0.3s,Waves,"hybrid, analogue-modelled",h_comp,comp,2.964104870123718,2.96,True,2.9653001373250563,2.967065631782646,2.9649754899913954,0.00021028792888166947,0.00234602843860765,2.5483513001742177,2.953487100108505,8.461996678787997e-05,0.0011517115508037357,2.1419213808817856,2.8882841324005857,-5.47033542206421e-05,0.00044486473618121636,0.5588073703493457,2.757473652775339
hybrid,3.0,digital,hold_3s,Waves,"hybrid, analogue-modelled",h_comp,comp,2.9641001648300604,2.96,True,2.964145670073102,2.964407697164746,2.9626607972664014,0.000228212994130228,0.002404386473006337,2.6380541603806433,2.954215249537999,0.00010215204976971037,0.0011968324149491671,2.249933762073856,2.9121829824604175,9.825041765942899e-06,0.0004717853147102602,0.6834054196907795,2.8143696065421806
hybrid,6.0,digital,hold_0.03s,Waves,"hybrid, analogue-modelled",h_comp,comp,6.042709059998291,6.22,True,6.231843434030951,6.284195872199149,6.149849098477874,0.00036130962181157855,0.0038768542482294777,0.3233413173026207,5.516073057585435,0.00014503587111214244,0.001914241732991151,0.022898543995995446,3.254128949269634,-0.00012094103914694898,0.0007536489671160496,0.00789569797175993,1.3432454451896998
hybrid,6.0,digital,hold_0.3s,Waves,"hybrid, analogue-modelled",h_comp,comp,6.222596768332474,6.22,True,6.2257433202216435,6.229976872311049,6.227927225423577,0.00037228311454828855,2.8232929987823496,5.692758017687789,6.213983197184129,0.00015053299996470315,0.002035879272998642,5.286972212026509,6.120749036914764,-9.502914497527826e-05,0.000786544983214732,4.368472843136513,5.9506893677719805
hybrid,6.0,digital,hold_3s,Waves,"hybrid, analogue-modelled",h_comp,comp,6.222588425202102,6.22,True,6.222785920063093,6.223181679531418,6.2216708673179975,0.0004042936096029237,3.1461083088590467,5.907142286881489,6.213442134795412,0.00018142262879372595,0.0021176455986200438,5.582390194647429,6.170539956853265,1.8693944641157145e-05,0.0008351086054698698,4.657746420600639,6.073611844840126
digital,10.0,digital,hold_0.03s,Kilohearts,clean digital,kh_comp,comp,2.48552740235617,9.08,True,3.8920035847007552,3.911174105699555,3.9494437009178265,0.0006991821920081032,4.843425565795133,4.898786614229223,4.011546185119047,0.0005270653399217502,0.6333560259436889,5.627565434704785,4.100967049587217,0.00031433348511323325,0.0010096067510260208,6.3398746851607966,4.426580330859846
digital,10.0,digital,hold_0.3s,Kilohearts,clean digital,kh_comp,comp,9.07516934491795,9.08,True,9.082411721610871,9.090356271147682,9.092608250050578,0.0009358902468661662,5.147980647273912,9.0018595874089,9.097539484143981,0.0006290922553622783,0.6753611351979906,8.788114232334431,9.069813202264857,0.0002763359567779692,0.0014935581868608598,7.650832472967241,9.06068363568717
digital,10.0,digital,hold_3s,Kilohearts,clean digital,kh_comp,comp,9.078097288876881,9.08,True,9.078538045064906,9.079092090664345,9.079151246647838,0.0009373222384838491,5.146513628748094,8.998813421298435,9.079082208327161,0.0006483254846357622,0.6752333535694793,8.78497609927446,9.074306727626725,0.00041453118353698454,0.0014870854611856953,7.64812307479342,9.057742509718764
digital,15.0,digital,hold_0.03s,Kilohearts,clean digital,kh_comp,comp,2.48552740235617,9.08,False,3.8920035847007552,3.911174105699555,3.9494437009178265,0.0006991821920081032,4.843425565795133,4.898786614229223,4.011546185119047,0.0005270653399217502,0.6333560259436889,5.627565434704785,4.100967049587217,0.00031433348511323325,0.0010096067510260208,6.3398746851607966,4.426580330859846
digital,15.0,digital,hold_0.3s,Kilohearts,clean digital,kh_comp,comp,9.07516934491795,9.08,False,9.082411721610871,9.090356271147682,9.092608250050578,0.0009358902468661662,5.147980647273912,9.0018595874089,9.097539484143981,0.0006290922553622783,0.6753611351979906,8.788114232334431,9.069813202264857,0.0002763359567779692,0.0014935581868608598,7.650832472967241,9.06068363568717
digital,15.0,digital,hold_3s,Kilohearts,clean digital,kh_comp,comp,9.078097288876881,9.08,False,9.078538045064906,9.079092090664345,9.079151246647838,0.0009373222384838491,5.146513628748094,8.998813421298435,9.079082208327161,0.0006483254846357622,0.6752333535694793,8.78497609927446,9.074306727626725,0.00041453118353698454,0.0014870854611856953,7.64812307479342,9.057742509718764
digital,3.0,digital,hold_0.03s,Kilohearts,clean digital,kh_comp,comp,0.46315277059105153,2.18,True,0.8763456345579858,0.8793988540183256,0.8897480444870467,0.0004874920271635804,0.12063155916109937,1.1005439551761016,0.9058264578905804,0.0004417237550803233,0.006255166882672917,1.1283306331306144,0.9370792372026657,0.00038515456158963967,0.0005700378882521109,0.5556853671699357,1.0145572131156342
digital,3.0,digital,hold_0.3s,Kilohearts,clean digital,kh_comp,comp,2.1775133548851087,2.18,True,2.178674516659008,2.179907200037589,2.1801716270871196,0.0005903907748909213,0.18532548923704406,2.098905304725331,2.18056330014649,0.0004854392888638392,0.00985584620095495,1.8850595352056305,2.173694036152764,0.00036476077178255003,0.0007811587087864485,0.8635206100839902,2.157819069194382
digital,3.0,digital,hold_3s,Kilohearts,clean digital,kh_comp,comp,2.178040968843665,2.18,True,2.1781097790871486,2.17820149542448,2.1781264292899682,0.0005916523007259168,0.18529726702095412,2.0984709485776945,2.1777452823720282,0.0004928004755867253,0.009852557414302432,1.8846541673184871,2.1744215393214334,0.00041281710148615146,0.0007797004109181487,0.8633508833301098,2.157396176265121
digital,6.0,digital,hold_0.03s,Kilohearts,clean digital,kh_comp,comp,1.8871877510937962,6.78,True,2.996226369245236,3.0099237575512547,3.039353617321902,0.0006433232480352636,2.613870509474212,3.7519178609575246,3.086769799544763,0.0005042756666845419,0.13937788306150817,4.242470949128315,3.159292734968738,0.00033241708252084,0.0008941064074977595,4.429166938541944,3.4055833029921376
digital,6.0,digital,hold_0.3s,Kilohearts,clean digital,kh_comp,comp,6.776139329494501,6.78,True,6.78079437767806,6.785888682162521,6.7872970778768495,0.0008492498941448613,2.847128331121093,6.700579274241703,6.790300533927855,0.0005928987887770716,0.15324875900966595,6.486789903066636,6.771424959472577,0.0002981477025852309,0.0013152239271669048,5.349621412331534,6.759437439097827
digital,6.0,digital,hold_3s,Kilohearts,clean digital,kh_comp,comp,6.777988185885773,6.78,True,6.778271531407651,6.77862873946927,6.778633166373873,0.0008509279891029817,2.846432176497069,6.698609023032731,6.778432930072507,0.0006094524219831237,0.15321554434609988,6.484791337947728,6.774280365930604,0.00041410217197776147,0.0013102945225328465,5.348001725637358,6.757527343630773
digital,10.0,digital,hold_0.03s,Tokyo Dawn,"clean digital, states its times",kotelnikov,comp,8.701701162970316,10.11,True,9.58940071105191,9.665254140485763,9.684673443684806,0.0005373831461586645,2.969336392332931,8.501055446341281,9.680998848221959,0.00021910747650767003,0.9282333883470124,7.547854773149297,9.274028395405896,-0.00017427446529696936,0.02206951807451879,5.315846464196099,9.03869055310983
digital,10.0,digital,hold_0.3s,Tokyo Dawn,"clean digital, states its times",kotelnikov,comp,10.106391579298247,10.11,True,10.117850626997276,10.114834672364717,10.112178854058653,0.0005555279970093032,3.1477579649734997,8.990897623740729,10.059599070668073,0.00023008907818333898,0.9843015979175944,7.98727399369248,9.871676757749107,-0.00014408237892879174,0.02417528952234591,5.631724255709463,9.556846224437374
digital,10.0,digital,hold_3s,Tokyo Dawn,"clean digital, states its times",kotelnikov,comp,10.106475695769529,10.11,True,10.110730030436764,10.098935225494392,10.093687207090227,0.0005569256128576511,3.146501977969805,8.985942210158086,10.035458937722547,0.00025039048903208026,0.9839761421610632,7.982899753462071,9.874603453180296,2.4450146966963198e-06,0.024162630469832594,5.629039575223629,9.551706878569247
digital,15.0,digital,hold_0.03s,Tokyo Dawn,"clean digital, states its times",kotelnikov,comp,13.26184453383435,15.03,True,14.481922787635321,14.64045674965057,14.69887379063778,0.0006555504407337244,4.469728997879007,12.8155871494284,14.715015667872255,0.00026955065667949487,1.3967600772365838,11.372672380480338,13.951403184255781,-0.00020752915463063037,0.038953126611198347,8.004494040851473,13.631842529377767
digital,15.0,digital,hold_0.3s,Tokyo Dawn,"clean digital, states its times",kotelnikov,comp,15.035241126520638,15.03,True,15.059035380145138,15.048998122869113,15.061542348782128,0.0006654332317655995,4.681983329915863,13.377789963390763,14.979189961068709,0.0002761600732056247,1.4636029818774545,11.883600313373039,14.68706762903699,-0.00017132390165830165,0.04223493382947581,8.377814633339552,14.220539184949432
digital,15.0,digital,hold_3s,Tokyo Dawn,"clean digital, states its times",kotelnikov,comp,15.035230393979708,15.03,True,15.044010731954298,15.015527067337086,15.02250269804,0.0006664114220036911,4.679998371454571,13.36802738131276,14.92839027034376,0.00029961901889352427,1.4631147399902615,11.875464355080368,14.69322647526887,3.083470843666263e-06,0.042218102426123325,8.373249651611037,14.209956122791205
digital,3.0,digital,hold_0.03s,Tokyo Dawn,"clean digital, states its times",kotelnikov,comp,2.324725777512195,3.02,True,2.689647266306171,2.70382142514668,2.7048049769347897,0.00021114420625499233,0.8354135124735124,2.38801532687289,2.7001193145953764,8.392202730289046e-05,0.2613442574787601,2.1212481905658014,2.6102776192974275,-7.333759154199584e-05,0.00044861351886475926,1.494936803025982,2.5381293745406834
digital,3.0,digital,hold_0.3s,Tokyo Dawn,"clean digital, states its times",kotelnikov,comp,3.0157841800731693,3.02,True,3.0179385094448588,3.0179627266947766,3.0142562420949734,0.0002364426956029818,0.9396299639913613,2.682448858270237,2.999344214406655,9.73039607779453e-05,0.29401804573038537,2.3832119575874824,2.945401410935655,-6.280781885713978e-05,0.000511779959514399,1.6806868495019707,2.8511640766739457
digital,3.0,digital,hold_3s,Tokyo Dawn,"clean digital, states its times",kotelnikov,comp,3.0157561836951303,3.02,True,3.0165898062775853,3.014948831887976,3.010756505044611,0.00023757661263402327,0.93928254637131,2.6814141586046607,2.994759252317765,0.00010673545888590268,0.2939208892802528,2.382224479758175,2.9459578656449885,6.417736999157876e-07,0.0005089448446255985,1.6800097762344142,2.8501607486213367
digital,6.0,digital,hold_0.03s,Tokyo Dawn,"clean digital, states its times",kotelnikov,comp,4.958708090416817,6.0,True,5.567503492365298,5.6019814911762404,5.6071487776959525,0.00037783794212882304,1.7273145998152688,4.940446195302285,5.600106012884895,0.00015222650757914784,0.540175990272309,4.387813828693749,5.3964845595932545,-0.00012663463583618685,0.004398977950681217,3.0915308926583913,5.251664551482288
digital,6.0,digital,hold_0.3s,Tokyo Dawn,"clean digital, states its times",kotelnikov,comp,6.001682920263875,6.0,True,6.006873703269405,6.006283816815712,6.0009595341826705,0.00040260635696918085,1.8696410530721557,5.338658845704979,5.9707235464603,0.0001662709862887324,0.5848372820731916,4.742957719633253,5.861892765777919,-0.00010554826480429209,0.0066342727111521884,3.3445597916909193,5.6745433838183414
digital,6.0,digital,hold_3s,Tokyo Dawn,"clean digital, states its times",kotelnikov,comp,6.001666538712608,6.0,True,6.003647482569669,5.999074815943714,5.992584653172441,0.0004041342608438558,1.8689286828421754,5.336282710782476,5.959766176277718,0.000181668230841736,0.5846445707971374,4.740761704865539,5.863222393987601,1.5370056338471884e-06,0.006624628928561643,3.343118962484371,5.672172033928552
opto,10.0,opto-la2a,hold_0.03s,UAD,Teletronix LA-2A,la2a,comp,9.792524901501688,10.97,True,9.381014281317423,9.266108972702352,9.305321107407476,0.30602584109752407,2.329629923661912,6.814002730924553,9.1603941178044,0.14427263713417204,1.2683185920163123,5.14880485967526,9.190651381017725,0.01645776439252522,0.4963957852491472,3.3878425522637823,8.124880139009184
opto,10.0,opto-la2a,hold_0.3s,UAD,Teletronix LA-2A,la2a,comp,10.770390352456474,10.97,True,10.106974358783877,9.801807410487458,9.930772200905045,0.9589610311064156,4.817057397520357,9.035185145525805,9.766537107107952,0.41882940936458546,3.1669940518573867,8.000556275943769,10.469122310117834,0.044806052384389616,1.6110827209265501,6.321733439055943,9.73428460757074
opto,10.0,opto-la2a,hold_3s,UAD,Teletronix LA-2A,la2a,comp,10.96822020863449,10.97,True,10.34932016598692,10.11337437564728,10.252226802342216,1.1568195427654775,5.464321734897371,9.473567382962928,10.139474425067814,0.49331015135476086,3.7519959115182253,8.550030023643007,10.691794577573113,0.0522906255075295,1.9826186974323807,6.963809301827741,10.082137114212847
opto,15.0,opto-la2a,hold_0.03s,UAD,Teletronix LA-2A,la2a,comp,14.835549154816777,16.2,True,14.536428166200784,14.450790874728465,14.476226388124354,0.5795136771095919,4.2670177995341,11.493347298048107,14.345283615940506,0.2646340216653176,2.3840311447746405,9.227164728304714,14.23292289141492,0.02944201631754062,0.9658472908532829,6.214623839966275,13.07360661762316
opto,15.0,opto-la2a,hold_0.3s,UAD,Teletronix LA-2A,la2a,comp,16.118433392910653,16.2,True,15.394656799533859,15.024545450088628,15.140107706325963,1.268874381789983,7.400531861769446,14.110939759283621,14.94041867269553,0.5336435129097605,4.750957364124436,12.70569303568979,15.79026089053859,0.05591706324232959,2.2607078316491,9.95265146908671,14.950136050436113
opto,15.0,opto-la2a,hold_3s,UAD,Teletronix LA-2A,la2a,comp,16.19292878904941,16.2,True,15.526232337530423,15.238407179881985,15.365422799536304,1.3173313608408694,7.639392047164787,14.296488973472092,15.221808318768641,0.5508098576790648,4.939873736869467,12.932997457285873,15.847188337273916,0.057762707063350405,2.3607759576750222,10.212885611588641,15.105228956926052
opto,3.0,opto-la2a,hold_0.03s,UAD,Teletronix LA-2A,la2a,comp,3.621721622712454,4.58,False,2.971265015993694,2.6757181559324223,2.754061244137988,0.08028663328296481,0.640692058071247,2.0676665047934506,2.600199121893027,0.03904305733765234,0.3463636263722165,1.4435796152312026,3.3610318876358747,0.004592441907512068,0.13051890497849605,0.9269931617024767,2.6389963332621154
opto,3.0,opto-la2a,hold_0.3s,UAD,Teletronix LA-2A,la2a,comp,4.309761864038167,4.58,False,3.4929756354242,3.062371664211881,3.2364354366558734,0.36926091362968627,1.7159354585706446,3.2201893969551127,3.0608817431326365,0.17342110763836693,1.1318987072162923,2.788964975819331,4.145373143139433,0.019261118810449673,0.5755929727382583,2.224814712384358,3.559699099825991
opto,3.0,opto-la2a,hold_3s,UAD,Teletronix LA-2A,la2a,comp,4.610200482884259,4.58,False,3.862660145059107,3.517731470143449,3.6984326625227704,0.7134928500075226,2.45388041831481,3.775609540479402,3.583540481538254,0.32124770839465455,1.8468880588789567,3.4313363841470688,4.487867071486772,0.03508992999129745,1.1216153869613699,2.93754548215359,4.033499397254704
opto,6.0,opto-la2a,hold_0.03s,UAD,Teletronix LA-2A,la2a,comp,3.621721622712454,4.58,True,2.971265015993694,2.6757181559324223,2.754061244137988,0.08028663328296481,0.640692058071247,2.0676665047934506,2.600199121893027,0.03904305733765234,0.3463636263722165,1.4435796152312026,3.3610318876358747,0.004592441907512068,0.13051890497849605,0.9269931617024767,2.6389963332621154
opto,6.0,opto-la2a,hold_0.3s,UAD,Teletronix LA-2A,la2a,comp,4.309761864038167,4.58,True,3.4929756354242,3.062371664211881,3.2364354366558734,0.36926091362968627,1.7159354585706446,3.2201893969551127,3.0608817431326365,0.17342110763836693,1.1318987072162923,2.788964975819331,4.145373143139433,0.019261118810449673,0.5755929727382583,2.224814712384358,3.559699099825991
opto,6.0,opto-la2a,hold_3s,UAD,Teletronix LA-2A,la2a,comp,4.610200482884259,4.58,True,3.862660145059107,3.517731470143449,3.6984326625227704,0.7134928500075226,2.45388041831481,3.775609540479402,3.583540481538254,0.32124770839465455,1.8468880588789567,3.4313363841470688,4.487867071486772,0.03508992999129745,1.1216153869613699,2.93754548215359,4.033499397254704
digital,10.0,digital,hold_0.03s,Tokyo Dawn,digital with a modelled character,molotok,comp,9.878215251051106,9.91,True,9.883694779925257,9.895575122821759,9.831255297867767,-2.1668263765348833e-05,0.009891045633562943,4.023450567996686,9.507211717191007,-9.925427555138033e-06,-0.00034093551987340875,1.9111120144500828,8.068489298238623,1.4726458359232142e-05,-5.278225321825314e-05,0.2624157392827235,6.157759865326629
digital,10.0,digital,hold_0.3s,Tokyo Dawn,digital with a modelled character,molotok,comp,9.89250650795541,9.91,True,9.830271752402837,9.753370495593183,9.727334907606206,-0.00020045535152251118,0.014308843541649269,4.028035299769988,9.385777549497865,-0.00027086275756420253,0.0011010425487669832,1.92029991510412,8.085616396147604,-0.0002478523730317407,3.948723396497711e-05,0.27061858218861357,6.153427360478201
digital,10.0,digital,hold_3s,Tokyo Dawn,digital with a modelled character,molotok,comp,9.892436081368466,9.91,True,9.830976542342505,9.754970912043248,9.729368671580849,2.613208445973597e-05,0.015553079022324723,4.029437112161464,9.388850398213036,-0.00019767320128325633,0.00202627168387692,1.9218337032773705,8.084932470979362,-0.0001804478379933104,0.0005225528682794509,0.27208861933200945,6.154595321378408
digital,15.0,digital,hold_0.03s,Tokyo Dawn,digital with a modelled character,molotok,comp,14.894610770407795,14.98,True,14.91049540608654,14.915059023727533,14.749533710300824,-1.1975060346239297e-05,0.012633618988237616,5.181814455082074,14.015225215323138,-2.5465920717865353e-06,-0.00023823524487483205,2.378490194567735,11.543020522473942,2.2100567857882836e-05,-3.3300255960960756e-05,0.3204094083297628,8.2977513242768
digital,15.0,digital,hold_0.3s,Tokyo Dawn,digital with a modelled character,molotok,comp,14.91583059647264,14.98,True,14.810292098592546,14.63799058998506,14.577542146176793,-0.0002468091459330024,0.018744938595695038,5.192322327313424,13.823864854179188,-0.0003518884311941861,0.001773413646208491,2.3929337052688453,11.580588598589877,-0.00032944147462511675,0.00010941261484047338,0.33189782149529223,8.29748987157107
digital,15.0,digital,hold_3s,Tokyo Dawn,digital with a modelled character,molotok,comp,14.916374209755562,14.98,True,14.814521845914673,14.646942198439856,14.58835071853379,0.00022465541584354431,0.020635481902259986,5.19502452312899,13.837585687774324,-9.404318837688552e-05,0.003218811723564391,2.395461870941125,11.579037023622766,-7.885369605041548e-05,0.0009384973882448355,0.3341282454979966,8.300363952709409
digital,3.0,digital,hold_0.03s,Tokyo Dawn,digital with a modelled character,molotok,comp,2.5498275227228397,2.57,True,2.6742772291800545,2.821029942785975,2.9601080697630593,-3.66273182584897e-05,-0.00080534505851533,1.3604510067550968,3.0820394907270523,-2.4724300912355576e-06,-0.001337825738457071,0.6858160591367968,2.170218142989543,2.2560856098557768e-05,-0.00016374020736260192,0.09222461589009498,1.9383855040152684
digital,3.0,digital,hold_0.3s,Tokyo Dawn,digital with a modelled character,molotok,comp,2.568558887196286,2.57,True,2.650794577896305,2.7830689266333164,2.8745070754915445,0.00012905457509105304,-0.007664817121115128,1.3396719222855797,2.974579138141509,0.00029031219358719796,-0.0036700825636224615,0.6674799410974556,2.174723395131889,0.000318093419295485,-0.0004193624747528266,0.07931985298721626,1.9157165060077108
digital,3.0,digital,hold_3s,Tokyo Dawn,digital with a modelled character,molotok,comp,2.5679990877642593,2.57,True,2.6445234657644385,2.7689079578985094,2.8576021747122136,-0.00039432247453414875,-0.009779145056930824,1.3359245302406182,2.952920999999137,2.012057162517362e-06,-0.005280270535334883,0.6642847197922072,2.176595850402903,3.535627097087481e-05,-0.001340114690694079,0.07677328590255225,1.9114703663284514
digital,6.0,digital,hold_0.03s,Tokyo Dawn,digital with a modelled character,molotok,comp,6.218539694547652,6.24,True,6.261159532384217,6.319178271167088,6.347007167382444,-6.101706589512271e-08,0.006130038850398678,2.8534472942309783,6.256367001046657,1.785385754458262e-05,-0.0005848619067615976,1.3991501809975988,5.232017343115194,4.259595497878256e-05,-5.7392879201627594e-05,0.19467782695243452,4.207497156529179
digital,6.0,digital,hold_0.3s,Tokyo Dawn,digital with a modelled character,molotok,comp,6.231435887562117,6.24,True,6.226626956123109,6.237020777618456,6.262670809557953,-9.868222523396527e-06,0.00727063598351473,2.849011354047055,6.154135969480732,-1.1386052414628575e-05,-0.00019984331778748893,1.399372226183195,5.240859725523144,1.295927672607727e-05,-3.25931537351401e-06,0.19659767165479772,4.196547014055888
digital,6.0,digital,hold_3s,Tokyo Dawn,digital with a modelled character,molotok,comp,6.231385115203176,6.24,True,6.224417936927174,6.232117655594369,6.256907904075317,3.8811948690056775e-05,0.007557364673231168,2.8486506018750872,6.1471012211327825,3.912756844364103e-07,1.336324050427596e-05,1.3994264955237548,5.241307884248592,2.2153050670210665e-05,0.00010600332310292237,0.1969023570780198,4.195701006609186
digital,10.0,digital,hold_0.03s,Waves,"Renaissance, opto and electro modes",rcomp,comp,9.667962546327585,10.03,True,10.057673886610857,10.148434438848444,10.038760504310677,0.0004847941483680463,0.0053110959371399,1.4431369712420918,9.274458187564468,0.00019626587558340005,0.002557559996186696,0.31672213157287954,6.173123893371332,-0.00015851279883764165,0.0010083080539365643,0.010682530156668627,3.301635134087995
digital,10.0,digital,hold_0.3s,Waves,"Renaissance, opto and electro modes",rcomp,comp,10.033306561709542,10.03,True,10.039867288227379,10.048607582963047,10.041880666417653,0.0004973923768796044,3.9741324018446256,8.406003217267633,9.987154159413011,0.00020126466208429997,1.2576343440615514,7.610662761008886,9.65473663322871,-0.00012624438709959128,0.001051095140398683,5.927198817796023,9.08622768708962
digital,10.0,digital,hold_3s,Waves,"Renaissance, opto and electro modes",rcomp,comp,10.033296213419556,10.03,True,10.033733281873289,10.034468999254626,10.031528429113859,0.0005410676080339919,4.460647267037872,9.191570982628052,10.01097033622198,0.00024281650745516185,1.6583731915617015,8.406882950512607,9.894641100551777,2.5784091474877236e-05,0.0011178731030742556,6.562138065090736,9.627988056729556
digital,15.0,digital,hold_0.03s,Waves,"Renaissance, opto and electro modes",rcomp,comp,14.253386392188467,15.01,True,15.065202061422381,15.254361042127924,15.096779179331387,0.0005838956563362865,0.006343734386564148,3.4185270836655817,13.916668629943803,0.0002381267013174422,0.003068433270678147,1.5335090474060429,9.560425505553093,-0.00018700379080704028,0.001211323151401099,0.08620205158061625,5.9223507869144445
digital,15.0,digital,hold_0.3s,Waves,"Renaissance, opto and electro modes",rcomp,comp,15.012781567763735,15.01,True,15.026615584135886,15.046526644730516,15.007297280636884,0.0005968082097448781,5.155749226589718,10.99044971245885,14.734935470306171,0.00024174227252697197,2.1382600004203898,9.942202384312019,13.478344570167192,-0.00015071068172248475,0.0012609962919201462,7.625079424176825,12.062585855093719
digital,15.0,digital,hold_3s,Waves,"Renaissance, opto and electro modes",rcomp,comp,15.012772065348496,15.01,True,15.013710712095689,15.015228887514182,15.009445200445859,0.0006494854420897759,5.969108256063527,13.351034626387442,14.96750599024251,0.0002915108008223376,2.6696897279258427,11.925394464857668,14.729268070047533,3.1441832585966194e-05,0.0013419516677782213,8.926857585124724,14.194018199966619
digital,3.0,digital,hold_0.03s,Waves,"Renaissance, opto and electro modes",rcomp,comp,3.0628175816613052,3.14,True,3.139393063771029,3.176844872922075,2.9041093377946874,0.00021245599905165367,0.002296298393715294,0.02484556211860363,1.8217557557393502,8.426922403245675e-05,0.0011329200262903659,0.012190584364453567,-0.009230546724184736,-7.337554012404253e-05,0.0004450005845415378,0.004678867679420353,0.05104731536081715
digital,3.0,digital,hold_0.3s,Waves,"Renaissance, opto and electro modes",rcomp,comp,3.1373620990597977,3.14,True,3.1386693790961133,3.14048405176553,3.138337091606716,0.00022027867654464032,0.01695999559619094,2.5485859308772354,3.123029166510003,8.883530769353765e-05,0.0012063788735305423,2.0603260292704513,3.03170100025424,-5.672630093228899e-05,0.00046583181859604706,0.9677048340613025,2.841895231769258
digital,3.0,digital,hold_3s,Waves,"Renaissance, opto and electro modes",rcomp,comp,3.137357108304365,3.14,True,3.1374330962923835,3.1376587058148306,3.135879516988785,0.0002394795064038717,0.12617281941882583,2.7034107245871564,3.124642158837795,0.00010737941292600432,0.0013870952700099468,2.2994432023014952,3.0642017550089276,1.0918494443425427e-05,0.0004948328441254472,1.3023719392489637,2.9266168186076547
digital,6.0,digital,hold_0.03s,Waves,"Renaissance, opto and electro modes",rcomp,comp,5.855020944136166,6.03,True,6.036007521044878,6.083084464480551,5.948134908700658,0.0003524749408313783,0.00378632995870208,0.07085132398179113,5.138138473014955,0.00014132701745299544,0.0018689971965146007,0.020013043286726272,2.332012004062108,-0.00011832384898539265,0.0007355536065007145,0.007846087574111232,0.5445746985775084
digital,6.0,digital,hold_0.3s,Waves,"Renaissance, opto and electro modes",rcomp,comp,6.0256436087600616,6.03,True,6.028672103362521,6.0326518183033935,6.030655112671453,0.0003634128619498776,2.079785247855813,5.33332017840907,6.013331674887763,0.00014681633649037926,0.012422896416241462,4.812231469176421,5.89677897864278,-9.288866816684405e-05,0.0007682255566019231,3.6031160293570403,5.671376167926798
digital,6.0,digital,hold_3s,Waves,"Renaissance, opto and electro modes",rcomp,comp,6.025635499031108,6.03,True,6.025830256582134,6.026203062425163,6.0244106583732355,0.00039524148498050097,2.4220892394059863,5.548399926819189,6.012630303910195,0.0001773265865372002,0.10601823062722764,5.0876122517010085,5.947417042790209,1.8479219557114182e-05,0.0008165789522411827,3.9286996188131558,5.797469062895025
vca,10.0,vca-sslbus,hold_0.03s,Softube,SSL G series bus compressor,solid_bus_comp,comp,11.27208608754635,11.31,True,11.402719885321826,11.526644731644778,11.527006488578712,0.0006686824764123855,3.4485381828458848,10.098223826918595,11.542804857310527,0.00024256132307476364,1.0499224498853477,8.954528047340272,11.0040933683994,-0.00018951247720799813,0.03068343060474321,6.256282440533386,10.72719348519697
vca,10.0,vca-sslbus,hold_0.3s,Softube,SSL G series bus compressor,solid_bus_comp,comp,11.30893099950091,11.31,True,11.320104934590002,11.336834399812368,11.30857880955153,0.0006672515160754955,3.447090149607283,10.060334147447588,11.263765110072416,0.00024501548013322605,1.0498683176293289,8.9309567960061,11.035566220163021,-0.00015289680125185612,0.030683418372234872,6.249016091378962,10.67764807135206
vca,10.0,vca-sslbus,hold_3s,Softube,SSL G series bus compressor,solid_bus_comp,comp,11.309152640097627,11.31,True,11.31141681622953,11.317341042880779,11.286021530637337,0.0006667370470263556,3.4461498503303414,10.054842232796297,11.234337614663236,0.00026535134840832697,1.049660988745627,8.926604787314762,11.03904881847449,1.6654217316336428e-06,0.030669758964255944,6.24669397027209,10.6714283726544
vca,15.0,vca-sslbus,hold_0.03s,Softube,SSL G series bus compressor,solid_bus_comp,comp,14.000878658766503,14.04,True,14.184065294697149,14.370537267006526,14.379699199956146,0.000746702394103238,4.28178476437009,12.549150263581563,14.415697011874741,0.0002680938578594194,1.3033338301055661,11.124413734644993,13.657006173091293,-0.00020597722366133553,0.03792654824728192,7.769381038586147,13.334123093073856
vca,15.0,vca-sslbus,hold_0.3s,Softube,SSL G series bus compressor,solid_bus_comp,comp,14.042589275313928,14.04,True,14.058419538970732,14.082196488825378,14.048006029307452,0.0007440914843166446,4.279716302491209,12.492838130208318,13.994127615539108,0.0002694330931851674,1.303221636347165,11.089937734917456,13.70182672750305,-0.0001671423221889512,0.037925686068224884,7.759052551211018,13.259749965343804
vca,15.0,vca-sslbus,hold_3s,Softube,SSL G series bus compressor,solid_bus_comp,comp,14.042530835178509,14.04,True,14.045364767866875,14.052882626661148,14.014105378836303,0.0007442674243098857,4.278498908682667,12.48479908097173,13.949976101085817,0.0002918824244160234,1.3029671776789935,11.083706557714134,13.707008797573838,2.576004406229515e-06,0.0379120076387216,7.755890607121799,13.250531316376643
vca,3.0,vca-sslbus,hold_0.03s,Softube,SSL G series bus compressor,solid_bus_comp,comp,3.124445977514203,3.15,True,3.162252356071621,3.182921258176185,3.179204665137306,0.00026409349661848935,0.9600248784278311,2.805593351209622,3.1761491459122353,9.68333293958068e-05,0.292533613294494,2.4893775377589846,3.065659047615281,-8.375835464624615e-05,0.008704097099412333,1.7407235822086315,2.9789198912623487
vca,3.0,vca-sslbus,hold_0.3s,Softube,SSL G series bus compressor,solid_bus_comp,comp,3.1483012420121703,3.15,True,3.1501376112369046,3.153579777128709,3.1452236402592915,0.00026677822211906843,0.9600179204002364,2.8000893534284197,3.1319928693569294,0.00010113457077309818,0.29261884038368624,2.4859913318119933,3.07238618331075,-6.523564369365076e-05,0.008709418224848164,1.7398431818470081,2.9717381402984113
vca,3.0,vca-sslbus,hold_3s,Softube,SSL G series bus compressor,solid_bus_comp,comp,3.148002339336605,3.15,True,3.148715780757948,3.1503955914277633,3.1415341416963516,0.0002675084068473055,0.9597893653162521,2.7991270160174926,3.127159525350374,0.00011066055651554052,0.292561545972263,2.4851830767840837,3.0729677569471194,4.102378077242008e-07,0.008704935883720566,1.7393502291948013,2.970683211372333
vca,6.0,vca-sslbus,hold_0.03s,Softube,SSL G series bus compressor,solid_bus_comp,comp,5.82551520343533,5.86,True,5.889370957278185,5.934396602028644,5.929379584375887,0.00043478787307416056,1.786063746161875,5.22267593565374,5.9273687096664105,0.00015952953386211277,0.5440593645717122,4.633273161096742,5.7025719199896105,-0.00013184229494367372,0.016074475520289067,3.2390865156201607,5.546007629643075
vca,6.0,vca-sslbus,hold_0.3s,Softube,SSL G series bus compressor,solid_bus_comp,comp,5.857170345388061,5.86,True,5.861138304945493,5.868052478725463,5.852810275745171,0.0004367517109065133,1.785725109703178,5.209549441784963,5.828547691735687,0.00016413070191179102,0.5441296081110492,4.625035546806724,5.715758306141356,-0.0001042482338236006,0.0160792630385318,3.236631893023765,5.528992177498934
vca,6.0,vca-sslbus,hold_3s,Softube,SSL G series bus compressor,solid_bus_comp,comp,5.8567635474524256,5.86,True,5.85800747810203,5.861036686501083,5.844684278600875,0.0004371641999614262,1.7852804548218313,5.2074744529732975,5.817915576978676,0.00017872297004961624,0.5440225549338322,4.623323864988883,5.717032187310361,8.741897512543062e-07,0.01607107940092556,3.2356306953631497,5.5266946211889385
vca,10.0,vca-sslchannel,hold_0.03s,Softube,SSL 4000 channel dynamics,solid_dynamics,comp,4.475130350006847,9.26,True,6.053781349171398,6.111698127798162,6.054395370317754,0.0003761285409007442,0.061060195830379804,3.750111637603907,5.965355970343826,0.00013715565814376163,0.0029445421248759374,2.3183495649300707,5.442679060571965,-0.00015819859376531298,0.0008071474127691047,0.5559918358635461,4.773056659904759
vca,10.0,vca-sslchannel,hold_0.3s,Softube,SSL 4000 channel dynamics,solid_dynamics,comp,9.222721777881427,9.26,True,9.225955829737048,9.255300084683347,9.148773774837448,0.0005033780952112821,0.08873489199627738,5.722208885290659,8.980922056214384,0.00019395892418128113,0.003980659450050439,3.5371420858850424,8.346361171357234,-0.00016173269721342365,0.00106596693959915,0.8439935808578145,7.281096635421418
vca,10.0,vca-sslchannel,hold_3s,Softube,SSL 4000 channel dynamics,solid_dynamics,comp,9.221743061213498,9.26,True,9.220003035059745,9.24172922486736,9.133273993248672,0.0005049838943351759,0.08870698495923701,5.719980185553006,8.961306596637387,0.00021343757711544953,0.003970142102029506,3.535990373998196,8.34853985922858,-2.2273388136540007e-05,0.0010597176240230155,0.84377731703644,7.277871375171591
vca,15.0,vca-sslchannel,hold_0.03s,Softube,SSL 4000 channel dynamics,solid_dynamics,comp,4.475130350006847,9.26,False,6.053781349171398,6.111698127798162,6.054395370317754,0.0003761285409007442,0.061060195830379804,3.750111637603907,5.965355970343826,0.00013715565814376163,0.0029445421248759374,2.3183495649300707,5.442679060571965,-0.00015819859376531298,0.0008071474127691047,0.5559918358635461,4.773056659904759
vca,15.0,vca-sslchannel,hold_0.3s,Softube,SSL 4000 channel dynamics,solid_dynamics,comp,9.222721777881427,9.26,False,9.225955829737048,9.255300084683347,9.148773774837448,0.0005033780952112821,0.08873489199627738,5.722208885290659,8.980922056214384,0.00019395892418128113,0.003980659450050439,3.5371420858850424,8.346361171357234,-0.00016173269721342365,0.00106596693959915,0.8439935808578145,7.281096635421418
vca,15.0,vca-sslchannel,hold_3s,Softube,SSL 4000 channel dynamics,solid_dynamics,comp,9.221743061213498,9.26,False,9.220003035059745,9.24172922486736,9.133273993248672,0.0005049838943351759,0.08870698495923701,5.719980185553006,8.961306596637387,0.00021343757711544953,0.003970142102029506,3.535990373998196,8.34853985922858,-2.2273388136540007e-05,0.0010597176240230155,0.84377731703644,7.277871375171591
vca,3.0,vca-sslchannel,hold_0.03s,Softube,SSL 4000 channel dynamics,solid_dynamics,comp,1.6289742320574843,3.27,True,2.1847311953939665,2.2022141162218722,2.1805829961534373,0.00017507249741166575,0.019253347383275,1.3535503900526156,2.1471227356446003,6.915874489754614e-05,0.0010633650433500286,0.8359628586334806,1.9664948164014926,-6.17417430208711e-05,0.00036610503285805507,0.19822402632153313,1.7229864324932427
vca,3.0,vca-sslchannel,hold_0.3s,Softube,SSL 4000 channel dynamics,solid_dynamics,comp,3.2707130636298296,3.27,True,3.2715937484618354,3.28105350011935,3.2430267478014567,0.00025196106728753165,0.028766153345401335,2.0292444130629717,3.183581166649325,0.00010351670376085309,0.0015211439121065595,1.2538200798041994,2.959586387859059,-6.713106163802607e-05,0.0005218316831134828,0.29734574603858466,2.5821288102469877
vca,3.0,vca-sslchannel,hold_3s,Softube,SSL 4000 channel dynamics,solid_dynamics,comp,3.270549610193635,3.27,True,3.2701464525347346,3.277767888877653,3.239256687969794,0.0002535826034497646,0.028756217846117593,2.028605689309961,3.178755127289231,0.00011372436612377967,0.0015169643302113123,1.2534571563185648,2.9601363119887005,6.383528203812716e-07,0.0005196659041759588,0.2972696336648295,2.5812673620968307
vca,6.0,vca-sslchannel,hold_0.03s,Softube,SSL 4000 channel dynamics,solid_dynamics,comp,2.8791221300423566,5.87,True,3.882691129325002,3.916214250636229,3.8784829200290942,0.0002859976714972845,0.03392112315596174,2.4044564843438097,3.819932363573047,0.000114340549048908,0.0017472417947441699,1.4845787325208035,3.4930685610685135,-9.781474679471103e-05,0.0005956061137157853,0.3516581174518447,3.0612958901148137
vca,6.0,vca-sslchannel,hold_0.3s,Softube,SSL 4000 channel dynamics,solid_dynamics,comp,5.868427999530527,5.87,True,5.87001998661231,5.88765082177059,5.819622027870935,0.0003956612437168161,0.05102009945730179,3.639875982698254,5.712820823163831,0.00016331986674877896,0.00243004751196807,2.2483167555503094,5.310210166699562,-0.00010377215812207297,0.0008180551001437664,0.5324696549699892,4.63231675735985
vca,6.0,vca-sslchannel,hold_3s,Softube,SSL 4000 channel dynamics,solid_dynamics,comp,5.867952122158272,5.87,True,5.866962988204196,5.8807105727409725,5.811675243697238,0.0003974695653314875,0.05100267380677792,3.638614474030829,5.7026987783658925,0.00017856046446773632,0.002422796045074005,2.247627912603092,5.311341500185531,1.5628021143854198e-06,0.000813946190716397,0.5323321443727194,4.630565004271865
vca,10.0,vca-sslbus,hold_0.03s,UAD,SSL G series bus compressor,ssl_gbus,comp,10.007075985425761,10.02,True,9.966607726356646,10.013154050459843,9.95485917743573,0.001845746978789524,4.29081035167313,9.237703238517815,9.973423089844605,-8.451641434993606e-05,1.8298632607547898,8.483609217038929,9.847172051395564,-6.179559422301445e-05,0.14143490686927673,6.56940746701372,9.636092836045565
vca,10.0,vca-sslbus,hold_0.3s,UAD,SSL G series bus compressor,ssl_gbus,comp,10.020457673328897,10.02,True,9.86525812046347,9.769230435983708,9.725546845344304,0.0019376186971707746,4.298209355595811,9.196469218129252,9.670089150802266,-9.474766503477644e-05,1.834882169238751,8.460869519179125,9.889988867303146,-5.316024744182746e-05,0.14195864594365876,6.569625725111677,9.580491344259931
vca,10.0,vca-sslbus,hold_3s,UAD,SSL G series bus compressor,ssl_gbus,comp,10.019969336509671,10.02,True,9.873910050138926,9.787833459911674,9.748550130653493,0.0024698785225577766,4.301583695232113,9.202996691209004,9.700319283238317,0.0001769383888693618,1.8370410502372692,8.466768671129476,9.886068751081602,0.00019348160188596697,0.14293035741216475,6.574232114120802,9.587387006772145
vca,15.0,vca-sslbus,hold_0.03s,UAD,SSL G series bus compressor,ssl_gbus,comp,14.95895138789528,14.97,True,15.012355127503332,15.200413670152255,15.134133455325768,0.0028338728682190464,6.425749298443534,13.836675849051586,15.210625389609687,-7.924212240540546e-05,2.7419926368187695,12.700739583849332,14.672615983953452,-5.5579020926607714e-05,0.21216151414741197,9.833765177701112,14.442416926796735
vca,15.0,vca-sslbus,hold_0.3s,UAD,SSL G series bus compressor,ssl_gbus,comp,14.962128404107421,14.97,True,14.803463826035538,14.702085234257192,14.646059823942538,0.0029258198733172203,6.431445128254643,13.748068563317847,14.56997770794884,-9.332495166589072e-05,2.746912696830891,12.648736008149768,14.755195652119657,-5.757832791050688e-05,0.21274008189813254,9.825403314454716,14.324827288985496
vca,15.0,vca-sslbus,hold_3s,UAD,SSL G series bus compressor,ssl_gbus,comp,14.96248340705201,14.97,True,14.814465578421078,14.72518943565709,14.675790926223819,0.003377854941969939,6.434852246276448,13.75618606400482,14.60882844179714,0.00013579678552887858,2.748956364950601,12.655763104037463,14.750276884875973,0.00021366277132509048,0.21360836807995243,9.830427481411638,14.333591578146335
vca,3.0,vca-sslbus,hold_0.03s,UAD,SSL G series bus compressor,ssl_gbus,comp,2.7789289153612016,2.85,True,2.6989225942899897,2.6419370509070963,2.594195051671991,0.0004001672641510273,1.2104019279930767,2.5859473921858975,2.579628407724215,-0.0001292247031258048,0.5163133097225284,2.382179967150387,2.8062693576517255,-0.0001087265566517212,0.039731727668618586,1.8506086502664858,2.68840005961823
vca,3.0,vca-sslbus,hold_0.3s,UAD,SSL G series bus compressor,ssl_gbus,comp,2.8466788071200444,2.85,True,2.6946340532866513,2.603315153159349,2.57486423485035,0.0005556055316725747,1.2268107680665483,2.5978521236523013,2.546659219590322,-7.642716085618645e-05,0.5243533848567958,2.39818989311499,2.831923571491041,-4.067102970697206e-05,0.04047074259184687,1.870104778173698,2.6968489857688347
vca,3.0,vca-sslbus,hold_3s,UAD,SSL G series bus compressor,ssl_gbus,comp,2.846663644432124,2.85,True,2.700541617366388,2.6164641502658017,2.5901936998284634,0.0011259613032426272,1.229678451692346,2.6023415727766293,2.56694562225096,0.00023202286459739901,0.5263307400905848,2.4024114023388616,2.829227941988554,0.00020486956049622917,0.04147222769080776,1.8737029507070622,2.7014953913350443
vca,6.0,vca-sslbus,hold_0.03s,UAD,SSL G series bus compressor,ssl_gbus,comp,5.975199093084115,6.0,True,5.894754111648528,5.872324168896664,5.819845554650724,0.0010269617450994264,2.566014065391941,5.514138717086937,5.814100376592356,-0.00010681790390115742,1.0940590587222436,5.068555834934569,5.912883002340855,-8.56165433410841e-05,0.0844300326959404,3.928076760439926,5.746296032560266
vca,6.0,vca-sslbus,hold_0.3s,UAD,SSL G series bus compressor,ssl_gbus,comp,6.0027239946317925,6.0,True,5.850198638185408,5.757810502071401,5.7230504738770875,0.0011258193708873487,2.5758577550442854,5.500714129313167,5.683589766578445,-9.881354415029048e-05,1.0995711871689675,5.064535206923877,5.936559098984184,-4.61630436827537e-05,0.08491446698591257,3.9356181905509913,5.725578261439942
vca,6.0,vca-sslbus,hold_3s,UAD,SSL G series bus compressor,ssl_gbus,comp,6.002627506812635,6.0,True,5.856180538588741,5.771042167322606,5.738633504642249,0.0015809310797525386,2.578517792952118,5.5051981484788115,5.704164151121323,0.00014463337239435659,1.1013531039599935,5.06868606870155,5.933844925447854,0.00022658219929990592,0.08575194013920316,3.9390466505713144,5.730260594703421
vca,10.0,vca-sslbus,hold_0.03s,SSL,SSL G series bus compressor,ssl_native_bus,comp,9.530555683483458,9.53,True,9.589977771055386,9.669692145730478,9.658529524647882,0.00047166975059322074,2.5439618361195175,8.388204203651965,9.651906281076489,0.00018350524632672726,0.6784719427411486,7.3420827740686585,9.254007503623226,-0.00014922809709831612,0.013714597551763198,4.931127775426815,8.968100986529883
vca,10.0,vca-sslbus,hold_0.3s,SSL,SSL G series bus compressor,ssl_native_bus,comp,9.53072616485593,9.53,True,9.53678245416238,9.549482953840283,9.520724623396177,0.0004863971959358084,2.5430829084452795,8.363620090653022,9.47607804248889,0.00018880523295659106,0.6785264910315745,7.32681885493957,9.272668181116856,-0.00011759044818706853,0.013764808602504543,4.926453744120375,8.935932052907294
vca,10.0,vca-sslbus,hold_3s,SSL,SSL G series bus compressor,ssl_native_bus,comp,9.53037549292235,9.53,True,9.5313329234471,9.537246683305888,9.506587118493927,0.0005397976575212019,2.542692189939999,8.360240419560984,9.457648026465485,0.0002345229260834085,0.6785617697998257,7.324200310909133,9.274843891269061,3.1485149873638966e-05,0.013847968213912256,4.925176784995013,8.932065276955278
vca,15.0,vca-sslbus,hold_0.03s,SSL,SSL G series bus compressor,ssl_native_bus,comp,14.992564815224288,14.99,True,15.130712854354275,15.314854211908282,15.311853464373335,0.0005927467135699491,4.00112787283517,13.21275408681303,15.331105662717379,0.0002304255512079293,1.0665890782628138,11.558749652846029,14.54443114409279,-0.00018153016683983565,0.02126072636216935,7.758163370686306,14.132353686600062
vca,15.0,vca-sslbus,hold_0.3s,SSL,SSL G series bus compressor,ssl_native_bus,comp,14.992509536188836,14.99,True,15.006755123701268,15.032290108932887,14.988486005595083,0.000608045090427225,3.999444440651418,13.15862448977989,14.921379935789274,0.00023438297552215486,1.0666011808669593,11.526481430351645,14.58546135182807,-0.00014496395298721447,0.021318726375723688,7.749041949017666,14.0597649813173
vca,15.0,vca-sslbus,hold_3s,SSL,SSL G series bus compressor,ssl_native_bus,comp,14.992472056727284,14.99,True,14.99412582621121,15.003821617864306,14.955690900147154,0.0006724015484442188,3.9987028501916573,13.151178777366493,14.87873848424621,0.00028985933531922996,1.0666048678805082,11.520948345357061,14.590436578404454,3.848001494801876e-05,0.021418557406817338,7.746556914952944,14.05103532585052
vca,3.0,vca-sslbus,hold_0.03s,SSL,SSL G series bus compressor,ssl_native_bus,comp,3.0268483645173263,3.03,True,3.0406585811603377,3.059454203022422,3.0542306056852158,0.0002252872805477605,0.8084544864754929,2.662236437860816,3.0487399414373084,8.739647663213922e-05,0.2158442491055003,2.3310700386072307,2.940580352917071,-7.580585831092537e-05,0.004513836549640426,1.5664198877983597,2.845491130353413
vca,3.0,vca-sslbus,hold_0.3s,SSL,SSL G series bus compressor,ssl_native_bus,comp,3.026917917347887,3.03,True,3.028362436013256,3.031767655454843,3.0224629763353716,0.00023009052077606153,0.8081192596533556,2.6561551834812467,3.0079544538235465,9.140953844975481e-05,0.21583216372562752,2.3270752722043744,2.945115463719591,-5.887492221525472e-05,0.004524364768591055,1.5650083519270221,2.8377791363336518
vca,3.0,vca-sslbus,hold_3s,SSL,SSL G series bus compressor,ssl_native_bus,comp,3.0267976659472193,3.03,True,3.027096338665141,3.0289294714684556,3.0191787263270364,0.00024076581356161629,0.8079686958146893,2.6553174118643628,3.0036565928088903,0.0001056281923227345,0.21581870028052672,2.3263880614986947,2.945630158080246,6.038499528840009e-06,0.004537862228159405,1.5646207646296395,2.836850061657081
vca,6.0,vca-sslbus,hold_0.03s,SSL,SSL G series bus compressor,ssl_native_bus,comp,5.9662842184210145,5.97,True,5.99491773880503,6.034041375648607,6.02410303662182,0.00033975268474808194,1.5927762202969127,5.247615348263228,6.014154516672645,0.00013146844321532868,0.42494801276072725,4.594338732438915,5.795839756063524,-0.00011050375678220729,0.008680342177944594,3.08672295689837,5.609284260170405
vca,6.0,vca-sslbus,hold_0.3s,SSL,SSL G series bus compressor,ssl_native_bus,comp,5.966368655924718,5.97,True,5.969339664441182,5.976249357958223,5.9579460079976805,0.000354032713042834,1.5923579443794857,5.235438390515293,5.929407927695391,0.0001374324448359959,0.42502767580484596,4.586629613491988,5.805106488799961,-8.538666676869137e-05,0.008724982238993888,3.084298176242248,5.593545237697852
vca,6.0,vca-sslbus,hold_3s,SSL,SSL G series bus compressor,ssl_native_bus,comp,5.966135109192495,5.97,True,5.966710623486561,5.970339179452878,5.951124165226568,0.0003990813920247411,1.5921689934554775,5.233762106533749,5.9204938238168205,0.00017411002646804287,0.42508217968604023,4.58530456636678,5.806167675717854,2.6454569028157372e-05,0.00879632191216606,3.0836329731359298,5.591650716957815
tube,10.0,opto-other,hold_0.03s,Native Instruments,tube compressor,supercharger_gt,comp,9.859075406297045,10.0,True,10.084859787478393,9.831095468668087,9.568568572335462,0.14535834621008537,6.107726946466527,9.387145379072038,9.398849411786948,0.0007342906693850182,4.026041315911671,8.903712949502273,9.776384530681964,0.0003344511907998893,1.2923799302664225,7.6706972927631565,9.571610117651396
tube,10.0,opto-other,hold_0.3s,Native Instruments,tube compressor,supercharger_gt,comp,9.857211716918936,10.0,True,10.04460009297935,9.737322661172392,9.485172817517562,0.1448985966028662,6.106676397305041,9.372706663403221,9.287576299886393,0.000235998624535938,4.025564837073694,8.896135973351889,9.796458866642373,-0.0001359518302290752,1.2920016923143738,7.668503118433972,9.550694854216637
tube,10.0,opto-other,hold_3s,Native Instruments,tube compressor,supercharger_gt,comp,9.856776729786292,10.0,True,10.04091287045236,9.729572945268675,9.476884922217982,0.14485738718184127,6.105819734088506,9.370120220755725,9.276632058289394,0.0001457168851963786,4.025263014259403,8.893907628806915,9.798293993013898,-9.757309059565955e-05,1.291986026927293,7.666988183566952,9.547910249365067
tube,15.0,opto-other,hold_0.03s,Native Instruments,tube compressor,supercharger_gt,comp,14.736088920362697,14.94,True,14.984079894277777,14.781088668741816,14.51793389176104,0.21567400112189894,8.356741536011317,13.906157509364563,14.36233900233932,-0.00020811452345803616,5.312705335121073,13.07356135651456,14.544354980848565,-0.0005658725400756737,1.6811542163189621,10.949043364934873,14.275811097324578
tube,15.0,opto-other,hold_0.3s,Native Instruments,tube compressor,supercharger_gt,comp,14.718252039860653,14.94,True,14.90447521804732,14.5979802227026,14.33625909199581,0.21616591451210176,8.355542687318335,13.873025911642207,14.123701542921179,0.00023703320064960565,5.313062328580743,13.054170949508446,14.582141331944086,-9.617611680923233e-05,1.6817406035104288,10.94335800828786,14.230806712286821
tube,15.0,opto-other,hold_3s,Native Instruments,tube compressor,supercharger_gt,comp,14.717533632832753,14.94,True,14.896692870535993,14.581391004119524,14.318185525888548,0.2159622089936324,8.354061679846042,13.867710477462918,14.099905525620438,-3.1240357685646813e-05,5.312494270236591,13.049710614402816,14.585764190659138,-0.0002482142127835374,1.6815711131465818,10.940540696075235,14.224994659984915
tube,3.0,opto-other,hold_0.03s,Native Instruments,tube compressor,supercharger_gt,comp,2.4128038337049644,2.51,True,2.578417414055341,2.248837482881891,1.9822062557837632,0.27221427544254806,1.7054872559122676,2.3332595368557456,1.7844660547531916,0.01801547463871947,1.2086649948875998,2.2543013369431275,2.449724808243181,-4.357711811936449e-05,0.45932002996382604,2.0345378310334885,2.3002141984419127
tube,3.0,opto-other,hold_0.3s,Native Instruments,tube compressor,supercharger_gt,comp,2.413964729909464,2.51,True,2.5994165600022234,2.2889659341180804,2.0476258142519606,0.27220659644387013,1.7098768162735392,2.3522482303754244,1.8662614047476513,0.01791171764364441,1.210263798476899,2.2710485538097256,2.4428603134003315,-0.00014105118209489786,0.4596253564059691,2.0443435456175094,2.3194514578938485
tube,3.0,opto-other,hold_3s,Native Instruments,tube compressor,supercharger_gt,comp,2.413942965611919,2.51,True,2.601989491290886,2.294640680700296,2.054413419342075,0.2726054934702672,1.7113709820572138,2.3542256506809087,1.8751520695772141,0.01813605663981485,1.2114380471798745,2.2729545500413186,2.441831987477071,0.00011908946323901937,0.4603199533577706,2.046070019611478,2.321471488774506
tube,6.0,opto-other,hold_0.03s,Native Instruments,tube compressor,supercharger_gt,comp,5.717384816719381,6.02,True,5.905395507201235,5.603856599034282,5.3390173395488745,0.08609070632619709,3.777706281582453,5.4969872643717785,5.152150698090193,0.000552192840968857,2.539989680846711,5.267875171026899,5.710664421945385,0.00026467466283586205,0.7922561791431133,4.647083134904548,5.542885246299445
tube,6.0,opto-other,hold_0.3s,Native Instruments,tube compressor,supercharger_gt,comp,5.716820465059502,6.02,True,5.9035166396323095,5.594319759762179,5.349168941917281,0.08579709959481807,3.7795199442571836,5.503014869902914,5.162108804757402,0.00019708872541412958,2.540482092820602,5.274892500530372,5.714085569571291,-7.057693842815738e-05,0.7921452740522303,4.6517043453588425,5.546831472445639
tube,6.0,opto-other,hold_3s,Native Instruments,tube compressor,supercharger_gt,comp,5.716403205651327,6.02,True,5.903456193814419,5.594692872395062,5.350026932632188,0.08568204806520097,3.7796538530476895,5.502941326116353,5.163282655461536,-1.7595874865161676e-05,2.5406385140156575,5.274868553989532,5.71383936262637,-0.0001926764780817436,0.7921790685407206,4.6517673215416995,5.546735639174255
vari-mu,10.0,varimu-other,hold_0.03s,Softube,Manley Variable Mu,vari_comp,comp,0.22079950055197212,1.52,False,1.3104973056844078,1.6014081290485485,1.0945011899369161,0.011473069737718444,0.12990859183228473,0.28383889300467546,1.1967622869435544,0.0005315059958793666,0.10770912391149975,0.19150160815069553,0.12712724924933225,-0.00036884119674163163,0.04777458066617046,0.14600452980434658,0.3841089416500548
vari-mu,10.0,varimu-other,hold_0.3s,Softube,Manley Variable Mu,vari_comp,comp,1.1879116522787208,1.52,False,2.1495445166485654,2.4602351612328697,1.7737252351196868,0.22721770943665462,0.9400992740757975,1.2135099308228354,1.8713384569247118,0.013580491369049152,0.8265601177505929,1.131416591154518,1.0152060213439749,0.00015654965783779007,0.4991725061376176,1.0101608865757532,1.2639282718784575
vari-mu,10.0,varimu-other,hold_3s,Softube,Manley Variable Mu,vari_comp,comp,1.5180940983072864,1.52,False,2.439032075304638,2.7174410791944994,2.0342161092194986,0.34713386984853223,1.208162246517476,1.5377612783003136,2.1147903971896325,0.02030235473366576,1.0519768357515193,1.4533554664114656,1.3498168624465623,-0.00021115756930822904,0.6601575755198639,1.3071847975388269,1.581694170456875
vari-mu,15.0,varimu-other,hold_0.03s,Softube,Manley Variable Mu,vari_comp,comp,0.22079950055197212,1.52,False,1.3104973056844078,1.6014081290485485,1.0945011899369161,0.011473069737718444,0.12990859183228473,0.28383889300467546,1.1967622869435544,0.0005315059958793666,0.10770912391149975,0.19150160815069553,0.12712724924933225,-0.00036884119674163163,0.04777458066617046,0.14600452980434658,0.3841089416500548
vari-mu,15.0,varimu-other,hold_0.3s,Softube,Manley Variable Mu,vari_comp,comp,1.1879116522787208,1.52,False,2.1495445166485654,2.4602351612328697,1.7737252351196868,0.22721770943665462,0.9400992740757975,1.2135099308228354,1.8713384569247118,0.013580491369049152,0.8265601177505929,1.131416591154518,1.0152060213439749,0.00015654965783779007,0.4991725061376176,1.0101608865757532,1.2639282718784575
vari-mu,15.0,varimu-other,hold_3s,Softube,Manley Variable Mu,vari_comp,comp,1.5180940983072864,1.52,False,2.439032075304638,2.7174410791944994,2.0342161092194986,0.34713386984853223,1.208162246517476,1.5377612783003136,2.1147903971896325,0.02030235473366576,1.0519768357515193,1.4533554664114656,1.3498168624465623,-0.00021115756930822904,0.6601575755198639,1.3071847975388269,1.581694170456875
vari-mu,3.0,varimu-other,hold_0.03s,Softube,Manley Variable Mu,vari_comp,comp,0.22079950055197212,1.52,True,1.3104973056844078,1.6014081290485485,1.0945011899369161,0.011473069737718444,0.12990859183228473,0.28383889300467546,1.1967622869435544,0.0005315059958793666,0.10770912391149975,0.19150160815069553,0.12712724924933225,-0.00036884119674163163,0.04777458066617046,0.14600452980434658,0.3841089416500548
vari-mu,3.0,varimu-other,hold_0.3s,Softube,Manley Variable Mu,vari_comp,comp,1.1879116522787208,1.52,True,2.1495445166485654,2.4602351612328697,1.7737252351196868,0.22721770943665462,0.9400992740757975,1.2135099308228354,1.8713384569247118,0.013580491369049152,0.8265601177505929,1.131416591154518,1.0152060213439749,0.00015654965783779007,0.4991725061376176,1.0101608865757532,1.2639282718784575
vari-mu,3.0,varimu-other,hold_3s,Softube,Manley Variable Mu,vari_comp,comp,1.5180940983072864,1.52,True,2.439032075304638,2.7174410791944994,2.0342161092194986,0.34713386984853223,1.208162246517476,1.5377612783003136,2.1147903971896325,0.02030235473366576,1.0519768357515193,1.4533554664114656,1.3498168624465623,-0.00021115756930822904,0.6601575755198639,1.3071847975388269,1.581694170456875
vari-mu,6.0,varimu-other,hold_0.03s,Softube,Manley Variable Mu,vari_comp,comp,0.22079950055197212,1.52,False,1.3104973056844078,1.6014081290485485,1.0945011899369161,0.011473069737718444,0.12990859183228473,0.28383889300467546,1.1967622869435544,0.0005315059958793666,0.10770912391149975,0.19150160815069553,0.12712724924933225,-0.00036884119674163163,0.04777458066617046,0.14600452980434658,0.3841089416500548
vari-mu,6.0,varimu-other,hold_0.3s,Softube,Manley Variable Mu,vari_comp,comp,1.1879116522787208,1.52,False,2.1495445166485654,2.4602351612328697,1.7737252351196868,0.22721770943665462,0.9400992740757975,1.2135099308228354,1.8713384569247118,0.013580491369049152,0.8265601177505929,1.131416591154518,1.0152060213439749,0.00015654965783779007,0.4991725061376176,1.0101608865757532,1.2639282718784575
vari-mu,6.0,varimu-other,hold_3s,Softube,Manley Variable Mu,vari_comp,comp,1.5180940983072864,1.52,False,2.439032075304638,2.7174410791944994,2.0342161092194986,0.34713386984853223,1.208162246517476,1.5377612783003136,2.1147903971896325,0.02030235473366576,1.0519768357515193,1.4533554664114656,1.3498168624465623,-0.00021115756930822904,0.6601575755198639,1.3071847975388269,1.581694170456875
vca,10.0,vca-dbx160,hold_0.03s,Softube,dbx 160 VU,vc160,comp,4.106773819106023,7.65,False,5.163901883729625,5.20120759233604,5.192595845204306,0.00011492183390274247,0.0034625468450411867,4.178081925383621,5.1773421857847834,-9.635540136672394e-05,0.0016108722641930279,3.234338921591134,4.9338158411650355,-0.00035739340763685234,0.0004961629440497495,0.4387140543189926,4.666260229656963
vca,10.0,vca-dbx160,hold_0.3s,Softube,dbx 160 VU,vc160,comp,7.598857483146963,7.65,False,7.604169720062932,7.616746207376209,7.596476087363649,0.00030128316728986193,0.004972099980430744,6.599174478207635,7.564472787785255,-1.298792466816745e-05,0.0024360019020369245,5.649200627228478,7.389298233036281,-0.0003835506110367176,0.0008591830568360492,2.8242402700458045,7.093450808184968
vca,10.0,vca-dbx160,hold_3s,Softube,dbx 160 VU,vc160,comp,7.598885736759761,7.65,False,7.606961419132919,7.6177698745809135,7.592866006366692,0.0004123597808499274,0.005120528914891426,6.597606103315877,7.555480624228438,6.290315039944594e-05,0.002587844290354274,5.648217290395347,7.391568311770357,-0.0003167441893873607,0.0009979446432022837,2.8246299140115556,7.091820499423997
vca,15.0,vca-dbx160,hold_0.03s,Softube,dbx 160 VU,vc160,comp,13.737394891633974,17.28,False,14.903568779941597,15.079833899347541,15.108288940771748,0.00033940219717640274,5.486181935630447,13.830407210186507,15.169250700173784,-2.777525535041514e-06,0.002799765875060242,12.8676569615486,14.512963420049545,-0.0004234246473433373,0.0009604680853681352,10.043326050240578,14.324327177885738
vca,15.0,vca-dbx160,hold_0.3s,Softube,dbx 160 VU,vc160,comp,17.2274892044874,17.28,False,17.247293338242905,17.27839598098102,17.260704379965098,0.0004128423651939689,7.8023978729009364,16.21262485056148,17.236981968944857,2.708709696735978e-05,0.0032702085007650372,15.256860807065964,16.997622043261213,-0.00040330389876971906,0.0011288923418082686,12.420891181361434,16.698073910142917
vca,15.0,vca-dbx160,hold_3s,Softube,dbx 160 VU,vc160,comp,17.22790995250796,17.28,False,17.237090092097063,17.249863576232443,17.222790081647055,0.0006853394944113661,7.80140441351168,16.202140643502517,17.18291916206584,0.00027969761607288257,0.003647541877521393,15.248206942043968,17.005493620020495,-5.0623788400941394e-05,0.001442213867244524,12.416326164619704,16.686782440001263
vca,3.0,vca-dbx160,hold_0.03s,Softube,dbx 160 VU,vc160,comp,0.026529786378859097,2.83,True,0.32244113111559075,0.32253813110906493,0.30094691313415156,-6.083876221334161e-05,0.00020373789422928335,0.002939680051578464,0.26847360980026413,-7.733434123001481e-05,5.673923392161828e-05,0.0014075144312676174,0.13166227999752367,-9.768635861559516e-05,-3.100018305643437e-05,0.0005012074509531811,0.013270255516873178
vca,3.0,vca-dbx160,hold_0.3s,Softube,dbx 160 VU,vc160,comp,2.7821927278239955,2.83,True,2.783666745119472,2.792350657575816,2.770426247594134,0.00011012771677888777,0.002674650795673625,1.8012978312275525,2.7359809372962234,-9.131492153822973e-05,0.001342895633896543,0.8495348674741809,2.5801111422634757,-0.000340645625743638,0.00045090612883162684,0.005159916427347727,2.289557015671557
vca,3.0,vca-dbx160,hold_3s,Softube,dbx 160 VU,vc160,comp,2.7821396368469395,2.83,True,2.7897404742068885,2.800719728955069,2.7753959058437303,0.00031360962150329963,0.0029605549924382746,1.8020205153494415,2.7382694308312767,2.580233237269025e-05,0.0016349046530295674,0.8505320243722447,2.581037216298539,-0.00038709820285832974,0.0007144854884430507,0.005436214603270886,2.290405520884989
vca,6.0,vca-dbx160,hold_0.03s,Softube,dbx 160 VU,vc160,comp,4.106773819106023,7.65,False,5.163901883729625,5.20120759233604,5.192595845204306,0.00011492183390274247,0.0034625468450411867,4.178081925383621,5.1773421857847834,-9.635540136672394e-05,0.0016108722641930279,3.234338921591134,4.9338158411650355,-0.00035739340763685234,0.0004961629440497495,0.4387140543189926,4.666260229656963
vca,6.0,vca-dbx160,hold_0.3s,Softube,dbx 160 VU,vc160,comp,7.598857483146963,7.65,False,7.604169720062932,7.616746207376209,7.596476087363649,0.00030128316728986193,0.004972099980430744,6.599174478207635,7.564472787785255,-1.298792466816745e-05,0.0024360019020369245,5.649200627228478,7.389298233036281,-0.0003835506110367176,0.0008591830568360492,2.8242402700458045,7.093450808184968
vca,6.0,vca-dbx160,hold_3s,Softube,dbx 160 VU,vc160,comp,7.598885736759761,7.65,False,7.606961419132919,7.6177698745809135,7.592866006366692,0.0004123597808499274,0.005120528914891426,6.597606103315877,7.555480624228438,6.290315039944594e-05,0.002587844290354274,5.648217290395347,7.391568311770357,-0.0003167441893873607,0.0009979446432022837,2.8246299140115556,7.091820499423997
opto,10.0,opto-la2a,hold_0.03s,Softube,Teletronix LA-2A,vc2a,comp,7.494403731904534,10.02,True,8.329888172575046,8.203770844240502,8.138032859859898,0.2146957324061347,1.8825701275031506,6.226506816775924,8.003462640390929,0.09535588674626183,1.0547983352680177,4.947113997162617,7.913474921582427,0.02172974708994957,0.4433536062719412,3.069043271362794,7.164035810825169
opto,10.0,opto-la2a,hold_0.3s,Softube,Teletronix LA-2A,vc2a,comp,10.02214588164594,10.02,True,9.84388896134223,9.665396761184986,9.666797984116982,0.38709950976195984,3.1248930154523222,8.151802854520888,9.552640198494714,0.16700592122997904,1.844725288494331,6.90003436125582,9.588858528285549,0.039859860972889294,0.8023787308273924,4.747586116352927,8.96493334675413
opto,10.0,opto-la2a,hold_3s,Softube,Teletronix LA-2A,vc2a,comp,10.022059121702696,10.02,True,9.849433841489791,9.675900735020967,9.679517667375293,0.38761555055818775,3.1271458586865037,8.155704319511337,9.568793876380134,0.16727911416697339,1.8463843009337566,6.903528417815892,9.587905812947128,0.040120941901541585,0.8033041553658435,4.750404549829938,8.96913747658062
opto,15.0,opto-la2a,hold_0.03s,Softube,Teletronix LA-2A,vc2a,comp,11.57507210383605,15.0,True,12.811948169427424,12.763702881351094,12.551786433481986,0.2168471332569908,2.021970648590049,8.189825125938299,12.259523187460765,0.0959137369042864,1.0983844297758125,6.07002409790524,11.49774820268005,0.021816905525199104,0.45121548156924973,3.461507950795813,9.980863328090358
opto,15.0,opto-la2a,hold_0.3s,Softube,Teletronix LA-2A,vc2a,comp,14.978097447202572,15.0,True,14.800934487773908,14.62469357625988,14.584370318766453,0.4564487934085122,4.322751259866941,11.904148251521633,14.408073947299101,0.19271193441006318,2.435414312227273,9.95069617472091,14.226590294642797,0.044681249034866255,0.9795195667214713,6.713867321582164,13.230194972212296
opto,15.0,opto-la2a,hold_3s,Softube,Teletronix LA-2A,vc2a,comp,14.997025150031916,15.0,True,14.820338509983756,14.65106088944232,14.614213761845832,0.4574729279315619,4.336957451245006,11.925758777590104,14.44278167106193,0.19313591082776327,2.4439375313825593,9.972223203623606,14.23975450571993,0.04497157112491834,0.982163753946871,6.7322223586389995,13.250908899674954
opto,3.0,opto-la2a,hold_0.03s,Softube,Teletronix LA-2A,vc2a,comp,1.0263454288974856,2.99,True,1.2134037783900098,1.0187647902073422,1.0498184861784878,0.1851668926621599,0.8849884961206982,1.3020433003020102,1.0093126057847002,0.08719012673464022,0.6402780682232176,1.2485998124444109,1.429580539601396,0.020358399334767796,0.34304956400026043,1.0879143218413674,1.3198135246815
opto,3.0,opto-la2a,hold_0.3s,Softube,Teletronix LA-2A,vc2a,comp,2.980574455071306,2.99,True,2.807379483224814,2.621103209119397,2.6708266689265585,0.20314877048590319,1.3456425308928104,2.6522477400898126,2.631159748003725,0.09235177930502658,0.85762881217169,2.4058486329422735,2.9483217092497966,0.02127575416351135,0.40196888925338925,1.863408763743486,2.78562836396398
opto,3.0,opto-la2a,hold_3s,Softube,Teletronix LA-2A,vc2a,comp,2.9925742544604006,2.99,True,2.820440981951073,2.6388193654460608,2.6896268724729495,0.20369751009444315,1.3494908340793828,2.662325103447195,2.6530139775232584,0.09262955719227506,0.859948767514247,2.4144361274922588,2.9552342827180453,0.022990093238902887,0.4030313851925129,1.8693409582365206,2.796716310220063
opto,6.0,opto-la2a,hold_0.03s,Softube,Teletronix LA-2A,vc2a,comp,4.008060871463876,6.04,True,4.685191201970667,4.515099735026226,4.516044466160849,0.21001934851052795,1.6209532966063378,4.032824576460079,4.45022874064945,0.09408839375554123,0.9654039317892398,3.4664724075145514,4.704650099140899,0.021527171360865793,0.4253833542320393,2.4334137677817083,4.385700115283029
opto,6.0,opto-la2a,hold_0.3s,Softube,Teletronix LA-2A,vc2a,comp,6.023351975813249,6.04,True,5.845950797253344,5.658297521505112,5.690025893177513,0.2611430573516813,2.0166912442987908,5.0171644223150125,5.618492403655715,0.11754673102819169,1.2013195673969719,4.3118134830505,5.823772326073836,0.029317234183729113,0.5292004319466983,3.0273001477601866,5.45505240229096
opto,6.0,opto-la2a,hold_3s,Softube,Teletronix LA-2A,vc2a,comp,6.039327639709832,6.04,True,5.8620658549997415,5.679614981832607,5.712745741798585,0.26295422100829313,2.0276789153038948,5.033272292630379,5.645490358717936,0.1183210973200346,1.2088866025253537,4.32819836703198,5.834095327434639,0.029682271968319185,0.5327199232932003,3.0409052912839627,5.471234204016319
fet,10.0,fet-1176,hold_0.03s,Softube,UREI 1176,vc76,comp,8.051774230107497,8.94,True,7.444650508774065,6.792370968467062,7.0200814857775855,0.6261522584577266,6.308607983557233,7.899324364165856,6.992299348274451,0.22058003917874647,4.8750074866689195,7.7215684387172425,8.12878485425157,0.0424051254577531,2.1575391338226524,7.151746823413306,7.932867224634875
fet,10.0,fet-1176,hold_0.3s,Softube,UREI 1176,vc76,comp,8.330076396538612,8.94,True,7.7544063989196985,7.169985219312977,7.44873400190092,0.8126110497266046,6.629676471220387,8.208370520880008,7.4837703386329775,0.2825099806794089,5.2409290861190065,8.02124907691227,8.332134768535257,0.05162206527877178,2.5241015425537148,7.447309526767386,8.240140994054137
fet,10.0,fet-1176,hold_3s,Softube,UREI 1176,vc76,comp,9.153888205852933,8.94,True,8.570076727230061,7.990744651134321,8.271710701445315,1.6018908972949824,7.67427396666209,9.049741080408806,8.310000722526793,0.4834677409392949,6.4461294750076075,8.891190108935886,9.148625975422997,0.08050845535836348,3.7861353693277007,8.38623706601424,9.068626518519737
fet,15.0,fet-1176,hold_0.03s,Softube,UREI 1176,vc76,comp,15.574804087438723,16.69,False,14.952781616480742,14.310988284960672,14.490345847098727,1.8376521963299806,13.047746346014337,15.32072553661677,14.44633008905734,0.41854826616534346,10.796248123532298,15.07562353349189,15.655592082575989,0.0673227564819383,5.7340817484442805,14.285107814192653,15.393031809449912
fet,15.0,fet-1176,hold_0.3s,Softube,UREI 1176,vc76,comp,15.937762971228151,16.69,False,15.367884683429002,14.784986340440993,15.058901677013754,2.4247124089534933,13.539622831793146,15.748661773332707,15.092561093174856,0.5334099521779647,11.400442401460722,15.496203323485627,15.93079232310495,0.08538106640211307,6.5084056276414355,14.710576317535228,15.816675057169212
fet,15.0,fet-1176,hold_3s,Softube,UREI 1176,vc76,comp,17.0568611047577,16.69,False,16.47633936687042,15.896787507564625,16.175479269147583,4.506537775997871,15.049320909853652,16.903174737061576,16.21349124718503,1.138735902185665,13.254545276279876,16.68790143727336,17.042697267126826,0.13957799791212366,8.934902082100491,16.029721347416093,16.947879636086498
fet,3.0,fet-1176,hold_0.03s,Softube,UREI 1176,vc76,comp,0.9421615574563731,1.55,True,0.41685872747340547,-0.23731662784525653,0.012723031208142999,0.1898705736458144,0.7709081158847724,1.048437911898251,-0.004265038155320866,0.07340369729398866,0.6062167847163664,1.0301517917352143,1.1251259591931468,0.010042460214306104,0.37234326177543764,0.9067079984724682,0.997589970113431
fet,3.0,fet-1176,hold_0.3s,Softube,UREI 1176,vc76,comp,1.271594537505809,1.55,True,0.6845792195903879,0.10415004454512555,0.38426560744808747,0.23782405906216653,0.9217684228425735,1.2730859957853937,0.4225906380707727,0.09965925386975805,0.701381610129328,1.228652957117566,1.292466017362445,0.015349253356863102,0.43763751631902004,1.0676851328902863,1.238654761780385
fet,3.0,fet-1176,hold_3s,Softube,UREI 1176,vc76,comp,1.6476124972361905,1.55,True,1.059945986322413,0.48430071448121126,0.7654727484602812,0.3659395232395628,1.2462259410092855,1.6494046021009066,0.8065741842292447,0.17298287533240675,0.9858612463633811,1.6063248237434227,1.6636422985264598,0.02769092058556133,0.5937558166012931,1.4356837855888394,1.6143075809856722
fet,6.0,fet-1176,hold_0.03s,Softube,UREI 1176,vc76,comp,4.390698583869051,5.11,True,3.8047680691259824,3.150299462147096,3.3919091952482816,0.4284221208388921,3.3023974386792183,4.336139570807134,3.370124359318371,0.16474891610842413,2.4466102998303114,4.225142232028789,4.496191674845232,0.023071592537004193,0.9953915321712117,3.839690633990024,4.33375068566175
fet,6.0,fet-1176,hold_0.3s,Softube,UREI 1176,vc76,comp,4.65282915722822,5.11,True,4.072051530326117,3.4887871671490114,3.768628029734538,0.5021061218396472,3.531214759248309,4.577701252447547,3.804771306796029,0.20797937306404712,2.6840469606219326,4.454196675567966,4.661285932419718,0.030616667817763954,1.1750923688110166,4.061649056464551,4.584188951508146
fet,6.0,fet-1176,hold_3s,Softube,UREI 1176,vc76,comp,5.2927260591785625,5.11,True,4.707017142981639,4.128696779023256,4.41032645875555,0.7909302806674514,4.274739951556445,5.228035230113221,4.449156175789879,0.3417163192748074,3.4730722880507816,5.11942520896724,5.295029844499602,0.05016889247733225,1.8887056025535909,4.7656876263916494,5.22655244026628
diode-bridge,10.0,diode-neve,hold_0.03s,Waves,Neve 2254 diode bridge,vcomp,comp,8.83009675970897,9.97,True,9.558495246659248,9.690568620358725,9.710540266554997,1.6714642752603437,7.838078471091306,9.328681774649198,9.768974538950498,0.40936011291030194,6.372070231556925,9.14718836469637,9.376089185835959,0.014840753737488832,3.6421130949487166,8.635681521229337,9.424362830101748
diode-bridge,10.0,diode-neve,hold_0.3s,Waves,Neve 2254 diode bridge,vcomp,comp,9.970333243584786,9.97,True,10.015833061068811,10.065939617832385,10.065922376756046,1.7505081527649198,8.296680114267966,9.811039650035958,10.07909301635377,0.4251240402513048,6.789630745522914,9.632119183519093,9.918600598354816,0.015298229123271945,3.820693519046016,9.114400515634246,9.902896040395401
diode-bridge,10.0,diode-neve,hold_3s,Waves,Neve 2254 diode bridge,vcomp,comp,9.970402469875031,9.97,True,10.018000923741312,10.07039780873109,10.071382428556118,1.7516779359748806,8.299005381333798,9.812864545297035,10.086186672104724,0.42571184788117833,6.791954662122122,9.634042538835446,9.917810739286947,0.015000092807243348,3.8224781200474234,9.116545733697004,9.904667337620571
diode-bridge,15.0,diode-neve,hold_0.03s,Waves,Neve 2254 diode bridge,vcomp,comp,13.090018956899833,14.53,True,14.202361074073426,14.47400825219638,14.520017562719106,2.3435596778344276,11.673126279287269,13.82776567538446,14.640761573651085,0.5410758966987324,9.74544660338858,13.552724242698325,13.854841286546757,0.018610410479118045,5.357365669355907,12.798365057472457,13.975534922174953
diode-bridge,15.0,diode-neve,hold_0.3s,Waves,Neve 2254 diode bridge,vcomp,comp,14.529908947436317,14.53,True,14.62363053104516,14.726635696259343,14.729210515285615,2.4228070496326612,12.11889650908432,14.304603123815294,14.759886305076098,0.556528622971646,10.123035747334914,14.038919427372733,14.44631322303836,0.018909461669421646,5.591134841474949,13.280206914492055,14.44220695615449
diode-bridge,15.0,diode-neve,hold_3s,Waves,Neve 2254 diode bridge,vcomp,comp,14.529622022374095,14.53,True,14.628320929543964,14.736576560253061,14.741240302962185,2.424321058678716,12.123198460681692,14.308450109558096,14.775528628927695,0.557249365441363,10.127003324624397,14.042890434252904,14.444573087587163,0.018541268218312368,5.593705349780096,13.284422519475017,14.445988698929424
diode-bridge,3.0,diode-neve,hold_0.03s,Waves,Neve 2254 diode bridge,vcomp,comp,1.5020444789950886,2.97,True,2.062546055251123,2.08602676810398,2.087322548410522,0.4821791906512547,1.7482198284249053,2.0172361960408827,2.095234479084133,0.14622747655582247,1.4972162490935341,1.9841720757118928,2.028313843795222,0.005778581265480476,0.9560456695731436,1.8910690789304123,2.0349285836032465
diode-bridge,3.0,diode-neve,hold_0.3s,Waves,Neve 2254 diode bridge,vcomp,comp,2.971967927674682,2.97,True,2.9850852280661524,2.999068684284344,2.9990573310034465,0.6635796566753656,2.5452049818069042,2.9313903958056438,3.0026524654241857,0.1921581565780115,2.1757916891303326,2.8853442318349023,2.9583244500604993,0.0077625451836067505,1.3667312269231342,2.75265784538984,2.9550373032557182
diode-bridge,3.0,diode-neve,hold_3s,Waves,Neve 2254 diode bridge,vcomp,comp,2.972027239141526,2.97,True,2.9867849733141743,3.0026484188153875,3.0033643331996664,0.6643469304219911,2.546583997579413,2.9327494324169523,3.008261672273222,0.19256117460784372,2.177118614525593,2.8867088150540834,2.9576925586003293,0.0075157561658327765,1.3678153791151182,2.7540368215965385,2.956395076644162
diode-bridge,6.0,diode-neve,hold_0.03s,Waves,Neve 2254 diode bridge,vcomp,comp,4.501601112299688,5.73,True,5.1690907366606,5.22921835592957,5.235508967205591,1.0516721481869646,4.2591840222403885,5.041416425389203,5.259194856811082,0.2809065251109466,3.6056267141567946,4.940772817812801,5.080006290646036,0.010551819160586673,2.2605392533628215,4.663733299953029,5.094877230313768
diode-bridge,6.0,diode-neve,hold_0.3s,Waves,Neve 2254 diode bridge,vcomp,comp,5.734195898759924,5.73,True,5.75955846686773,5.787273201960144,5.786489310440566,1.1436235723743131,4.717747046839136,5.628354593227971,5.792680703049867,0.300932630433431,3.9536874123923114,5.51370517760027,5.701742417972296,0.010972416020078146,2.4711177204447026,5.192200947204389,5.687711767294671
diode-bridge,6.0,diode-neve,hold_3s,Waves,Neve 2254 diode bridge,vcomp,comp,5.734288210056922,5.73,True,5.762063888402822,5.792594523411453,5.792858248422094,1.1447151122186503,4.719868157324608,5.630382798999617,5.800997832167199,0.30149468341966257,3.95572107655504,5.515756430263689,5.700797408921839,0.010656893233291997,2.472725028181217,5.194303492058869,5.689729822829811
