slug,maker,models,group,element,gr_target_db,hz,gr_db
1176a,UAD,UREI 1176 Rev A bluestripe,fet-1176,fet,10.0,100.0,9.953
1176a,UAD,UREI 1176 Rev A bluestripe,fet-1176,fet,10.0,1000.0,9.971
1176a,UAD,UREI 1176 Rev A bluestripe,fet-1176,fet,10.0,10000.0,9.967
1176a,UAD,UREI 1176 Rev A bluestripe,fet-1176,fet,10.0,125.0,9.958
1176a,UAD,UREI 1176 Rev A bluestripe,fet-1176,fet,10.0,1250.0,9.967
1176a,UAD,UREI 1176 Rev A bluestripe,fet-1176,fet,10.0,12500.0,9.966
1176a,UAD,UREI 1176 Rev A bluestripe,fet-1176,fet,10.0,160.0,9.961
1176a,UAD,UREI 1176 Rev A bluestripe,fet-1176,fet,10.0,1600.0,9.947
1176a,UAD,UREI 1176 Rev A bluestripe,fet-1176,fet,10.0,200.0,9.964
1176a,UAD,UREI 1176 Rev A bluestripe,fet-1176,fet,10.0,2000.0,9.967
1176a,UAD,UREI 1176 Rev A bluestripe,fet-1176,fet,10.0,250.0,9.965
1176a,UAD,UREI 1176 Rev A bluestripe,fet-1176,fet,10.0,2500.0,9.966
1176a,UAD,UREI 1176 Rev A bluestripe,fet-1176,fet,10.0,31.5,9.843
1176a,UAD,UREI 1176 Rev A bluestripe,fet-1176,fet,10.0,315.0,9.966
1176a,UAD,UREI 1176 Rev A bluestripe,fet-1176,fet,10.0,3150.0,9.966
1176a,UAD,UREI 1176 Rev A bluestripe,fet-1176,fet,10.0,40.0,9.884
1176a,UAD,UREI 1176 Rev A bluestripe,fet-1176,fet,10.0,400.0,9.967
1176a,UAD,UREI 1176 Rev A bluestripe,fet-1176,fet,10.0,4000.0,10.035
1176a,UAD,UREI 1176 Rev A bluestripe,fet-1176,fet,10.0,50.0,9.913
1176a,UAD,UREI 1176 Rev A bluestripe,fet-1176,fet,10.0,500.0,9.967
1176a,UAD,UREI 1176 Rev A bluestripe,fet-1176,fet,10.0,5000.0,9.971
1176a,UAD,UREI 1176 Rev A bluestripe,fet-1176,fet,10.0,63.0,9.932
1176a,UAD,UREI 1176 Rev A bluestripe,fet-1176,fet,10.0,630.0,9.967
1176a,UAD,UREI 1176 Rev A bluestripe,fet-1176,fet,10.0,6300.0,9.965
1176a,UAD,UREI 1176 Rev A bluestripe,fet-1176,fet,10.0,80.0,9.945
1176a,UAD,UREI 1176 Rev A bluestripe,fet-1176,fet,10.0,800.0,9.964
1176a,UAD,UREI 1176 Rev A bluestripe,fet-1176,fet,10.0,8000.0,9.23
1176a,UAD,UREI 1176 Rev A bluestripe,fet-1176,fet,15.0,100.0,14.554
1176a,UAD,UREI 1176 Rev A bluestripe,fet-1176,fet,15.0,1000.0,14.577
1176a,UAD,UREI 1176 Rev A bluestripe,fet-1176,fet,15.0,10000.0,14.582
1176a,UAD,UREI 1176 Rev A bluestripe,fet-1176,fet,15.0,125.0,14.561
1176a,UAD,UREI 1176 Rev A bluestripe,fet-1176,fet,15.0,1250.0,14.572
1176a,UAD,UREI 1176 Rev A bluestripe,fet-1176,fet,15.0,12500.0,14.571
1176a,UAD,UREI 1176 Rev A bluestripe,fet-1176,fet,15.0,160.0,14.565
1176a,UAD,UREI 1176 Rev A bluestripe,fet-1176,fet,15.0,1600.0,14.564
1176a,UAD,UREI 1176 Rev A bluestripe,fet-1176,fet,15.0,200.0,14.568
1176a,UAD,UREI 1176 Rev A bluestripe,fet-1176,fet,15.0,2000.0,14.582
1176a,UAD,UREI 1176 Rev A bluestripe,fet-1176,fet,15.0,250.0,14.57
1176a,UAD,UREI 1176 Rev A bluestripe,fet-1176,fet,15.0,2500.0,14.571
1176a,UAD,UREI 1176 Rev A bluestripe,fet-1176,fet,15.0,31.5,14.409
1176a,UAD,UREI 1176 Rev A bluestripe,fet-1176,fet,15.0,315.0,14.571
1176a,UAD,UREI 1176 Rev A bluestripe,fet-1176,fet,15.0,3150.0,14.572
1176a,UAD,UREI 1176 Rev A bluestripe,fet-1176,fet,15.0,40.0,14.463
1176a,UAD,UREI 1176 Rev A bluestripe,fet-1176,fet,15.0,400.0,14.571
1176a,UAD,UREI 1176 Rev A bluestripe,fet-1176,fet,15.0,4000.0,14.631
1176a,UAD,UREI 1176 Rev A bluestripe,fet-1176,fet,15.0,50.0,14.501
1176a,UAD,UREI 1176 Rev A bluestripe,fet-1176,fet,15.0,500.0,14.573
1176a,UAD,UREI 1176 Rev A bluestripe,fet-1176,fet,15.0,5000.0,14.577
1176a,UAD,UREI 1176 Rev A bluestripe,fet-1176,fet,15.0,63.0,14.527
1176a,UAD,UREI 1176 Rev A bluestripe,fet-1176,fet,15.0,630.0,14.573
1176a,UAD,UREI 1176 Rev A bluestripe,fet-1176,fet,15.0,6300.0,14.572
1176a,UAD,UREI 1176 Rev A bluestripe,fet-1176,fet,15.0,80.0,14.544
1176a,UAD,UREI 1176 Rev A bluestripe,fet-1176,fet,15.0,800.0,14.572
1176a,UAD,UREI 1176 Rev A bluestripe,fet-1176,fet,15.0,8000.0,13.857
1176a,UAD,UREI 1176 Rev A bluestripe,fet-1176,fet,3.0,100.0,3.046
1176a,UAD,UREI 1176 Rev A bluestripe,fet-1176,fet,3.0,1000.0,3.046
1176a,UAD,UREI 1176 Rev A bluestripe,fet-1176,fet,3.0,10000.0,3.013
1176a,UAD,UREI 1176 Rev A bluestripe,fet-1176,fet,3.0,125.0,3.048
1176a,UAD,UREI 1176 Rev A bluestripe,fet-1176,fet,3.0,1250.0,3.049
1176a,UAD,UREI 1176 Rev A bluestripe,fet-1176,fet,3.0,12500.0,3.049
1176a,UAD,UREI 1176 Rev A bluestripe,fet-1176,fet,3.0,160.0,3.049
1176a,UAD,UREI 1176 Rev A bluestripe,fet-1176,fet,3.0,1600.0,3.056
1176a,UAD,UREI 1176 Rev A bluestripe,fet-1176,fet,3.0,200.0,3.05
1176a,UAD,UREI 1176 Rev A bluestripe,fet-1176,fet,3.0,2000.0,3.015
1176a,UAD,UREI 1176 Rev A bluestripe,fet-1176,fet,3.0,250.0,3.05
1176a,UAD,UREI 1176 Rev A bluestripe,fet-1176,fet,3.0,2500.0,3.048
1176a,UAD,UREI 1176 Rev A bluestripe,fet-1176,fet,3.0,31.5,3.012
1176a,UAD,UREI 1176 Rev A bluestripe,fet-1176,fet,3.0,315.0,3.05
1176a,UAD,UREI 1176 Rev A bluestripe,fet-1176,fet,3.0,3150.0,3.048
1176a,UAD,UREI 1176 Rev A bluestripe,fet-1176,fet,3.0,40.0,3.025
1176a,UAD,UREI 1176 Rev A bluestripe,fet-1176,fet,3.0,400.0,3.049
1176a,UAD,UREI 1176 Rev A bluestripe,fet-1176,fet,3.0,4000.0,3.117
1176a,UAD,UREI 1176 Rev A bluestripe,fet-1176,fet,3.0,50.0,3.034
1176a,UAD,UREI 1176 Rev A bluestripe,fet-1176,fet,3.0,500.0,3.049
1176a,UAD,UREI 1176 Rev A bluestripe,fet-1176,fet,3.0,5000.0,3.046
1176a,UAD,UREI 1176 Rev A bluestripe,fet-1176,fet,3.0,63.0,3.04
1176a,UAD,UREI 1176 Rev A bluestripe,fet-1176,fet,3.0,630.0,3.049
1176a,UAD,UREI 1176 Rev A bluestripe,fet-1176,fet,3.0,6300.0,3.048
1176a,UAD,UREI 1176 Rev A bluestripe,fet-1176,fet,3.0,80.0,3.044
1176a,UAD,UREI 1176 Rev A bluestripe,fet-1176,fet,3.0,800.0,3.05
1176a,UAD,UREI 1176 Rev A bluestripe,fet-1176,fet,3.0,8000.0,2.323
1176a,UAD,UREI 1176 Rev A bluestripe,fet-1176,fet,6.0,100.0,6.976
1176a,UAD,UREI 1176 Rev A bluestripe,fet-1176,fet,6.0,1000.0,6.985
1176a,UAD,UREI 1176 Rev A bluestripe,fet-1176,fet,6.0,10000.0,6.974
1176a,UAD,UREI 1176 Rev A bluestripe,fet-1176,fet,6.0,125.0,6.98
1176a,UAD,UREI 1176 Rev A bluestripe,fet-1176,fet,6.0,1250.0,6.985
1176a,UAD,UREI 1176 Rev A bluestripe,fet-1176,fet,6.0,12500.0,6.986
1176a,UAD,UREI 1176 Rev A bluestripe,fet-1176,fet,6.0,160.0,6.982
1176a,UAD,UREI 1176 Rev A bluestripe,fet-1176,fet,6.0,1600.0,6.969
1176a,UAD,UREI 1176 Rev A bluestripe,fet-1176,fet,6.0,200.0,6.984
1176a,UAD,UREI 1176 Rev A bluestripe,fet-1176,fet,6.0,2000.0,6.974
1176a,UAD,UREI 1176 Rev A bluestripe,fet-1176,fet,6.0,250.0,6.984
1176a,UAD,UREI 1176 Rev A bluestripe,fet-1176,fet,6.0,2500.0,6.986
1176a,UAD,UREI 1176 Rev A bluestripe,fet-1176,fet,6.0,31.5,6.898
1176a,UAD,UREI 1176 Rev A bluestripe,fet-1176,fet,6.0,315.0,6.985
1176a,UAD,UREI 1176 Rev A bluestripe,fet-1176,fet,6.0,3150.0,6.985
1176a,UAD,UREI 1176 Rev A bluestripe,fet-1176,fet,6.0,40.0,6.928
1176a,UAD,UREI 1176 Rev A bluestripe,fet-1176,fet,6.0,400.0,6.985
1176a,UAD,UREI 1176 Rev A bluestripe,fet-1176,fet,6.0,4000.0,7.059
1176a,UAD,UREI 1176 Rev A bluestripe,fet-1176,fet,6.0,50.0,6.948
1176a,UAD,UREI 1176 Rev A bluestripe,fet-1176,fet,6.0,500.0,6.986
1176a,UAD,UREI 1176 Rev A bluestripe,fet-1176,fet,6.0,5000.0,6.985
1176a,UAD,UREI 1176 Rev A bluestripe,fet-1176,fet,6.0,63.0,6.962
1176a,UAD,UREI 1176 Rev A bluestripe,fet-1176,fet,6.0,630.0,6.985
1176a,UAD,UREI 1176 Rev A bluestripe,fet-1176,fet,6.0,6300.0,6.985
1176a,UAD,UREI 1176 Rev A bluestripe,fet-1176,fet,6.0,80.0,6.971
1176a,UAD,UREI 1176 Rev A bluestripe,fet-1176,fet,6.0,800.0,6.985
1176a,UAD,UREI 1176 Rev A bluestripe,fet-1176,fet,6.0,8000.0,6.239
1176ae,UAD,UREI 1176AE anniversary,fet-1176,fet,10.0,100.0,10.365
1176ae,UAD,UREI 1176AE anniversary,fet-1176,fet,10.0,1000.0,10.382
1176ae,UAD,UREI 1176AE anniversary,fet-1176,fet,10.0,10000.0,10.37
1176ae,UAD,UREI 1176AE anniversary,fet-1176,fet,10.0,125.0,10.371
1176ae,UAD,UREI 1176AE anniversary,fet-1176,fet,10.0,1250.0,10.381
1176ae,UAD,UREI 1176AE anniversary,fet-1176,fet,10.0,12500.0,10.382
1176ae,UAD,UREI 1176AE anniversary,fet-1176,fet,10.0,160.0,10.376
1176ae,UAD,UREI 1176AE anniversary,fet-1176,fet,10.0,1600.0,10.365
1176ae,UAD,UREI 1176AE anniversary,fet-1176,fet,10.0,200.0,10.378
1176ae,UAD,UREI 1176AE anniversary,fet-1176,fet,10.0,2000.0,10.37
1176ae,UAD,UREI 1176AE anniversary,fet-1176,fet,10.0,250.0,10.38
1176ae,UAD,UREI 1176AE anniversary,fet-1176,fet,10.0,2500.0,10.382
1176ae,UAD,UREI 1176AE anniversary,fet-1176,fet,10.0,31.5,10.236
1176ae,UAD,UREI 1176AE anniversary,fet-1176,fet,10.0,315.0,10.381
1176ae,UAD,UREI 1176AE anniversary,fet-1176,fet,10.0,3150.0,10.38
1176ae,UAD,UREI 1176AE anniversary,fet-1176,fet,10.0,40.0,10.284
1176ae,UAD,UREI 1176AE anniversary,fet-1176,fet,10.0,400.0,10.38
1176ae,UAD,UREI 1176AE anniversary,fet-1176,fet,10.0,4000.0,10.459
1176ae,UAD,UREI 1176AE anniversary,fet-1176,fet,10.0,50.0,10.317
1176ae,UAD,UREI 1176AE anniversary,fet-1176,fet,10.0,500.0,10.381
1176ae,UAD,UREI 1176AE anniversary,fet-1176,fet,10.0,5000.0,10.381
1176ae,UAD,UREI 1176AE anniversary,fet-1176,fet,10.0,63.0,10.341
1176ae,UAD,UREI 1176AE anniversary,fet-1176,fet,10.0,630.0,10.382
1176ae,UAD,UREI 1176AE anniversary,fet-1176,fet,10.0,6300.0,10.381
1176ae,UAD,UREI 1176AE anniversary,fet-1176,fet,10.0,80.0,10.356
1176ae,UAD,UREI 1176AE anniversary,fet-1176,fet,10.0,800.0,10.381
1176ae,UAD,UREI 1176AE anniversary,fet-1176,fet,10.0,8000.0,9.589
1176ae,UAD,UREI 1176AE anniversary,fet-1176,fet,15.0,100.0,14.971
1176ae,UAD,UREI 1176AE anniversary,fet-1176,fet,15.0,1000.0,14.998
1176ae,UAD,UREI 1176AE anniversary,fet-1176,fet,15.0,10000.0,14.994
1176ae,UAD,UREI 1176AE anniversary,fet-1176,fet,15.0,125.0,14.979
1176ae,UAD,UREI 1176AE anniversary,fet-1176,fet,15.0,1250.0,14.994
1176ae,UAD,UREI 1176AE anniversary,fet-1176,fet,15.0,12500.0,14.993
1176ae,UAD,UREI 1176AE anniversary,fet-1176,fet,15.0,160.0,14.985
1176ae,UAD,UREI 1176AE anniversary,fet-1176,fet,15.0,1600.0,14.972
1176ae,UAD,UREI 1176AE anniversary,fet-1176,fet,15.0,200.0,14.989
1176ae,UAD,UREI 1176AE anniversary,fet-1176,fet,15.0,2000.0,14.994
1176ae,UAD,UREI 1176AE anniversary,fet-1176,fet,15.0,250.0,14.99
1176ae,UAD,UREI 1176AE anniversary,fet-1176,fet,15.0,2500.0,14.993
1176ae,UAD,UREI 1176AE anniversary,fet-1176,fet,15.0,31.5,14.795
1176ae,UAD,UREI 1176AE anniversary,fet-1176,fet,15.0,315.0,14.992
1176ae,UAD,UREI 1176AE anniversary,fet-1176,fet,15.0,3150.0,14.993
1176ae,UAD,UREI 1176AE anniversary,fet-1176,fet,15.0,40.0,14.859
1176ae,UAD,UREI 1176AE anniversary,fet-1176,fet,15.0,400.0,14.994
1176ae,UAD,UREI 1176AE anniversary,fet-1176,fet,15.0,4000.0,15.068
1176ae,UAD,UREI 1176AE anniversary,fet-1176,fet,15.0,50.0,14.904
1176ae,UAD,UREI 1176AE anniversary,fet-1176,fet,15.0,500.0,14.994
1176ae,UAD,UREI 1176AE anniversary,fet-1176,fet,15.0,5000.0,14.998
1176ae,UAD,UREI 1176AE anniversary,fet-1176,fet,15.0,63.0,14.936
1176ae,UAD,UREI 1176AE anniversary,fet-1176,fet,15.0,630.0,14.994
1176ae,UAD,UREI 1176AE anniversary,fet-1176,fet,15.0,6300.0,14.992
1176ae,UAD,UREI 1176AE anniversary,fet-1176,fet,15.0,80.0,14.958
1176ae,UAD,UREI 1176AE anniversary,fet-1176,fet,15.0,800.0,14.993
1176ae,UAD,UREI 1176AE anniversary,fet-1176,fet,15.0,8000.0,14.211
1176ae,UAD,UREI 1176AE anniversary,fet-1176,fet,3.0,100.0,3.497
1176ae,UAD,UREI 1176AE anniversary,fet-1176,fet,3.0,1000.0,3.503
1176ae,UAD,UREI 1176AE anniversary,fet-1176,fet,3.0,10000.0,3.481
1176ae,UAD,UREI 1176AE anniversary,fet-1176,fet,3.0,125.0,3.499
1176ae,UAD,UREI 1176AE anniversary,fet-1176,fet,3.0,1250.0,3.5
1176ae,UAD,UREI 1176AE anniversary,fet-1176,fet,3.0,12500.0,3.501
1176ae,UAD,UREI 1176AE anniversary,fet-1176,fet,3.0,160.0,3.5
1176ae,UAD,UREI 1176AE anniversary,fet-1176,fet,3.0,1600.0,3.512
1176ae,UAD,UREI 1176AE anniversary,fet-1176,fet,3.0,200.0,3.501
1176ae,UAD,UREI 1176AE anniversary,fet-1176,fet,3.0,2000.0,3.481
1176ae,UAD,UREI 1176AE anniversary,fet-1176,fet,3.0,250.0,3.502
1176ae,UAD,UREI 1176AE anniversary,fet-1176,fet,3.0,2500.0,3.501
1176ae,UAD,UREI 1176AE anniversary,fet-1176,fet,3.0,31.5,3.454
1176ae,UAD,UREI 1176AE anniversary,fet-1176,fet,3.0,315.0,3.502
1176ae,UAD,UREI 1176AE anniversary,fet-1176,fet,3.0,3150.0,3.5
1176ae,UAD,UREI 1176AE anniversary,fet-1176,fet,3.0,40.0,3.471
1176ae,UAD,UREI 1176AE anniversary,fet-1176,fet,3.0,400.0,3.502
1176ae,UAD,UREI 1176AE anniversary,fet-1176,fet,3.0,4000.0,3.572
1176ae,UAD,UREI 1176AE anniversary,fet-1176,fet,3.0,50.0,3.482
1176ae,UAD,UREI 1176AE anniversary,fet-1176,fet,3.0,500.0,3.501
1176ae,UAD,UREI 1176AE anniversary,fet-1176,fet,3.0,5000.0,3.503
1176ae,UAD,UREI 1176AE anniversary,fet-1176,fet,3.0,63.0,3.489
1176ae,UAD,UREI 1176AE anniversary,fet-1176,fet,3.0,630.0,3.501
1176ae,UAD,UREI 1176AE anniversary,fet-1176,fet,3.0,6300.0,3.5
1176ae,UAD,UREI 1176AE anniversary,fet-1176,fet,3.0,80.0,3.494
1176ae,UAD,UREI 1176AE anniversary,fet-1176,fet,3.0,800.0,3.499
1176ae,UAD,UREI 1176AE anniversary,fet-1176,fet,3.0,8000.0,2.688
1176ae,UAD,UREI 1176AE anniversary,fet-1176,fet,6.0,100.0,6.023
1176ae,UAD,UREI 1176AE anniversary,fet-1176,fet,6.0,1000.0,6.025
1176ae,UAD,UREI 1176AE anniversary,fet-1176,fet,6.0,10000.0,5.999
1176ae,UAD,UREI 1176AE anniversary,fet-1176,fet,6.0,125.0,6.026
1176ae,UAD,UREI 1176AE anniversary,fet-1176,fet,6.0,1250.0,6.031
1176ae,UAD,UREI 1176AE anniversary,fet-1176,fet,6.0,12500.0,6.029
1176ae,UAD,UREI 1176AE anniversary,fet-1176,fet,6.0,160.0,6.028
1176ae,UAD,UREI 1176AE anniversary,fet-1176,fet,6.0,1600.0,6.035
1176ae,UAD,UREI 1176AE anniversary,fet-1176,fet,6.0,200.0,6.03
1176ae,UAD,UREI 1176AE anniversary,fet-1176,fet,6.0,2000.0,5.999
1176ae,UAD,UREI 1176AE anniversary,fet-1176,fet,6.0,250.0,6.031
1176ae,UAD,UREI 1176AE anniversary,fet-1176,fet,6.0,2500.0,6.029
1176ae,UAD,UREI 1176AE anniversary,fet-1176,fet,6.0,31.5,5.948
1176ae,UAD,UREI 1176AE anniversary,fet-1176,fet,6.0,315.0,6.031
1176ae,UAD,UREI 1176AE anniversary,fet-1176,fet,6.0,3150.0,6.03
1176ae,UAD,UREI 1176AE anniversary,fet-1176,fet,6.0,40.0,5.976
1176ae,UAD,UREI 1176AE anniversary,fet-1176,fet,6.0,400.0,6.032
1176ae,UAD,UREI 1176AE anniversary,fet-1176,fet,6.0,4000.0,6.11
1176ae,UAD,UREI 1176AE anniversary,fet-1176,fet,6.0,50.0,5.995
1176ae,UAD,UREI 1176AE anniversary,fet-1176,fet,6.0,500.0,6.033
1176ae,UAD,UREI 1176AE anniversary,fet-1176,fet,6.0,5000.0,6.022
1176ae,UAD,UREI 1176AE anniversary,fet-1176,fet,6.0,63.0,6.009
1176ae,UAD,UREI 1176AE anniversary,fet-1176,fet,6.0,630.0,6.032
1176ae,UAD,UREI 1176AE anniversary,fet-1176,fet,6.0,6300.0,6.031
1176ae,UAD,UREI 1176AE anniversary,fet-1176,fet,6.0,80.0,6.017
1176ae,UAD,UREI 1176AE anniversary,fet-1176,fet,6.0,800.0,6.034
1176ae,UAD,UREI 1176AE anniversary,fet-1176,fet,6.0,8000.0,5.218
1176ln,UAD,UREI 1176LN Rev E,fet-1176,fet,10.0,100.0,10.576
1176ln,UAD,UREI 1176LN Rev E,fet-1176,fet,10.0,1000.0,10.597
1176ln,UAD,UREI 1176LN Rev E,fet-1176,fet,10.0,10000.0,10.596
1176ln,UAD,UREI 1176LN Rev E,fet-1176,fet,10.0,125.0,10.583
1176ln,UAD,UREI 1176LN Rev E,fet-1176,fet,10.0,1250.0,10.593
1176ln,UAD,UREI 1176LN Rev E,fet-1176,fet,10.0,12500.0,10.592
1176ln,UAD,UREI 1176LN Rev E,fet-1176,fet,10.0,160.0,10.587
1176ln,UAD,UREI 1176LN Rev E,fet-1176,fet,10.0,1600.0,10.576
1176ln,UAD,UREI 1176LN Rev E,fet-1176,fet,10.0,200.0,10.589
1176ln,UAD,UREI 1176LN Rev E,fet-1176,fet,10.0,2000.0,10.596
1176ln,UAD,UREI 1176LN Rev E,fet-1176,fet,10.0,250.0,10.59
1176ln,UAD,UREI 1176LN Rev E,fet-1176,fet,10.0,2500.0,10.592
1176ln,UAD,UREI 1176LN Rev E,fet-1176,fet,10.0,31.5,10.449
1176ln,UAD,UREI 1176LN Rev E,fet-1176,fet,10.0,315.0,10.591
1176ln,UAD,UREI 1176LN Rev E,fet-1176,fet,10.0,3150.0,10.593
1176ln,UAD,UREI 1176LN Rev E,fet-1176,fet,10.0,40.0,10.497
1176ln,UAD,UREI 1176LN Rev E,fet-1176,fet,10.0,400.0,10.593
1176ln,UAD,UREI 1176LN Rev E,fet-1176,fet,10.0,4000.0,10.661
1176ln,UAD,UREI 1176LN Rev E,fet-1176,fet,10.0,50.0,10.53
1176ln,UAD,UREI 1176LN Rev E,fet-1176,fet,10.0,500.0,10.593
1176ln,UAD,UREI 1176LN Rev E,fet-1176,fet,10.0,5000.0,10.598
1176ln,UAD,UREI 1176LN Rev E,fet-1176,fet,10.0,63.0,10.553
1176ln,UAD,UREI 1176LN Rev E,fet-1176,fet,10.0,630.0,10.593
1176ln,UAD,UREI 1176LN Rev E,fet-1176,fet,10.0,6300.0,10.593
1176ln,UAD,UREI 1176LN Rev E,fet-1176,fet,10.0,80.0,10.568
1176ln,UAD,UREI 1176LN Rev E,fet-1176,fet,10.0,800.0,10.59
1176ln,UAD,UREI 1176LN Rev E,fet-1176,fet,10.0,8000.0,9.841
1176ln,UAD,UREI 1176LN Rev E,fet-1176,fet,15.0,100.0,15.368
1176ln,UAD,UREI 1176LN Rev E,fet-1176,fet,15.0,1000.0,15.392
1176ln,UAD,UREI 1176LN Rev E,fet-1176,fet,15.0,10000.0,15.398
1176ln,UAD,UREI 1176LN Rev E,fet-1176,fet,15.0,125.0,15.376
1176ln,UAD,UREI 1176LN Rev E,fet-1176,fet,15.0,1250.0,15.388
1176ln,UAD,UREI 1176LN Rev E,fet-1176,fet,15.0,12500.0,15.387
1176ln,UAD,UREI 1176LN Rev E,fet-1176,fet,15.0,160.0,15.38
1176ln,UAD,UREI 1176LN Rev E,fet-1176,fet,15.0,1600.0,15.38
1176ln,UAD,UREI 1176LN Rev E,fet-1176,fet,15.0,200.0,15.383
1176ln,UAD,UREI 1176LN Rev E,fet-1176,fet,15.0,2000.0,15.398
1176ln,UAD,UREI 1176LN Rev E,fet-1176,fet,15.0,250.0,15.385
1176ln,UAD,UREI 1176LN Rev E,fet-1176,fet,15.0,2500.0,15.387
1176ln,UAD,UREI 1176LN Rev E,fet-1176,fet,15.0,31.5,15.215
1176ln,UAD,UREI 1176LN Rev E,fet-1176,fet,15.0,315.0,15.386
1176ln,UAD,UREI 1176LN Rev E,fet-1176,fet,15.0,3150.0,15.388
1176ln,UAD,UREI 1176LN Rev E,fet-1176,fet,15.0,40.0,15.272
1176ln,UAD,UREI 1176LN Rev E,fet-1176,fet,15.0,400.0,15.386
1176ln,UAD,UREI 1176LN Rev E,fet-1176,fet,15.0,4000.0,15.446
1176ln,UAD,UREI 1176LN Rev E,fet-1176,fet,15.0,50.0,15.312
1176ln,UAD,UREI 1176LN Rev E,fet-1176,fet,15.0,500.0,15.388
1176ln,UAD,UREI 1176LN Rev E,fet-1176,fet,15.0,5000.0,15.393
1176ln,UAD,UREI 1176LN Rev E,fet-1176,fet,15.0,63.0,15.339
1176ln,UAD,UREI 1176LN Rev E,fet-1176,fet,15.0,630.0,15.388
1176ln,UAD,UREI 1176LN Rev E,fet-1176,fet,15.0,6300.0,15.389
1176ln,UAD,UREI 1176LN Rev E,fet-1176,fet,15.0,80.0,15.357
1176ln,UAD,UREI 1176LN Rev E,fet-1176,fet,15.0,800.0,15.387
1176ln,UAD,UREI 1176LN Rev E,fet-1176,fet,15.0,8000.0,14.679
1176ln,UAD,UREI 1176LN Rev E,fet-1176,fet,3.0,100.0,2.999
1176ln,UAD,UREI 1176LN Rev E,fet-1176,fet,3.0,1000.0,3.0
1176ln,UAD,UREI 1176LN Rev E,fet-1176,fet,3.0,10000.0,2.969
1176ln,UAD,UREI 1176LN Rev E,fet-1176,fet,3.0,125.0,3.001
1176ln,UAD,UREI 1176LN Rev E,fet-1176,fet,3.0,1250.0,3.004
1176ln,UAD,UREI 1176LN Rev E,fet-1176,fet,3.0,12500.0,3.004
1176ln,UAD,UREI 1176LN Rev E,fet-1176,fet,3.0,160.0,3.002
1176ln,UAD,UREI 1176LN Rev E,fet-1176,fet,3.0,1600.0,3.011
1176ln,UAD,UREI 1176LN Rev E,fet-1176,fet,3.0,200.0,3.003
1176ln,UAD,UREI 1176LN Rev E,fet-1176,fet,3.0,2000.0,2.97
1176ln,UAD,UREI 1176LN Rev E,fet-1176,fet,3.0,250.0,3.003
1176ln,UAD,UREI 1176LN Rev E,fet-1176,fet,3.0,2500.0,3.004
1176ln,UAD,UREI 1176LN Rev E,fet-1176,fet,3.0,31.5,2.962
1176ln,UAD,UREI 1176LN Rev E,fet-1176,fet,3.0,315.0,3.003
1176ln,UAD,UREI 1176LN Rev E,fet-1176,fet,3.0,3150.0,3.003
1176ln,UAD,UREI 1176LN Rev E,fet-1176,fet,3.0,40.0,2.976
1176ln,UAD,UREI 1176LN Rev E,fet-1176,fet,3.0,400.0,3.003
1176ln,UAD,UREI 1176LN Rev E,fet-1176,fet,3.0,4000.0,3.073
1176ln,UAD,UREI 1176LN Rev E,fet-1176,fet,3.0,50.0,2.986
1176ln,UAD,UREI 1176LN Rev E,fet-1176,fet,3.0,500.0,3.003
1176ln,UAD,UREI 1176LN Rev E,fet-1176,fet,3.0,5000.0,3.0
1176ln,UAD,UREI 1176LN Rev E,fet-1176,fet,3.0,63.0,2.993
1176ln,UAD,UREI 1176LN Rev E,fet-1176,fet,3.0,630.0,3.003
1176ln,UAD,UREI 1176LN Rev E,fet-1176,fet,3.0,6300.0,3.003
1176ln,UAD,UREI 1176LN Rev E,fet-1176,fet,3.0,80.0,2.997
1176ln,UAD,UREI 1176LN Rev E,fet-1176,fet,3.0,800.0,3.005
1176ln,UAD,UREI 1176LN Rev E,fet-1176,fet,3.0,8000.0,2.272
1176ln,UAD,UREI 1176LN Rev E,fet-1176,fet,6.0,100.0,6.285
1176ln,UAD,UREI 1176LN Rev E,fet-1176,fet,6.0,1000.0,6.294
1176ln,UAD,UREI 1176LN Rev E,fet-1176,fet,6.0,10000.0,6.283
1176ln,UAD,UREI 1176LN Rev E,fet-1176,fet,6.0,125.0,6.289
1176ln,UAD,UREI 1176LN Rev E,fet-1176,fet,6.0,1250.0,6.295
1176ln,UAD,UREI 1176LN Rev E,fet-1176,fet,6.0,12500.0,6.296
1176ln,UAD,UREI 1176LN Rev E,fet-1176,fet,6.0,160.0,6.291
1176ln,UAD,UREI 1176LN Rev E,fet-1176,fet,6.0,1600.0,6.283
1176ln,UAD,UREI 1176LN Rev E,fet-1176,fet,6.0,200.0,6.293
1176ln,UAD,UREI 1176LN Rev E,fet-1176,fet,6.0,2000.0,6.283
1176ln,UAD,UREI 1176LN Rev E,fet-1176,fet,6.0,250.0,6.294
1176ln,UAD,UREI 1176LN Rev E,fet-1176,fet,6.0,2500.0,6.296
1176ln,UAD,UREI 1176LN Rev E,fet-1176,fet,6.0,31.5,6.206
1176ln,UAD,UREI 1176LN Rev E,fet-1176,fet,6.0,315.0,6.294
1176ln,UAD,UREI 1176LN Rev E,fet-1176,fet,6.0,3150.0,6.295
1176ln,UAD,UREI 1176LN Rev E,fet-1176,fet,6.0,40.0,6.236
1176ln,UAD,UREI 1176LN Rev E,fet-1176,fet,6.0,400.0,6.294
1176ln,UAD,UREI 1176LN Rev E,fet-1176,fet,6.0,4000.0,6.37
1176ln,UAD,UREI 1176LN Rev E,fet-1176,fet,6.0,50.0,6.257
1176ln,UAD,UREI 1176LN Rev E,fet-1176,fet,6.0,500.0,6.295
1176ln,UAD,UREI 1176LN Rev E,fet-1176,fet,6.0,5000.0,6.295
1176ln,UAD,UREI 1176LN Rev E,fet-1176,fet,6.0,63.0,6.271
1176ln,UAD,UREI 1176LN Rev E,fet-1176,fet,6.0,630.0,6.295
1176ln,UAD,UREI 1176LN Rev E,fet-1176,fet,6.0,6300.0,6.295
1176ln,UAD,UREI 1176LN Rev E,fet-1176,fet,6.0,80.0,6.28
1176ln,UAD,UREI 1176LN Rev E,fet-1176,fet,6.0,800.0,6.296
1176ln,UAD,UREI 1176LN Rev E,fet-1176,fet,6.0,8000.0,5.545
api2500,Waves,API 2500,vca-api,vca,10.0,100.0,9.974
api2500,Waves,API 2500,vca-api,vca,10.0,1000.0,9.994
api2500,Waves,API 2500,vca-api,vca,10.0,10000.0,9.995
api2500,Waves,API 2500,vca-api,vca,10.0,125.0,9.981
api2500,Waves,API 2500,vca-api,vca,10.0,1250.0,9.994
api2500,Waves,API 2500,vca-api,vca,10.0,12500.0,9.995
api2500,Waves,API 2500,vca-api,vca,10.0,160.0,9.986
api2500,Waves,API 2500,vca-api,vca,10.0,1600.0,9.995
api2500,Waves,API 2500,vca-api,vca,10.0,200.0,9.989
api2500,Waves,API 2500,vca-api,vca,10.0,2000.0,9.995
api2500,Waves,API 2500,vca-api,vca,10.0,250.0,9.991
api2500,Waves,API 2500,vca-api,vca,10.0,2500.0,9.995
api2500,Waves,API 2500,vca-api,vca,10.0,31.5,9.889
api2500,Waves,API 2500,vca-api,vca,10.0,315.0,9.992
api2500,Waves,API 2500,vca-api,vca,10.0,3150.0,9.995
api2500,Waves,API 2500,vca-api,vca,10.0,40.0,9.906
api2500,Waves,API 2500,vca-api,vca,10.0,400.0,9.993
api2500,Waves,API 2500,vca-api,vca,10.0,4000.0,9.995
api2500,Waves,API 2500,vca-api,vca,10.0,50.0,9.928
api2500,Waves,API 2500,vca-api,vca,10.0,500.0,9.994
api2500,Waves,API 2500,vca-api,vca,10.0,5000.0,9.995
api2500,Waves,API 2500,vca-api,vca,10.0,63.0,9.948
api2500,Waves,API 2500,vca-api,vca,10.0,630.0,9.994
api2500,Waves,API 2500,vca-api,vca,10.0,6300.0,9.995
api2500,Waves,API 2500,vca-api,vca,10.0,80.0,9.964
api2500,Waves,API 2500,vca-api,vca,10.0,800.0,9.994
api2500,Waves,API 2500,vca-api,vca,10.0,8000.0,9.995
api2500,Waves,API 2500,vca-api,vca,15.0,100.0,14.973
api2500,Waves,API 2500,vca-api,vca,15.0,1000.0,15.0
api2500,Waves,API 2500,vca-api,vca,15.0,10000.0,15.001
api2500,Waves,API 2500,vca-api,vca,15.0,125.0,14.982
api2500,Waves,API 2500,vca-api,vca,15.0,1250.0,15.001
api2500,Waves,API 2500,vca-api,vca,15.0,12500.0,15.001
api2500,Waves,API 2500,vca-api,vca,15.0,160.0,14.99
api2500,Waves,API 2500,vca-api,vca,15.0,1600.0,15.001
api2500,Waves,API 2500,vca-api,vca,15.0,200.0,14.994
api2500,Waves,API 2500,vca-api,vca,15.0,2000.0,15.001
api2500,Waves,API 2500,vca-api,vca,15.0,250.0,14.996
api2500,Waves,API 2500,vca-api,vca,15.0,2500.0,15.001
api2500,Waves,API 2500,vca-api,vca,15.0,31.5,14.808
api2500,Waves,API 2500,vca-api,vca,15.0,315.0,14.998
api2500,Waves,API 2500,vca-api,vca,15.0,3150.0,15.001
api2500,Waves,API 2500,vca-api,vca,15.0,40.0,14.858
api2500,Waves,API 2500,vca-api,vca,15.0,400.0,14.999
api2500,Waves,API 2500,vca-api,vca,15.0,4000.0,15.001
api2500,Waves,API 2500,vca-api,vca,15.0,50.0,14.901
api2500,Waves,API 2500,vca-api,vca,15.0,500.0,15.0
api2500,Waves,API 2500,vca-api,vca,15.0,5000.0,15.001
api2500,Waves,API 2500,vca-api,vca,15.0,63.0,14.934
api2500,Waves,API 2500,vca-api,vca,15.0,630.0,15.0
api2500,Waves,API 2500,vca-api,vca,15.0,6300.0,15.001
api2500,Waves,API 2500,vca-api,vca,15.0,80.0,14.958
api2500,Waves,API 2500,vca-api,vca,15.0,800.0,15.0
api2500,Waves,API 2500,vca-api,vca,15.0,8000.0,15.001
api2500,Waves,API 2500,vca-api,vca,3.0,100.0,3.005
api2500,Waves,API 2500,vca-api,vca,3.0,1000.0,2.99
api2500,Waves,API 2500,vca-api,vca,3.0,10000.0,2.99
api2500,Waves,API 2500,vca-api,vca,3.0,125.0,2.999
api2500,Waves,API 2500,vca-api,vca,3.0,1250.0,2.99
api2500,Waves,API 2500,vca-api,vca,3.0,12500.0,2.99
api2500,Waves,API 2500,vca-api,vca,3.0,160.0,2.995
api2500,Waves,API 2500,vca-api,vca,3.0,1600.0,2.99
api2500,Waves,API 2500,vca-api,vca,3.0,200.0,2.993
api2500,Waves,API 2500,vca-api,vca,3.0,2000.0,2.99
api2500,Waves,API 2500,vca-api,vca,3.0,250.0,2.992
api2500,Waves,API 2500,vca-api,vca,3.0,2500.0,2.99
api2500,Waves,API 2500,vca-api,vca,3.0,31.5,3.164
api2500,Waves,API 2500,vca-api,vca,3.0,315.0,2.991
api2500,Waves,API 2500,vca-api,vca,3.0,3150.0,2.99
api2500,Waves,API 2500,vca-api,vca,3.0,40.0,3.104
api2500,Waves,API 2500,vca-api,vca,3.0,400.0,2.991
api2500,Waves,API 2500,vca-api,vca,3.0,4000.0,2.99
api2500,Waves,API 2500,vca-api,vca,3.0,50.0,3.061
api2500,Waves,API 2500,vca-api,vca,3.0,500.0,2.991
api2500,Waves,API 2500,vca-api,vca,3.0,5000.0,2.99
api2500,Waves,API 2500,vca-api,vca,3.0,63.0,3.032
api2500,Waves,API 2500,vca-api,vca,3.0,630.0,2.99
api2500,Waves,API 2500,vca-api,vca,3.0,6300.0,2.99
api2500,Waves,API 2500,vca-api,vca,3.0,80.0,3.014
api2500,Waves,API 2500,vca-api,vca,3.0,800.0,2.99
api2500,Waves,API 2500,vca-api,vca,3.0,8000.0,2.99
api2500,Waves,API 2500,vca-api,vca,6.0,100.0,5.995
api2500,Waves,API 2500,vca-api,vca,6.0,1000.0,6.001
api2500,Waves,API 2500,vca-api,vca,6.0,10000.0,6.001
api2500,Waves,API 2500,vca-api,vca,6.0,125.0,5.997
api2500,Waves,API 2500,vca-api,vca,6.0,1250.0,6.001
api2500,Waves,API 2500,vca-api,vca,6.0,12500.0,6.001
api2500,Waves,API 2500,vca-api,vca,6.0,160.0,5.998
api2500,Waves,API 2500,vca-api,vca,6.0,1600.0,6.001
api2500,Waves,API 2500,vca-api,vca,6.0,200.0,5.999
api2500,Waves,API 2500,vca-api,vca,6.0,2000.0,6.001
api2500,Waves,API 2500,vca-api,vca,6.0,250.0,6.0
api2500,Waves,API 2500,vca-api,vca,6.0,2500.0,6.001
api2500,Waves,API 2500,vca-api,vca,6.0,31.5,6.024
api2500,Waves,API 2500,vca-api,vca,6.0,315.0,6.001
api2500,Waves,API 2500,vca-api,vca,6.0,3150.0,6.001
api2500,Waves,API 2500,vca-api,vca,6.0,40.0,6.001
api2500,Waves,API 2500,vca-api,vca,6.0,400.0,6.001
api2500,Waves,API 2500,vca-api,vca,6.0,4000.0,6.001
api2500,Waves,API 2500,vca-api,vca,6.0,50.0,5.992
api2500,Waves,API 2500,vca-api,vca,6.0,500.0,6.001
api2500,Waves,API 2500,vca-api,vca,6.0,5000.0,6.001
api2500,Waves,API 2500,vca-api,vca,6.0,63.0,5.99
api2500,Waves,API 2500,vca-api,vca,6.0,630.0,6.001
api2500,Waves,API 2500,vca-api,vca,6.0,6300.0,6.001
api2500,Waves,API 2500,vca-api,vca,6.0,80.0,5.992
api2500,Waves,API 2500,vca-api,vca,6.0,800.0,6.001
api2500,Waves,API 2500,vca-api,vca,6.0,8000.0,6.001
api_vision_comp,UAD,API 527 channel compressor,vca-api,vca,10.0,100.0,9.887
api_vision_comp,UAD,API 527 channel compressor,vca-api,vca,10.0,1000.0,10.008
api_vision_comp,UAD,API 527 channel compressor,vca-api,vca,10.0,10000.0,9.982
api_vision_comp,UAD,API 527 channel compressor,vca-api,vca,10.0,125.0,9.9
api_vision_comp,UAD,API 527 channel compressor,vca-api,vca,10.0,1250.0,10.01
api_vision_comp,UAD,API 527 channel compressor,vca-api,vca,10.0,12500.0,9.962
api_vision_comp,UAD,API 527 channel compressor,vca-api,vca,10.0,160.0,9.922
api_vision_comp,UAD,API 527 channel compressor,vca-api,vca,10.0,1600.0,10.011
api_vision_comp,UAD,API 527 channel compressor,vca-api,vca,10.0,200.0,9.941
api_vision_comp,UAD,API 527 channel compressor,vca-api,vca,10.0,2000.0,10.011
api_vision_comp,UAD,API 527 channel compressor,vca-api,vca,10.0,250.0,9.958
api_vision_comp,UAD,API 527 channel compressor,vca-api,vca,10.0,2500.0,10.011
api_vision_comp,UAD,API 527 channel compressor,vca-api,vca,10.0,31.5,10.226
api_vision_comp,UAD,API 527 channel compressor,vca-api,vca,10.0,315.0,9.973
api_vision_comp,UAD,API 527 channel compressor,vca-api,vca,10.0,3150.0,10.01
api_vision_comp,UAD,API 527 channel compressor,vca-api,vca,10.0,40.0,10.104
api_vision_comp,UAD,API 527 channel compressor,vca-api,vca,10.0,400.0,9.986
api_vision_comp,UAD,API 527 channel compressor,vca-api,vca,10.0,4000.0,10.007
api_vision_comp,UAD,API 527 channel compressor,vca-api,vca,10.0,50.0,10.009
api_vision_comp,UAD,API 527 channel compressor,vca-api,vca,10.0,500.0,9.994
api_vision_comp,UAD,API 527 channel compressor,vca-api,vca,10.0,5000.0,10.006
api_vision_comp,UAD,API 527 channel compressor,vca-api,vca,10.0,63.0,9.94
api_vision_comp,UAD,API 527 channel compressor,vca-api,vca,10.0,630.0,10.001
api_vision_comp,UAD,API 527 channel compressor,vca-api,vca,10.0,6300.0,10.001
api_vision_comp,UAD,API 527 channel compressor,vca-api,vca,10.0,80.0,9.899
api_vision_comp,UAD,API 527 channel compressor,vca-api,vca,10.0,800.0,10.005
api_vision_comp,UAD,API 527 channel compressor,vca-api,vca,10.0,8000.0,9.995
api_vision_comp,UAD,API 527 channel compressor,vca-api,vca,15.0,100.0,11.252
api_vision_comp,UAD,API 527 channel compressor,vca-api,vca,15.0,1000.0,11.379
api_vision_comp,UAD,API 527 channel compressor,vca-api,vca,15.0,10000.0,11.353
api_vision_comp,UAD,API 527 channel compressor,vca-api,vca,15.0,125.0,11.271
api_vision_comp,UAD,API 527 channel compressor,vca-api,vca,15.0,1250.0,11.381
api_vision_comp,UAD,API 527 channel compressor,vca-api,vca,15.0,12500.0,11.333
api_vision_comp,UAD,API 527 channel compressor,vca-api,vca,15.0,160.0,11.293
api_vision_comp,UAD,API 527 channel compressor,vca-api,vca,15.0,1600.0,11.382
api_vision_comp,UAD,API 527 channel compressor,vca-api,vca,15.0,200.0,11.312
api_vision_comp,UAD,API 527 channel compressor,vca-api,vca,15.0,2000.0,11.382
api_vision_comp,UAD,API 527 channel compressor,vca-api,vca,15.0,250.0,11.329
api_vision_comp,UAD,API 527 channel compressor,vca-api,vca,15.0,2500.0,11.382
api_vision_comp,UAD,API 527 channel compressor,vca-api,vca,15.0,31.5,11.568
api_vision_comp,UAD,API 527 channel compressor,vca-api,vca,15.0,315.0,11.344
api_vision_comp,UAD,API 527 channel compressor,vca-api,vca,15.0,3150.0,11.381
api_vision_comp,UAD,API 527 channel compressor,vca-api,vca,15.0,40.0,11.45
api_vision_comp,UAD,API 527 channel compressor,vca-api,vca,15.0,400.0,11.357
api_vision_comp,UAD,API 527 channel compressor,vca-api,vca,15.0,4000.0,11.379
api_vision_comp,UAD,API 527 channel compressor,vca-api,vca,15.0,50.0,11.359
api_vision_comp,UAD,API 527 channel compressor,vca-api,vca,15.0,500.0,11.366
api_vision_comp,UAD,API 527 channel compressor,vca-api,vca,15.0,5000.0,11.377
api_vision_comp,UAD,API 527 channel compressor,vca-api,vca,15.0,63.0,11.294
api_vision_comp,UAD,API 527 channel compressor,vca-api,vca,15.0,630.0,11.372
api_vision_comp,UAD,API 527 channel compressor,vca-api,vca,15.0,6300.0,11.372
api_vision_comp,UAD,API 527 channel compressor,vca-api,vca,15.0,80.0,11.259
api_vision_comp,UAD,API 527 channel compressor,vca-api,vca,15.0,800.0,11.376
api_vision_comp,UAD,API 527 channel compressor,vca-api,vca,15.0,8000.0,11.366
api_vision_comp,UAD,API 527 channel compressor,vca-api,vca,3.0,100.0,3.096
api_vision_comp,UAD,API 527 channel compressor,vca-api,vca,3.0,1000.0,3.156
api_vision_comp,UAD,API 527 channel compressor,vca-api,vca,3.0,10000.0,3.131
api_vision_comp,UAD,API 527 channel compressor,vca-api,vca,3.0,125.0,3.078
api_vision_comp,UAD,API 527 channel compressor,vca-api,vca,3.0,1250.0,3.157
api_vision_comp,UAD,API 527 channel compressor,vca-api,vca,3.0,12500.0,3.112
api_vision_comp,UAD,API 527 channel compressor,vca-api,vca,3.0,160.0,3.077
api_vision_comp,UAD,API 527 channel compressor,vca-api,vca,3.0,1600.0,3.159
api_vision_comp,UAD,API 527 channel compressor,vca-api,vca,3.0,200.0,3.092
api_vision_comp,UAD,API 527 channel compressor,vca-api,vca,3.0,2000.0,3.159
api_vision_comp,UAD,API 527 channel compressor,vca-api,vca,3.0,250.0,3.108
api_vision_comp,UAD,API 527 channel compressor,vca-api,vca,3.0,2500.0,3.158
api_vision_comp,UAD,API 527 channel compressor,vca-api,vca,3.0,31.5,3.533
api_vision_comp,UAD,API 527 channel compressor,vca-api,vca,3.0,315.0,3.123
api_vision_comp,UAD,API 527 channel compressor,vca-api,vca,3.0,3150.0,3.158
api_vision_comp,UAD,API 527 channel compressor,vca-api,vca,3.0,40.0,3.398
api_vision_comp,UAD,API 527 channel compressor,vca-api,vca,3.0,400.0,3.135
api_vision_comp,UAD,API 527 channel compressor,vca-api,vca,3.0,4000.0,3.155
api_vision_comp,UAD,API 527 channel compressor,vca-api,vca,3.0,50.0,3.287
api_vision_comp,UAD,API 527 channel compressor,vca-api,vca,3.0,500.0,3.143
api_vision_comp,UAD,API 527 channel compressor,vca-api,vca,3.0,5000.0,3.154
api_vision_comp,UAD,API 527 channel compressor,vca-api,vca,3.0,63.0,3.198
api_vision_comp,UAD,API 527 channel compressor,vca-api,vca,3.0,630.0,3.149
api_vision_comp,UAD,API 527 channel compressor,vca-api,vca,3.0,6300.0,3.149
api_vision_comp,UAD,API 527 channel compressor,vca-api,vca,3.0,80.0,3.134
api_vision_comp,UAD,API 527 channel compressor,vca-api,vca,3.0,800.0,3.153
api_vision_comp,UAD,API 527 channel compressor,vca-api,vca,3.0,8000.0,3.144
api_vision_comp,UAD,API 527 channel compressor,vca-api,vca,6.0,100.0,5.91
api_vision_comp,UAD,API 527 channel compressor,vca-api,vca,6.0,1000.0,6.003
api_vision_comp,UAD,API 527 channel compressor,vca-api,vca,6.0,10000.0,5.977
api_vision_comp,UAD,API 527 channel compressor,vca-api,vca,6.0,125.0,5.903
api_vision_comp,UAD,API 527 channel compressor,vca-api,vca,6.0,1250.0,6.004
api_vision_comp,UAD,API 527 channel compressor,vca-api,vca,6.0,12500.0,5.957
api_vision_comp,UAD,API 527 channel compressor,vca-api,vca,6.0,160.0,5.918
api_vision_comp,UAD,API 527 channel compressor,vca-api,vca,6.0,1600.0,6.006
api_vision_comp,UAD,API 527 channel compressor,vca-api,vca,6.0,200.0,5.937
api_vision_comp,UAD,API 527 channel compressor,vca-api,vca,6.0,2000.0,6.005
api_vision_comp,UAD,API 527 channel compressor,vca-api,vca,6.0,250.0,5.954
api_vision_comp,UAD,API 527 channel compressor,vca-api,vca,6.0,2500.0,6.006
api_vision_comp,UAD,API 527 channel compressor,vca-api,vca,6.0,31.5,6.312
api_vision_comp,UAD,API 527 channel compressor,vca-api,vca,6.0,315.0,5.969
api_vision_comp,UAD,API 527 channel compressor,vca-api,vca,6.0,3150.0,6.005
api_vision_comp,UAD,API 527 channel compressor,vca-api,vca,6.0,40.0,6.181
api_vision_comp,UAD,API 527 channel compressor,vca-api,vca,6.0,400.0,5.981
api_vision_comp,UAD,API 527 channel compressor,vca-api,vca,6.0,4000.0,6.003
api_vision_comp,UAD,API 527 channel compressor,vca-api,vca,6.0,50.0,6.076
api_vision_comp,UAD,API 527 channel compressor,vca-api,vca,6.0,500.0,5.99
api_vision_comp,UAD,API 527 channel compressor,vca-api,vca,6.0,5000.0,6.001
api_vision_comp,UAD,API 527 channel compressor,vca-api,vca,6.0,63.0,5.994
api_vision_comp,UAD,API 527 channel compressor,vca-api,vca,6.0,630.0,5.996
api_vision_comp,UAD,API 527 channel compressor,vca-api,vca,6.0,6300.0,5.996
api_vision_comp,UAD,API 527 channel compressor,vca-api,vca,6.0,80.0,5.938
api_vision_comp,UAD,API 527 channel compressor,vca-api,vca,6.0,800.0,6.0
api_vision_comp,UAD,API 527 channel compressor,vca-api,vca,6.0,8000.0,5.989
aw_blockparty,Airwindows,blocky compressor,aw-comp,digital,10.0,100.0,11.305
aw_blockparty,Airwindows,blocky compressor,aw-comp,digital,10.0,1000.0,11.173
aw_blockparty,Airwindows,blocky compressor,aw-comp,digital,10.0,10000.0,13.311
aw_blockparty,Airwindows,blocky compressor,aw-comp,digital,10.0,125.0,11.292
aw_blockparty,Airwindows,blocky compressor,aw-comp,digital,10.0,1250.0,11.477
aw_blockparty,Airwindows,blocky compressor,aw-comp,digital,10.0,12500.0,15.087
aw_blockparty,Airwindows,blocky compressor,aw-comp,digital,10.0,160.0,11.331
aw_blockparty,Airwindows,blocky compressor,aw-comp,digital,10.0,1600.0,11.728
aw_blockparty,Airwindows,blocky compressor,aw-comp,digital,10.0,200.0,11.26
aw_blockparty,Airwindows,blocky compressor,aw-comp,digital,10.0,2000.0,10.412
aw_blockparty,Airwindows,blocky compressor,aw-comp,digital,10.0,250.0,11.275
aw_blockparty,Airwindows,blocky compressor,aw-comp,digital,10.0,2500.0,11.673
aw_blockparty,Airwindows,blocky compressor,aw-comp,digital,10.0,31.5,10.169
aw_blockparty,Airwindows,blocky compressor,aw-comp,digital,10.0,315.0,11.347
aw_blockparty,Airwindows,blocky compressor,aw-comp,digital,10.0,3150.0,11.74
aw_blockparty,Airwindows,blocky compressor,aw-comp,digital,10.0,40.0,11.461
aw_blockparty,Airwindows,blocky compressor,aw-comp,digital,10.0,400.0,11.218
aw_blockparty,Airwindows,blocky compressor,aw-comp,digital,10.0,4000.0,12.148
aw_blockparty,Airwindows,blocky compressor,aw-comp,digital,10.0,50.0,11.405
aw_blockparty,Airwindows,blocky compressor,aw-comp,digital,10.0,500.0,11.265
aw_blockparty,Airwindows,blocky compressor,aw-comp,digital,10.0,5000.0,11.825
aw_blockparty,Airwindows,blocky compressor,aw-comp,digital,10.0,63.0,11.373
aw_blockparty,Airwindows,blocky compressor,aw-comp,digital,10.0,630.0,11.414
aw_blockparty,Airwindows,blocky compressor,aw-comp,digital,10.0,6300.0,11.967
aw_blockparty,Airwindows,blocky compressor,aw-comp,digital,10.0,80.0,11.328
aw_blockparty,Airwindows,blocky compressor,aw-comp,digital,10.0,800.0,11.457
aw_blockparty,Airwindows,blocky compressor,aw-comp,digital,10.0,8000.0,11.876
aw_blockparty,Airwindows,blocky compressor,aw-comp,digital,15.0,100.0,11.305
aw_blockparty,Airwindows,blocky compressor,aw-comp,digital,15.0,1000.0,11.173
aw_blockparty,Airwindows,blocky compressor,aw-comp,digital,15.0,10000.0,13.311
aw_blockparty,Airwindows,blocky compressor,aw-comp,digital,15.0,125.0,11.292
aw_blockparty,Airwindows,blocky compressor,aw-comp,digital,15.0,1250.0,11.477
aw_blockparty,Airwindows,blocky compressor,aw-comp,digital,15.0,12500.0,15.087
aw_blockparty,Airwindows,blocky compressor,aw-comp,digital,15.0,160.0,11.331
aw_blockparty,Airwindows,blocky compressor,aw-comp,digital,15.0,1600.0,11.728
aw_blockparty,Airwindows,blocky compressor,aw-comp,digital,15.0,200.0,11.26
aw_blockparty,Airwindows,blocky compressor,aw-comp,digital,15.0,2000.0,10.412
aw_blockparty,Airwindows,blocky compressor,aw-comp,digital,15.0,250.0,11.275
aw_blockparty,Airwindows,blocky compressor,aw-comp,digital,15.0,2500.0,11.673
aw_blockparty,Airwindows,blocky compressor,aw-comp,digital,15.0,31.5,10.169
aw_blockparty,Airwindows,blocky compressor,aw-comp,digital,15.0,315.0,11.347
aw_blockparty,Airwindows,blocky compressor,aw-comp,digital,15.0,3150.0,11.74
aw_blockparty,Airwindows,blocky compressor,aw-comp,digital,15.0,40.0,11.461
aw_blockparty,Airwindows,blocky compressor,aw-comp,digital,15.0,400.0,11.218
aw_blockparty,Airwindows,blocky compressor,aw-comp,digital,15.0,4000.0,12.148
aw_blockparty,Airwindows,blocky compressor,aw-comp,digital,15.0,50.0,11.405
aw_blockparty,Airwindows,blocky compressor,aw-comp,digital,15.0,500.0,11.265
aw_blockparty,Airwindows,blocky compressor,aw-comp,digital,15.0,5000.0,11.825
aw_blockparty,Airwindows,blocky compressor,aw-comp,digital,15.0,63.0,11.373
aw_blockparty,Airwindows,blocky compressor,aw-comp,digital,15.0,630.0,11.414
aw_blockparty,Airwindows,blocky compressor,aw-comp,digital,15.0,6300.0,11.967
aw_blockparty,Airwindows,blocky compressor,aw-comp,digital,15.0,80.0,11.328
aw_blockparty,Airwindows,blocky compressor,aw-comp,digital,15.0,800.0,11.457
aw_blockparty,Airwindows,blocky compressor,aw-comp,digital,15.0,8000.0,11.876
aw_blockparty,Airwindows,blocky compressor,aw-comp,digital,3.0,100.0,0.747
aw_blockparty,Airwindows,blocky compressor,aw-comp,digital,3.0,1000.0,0.757
aw_blockparty,Airwindows,blocky compressor,aw-comp,digital,3.0,10000.0,0.988
aw_blockparty,Airwindows,blocky compressor,aw-comp,digital,3.0,125.0,0.751
aw_blockparty,Airwindows,blocky compressor,aw-comp,digital,3.0,1250.0,0.791
aw_blockparty,Airwindows,blocky compressor,aw-comp,digital,3.0,12500.0,0.719
aw_blockparty,Airwindows,blocky compressor,aw-comp,digital,3.0,160.0,0.748
aw_blockparty,Airwindows,blocky compressor,aw-comp,digital,3.0,1600.0,0.753
aw_blockparty,Airwindows,blocky compressor,aw-comp,digital,3.0,200.0,0.744
aw_blockparty,Airwindows,blocky compressor,aw-comp,digital,3.0,2000.0,0.826
aw_blockparty,Airwindows,blocky compressor,aw-comp,digital,3.0,250.0,0.767
aw_blockparty,Airwindows,blocky compressor,aw-comp,digital,3.0,2500.0,0.8
aw_blockparty,Airwindows,blocky compressor,aw-comp,digital,3.0,31.5,-1.423
aw_blockparty,Airwindows,blocky compressor,aw-comp,digital,3.0,315.0,0.747
aw_blockparty,Airwindows,blocky compressor,aw-comp,digital,3.0,3150.0,0.827
aw_blockparty,Airwindows,blocky compressor,aw-comp,digital,3.0,40.0,0.752
aw_blockparty,Airwindows,blocky compressor,aw-comp,digital,3.0,400.0,0.762
aw_blockparty,Airwindows,blocky compressor,aw-comp,digital,3.0,4000.0,0.794
aw_blockparty,Airwindows,blocky compressor,aw-comp,digital,3.0,50.0,0.75
aw_blockparty,Airwindows,blocky compressor,aw-comp,digital,3.0,500.0,0.759
aw_blockparty,Airwindows,blocky compressor,aw-comp,digital,3.0,5000.0,0.996
aw_blockparty,Airwindows,blocky compressor,aw-comp,digital,3.0,63.0,0.75
aw_blockparty,Airwindows,blocky compressor,aw-comp,digital,3.0,630.0,0.757
aw_blockparty,Airwindows,blocky compressor,aw-comp,digital,3.0,6300.0,0.889
aw_blockparty,Airwindows,blocky compressor,aw-comp,digital,3.0,80.0,0.753
aw_blockparty,Airwindows,blocky compressor,aw-comp,digital,3.0,800.0,0.754
aw_blockparty,Airwindows,blocky compressor,aw-comp,digital,3.0,8000.0,-0.113
aw_blockparty,Airwindows,blocky compressor,aw-comp,digital,6.0,100.0,4.215
aw_blockparty,Airwindows,blocky compressor,aw-comp,digital,6.0,1000.0,4.312
aw_blockparty,Airwindows,blocky compressor,aw-comp,digital,6.0,10000.0,5.026
aw_blockparty,Airwindows,blocky compressor,aw-comp,digital,6.0,125.0,4.203
aw_blockparty,Airwindows,blocky compressor,aw-comp,digital,6.0,1250.0,4.231
aw_blockparty,Airwindows,blocky compressor,aw-comp,digital,6.0,12500.0,4.545
aw_blockparty,Airwindows,blocky compressor,aw-comp,digital,6.0,160.0,4.231
aw_blockparty,Airwindows,blocky compressor,aw-comp,digital,6.0,1600.0,4.26
aw_blockparty,Airwindows,blocky compressor,aw-comp,digital,6.0,200.0,4.197
aw_blockparty,Airwindows,blocky compressor,aw-comp,digital,6.0,2000.0,4.435
aw_blockparty,Airwindows,blocky compressor,aw-comp,digital,6.0,250.0,4.234
aw_blockparty,Airwindows,blocky compressor,aw-comp,digital,6.0,2500.0,4.263
aw_blockparty,Airwindows,blocky compressor,aw-comp,digital,6.0,31.5,2.438
aw_blockparty,Airwindows,blocky compressor,aw-comp,digital,6.0,315.0,4.22
aw_blockparty,Airwindows,blocky compressor,aw-comp,digital,6.0,3150.0,4.378
aw_blockparty,Airwindows,blocky compressor,aw-comp,digital,6.0,40.0,4.252
aw_blockparty,Airwindows,blocky compressor,aw-comp,digital,6.0,400.0,4.184
aw_blockparty,Airwindows,blocky compressor,aw-comp,digital,6.0,4000.0,4.584
aw_blockparty,Airwindows,blocky compressor,aw-comp,digital,6.0,50.0,4.247
aw_blockparty,Airwindows,blocky compressor,aw-comp,digital,6.0,500.0,4.229
aw_blockparty,Airwindows,blocky compressor,aw-comp,digital,6.0,5000.0,4.179
aw_blockparty,Airwindows,blocky compressor,aw-comp,digital,6.0,63.0,4.23
aw_blockparty,Airwindows,blocky compressor,aw-comp,digital,6.0,630.0,4.248
aw_blockparty,Airwindows,blocky compressor,aw-comp,digital,6.0,6300.0,4.636
aw_blockparty,Airwindows,blocky compressor,aw-comp,digital,6.0,80.0,4.224
aw_blockparty,Airwindows,blocky compressor,aw-comp,digital,6.0,800.0,4.287
aw_blockparty,Airwindows,blocky compressor,aw-comp,digital,6.0,8000.0,4.202
aw_buttercomp2,Airwindows,bidirectional compressor,aw-comp,digital,10.0,100.0,4.847
aw_buttercomp2,Airwindows,bidirectional compressor,aw-comp,digital,10.0,1000.0,4.858
aw_buttercomp2,Airwindows,bidirectional compressor,aw-comp,digital,10.0,10000.0,5.435
aw_buttercomp2,Airwindows,bidirectional compressor,aw-comp,digital,10.0,125.0,4.846
aw_buttercomp2,Airwindows,bidirectional compressor,aw-comp,digital,10.0,1250.0,4.865
aw_buttercomp2,Airwindows,bidirectional compressor,aw-comp,digital,10.0,12500.0,5.455
aw_buttercomp2,Airwindows,bidirectional compressor,aw-comp,digital,10.0,160.0,4.846
aw_buttercomp2,Airwindows,bidirectional compressor,aw-comp,digital,10.0,1600.0,4.876
aw_buttercomp2,Airwindows,bidirectional compressor,aw-comp,digital,10.0,200.0,4.846
aw_buttercomp2,Airwindows,bidirectional compressor,aw-comp,digital,10.0,2000.0,4.893
aw_buttercomp2,Airwindows,bidirectional compressor,aw-comp,digital,10.0,250.0,4.847
aw_buttercomp2,Airwindows,bidirectional compressor,aw-comp,digital,10.0,2500.0,4.917
aw_buttercomp2,Airwindows,bidirectional compressor,aw-comp,digital,10.0,31.5,3.468
aw_buttercomp2,Airwindows,bidirectional compressor,aw-comp,digital,10.0,315.0,4.848
aw_buttercomp2,Airwindows,bidirectional compressor,aw-comp,digital,10.0,3150.0,4.955
aw_buttercomp2,Airwindows,bidirectional compressor,aw-comp,digital,10.0,40.0,4.823
aw_buttercomp2,Airwindows,bidirectional compressor,aw-comp,digital,10.0,400.0,4.848
aw_buttercomp2,Airwindows,bidirectional compressor,aw-comp,digital,10.0,4000.0,5.03
aw_buttercomp2,Airwindows,bidirectional compressor,aw-comp,digital,10.0,50.0,4.846
aw_buttercomp2,Airwindows,bidirectional compressor,aw-comp,digital,10.0,500.0,4.85
aw_buttercomp2,Airwindows,bidirectional compressor,aw-comp,digital,10.0,5000.0,5.092
aw_buttercomp2,Airwindows,bidirectional compressor,aw-comp,digital,10.0,63.0,4.847
aw_buttercomp2,Airwindows,bidirectional compressor,aw-comp,digital,10.0,630.0,4.851
aw_buttercomp2,Airwindows,bidirectional compressor,aw-comp,digital,10.0,6300.0,5.197
aw_buttercomp2,Airwindows,bidirectional compressor,aw-comp,digital,10.0,80.0,4.847
aw_buttercomp2,Airwindows,bidirectional compressor,aw-comp,digital,10.0,800.0,4.853
aw_buttercomp2,Airwindows,bidirectional compressor,aw-comp,digital,10.0,8000.0,5.213
aw_buttercomp2,Airwindows,bidirectional compressor,aw-comp,digital,15.0,100.0,4.847
aw_buttercomp2,Airwindows,bidirectional compressor,aw-comp,digital,15.0,1000.0,4.858
aw_buttercomp2,Airwindows,bidirectional compressor,aw-comp,digital,15.0,10000.0,5.434
aw_buttercomp2,Airwindows,bidirectional compressor,aw-comp,digital,15.0,125.0,4.846
aw_buttercomp2,Airwindows,bidirectional compressor,aw-comp,digital,15.0,1250.0,4.865
aw_buttercomp2,Airwindows,bidirectional compressor,aw-comp,digital,15.0,12500.0,5.455
aw_buttercomp2,Airwindows,bidirectional compressor,aw-comp,digital,15.0,160.0,4.846
aw_buttercomp2,Airwindows,bidirectional compressor,aw-comp,digital,15.0,1600.0,4.876
aw_buttercomp2,Airwindows,bidirectional compressor,aw-comp,digital,15.0,200.0,4.846
aw_buttercomp2,Airwindows,bidirectional compressor,aw-comp,digital,15.0,2000.0,4.893
aw_buttercomp2,Airwindows,bidirectional compressor,aw-comp,digital,15.0,250.0,4.847
aw_buttercomp2,Airwindows,bidirectional compressor,aw-comp,digital,15.0,2500.0,4.917
aw_buttercomp2,Airwindows,bidirectional compressor,aw-comp,digital,15.0,31.5,3.468
aw_buttercomp2,Airwindows,bidirectional compressor,aw-comp,digital,15.0,315.0,4.848
aw_buttercomp2,Airwindows,bidirectional compressor,aw-comp,digital,15.0,3150.0,4.955
aw_buttercomp2,Airwindows,bidirectional compressor,aw-comp,digital,15.0,40.0,4.823
aw_buttercomp2,Airwindows,bidirectional compressor,aw-comp,digital,15.0,400.0,4.848
aw_buttercomp2,Airwindows,bidirectional compressor,aw-comp,digital,15.0,4000.0,5.03
aw_buttercomp2,Airwindows,bidirectional compressor,aw-comp,digital,15.0,50.0,4.846
aw_buttercomp2,Airwindows,bidirectional compressor,aw-comp,digital,15.0,500.0,4.85
aw_buttercomp2,Airwindows,bidirectional compressor,aw-comp,digital,15.0,5000.0,5.092
aw_buttercomp2,Airwindows,bidirectional compressor,aw-comp,digital,15.0,63.0,4.847
aw_buttercomp2,Airwindows,bidirectional compressor,aw-comp,digital,15.0,630.0,4.851
aw_buttercomp2,Airwindows,bidirectional compressor,aw-comp,digital,15.0,6300.0,5.197
aw_buttercomp2,Airwindows,bidirectional compressor,aw-comp,digital,15.0,80.0,4.847
aw_buttercomp2,Airwindows,bidirectional compressor,aw-comp,digital,15.0,800.0,4.853
aw_buttercomp2,Airwindows,bidirectional compressor,aw-comp,digital,15.0,8000.0,5.213
aw_buttercomp2,Airwindows,bidirectional compressor,aw-comp,digital,3.0,100.0,4.847
aw_buttercomp2,Airwindows,bidirectional compressor,aw-comp,digital,3.0,1000.0,4.858
aw_buttercomp2,Airwindows,bidirectional compressor,aw-comp,digital,3.0,10000.0,5.434
aw_buttercomp2,Airwindows,bidirectional compressor,aw-comp,digital,3.0,125.0,4.846
aw_buttercomp2,Airwindows,bidirectional compressor,aw-comp,digital,3.0,1250.0,4.865
aw_buttercomp2,Airwindows,bidirectional compressor,aw-comp,digital,3.0,12500.0,5.455
aw_buttercomp2,Airwindows,bidirectional compressor,aw-comp,digital,3.0,160.0,4.846
aw_buttercomp2,Airwindows,bidirectional compressor,aw-comp,digital,3.0,1600.0,4.876
aw_buttercomp2,Airwindows,bidirectional compressor,aw-comp,digital,3.0,200.0,4.846
aw_buttercomp2,Airwindows,bidirectional compressor,aw-comp,digital,3.0,2000.0,4.893
aw_buttercomp2,Airwindows,bidirectional compressor,aw-comp,digital,3.0,250.0,4.847
aw_buttercomp2,Airwindows,bidirectional compressor,aw-comp,digital,3.0,2500.0,4.917
aw_buttercomp2,Airwindows,bidirectional compressor,aw-comp,digital,3.0,31.5,3.468
aw_buttercomp2,Airwindows,bidirectional compressor,aw-comp,digital,3.0,315.0,4.848
aw_buttercomp2,Airwindows,bidirectional compressor,aw-comp,digital,3.0,3150.0,4.955
aw_buttercomp2,Airwindows,bidirectional compressor,aw-comp,digital,3.0,40.0,4.823
aw_buttercomp2,Airwindows,bidirectional compressor,aw-comp,digital,3.0,400.0,4.848
aw_buttercomp2,Airwindows,bidirectional compressor,aw-comp,digital,3.0,4000.0,5.03
aw_buttercomp2,Airwindows,bidirectional compressor,aw-comp,digital,3.0,50.0,4.846
aw_buttercomp2,Airwindows,bidirectional compressor,aw-comp,digital,3.0,500.0,4.85
aw_buttercomp2,Airwindows,bidirectional compressor,aw-comp,digital,3.0,5000.0,5.092
aw_buttercomp2,Airwindows,bidirectional compressor,aw-comp,digital,3.0,63.0,4.847
aw_buttercomp2,Airwindows,bidirectional compressor,aw-comp,digital,3.0,630.0,4.851
aw_buttercomp2,Airwindows,bidirectional compressor,aw-comp,digital,3.0,6300.0,5.197
aw_buttercomp2,Airwindows,bidirectional compressor,aw-comp,digital,3.0,80.0,4.847
aw_buttercomp2,Airwindows,bidirectional compressor,aw-comp,digital,3.0,800.0,4.853
aw_buttercomp2,Airwindows,bidirectional compressor,aw-comp,digital,3.0,8000.0,5.214
aw_buttercomp2,Airwindows,bidirectional compressor,aw-comp,digital,6.0,100.0,4.847
aw_buttercomp2,Airwindows,bidirectional compressor,aw-comp,digital,6.0,1000.0,4.858
aw_buttercomp2,Airwindows,bidirectional compressor,aw-comp,digital,6.0,10000.0,5.435
aw_buttercomp2,Airwindows,bidirectional compressor,aw-comp,digital,6.0,125.0,4.846
aw_buttercomp2,Airwindows,bidirectional compressor,aw-comp,digital,6.0,1250.0,4.865
aw_buttercomp2,Airwindows,bidirectional compressor,aw-comp,digital,6.0,12500.0,5.455
aw_buttercomp2,Airwindows,bidirectional compressor,aw-comp,digital,6.0,160.0,4.846
aw_buttercomp2,Airwindows,bidirectional compressor,aw-comp,digital,6.0,1600.0,4.876
aw_buttercomp2,Airwindows,bidirectional compressor,aw-comp,digital,6.0,200.0,4.846
aw_buttercomp2,Airwindows,bidirectional compressor,aw-comp,digital,6.0,2000.0,4.893
aw_buttercomp2,Airwindows,bidirectional compressor,aw-comp,digital,6.0,250.0,4.847
aw_buttercomp2,Airwindows,bidirectional compressor,aw-comp,digital,6.0,2500.0,4.917
aw_buttercomp2,Airwindows,bidirectional compressor,aw-comp,digital,6.0,31.5,3.468
aw_buttercomp2,Airwindows,bidirectional compressor,aw-comp,digital,6.0,315.0,4.848
aw_buttercomp2,Airwindows,bidirectional compressor,aw-comp,digital,6.0,3150.0,4.955
aw_buttercomp2,Airwindows,bidirectional compressor,aw-comp,digital,6.0,40.0,4.823
aw_buttercomp2,Airwindows,bidirectional compressor,aw-comp,digital,6.0,400.0,4.848
aw_buttercomp2,Airwindows,bidirectional compressor,aw-comp,digital,6.0,4000.0,5.03
aw_buttercomp2,Airwindows,bidirectional compressor,aw-comp,digital,6.0,50.0,4.846
aw_buttercomp2,Airwindows,bidirectional compressor,aw-comp,digital,6.0,500.0,4.85
aw_buttercomp2,Airwindows,bidirectional compressor,aw-comp,digital,6.0,5000.0,5.092
aw_buttercomp2,Airwindows,bidirectional compressor,aw-comp,digital,6.0,63.0,4.847
aw_buttercomp2,Airwindows,bidirectional compressor,aw-comp,digital,6.0,630.0,4.851
aw_buttercomp2,Airwindows,bidirectional compressor,aw-comp,digital,6.0,6300.0,5.197
aw_buttercomp2,Airwindows,bidirectional compressor,aw-comp,digital,6.0,80.0,4.847
aw_buttercomp2,Airwindows,bidirectional compressor,aw-comp,digital,6.0,800.0,4.853
aw_buttercomp2,Airwindows,bidirectional compressor,aw-comp,digital,6.0,8000.0,5.213
aw_compresaturator,Airwindows,compression by saturation,aw-comp,digital,10.0,100.0,6.159
aw_compresaturator,Airwindows,compression by saturation,aw-comp,digital,10.0,1000.0,5.65
aw_compresaturator,Airwindows,compression by saturation,aw-comp,digital,10.0,10000.0,5.02
aw_compresaturator,Airwindows,compression by saturation,aw-comp,digital,10.0,125.0,6.103
aw_compresaturator,Airwindows,compression by saturation,aw-comp,digital,10.0,1250.0,6.208
aw_compresaturator,Airwindows,compression by saturation,aw-comp,digital,10.0,12500.0,6.012
aw_compresaturator,Airwindows,compression by saturation,aw-comp,digital,10.0,160.0,6.029
aw_compresaturator,Airwindows,compression by saturation,aw-comp,digital,10.0,1600.0,5.261
aw_compresaturator,Airwindows,compression by saturation,aw-comp,digital,10.0,200.0,6.23
aw_compresaturator,Airwindows,compression by saturation,aw-comp,digital,10.0,2000.0,5.019
aw_compresaturator,Airwindows,compression by saturation,aw-comp,digital,10.0,250.0,6.208
aw_compresaturator,Airwindows,compression by saturation,aw-comp,digital,10.0,2500.0,6.011
aw_compresaturator,Airwindows,compression by saturation,aw-comp,digital,10.0,31.5,6.123
aw_compresaturator,Airwindows,compression by saturation,aw-comp,digital,10.0,315.0,6.124
aw_compresaturator,Airwindows,compression by saturation,aw-comp,digital,10.0,3150.0,6.052
aw_compresaturator,Airwindows,compression by saturation,aw-comp,digital,10.0,40.0,6.128
aw_compresaturator,Airwindows,compression by saturation,aw-comp,digital,10.0,400.0,6.09
aw_compresaturator,Airwindows,compression by saturation,aw-comp,digital,10.0,4000.0,4.043
aw_compresaturator,Airwindows,compression by saturation,aw-comp,digital,10.0,50.0,6.115
aw_compresaturator,Airwindows,compression by saturation,aw-comp,digital,10.0,500.0,6.013
aw_compresaturator,Airwindows,compression by saturation,aw-comp,digital,10.0,5000.0,5.649
aw_compresaturator,Airwindows,compression by saturation,aw-comp,digital,10.0,63.0,6.146
aw_compresaturator,Airwindows,compression by saturation,aw-comp,digital,10.0,630.0,6.14
aw_compresaturator,Airwindows,compression by saturation,aw-comp,digital,10.0,6300.0,6.169
aw_compresaturator,Airwindows,compression by saturation,aw-comp,digital,10.0,80.0,6.071
aw_compresaturator,Airwindows,compression by saturation,aw-comp,digital,10.0,800.0,5.791
aw_compresaturator,Airwindows,compression by saturation,aw-comp,digital,10.0,8000.0,2.731
aw_compresaturator,Airwindows,compression by saturation,aw-comp,digital,15.0,100.0,6.159
aw_compresaturator,Airwindows,compression by saturation,aw-comp,digital,15.0,1000.0,5.65
aw_compresaturator,Airwindows,compression by saturation,aw-comp,digital,15.0,10000.0,5.02
aw_compresaturator,Airwindows,compression by saturation,aw-comp,digital,15.0,125.0,6.102
aw_compresaturator,Airwindows,compression by saturation,aw-comp,digital,15.0,1250.0,6.208
aw_compresaturator,Airwindows,compression by saturation,aw-comp,digital,15.0,12500.0,6.012
aw_compresaturator,Airwindows,compression by saturation,aw-comp,digital,15.0,160.0,6.03
aw_compresaturator,Airwindows,compression by saturation,aw-comp,digital,15.0,1600.0,5.262
aw_compresaturator,Airwindows,compression by saturation,aw-comp,digital,15.0,200.0,6.23
aw_compresaturator,Airwindows,compression by saturation,aw-comp,digital,15.0,2000.0,5.019
aw_compresaturator,Airwindows,compression by saturation,aw-comp,digital,15.0,250.0,6.209
aw_compresaturator,Airwindows,compression by saturation,aw-comp,digital,15.0,2500.0,6.012
aw_compresaturator,Airwindows,compression by saturation,aw-comp,digital,15.0,31.5,6.123
aw_compresaturator,Airwindows,compression by saturation,aw-comp,digital,15.0,315.0,6.124
aw_compresaturator,Airwindows,compression by saturation,aw-comp,digital,15.0,3150.0,6.052
aw_compresaturator,Airwindows,compression by saturation,aw-comp,digital,15.0,40.0,6.127
aw_compresaturator,Airwindows,compression by saturation,aw-comp,digital,15.0,400.0,6.09
aw_compresaturator,Airwindows,compression by saturation,aw-comp,digital,15.0,4000.0,4.043
aw_compresaturator,Airwindows,compression by saturation,aw-comp,digital,15.0,50.0,6.115
aw_compresaturator,Airwindows,compression by saturation,aw-comp,digital,15.0,500.0,6.014
aw_compresaturator,Airwindows,compression by saturation,aw-comp,digital,15.0,5000.0,5.649
aw_compresaturator,Airwindows,compression by saturation,aw-comp,digital,15.0,63.0,6.145
aw_compresaturator,Airwindows,compression by saturation,aw-comp,digital,15.0,630.0,6.14
aw_compresaturator,Airwindows,compression by saturation,aw-comp,digital,15.0,6300.0,6.168
aw_compresaturator,Airwindows,compression by saturation,aw-comp,digital,15.0,80.0,6.071
aw_compresaturator,Airwindows,compression by saturation,aw-comp,digital,15.0,800.0,5.791
aw_compresaturator,Airwindows,compression by saturation,aw-comp,digital,15.0,8000.0,2.731
aw_compresaturator,Airwindows,compression by saturation,aw-comp,digital,3.0,100.0,4.047
aw_compresaturator,Airwindows,compression by saturation,aw-comp,digital,3.0,1000.0,3.781
aw_compresaturator,Airwindows,compression by saturation,aw-comp,digital,3.0,10000.0,3.314
aw_compresaturator,Airwindows,compression by saturation,aw-comp,digital,3.0,125.0,4.114
aw_compresaturator,Airwindows,compression by saturation,aw-comp,digital,3.0,1250.0,4.189
aw_compresaturator,Airwindows,compression by saturation,aw-comp,digital,3.0,12500.0,4.048
aw_compresaturator,Airwindows,compression by saturation,aw-comp,digital,3.0,160.0,4.06
aw_compresaturator,Airwindows,compression by saturation,aw-comp,digital,3.0,1600.0,3.494
aw_compresaturator,Airwindows,compression by saturation,aw-comp,digital,3.0,200.0,3.987
aw_compresaturator,Airwindows,compression by saturation,aw-comp,digital,3.0,2000.0,3.314
aw_compresaturator,Airwindows,compression by saturation,aw-comp,digital,3.0,250.0,4.19
aw_compresaturator,Airwindows,compression by saturation,aw-comp,digital,3.0,2500.0,4.047
aw_compresaturator,Airwindows,compression by saturation,aw-comp,digital,3.0,31.5,4.094
aw_compresaturator,Airwindows,compression by saturation,aw-comp,digital,3.0,315.0,4.083
aw_compresaturator,Airwindows,compression by saturation,aw-comp,digital,3.0,3150.0,4.077
aw_compresaturator,Airwindows,compression by saturation,aw-comp,digital,3.0,40.0,4.091
aw_compresaturator,Airwindows,compression by saturation,aw-comp,digital,3.0,400.0,4.105
aw_compresaturator,Airwindows,compression by saturation,aw-comp,digital,3.0,4000.0,2.585
aw_compresaturator,Airwindows,compression by saturation,aw-comp,digital,3.0,50.0,4.069
aw_compresaturator,Airwindows,compression by saturation,aw-comp,digital,3.0,500.0,4.049
aw_compresaturator,Airwindows,compression by saturation,aw-comp,digital,3.0,5000.0,3.781
aw_compresaturator,Airwindows,compression by saturation,aw-comp,digital,3.0,63.0,4.107
aw_compresaturator,Airwindows,compression by saturation,aw-comp,digital,3.0,630.0,4.085
aw_compresaturator,Airwindows,compression by saturation,aw-comp,digital,3.0,6300.0,4.162
aw_compresaturator,Airwindows,compression by saturation,aw-comp,digital,3.0,80.0,4.089
aw_compresaturator,Airwindows,compression by saturation,aw-comp,digital,3.0,800.0,3.885
aw_compresaturator,Airwindows,compression by saturation,aw-comp,digital,3.0,8000.0,1.615
aw_compresaturator,Airwindows,compression by saturation,aw-comp,digital,6.0,100.0,6.159
aw_compresaturator,Airwindows,compression by saturation,aw-comp,digital,6.0,1000.0,5.65
aw_compresaturator,Airwindows,compression by saturation,aw-comp,digital,6.0,10000.0,5.02
aw_compresaturator,Airwindows,compression by saturation,aw-comp,digital,6.0,125.0,6.101
aw_compresaturator,Airwindows,compression by saturation,aw-comp,digital,6.0,1250.0,6.208
aw_compresaturator,Airwindows,compression by saturation,aw-comp,digital,6.0,12500.0,6.012
aw_compresaturator,Airwindows,compression by saturation,aw-comp,digital,6.0,160.0,6.029
aw_compresaturator,Airwindows,compression by saturation,aw-comp,digital,6.0,1600.0,5.261
aw_compresaturator,Airwindows,compression by saturation,aw-comp,digital,6.0,200.0,6.23
aw_compresaturator,Airwindows,compression by saturation,aw-comp,digital,6.0,2000.0,5.019
aw_compresaturator,Airwindows,compression by saturation,aw-comp,digital,6.0,250.0,6.208
aw_compresaturator,Airwindows,compression by saturation,aw-comp,digital,6.0,2500.0,6.011
aw_compresaturator,Airwindows,compression by saturation,aw-comp,digital,6.0,31.5,6.122
aw_compresaturator,Airwindows,compression by saturation,aw-comp,digital,6.0,315.0,6.124
aw_compresaturator,Airwindows,compression by saturation,aw-comp,digital,6.0,3150.0,6.052
aw_compresaturator,Airwindows,compression by saturation,aw-comp,digital,6.0,40.0,6.127
aw_compresaturator,Airwindows,compression by saturation,aw-comp,digital,6.0,400.0,6.09
aw_compresaturator,Airwindows,compression by saturation,aw-comp,digital,6.0,4000.0,4.042
aw_compresaturator,Airwindows,compression by saturation,aw-comp,digital,6.0,50.0,6.115
aw_compresaturator,Airwindows,compression by saturation,aw-comp,digital,6.0,500.0,6.013
aw_compresaturator,Airwindows,compression by saturation,aw-comp,digital,6.0,5000.0,5.649
aw_compresaturator,Airwindows,compression by saturation,aw-comp,digital,6.0,63.0,6.145
aw_compresaturator,Airwindows,compression by saturation,aw-comp,digital,6.0,630.0,6.14
aw_compresaturator,Airwindows,compression by saturation,aw-comp,digital,6.0,6300.0,6.169
aw_compresaturator,Airwindows,compression by saturation,aw-comp,digital,6.0,80.0,6.071
aw_compresaturator,Airwindows,compression by saturation,aw-comp,digital,6.0,800.0,5.791
aw_compresaturator,Airwindows,compression by saturation,aw-comp,digital,6.0,8000.0,2.731
aw_logical4,Airwindows,mastering compressor,aw-comp,digital,10.0,100.0,8.13
aw_logical4,Airwindows,mastering compressor,aw-comp,digital,10.0,1000.0,8.118
aw_logical4,Airwindows,mastering compressor,aw-comp,digital,10.0,10000.0,5.861
aw_logical4,Airwindows,mastering compressor,aw-comp,digital,10.0,125.0,8.182
aw_logical4,Airwindows,mastering compressor,aw-comp,digital,10.0,1250.0,8.089
aw_logical4,Airwindows,mastering compressor,aw-comp,digital,10.0,12500.0,4.743
aw_logical4,Airwindows,mastering compressor,aw-comp,digital,10.0,160.0,8.194
aw_logical4,Airwindows,mastering compressor,aw-comp,digital,10.0,1600.0,8.058
aw_logical4,Airwindows,mastering compressor,aw-comp,digital,10.0,200.0,8.19
aw_logical4,Airwindows,mastering compressor,aw-comp,digital,10.0,2000.0,8.031
aw_logical4,Airwindows,mastering compressor,aw-comp,digital,10.0,250.0,8.196
aw_logical4,Airwindows,mastering compressor,aw-comp,digital,10.0,2500.0,7.964
aw_logical4,Airwindows,mastering compressor,aw-comp,digital,10.0,31.5,7.18
aw_logical4,Airwindows,mastering compressor,aw-comp,digital,10.0,315.0,8.174
aw_logical4,Airwindows,mastering compressor,aw-comp,digital,10.0,3150.0,7.874
aw_logical4,Airwindows,mastering compressor,aw-comp,digital,10.0,40.0,7.457
aw_logical4,Airwindows,mastering compressor,aw-comp,digital,10.0,400.0,8.161
aw_logical4,Airwindows,mastering compressor,aw-comp,digital,10.0,4000.0,7.738
aw_logical4,Airwindows,mastering compressor,aw-comp,digital,10.0,50.0,7.708
aw_logical4,Airwindows,mastering compressor,aw-comp,digital,10.0,500.0,8.161
aw_logical4,Airwindows,mastering compressor,aw-comp,digital,10.0,5000.0,7.518
aw_logical4,Airwindows,mastering compressor,aw-comp,digital,10.0,63.0,7.914
aw_logical4,Airwindows,mastering compressor,aw-comp,digital,10.0,630.0,8.137
aw_logical4,Airwindows,mastering compressor,aw-comp,digital,10.0,6300.0,7.179
aw_logical4,Airwindows,mastering compressor,aw-comp,digital,10.0,80.0,8.059
aw_logical4,Airwindows,mastering compressor,aw-comp,digital,10.0,800.0,8.122
aw_logical4,Airwindows,mastering compressor,aw-comp,digital,10.0,8000.0,6.646
aw_logical4,Airwindows,mastering compressor,aw-comp,digital,15.0,100.0,14.665
aw_logical4,Airwindows,mastering compressor,aw-comp,digital,15.0,1000.0,14.941
aw_logical4,Airwindows,mastering compressor,aw-comp,digital,15.0,10000.0,11.396
aw_logical4,Airwindows,mastering compressor,aw-comp,digital,15.0,125.0,14.833
aw_logical4,Airwindows,mastering compressor,aw-comp,digital,15.0,1250.0,14.905
aw_logical4,Airwindows,mastering compressor,aw-comp,digital,15.0,12500.0,9.498
aw_logical4,Airwindows,mastering compressor,aw-comp,digital,15.0,160.0,14.924
aw_logical4,Airwindows,mastering compressor,aw-comp,digital,15.0,1600.0,14.862
aw_logical4,Airwindows,mastering compressor,aw-comp,digital,15.0,200.0,14.962
aw_logical4,Airwindows,mastering compressor,aw-comp,digital,15.0,2000.0,14.817
aw_logical4,Airwindows,mastering compressor,aw-comp,digital,15.0,250.0,14.996
aw_logical4,Airwindows,mastering compressor,aw-comp,digital,15.0,2500.0,14.722
aw_logical4,Airwindows,mastering compressor,aw-comp,digital,15.0,31.5,11.497
aw_logical4,Airwindows,mastering compressor,aw-comp,digital,15.0,315.0,14.99
aw_logical4,Airwindows,mastering compressor,aw-comp,digital,15.0,3150.0,14.586
aw_logical4,Airwindows,mastering compressor,aw-comp,digital,15.0,40.0,12.531
aw_logical4,Airwindows,mastering compressor,aw-comp,digital,15.0,400.0,14.985
aw_logical4,Airwindows,mastering compressor,aw-comp,digital,15.0,4000.0,14.375
aw_logical4,Airwindows,mastering compressor,aw-comp,digital,15.0,50.0,13.352
aw_logical4,Airwindows,mastering compressor,aw-comp,digital,15.0,500.0,14.989
aw_logical4,Airwindows,mastering compressor,aw-comp,digital,15.0,5000.0,14.042
aw_logical4,Airwindows,mastering compressor,aw-comp,digital,15.0,63.0,13.978
aw_logical4,Airwindows,mastering compressor,aw-comp,digital,15.0,630.0,14.966
aw_logical4,Airwindows,mastering compressor,aw-comp,digital,15.0,6300.0,13.516
aw_logical4,Airwindows,mastering compressor,aw-comp,digital,15.0,80.0,14.416
aw_logical4,Airwindows,mastering compressor,aw-comp,digital,15.0,800.0,14.949
aw_logical4,Airwindows,mastering compressor,aw-comp,digital,15.0,8000.0,12.67
aw_logical4,Airwindows,mastering compressor,aw-comp,digital,3.0,100.0,4.151
aw_logical4,Airwindows,mastering compressor,aw-comp,digital,3.0,1000.0,3.974
aw_logical4,Airwindows,mastering compressor,aw-comp,digital,3.0,10000.0,2.759
aw_logical4,Airwindows,mastering compressor,aw-comp,digital,3.0,125.0,4.13
aw_logical4,Airwindows,mastering compressor,aw-comp,digital,3.0,1250.0,3.953
aw_logical4,Airwindows,mastering compressor,aw-comp,digital,3.0,12500.0,2.193
aw_logical4,Airwindows,mastering compressor,aw-comp,digital,3.0,160.0,4.095
aw_logical4,Airwindows,mastering compressor,aw-comp,digital,3.0,1600.0,3.935
aw_logical4,Airwindows,mastering compressor,aw-comp,digital,3.0,200.0,4.067
aw_logical4,Airwindows,mastering compressor,aw-comp,digital,3.0,2000.0,3.922
aw_logical4,Airwindows,mastering compressor,aw-comp,digital,3.0,250.0,4.056
aw_logical4,Airwindows,mastering compressor,aw-comp,digital,3.0,2500.0,3.881
aw_logical4,Airwindows,mastering compressor,aw-comp,digital,3.0,31.5,4.522
aw_logical4,Airwindows,mastering compressor,aw-comp,digital,3.0,315.0,4.029
aw_logical4,Airwindows,mastering compressor,aw-comp,digital,3.0,3150.0,3.831
aw_logical4,Airwindows,mastering compressor,aw-comp,digital,3.0,40.0,4.376
aw_logical4,Airwindows,mastering compressor,aw-comp,digital,3.0,400.0,4.012
aw_logical4,Airwindows,mastering compressor,aw-comp,digital,3.0,4000.0,3.759
aw_logical4,Airwindows,mastering compressor,aw-comp,digital,3.0,50.0,4.285
aw_logical4,Airwindows,mastering compressor,aw-comp,digital,3.0,500.0,4.009
aw_logical4,Airwindows,mastering compressor,aw-comp,digital,3.0,5000.0,3.636
aw_logical4,Airwindows,mastering compressor,aw-comp,digital,3.0,63.0,4.23
aw_logical4,Airwindows,mastering compressor,aw-comp,digital,3.0,630.0,3.988
aw_logical4,Airwindows,mastering compressor,aw-comp,digital,3.0,6300.0,3.452
aw_logical4,Airwindows,mastering compressor,aw-comp,digital,3.0,80.0,4.191
aw_logical4,Airwindows,mastering compressor,aw-comp,digital,3.0,800.0,3.976
aw_logical4,Airwindows,mastering compressor,aw-comp,digital,3.0,8000.0,3.171
aw_logical4,Airwindows,mastering compressor,aw-comp,digital,6.0,100.0,8.13
aw_logical4,Airwindows,mastering compressor,aw-comp,digital,6.0,1000.0,8.118
aw_logical4,Airwindows,mastering compressor,aw-comp,digital,6.0,10000.0,5.861
aw_logical4,Airwindows,mastering compressor,aw-comp,digital,6.0,125.0,8.182
aw_logical4,Airwindows,mastering compressor,aw-comp,digital,6.0,1250.0,8.089
aw_logical4,Airwindows,mastering compressor,aw-comp,digital,6.0,12500.0,4.743
aw_logical4,Airwindows,mastering compressor,aw-comp,digital,6.0,160.0,8.194
aw_logical4,Airwindows,mastering compressor,aw-comp,digital,6.0,1600.0,8.058
aw_logical4,Airwindows,mastering compressor,aw-comp,digital,6.0,200.0,8.19
aw_logical4,Airwindows,mastering compressor,aw-comp,digital,6.0,2000.0,8.031
aw_logical4,Airwindows,mastering compressor,aw-comp,digital,6.0,250.0,8.196
aw_logical4,Airwindows,mastering compressor,aw-comp,digital,6.0,2500.0,7.964
aw_logical4,Airwindows,mastering compressor,aw-comp,digital,6.0,31.5,7.18
aw_logical4,Airwindows,mastering compressor,aw-comp,digital,6.0,315.0,8.174
aw_logical4,Airwindows,mastering compressor,aw-comp,digital,6.0,3150.0,7.874
aw_logical4,Airwindows,mastering compressor,aw-comp,digital,6.0,40.0,7.457
aw_logical4,Airwindows,mastering compressor,aw-comp,digital,6.0,400.0,8.161
aw_logical4,Airwindows,mastering compressor,aw-comp,digital,6.0,4000.0,7.738
aw_logical4,Airwindows,mastering compressor,aw-comp,digital,6.0,50.0,7.708
aw_logical4,Airwindows,mastering compressor,aw-comp,digital,6.0,500.0,8.161
aw_logical4,Airwindows,mastering compressor,aw-comp,digital,6.0,5000.0,7.518
aw_logical4,Airwindows,mastering compressor,aw-comp,digital,6.0,63.0,7.914
aw_logical4,Airwindows,mastering compressor,aw-comp,digital,6.0,630.0,8.137
aw_logical4,Airwindows,mastering compressor,aw-comp,digital,6.0,6300.0,7.179
aw_logical4,Airwindows,mastering compressor,aw-comp,digital,6.0,80.0,8.059
aw_logical4,Airwindows,mastering compressor,aw-comp,digital,6.0,800.0,8.122
aw_logical4,Airwindows,mastering compressor,aw-comp,digital,6.0,8000.0,6.646
aw_pop2,Airwindows,transient-preserving comp,aw-comp,digital,10.0,100.0,0.23
aw_pop2,Airwindows,transient-preserving comp,aw-comp,digital,10.0,1000.0,1.101
aw_pop2,Airwindows,transient-preserving comp,aw-comp,digital,10.0,10000.0,-8.182
aw_pop2,Airwindows,transient-preserving comp,aw-comp,digital,10.0,125.0,-0.052
aw_pop2,Airwindows,transient-preserving comp,aw-comp,digital,10.0,1250.0,-0.42
aw_pop2,Airwindows,transient-preserving comp,aw-comp,digital,10.0,12500.0,0.785
aw_pop2,Airwindows,transient-preserving comp,aw-comp,digital,10.0,160.0,0.229
aw_pop2,Airwindows,transient-preserving comp,aw-comp,digital,10.0,1600.0,-1.833
aw_pop2,Airwindows,transient-preserving comp,aw-comp,digital,10.0,200.0,-0.175
aw_pop2,Airwindows,transient-preserving comp,aw-comp,digital,10.0,2000.0,0.634
aw_pop2,Airwindows,transient-preserving comp,aw-comp,digital,10.0,250.0,0.299
aw_pop2,Airwindows,transient-preserving comp,aw-comp,digital,10.0,2500.0,0.785
aw_pop2,Airwindows,transient-preserving comp,aw-comp,digital,10.0,31.5,-6.989
aw_pop2,Airwindows,transient-preserving comp,aw-comp,digital,10.0,315.0,-0.036
aw_pop2,Airwindows,transient-preserving comp,aw-comp,digital,10.0,3150.0,0.643
aw_pop2,Airwindows,transient-preserving comp,aw-comp,digital,10.0,40.0,0.585
aw_pop2,Airwindows,transient-preserving comp,aw-comp,digital,10.0,400.0,0.165
aw_pop2,Airwindows,transient-preserving comp,aw-comp,digital,10.0,4000.0,2.49
aw_pop2,Airwindows,transient-preserving comp,aw-comp,digital,10.0,50.0,0.563
aw_pop2,Airwindows,transient-preserving comp,aw-comp,digital,10.0,500.0,-0.525
aw_pop2,Airwindows,transient-preserving comp,aw-comp,digital,10.0,5000.0,-2.205
aw_pop2,Airwindows,transient-preserving comp,aw-comp,digital,10.0,63.0,0.202
aw_pop2,Airwindows,transient-preserving comp,aw-comp,digital,10.0,630.0,0.44
aw_pop2,Airwindows,transient-preserving comp,aw-comp,digital,10.0,6300.0,-0.509
aw_pop2,Airwindows,transient-preserving comp,aw-comp,digital,10.0,80.0,0.063
aw_pop2,Airwindows,transient-preserving comp,aw-comp,digital,10.0,800.0,-0.608
aw_pop2,Airwindows,transient-preserving comp,aw-comp,digital,10.0,8000.0,7.069
aw_pop2,Airwindows,transient-preserving comp,aw-comp,digital,15.0,100.0,-0.165
aw_pop2,Airwindows,transient-preserving comp,aw-comp,digital,15.0,1000.0,0.835
aw_pop2,Airwindows,transient-preserving comp,aw-comp,digital,15.0,10000.0,-3.588
aw_pop2,Airwindows,transient-preserving comp,aw-comp,digital,15.0,125.0,0.185
aw_pop2,Airwindows,transient-preserving comp,aw-comp,digital,15.0,1250.0,0.664
aw_pop2,Airwindows,transient-preserving comp,aw-comp,digital,15.0,12500.0,-1.397
aw_pop2,Airwindows,transient-preserving comp,aw-comp,digital,15.0,160.0,0.055
aw_pop2,Airwindows,transient-preserving comp,aw-comp,digital,15.0,1600.0,1.471
aw_pop2,Airwindows,transient-preserving comp,aw-comp,digital,15.0,200.0,-0.355
aw_pop2,Airwindows,transient-preserving comp,aw-comp,digital,15.0,2000.0,0.637
aw_pop2,Airwindows,transient-preserving comp,aw-comp,digital,15.0,250.0,0.839
aw_pop2,Airwindows,transient-preserving comp,aw-comp,digital,15.0,2500.0,-1.397
aw_pop2,Airwindows,transient-preserving comp,aw-comp,digital,15.0,31.5,-5.984
aw_pop2,Airwindows,transient-preserving comp,aw-comp,digital,15.0,315.0,-0.347
aw_pop2,Airwindows,transient-preserving comp,aw-comp,digital,15.0,3150.0,-1.274
aw_pop2,Airwindows,transient-preserving comp,aw-comp,digital,15.0,40.0,0.951
aw_pop2,Airwindows,transient-preserving comp,aw-comp,digital,15.0,400.0,0.286
aw_pop2,Airwindows,transient-preserving comp,aw-comp,digital,15.0,4000.0,5.834
aw_pop2,Airwindows,transient-preserving comp,aw-comp,digital,15.0,50.0,0.506
aw_pop2,Airwindows,transient-preserving comp,aw-comp,digital,15.0,500.0,0.833
aw_pop2,Airwindows,transient-preserving comp,aw-comp,digital,15.0,5000.0,-5.828
aw_pop2,Airwindows,transient-preserving comp,aw-comp,digital,15.0,63.0,0.277
aw_pop2,Airwindows,transient-preserving comp,aw-comp,digital,15.0,630.0,-1.077
aw_pop2,Airwindows,transient-preserving comp,aw-comp,digital,15.0,6300.0,-0.514
aw_pop2,Airwindows,transient-preserving comp,aw-comp,digital,15.0,80.0,0.584
aw_pop2,Airwindows,transient-preserving comp,aw-comp,digital,15.0,800.0,-0.987
aw_pop2,Airwindows,transient-preserving comp,aw-comp,digital,15.0,8000.0,6.879
aw_pop2,Airwindows,transient-preserving comp,aw-comp,digital,3.0,100.0,-0.04
aw_pop2,Airwindows,transient-preserving comp,aw-comp,digital,3.0,1000.0,0.369
aw_pop2,Airwindows,transient-preserving comp,aw-comp,digital,3.0,10000.0,1.311
aw_pop2,Airwindows,transient-preserving comp,aw-comp,digital,3.0,125.0,0.018
aw_pop2,Airwindows,transient-preserving comp,aw-comp,digital,3.0,1250.0,-0.294
aw_pop2,Airwindows,transient-preserving comp,aw-comp,digital,3.0,12500.0,-0.619
aw_pop2,Airwindows,transient-preserving comp,aw-comp,digital,3.0,160.0,0.078
aw_pop2,Airwindows,transient-preserving comp,aw-comp,digital,3.0,1600.0,-0.356
aw_pop2,Airwindows,transient-preserving comp,aw-comp,digital,3.0,200.0,-0.039
aw_pop2,Airwindows,transient-preserving comp,aw-comp,digital,3.0,2000.0,1.079
aw_pop2,Airwindows,transient-preserving comp,aw-comp,digital,3.0,250.0,0.023
aw_pop2,Airwindows,transient-preserving comp,aw-comp,digital,3.0,2500.0,-0.619
aw_pop2,Airwindows,transient-preserving comp,aw-comp,digital,3.0,31.5,-9.044
aw_pop2,Airwindows,transient-preserving comp,aw-comp,digital,3.0,315.0,-0.019
aw_pop2,Airwindows,transient-preserving comp,aw-comp,digital,3.0,3150.0,-0.133
aw_pop2,Airwindows,transient-preserving comp,aw-comp,digital,3.0,40.0,0.061
aw_pop2,Airwindows,transient-preserving comp,aw-comp,digital,3.0,400.0,0.084
aw_pop2,Airwindows,transient-preserving comp,aw-comp,digital,3.0,4000.0,0.521
aw_pop2,Airwindows,transient-preserving comp,aw-comp,digital,3.0,50.0,0.02
aw_pop2,Airwindows,transient-preserving comp,aw-comp,digital,3.0,500.0,0.042
aw_pop2,Airwindows,transient-preserving comp,aw-comp,digital,3.0,5000.0,-0.182
aw_pop2,Airwindows,transient-preserving comp,aw-comp,digital,3.0,63.0,0.04
aw_pop2,Airwindows,transient-preserving comp,aw-comp,digital,3.0,630.0,-0.111
aw_pop2,Airwindows,transient-preserving comp,aw-comp,digital,3.0,6300.0,-0.275
aw_pop2,Airwindows,transient-preserving comp,aw-comp,digital,3.0,80.0,0.046
aw_pop2,Airwindows,transient-preserving comp,aw-comp,digital,3.0,800.0,-0.05
aw_pop2,Airwindows,transient-preserving comp,aw-comp,digital,3.0,8000.0,-0.609
aw_pop2,Airwindows,transient-preserving comp,aw-comp,digital,6.0,100.0,0.813
aw_pop2,Airwindows,transient-preserving comp,aw-comp,digital,6.0,1000.0,0.734
aw_pop2,Airwindows,transient-preserving comp,aw-comp,digital,6.0,10000.0,-1.742
aw_pop2,Airwindows,transient-preserving comp,aw-comp,digital,6.0,125.0,-0.226
aw_pop2,Airwindows,transient-preserving comp,aw-comp,digital,6.0,1250.0,-1.059
aw_pop2,Airwindows,transient-preserving comp,aw-comp,digital,6.0,12500.0,-4.275
aw_pop2,Airwindows,transient-preserving comp,aw-comp,digital,6.0,160.0,-0.68
aw_pop2,Airwindows,transient-preserving comp,aw-comp,digital,6.0,1600.0,2.79
aw_pop2,Airwindows,transient-preserving comp,aw-comp,digital,6.0,200.0,0.701
aw_pop2,Airwindows,transient-preserving comp,aw-comp,digital,6.0,2000.0,0.468
aw_pop2,Airwindows,transient-preserving comp,aw-comp,digital,6.0,250.0,0.692
aw_pop2,Airwindows,transient-preserving comp,aw-comp,digital,6.0,2500.0,-4.276
aw_pop2,Airwindows,transient-preserving comp,aw-comp,digital,6.0,31.5,-5.493
aw_pop2,Airwindows,transient-preserving comp,aw-comp,digital,6.0,315.0,-0.41
aw_pop2,Airwindows,transient-preserving comp,aw-comp,digital,6.0,3150.0,1.079
aw_pop2,Airwindows,transient-preserving comp,aw-comp,digital,6.0,40.0,0.83
aw_pop2,Airwindows,transient-preserving comp,aw-comp,digital,6.0,400.0,-1.289
aw_pop2,Airwindows,transient-preserving comp,aw-comp,digital,6.0,4000.0,5.023
aw_pop2,Airwindows,transient-preserving comp,aw-comp,digital,6.0,50.0,0.811
aw_pop2,Airwindows,transient-preserving comp,aw-comp,digital,6.0,500.0,0.67
aw_pop2,Airwindows,transient-preserving comp,aw-comp,digital,6.0,5000.0,-3.902
aw_pop2,Airwindows,transient-preserving comp,aw-comp,digital,6.0,63.0,0.319
aw_pop2,Airwindows,transient-preserving comp,aw-comp,digital,6.0,630.0,0.562
aw_pop2,Airwindows,transient-preserving comp,aw-comp,digital,6.0,6300.0,-0.523
aw_pop2,Airwindows,transient-preserving comp,aw-comp,digital,6.0,80.0,-0.305
aw_pop2,Airwindows,transient-preserving comp,aw-comp,digital,6.0,800.0,0.887
aw_pop2,Airwindows,transient-preserving comp,aw-comp,digital,6.0,8000.0,4.48
aw_pressure5,Airwindows,peak compressor,aw-comp,digital,10.0,100.0,11.275
aw_pressure5,Airwindows,peak compressor,aw-comp,digital,10.0,1000.0,11.157
aw_pressure5,Airwindows,peak compressor,aw-comp,digital,10.0,10000.0,12.337
aw_pressure5,Airwindows,peak compressor,aw-comp,digital,10.0,125.0,11.312
aw_pressure5,Airwindows,peak compressor,aw-comp,digital,10.0,1250.0,11.377
aw_pressure5,Airwindows,peak compressor,aw-comp,digital,10.0,12500.0,12.592
aw_pressure5,Airwindows,peak compressor,aw-comp,digital,10.0,160.0,11.317
aw_pressure5,Airwindows,peak compressor,aw-comp,digital,10.0,1600.0,11.914
aw_pressure5,Airwindows,peak compressor,aw-comp,digital,10.0,200.0,11.189
aw_pressure5,Airwindows,peak compressor,aw-comp,digital,10.0,2000.0,11.293
aw_pressure5,Airwindows,peak compressor,aw-comp,digital,10.0,250.0,11.353
aw_pressure5,Airwindows,peak compressor,aw-comp,digital,10.0,2500.0,11.417
aw_pressure5,Airwindows,peak compressor,aw-comp,digital,10.0,31.5,9.846
aw_pressure5,Airwindows,peak compressor,aw-comp,digital,10.0,315.0,11.229
aw_pressure5,Airwindows,peak compressor,aw-comp,digital,10.0,3150.0,11.329
aw_pressure5,Airwindows,peak compressor,aw-comp,digital,10.0,40.0,11.551
aw_pressure5,Airwindows,peak compressor,aw-comp,digital,10.0,400.0,11.296
aw_pressure5,Airwindows,peak compressor,aw-comp,digital,10.0,4000.0,12.933
aw_pressure5,Airwindows,peak compressor,aw-comp,digital,10.0,50.0,11.451
aw_pressure5,Airwindows,peak compressor,aw-comp,digital,10.0,500.0,11.266
aw_pressure5,Airwindows,peak compressor,aw-comp,digital,10.0,5000.0,11.368
aw_pressure5,Airwindows,peak compressor,aw-comp,digital,10.0,63.0,11.375
aw_pressure5,Airwindows,peak compressor,aw-comp,digital,10.0,630.0,11.239
aw_pressure5,Airwindows,peak compressor,aw-comp,digital,10.0,6300.0,11.676
aw_pressure5,Airwindows,peak compressor,aw-comp,digital,10.0,80.0,11.349
aw_pressure5,Airwindows,peak compressor,aw-comp,digital,10.0,800.0,11.576
aw_pressure5,Airwindows,peak compressor,aw-comp,digital,10.0,8000.0,14.539
aw_pressure5,Airwindows,peak compressor,aw-comp,digital,15.0,100.0,15.402
aw_pressure5,Airwindows,peak compressor,aw-comp,digital,15.0,1000.0,16.513
aw_pressure5,Airwindows,peak compressor,aw-comp,digital,15.0,10000.0,17.592
aw_pressure5,Airwindows,peak compressor,aw-comp,digital,15.0,125.0,15.735
aw_pressure5,Airwindows,peak compressor,aw-comp,digital,15.0,1250.0,15.805
aw_pressure5,Airwindows,peak compressor,aw-comp,digital,15.0,12500.0,15.201
aw_pressure5,Airwindows,peak compressor,aw-comp,digital,15.0,160.0,15.27
aw_pressure5,Airwindows,peak compressor,aw-comp,digital,15.0,1600.0,17.335
aw_pressure5,Airwindows,peak compressor,aw-comp,digital,15.0,200.0,15.656
aw_pressure5,Airwindows,peak compressor,aw-comp,digital,15.0,2000.0,17.504
aw_pressure5,Airwindows,peak compressor,aw-comp,digital,15.0,250.0,15.949
aw_pressure5,Airwindows,peak compressor,aw-comp,digital,15.0,2500.0,15.198
aw_pressure5,Airwindows,peak compressor,aw-comp,digital,15.0,31.5,-1.496
aw_pressure5,Airwindows,peak compressor,aw-comp,digital,15.0,315.0,15.486
aw_pressure5,Airwindows,peak compressor,aw-comp,digital,15.0,3150.0,15.153
aw_pressure5,Airwindows,peak compressor,aw-comp,digital,15.0,40.0,16.074
aw_pressure5,Airwindows,peak compressor,aw-comp,digital,15.0,400.0,15.112
aw_pressure5,Airwindows,peak compressor,aw-comp,digital,15.0,4000.0,18.725
aw_pressure5,Airwindows,peak compressor,aw-comp,digital,15.0,50.0,15.782
aw_pressure5,Airwindows,peak compressor,aw-comp,digital,15.0,500.0,15.508
aw_pressure5,Airwindows,peak compressor,aw-comp,digital,15.0,5000.0,16.315
aw_pressure5,Airwindows,peak compressor,aw-comp,digital,15.0,63.0,15.759
aw_pressure5,Airwindows,peak compressor,aw-comp,digital,15.0,630.0,15.493
aw_pressure5,Airwindows,peak compressor,aw-comp,digital,15.0,6300.0,14.716
aw_pressure5,Airwindows,peak compressor,aw-comp,digital,15.0,80.0,15.622
aw_pressure5,Airwindows,peak compressor,aw-comp,digital,15.0,800.0,16.217
aw_pressure5,Airwindows,peak compressor,aw-comp,digital,15.0,8000.0,19.276
aw_pressure5,Airwindows,peak compressor,aw-comp,digital,3.0,100.0,2.893
aw_pressure5,Airwindows,peak compressor,aw-comp,digital,3.0,1000.0,2.926
aw_pressure5,Airwindows,peak compressor,aw-comp,digital,3.0,10000.0,5.095
aw_pressure5,Airwindows,peak compressor,aw-comp,digital,3.0,125.0,2.89
aw_pressure5,Airwindows,peak compressor,aw-comp,digital,3.0,1250.0,2.923
aw_pressure5,Airwindows,peak compressor,aw-comp,digital,3.0,12500.0,5.698
aw_pressure5,Airwindows,peak compressor,aw-comp,digital,3.0,160.0,2.888
aw_pressure5,Airwindows,peak compressor,aw-comp,digital,3.0,1600.0,2.856
aw_pressure5,Airwindows,peak compressor,aw-comp,digital,3.0,200.0,2.89
aw_pressure5,Airwindows,peak compressor,aw-comp,digital,3.0,2000.0,2.991
aw_pressure5,Airwindows,peak compressor,aw-comp,digital,3.0,250.0,2.891
aw_pressure5,Airwindows,peak compressor,aw-comp,digital,3.0,2500.0,3.043
aw_pressure5,Airwindows,peak compressor,aw-comp,digital,3.0,31.5,2.778
aw_pressure5,Airwindows,peak compressor,aw-comp,digital,3.0,315.0,2.894
aw_pressure5,Airwindows,peak compressor,aw-comp,digital,3.0,3150.0,3.113
aw_pressure5,Airwindows,peak compressor,aw-comp,digital,3.0,40.0,2.892
aw_pressure5,Airwindows,peak compressor,aw-comp,digital,3.0,400.0,2.888
aw_pressure5,Airwindows,peak compressor,aw-comp,digital,3.0,4000.0,3.036
aw_pressure5,Airwindows,peak compressor,aw-comp,digital,3.0,50.0,2.895
aw_pressure5,Airwindows,peak compressor,aw-comp,digital,3.0,500.0,2.899
aw_pressure5,Airwindows,peak compressor,aw-comp,digital,3.0,5000.0,3.567
aw_pressure5,Airwindows,peak compressor,aw-comp,digital,3.0,63.0,2.896
aw_pressure5,Airwindows,peak compressor,aw-comp,digital,3.0,630.0,2.899
aw_pressure5,Airwindows,peak compressor,aw-comp,digital,3.0,6300.0,3.785
aw_pressure5,Airwindows,peak compressor,aw-comp,digital,3.0,80.0,2.895
aw_pressure5,Airwindows,peak compressor,aw-comp,digital,3.0,800.0,2.883
aw_pressure5,Airwindows,peak compressor,aw-comp,digital,3.0,8000.0,5.571
aw_pressure5,Airwindows,peak compressor,aw-comp,digital,6.0,100.0,6.963
aw_pressure5,Airwindows,peak compressor,aw-comp,digital,6.0,1000.0,7.014
aw_pressure5,Airwindows,peak compressor,aw-comp,digital,6.0,10000.0,9.189
aw_pressure5,Airwindows,peak compressor,aw-comp,digital,6.0,125.0,6.956
aw_pressure5,Airwindows,peak compressor,aw-comp,digital,6.0,1250.0,6.992
aw_pressure5,Airwindows,peak compressor,aw-comp,digital,6.0,12500.0,9.735
aw_pressure5,Airwindows,peak compressor,aw-comp,digital,6.0,160.0,6.965
aw_pressure5,Airwindows,peak compressor,aw-comp,digital,6.0,1600.0,6.963
aw_pressure5,Airwindows,peak compressor,aw-comp,digital,6.0,200.0,6.964
aw_pressure5,Airwindows,peak compressor,aw-comp,digital,6.0,2000.0,7.284
aw_pressure5,Airwindows,peak compressor,aw-comp,digital,6.0,250.0,6.955
aw_pressure5,Airwindows,peak compressor,aw-comp,digital,6.0,2500.0,7.14
aw_pressure5,Airwindows,peak compressor,aw-comp,digital,6.0,31.5,6.359
aw_pressure5,Airwindows,peak compressor,aw-comp,digital,6.0,315.0,6.98
aw_pressure5,Airwindows,peak compressor,aw-comp,digital,6.0,3150.0,7.192
aw_pressure5,Airwindows,peak compressor,aw-comp,digital,6.0,40.0,6.903
aw_pressure5,Airwindows,peak compressor,aw-comp,digital,6.0,400.0,6.954
aw_pressure5,Airwindows,peak compressor,aw-comp,digital,6.0,4000.0,7.978
aw_pressure5,Airwindows,peak compressor,aw-comp,digital,6.0,50.0,6.925
aw_pressure5,Airwindows,peak compressor,aw-comp,digital,6.0,500.0,6.994
aw_pressure5,Airwindows,peak compressor,aw-comp,digital,6.0,5000.0,7.619
aw_pressure5,Airwindows,peak compressor,aw-comp,digital,6.0,63.0,6.948
aw_pressure5,Airwindows,peak compressor,aw-comp,digital,6.0,630.0,6.987
aw_pressure5,Airwindows,peak compressor,aw-comp,digital,6.0,6300.0,7.885
aw_pressure5,Airwindows,peak compressor,aw-comp,digital,6.0,80.0,6.959
aw_pressure5,Airwindows,peak compressor,aw-comp,digital,6.0,800.0,6.963
aw_pressure5,Airwindows,peak compressor,aw-comp,digital,6.0,8000.0,9.625
aw_purestsquish,Airwindows,minimal compressor,aw-comp,digital,10.0,100.0,4.287
aw_purestsquish,Airwindows,minimal compressor,aw-comp,digital,10.0,1000.0,10.989
aw_purestsquish,Airwindows,minimal compressor,aw-comp,digital,10.0,10000.0,9.77
aw_purestsquish,Airwindows,minimal compressor,aw-comp,digital,10.0,125.0,5.742
aw_purestsquish,Airwindows,minimal compressor,aw-comp,digital,10.0,1250.0,10.983
aw_purestsquish,Airwindows,minimal compressor,aw-comp,digital,10.0,12500.0,11.177
aw_purestsquish,Airwindows,minimal compressor,aw-comp,digital,10.0,160.0,7.288
aw_purestsquish,Airwindows,minimal compressor,aw-comp,digital,10.0,1600.0,10.137
aw_purestsquish,Airwindows,minimal compressor,aw-comp,digital,10.0,200.0,8.502
aw_purestsquish,Airwindows,minimal compressor,aw-comp,digital,10.0,2000.0,11.245
aw_purestsquish,Airwindows,minimal compressor,aw-comp,digital,10.0,250.0,9.402
aw_purestsquish,Airwindows,minimal compressor,aw-comp,digital,10.0,2500.0,11.068
aw_purestsquish,Airwindows,minimal compressor,aw-comp,digital,10.0,31.5,-0.251
aw_purestsquish,Airwindows,minimal compressor,aw-comp,digital,10.0,315.0,10.006
aw_purestsquish,Airwindows,minimal compressor,aw-comp,digital,10.0,3150.0,11.279
aw_purestsquish,Airwindows,minimal compressor,aw-comp,digital,10.0,40.0,-0.06
aw_purestsquish,Airwindows,minimal compressor,aw-comp,digital,10.0,400.0,10.551
aw_purestsquish,Airwindows,minimal compressor,aw-comp,digital,10.0,4000.0,11.252
aw_purestsquish,Airwindows,minimal compressor,aw-comp,digital,10.0,50.0,0.499
aw_purestsquish,Airwindows,minimal compressor,aw-comp,digital,10.0,500.0,10.331
aw_purestsquish,Airwindows,minimal compressor,aw-comp,digital,10.0,5000.0,11.185
aw_purestsquish,Airwindows,minimal compressor,aw-comp,digital,10.0,63.0,1.25
aw_purestsquish,Airwindows,minimal compressor,aw-comp,digital,10.0,630.0,10.927
aw_purestsquish,Airwindows,minimal compressor,aw-comp,digital,10.0,6300.0,11.412
aw_purestsquish,Airwindows,minimal compressor,aw-comp,digital,10.0,80.0,2.884
aw_purestsquish,Airwindows,minimal compressor,aw-comp,digital,10.0,800.0,11.3
aw_purestsquish,Airwindows,minimal compressor,aw-comp,digital,10.0,8000.0,8.791
aw_purestsquish,Airwindows,minimal compressor,aw-comp,digital,15.0,100.0,12.94
aw_purestsquish,Airwindows,minimal compressor,aw-comp,digital,15.0,1000.0,20.617
aw_purestsquish,Airwindows,minimal compressor,aw-comp,digital,15.0,10000.0,19.755
aw_purestsquish,Airwindows,minimal compressor,aw-comp,digital,15.0,125.0,15.074
aw_purestsquish,Airwindows,minimal compressor,aw-comp,digital,15.0,1250.0,20.886
aw_purestsquish,Airwindows,minimal compressor,aw-comp,digital,15.0,12500.0,20.931
aw_purestsquish,Airwindows,minimal compressor,aw-comp,digital,15.0,160.0,17.122
aw_purestsquish,Airwindows,minimal compressor,aw-comp,digital,15.0,1600.0,19.101
aw_purestsquish,Airwindows,minimal compressor,aw-comp,digital,15.0,200.0,18.502
aw_purestsquish,Airwindows,minimal compressor,aw-comp,digital,15.0,2000.0,18.792
aw_purestsquish,Airwindows,minimal compressor,aw-comp,digital,15.0,250.0,19.374
aw_purestsquish,Airwindows,minimal compressor,aw-comp,digital,15.0,2500.0,20.133
aw_purestsquish,Airwindows,minimal compressor,aw-comp,digital,15.0,31.5,1.43
aw_purestsquish,Airwindows,minimal compressor,aw-comp,digital,15.0,315.0,19.918
aw_purestsquish,Airwindows,minimal compressor,aw-comp,digital,15.0,3150.0,20.393
aw_purestsquish,Airwindows,minimal compressor,aw-comp,digital,15.0,40.0,4.152
aw_purestsquish,Airwindows,minimal compressor,aw-comp,digital,15.0,400.0,19.901
aw_purestsquish,Airwindows,minimal compressor,aw-comp,digital,15.0,4000.0,24.291
aw_purestsquish,Airwindows,minimal compressor,aw-comp,digital,15.0,50.0,6.057
aw_purestsquish,Airwindows,minimal compressor,aw-comp,digital,15.0,500.0,20.617
aw_purestsquish,Airwindows,minimal compressor,aw-comp,digital,15.0,5000.0,20.665
aw_purestsquish,Airwindows,minimal compressor,aw-comp,digital,15.0,63.0,8.294
aw_purestsquish,Airwindows,minimal compressor,aw-comp,digital,15.0,630.0,20.411
aw_purestsquish,Airwindows,minimal compressor,aw-comp,digital,15.0,6300.0,20.45
aw_purestsquish,Airwindows,minimal compressor,aw-comp,digital,15.0,80.0,10.763
aw_purestsquish,Airwindows,minimal compressor,aw-comp,digital,15.0,800.0,19.949
aw_purestsquish,Airwindows,minimal compressor,aw-comp,digital,15.0,8000.0,10.154
aw_purestsquish,Airwindows,minimal compressor,aw-comp,digital,3.0,100.0,-0.002
aw_purestsquish,Airwindows,minimal compressor,aw-comp,digital,3.0,1000.0,3.258
aw_purestsquish,Airwindows,minimal compressor,aw-comp,digital,3.0,10000.0,4.128
aw_purestsquish,Airwindows,minimal compressor,aw-comp,digital,3.0,125.0,0.576
aw_purestsquish,Airwindows,minimal compressor,aw-comp,digital,3.0,1250.0,3.533
aw_purestsquish,Airwindows,minimal compressor,aw-comp,digital,3.0,12500.0,3.521
aw_purestsquish,Airwindows,minimal compressor,aw-comp,digital,3.0,160.0,0.967
aw_purestsquish,Airwindows,minimal compressor,aw-comp,digital,3.0,1600.0,3.914
aw_purestsquish,Airwindows,minimal compressor,aw-comp,digital,3.0,200.0,1.703
aw_purestsquish,Airwindows,minimal compressor,aw-comp,digital,3.0,2000.0,3.19
aw_purestsquish,Airwindows,minimal compressor,aw-comp,digital,3.0,250.0,2.238
aw_purestsquish,Airwindows,minimal compressor,aw-comp,digital,3.0,2500.0,3.668
aw_purestsquish,Airwindows,minimal compressor,aw-comp,digital,3.0,31.5,-0.277
aw_purestsquish,Airwindows,minimal compressor,aw-comp,digital,3.0,315.0,2.624
aw_purestsquish,Airwindows,minimal compressor,aw-comp,digital,3.0,3150.0,3.625
aw_purestsquish,Airwindows,minimal compressor,aw-comp,digital,3.0,40.0,-0.058
aw_purestsquish,Airwindows,minimal compressor,aw-comp,digital,3.0,400.0,3.152
aw_purestsquish,Airwindows,minimal compressor,aw-comp,digital,3.0,4000.0,5.855
aw_purestsquish,Airwindows,minimal compressor,aw-comp,digital,3.0,50.0,-0.019
aw_purestsquish,Airwindows,minimal compressor,aw-comp,digital,3.0,500.0,3.162
aw_purestsquish,Airwindows,minimal compressor,aw-comp,digital,3.0,5000.0,3.247
aw_purestsquish,Airwindows,minimal compressor,aw-comp,digital,3.0,63.0,-0.007
aw_purestsquish,Airwindows,minimal compressor,aw-comp,digital,3.0,630.0,3.355
aw_purestsquish,Airwindows,minimal compressor,aw-comp,digital,3.0,6300.0,3.658
aw_purestsquish,Airwindows,minimal compressor,aw-comp,digital,3.0,80.0,-0.003
aw_purestsquish,Airwindows,minimal compressor,aw-comp,digital,3.0,800.0,3.42
aw_purestsquish,Airwindows,minimal compressor,aw-comp,digital,3.0,8000.0,3.263
aw_purestsquish,Airwindows,minimal compressor,aw-comp,digital,6.0,100.0,-0.002
aw_purestsquish,Airwindows,minimal compressor,aw-comp,digital,6.0,1000.0,3.258
aw_purestsquish,Airwindows,minimal compressor,aw-comp,digital,6.0,10000.0,4.128
aw_purestsquish,Airwindows,minimal compressor,aw-comp,digital,6.0,125.0,0.576
aw_purestsquish,Airwindows,minimal compressor,aw-comp,digital,6.0,1250.0,3.533
aw_purestsquish,Airwindows,minimal compressor,aw-comp,digital,6.0,12500.0,3.521
aw_purestsquish,Airwindows,minimal compressor,aw-comp,digital,6.0,160.0,0.967
aw_purestsquish,Airwindows,minimal compressor,aw-comp,digital,6.0,1600.0,3.914
aw_purestsquish,Airwindows,minimal compressor,aw-comp,digital,6.0,200.0,1.703
aw_purestsquish,Airwindows,minimal compressor,aw-comp,digital,6.0,2000.0,3.19
aw_purestsquish,Airwindows,minimal compressor,aw-comp,digital,6.0,250.0,2.238
aw_purestsquish,Airwindows,minimal compressor,aw-comp,digital,6.0,2500.0,3.668
aw_purestsquish,Airwindows,minimal compressor,aw-comp,digital,6.0,31.5,-0.277
aw_purestsquish,Airwindows,minimal compressor,aw-comp,digital,6.0,315.0,2.624
aw_purestsquish,Airwindows,minimal compressor,aw-comp,digital,6.0,3150.0,3.625
aw_purestsquish,Airwindows,minimal compressor,aw-comp,digital,6.0,40.0,-0.058
aw_purestsquish,Airwindows,minimal compressor,aw-comp,digital,6.0,400.0,3.152
aw_purestsquish,Airwindows,minimal compressor,aw-comp,digital,6.0,4000.0,5.855
aw_purestsquish,Airwindows,minimal compressor,aw-comp,digital,6.0,50.0,-0.019
aw_purestsquish,Airwindows,minimal compressor,aw-comp,digital,6.0,500.0,3.162
aw_purestsquish,Airwindows,minimal compressor,aw-comp,digital,6.0,5000.0,3.247
aw_purestsquish,Airwindows,minimal compressor,aw-comp,digital,6.0,63.0,-0.007
aw_purestsquish,Airwindows,minimal compressor,aw-comp,digital,6.0,630.0,3.355
aw_purestsquish,Airwindows,minimal compressor,aw-comp,digital,6.0,6300.0,3.658
aw_purestsquish,Airwindows,minimal compressor,aw-comp,digital,6.0,80.0,-0.003
aw_purestsquish,Airwindows,minimal compressor,aw-comp,digital,6.0,800.0,3.42
aw_purestsquish,Airwindows,minimal compressor,aw-comp,digital,6.0,8000.0,3.263
bx_opto,Brainworx,opto pedal,opto-other,opto,10.0,100.0,10.154
bx_opto,Brainworx,opto pedal,opto-other,opto,10.0,1000.0,10.154
bx_opto,Brainworx,opto pedal,opto-other,opto,10.0,10000.0,10.155
bx_opto,Brainworx,opto pedal,opto-other,opto,10.0,125.0,10.154
bx_opto,Brainworx,opto pedal,opto-other,opto,10.0,1250.0,10.155
bx_opto,Brainworx,opto pedal,opto-other,opto,10.0,12500.0,10.155
bx_opto,Brainworx,opto pedal,opto-other,opto,10.0,160.0,10.154
bx_opto,Brainworx,opto pedal,opto-other,opto,10.0,1600.0,10.155
bx_opto,Brainworx,opto pedal,opto-other,opto,10.0,200.0,10.155
bx_opto,Brainworx,opto pedal,opto-other,opto,10.0,2000.0,10.155
bx_opto,Brainworx,opto pedal,opto-other,opto,10.0,250.0,10.155
bx_opto,Brainworx,opto pedal,opto-other,opto,10.0,2500.0,10.155
bx_opto,Brainworx,opto pedal,opto-other,opto,10.0,31.5,10.152
bx_opto,Brainworx,opto pedal,opto-other,opto,10.0,315.0,10.155
bx_opto,Brainworx,opto pedal,opto-other,opto,10.0,3150.0,10.155
bx_opto,Brainworx,opto pedal,opto-other,opto,10.0,40.0,10.153
bx_opto,Brainworx,opto pedal,opto-other,opto,10.0,400.0,10.155
bx_opto,Brainworx,opto pedal,opto-other,opto,10.0,4000.0,10.154
bx_opto,Brainworx,opto pedal,opto-other,opto,10.0,50.0,10.153
bx_opto,Brainworx,opto pedal,opto-other,opto,10.0,500.0,10.155
bx_opto,Brainworx,opto pedal,opto-other,opto,10.0,5000.0,10.155
bx_opto,Brainworx,opto pedal,opto-other,opto,10.0,63.0,10.154
bx_opto,Brainworx,opto pedal,opto-other,opto,10.0,630.0,10.155
bx_opto,Brainworx,opto pedal,opto-other,opto,10.0,6300.0,10.155
bx_opto,Brainworx,opto pedal,opto-other,opto,10.0,80.0,10.154
bx_opto,Brainworx,opto pedal,opto-other,opto,10.0,800.0,10.155
bx_opto,Brainworx,opto pedal,opto-other,opto,10.0,8000.0,9.939
bx_opto,Brainworx,opto pedal,opto-other,opto,15.0,100.0,15.285
bx_opto,Brainworx,opto pedal,opto-other,opto,15.0,1000.0,15.287
bx_opto,Brainworx,opto pedal,opto-other,opto,15.0,10000.0,15.287
bx_opto,Brainworx,opto pedal,opto-other,opto,15.0,125.0,15.286
bx_opto,Brainworx,opto pedal,opto-other,opto,15.0,1250.0,15.287
bx_opto,Brainworx,opto pedal,opto-other,opto,15.0,12500.0,15.287
bx_opto,Brainworx,opto pedal,opto-other,opto,15.0,160.0,15.286
bx_opto,Brainworx,opto pedal,opto-other,opto,15.0,1600.0,15.286
bx_opto,Brainworx,opto pedal,opto-other,opto,15.0,200.0,15.286
bx_opto,Brainworx,opto pedal,opto-other,opto,15.0,2000.0,15.287
bx_opto,Brainworx,opto pedal,opto-other,opto,15.0,250.0,15.287
bx_opto,Brainworx,opto pedal,opto-other,opto,15.0,2500.0,15.287
bx_opto,Brainworx,opto pedal,opto-other,opto,15.0,31.5,15.275
bx_opto,Brainworx,opto pedal,opto-other,opto,15.0,315.0,15.287
bx_opto,Brainworx,opto pedal,opto-other,opto,15.0,3150.0,15.287
bx_opto,Brainworx,opto pedal,opto-other,opto,15.0,40.0,15.279
bx_opto,Brainworx,opto pedal,opto-other,opto,15.0,400.0,15.287
bx_opto,Brainworx,opto pedal,opto-other,opto,15.0,4000.0,15.29
bx_opto,Brainworx,opto pedal,opto-other,opto,15.0,50.0,15.282
bx_opto,Brainworx,opto pedal,opto-other,opto,15.0,500.0,15.287
bx_opto,Brainworx,opto pedal,opto-other,opto,15.0,5000.0,15.287
bx_opto,Brainworx,opto pedal,opto-other,opto,15.0,63.0,15.283
bx_opto,Brainworx,opto pedal,opto-other,opto,15.0,630.0,15.287
bx_opto,Brainworx,opto pedal,opto-other,opto,15.0,6300.0,15.287
bx_opto,Brainworx,opto pedal,opto-other,opto,15.0,80.0,15.284
bx_opto,Brainworx,opto pedal,opto-other,opto,15.0,800.0,15.287
bx_opto,Brainworx,opto pedal,opto-other,opto,15.0,8000.0,15.151
bx_opto,Brainworx,opto pedal,opto-other,opto,3.0,100.0,2.853
bx_opto,Brainworx,opto pedal,opto-other,opto,3.0,1000.0,2.853
bx_opto,Brainworx,opto pedal,opto-other,opto,3.0,10000.0,2.853
bx_opto,Brainworx,opto pedal,opto-other,opto,3.0,125.0,2.853
bx_opto,Brainworx,opto pedal,opto-other,opto,3.0,1250.0,2.853
bx_opto,Brainworx,opto pedal,opto-other,opto,3.0,12500.0,2.853
bx_opto,Brainworx,opto pedal,opto-other,opto,3.0,160.0,2.853
bx_opto,Brainworx,opto pedal,opto-other,opto,3.0,1600.0,2.853
bx_opto,Brainworx,opto pedal,opto-other,opto,3.0,200.0,2.853
bx_opto,Brainworx,opto pedal,opto-other,opto,3.0,2000.0,2.853
bx_opto,Brainworx,opto pedal,opto-other,opto,3.0,250.0,2.853
bx_opto,Brainworx,opto pedal,opto-other,opto,3.0,2500.0,2.853
bx_opto,Brainworx,opto pedal,opto-other,opto,3.0,31.5,2.853
bx_opto,Brainworx,opto pedal,opto-other,opto,3.0,315.0,2.853
bx_opto,Brainworx,opto pedal,opto-other,opto,3.0,3150.0,2.853
bx_opto,Brainworx,opto pedal,opto-other,opto,3.0,40.0,2.853
bx_opto,Brainworx,opto pedal,opto-other,opto,3.0,400.0,2.853
bx_opto,Brainworx,opto pedal,opto-other,opto,3.0,4000.0,2.852
bx_opto,Brainworx,opto pedal,opto-other,opto,3.0,50.0,2.853
bx_opto,Brainworx,opto pedal,opto-other,opto,3.0,500.0,2.853
bx_opto,Brainworx,opto pedal,opto-other,opto,3.0,5000.0,2.853
bx_opto,Brainworx,opto pedal,opto-other,opto,3.0,63.0,2.853
bx_opto,Brainworx,opto pedal,opto-other,opto,3.0,630.0,2.853
bx_opto,Brainworx,opto pedal,opto-other,opto,3.0,6300.0,2.853
bx_opto,Brainworx,opto pedal,opto-other,opto,3.0,80.0,2.853
bx_opto,Brainworx,opto pedal,opto-other,opto,3.0,800.0,2.853
bx_opto,Brainworx,opto pedal,opto-other,opto,3.0,8000.0,2.585
bx_opto,Brainworx,opto pedal,opto-other,opto,6.0,100.0,5.898
bx_opto,Brainworx,opto pedal,opto-other,opto,6.0,1000.0,5.899
bx_opto,Brainworx,opto pedal,opto-other,opto,6.0,10000.0,5.899
bx_opto,Brainworx,opto pedal,opto-other,opto,6.0,125.0,5.898
bx_opto,Brainworx,opto pedal,opto-other,opto,6.0,1250.0,5.899
bx_opto,Brainworx,opto pedal,opto-other,opto,6.0,12500.0,5.899
bx_opto,Brainworx,opto pedal,opto-other,opto,6.0,160.0,5.898
bx_opto,Brainworx,opto pedal,opto-other,opto,6.0,1600.0,5.899
bx_opto,Brainworx,opto pedal,opto-other,opto,6.0,200.0,5.898
bx_opto,Brainworx,opto pedal,opto-other,opto,6.0,2000.0,5.899
bx_opto,Brainworx,opto pedal,opto-other,opto,6.0,250.0,5.898
bx_opto,Brainworx,opto pedal,opto-other,opto,6.0,2500.0,5.899
bx_opto,Brainworx,opto pedal,opto-other,opto,6.0,31.5,5.898
bx_opto,Brainworx,opto pedal,opto-other,opto,6.0,315.0,5.899
bx_opto,Brainworx,opto pedal,opto-other,opto,6.0,3150.0,5.898
bx_opto,Brainworx,opto pedal,opto-other,opto,6.0,40.0,5.898
bx_opto,Brainworx,opto pedal,opto-other,opto,6.0,400.0,5.898
bx_opto,Brainworx,opto pedal,opto-other,opto,6.0,4000.0,5.895
bx_opto,Brainworx,opto pedal,opto-other,opto,6.0,50.0,5.898
bx_opto,Brainworx,opto pedal,opto-other,opto,6.0,500.0,5.898
bx_opto,Brainworx,opto pedal,opto-other,opto,6.0,5000.0,5.899
bx_opto,Brainworx,opto pedal,opto-other,opto,6.0,63.0,5.898
bx_opto,Brainworx,opto pedal,opto-other,opto,6.0,630.0,5.899
bx_opto,Brainworx,opto pedal,opto-other,opto,6.0,6300.0,5.898
bx_opto,Brainworx,opto pedal,opto-other,opto,6.0,80.0,5.898
bx_opto,Brainworx,opto pedal,opto-other,opto,6.0,800.0,5.899
bx_opto,Brainworx,opto pedal,opto-other,opto,6.0,8000.0,5.631
c1_comp,Waves,clean digital,digital,digital,10.0,100.0,11.998
c1_comp,Waves,clean digital,digital,digital,10.0,1000.0,10.309
c1_comp,Waves,clean digital,digital,digital,10.0,10000.0,9.774
c1_comp,Waves,clean digital,digital,digital,10.0,125.0,11.914
c1_comp,Waves,clean digital,digital,digital,10.0,1250.0,10.204
c1_comp,Waves,clean digital,digital,digital,10.0,12500.0,9.872
c1_comp,Waves,clean digital,digital,digital,10.0,160.0,11.78
c1_comp,Waves,clean digital,digital,digital,10.0,1600.0,10.082
c1_comp,Waves,clean digital,digital,digital,10.0,200.0,11.623
c1_comp,Waves,clean digital,digital,digital,10.0,2000.0,9.992
c1_comp,Waves,clean digital,digital,digital,10.0,250.0,11.437
c1_comp,Waves,clean digital,digital,digital,10.0,2500.0,9.961
c1_comp,Waves,clean digital,digital,digital,10.0,31.5,12.127
c1_comp,Waves,clean digital,digital,digital,10.0,315.0,11.227
c1_comp,Waves,clean digital,digital,digital,10.0,3150.0,9.912
c1_comp,Waves,clean digital,digital,digital,10.0,40.0,12.121
c1_comp,Waves,clean digital,digital,digital,10.0,400.0,11.004
c1_comp,Waves,clean digital,digital,digital,10.0,4000.0,9.723
c1_comp,Waves,clean digital,digital,digital,10.0,50.0,12.11
c1_comp,Waves,clean digital,digital,digital,10.0,500.0,10.806
c1_comp,Waves,clean digital,digital,digital,10.0,5000.0,9.831
c1_comp,Waves,clean digital,digital,digital,10.0,63.0,12.09
c1_comp,Waves,clean digital,digital,digital,10.0,630.0,10.621
c1_comp,Waves,clean digital,digital,digital,10.0,6300.0,9.826
c1_comp,Waves,clean digital,digital,digital,10.0,80.0,12.053
c1_comp,Waves,clean digital,digital,digital,10.0,800.0,10.449
c1_comp,Waves,clean digital,digital,digital,10.0,8000.0,9.155
c1_comp,Waves,clean digital,digital,digital,15.0,100.0,16.959
c1_comp,Waves,clean digital,digital,digital,15.0,1000.0,15.342
c1_comp,Waves,clean digital,digital,digital,15.0,10000.0,14.783
c1_comp,Waves,clean digital,digital,digital,15.0,125.0,16.896
c1_comp,Waves,clean digital,digital,digital,15.0,1250.0,15.234
c1_comp,Waves,clean digital,digital,digital,15.0,12500.0,14.887
c1_comp,Waves,clean digital,digital,digital,15.0,160.0,16.784
c1_comp,Waves,clean digital,digital,digital,15.0,1600.0,15.107
c1_comp,Waves,clean digital,digital,digital,15.0,200.0,16.642
c1_comp,Waves,clean digital,digital,digital,15.0,2000.0,15.012
c1_comp,Waves,clean digital,digital,digital,15.0,250.0,16.468
c1_comp,Waves,clean digital,digital,digital,15.0,2500.0,14.981
c1_comp,Waves,clean digital,digital,digital,15.0,31.5,16.998
c1_comp,Waves,clean digital,digital,digital,15.0,315.0,16.265
c1_comp,Waves,clean digital,digital,digital,15.0,3150.0,14.928
c1_comp,Waves,clean digital,digital,digital,15.0,40.0,17.005
c1_comp,Waves,clean digital,digital,digital,15.0,400.0,16.046
c1_comp,Waves,clean digital,digital,digital,15.0,4000.0,14.73
c1_comp,Waves,clean digital,digital,digital,15.0,50.0,17.009
c1_comp,Waves,clean digital,digital,digital,15.0,500.0,15.848
c1_comp,Waves,clean digital,digital,digital,15.0,5000.0,14.844
c1_comp,Waves,clean digital,digital,digital,15.0,63.0,17.008
c1_comp,Waves,clean digital,digital,digital,15.0,630.0,15.662
c1_comp,Waves,clean digital,digital,digital,15.0,6300.0,14.838
c1_comp,Waves,clean digital,digital,digital,15.0,80.0,16.993
c1_comp,Waves,clean digital,digital,digital,15.0,800.0,15.486
c1_comp,Waves,clean digital,digital,digital,15.0,8000.0,14.123
c1_comp,Waves,clean digital,digital,digital,3.0,100.0,4.365
c1_comp,Waves,clean digital,digital,digital,3.0,1000.0,3.176
c1_comp,Waves,clean digital,digital,digital,3.0,10000.0,2.86
c1_comp,Waves,clean digital,digital,digital,3.0,125.0,4.289
c1_comp,Waves,clean digital,digital,digital,3.0,1250.0,3.112
c1_comp,Waves,clean digital,digital,digital,3.0,12500.0,2.916
c1_comp,Waves,clean digital,digital,digital,3.0,160.0,4.177
c1_comp,Waves,clean digital,digital,digital,3.0,1600.0,3.04
c1_comp,Waves,clean digital,digital,digital,3.0,200.0,4.054
c1_comp,Waves,clean digital,digital,digital,3.0,2000.0,2.987
c1_comp,Waves,clean digital,digital,digital,3.0,250.0,3.915
c1_comp,Waves,clean digital,digital,digital,3.0,2500.0,2.968
c1_comp,Waves,clean digital,digital,digital,3.0,31.5,4.51
c1_comp,Waves,clean digital,digital,digital,3.0,315.0,3.766
c1_comp,Waves,clean digital,digital,digital,3.0,3150.0,2.939
c1_comp,Waves,clean digital,digital,digital,3.0,40.0,4.5
c1_comp,Waves,clean digital,digital,digital,3.0,400.0,3.616
c1_comp,Waves,clean digital,digital,digital,3.0,4000.0,2.832
c1_comp,Waves,clean digital,digital,digital,3.0,50.0,4.485
c1_comp,Waves,clean digital,digital,digital,3.0,500.0,3.485
c1_comp,Waves,clean digital,digital,digital,3.0,5000.0,2.893
c1_comp,Waves,clean digital,digital,digital,3.0,63.0,4.46
c1_comp,Waves,clean digital,digital,digital,3.0,630.0,3.368
c1_comp,Waves,clean digital,digital,digital,3.0,6300.0,2.889
c1_comp,Waves,clean digital,digital,digital,3.0,80.0,4.42
c1_comp,Waves,clean digital,digital,digital,3.0,800.0,3.26
c1_comp,Waves,clean digital,digital,digital,3.0,8000.0,2.522
c1_comp,Waves,clean digital,digital,digital,6.0,100.0,7.792
c1_comp,Waves,clean digital,digital,digital,6.0,1000.0,6.249
c1_comp,Waves,clean digital,digital,digital,6.0,10000.0,5.801
c1_comp,Waves,clean digital,digital,digital,6.0,125.0,7.703
c1_comp,Waves,clean digital,digital,digital,6.0,1250.0,6.16
c1_comp,Waves,clean digital,digital,digital,6.0,12500.0,5.882
c1_comp,Waves,clean digital,digital,digital,6.0,160.0,7.569
c1_comp,Waves,clean digital,digital,digital,6.0,1600.0,6.058
c1_comp,Waves,clean digital,digital,digital,6.0,200.0,7.417
c1_comp,Waves,clean digital,digital,digital,6.0,2000.0,5.983
c1_comp,Waves,clean digital,digital,digital,6.0,250.0,7.242
c1_comp,Waves,clean digital,digital,digital,6.0,2500.0,5.957
c1_comp,Waves,clean digital,digital,digital,6.0,31.5,7.955
c1_comp,Waves,clean digital,digital,digital,6.0,315.0,7.049
c1_comp,Waves,clean digital,digital,digital,6.0,3150.0,5.915
c1_comp,Waves,clean digital,digital,digital,6.0,40.0,7.945
c1_comp,Waves,clean digital,digital,digital,6.0,400.0,6.851
c1_comp,Waves,clean digital,digital,digital,6.0,4000.0,5.759
c1_comp,Waves,clean digital,digital,digital,6.0,50.0,7.928
c1_comp,Waves,clean digital,digital,digital,6.0,500.0,6.676
c1_comp,Waves,clean digital,digital,digital,6.0,5000.0,5.848
c1_comp,Waves,clean digital,digital,digital,6.0,63.0,7.9
c1_comp,Waves,clean digital,digital,digital,6.0,630.0,6.516
c1_comp,Waves,clean digital,digital,digital,6.0,6300.0,5.843
c1_comp,Waves,clean digital,digital,digital,6.0,80.0,7.856
c1_comp,Waves,clean digital,digital,digital,6.0,800.0,6.368
c1_comp,Waves,clean digital,digital,digital,6.0,8000.0,5.3
cla3a,Waves,UREI LA-3A,opto-la2a,opto,10.0,100.0,8.975
cla3a,Waves,UREI LA-3A,opto-la2a,opto,10.0,1000.0,9.503
cla3a,Waves,UREI LA-3A,opto-la2a,opto,10.0,10000.0,11.237
cla3a,Waves,UREI LA-3A,opto-la2a,opto,10.0,125.0,8.945
cla3a,Waves,UREI LA-3A,opto-la2a,opto,10.0,1250.0,9.676
cla3a,Waves,UREI LA-3A,opto-la2a,opto,10.0,12500.0,11.348
cla3a,Waves,UREI LA-3A,opto-la2a,opto,10.0,160.0,8.937
cla3a,Waves,UREI LA-3A,opto-la2a,opto,10.0,1600.0,9.888
cla3a,Waves,UREI LA-3A,opto-la2a,opto,10.0,200.0,8.964
cla3a,Waves,UREI LA-3A,opto-la2a,opto,10.0,2000.0,10.069
cla3a,Waves,UREI LA-3A,opto-la2a,opto,10.0,250.0,9.027
cla3a,Waves,UREI LA-3A,opto-la2a,opto,10.0,2500.0,10.264
cla3a,Waves,UREI LA-3A,opto-la2a,opto,10.0,31.5,8.729
cla3a,Waves,UREI LA-3A,opto-la2a,opto,10.0,315.0,9.081
cla3a,Waves,UREI LA-3A,opto-la2a,opto,10.0,3150.0,10.449
cla3a,Waves,UREI LA-3A,opto-la2a,opto,10.0,40.0,8.879
cla3a,Waves,UREI LA-3A,opto-la2a,opto,10.0,400.0,9.106
cla3a,Waves,UREI LA-3A,opto-la2a,opto,10.0,4000.0,10.628
cla3a,Waves,UREI LA-3A,opto-la2a,opto,10.0,50.0,8.978
cla3a,Waves,UREI LA-3A,opto-la2a,opto,10.0,500.0,9.155
cla3a,Waves,UREI LA-3A,opto-la2a,opto,10.0,5000.0,10.859
cla3a,Waves,UREI LA-3A,opto-la2a,opto,10.0,63.0,9.019
cla3a,Waves,UREI LA-3A,opto-la2a,opto,10.0,630.0,9.235
cla3a,Waves,UREI LA-3A,opto-la2a,opto,10.0,6300.0,11.102
cla3a,Waves,UREI LA-3A,opto-la2a,opto,10.0,80.0,9.008
cla3a,Waves,UREI LA-3A,opto-la2a,opto,10.0,800.0,9.355
cla3a,Waves,UREI LA-3A,opto-la2a,opto,10.0,8000.0,10.914
cla3a,Waves,UREI LA-3A,opto-la2a,opto,15.0,100.0,13.508
cla3a,Waves,UREI LA-3A,opto-la2a,opto,15.0,1000.0,14.467
cla3a,Waves,UREI LA-3A,opto-la2a,opto,15.0,10000.0,15.511
cla3a,Waves,UREI LA-3A,opto-la2a,opto,15.0,125.0,13.497
cla3a,Waves,UREI LA-3A,opto-la2a,opto,15.0,1250.0,14.643
cla3a,Waves,UREI LA-3A,opto-la2a,opto,15.0,12500.0,15.552
cla3a,Waves,UREI LA-3A,opto-la2a,opto,15.0,160.0,13.516
cla3a,Waves,UREI LA-3A,opto-la2a,opto,15.0,1600.0,14.849
cla3a,Waves,UREI LA-3A,opto-la2a,opto,15.0,200.0,13.573
cla3a,Waves,UREI LA-3A,opto-la2a,opto,15.0,2000.0,15.013
cla3a,Waves,UREI LA-3A,opto-la2a,opto,15.0,250.0,13.671
cla3a,Waves,UREI LA-3A,opto-la2a,opto,15.0,2500.0,15.227
cla3a,Waves,UREI LA-3A,opto-la2a,opto,15.0,31.5,13.282
cla3a,Waves,UREI LA-3A,opto-la2a,opto,15.0,315.0,13.809
cla3a,Waves,UREI LA-3A,opto-la2a,opto,15.0,3150.0,15.411
cla3a,Waves,UREI LA-3A,opto-la2a,opto,15.0,40.0,13.412
cla3a,Waves,UREI LA-3A,opto-la2a,opto,15.0,400.0,13.976
cla3a,Waves,UREI LA-3A,opto-la2a,opto,15.0,4000.0,15.587
cla3a,Waves,UREI LA-3A,opto-la2a,opto,15.0,50.0,13.495
cla3a,Waves,UREI LA-3A,opto-la2a,opto,15.0,500.0,14.127
cla3a,Waves,UREI LA-3A,opto-la2a,opto,15.0,5000.0,15.666
cla3a,Waves,UREI LA-3A,opto-la2a,opto,15.0,63.0,13.53
cla3a,Waves,UREI LA-3A,opto-la2a,opto,15.0,630.0,14.208
cla3a,Waves,UREI LA-3A,opto-la2a,opto,15.0,6300.0,15.637
cla3a,Waves,UREI LA-3A,opto-la2a,opto,15.0,80.0,13.527
cla3a,Waves,UREI LA-3A,opto-la2a,opto,15.0,800.0,14.327
cla3a,Waves,UREI LA-3A,opto-la2a,opto,15.0,8000.0,15.179
cla3a,Waves,UREI LA-3A,opto-la2a,opto,3.0,100.0,2.439
cla3a,Waves,UREI LA-3A,opto-la2a,opto,3.0,1000.0,2.62
cla3a,Waves,UREI LA-3A,opto-la2a,opto,3.0,10000.0,4.876
cla3a,Waves,UREI LA-3A,opto-la2a,opto,3.0,125.0,2.38
cla3a,Waves,UREI LA-3A,opto-la2a,opto,3.0,1250.0,2.772
cla3a,Waves,UREI LA-3A,opto-la2a,opto,3.0,12500.0,5.135
cla3a,Waves,UREI LA-3A,opto-la2a,opto,3.0,160.0,2.323
cla3a,Waves,UREI LA-3A,opto-la2a,opto,3.0,1600.0,2.959
cla3a,Waves,UREI LA-3A,opto-la2a,opto,3.0,200.0,2.286
cla3a,Waves,UREI LA-3A,opto-la2a,opto,3.0,2000.0,3.124
cla3a,Waves,UREI LA-3A,opto-la2a,opto,3.0,250.0,2.265
cla3a,Waves,UREI LA-3A,opto-la2a,opto,3.0,2500.0,3.31
cla3a,Waves,UREI LA-3A,opto-la2a,opto,3.0,31.5,2.276
cla3a,Waves,UREI LA-3A,opto-la2a,opto,3.0,315.0,2.263
cla3a,Waves,UREI LA-3A,opto-la2a,opto,3.0,3150.0,3.492
cla3a,Waves,UREI LA-3A,opto-la2a,opto,3.0,40.0,2.406
cla3a,Waves,UREI LA-3A,opto-la2a,opto,3.0,400.0,2.282
cla3a,Waves,UREI LA-3A,opto-la2a,opto,3.0,4000.0,3.679
cla3a,Waves,UREI LA-3A,opto-la2a,opto,3.0,50.0,2.487
cla3a,Waves,UREI LA-3A,opto-la2a,opto,3.0,500.0,2.322
cla3a,Waves,UREI LA-3A,opto-la2a,opto,3.0,5000.0,3.902
cla3a,Waves,UREI LA-3A,opto-la2a,opto,3.0,63.0,2.513
cla3a,Waves,UREI LA-3A,opto-la2a,opto,3.0,630.0,2.39
cla3a,Waves,UREI LA-3A,opto-la2a,opto,3.0,6300.0,4.181
cla3a,Waves,UREI LA-3A,opto-la2a,opto,3.0,80.0,2.489
cla3a,Waves,UREI LA-3A,opto-la2a,opto,3.0,800.0,2.494
cla3a,Waves,UREI LA-3A,opto-la2a,opto,3.0,8000.0,4.373
cla3a,Waves,UREI LA-3A,opto-la2a,opto,6.0,100.0,5.064
cla3a,Waves,UREI LA-3A,opto-la2a,opto,6.0,1000.0,5.329
cla3a,Waves,UREI LA-3A,opto-la2a,opto,6.0,10000.0,7.663
cla3a,Waves,UREI LA-3A,opto-la2a,opto,6.0,125.0,5.018
cla3a,Waves,UREI LA-3A,opto-la2a,opto,6.0,1250.0,5.51
cla3a,Waves,UREI LA-3A,opto-la2a,opto,6.0,12500.0,7.81
cla3a,Waves,UREI LA-3A,opto-la2a,opto,6.0,160.0,4.975
cla3a,Waves,UREI LA-3A,opto-la2a,opto,6.0,1600.0,5.725
cla3a,Waves,UREI LA-3A,opto-la2a,opto,6.0,200.0,4.936
cla3a,Waves,UREI LA-3A,opto-la2a,opto,6.0,2000.0,5.939
cla3a,Waves,UREI LA-3A,opto-la2a,opto,6.0,250.0,4.912
cla3a,Waves,UREI LA-3A,opto-la2a,opto,6.0,2500.0,6.11
cla3a,Waves,UREI LA-3A,opto-la2a,opto,6.0,31.5,4.831
cla3a,Waves,UREI LA-3A,opto-la2a,opto,6.0,315.0,4.909
cla3a,Waves,UREI LA-3A,opto-la2a,opto,6.0,3150.0,6.301
cla3a,Waves,UREI LA-3A,opto-la2a,opto,6.0,40.0,4.98
cla3a,Waves,UREI LA-3A,opto-la2a,opto,6.0,400.0,4.932
cla3a,Waves,UREI LA-3A,opto-la2a,opto,6.0,4000.0,6.515
cla3a,Waves,UREI LA-3A,opto-la2a,opto,6.0,50.0,5.076
cla3a,Waves,UREI LA-3A,opto-la2a,opto,6.0,500.0,4.983
cla3a,Waves,UREI LA-3A,opto-la2a,opto,6.0,5000.0,6.732
cla3a,Waves,UREI LA-3A,opto-la2a,opto,6.0,63.0,5.114
cla3a,Waves,UREI LA-3A,opto-la2a,opto,6.0,630.0,5.062
cla3a,Waves,UREI LA-3A,opto-la2a,opto,6.0,6300.0,7.019
cla3a,Waves,UREI LA-3A,opto-la2a,opto,6.0,80.0,5.102
cla3a,Waves,UREI LA-3A,opto-la2a,opto,6.0,800.0,5.183
cla3a,Waves,UREI LA-3A,opto-la2a,opto,6.0,8000.0,7.166
dbx160,UAD,dbx 160 VU,vca-dbx160,vca,10.0,100.0,9.625
dbx160,UAD,dbx 160 VU,vca-dbx160,vca,10.0,1000.0,9.74
dbx160,UAD,dbx 160 VU,vca-dbx160,vca,10.0,10000.0,9.741
dbx160,UAD,dbx 160 VU,vca-dbx160,vca,10.0,125.0,9.666
dbx160,UAD,dbx 160 VU,vca-dbx160,vca,10.0,1250.0,9.74
dbx160,UAD,dbx 160 VU,vca-dbx160,vca,10.0,12500.0,9.742
dbx160,UAD,dbx 160 VU,vca-dbx160,vca,10.0,160.0,9.695
dbx160,UAD,dbx 160 VU,vca-dbx160,vca,10.0,1600.0,9.74
dbx160,UAD,dbx 160 VU,vca-dbx160,vca,10.0,200.0,9.712
dbx160,UAD,dbx 160 VU,vca-dbx160,vca,10.0,2000.0,9.741
dbx160,UAD,dbx 160 VU,vca-dbx160,vca,10.0,250.0,9.723
dbx160,UAD,dbx 160 VU,vca-dbx160,vca,10.0,2500.0,9.742
dbx160,UAD,dbx 160 VU,vca-dbx160,vca,10.0,31.5,8.754
dbx160,UAD,dbx 160 VU,vca-dbx160,vca,10.0,315.0,9.729
dbx160,UAD,dbx 160 VU,vca-dbx160,vca,10.0,3150.0,9.741
dbx160,UAD,dbx 160 VU,vca-dbx160,vca,10.0,40.0,9.076
dbx160,UAD,dbx 160 VU,vca-dbx160,vca,10.0,400.0,9.733
dbx160,UAD,dbx 160 VU,vca-dbx160,vca,10.0,4000.0,9.741
dbx160,UAD,dbx 160 VU,vca-dbx160,vca,10.0,50.0,9.3
dbx160,UAD,dbx 160 VU,vca-dbx160,vca,10.0,500.0,9.736
dbx160,UAD,dbx 160 VU,vca-dbx160,vca,10.0,5000.0,9.742
dbx160,UAD,dbx 160 VU,vca-dbx160,vca,10.0,63.0,9.456
dbx160,UAD,dbx 160 VU,vca-dbx160,vca,10.0,630.0,9.738
dbx160,UAD,dbx 160 VU,vca-dbx160,vca,10.0,6300.0,9.742
dbx160,UAD,dbx 160 VU,vca-dbx160,vca,10.0,80.0,9.561
dbx160,UAD,dbx 160 VU,vca-dbx160,vca,10.0,800.0,9.74
dbx160,UAD,dbx 160 VU,vca-dbx160,vca,10.0,8000.0,9.743
dbx160,UAD,dbx 160 VU,vca-dbx160,vca,15.0,100.0,14.888
dbx160,UAD,dbx 160 VU,vca-dbx160,vca,15.0,1000.0,15.002
dbx160,UAD,dbx 160 VU,vca-dbx160,vca,15.0,10000.0,15.004
dbx160,UAD,dbx 160 VU,vca-dbx160,vca,15.0,125.0,14.929
dbx160,UAD,dbx 160 VU,vca-dbx160,vca,15.0,1250.0,15.002
dbx160,UAD,dbx 160 VU,vca-dbx160,vca,15.0,12500.0,15.005
dbx160,UAD,dbx 160 VU,vca-dbx160,vca,15.0,160.0,14.957
dbx160,UAD,dbx 160 VU,vca-dbx160,vca,15.0,1600.0,15.002
dbx160,UAD,dbx 160 VU,vca-dbx160,vca,15.0,200.0,14.974
dbx160,UAD,dbx 160 VU,vca-dbx160,vca,15.0,2000.0,15.003
dbx160,UAD,dbx 160 VU,vca-dbx160,vca,15.0,250.0,14.984
dbx160,UAD,dbx 160 VU,vca-dbx160,vca,15.0,2500.0,15.003
dbx160,UAD,dbx 160 VU,vca-dbx160,vca,15.0,31.5,14.026
dbx160,UAD,dbx 160 VU,vca-dbx160,vca,15.0,315.0,14.991
dbx160,UAD,dbx 160 VU,vca-dbx160,vca,15.0,3150.0,15.003
dbx160,UAD,dbx 160 VU,vca-dbx160,vca,15.0,40.0,14.344
dbx160,UAD,dbx 160 VU,vca-dbx160,vca,15.0,400.0,14.995
dbx160,UAD,dbx 160 VU,vca-dbx160,vca,15.0,4000.0,15.003
dbx160,UAD,dbx 160 VU,vca-dbx160,vca,15.0,50.0,14.566
dbx160,UAD,dbx 160 VU,vca-dbx160,vca,15.0,500.0,14.998
dbx160,UAD,dbx 160 VU,vca-dbx160,vca,15.0,5000.0,15.004
dbx160,UAD,dbx 160 VU,vca-dbx160,vca,15.0,63.0,14.721
dbx160,UAD,dbx 160 VU,vca-dbx160,vca,15.0,630.0,15.0
dbx160,UAD,dbx 160 VU,vca-dbx160,vca,15.0,6300.0,15.004
dbx160,UAD,dbx 160 VU,vca-dbx160,vca,15.0,80.0,14.825
dbx160,UAD,dbx 160 VU,vca-dbx160,vca,15.0,800.0,15.001
dbx160,UAD,dbx 160 VU,vca-dbx160,vca,15.0,8000.0,15.006
dbx160,UAD,dbx 160 VU,vca-dbx160,vca,3.0,100.0,2.877
dbx160,UAD,dbx 160 VU,vca-dbx160,vca,3.0,1000.0,2.994
dbx160,UAD,dbx 160 VU,vca-dbx160,vca,3.0,10000.0,2.994
dbx160,UAD,dbx 160 VU,vca-dbx160,vca,3.0,125.0,2.919
dbx160,UAD,dbx 160 VU,vca-dbx160,vca,3.0,1250.0,2.994
dbx160,UAD,dbx 160 VU,vca-dbx160,vca,3.0,12500.0,2.995
dbx160,UAD,dbx 160 VU,vca-dbx160,vca,3.0,160.0,2.948
dbx160,UAD,dbx 160 VU,vca-dbx160,vca,3.0,1600.0,2.993
dbx160,UAD,dbx 160 VU,vca-dbx160,vca,3.0,200.0,2.965
dbx160,UAD,dbx 160 VU,vca-dbx160,vca,3.0,2000.0,2.995
dbx160,UAD,dbx 160 VU,vca-dbx160,vca,3.0,250.0,2.976
dbx160,UAD,dbx 160 VU,vca-dbx160,vca,3.0,2500.0,2.995
dbx160,UAD,dbx 160 VU,vca-dbx160,vca,3.0,31.5,2.001
dbx160,UAD,dbx 160 VU,vca-dbx160,vca,3.0,315.0,2.983
dbx160,UAD,dbx 160 VU,vca-dbx160,vca,3.0,3150.0,2.995
dbx160,UAD,dbx 160 VU,vca-dbx160,vca,3.0,40.0,2.325
dbx160,UAD,dbx 160 VU,vca-dbx160,vca,3.0,400.0,2.987
dbx160,UAD,dbx 160 VU,vca-dbx160,vca,3.0,4000.0,2.994
dbx160,UAD,dbx 160 VU,vca-dbx160,vca,3.0,50.0,2.55
dbx160,UAD,dbx 160 VU,vca-dbx160,vca,3.0,500.0,2.99
dbx160,UAD,dbx 160 VU,vca-dbx160,vca,3.0,5000.0,2.995
dbx160,UAD,dbx 160 VU,vca-dbx160,vca,3.0,63.0,2.708
dbx160,UAD,dbx 160 VU,vca-dbx160,vca,3.0,630.0,2.992
dbx160,UAD,dbx 160 VU,vca-dbx160,vca,3.0,6300.0,2.995
dbx160,UAD,dbx 160 VU,vca-dbx160,vca,3.0,80.0,2.814
dbx160,UAD,dbx 160 VU,vca-dbx160,vca,3.0,800.0,2.993
dbx160,UAD,dbx 160 VU,vca-dbx160,vca,3.0,8000.0,2.996
dbx160,UAD,dbx 160 VU,vca-dbx160,vca,6.0,100.0,5.886
dbx160,UAD,dbx 160 VU,vca-dbx160,vca,6.0,1000.0,6.002
dbx160,UAD,dbx 160 VU,vca-dbx160,vca,6.0,10000.0,6.003
dbx160,UAD,dbx 160 VU,vca-dbx160,vca,6.0,125.0,5.928
dbx160,UAD,dbx 160 VU,vca-dbx160,vca,6.0,1250.0,6.002
dbx160,UAD,dbx 160 VU,vca-dbx160,vca,6.0,12500.0,6.003
dbx160,UAD,dbx 160 VU,vca-dbx160,vca,6.0,160.0,5.957
dbx160,UAD,dbx 160 VU,vca-dbx160,vca,6.0,1600.0,6.002
dbx160,UAD,dbx 160 VU,vca-dbx160,vca,6.0,200.0,5.973
dbx160,UAD,dbx 160 VU,vca-dbx160,vca,6.0,2000.0,6.003
dbx160,UAD,dbx 160 VU,vca-dbx160,vca,6.0,250.0,5.984
dbx160,UAD,dbx 160 VU,vca-dbx160,vca,6.0,2500.0,6.003
dbx160,UAD,dbx 160 VU,vca-dbx160,vca,6.0,31.5,5.012
dbx160,UAD,dbx 160 VU,vca-dbx160,vca,6.0,315.0,5.991
dbx160,UAD,dbx 160 VU,vca-dbx160,vca,6.0,3150.0,6.003
dbx160,UAD,dbx 160 VU,vca-dbx160,vca,6.0,40.0,5.335
dbx160,UAD,dbx 160 VU,vca-dbx160,vca,6.0,400.0,5.995
dbx160,UAD,dbx 160 VU,vca-dbx160,vca,6.0,4000.0,6.003
dbx160,UAD,dbx 160 VU,vca-dbx160,vca,6.0,50.0,5.56
dbx160,UAD,dbx 160 VU,vca-dbx160,vca,6.0,500.0,5.998
dbx160,UAD,dbx 160 VU,vca-dbx160,vca,6.0,5000.0,6.004
dbx160,UAD,dbx 160 VU,vca-dbx160,vca,6.0,63.0,5.717
dbx160,UAD,dbx 160 VU,vca-dbx160,vca,6.0,630.0,6.0
dbx160,UAD,dbx 160 VU,vca-dbx160,vca,6.0,6300.0,6.003
dbx160,UAD,dbx 160 VU,vca-dbx160,vca,6.0,80.0,5.823
dbx160,UAD,dbx 160 VU,vca-dbx160,vca,6.0,800.0,6.002
dbx160,UAD,dbx 160 VU,vca-dbx160,vca,6.0,8000.0,6.005
distressor,UAD,Empirical Labs Distressor,fet-other,fet,10.0,100.0,10.149
distressor,UAD,Empirical Labs Distressor,fet-other,fet,10.0,1000.0,10.152
distressor,UAD,Empirical Labs Distressor,fet-other,fet,10.0,10000.0,10.155
distressor,UAD,Empirical Labs Distressor,fet-other,fet,10.0,125.0,10.15
distressor,UAD,Empirical Labs Distressor,fet-other,fet,10.0,1250.0,10.152
distressor,UAD,Empirical Labs Distressor,fet-other,fet,10.0,12500.0,10.153
distressor,UAD,Empirical Labs Distressor,fet-other,fet,10.0,160.0,10.151
distressor,UAD,Empirical Labs Distressor,fet-other,fet,10.0,1600.0,10.152
distressor,UAD,Empirical Labs Distressor,fet-other,fet,10.0,200.0,10.151
distressor,UAD,Empirical Labs Distressor,fet-other,fet,10.0,2000.0,10.154
distressor,UAD,Empirical Labs Distressor,fet-other,fet,10.0,250.0,10.151
distressor,UAD,Empirical Labs Distressor,fet-other,fet,10.0,2500.0,10.152
distressor,UAD,Empirical Labs Distressor,fet-other,fet,10.0,31.5,10.13
distressor,UAD,Empirical Labs Distressor,fet-other,fet,10.0,315.0,10.152
distressor,UAD,Empirical Labs Distressor,fet-other,fet,10.0,3150.0,10.152
distressor,UAD,Empirical Labs Distressor,fet-other,fet,10.0,40.0,10.138
distressor,UAD,Empirical Labs Distressor,fet-other,fet,10.0,400.0,10.152
distressor,UAD,Empirical Labs Distressor,fet-other,fet,10.0,4000.0,10.153
distressor,UAD,Empirical Labs Distressor,fet-other,fet,10.0,50.0,10.143
distressor,UAD,Empirical Labs Distressor,fet-other,fet,10.0,500.0,10.152
distressor,UAD,Empirical Labs Distressor,fet-other,fet,10.0,5000.0,10.152
distressor,UAD,Empirical Labs Distressor,fet-other,fet,10.0,63.0,10.146
distressor,UAD,Empirical Labs Distressor,fet-other,fet,10.0,630.0,10.152
distressor,UAD,Empirical Labs Distressor,fet-other,fet,10.0,6300.0,10.152
distressor,UAD,Empirical Labs Distressor,fet-other,fet,10.0,80.0,10.148
distressor,UAD,Empirical Labs Distressor,fet-other,fet,10.0,800.0,10.152
distressor,UAD,Empirical Labs Distressor,fet-other,fet,10.0,8000.0,10.129
distressor,UAD,Empirical Labs Distressor,fet-other,fet,15.0,100.0,14.977
distressor,UAD,Empirical Labs Distressor,fet-other,fet,15.0,1000.0,14.981
distressor,UAD,Empirical Labs Distressor,fet-other,fet,15.0,10000.0,14.981
distressor,UAD,Empirical Labs Distressor,fet-other,fet,15.0,125.0,14.979
distressor,UAD,Empirical Labs Distressor,fet-other,fet,15.0,1250.0,14.981
distressor,UAD,Empirical Labs Distressor,fet-other,fet,15.0,12500.0,14.983
distressor,UAD,Empirical Labs Distressor,fet-other,fet,15.0,160.0,14.98
distressor,UAD,Empirical Labs Distressor,fet-other,fet,15.0,1600.0,14.981
distressor,UAD,Empirical Labs Distressor,fet-other,fet,15.0,200.0,14.98
distressor,UAD,Empirical Labs Distressor,fet-other,fet,15.0,2000.0,14.98
distressor,UAD,Empirical Labs Distressor,fet-other,fet,15.0,250.0,14.981
distressor,UAD,Empirical Labs Distressor,fet-other,fet,15.0,2500.0,14.982
distressor,UAD,Empirical Labs Distressor,fet-other,fet,15.0,31.5,14.945
distressor,UAD,Empirical Labs Distressor,fet-other,fet,15.0,315.0,14.981
distressor,UAD,Empirical Labs Distressor,fet-other,fet,15.0,3150.0,14.982
distressor,UAD,Empirical Labs Distressor,fet-other,fet,15.0,40.0,14.957
distressor,UAD,Empirical Labs Distressor,fet-other,fet,15.0,400.0,14.981
distressor,UAD,Empirical Labs Distressor,fet-other,fet,15.0,4000.0,14.984
distressor,UAD,Empirical Labs Distressor,fet-other,fet,15.0,50.0,14.966
distressor,UAD,Empirical Labs Distressor,fet-other,fet,15.0,500.0,14.981
distressor,UAD,Empirical Labs Distressor,fet-other,fet,15.0,5000.0,14.982
distressor,UAD,Empirical Labs Distressor,fet-other,fet,15.0,63.0,14.972
distressor,UAD,Empirical Labs Distressor,fet-other,fet,15.0,630.0,14.981
distressor,UAD,Empirical Labs Distressor,fet-other,fet,15.0,6300.0,14.982
distressor,UAD,Empirical Labs Distressor,fet-other,fet,15.0,80.0,14.975
distressor,UAD,Empirical Labs Distressor,fet-other,fet,15.0,800.0,14.981
distressor,UAD,Empirical Labs Distressor,fet-other,fet,15.0,8000.0,14.956
distressor,UAD,Empirical Labs Distressor,fet-other,fet,3.0,100.0,3.074
distressor,UAD,Empirical Labs Distressor,fet-other,fet,3.0,1000.0,3.075
distressor,UAD,Empirical Labs Distressor,fet-other,fet,3.0,10000.0,3.076
distressor,UAD,Empirical Labs Distressor,fet-other,fet,3.0,125.0,3.075
distressor,UAD,Empirical Labs Distressor,fet-other,fet,3.0,1250.0,3.075
distressor,UAD,Empirical Labs Distressor,fet-other,fet,3.0,12500.0,3.076
distressor,UAD,Empirical Labs Distressor,fet-other,fet,3.0,160.0,3.075
distressor,UAD,Empirical Labs Distressor,fet-other,fet,3.0,1600.0,3.074
distressor,UAD,Empirical Labs Distressor,fet-other,fet,3.0,200.0,3.075
distressor,UAD,Empirical Labs Distressor,fet-other,fet,3.0,2000.0,3.076
distressor,UAD,Empirical Labs Distressor,fet-other,fet,3.0,250.0,3.075
distressor,UAD,Empirical Labs Distressor,fet-other,fet,3.0,2500.0,3.075
distressor,UAD,Empirical Labs Distressor,fet-other,fet,3.0,31.5,3.068
distressor,UAD,Empirical Labs Distressor,fet-other,fet,3.0,315.0,3.075
distressor,UAD,Empirical Labs Distressor,fet-other,fet,3.0,3150.0,3.075
distressor,UAD,Empirical Labs Distressor,fet-other,fet,3.0,40.0,3.07
distressor,UAD,Empirical Labs Distressor,fet-other,fet,3.0,400.0,3.075
distressor,UAD,Empirical Labs Distressor,fet-other,fet,3.0,4000.0,3.073
distressor,UAD,Empirical Labs Distressor,fet-other,fet,3.0,50.0,3.072
distressor,UAD,Empirical Labs Distressor,fet-other,fet,3.0,500.0,3.075
distressor,UAD,Empirical Labs Distressor,fet-other,fet,3.0,5000.0,3.076
distressor,UAD,Empirical Labs Distressor,fet-other,fet,3.0,63.0,3.073
distressor,UAD,Empirical Labs Distressor,fet-other,fet,3.0,630.0,3.075
distressor,UAD,Empirical Labs Distressor,fet-other,fet,3.0,6300.0,3.075
distressor,UAD,Empirical Labs Distressor,fet-other,fet,3.0,80.0,3.074
distressor,UAD,Empirical Labs Distressor,fet-other,fet,3.0,800.0,3.075
distressor,UAD,Empirical Labs Distressor,fet-other,fet,3.0,8000.0,3.063
distressor,UAD,Empirical Labs Distressor,fet-other,fet,6.0,100.0,6.461
distressor,UAD,Empirical Labs Distressor,fet-other,fet,6.0,1000.0,6.462
distressor,UAD,Empirical Labs Distressor,fet-other,fet,6.0,10000.0,6.461
distressor,UAD,Empirical Labs Distressor,fet-other,fet,6.0,125.0,6.461
distressor,UAD,Empirical Labs Distressor,fet-other,fet,6.0,1250.0,6.462
distressor,UAD,Empirical Labs Distressor,fet-other,fet,6.0,12500.0,6.463
distressor,UAD,Empirical Labs Distressor,fet-other,fet,6.0,160.0,6.461
distressor,UAD,Empirical Labs Distressor,fet-other,fet,6.0,1600.0,6.461
distressor,UAD,Empirical Labs Distressor,fet-other,fet,6.0,200.0,6.462
distressor,UAD,Empirical Labs Distressor,fet-other,fet,6.0,2000.0,6.46
distressor,UAD,Empirical Labs Distressor,fet-other,fet,6.0,250.0,6.462
distressor,UAD,Empirical Labs Distressor,fet-other,fet,6.0,2500.0,6.462
distressor,UAD,Empirical Labs Distressor,fet-other,fet,6.0,31.5,6.449
distressor,UAD,Empirical Labs Distressor,fet-other,fet,6.0,315.0,6.462
distressor,UAD,Empirical Labs Distressor,fet-other,fet,6.0,3150.0,6.462
distressor,UAD,Empirical Labs Distressor,fet-other,fet,6.0,40.0,6.454
distressor,UAD,Empirical Labs Distressor,fet-other,fet,6.0,400.0,6.462
distressor,UAD,Empirical Labs Distressor,fet-other,fet,6.0,4000.0,6.459
distressor,UAD,Empirical Labs Distressor,fet-other,fet,6.0,50.0,6.457
distressor,UAD,Empirical Labs Distressor,fet-other,fet,6.0,500.0,6.462
distressor,UAD,Empirical Labs Distressor,fet-other,fet,6.0,5000.0,6.462
distressor,UAD,Empirical Labs Distressor,fet-other,fet,6.0,63.0,6.459
distressor,UAD,Empirical Labs Distressor,fet-other,fet,6.0,630.0,6.462
distressor,UAD,Empirical Labs Distressor,fet-other,fet,6.0,6300.0,6.463
distressor,UAD,Empirical Labs Distressor,fet-other,fet,6.0,80.0,6.46
distressor,UAD,Empirical Labs Distressor,fet-other,fet,6.0,800.0,6.462
distressor,UAD,Empirical Labs Distressor,fet-other,fet,6.0,8000.0,6.444
fairchild660,UAD,Fairchild 660 mono,varimu-fairchild,vari-mu,10.0,100.0,9.717
fairchild660,UAD,Fairchild 660 mono,varimu-fairchild,vari-mu,10.0,1000.0,10.11
fairchild660,UAD,Fairchild 660 mono,varimu-fairchild,vari-mu,10.0,10000.0,9.93
fairchild660,UAD,Fairchild 660 mono,varimu-fairchild,vari-mu,10.0,125.0,9.846
fairchild660,UAD,Fairchild 660 mono,varimu-fairchild,vari-mu,10.0,1250.0,10.11
fairchild660,UAD,Fairchild 660 mono,varimu-fairchild,vari-mu,10.0,12500.0,9.826
fairchild660,UAD,Fairchild 660 mono,varimu-fairchild,vari-mu,10.0,160.0,9.943
fairchild660,UAD,Fairchild 660 mono,varimu-fairchild,vari-mu,10.0,1600.0,10.11
fairchild660,UAD,Fairchild 660 mono,varimu-fairchild,vari-mu,10.0,200.0,10.002
fairchild660,UAD,Fairchild 660 mono,varimu-fairchild,vari-mu,10.0,2000.0,10.108
fairchild660,UAD,Fairchild 660 mono,varimu-fairchild,vari-mu,10.0,250.0,10.042
fairchild660,UAD,Fairchild 660 mono,varimu-fairchild,vari-mu,10.0,2500.0,10.104
fairchild660,UAD,Fairchild 660 mono,varimu-fairchild,vari-mu,10.0,31.5,8.261
fairchild660,UAD,Fairchild 660 mono,varimu-fairchild,vari-mu,10.0,315.0,10.069
fairchild660,UAD,Fairchild 660 mono,varimu-fairchild,vari-mu,10.0,3150.0,10.097
fairchild660,UAD,Fairchild 660 mono,varimu-fairchild,vari-mu,10.0,40.0,8.661
fairchild660,UAD,Fairchild 660 mono,varimu-fairchild,vari-mu,10.0,400.0,10.086
fairchild660,UAD,Fairchild 660 mono,varimu-fairchild,vari-mu,10.0,4000.0,10.089
fairchild660,UAD,Fairchild 660 mono,varimu-fairchild,vari-mu,10.0,50.0,9.004
fairchild660,UAD,Fairchild 660 mono,varimu-fairchild,vari-mu,10.0,500.0,10.097
fairchild660,UAD,Fairchild 660 mono,varimu-fairchild,vari-mu,10.0,5000.0,10.069
fairchild660,UAD,Fairchild 660 mono,varimu-fairchild,vari-mu,10.0,63.0,9.3
fairchild660,UAD,Fairchild 660 mono,varimu-fairchild,vari-mu,10.0,630.0,10.103
fairchild660,UAD,Fairchild 660 mono,varimu-fairchild,vari-mu,10.0,6300.0,10.042
fairchild660,UAD,Fairchild 660 mono,varimu-fairchild,vari-mu,10.0,80.0,9.544
fairchild660,UAD,Fairchild 660 mono,varimu-fairchild,vari-mu,10.0,800.0,10.108
fairchild660,UAD,Fairchild 660 mono,varimu-fairchild,vari-mu,10.0,8000.0,10.009
fairchild660,UAD,Fairchild 660 mono,varimu-fairchild,vari-mu,15.0,100.0,14.393
fairchild660,UAD,Fairchild 660 mono,varimu-fairchild,vari-mu,15.0,1000.0,14.806
fairchild660,UAD,Fairchild 660 mono,varimu-fairchild,vari-mu,15.0,10000.0,14.62
fairchild660,UAD,Fairchild 660 mono,varimu-fairchild,vari-mu,15.0,125.0,14.528
fairchild660,UAD,Fairchild 660 mono,varimu-fairchild,vari-mu,15.0,1250.0,14.807
fairchild660,UAD,Fairchild 660 mono,varimu-fairchild,vari-mu,15.0,12500.0,14.513
fairchild660,UAD,Fairchild 660 mono,varimu-fairchild,vari-mu,15.0,160.0,14.631
fairchild660,UAD,Fairchild 660 mono,varimu-fairchild,vari-mu,15.0,1600.0,14.807
fairchild660,UAD,Fairchild 660 mono,varimu-fairchild,vari-mu,15.0,200.0,14.694
fairchild660,UAD,Fairchild 660 mono,varimu-fairchild,vari-mu,15.0,2000.0,14.805
fairchild660,UAD,Fairchild 660 mono,varimu-fairchild,vari-mu,15.0,250.0,14.735
fairchild660,UAD,Fairchild 660 mono,varimu-fairchild,vari-mu,15.0,2500.0,14.8
fairchild660,UAD,Fairchild 660 mono,varimu-fairchild,vari-mu,15.0,31.5,12.835
fairchild660,UAD,Fairchild 660 mono,varimu-fairchild,vari-mu,15.0,315.0,14.763
fairchild660,UAD,Fairchild 660 mono,varimu-fairchild,vari-mu,15.0,3150.0,14.794
fairchild660,UAD,Fairchild 660 mono,varimu-fairchild,vari-mu,15.0,40.0,13.267
fairchild660,UAD,Fairchild 660 mono,varimu-fairchild,vari-mu,15.0,400.0,14.782
fairchild660,UAD,Fairchild 660 mono,varimu-fairchild,vari-mu,15.0,4000.0,14.783
fairchild660,UAD,Fairchild 660 mono,varimu-fairchild,vari-mu,15.0,50.0,13.635
fairchild660,UAD,Fairchild 660 mono,varimu-fairchild,vari-mu,15.0,500.0,14.793
fairchild660,UAD,Fairchild 660 mono,varimu-fairchild,vari-mu,15.0,5000.0,14.765
fairchild660,UAD,Fairchild 660 mono,varimu-fairchild,vari-mu,15.0,63.0,13.951
fairchild660,UAD,Fairchild 660 mono,varimu-fairchild,vari-mu,15.0,630.0,14.8
fairchild660,UAD,Fairchild 660 mono,varimu-fairchild,vari-mu,15.0,6300.0,14.736
fairchild660,UAD,Fairchild 660 mono,varimu-fairchild,vari-mu,15.0,80.0,14.21
fairchild660,UAD,Fairchild 660 mono,varimu-fairchild,vari-mu,15.0,800.0,14.804
fairchild660,UAD,Fairchild 660 mono,varimu-fairchild,vari-mu,15.0,8000.0,14.699
fairchild660,UAD,Fairchild 660 mono,varimu-fairchild,vari-mu,3.0,100.0,2.771
fairchild660,UAD,Fairchild 660 mono,varimu-fairchild,vari-mu,3.0,1000.0,3.108
fairchild660,UAD,Fairchild 660 mono,varimu-fairchild,vari-mu,3.0,10000.0,2.955
fairchild660,UAD,Fairchild 660 mono,varimu-fairchild,vari-mu,3.0,125.0,2.88
fairchild660,UAD,Fairchild 660 mono,varimu-fairchild,vari-mu,3.0,1250.0,3.109
fairchild660,UAD,Fairchild 660 mono,varimu-fairchild,vari-mu,3.0,12500.0,2.867
fairchild660,UAD,Fairchild 660 mono,varimu-fairchild,vari-mu,3.0,160.0,2.963
fairchild660,UAD,Fairchild 660 mono,varimu-fairchild,vari-mu,3.0,1600.0,3.109
fairchild660,UAD,Fairchild 660 mono,varimu-fairchild,vari-mu,3.0,200.0,3.014
fairchild660,UAD,Fairchild 660 mono,varimu-fairchild,vari-mu,3.0,2000.0,3.107
fairchild660,UAD,Fairchild 660 mono,varimu-fairchild,vari-mu,3.0,250.0,3.048
fairchild660,UAD,Fairchild 660 mono,varimu-fairchild,vari-mu,3.0,2500.0,3.103
fairchild660,UAD,Fairchild 660 mono,varimu-fairchild,vari-mu,3.0,31.5,1.619
fairchild660,UAD,Fairchild 660 mono,varimu-fairchild,vari-mu,3.0,315.0,3.071
fairchild660,UAD,Fairchild 660 mono,varimu-fairchild,vari-mu,3.0,3150.0,3.098
fairchild660,UAD,Fairchild 660 mono,varimu-fairchild,vari-mu,3.0,40.0,1.909
fairchild660,UAD,Fairchild 660 mono,varimu-fairchild,vari-mu,3.0,400.0,3.087
fairchild660,UAD,Fairchild 660 mono,varimu-fairchild,vari-mu,3.0,4000.0,3.086
fairchild660,UAD,Fairchild 660 mono,varimu-fairchild,vari-mu,3.0,50.0,2.18
fairchild660,UAD,Fairchild 660 mono,varimu-fairchild,vari-mu,3.0,500.0,3.096
fairchild660,UAD,Fairchild 660 mono,varimu-fairchild,vari-mu,3.0,5000.0,3.074
fairchild660,UAD,Fairchild 660 mono,varimu-fairchild,vari-mu,3.0,63.0,2.422
fairchild660,UAD,Fairchild 660 mono,varimu-fairchild,vari-mu,3.0,630.0,3.102
fairchild660,UAD,Fairchild 660 mono,varimu-fairchild,vari-mu,3.0,6300.0,3.05
fairchild660,UAD,Fairchild 660 mono,varimu-fairchild,vari-mu,3.0,80.0,2.625
fairchild660,UAD,Fairchild 660 mono,varimu-fairchild,vari-mu,3.0,800.0,3.106
fairchild660,UAD,Fairchild 660 mono,varimu-fairchild,vari-mu,3.0,8000.0,3.012
fairchild660,UAD,Fairchild 660 mono,varimu-fairchild,vari-mu,6.0,100.0,6.025
fairchild660,UAD,Fairchild 660 mono,varimu-fairchild,vari-mu,6.0,1000.0,6.396
fairchild660,UAD,Fairchild 660 mono,varimu-fairchild,vari-mu,6.0,10000.0,6.224
fairchild660,UAD,Fairchild 660 mono,varimu-fairchild,vari-mu,6.0,125.0,6.145
fairchild660,UAD,Fairchild 660 mono,varimu-fairchild,vari-mu,6.0,1250.0,6.396
fairchild660,UAD,Fairchild 660 mono,varimu-fairchild,vari-mu,6.0,12500.0,6.126
fairchild660,UAD,Fairchild 660 mono,varimu-fairchild,vari-mu,6.0,160.0,6.237
fairchild660,UAD,Fairchild 660 mono,varimu-fairchild,vari-mu,6.0,1600.0,6.395
fairchild660,UAD,Fairchild 660 mono,varimu-fairchild,vari-mu,6.0,200.0,6.293
fairchild660,UAD,Fairchild 660 mono,varimu-fairchild,vari-mu,6.0,2000.0,6.394
fairchild660,UAD,Fairchild 660 mono,varimu-fairchild,vari-mu,6.0,250.0,6.331
fairchild660,UAD,Fairchild 660 mono,varimu-fairchild,vari-mu,6.0,2500.0,6.39
fairchild660,UAD,Fairchild 660 mono,varimu-fairchild,vari-mu,6.0,31.5,4.679
fairchild660,UAD,Fairchild 660 mono,varimu-fairchild,vari-mu,6.0,315.0,6.356
fairchild660,UAD,Fairchild 660 mono,varimu-fairchild,vari-mu,6.0,3150.0,6.384
fairchild660,UAD,Fairchild 660 mono,varimu-fairchild,vari-mu,6.0,40.0,5.041
fairchild660,UAD,Fairchild 660 mono,varimu-fairchild,vari-mu,6.0,400.0,6.373
fairchild660,UAD,Fairchild 660 mono,varimu-fairchild,vari-mu,6.0,4000.0,6.375
fairchild660,UAD,Fairchild 660 mono,varimu-fairchild,vari-mu,6.0,50.0,5.357
fairchild660,UAD,Fairchild 660 mono,varimu-fairchild,vari-mu,6.0,500.0,6.383
fairchild660,UAD,Fairchild 660 mono,varimu-fairchild,vari-mu,6.0,5000.0,6.357
fairchild660,UAD,Fairchild 660 mono,varimu-fairchild,vari-mu,6.0,63.0,5.633
fairchild660,UAD,Fairchild 660 mono,varimu-fairchild,vari-mu,6.0,630.0,6.39
fairchild660,UAD,Fairchild 660 mono,varimu-fairchild,vari-mu,6.0,6300.0,6.331
fairchild660,UAD,Fairchild 660 mono,varimu-fairchild,vari-mu,6.0,80.0,5.862
fairchild660,UAD,Fairchild 660 mono,varimu-fairchild,vari-mu,6.0,800.0,6.394
fairchild660,UAD,Fairchild 660 mono,varimu-fairchild,vari-mu,6.0,8000.0,6.299
fairchild670,UAD,Fairchild 670 stereo,varimu-fairchild,vari-mu,10.0,100.0,10.07
fairchild670,UAD,Fairchild 670 stereo,varimu-fairchild,vari-mu,10.0,1000.0,10.441
fairchild670,UAD,Fairchild 670 stereo,varimu-fairchild,vari-mu,10.0,10000.0,10.287
fairchild670,UAD,Fairchild 670 stereo,varimu-fairchild,vari-mu,10.0,125.0,10.194
fairchild670,UAD,Fairchild 670 stereo,varimu-fairchild,vari-mu,10.0,1250.0,10.442
fairchild670,UAD,Fairchild 670 stereo,varimu-fairchild,vari-mu,10.0,12500.0,10.199
fairchild670,UAD,Fairchild 670 stereo,varimu-fairchild,vari-mu,10.0,160.0,10.287
fairchild670,UAD,Fairchild 670 stereo,varimu-fairchild,vari-mu,10.0,1600.0,10.442
fairchild670,UAD,Fairchild 670 stereo,varimu-fairchild,vari-mu,10.0,200.0,10.343
fairchild670,UAD,Fairchild 670 stereo,varimu-fairchild,vari-mu,10.0,2000.0,10.44
fairchild670,UAD,Fairchild 670 stereo,varimu-fairchild,vari-mu,10.0,250.0,10.379
fairchild670,UAD,Fairchild 670 stereo,varimu-fairchild,vari-mu,10.0,2500.0,10.436
fairchild670,UAD,Fairchild 670 stereo,varimu-fairchild,vari-mu,10.0,31.5,8.524
fairchild670,UAD,Fairchild 670 stereo,varimu-fairchild,vari-mu,10.0,315.0,10.404
fairchild670,UAD,Fairchild 670 stereo,varimu-fairchild,vari-mu,10.0,3150.0,10.431
fairchild670,UAD,Fairchild 670 stereo,varimu-fairchild,vari-mu,10.0,40.0,8.97
fairchild670,UAD,Fairchild 670 stereo,varimu-fairchild,vari-mu,10.0,400.0,10.42
fairchild670,UAD,Fairchild 670 stereo,varimu-fairchild,vari-mu,10.0,4000.0,10.416
fairchild670,UAD,Fairchild 670 stereo,varimu-fairchild,vari-mu,10.0,50.0,9.34
fairchild670,UAD,Fairchild 670 stereo,varimu-fairchild,vari-mu,10.0,500.0,10.43
fairchild670,UAD,Fairchild 670 stereo,varimu-fairchild,vari-mu,10.0,5000.0,10.407
fairchild670,UAD,Fairchild 670 stereo,varimu-fairchild,vari-mu,10.0,63.0,9.65
fairchild670,UAD,Fairchild 670 stereo,varimu-fairchild,vari-mu,10.0,630.0,10.436
fairchild670,UAD,Fairchild 670 stereo,varimu-fairchild,vari-mu,10.0,6300.0,10.383
fairchild670,UAD,Fairchild 670 stereo,varimu-fairchild,vari-mu,10.0,80.0,9.898
fairchild670,UAD,Fairchild 670 stereo,varimu-fairchild,vari-mu,10.0,800.0,10.439
fairchild670,UAD,Fairchild 670 stereo,varimu-fairchild,vari-mu,10.0,8000.0,10.34
fairchild670,UAD,Fairchild 670 stereo,varimu-fairchild,vari-mu,15.0,100.0,11.622
fairchild670,UAD,Fairchild 670 stereo,varimu-fairchild,vari-mu,15.0,1000.0,12.015
fairchild670,UAD,Fairchild 670 stereo,varimu-fairchild,vari-mu,15.0,10000.0,11.858
fairchild670,UAD,Fairchild 670 stereo,varimu-fairchild,vari-mu,15.0,125.0,11.753
fairchild670,UAD,Fairchild 670 stereo,varimu-fairchild,vari-mu,15.0,1250.0,12.015
fairchild670,UAD,Fairchild 670 stereo,varimu-fairchild,vari-mu,15.0,12500.0,11.768
fairchild670,UAD,Fairchild 670 stereo,varimu-fairchild,vari-mu,15.0,160.0,11.851
fairchild670,UAD,Fairchild 670 stereo,varimu-fairchild,vari-mu,15.0,1600.0,12.015
fairchild670,UAD,Fairchild 670 stereo,varimu-fairchild,vari-mu,15.0,200.0,11.91
fairchild670,UAD,Fairchild 670 stereo,varimu-fairchild,vari-mu,15.0,2000.0,12.014
fairchild670,UAD,Fairchild 670 stereo,varimu-fairchild,vari-mu,15.0,250.0,11.949
fairchild670,UAD,Fairchild 670 stereo,varimu-fairchild,vari-mu,15.0,2500.0,12.01
fairchild670,UAD,Fairchild 670 stereo,varimu-fairchild,vari-mu,15.0,31.5,9.999
fairchild670,UAD,Fairchild 670 stereo,varimu-fairchild,vari-mu,15.0,315.0,11.975
fairchild670,UAD,Fairchild 670 stereo,varimu-fairchild,vari-mu,15.0,3150.0,12.004
fairchild670,UAD,Fairchild 670 stereo,varimu-fairchild,vari-mu,15.0,40.0,10.464
fairchild670,UAD,Fairchild 670 stereo,varimu-fairchild,vari-mu,15.0,400.0,11.992
fairchild670,UAD,Fairchild 670 stereo,varimu-fairchild,vari-mu,15.0,4000.0,11.988
fairchild670,UAD,Fairchild 670 stereo,varimu-fairchild,vari-mu,15.0,50.0,10.852
fairchild670,UAD,Fairchild 670 stereo,varimu-fairchild,vari-mu,15.0,500.0,12.002
fairchild670,UAD,Fairchild 670 stereo,varimu-fairchild,vari-mu,15.0,5000.0,11.98
fairchild670,UAD,Fairchild 670 stereo,varimu-fairchild,vari-mu,15.0,63.0,11.179
fairchild670,UAD,Fairchild 670 stereo,varimu-fairchild,vari-mu,15.0,630.0,12.009
fairchild670,UAD,Fairchild 670 stereo,varimu-fairchild,vari-mu,15.0,6300.0,11.956
fairchild670,UAD,Fairchild 670 stereo,varimu-fairchild,vari-mu,15.0,80.0,11.441
fairchild670,UAD,Fairchild 670 stereo,varimu-fairchild,vari-mu,15.0,800.0,12.013
fairchild670,UAD,Fairchild 670 stereo,varimu-fairchild,vari-mu,15.0,8000.0,11.915
fairchild670,UAD,Fairchild 670 stereo,varimu-fairchild,vari-mu,3.0,100.0,2.665
fairchild670,UAD,Fairchild 670 stereo,varimu-fairchild,vari-mu,3.0,1000.0,2.897
fairchild670,UAD,Fairchild 670 stereo,varimu-fairchild,vari-mu,3.0,10000.0,2.782
fairchild670,UAD,Fairchild 670 stereo,varimu-fairchild,vari-mu,3.0,125.0,2.742
fairchild670,UAD,Fairchild 670 stereo,varimu-fairchild,vari-mu,3.0,1250.0,2.898
fairchild670,UAD,Fairchild 670 stereo,varimu-fairchild,vari-mu,3.0,12500.0,2.717
fairchild670,UAD,Fairchild 670 stereo,varimu-fairchild,vari-mu,3.0,160.0,2.8
fairchild670,UAD,Fairchild 670 stereo,varimu-fairchild,vari-mu,3.0,1600.0,2.897
fairchild670,UAD,Fairchild 670 stereo,varimu-fairchild,vari-mu,3.0,200.0,2.835
fairchild670,UAD,Fairchild 670 stereo,varimu-fairchild,vari-mu,3.0,2000.0,2.896
fairchild670,UAD,Fairchild 670 stereo,varimu-fairchild,vari-mu,3.0,250.0,2.858
fairchild670,UAD,Fairchild 670 stereo,varimu-fairchild,vari-mu,3.0,2500.0,2.893
fairchild670,UAD,Fairchild 670 stereo,varimu-fairchild,vari-mu,3.0,31.5,1.739
fairchild670,UAD,Fairchild 670 stereo,varimu-fairchild,vari-mu,3.0,315.0,2.874
fairchild670,UAD,Fairchild 670 stereo,varimu-fairchild,vari-mu,3.0,3150.0,2.889
fairchild670,UAD,Fairchild 670 stereo,varimu-fairchild,vari-mu,3.0,40.0,2.012
fairchild670,UAD,Fairchild 670 stereo,varimu-fairchild,vari-mu,3.0,400.0,2.884
fairchild670,UAD,Fairchild 670 stereo,varimu-fairchild,vari-mu,3.0,4000.0,2.884
fairchild670,UAD,Fairchild 670 stereo,varimu-fairchild,vari-mu,3.0,50.0,2.231
fairchild670,UAD,Fairchild 670 stereo,varimu-fairchild,vari-mu,3.0,500.0,2.89
fairchild670,UAD,Fairchild 670 stereo,varimu-fairchild,vari-mu,3.0,5000.0,2.871
fairchild670,UAD,Fairchild 670 stereo,varimu-fairchild,vari-mu,3.0,63.0,2.414
fairchild670,UAD,Fairchild 670 stereo,varimu-fairchild,vari-mu,3.0,630.0,2.894
fairchild670,UAD,Fairchild 670 stereo,varimu-fairchild,vari-mu,3.0,6300.0,2.853
fairchild670,UAD,Fairchild 670 stereo,varimu-fairchild,vari-mu,3.0,80.0,2.561
fairchild670,UAD,Fairchild 670 stereo,varimu-fairchild,vari-mu,3.0,800.0,2.896
fairchild670,UAD,Fairchild 670 stereo,varimu-fairchild,vari-mu,3.0,8000.0,2.817
fairchild670,UAD,Fairchild 670 stereo,varimu-fairchild,vari-mu,6.0,100.0,5.498
fairchild670,UAD,Fairchild 670 stereo,varimu-fairchild,vari-mu,6.0,1000.0,5.794
fairchild670,UAD,Fairchild 670 stereo,varimu-fairchild,vari-mu,6.0,10000.0,5.656
fairchild670,UAD,Fairchild 670 stereo,varimu-fairchild,vari-mu,6.0,125.0,5.596
fairchild670,UAD,Fairchild 670 stereo,varimu-fairchild,vari-mu,6.0,1250.0,5.794
fairchild670,UAD,Fairchild 670 stereo,varimu-fairchild,vari-mu,6.0,12500.0,5.576
fairchild670,UAD,Fairchild 670 stereo,varimu-fairchild,vari-mu,6.0,160.0,5.67
fairchild670,UAD,Fairchild 670 stereo,varimu-fairchild,vari-mu,6.0,1600.0,5.794
fairchild670,UAD,Fairchild 670 stereo,varimu-fairchild,vari-mu,6.0,200.0,5.715
fairchild670,UAD,Fairchild 670 stereo,varimu-fairchild,vari-mu,6.0,2000.0,5.791
fairchild670,UAD,Fairchild 670 stereo,varimu-fairchild,vari-mu,6.0,250.0,5.744
fairchild670,UAD,Fairchild 670 stereo,varimu-fairchild,vari-mu,6.0,2500.0,5.789
fairchild670,UAD,Fairchild 670 stereo,varimu-fairchild,vari-mu,6.0,31.5,4.265
fairchild670,UAD,Fairchild 670 stereo,varimu-fairchild,vari-mu,6.0,315.0,5.764
fairchild670,UAD,Fairchild 670 stereo,varimu-fairchild,vari-mu,6.0,3150.0,5.784
fairchild670,UAD,Fairchild 670 stereo,varimu-fairchild,vari-mu,6.0,40.0,4.631
fairchild670,UAD,Fairchild 670 stereo,varimu-fairchild,vari-mu,6.0,400.0,5.777
fairchild670,UAD,Fairchild 670 stereo,varimu-fairchild,vari-mu,6.0,4000.0,5.776
fairchild670,UAD,Fairchild 670 stereo,varimu-fairchild,vari-mu,6.0,50.0,4.925
fairchild670,UAD,Fairchild 670 stereo,varimu-fairchild,vari-mu,6.0,500.0,5.785
fairchild670,UAD,Fairchild 670 stereo,varimu-fairchild,vari-mu,6.0,5000.0,5.762
fairchild670,UAD,Fairchild 670 stereo,varimu-fairchild,vari-mu,6.0,63.0,5.169
fairchild670,UAD,Fairchild 670 stereo,varimu-fairchild,vari-mu,6.0,630.0,5.79
fairchild670,UAD,Fairchild 670 stereo,varimu-fairchild,vari-mu,6.0,6300.0,5.741
fairchild670,UAD,Fairchild 670 stereo,varimu-fairchild,vari-mu,6.0,80.0,5.363
fairchild670,UAD,Fairchild 670 stereo,varimu-fairchild,vari-mu,6.0,800.0,5.792
fairchild670,UAD,Fairchild 670 stereo,varimu-fairchild,vari-mu,6.0,8000.0,5.695
h_comp,Waves,"hybrid, analogue-modelled",digital,hybrid,10.0,100.0,9.622
h_comp,Waves,"hybrid, analogue-modelled",digital,hybrid,10.0,1000.0,10.032
h_comp,Waves,"hybrid, analogue-modelled",digital,hybrid,10.0,10000.0,10.032
h_comp,Waves,"hybrid, analogue-modelled",digital,hybrid,10.0,125.0,9.703
h_comp,Waves,"hybrid, analogue-modelled",digital,hybrid,10.0,1250.0,10.029
h_comp,Waves,"hybrid, analogue-modelled",digital,hybrid,10.0,12500.0,10.032
h_comp,Waves,"hybrid, analogue-modelled",digital,hybrid,10.0,160.0,9.788
h_comp,Waves,"hybrid, analogue-modelled",digital,hybrid,10.0,1600.0,9.996
h_comp,Waves,"hybrid, analogue-modelled",digital,hybrid,10.0,200.0,9.865
h_comp,Waves,"hybrid, analogue-modelled",digital,hybrid,10.0,2000.0,10.032
h_comp,Waves,"hybrid, analogue-modelled",digital,hybrid,10.0,250.0,9.936
h_comp,Waves,"hybrid, analogue-modelled",digital,hybrid,10.0,2500.0,10.032
h_comp,Waves,"hybrid, analogue-modelled",digital,hybrid,10.0,31.5,9.247
h_comp,Waves,"hybrid, analogue-modelled",digital,hybrid,10.0,315.0,9.996
h_comp,Waves,"hybrid, analogue-modelled",digital,hybrid,10.0,3150.0,10.03
h_comp,Waves,"hybrid, analogue-modelled",digital,hybrid,10.0,40.0,9.306
h_comp,Waves,"hybrid, analogue-modelled",digital,hybrid,10.0,400.0,10.032
h_comp,Waves,"hybrid, analogue-modelled",digital,hybrid,10.0,4000.0,10.032
h_comp,Waves,"hybrid, analogue-modelled",digital,hybrid,10.0,50.0,9.397
h_comp,Waves,"hybrid, analogue-modelled",digital,hybrid,10.0,500.0,10.032
h_comp,Waves,"hybrid, analogue-modelled",digital,hybrid,10.0,5000.0,10.032
h_comp,Waves,"hybrid, analogue-modelled",digital,hybrid,10.0,63.0,9.468
h_comp,Waves,"hybrid, analogue-modelled",digital,hybrid,10.0,630.0,10.028
h_comp,Waves,"hybrid, analogue-modelled",digital,hybrid,10.0,6300.0,10.027
h_comp,Waves,"hybrid, analogue-modelled",digital,hybrid,10.0,80.0,9.546
h_comp,Waves,"hybrid, analogue-modelled",digital,hybrid,10.0,800.0,10.032
h_comp,Waves,"hybrid, analogue-modelled",digital,hybrid,10.0,8000.0,9.102
h_comp,Waves,"hybrid, analogue-modelled",digital,hybrid,15.0,100.0,14.445
h_comp,Waves,"hybrid, analogue-modelled",digital,hybrid,15.0,1000.0,15.198
h_comp,Waves,"hybrid, analogue-modelled",digital,hybrid,15.0,10000.0,15.198
h_comp,Waves,"hybrid, analogue-modelled",digital,hybrid,15.0,125.0,14.588
h_comp,Waves,"hybrid, analogue-modelled",digital,hybrid,15.0,1250.0,15.193
h_comp,Waves,"hybrid, analogue-modelled",digital,hybrid,15.0,12500.0,15.198
h_comp,Waves,"hybrid, analogue-modelled",digital,hybrid,15.0,160.0,14.739
h_comp,Waves,"hybrid, analogue-modelled",digital,hybrid,15.0,1600.0,15.162
h_comp,Waves,"hybrid, analogue-modelled",digital,hybrid,15.0,200.0,14.884
h_comp,Waves,"hybrid, analogue-modelled",digital,hybrid,15.0,2000.0,15.198
h_comp,Waves,"hybrid, analogue-modelled",digital,hybrid,15.0,250.0,15.036
h_comp,Waves,"hybrid, analogue-modelled",digital,hybrid,15.0,2500.0,15.198
h_comp,Waves,"hybrid, analogue-modelled",digital,hybrid,15.0,31.5,13.657
h_comp,Waves,"hybrid, analogue-modelled",digital,hybrid,15.0,315.0,15.137
h_comp,Waves,"hybrid, analogue-modelled",digital,hybrid,15.0,3150.0,15.198
h_comp,Waves,"hybrid, analogue-modelled",digital,hybrid,15.0,40.0,13.785
h_comp,Waves,"hybrid, analogue-modelled",digital,hybrid,15.0,400.0,15.198
h_comp,Waves,"hybrid, analogue-modelled",digital,hybrid,15.0,4000.0,15.198
h_comp,Waves,"hybrid, analogue-modelled",digital,hybrid,15.0,50.0,13.935
h_comp,Waves,"hybrid, analogue-modelled",digital,hybrid,15.0,500.0,15.198
h_comp,Waves,"hybrid, analogue-modelled",digital,hybrid,15.0,5000.0,15.198
h_comp,Waves,"hybrid, analogue-modelled",digital,hybrid,15.0,63.0,14.111
h_comp,Waves,"hybrid, analogue-modelled",digital,hybrid,15.0,630.0,15.193
h_comp,Waves,"hybrid, analogue-modelled",digital,hybrid,15.0,6300.0,15.193
h_comp,Waves,"hybrid, analogue-modelled",digital,hybrid,15.0,80.0,14.236
h_comp,Waves,"hybrid, analogue-modelled",digital,hybrid,15.0,800.0,15.198
h_comp,Waves,"hybrid, analogue-modelled",digital,hybrid,15.0,8000.0,14.264
h_comp,Waves,"hybrid, analogue-modelled",digital,hybrid,3.0,100.0,2.691
h_comp,Waves,"hybrid, analogue-modelled",digital,hybrid,3.0,1000.0,2.964
h_comp,Waves,"hybrid, analogue-modelled",digital,hybrid,3.0,10000.0,2.964
h_comp,Waves,"hybrid, analogue-modelled",digital,hybrid,3.0,125.0,2.753
h_comp,Waves,"hybrid, analogue-modelled",digital,hybrid,3.0,1250.0,2.96
h_comp,Waves,"hybrid, analogue-modelled",digital,hybrid,3.0,12500.0,2.964
h_comp,Waves,"hybrid, analogue-modelled",digital,hybrid,3.0,160.0,2.814
h_comp,Waves,"hybrid, analogue-modelled",digital,hybrid,3.0,1600.0,2.929
h_comp,Waves,"hybrid, analogue-modelled",digital,hybrid,3.0,200.0,2.861
h_comp,Waves,"hybrid, analogue-modelled",digital,hybrid,3.0,2000.0,2.964
h_comp,Waves,"hybrid, analogue-modelled",digital,hybrid,3.0,250.0,2.902
h_comp,Waves,"hybrid, analogue-modelled",digital,hybrid,3.0,2500.0,2.964
h_comp,Waves,"hybrid, analogue-modelled",digital,hybrid,3.0,31.5,2.309
h_comp,Waves,"hybrid, analogue-modelled",digital,hybrid,3.0,315.0,2.94
h_comp,Waves,"hybrid, analogue-modelled",digital,hybrid,3.0,3150.0,2.962
h_comp,Waves,"hybrid, analogue-modelled",digital,hybrid,3.0,40.0,2.408
h_comp,Waves,"hybrid, analogue-modelled",digital,hybrid,3.0,400.0,2.964
h_comp,Waves,"hybrid, analogue-modelled",digital,hybrid,3.0,4000.0,2.964
h_comp,Waves,"hybrid, analogue-modelled",digital,hybrid,3.0,50.0,2.489
h_comp,Waves,"hybrid, analogue-modelled",digital,hybrid,3.0,500.0,2.964
h_comp,Waves,"hybrid, analogue-modelled",digital,hybrid,3.0,5000.0,2.964
h_comp,Waves,"hybrid, analogue-modelled",digital,hybrid,3.0,63.0,2.567
h_comp,Waves,"hybrid, analogue-modelled",digital,hybrid,3.0,630.0,2.96
h_comp,Waves,"hybrid, analogue-modelled",digital,hybrid,3.0,6300.0,2.959
h_comp,Waves,"hybrid, analogue-modelled",digital,hybrid,3.0,80.0,2.635
h_comp,Waves,"hybrid, analogue-modelled",digital,hybrid,3.0,800.0,2.964
h_comp,Waves,"hybrid, analogue-modelled",digital,hybrid,3.0,8000.0,2.056
h_comp,Waves,"hybrid, analogue-modelled",digital,hybrid,6.0,100.0,5.962
h_comp,Waves,"hybrid, analogue-modelled",digital,hybrid,6.0,1000.0,6.223
h_comp,Waves,"hybrid, analogue-modelled",digital,hybrid,6.0,10000.0,6.223
h_comp,Waves,"hybrid, analogue-modelled",digital,hybrid,6.0,125.0,6.015
h_comp,Waves,"hybrid, analogue-modelled",digital,hybrid,6.0,1250.0,6.22
h_comp,Waves,"hybrid, analogue-modelled",digital,hybrid,6.0,12500.0,6.223
h_comp,Waves,"hybrid, analogue-modelled",digital,hybrid,6.0,160.0,6.071
h_comp,Waves,"hybrid, analogue-modelled",digital,hybrid,6.0,1600.0,6.188
h_comp,Waves,"hybrid, analogue-modelled",digital,hybrid,6.0,200.0,6.12
h_comp,Waves,"hybrid, analogue-modelled",digital,hybrid,6.0,2000.0,6.223
h_comp,Waves,"hybrid, analogue-modelled",digital,hybrid,6.0,250.0,6.161
h_comp,Waves,"hybrid, analogue-modelled",digital,hybrid,6.0,2500.0,6.223
h_comp,Waves,"hybrid, analogue-modelled",digital,hybrid,6.0,31.5,5.707
h_comp,Waves,"hybrid, analogue-modelled",digital,hybrid,6.0,315.0,6.199
h_comp,Waves,"hybrid, analogue-modelled",digital,hybrid,6.0,3150.0,6.223
h_comp,Waves,"hybrid, analogue-modelled",digital,hybrid,6.0,40.0,5.761
h_comp,Waves,"hybrid, analogue-modelled",digital,hybrid,6.0,400.0,6.223
h_comp,Waves,"hybrid, analogue-modelled",digital,hybrid,6.0,4000.0,6.223
h_comp,Waves,"hybrid, analogue-modelled",digital,hybrid,6.0,50.0,5.807
h_comp,Waves,"hybrid, analogue-modelled",digital,hybrid,6.0,500.0,6.223
h_comp,Waves,"hybrid, analogue-modelled",digital,hybrid,6.0,5000.0,6.223
h_comp,Waves,"hybrid, analogue-modelled",digital,hybrid,6.0,63.0,5.856
h_comp,Waves,"hybrid, analogue-modelled",digital,hybrid,6.0,630.0,6.219
h_comp,Waves,"hybrid, analogue-modelled",digital,hybrid,6.0,6300.0,6.218
h_comp,Waves,"hybrid, analogue-modelled",digital,hybrid,6.0,80.0,5.91
h_comp,Waves,"hybrid, analogue-modelled",digital,hybrid,6.0,800.0,6.223
h_comp,Waves,"hybrid, analogue-modelled",digital,hybrid,6.0,8000.0,5.296
kh_comp,Kilohearts,clean digital,digital,digital,10.0,100.0,9.065
kh_comp,Kilohearts,clean digital,digital,digital,10.0,1000.0,9.063
kh_comp,Kilohearts,clean digital,digital,digital,10.0,10000.0,9.078
kh_comp,Kilohearts,clean digital,digital,digital,10.0,125.0,9.066
kh_comp,Kilohearts,clean digital,digital,digital,10.0,1250.0,9.068
kh_comp,Kilohearts,clean digital,digital,digital,10.0,12500.0,9.067
kh_comp,Kilohearts,clean digital,digital,digital,10.0,160.0,9.067
kh_comp,Kilohearts,clean digital,digital,digital,10.0,1600.0,9.073
kh_comp,Kilohearts,clean digital,digital,digital,10.0,200.0,9.067
kh_comp,Kilohearts,clean digital,digital,digital,10.0,2000.0,9.078
kh_comp,Kilohearts,clean digital,digital,digital,10.0,250.0,9.067
kh_comp,Kilohearts,clean digital,digital,digital,10.0,2500.0,9.067
kh_comp,Kilohearts,clean digital,digital,digital,10.0,31.5,9.045
kh_comp,Kilohearts,clean digital,digital,digital,10.0,315.0,9.067
kh_comp,Kilohearts,clean digital,digital,digital,10.0,3150.0,9.068
kh_comp,Kilohearts,clean digital,digital,digital,10.0,40.0,9.053
kh_comp,Kilohearts,clean digital,digital,digital,10.0,400.0,9.068
kh_comp,Kilohearts,clean digital,digital,digital,10.0,4000.0,9.065
kh_comp,Kilohearts,clean digital,digital,digital,10.0,50.0,9.058
kh_comp,Kilohearts,clean digital,digital,digital,10.0,500.0,9.067
kh_comp,Kilohearts,clean digital,digital,digital,10.0,5000.0,9.063
kh_comp,Kilohearts,clean digital,digital,digital,10.0,63.0,9.062
kh_comp,Kilohearts,clean digital,digital,digital,10.0,630.0,9.068
kh_comp,Kilohearts,clean digital,digital,digital,10.0,6300.0,9.067
kh_comp,Kilohearts,clean digital,digital,digital,10.0,80.0,9.064
kh_comp,Kilohearts,clean digital,digital,digital,10.0,800.0,9.069
kh_comp,Kilohearts,clean digital,digital,digital,10.0,8000.0,8.693
kh_comp,Kilohearts,clean digital,digital,digital,15.0,100.0,9.065
kh_comp,Kilohearts,clean digital,digital,digital,15.0,1000.0,9.063
kh_comp,Kilohearts,clean digital,digital,digital,15.0,10000.0,9.078
kh_comp,Kilohearts,clean digital,digital,digital,15.0,125.0,9.066
kh_comp,Kilohearts,clean digital,digital,digital,15.0,1250.0,9.068
kh_comp,Kilohearts,clean digital,digital,digital,15.0,12500.0,9.067
kh_comp,Kilohearts,clean digital,digital,digital,15.0,160.0,9.067
kh_comp,Kilohearts,clean digital,digital,digital,15.0,1600.0,9.073
kh_comp,Kilohearts,clean digital,digital,digital,15.0,200.0,9.067
kh_comp,Kilohearts,clean digital,digital,digital,15.0,2000.0,9.078
kh_comp,Kilohearts,clean digital,digital,digital,15.0,250.0,9.067
kh_comp,Kilohearts,clean digital,digital,digital,15.0,2500.0,9.067
kh_comp,Kilohearts,clean digital,digital,digital,15.0,31.5,9.045
kh_comp,Kilohearts,clean digital,digital,digital,15.0,315.0,9.067
kh_comp,Kilohearts,clean digital,digital,digital,15.0,3150.0,9.068
kh_comp,Kilohearts,clean digital,digital,digital,15.0,40.0,9.053
kh_comp,Kilohearts,clean digital,digital,digital,15.0,400.0,9.068
kh_comp,Kilohearts,clean digital,digital,digital,15.0,4000.0,9.065
kh_comp,Kilohearts,clean digital,digital,digital,15.0,50.0,9.058
kh_comp,Kilohearts,clean digital,digital,digital,15.0,500.0,9.067
kh_comp,Kilohearts,clean digital,digital,digital,15.0,5000.0,9.063
kh_comp,Kilohearts,clean digital,digital,digital,15.0,63.0,9.062
kh_comp,Kilohearts,clean digital,digital,digital,15.0,630.0,9.068
kh_comp,Kilohearts,clean digital,digital,digital,15.0,6300.0,9.067
kh_comp,Kilohearts,clean digital,digital,digital,15.0,80.0,9.064
kh_comp,Kilohearts,clean digital,digital,digital,15.0,800.0,9.069
kh_comp,Kilohearts,clean digital,digital,digital,15.0,8000.0,8.693
kh_comp,Kilohearts,clean digital,digital,digital,3.0,100.0,2.165
kh_comp,Kilohearts,clean digital,digital,digital,3.0,1000.0,2.163
kh_comp,Kilohearts,clean digital,digital,digital,3.0,10000.0,2.178
kh_comp,Kilohearts,clean digital,digital,digital,3.0,125.0,2.166
kh_comp,Kilohearts,clean digital,digital,digital,3.0,1250.0,2.168
kh_comp,Kilohearts,clean digital,digital,digital,3.0,12500.0,2.167
kh_comp,Kilohearts,clean digital,digital,digital,3.0,160.0,2.167
kh_comp,Kilohearts,clean digital,digital,digital,3.0,1600.0,2.173
kh_comp,Kilohearts,clean digital,digital,digital,3.0,200.0,2.167
kh_comp,Kilohearts,clean digital,digital,digital,3.0,2000.0,2.178
kh_comp,Kilohearts,clean digital,digital,digital,3.0,250.0,2.167
kh_comp,Kilohearts,clean digital,digital,digital,3.0,2500.0,2.167
kh_comp,Kilohearts,clean digital,digital,digital,3.0,31.5,2.145
kh_comp,Kilohearts,clean digital,digital,digital,3.0,315.0,2.167
kh_comp,Kilohearts,clean digital,digital,digital,3.0,3150.0,2.168
kh_comp,Kilohearts,clean digital,digital,digital,3.0,40.0,2.153
kh_comp,Kilohearts,clean digital,digital,digital,3.0,400.0,2.168
kh_comp,Kilohearts,clean digital,digital,digital,3.0,4000.0,2.165
kh_comp,Kilohearts,clean digital,digital,digital,3.0,50.0,2.158
kh_comp,Kilohearts,clean digital,digital,digital,3.0,500.0,2.167
kh_comp,Kilohearts,clean digital,digital,digital,3.0,5000.0,2.163
kh_comp,Kilohearts,clean digital,digital,digital,3.0,63.0,2.162
kh_comp,Kilohearts,clean digital,digital,digital,3.0,630.0,2.168
kh_comp,Kilohearts,clean digital,digital,digital,3.0,6300.0,2.167
kh_comp,Kilohearts,clean digital,digital,digital,3.0,80.0,2.164
kh_comp,Kilohearts,clean digital,digital,digital,3.0,800.0,2.169
kh_comp,Kilohearts,clean digital,digital,digital,3.0,8000.0,1.793
kh_comp,Kilohearts,clean digital,digital,digital,6.0,100.0,6.765
kh_comp,Kilohearts,clean digital,digital,digital,6.0,1000.0,6.763
kh_comp,Kilohearts,clean digital,digital,digital,6.0,10000.0,6.778
kh_comp,Kilohearts,clean digital,digital,digital,6.0,125.0,6.766
kh_comp,Kilohearts,clean digital,digital,digital,6.0,1250.0,6.768
kh_comp,Kilohearts,clean digital,digital,digital,6.0,12500.0,6.767
kh_comp,Kilohearts,clean digital,digital,digital,6.0,160.0,6.767
kh_comp,Kilohearts,clean digital,digital,digital,6.0,1600.0,6.773
kh_comp,Kilohearts,clean digital,digital,digital,6.0,200.0,6.767
kh_comp,Kilohearts,clean digital,digital,digital,6.0,2000.0,6.778
kh_comp,Kilohearts,clean digital,digital,digital,6.0,250.0,6.767
kh_comp,Kilohearts,clean digital,digital,digital,6.0,2500.0,6.767
kh_comp,Kilohearts,clean digital,digital,digital,6.0,31.5,6.745
kh_comp,Kilohearts,clean digital,digital,digital,6.0,315.0,6.767
kh_comp,Kilohearts,clean digital,digital,digital,6.0,3150.0,6.768
kh_comp,Kilohearts,clean digital,digital,digital,6.0,40.0,6.753
kh_comp,Kilohearts,clean digital,digital,digital,6.0,400.0,6.768
kh_comp,Kilohearts,clean digital,digital,digital,6.0,4000.0,6.765
kh_comp,Kilohearts,clean digital,digital,digital,6.0,50.0,6.758
kh_comp,Kilohearts,clean digital,digital,digital,6.0,500.0,6.767
kh_comp,Kilohearts,clean digital,digital,digital,6.0,5000.0,6.763
kh_comp,Kilohearts,clean digital,digital,digital,6.0,63.0,6.762
kh_comp,Kilohearts,clean digital,digital,digital,6.0,630.0,6.768
kh_comp,Kilohearts,clean digital,digital,digital,6.0,6300.0,6.767
kh_comp,Kilohearts,clean digital,digital,digital,6.0,80.0,6.764
kh_comp,Kilohearts,clean digital,digital,digital,6.0,800.0,6.769
kh_comp,Kilohearts,clean digital,digital,digital,6.0,8000.0,6.393
kotelnikov,Tokyo Dawn,"clean digital, states its times",digital,digital,10.0,100.0,10.11
kotelnikov,Tokyo Dawn,"clean digital, states its times",digital,digital,10.0,1000.0,10.108
kotelnikov,Tokyo Dawn,"clean digital, states its times",digital,digital,10.0,10000.0,9.902
kotelnikov,Tokyo Dawn,"clean digital, states its times",digital,digital,10.0,125.0,10.112
kotelnikov,Tokyo Dawn,"clean digital, states its times",digital,digital,10.0,1250.0,10.108
kotelnikov,Tokyo Dawn,"clean digital, states its times",digital,digital,10.0,12500.0,9.866
kotelnikov,Tokyo Dawn,"clean digital, states its times",digital,digital,10.0,160.0,10.112
kotelnikov,Tokyo Dawn,"clean digital, states its times",digital,digital,10.0,1600.0,10.107
kotelnikov,Tokyo Dawn,"clean digital, states its times",digital,digital,10.0,200.0,10.111
kotelnikov,Tokyo Dawn,"clean digital, states its times",digital,digital,10.0,2000.0,10.106
kotelnikov,Tokyo Dawn,"clean digital, states its times",digital,digital,10.0,250.0,10.11
kotelnikov,Tokyo Dawn,"clean digital, states its times",digital,digital,10.0,2500.0,10.104
kotelnikov,Tokyo Dawn,"clean digital, states its times",digital,digital,10.0,31.5,9.319
kotelnikov,Tokyo Dawn,"clean digital, states its times",digital,digital,10.0,315.0,10.11
kotelnikov,Tokyo Dawn,"clean digital, states its times",digital,digital,10.0,3150.0,10.1
kotelnikov,Tokyo Dawn,"clean digital, states its times",digital,digital,10.0,40.0,9.741
kotelnikov,Tokyo Dawn,"clean digital, states its times",digital,digital,10.0,400.0,10.109
kotelnikov,Tokyo Dawn,"clean digital, states its times",digital,digital,10.0,4000.0,10.093
kotelnikov,Tokyo Dawn,"clean digital, states its times",digital,digital,10.0,50.0,9.975
kotelnikov,Tokyo Dawn,"clean digital, states its times",digital,digital,10.0,500.0,10.109
kotelnikov,Tokyo Dawn,"clean digital, states its times",digital,digital,10.0,5000.0,10.075
kotelnikov,Tokyo Dawn,"clean digital, states its times",digital,digital,10.0,63.0,10.073
kotelnikov,Tokyo Dawn,"clean digital, states its times",digital,digital,10.0,630.0,10.109
kotelnikov,Tokyo Dawn,"clean digital, states its times",digital,digital,10.0,6300.0,10.041
kotelnikov,Tokyo Dawn,"clean digital, states its times",digital,digital,10.0,80.0,10.102
kotelnikov,Tokyo Dawn,"clean digital, states its times",digital,digital,10.0,800.0,10.109
kotelnikov,Tokyo Dawn,"clean digital, states its times",digital,digital,10.0,8000.0,9.98
kotelnikov,Tokyo Dawn,"clean digital, states its times",digital,digital,15.0,100.0,15.04
kotelnikov,Tokyo Dawn,"clean digital, states its times",digital,digital,15.0,1000.0,15.037
kotelnikov,Tokyo Dawn,"clean digital, states its times",digital,digital,15.0,10000.0,14.829
kotelnikov,Tokyo Dawn,"clean digital, states its times",digital,digital,15.0,125.0,15.042
kotelnikov,Tokyo Dawn,"clean digital, states its times",digital,digital,15.0,1250.0,15.037
kotelnikov,Tokyo Dawn,"clean digital, states its times",digital,digital,15.0,12500.0,14.792
kotelnikov,Tokyo Dawn,"clean digital, states its times",digital,digital,15.0,160.0,15.041
kotelnikov,Tokyo Dawn,"clean digital, states its times",digital,digital,15.0,1600.0,15.036
kotelnikov,Tokyo Dawn,"clean digital, states its times",digital,digital,15.0,200.0,15.04
kotelnikov,Tokyo Dawn,"clean digital, states its times",digital,digital,15.0,2000.0,15.035
kotelnikov,Tokyo Dawn,"clean digital, states its times",digital,digital,15.0,250.0,15.039
kotelnikov,Tokyo Dawn,"clean digital, states its times",digital,digital,15.0,2500.0,15.033
kotelnikov,Tokyo Dawn,"clean digital, states its times",digital,digital,15.0,31.5,14.277
kotelnikov,Tokyo Dawn,"clean digital, states its times",digital,digital,15.0,315.0,15.039
kotelnikov,Tokyo Dawn,"clean digital, states its times",digital,digital,15.0,3150.0,15.029
kotelnikov,Tokyo Dawn,"clean digital, states its times",digital,digital,15.0,40.0,14.691
kotelnikov,Tokyo Dawn,"clean digital, states its times",digital,digital,15.0,400.0,15.038
kotelnikov,Tokyo Dawn,"clean digital, states its times",digital,digital,15.0,4000.0,15.019
kotelnikov,Tokyo Dawn,"clean digital, states its times",digital,digital,15.0,50.0,14.917
kotelnikov,Tokyo Dawn,"clean digital, states its times",digital,digital,15.0,500.0,15.038
kotelnikov,Tokyo Dawn,"clean digital, states its times",digital,digital,15.0,5000.0,15.003
kotelnikov,Tokyo Dawn,"clean digital, states its times",digital,digital,15.0,63.0,15.007
kotelnikov,Tokyo Dawn,"clean digital, states its times",digital,digital,15.0,630.0,15.037
kotelnikov,Tokyo Dawn,"clean digital, states its times",digital,digital,15.0,6300.0,14.969
kotelnikov,Tokyo Dawn,"clean digital, states its times",digital,digital,15.0,80.0,15.033
kotelnikov,Tokyo Dawn,"clean digital, states its times",digital,digital,15.0,800.0,15.037
kotelnikov,Tokyo Dawn,"clean digital, states its times",digital,digital,15.0,8000.0,14.896
kotelnikov,Tokyo Dawn,"clean digital, states its times",digital,digital,3.0,100.0,3.013
kotelnikov,Tokyo Dawn,"clean digital, states its times",digital,digital,3.0,1000.0,3.018
kotelnikov,Tokyo Dawn,"clean digital, states its times",digital,digital,3.0,10000.0,2.825
kotelnikov,Tokyo Dawn,"clean digital, states its times",digital,digital,3.0,125.0,3.017
kotelnikov,Tokyo Dawn,"clean digital, states its times",digital,digital,3.0,1250.0,3.017
kotelnikov,Tokyo Dawn,"clean digital, states its times",digital,digital,3.0,12500.0,2.791
kotelnikov,Tokyo Dawn,"clean digital, states its times",digital,digital,3.0,160.0,3.018
kotelnikov,Tokyo Dawn,"clean digital, states its times",digital,digital,3.0,1600.0,3.017
kotelnikov,Tokyo Dawn,"clean digital, states its times",digital,digital,3.0,200.0,3.019
kotelnikov,Tokyo Dawn,"clean digital, states its times",digital,digital,3.0,2000.0,3.016
kotelnikov,Tokyo Dawn,"clean digital, states its times",digital,digital,3.0,250.0,3.018
kotelnikov,Tokyo Dawn,"clean digital, states its times",digital,digital,3.0,2500.0,3.014
kotelnikov,Tokyo Dawn,"clean digital, states its times",digital,digital,3.0,31.5,2.138
kotelnikov,Tokyo Dawn,"clean digital, states its times",digital,digital,3.0,315.0,3.018
kotelnikov,Tokyo Dawn,"clean digital, states its times",digital,digital,3.0,3150.0,3.01
kotelnikov,Tokyo Dawn,"clean digital, states its times",digital,digital,3.0,40.0,2.556
kotelnikov,Tokyo Dawn,"clean digital, states its times",digital,digital,3.0,400.0,3.018
kotelnikov,Tokyo Dawn,"clean digital, states its times",digital,digital,3.0,4000.0,3.0
kotelnikov,Tokyo Dawn,"clean digital, states its times",digital,digital,3.0,50.0,2.825
kotelnikov,Tokyo Dawn,"clean digital, states its times",digital,digital,3.0,500.0,3.018
kotelnikov,Tokyo Dawn,"clean digital, states its times",digital,digital,3.0,5000.0,2.986
kotelnikov,Tokyo Dawn,"clean digital, states its times",digital,digital,3.0,63.0,2.962
kotelnikov,Tokyo Dawn,"clean digital, states its times",digital,digital,3.0,630.0,3.018
kotelnikov,Tokyo Dawn,"clean digital, states its times",digital,digital,3.0,6300.0,2.954
kotelnikov,Tokyo Dawn,"clean digital, states its times",digital,digital,3.0,80.0,3.002
kotelnikov,Tokyo Dawn,"clean digital, states its times",digital,digital,3.0,800.0,3.018
kotelnikov,Tokyo Dawn,"clean digital, states its times",digital,digital,3.0,8000.0,2.888
kotelnikov,Tokyo Dawn,"clean digital, states its times",digital,digital,6.0,100.0,6.002
kotelnikov,Tokyo Dawn,"clean digital, states its times",digital,digital,6.0,1000.0,6.003
kotelnikov,Tokyo Dawn,"clean digital, states its times",digital,digital,6.0,10000.0,5.803
kotelnikov,Tokyo Dawn,"clean digital, states its times",digital,digital,6.0,125.0,6.005
kotelnikov,Tokyo Dawn,"clean digital, states its times",digital,digital,6.0,1250.0,6.003
kotelnikov,Tokyo Dawn,"clean digital, states its times",digital,digital,6.0,12500.0,5.767
kotelnikov,Tokyo Dawn,"clean digital, states its times",digital,digital,6.0,160.0,6.006
kotelnikov,Tokyo Dawn,"clean digital, states its times",digital,digital,6.0,1600.0,6.002
kotelnikov,Tokyo Dawn,"clean digital, states its times",digital,digital,6.0,200.0,6.005
kotelnikov,Tokyo Dawn,"clean digital, states its times",digital,digital,6.0,2000.0,6.001
kotelnikov,Tokyo Dawn,"clean digital, states its times",digital,digital,6.0,250.0,6.005
kotelnikov,Tokyo Dawn,"clean digital, states its times",digital,digital,6.0,2500.0,6.0
kotelnikov,Tokyo Dawn,"clean digital, states its times",digital,digital,6.0,31.5,5.163
kotelnikov,Tokyo Dawn,"clean digital, states its times",digital,digital,6.0,315.0,6.004
kotelnikov,Tokyo Dawn,"clean digital, states its times",digital,digital,6.0,3150.0,5.996
kotelnikov,Tokyo Dawn,"clean digital, states its times",digital,digital,6.0,40.0,5.598
kotelnikov,Tokyo Dawn,"clean digital, states its times",digital,digital,6.0,400.0,6.004
kotelnikov,Tokyo Dawn,"clean digital, states its times",digital,digital,6.0,4000.0,5.985
kotelnikov,Tokyo Dawn,"clean digital, states its times",digital,digital,6.0,50.0,5.847
kotelnikov,Tokyo Dawn,"clean digital, states its times",digital,digital,6.0,500.0,6.004
kotelnikov,Tokyo Dawn,"clean digital, states its times",digital,digital,6.0,5000.0,5.97
kotelnikov,Tokyo Dawn,"clean digital, states its times",digital,digital,6.0,63.0,5.961
kotelnikov,Tokyo Dawn,"clean digital, states its times",digital,digital,6.0,630.0,6.004
kotelnikov,Tokyo Dawn,"clean digital, states its times",digital,digital,6.0,6300.0,5.937
kotelnikov,Tokyo Dawn,"clean digital, states its times",digital,digital,6.0,80.0,5.993
kotelnikov,Tokyo Dawn,"clean digital, states its times",digital,digital,6.0,800.0,6.004
kotelnikov,Tokyo Dawn,"clean digital, states its times",digital,digital,6.0,8000.0,5.882
la2a,UAD,Teletronix LA-2A,opto-la2a,opto,10.0,100.0,14.253
la2a,UAD,Teletronix LA-2A,opto-la2a,opto,10.0,1000.0,10.634
la2a,UAD,Teletronix LA-2A,opto-la2a,opto,10.0,10000.0,10.441
la2a,UAD,Teletronix LA-2A,opto-la2a,opto,10.0,125.0,14.265
la2a,UAD,Teletronix LA-2A,opto-la2a,opto,10.0,1250.0,10.667
la2a,UAD,Teletronix LA-2A,opto-la2a,opto,10.0,12500.0,10.458
la2a,UAD,Teletronix LA-2A,opto-la2a,opto,10.0,160.0,14.085
la2a,UAD,Teletronix LA-2A,opto-la2a,opto,10.0,1600.0,10.801
la2a,UAD,Teletronix LA-2A,opto-la2a,opto,10.0,200.0,13.719
la2a,UAD,Teletronix LA-2A,opto-la2a,opto,10.0,2000.0,10.973
la2a,UAD,Teletronix LA-2A,opto-la2a,opto,10.0,250.0,13.185
la2a,UAD,Teletronix LA-2A,opto-la2a,opto,10.0,2500.0,11.157
la2a,UAD,Teletronix LA-2A,opto-la2a,opto,10.0,31.5,13.598
la2a,UAD,Teletronix LA-2A,opto-la2a,opto,10.0,315.0,12.534
la2a,UAD,Teletronix LA-2A,opto-la2a,opto,10.0,3150.0,11.325
la2a,UAD,Teletronix LA-2A,opto-la2a,opto,10.0,40.0,13.69
la2a,UAD,Teletronix LA-2A,opto-la2a,opto,10.0,400.0,11.869
la2a,UAD,Teletronix LA-2A,opto-la2a,opto,10.0,4000.0,11.439
la2a,UAD,Teletronix LA-2A,opto-la2a,opto,10.0,50.0,13.813
la2a,UAD,Teletronix LA-2A,opto-la2a,opto,10.0,500.0,11.344
la2a,UAD,Teletronix LA-2A,opto-la2a,opto,10.0,5000.0,11.459
la2a,UAD,Teletronix LA-2A,opto-la2a,opto,10.0,63.0,13.97
la2a,UAD,Teletronix LA-2A,opto-la2a,opto,10.0,630.0,10.949
la2a,UAD,Teletronix LA-2A,opto-la2a,opto,10.0,6300.0,11.315
la2a,UAD,Teletronix LA-2A,opto-la2a,opto,10.0,80.0,14.138
la2a,UAD,Teletronix LA-2A,opto-la2a,opto,10.0,800.0,10.712
la2a,UAD,Teletronix LA-2A,opto-la2a,opto,10.0,8000.0,10.837
la2a,UAD,Teletronix LA-2A,opto-la2a,opto,15.0,100.0,18.972
la2a,UAD,Teletronix LA-2A,opto-la2a,opto,15.0,1000.0,15.75
la2a,UAD,Teletronix LA-2A,opto-la2a,opto,15.0,10000.0,15.72
la2a,UAD,Teletronix LA-2A,opto-la2a,opto,15.0,125.0,19.024
la2a,UAD,Teletronix LA-2A,opto-la2a,opto,15.0,1250.0,15.825
la2a,UAD,Teletronix LA-2A,opto-la2a,opto,15.0,12500.0,15.739
la2a,UAD,Teletronix LA-2A,opto-la2a,opto,15.0,160.0,18.892
la2a,UAD,Teletronix LA-2A,opto-la2a,opto,15.0,1600.0,15.998
la2a,UAD,Teletronix LA-2A,opto-la2a,opto,15.0,200.0,18.566
la2a,UAD,Teletronix LA-2A,opto-la2a,opto,15.0,2000.0,16.198
la2a,UAD,Teletronix LA-2A,opto-la2a,opto,15.0,250.0,18.071
la2a,UAD,Teletronix LA-2A,opto-la2a,opto,15.0,2500.0,16.404
la2a,UAD,Teletronix LA-2A,opto-la2a,opto,15.0,31.5,18.216
la2a,UAD,Teletronix LA-2A,opto-la2a,opto,15.0,315.0,17.456
la2a,UAD,Teletronix LA-2A,opto-la2a,opto,15.0,3150.0,16.589
la2a,UAD,Teletronix LA-2A,opto-la2a,opto,15.0,40.0,18.316
la2a,UAD,Teletronix LA-2A,opto-la2a,opto,15.0,400.0,16.826
la2a,UAD,Teletronix LA-2A,opto-la2a,opto,15.0,4000.0,16.715
la2a,UAD,Teletronix LA-2A,opto-la2a,opto,15.0,50.0,18.452
la2a,UAD,Teletronix LA-2A,opto-la2a,opto,15.0,500.0,16.335
la2a,UAD,Teletronix LA-2A,opto-la2a,opto,15.0,5000.0,16.741
la2a,UAD,Teletronix LA-2A,opto-la2a,opto,15.0,63.0,18.628
la2a,UAD,Teletronix LA-2A,opto-la2a,opto,15.0,630.0,15.978
la2a,UAD,Teletronix LA-2A,opto-la2a,opto,15.0,6300.0,16.601
la2a,UAD,Teletronix LA-2A,opto-la2a,opto,15.0,80.0,18.823
la2a,UAD,Teletronix LA-2A,opto-la2a,opto,15.0,800.0,15.785
la2a,UAD,Teletronix LA-2A,opto-la2a,opto,15.0,8000.0,16.12
la2a,UAD,Teletronix LA-2A,opto-la2a,opto,3.0,100.0,8.26
la2a,UAD,Teletronix LA-2A,opto-la2a,opto,3.0,1000.0,4.386
la2a,UAD,Teletronix LA-2A,opto-la2a,opto,3.0,10000.0,4.039
la2a,UAD,Teletronix LA-2A,opto-la2a,opto,3.0,125.0,8.214
la2a,UAD,Teletronix LA-2A,opto-la2a,opto,3.0,1250.0,4.39
la2a,UAD,Teletronix LA-2A,opto-la2a,opto,3.0,12500.0,4.053
la2a,UAD,Teletronix LA-2A,opto-la2a,opto,3.0,160.0,7.973
la2a,UAD,Teletronix LA-2A,opto-la2a,opto,3.0,1600.0,4.481
la2a,UAD,Teletronix LA-2A,opto-la2a,opto,3.0,200.0,7.56
la2a,UAD,Teletronix LA-2A,opto-la2a,opto,3.0,2000.0,4.611
la2a,UAD,Teletronix LA-2A,opto-la2a,opto,3.0,250.0,6.99
la2a,UAD,Teletronix LA-2A,opto-la2a,opto,3.0,2500.0,4.757
la2a,UAD,Teletronix LA-2A,opto-la2a,opto,3.0,31.5,7.781
la2a,UAD,Teletronix LA-2A,opto-la2a,opto,3.0,315.0,6.316
la2a,UAD,Teletronix LA-2A,opto-la2a,opto,3.0,3150.0,4.892
la2a,UAD,Teletronix LA-2A,opto-la2a,opto,3.0,40.0,7.862
la2a,UAD,Teletronix LA-2A,opto-la2a,opto,3.0,400.0,5.643
la2a,UAD,Teletronix LA-2A,opto-la2a,opto,3.0,4000.0,4.981
la2a,UAD,Teletronix LA-2A,opto-la2a,opto,3.0,50.0,7.965
la2a,UAD,Teletronix LA-2A,opto-la2a,opto,3.0,500.0,5.119
la2a,UAD,Teletronix LA-2A,opto-la2a,opto,3.0,5000.0,4.989
la2a,UAD,Teletronix LA-2A,opto-la2a,opto,3.0,63.0,8.087
la2a,UAD,Teletronix LA-2A,opto-la2a,opto,3.0,630.0,4.726
la2a,UAD,Teletronix LA-2A,opto-la2a,opto,3.0,6300.0,4.848
la2a,UAD,Teletronix LA-2A,opto-la2a,opto,3.0,80.0,8.203
la2a,UAD,Teletronix LA-2A,opto-la2a,opto,3.0,800.0,4.482
la2a,UAD,Teletronix LA-2A,opto-la2a,opto,3.0,8000.0,4.403
la2a,UAD,Teletronix LA-2A,opto-la2a,opto,6.0,100.0,8.26
la2a,UAD,Teletronix LA-2A,opto-la2a,opto,6.0,1000.0,4.386
la2a,UAD,Teletronix LA-2A,opto-la2a,opto,6.0,10000.0,4.039
la2a,UAD,Teletronix LA-2A,opto-la2a,opto,6.0,125.0,8.214
la2a,UAD,Teletronix LA-2A,opto-la2a,opto,6.0,1250.0,4.39
la2a,UAD,Teletronix LA-2A,opto-la2a,opto,6.0,12500.0,4.053
la2a,UAD,Teletronix LA-2A,opto-la2a,opto,6.0,160.0,7.973
la2a,UAD,Teletronix LA-2A,opto-la2a,opto,6.0,1600.0,4.481
la2a,UAD,Teletronix LA-2A,opto-la2a,opto,6.0,200.0,7.56
la2a,UAD,Teletronix LA-2A,opto-la2a,opto,6.0,2000.0,4.611
la2a,UAD,Teletronix LA-2A,opto-la2a,opto,6.0,250.0,6.99
la2a,UAD,Teletronix LA-2A,opto-la2a,opto,6.0,2500.0,4.757
la2a,UAD,Teletronix LA-2A,opto-la2a,opto,6.0,31.5,7.781
la2a,UAD,Teletronix LA-2A,opto-la2a,opto,6.0,315.0,6.316
la2a,UAD,Teletronix LA-2A,opto-la2a,opto,6.0,3150.0,4.892
la2a,UAD,Teletronix LA-2A,opto-la2a,opto,6.0,40.0,7.862
la2a,UAD,Teletronix LA-2A,opto-la2a,opto,6.0,400.0,5.643
la2a,UAD,Teletronix LA-2A,opto-la2a,opto,6.0,4000.0,4.981
la2a,UAD,Teletronix LA-2A,opto-la2a,opto,6.0,50.0,7.965
la2a,UAD,Teletronix LA-2A,opto-la2a,opto,6.0,500.0,5.119
la2a,UAD,Teletronix LA-2A,opto-la2a,opto,6.0,5000.0,4.989
la2a,UAD,Teletronix LA-2A,opto-la2a,opto,6.0,63.0,8.087
la2a,UAD,Teletronix LA-2A,opto-la2a,opto,6.0,630.0,4.726
la2a,UAD,Teletronix LA-2A,opto-la2a,opto,6.0,6300.0,4.848
la2a,UAD,Teletronix LA-2A,opto-la2a,opto,6.0,80.0,8.203
la2a,UAD,Teletronix LA-2A,opto-la2a,opto,6.0,800.0,4.482
la2a,UAD,Teletronix LA-2A,opto-la2a,opto,6.0,8000.0,4.403
molotok,Tokyo Dawn,digital with a modelled character,digital,digital,10.0,100.0,7.327
molotok,Tokyo Dawn,digital with a modelled character,digital,digital,10.0,1000.0,9.788
molotok,Tokyo Dawn,digital with a modelled character,digital,digital,10.0,10000.0,9.523
molotok,Tokyo Dawn,digital with a modelled character,digital,digital,10.0,125.0,7.383
molotok,Tokyo Dawn,digital with a modelled character,digital,digital,10.0,1250.0,9.84
molotok,Tokyo Dawn,digital with a modelled character,digital,digital,10.0,12500.0,9.142
molotok,Tokyo Dawn,digital with a modelled character,digital,digital,10.0,160.0,7.509
molotok,Tokyo Dawn,digital with a modelled character,digital,digital,10.0,1600.0,9.88
molotok,Tokyo Dawn,digital with a modelled character,digital,digital,10.0,200.0,7.729
molotok,Tokyo Dawn,digital with a modelled character,digital,digital,10.0,2000.0,9.907
molotok,Tokyo Dawn,digital with a modelled character,digital,digital,10.0,250.0,8.089
molotok,Tokyo Dawn,digital with a modelled character,digital,digital,10.0,2500.0,9.93
molotok,Tokyo Dawn,digital with a modelled character,digital,digital,10.0,31.5,7.357
molotok,Tokyo Dawn,digital with a modelled character,digital,digital,10.0,315.0,8.573
molotok,Tokyo Dawn,digital with a modelled character,digital,digital,10.0,3150.0,9.949
molotok,Tokyo Dawn,digital with a modelled character,digital,digital,10.0,40.0,7.325
molotok,Tokyo Dawn,digital with a modelled character,digital,digital,10.0,400.0,9.046
molotok,Tokyo Dawn,digital with a modelled character,digital,digital,10.0,4000.0,9.96
molotok,Tokyo Dawn,digital with a modelled character,digital,digital,10.0,50.0,7.304
molotok,Tokyo Dawn,digital with a modelled character,digital,digital,10.0,500.0,9.367
molotok,Tokyo Dawn,digital with a modelled character,digital,digital,10.0,5000.0,9.956
molotok,Tokyo Dawn,digital with a modelled character,digital,digital,10.0,63.0,7.295
molotok,Tokyo Dawn,digital with a modelled character,digital,digital,10.0,630.0,9.578
molotok,Tokyo Dawn,digital with a modelled character,digital,digital,10.0,6300.0,9.911
molotok,Tokyo Dawn,digital with a modelled character,digital,digital,10.0,80.0,7.301
molotok,Tokyo Dawn,digital with a modelled character,digital,digital,10.0,800.0,9.71
molotok,Tokyo Dawn,digital with a modelled character,digital,digital,10.0,8000.0,9.764
molotok,Tokyo Dawn,digital with a modelled character,digital,digital,15.0,100.0,12.239
molotok,Tokyo Dawn,digital with a modelled character,digital,digital,15.0,1000.0,14.863
molotok,Tokyo Dawn,digital with a modelled character,digital,digital,15.0,10000.0,14.757
molotok,Tokyo Dawn,digital with a modelled character,digital,digital,15.0,125.0,12.316
molotok,Tokyo Dawn,digital with a modelled character,digital,digital,15.0,1250.0,14.909
molotok,Tokyo Dawn,digital with a modelled character,digital,digital,15.0,12500.0,14.383
molotok,Tokyo Dawn,digital with a modelled character,digital,digital,15.0,160.0,12.478
molotok,Tokyo Dawn,digital with a modelled character,digital,digital,15.0,1600.0,14.949
molotok,Tokyo Dawn,digital with a modelled character,digital,digital,15.0,200.0,12.743
molotok,Tokyo Dawn,digital with a modelled character,digital,digital,15.0,2000.0,14.983
molotok,Tokyo Dawn,digital with a modelled character,digital,digital,15.0,250.0,13.164
molotok,Tokyo Dawn,digital with a modelled character,digital,digital,15.0,2500.0,15.015
molotok,Tokyo Dawn,digital with a modelled character,digital,digital,15.0,31.5,12.3
molotok,Tokyo Dawn,digital with a modelled character,digital,digital,15.0,315.0,13.707
molotok,Tokyo Dawn,digital with a modelled character,digital,digital,15.0,3150.0,15.045
molotok,Tokyo Dawn,digital with a modelled character,digital,digital,15.0,40.0,12.246
molotok,Tokyo Dawn,digital with a modelled character,digital,digital,15.0,400.0,14.202
molotok,Tokyo Dawn,digital with a modelled character,digital,digital,15.0,4000.0,15.071
molotok,Tokyo Dawn,digital with a modelled character,digital,digital,15.0,50.0,12.209
molotok,Tokyo Dawn,digital with a modelled character,digital,digital,15.0,500.0,14.509
molotok,Tokyo Dawn,digital with a modelled character,digital,digital,15.0,5000.0,15.087
molotok,Tokyo Dawn,digital with a modelled character,digital,digital,15.0,63.0,12.193
molotok,Tokyo Dawn,digital with a modelled character,digital,digital,15.0,630.0,14.692
molotok,Tokyo Dawn,digital with a modelled character,digital,digital,15.0,6300.0,15.072
molotok,Tokyo Dawn,digital with a modelled character,digital,digital,15.0,80.0,12.202
molotok,Tokyo Dawn,digital with a modelled character,digital,digital,15.0,800.0,14.799
molotok,Tokyo Dawn,digital with a modelled character,digital,digital,15.0,8000.0,14.972
molotok,Tokyo Dawn,digital with a modelled character,digital,digital,3.0,100.0,1.129
molotok,Tokyo Dawn,digital with a modelled character,digital,digital,3.0,1000.0,2.494
molotok,Tokyo Dawn,digital with a modelled character,digital,digital,3.0,10000.0,2.122
molotok,Tokyo Dawn,digital with a modelled character,digital,digital,3.0,125.0,1.148
molotok,Tokyo Dawn,digital with a modelled character,digital,digital,3.0,1250.0,2.523
molotok,Tokyo Dawn,digital with a modelled character,digital,digital,3.0,12500.0,1.818
molotok,Tokyo Dawn,digital with a modelled character,digital,digital,3.0,160.0,1.196
molotok,Tokyo Dawn,digital with a modelled character,digital,digital,3.0,1600.0,2.548
molotok,Tokyo Dawn,digital with a modelled character,digital,digital,3.0,200.0,1.289
molotok,Tokyo Dawn,digital with a modelled character,digital,digital,3.0,2000.0,2.568
molotok,Tokyo Dawn,digital with a modelled character,digital,digital,3.0,250.0,1.462
molotok,Tokyo Dawn,digital with a modelled character,digital,digital,3.0,2500.0,2.584
molotok,Tokyo Dawn,digital with a modelled character,digital,digital,3.0,31.5,1.12
molotok,Tokyo Dawn,digital with a modelled character,digital,digital,3.0,315.0,1.732
molotok,Tokyo Dawn,digital with a modelled character,digital,digital,3.0,3150.0,2.594
molotok,Tokyo Dawn,digital with a modelled character,digital,digital,3.0,40.0,1.118
molotok,Tokyo Dawn,digital with a modelled character,digital,digital,3.0,400.0,2.033
molotok,Tokyo Dawn,digital with a modelled character,digital,digital,3.0,4000.0,2.596
molotok,Tokyo Dawn,digital with a modelled character,digital,digital,3.0,50.0,1.117
molotok,Tokyo Dawn,digital with a modelled character,digital,digital,3.0,500.0,2.245
molotok,Tokyo Dawn,digital with a modelled character,digital,digital,3.0,5000.0,2.583
molotok,Tokyo Dawn,digital with a modelled character,digital,digital,3.0,63.0,1.118
molotok,Tokyo Dawn,digital with a modelled character,digital,digital,3.0,630.0,2.378
molotok,Tokyo Dawn,digital with a modelled character,digital,digital,3.0,6300.0,2.523
molotok,Tokyo Dawn,digital with a modelled character,digital,digital,3.0,80.0,1.121
molotok,Tokyo Dawn,digital with a modelled character,digital,digital,3.0,800.0,2.453
molotok,Tokyo Dawn,digital with a modelled character,digital,digital,3.0,8000.0,2.358
molotok,Tokyo Dawn,digital with a modelled character,digital,digital,6.0,100.0,3.914
molotok,Tokyo Dawn,digital with a modelled character,digital,digital,6.0,1000.0,6.084
molotok,Tokyo Dawn,digital with a modelled character,digital,digital,6.0,10000.0,5.801
molotok,Tokyo Dawn,digital with a modelled character,digital,digital,6.0,125.0,3.959
molotok,Tokyo Dawn,digital with a modelled character,digital,digital,6.0,1250.0,6.147
molotok,Tokyo Dawn,digital with a modelled character,digital,digital,6.0,12500.0,5.401
molotok,Tokyo Dawn,digital with a modelled character,digital,digital,6.0,160.0,4.065
molotok,Tokyo Dawn,digital with a modelled character,digital,digital,6.0,1600.0,6.2
molotok,Tokyo Dawn,digital with a modelled character,digital,digital,6.0,200.0,4.257
molotok,Tokyo Dawn,digital with a modelled character,digital,digital,6.0,2000.0,6.235
molotok,Tokyo Dawn,digital with a modelled character,digital,digital,6.0,250.0,4.581
molotok,Tokyo Dawn,digital with a modelled character,digital,digital,6.0,2500.0,6.26
molotok,Tokyo Dawn,digital with a modelled character,digital,digital,6.0,31.5,3.907
molotok,Tokyo Dawn,digital with a modelled character,digital,digital,6.0,315.0,5.018
molotok,Tokyo Dawn,digital with a modelled character,digital,digital,6.0,3150.0,6.278
molotok,Tokyo Dawn,digital with a modelled character,digital,digital,6.0,40.0,3.896
molotok,Tokyo Dawn,digital with a modelled character,digital,digital,6.0,400.0,5.44
molotok,Tokyo Dawn,digital with a modelled character,digital,digital,6.0,4000.0,6.286
molotok,Tokyo Dawn,digital with a modelled character,digital,digital,6.0,50.0,3.888
molotok,Tokyo Dawn,digital with a modelled character,digital,digital,6.0,500.0,5.715
molotok,Tokyo Dawn,digital with a modelled character,digital,digital,6.0,5000.0,6.278
molotok,Tokyo Dawn,digital with a modelled character,digital,digital,6.0,63.0,3.887
molotok,Tokyo Dawn,digital with a modelled character,digital,digital,6.0,630.0,5.891
molotok,Tokyo Dawn,digital with a modelled character,digital,digital,6.0,6300.0,6.225
molotok,Tokyo Dawn,digital with a modelled character,digital,digital,6.0,80.0,3.894
molotok,Tokyo Dawn,digital with a modelled character,digital,digital,6.0,800.0,6.006
molotok,Tokyo Dawn,digital with a modelled character,digital,digital,6.0,8000.0,6.063
rcomp,Waves,"Renaissance, opto and electro modes",digital,digital,10.0,100.0,9.919
rcomp,Waves,"Renaissance, opto and electro modes",digital,digital,10.0,1000.0,10.033
rcomp,Waves,"Renaissance, opto and electro modes",digital,digital,10.0,10000.0,10.033
rcomp,Waves,"Renaissance, opto and electro modes",digital,digital,10.0,125.0,9.963
rcomp,Waves,"Renaissance, opto and electro modes",digital,digital,10.0,1250.0,10.033
rcomp,Waves,"Renaissance, opto and electro modes",digital,digital,10.0,12500.0,10.033
rcomp,Waves,"Renaissance, opto and electro modes",digital,digital,10.0,160.0,9.998
rcomp,Waves,"Renaissance, opto and electro modes",digital,digital,10.0,1600.0,9.996
rcomp,Waves,"Renaissance, opto and electro modes",digital,digital,10.0,200.0,10.018
rcomp,Waves,"Renaissance, opto and electro modes",digital,digital,10.0,2000.0,10.033
rcomp,Waves,"Renaissance, opto and electro modes",digital,digital,10.0,250.0,10.029
rcomp,Waves,"Renaissance, opto and electro modes",digital,digital,10.0,2500.0,10.033
rcomp,Waves,"Renaissance, opto and electro modes",digital,digital,10.0,31.5,9.636
rcomp,Waves,"Renaissance, opto and electro modes",digital,digital,10.0,315.0,10.033
rcomp,Waves,"Renaissance, opto and electro modes",digital,digital,10.0,3150.0,10.033
rcomp,Waves,"Renaissance, opto and electro modes",digital,digital,10.0,40.0,9.695
rcomp,Waves,"Renaissance, opto and electro modes",digital,digital,10.0,400.0,10.033
rcomp,Waves,"Renaissance, opto and electro modes",digital,digital,10.0,4000.0,10.033
rcomp,Waves,"Renaissance, opto and electro modes",digital,digital,10.0,50.0,9.744
rcomp,Waves,"Renaissance, opto and electro modes",digital,digital,10.0,500.0,10.033
rcomp,Waves,"Renaissance, opto and electro modes",digital,digital,10.0,5000.0,10.033
rcomp,Waves,"Renaissance, opto and electro modes",digital,digital,10.0,63.0,9.809
rcomp,Waves,"Renaissance, opto and electro modes",digital,digital,10.0,630.0,10.033
rcomp,Waves,"Renaissance, opto and electro modes",digital,digital,10.0,6300.0,10.033
rcomp,Waves,"Renaissance, opto and electro modes",digital,digital,10.0,80.0,9.872
rcomp,Waves,"Renaissance, opto and electro modes",digital,digital,10.0,800.0,10.033
rcomp,Waves,"Renaissance, opto and electro modes",digital,digital,10.0,8000.0,9.049
rcomp,Waves,"Renaissance, opto and electro modes",digital,digital,15.0,100.0,14.892
rcomp,Waves,"Renaissance, opto and electro modes",digital,digital,15.0,1000.0,15.013
rcomp,Waves,"Renaissance, opto and electro modes",digital,digital,15.0,10000.0,15.013
rcomp,Waves,"Renaissance, opto and electro modes",digital,digital,15.0,125.0,14.939
rcomp,Waves,"Renaissance, opto and electro modes",digital,digital,15.0,1250.0,15.013
rcomp,Waves,"Renaissance, opto and electro modes",digital,digital,15.0,12500.0,15.013
rcomp,Waves,"Renaissance, opto and electro modes",digital,digital,15.0,160.0,14.976
rcomp,Waves,"Renaissance, opto and electro modes",digital,digital,15.0,1600.0,14.974
rcomp,Waves,"Renaissance, opto and electro modes",digital,digital,15.0,200.0,14.997
rcomp,Waves,"Renaissance, opto and electro modes",digital,digital,15.0,2000.0,15.013
rcomp,Waves,"Renaissance, opto and electro modes",digital,digital,15.0,250.0,15.008
rcomp,Waves,"Renaissance, opto and electro modes",digital,digital,15.0,2500.0,15.013
rcomp,Waves,"Renaissance, opto and electro modes",digital,digital,15.0,31.5,14.498
rcomp,Waves,"Renaissance, opto and electro modes",digital,digital,15.0,315.0,15.012
rcomp,Waves,"Renaissance, opto and electro modes",digital,digital,15.0,3150.0,15.013
rcomp,Waves,"Renaissance, opto and electro modes",digital,digital,15.0,40.0,14.597
rcomp,Waves,"Renaissance, opto and electro modes",digital,digital,15.0,400.0,15.013
rcomp,Waves,"Renaissance, opto and electro modes",digital,digital,15.0,4000.0,15.013
rcomp,Waves,"Renaissance, opto and electro modes",digital,digital,15.0,50.0,14.65
rcomp,Waves,"Renaissance, opto and electro modes",digital,digital,15.0,500.0,15.013
rcomp,Waves,"Renaissance, opto and electro modes",digital,digital,15.0,5000.0,15.013
rcomp,Waves,"Renaissance, opto and electro modes",digital,digital,15.0,63.0,14.759
rcomp,Waves,"Renaissance, opto and electro modes",digital,digital,15.0,630.0,15.013
rcomp,Waves,"Renaissance, opto and electro modes",digital,digital,15.0,6300.0,15.013
rcomp,Waves,"Renaissance, opto and electro modes",digital,digital,15.0,80.0,14.807
rcomp,Waves,"Renaissance, opto and electro modes",digital,digital,15.0,800.0,15.013
rcomp,Waves,"Renaissance, opto and electro modes",digital,digital,15.0,8000.0,13.992
rcomp,Waves,"Renaissance, opto and electro modes",digital,digital,3.0,100.0,3.012
rcomp,Waves,"Renaissance, opto and electro modes",digital,digital,3.0,1000.0,3.137
rcomp,Waves,"Renaissance, opto and electro modes",digital,digital,3.0,10000.0,3.137
rcomp,Waves,"Renaissance, opto and electro modes",digital,digital,3.0,125.0,3.054
rcomp,Waves,"Renaissance, opto and electro modes",digital,digital,3.0,1250.0,3.137
rcomp,Waves,"Renaissance, opto and electro modes",digital,digital,3.0,12500.0,3.137
rcomp,Waves,"Renaissance, opto and electro modes",digital,digital,3.0,160.0,3.092
rcomp,Waves,"Renaissance, opto and electro modes",digital,digital,3.0,1600.0,3.115
rcomp,Waves,"Renaissance, opto and electro modes",digital,digital,3.0,200.0,3.116
rcomp,Waves,"Renaissance, opto and electro modes",digital,digital,3.0,2000.0,3.137
rcomp,Waves,"Renaissance, opto and electro modes",digital,digital,3.0,250.0,3.131
rcomp,Waves,"Renaissance, opto and electro modes",digital,digital,3.0,2500.0,3.137
rcomp,Waves,"Renaissance, opto and electro modes",digital,digital,3.0,31.5,2.784
rcomp,Waves,"Renaissance, opto and electro modes",digital,digital,3.0,315.0,3.137
rcomp,Waves,"Renaissance, opto and electro modes",digital,digital,3.0,3150.0,3.137
rcomp,Waves,"Renaissance, opto and electro modes",digital,digital,3.0,40.0,2.829
rcomp,Waves,"Renaissance, opto and electro modes",digital,digital,3.0,400.0,3.137
rcomp,Waves,"Renaissance, opto and electro modes",digital,digital,3.0,4000.0,3.137
rcomp,Waves,"Renaissance, opto and electro modes",digital,digital,3.0,50.0,2.87
rcomp,Waves,"Renaissance, opto and electro modes",digital,digital,3.0,500.0,3.137
rcomp,Waves,"Renaissance, opto and electro modes",digital,digital,3.0,5000.0,3.137
rcomp,Waves,"Renaissance, opto and electro modes",digital,digital,3.0,63.0,2.916
rcomp,Waves,"Renaissance, opto and electro modes",digital,digital,3.0,630.0,3.137
rcomp,Waves,"Renaissance, opto and electro modes",digital,digital,3.0,6300.0,3.137
rcomp,Waves,"Renaissance, opto and electro modes",digital,digital,3.0,80.0,2.966
rcomp,Waves,"Renaissance, opto and electro modes",digital,digital,3.0,800.0,3.137
rcomp,Waves,"Renaissance, opto and electro modes",digital,digital,3.0,8000.0,2.572
rcomp,Waves,"Renaissance, opto and electro modes",digital,digital,6.0,100.0,5.925
rcomp,Waves,"Renaissance, opto and electro modes",digital,digital,6.0,1000.0,6.026
rcomp,Waves,"Renaissance, opto and electro modes",digital,digital,6.0,10000.0,6.026
rcomp,Waves,"Renaissance, opto and electro modes",digital,digital,6.0,125.0,5.961
rcomp,Waves,"Renaissance, opto and electro modes",digital,digital,6.0,1250.0,6.026
rcomp,Waves,"Renaissance, opto and electro modes",digital,digital,6.0,12500.0,6.026
rcomp,Waves,"Renaissance, opto and electro modes",digital,digital,6.0,160.0,5.991
rcomp,Waves,"Renaissance, opto and electro modes",digital,digital,6.0,1600.0,5.994
rcomp,Waves,"Renaissance, opto and electro modes",digital,digital,6.0,200.0,6.011
rcomp,Waves,"Renaissance, opto and electro modes",digital,digital,6.0,2000.0,6.026
rcomp,Waves,"Renaissance, opto and electro modes",digital,digital,6.0,250.0,6.021
rcomp,Waves,"Renaissance, opto and electro modes",digital,digital,6.0,2500.0,6.026
rcomp,Waves,"Renaissance, opto and electro modes",digital,digital,6.0,31.5,5.708
rcomp,Waves,"Renaissance, opto and electro modes",digital,digital,6.0,315.0,6.025
rcomp,Waves,"Renaissance, opto and electro modes",digital,digital,6.0,3150.0,6.026
rcomp,Waves,"Renaissance, opto and electro modes",digital,digital,6.0,40.0,5.749
rcomp,Waves,"Renaissance, opto and electro modes",digital,digital,6.0,400.0,6.026
rcomp,Waves,"Renaissance, opto and electro modes",digital,digital,6.0,4000.0,6.026
rcomp,Waves,"Renaissance, opto and electro modes",digital,digital,6.0,50.0,5.792
rcomp,Waves,"Renaissance, opto and electro modes",digital,digital,6.0,500.0,6.026
rcomp,Waves,"Renaissance, opto and electro modes",digital,digital,6.0,5000.0,6.026
rcomp,Waves,"Renaissance, opto and electro modes",digital,digital,6.0,63.0,5.838
rcomp,Waves,"Renaissance, opto and electro modes",digital,digital,6.0,630.0,6.025
rcomp,Waves,"Renaissance, opto and electro modes",digital,digital,6.0,6300.0,6.026
rcomp,Waves,"Renaissance, opto and electro modes",digital,digital,6.0,80.0,5.885
rcomp,Waves,"Renaissance, opto and electro modes",digital,digital,6.0,800.0,6.026
rcomp,Waves,"Renaissance, opto and electro modes",digital,digital,6.0,8000.0,5.216
solid_bus_comp,Softube,SSL G series bus compressor,vca-sslbus,vca,10.0,100.0,11.282
solid_bus_comp,Softube,SSL G series bus compressor,vca-sslbus,vca,10.0,1000.0,11.283
solid_bus_comp,Softube,SSL G series bus compressor,vca-sslbus,vca,10.0,10000.0,11.31
solid_bus_comp,Softube,SSL G series bus compressor,vca-sslbus,vca,10.0,125.0,11.285
solid_bus_comp,Softube,SSL G series bus compressor,vca-sslbus,vca,10.0,1250.0,11.29
solid_bus_comp,Softube,SSL G series bus compressor,vca-sslbus,vca,10.0,12500.0,11.289
solid_bus_comp,Softube,SSL G series bus compressor,vca-sslbus,vca,10.0,160.0,11.287
solid_bus_comp,Softube,SSL G series bus compressor,vca-sslbus,vca,10.0,1600.0,11.296
solid_bus_comp,Softube,SSL G series bus compressor,vca-sslbus,vca,10.0,200.0,11.288
solid_bus_comp,Softube,SSL G series bus compressor,vca-sslbus,vca,10.0,2000.0,11.31
solid_bus_comp,Softube,SSL G series bus compressor,vca-sslbus,vca,10.0,250.0,11.289
solid_bus_comp,Softube,SSL G series bus compressor,vca-sslbus,vca,10.0,2500.0,11.289
solid_bus_comp,Softube,SSL G series bus compressor,vca-sslbus,vca,10.0,31.5,11.229
solid_bus_comp,Softube,SSL G series bus compressor,vca-sslbus,vca,10.0,315.0,11.289
solid_bus_comp,Softube,SSL G series bus compressor,vca-sslbus,vca,10.0,3150.0,11.29
solid_bus_comp,Softube,SSL G series bus compressor,vca-sslbus,vca,10.0,40.0,11.248
solid_bus_comp,Softube,SSL G series bus compressor,vca-sslbus,vca,10.0,400.0,11.289
solid_bus_comp,Softube,SSL G series bus compressor,vca-sslbus,vca,10.0,4000.0,11.293
solid_bus_comp,Softube,SSL G series bus compressor,vca-sslbus,vca,10.0,50.0,11.262
solid_bus_comp,Softube,SSL G series bus compressor,vca-sslbus,vca,10.0,500.0,11.29
solid_bus_comp,Softube,SSL G series bus compressor,vca-sslbus,vca,10.0,5000.0,11.282
solid_bus_comp,Softube,SSL G series bus compressor,vca-sslbus,vca,10.0,63.0,11.272
solid_bus_comp,Softube,SSL G series bus compressor,vca-sslbus,vca,10.0,630.0,11.29
solid_bus_comp,Softube,SSL G series bus compressor,vca-sslbus,vca,10.0,6300.0,11.29
solid_bus_comp,Softube,SSL G series bus compressor,vca-sslbus,vca,10.0,80.0,11.278
solid_bus_comp,Softube,SSL G series bus compressor,vca-sslbus,vca,10.0,800.0,11.291
solid_bus_comp,Softube,SSL G series bus compressor,vca-sslbus,vca,10.0,8000.0,10.781
solid_bus_comp,Softube,SSL G series bus compressor,vca-sslbus,vca,15.0,100.0,14.02
solid_bus_comp,Softube,SSL G series bus compressor,vca-sslbus,vca,15.0,1000.0,14.025
solid_bus_comp,Softube,SSL G series bus compressor,vca-sslbus,vca,15.0,10000.0,14.043
solid_bus_comp,Softube,SSL G series bus compressor,vca-sslbus,vca,15.0,125.0,14.023
solid_bus_comp,Softube,SSL G series bus compressor,vca-sslbus,vca,15.0,1250.0,14.028
solid_bus_comp,Softube,SSL G series bus compressor,vca-sslbus,vca,15.0,12500.0,14.028
solid_bus_comp,Softube,SSL G series bus compressor,vca-sslbus,vca,15.0,160.0,14.025
solid_bus_comp,Softube,SSL G series bus compressor,vca-sslbus,vca,15.0,1600.0,14.04
solid_bus_comp,Softube,SSL G series bus compressor,vca-sslbus,vca,15.0,200.0,14.026
solid_bus_comp,Softube,SSL G series bus compressor,vca-sslbus,vca,15.0,2000.0,14.043
solid_bus_comp,Softube,SSL G series bus compressor,vca-sslbus,vca,15.0,250.0,14.027
solid_bus_comp,Softube,SSL G series bus compressor,vca-sslbus,vca,15.0,2500.0,14.028
solid_bus_comp,Softube,SSL G series bus compressor,vca-sslbus,vca,15.0,31.5,13.962
solid_bus_comp,Softube,SSL G series bus compressor,vca-sslbus,vca,15.0,315.0,14.028
solid_bus_comp,Softube,SSL G series bus compressor,vca-sslbus,vca,15.0,3150.0,14.028
solid_bus_comp,Softube,SSL G series bus compressor,vca-sslbus,vca,15.0,40.0,13.983
solid_bus_comp,Softube,SSL G series bus compressor,vca-sslbus,vca,15.0,400.0,14.028
solid_bus_comp,Softube,SSL G series bus compressor,vca-sslbus,vca,15.0,4000.0,13.986
solid_bus_comp,Softube,SSL G series bus compressor,vca-sslbus,vca,15.0,50.0,13.998
solid_bus_comp,Softube,SSL G series bus compressor,vca-sslbus,vca,15.0,500.0,14.028
solid_bus_comp,Softube,SSL G series bus compressor,vca-sslbus,vca,15.0,5000.0,14.025
solid_bus_comp,Softube,SSL G series bus compressor,vca-sslbus,vca,15.0,63.0,14.009
solid_bus_comp,Softube,SSL G series bus compressor,vca-sslbus,vca,15.0,630.0,14.028
solid_bus_comp,Softube,SSL G series bus compressor,vca-sslbus,vca,15.0,6300.0,14.029
solid_bus_comp,Softube,SSL G series bus compressor,vca-sslbus,vca,15.0,80.0,14.016
solid_bus_comp,Softube,SSL G series bus compressor,vca-sslbus,vca,15.0,800.0,14.026
solid_bus_comp,Softube,SSL G series bus compressor,vca-sslbus,vca,15.0,8000.0,13.552
solid_bus_comp,Softube,SSL G series bus compressor,vca-sslbus,vca,3.0,100.0,3.16
solid_bus_comp,Softube,SSL G series bus compressor,vca-sslbus,vca,3.0,1000.0,3.161
solid_bus_comp,Softube,SSL G series bus compressor,vca-sslbus,vca,3.0,10000.0,3.148
solid_bus_comp,Softube,SSL G series bus compressor,vca-sslbus,vca,3.0,125.0,3.161
solid_bus_comp,Softube,SSL G series bus compressor,vca-sslbus,vca,3.0,1250.0,3.164
solid_bus_comp,Softube,SSL G series bus compressor,vca-sslbus,vca,3.0,12500.0,3.164
solid_bus_comp,Softube,SSL G series bus compressor,vca-sslbus,vca,3.0,160.0,3.162
solid_bus_comp,Softube,SSL G series bus compressor,vca-sslbus,vca,3.0,1600.0,3.157
solid_bus_comp,Softube,SSL G series bus compressor,vca-sslbus,vca,3.0,200.0,3.163
solid_bus_comp,Softube,SSL G series bus compressor,vca-sslbus,vca,3.0,2000.0,3.148
solid_bus_comp,Softube,SSL G series bus compressor,vca-sslbus,vca,3.0,250.0,3.163
solid_bus_comp,Softube,SSL G series bus compressor,vca-sslbus,vca,3.0,2500.0,3.164
solid_bus_comp,Softube,SSL G series bus compressor,vca-sslbus,vca,3.0,31.5,3.135
solid_bus_comp,Softube,SSL G series bus compressor,vca-sslbus,vca,3.0,315.0,3.163
solid_bus_comp,Softube,SSL G series bus compressor,vca-sslbus,vca,3.0,3150.0,3.163
solid_bus_comp,Softube,SSL G series bus compressor,vca-sslbus,vca,3.0,40.0,3.145
solid_bus_comp,Softube,SSL G series bus compressor,vca-sslbus,vca,3.0,400.0,3.164
solid_bus_comp,Softube,SSL G series bus compressor,vca-sslbus,vca,3.0,4000.0,3.214
solid_bus_comp,Softube,SSL G series bus compressor,vca-sslbus,vca,3.0,50.0,3.151
solid_bus_comp,Softube,SSL G series bus compressor,vca-sslbus,vca,3.0,500.0,3.164
solid_bus_comp,Softube,SSL G series bus compressor,vca-sslbus,vca,3.0,5000.0,3.161
solid_bus_comp,Softube,SSL G series bus compressor,vca-sslbus,vca,3.0,63.0,3.156
solid_bus_comp,Softube,SSL G series bus compressor,vca-sslbus,vca,3.0,630.0,3.163
solid_bus_comp,Softube,SSL G series bus compressor,vca-sslbus,vca,3.0,6300.0,3.163
solid_bus_comp,Softube,SSL G series bus compressor,vca-sslbus,vca,3.0,80.0,3.158
solid_bus_comp,Softube,SSL G series bus compressor,vca-sslbus,vca,3.0,800.0,3.165
solid_bus_comp,Softube,SSL G series bus compressor,vca-sslbus,vca,3.0,8000.0,2.466
solid_bus_comp,Softube,SSL G series bus compressor,vca-sslbus,vca,6.0,100.0,5.845
solid_bus_comp,Softube,SSL G series bus compressor,vca-sslbus,vca,6.0,1000.0,5.855
solid_bus_comp,Softube,SSL G series bus compressor,vca-sslbus,vca,6.0,10000.0,5.857
solid_bus_comp,Softube,SSL G series bus compressor,vca-sslbus,vca,6.0,125.0,5.847
solid_bus_comp,Softube,SSL G series bus compressor,vca-sslbus,vca,6.0,1250.0,5.85
solid_bus_comp,Softube,SSL G series bus compressor,vca-sslbus,vca,6.0,12500.0,5.848
solid_bus_comp,Softube,SSL G series bus compressor,vca-sslbus,vca,6.0,160.0,5.848
solid_bus_comp,Softube,SSL G series bus compressor,vca-sslbus,vca,6.0,1600.0,5.839
solid_bus_comp,Softube,SSL G series bus compressor,vca-sslbus,vca,6.0,200.0,5.849
solid_bus_comp,Softube,SSL G series bus compressor,vca-sslbus,vca,6.0,2000.0,5.857
solid_bus_comp,Softube,SSL G series bus compressor,vca-sslbus,vca,6.0,250.0,5.849
solid_bus_comp,Softube,SSL G series bus compressor,vca-sslbus,vca,6.0,2500.0,5.848
solid_bus_comp,Softube,SSL G series bus compressor,vca-sslbus,vca,6.0,31.5,5.806
solid_bus_comp,Softube,SSL G series bus compressor,vca-sslbus,vca,6.0,315.0,5.85
solid_bus_comp,Softube,SSL G series bus compressor,vca-sslbus,vca,6.0,3150.0,5.85
solid_bus_comp,Softube,SSL G series bus compressor,vca-sslbus,vca,6.0,40.0,5.821
solid_bus_comp,Softube,SSL G series bus compressor,vca-sslbus,vca,6.0,400.0,5.85
solid_bus_comp,Softube,SSL G series bus compressor,vca-sslbus,vca,6.0,4000.0,5.907
solid_bus_comp,Softube,SSL G series bus compressor,vca-sslbus,vca,6.0,50.0,5.831
solid_bus_comp,Softube,SSL G series bus compressor,vca-sslbus,vca,6.0,500.0,5.849
solid_bus_comp,Softube,SSL G series bus compressor,vca-sslbus,vca,6.0,5000.0,5.855
solid_bus_comp,Softube,SSL G series bus compressor,vca-sslbus,vca,6.0,63.0,5.838
solid_bus_comp,Softube,SSL G series bus compressor,vca-sslbus,vca,6.0,630.0,5.85
solid_bus_comp,Softube,SSL G series bus compressor,vca-sslbus,vca,6.0,6300.0,5.85
solid_bus_comp,Softube,SSL G series bus compressor,vca-sslbus,vca,6.0,80.0,5.842
solid_bus_comp,Softube,SSL G series bus compressor,vca-sslbus,vca,6.0,800.0,5.849
solid_bus_comp,Softube,SSL G series bus compressor,vca-sslbus,vca,6.0,8000.0,5.238
solid_dynamics,Softube,SSL 4000 channel dynamics,vca-sslchannel,vca,10.0,100.0,9.319
solid_dynamics,Softube,SSL 4000 channel dynamics,vca-sslchannel,vca,10.0,1000.0,9.322
solid_dynamics,Softube,SSL 4000 channel dynamics,vca-sslchannel,vca,10.0,10000.0,9.257
solid_dynamics,Softube,SSL 4000 channel dynamics,vca-sslchannel,vca,10.0,125.0,9.319
solid_dynamics,Softube,SSL 4000 channel dynamics,vca-sslchannel,vca,10.0,1250.0,9.318
solid_dynamics,Softube,SSL 4000 channel dynamics,vca-sslchannel,vca,10.0,12500.0,9.322
solid_dynamics,Softube,SSL 4000 channel dynamics,vca-sslchannel,vca,10.0,160.0,9.319
solid_dynamics,Softube,SSL 4000 channel dynamics,vca-sslchannel,vca,10.0,1600.0,9.278
solid_dynamics,Softube,SSL 4000 channel dynamics,vca-sslchannel,vca,10.0,200.0,9.318
solid_dynamics,Softube,SSL 4000 channel dynamics,vca-sslchannel,vca,10.0,2000.0,9.257
solid_dynamics,Softube,SSL 4000 channel dynamics,vca-sslchannel,vca,10.0,250.0,9.318
solid_dynamics,Softube,SSL 4000 channel dynamics,vca-sslchannel,vca,10.0,2500.0,9.322
solid_dynamics,Softube,SSL 4000 channel dynamics,vca-sslchannel,vca,10.0,31.5,9.331
solid_dynamics,Softube,SSL 4000 channel dynamics,vca-sslchannel,vca,10.0,315.0,9.318
solid_dynamics,Softube,SSL 4000 channel dynamics,vca-sslchannel,vca,10.0,3150.0,9.318
solid_dynamics,Softube,SSL 4000 channel dynamics,vca-sslchannel,vca,10.0,40.0,9.327
solid_dynamics,Softube,SSL 4000 channel dynamics,vca-sslchannel,vca,10.0,400.0,9.321
solid_dynamics,Softube,SSL 4000 channel dynamics,vca-sslchannel,vca,10.0,4000.0,8.886
solid_dynamics,Softube,SSL 4000 channel dynamics,vca-sslchannel,vca,10.0,50.0,9.323
solid_dynamics,Softube,SSL 4000 channel dynamics,vca-sslchannel,vca,10.0,500.0,9.323
solid_dynamics,Softube,SSL 4000 channel dynamics,vca-sslchannel,vca,10.0,5000.0,9.321
solid_dynamics,Softube,SSL 4000 channel dynamics,vca-sslchannel,vca,10.0,63.0,9.321
solid_dynamics,Softube,SSL 4000 channel dynamics,vca-sslchannel,vca,10.0,630.0,9.318
solid_dynamics,Softube,SSL 4000 channel dynamics,vca-sslchannel,vca,10.0,6300.0,9.318
solid_dynamics,Softube,SSL 4000 channel dynamics,vca-sslchannel,vca,10.0,80.0,9.32
solid_dynamics,Softube,SSL 4000 channel dynamics,vca-sslchannel,vca,10.0,800.0,9.324
solid_dynamics,Softube,SSL 4000 channel dynamics,vca-sslchannel,vca,10.0,8000.0,7.285
solid_dynamics,Softube,SSL 4000 channel dynamics,vca-sslchannel,vca,15.0,100.0,9.319
solid_dynamics,Softube,SSL 4000 channel dynamics,vca-sslchannel,vca,15.0,1000.0,9.322
solid_dynamics,Softube,SSL 4000 channel dynamics,vca-sslchannel,vca,15.0,10000.0,9.257
solid_dynamics,Softube,SSL 4000 channel dynamics,vca-sslchannel,vca,15.0,125.0,9.319
solid_dynamics,Softube,SSL 4000 channel dynamics,vca-sslchannel,vca,15.0,1250.0,9.318
solid_dynamics,Softube,SSL 4000 channel dynamics,vca-sslchannel,vca,15.0,12500.0,9.322
solid_dynamics,Softube,SSL 4000 channel dynamics,vca-sslchannel,vca,15.0,160.0,9.319
solid_dynamics,Softube,SSL 4000 channel dynamics,vca-sslchannel,vca,15.0,1600.0,9.278
solid_dynamics,Softube,SSL 4000 channel dynamics,vca-sslchannel,vca,15.0,200.0,9.318
solid_dynamics,Softube,SSL 4000 channel dynamics,vca-sslchannel,vca,15.0,2000.0,9.257
solid_dynamics,Softube,SSL 4000 channel dynamics,vca-sslchannel,vca,15.0,250.0,9.318
solid_dynamics,Softube,SSL 4000 channel dynamics,vca-sslchannel,vca,15.0,2500.0,9.322
solid_dynamics,Softube,SSL 4000 channel dynamics,vca-sslchannel,vca,15.0,31.5,9.331
solid_dynamics,Softube,SSL 4000 channel dynamics,vca-sslchannel,vca,15.0,315.0,9.318
solid_dynamics,Softube,SSL 4000 channel dynamics,vca-sslchannel,vca,15.0,3150.0,9.318
solid_dynamics,Softube,SSL 4000 channel dynamics,vca-sslchannel,vca,15.0,40.0,9.327
solid_dynamics,Softube,SSL 4000 channel dynamics,vca-sslchannel,vca,15.0,400.0,9.321
solid_dynamics,Softube,SSL 4000 channel dynamics,vca-sslchannel,vca,15.0,4000.0,8.886
solid_dynamics,Softube,SSL 4000 channel dynamics,vca-sslchannel,vca,15.0,50.0,9.323
solid_dynamics,Softube,SSL 4000 channel dynamics,vca-sslchannel,vca,15.0,500.0,9.323
solid_dynamics,Softube,SSL 4000 channel dynamics,vca-sslchannel,vca,15.0,5000.0,9.321
solid_dynamics,Softube,SSL 4000 channel dynamics,vca-sslchannel,vca,15.0,63.0,9.321
solid_dynamics,Softube,SSL 4000 channel dynamics,vca-sslchannel,vca,15.0,630.0,9.318
solid_dynamics,Softube,SSL 4000 channel dynamics,vca-sslchannel,vca,15.0,6300.0,9.318
solid_dynamics,Softube,SSL 4000 channel dynamics,vca-sslchannel,vca,15.0,80.0,9.32
solid_dynamics,Softube,SSL 4000 channel dynamics,vca-sslchannel,vca,15.0,800.0,9.324
solid_dynamics,Softube,SSL 4000 channel dynamics,vca-sslchannel,vca,15.0,8000.0,7.285
solid_dynamics,Softube,SSL 4000 channel dynamics,vca-sslchannel,vca,3.0,100.0,3.257
solid_dynamics,Softube,SSL 4000 channel dynamics,vca-sslchannel,vca,3.0,1000.0,3.255
solid_dynamics,Softube,SSL 4000 channel dynamics,vca-sslchannel,vca,3.0,10000.0,3.271
solid_dynamics,Softube,SSL 4000 channel dynamics,vca-sslchannel,vca,3.0,125.0,3.257
solid_dynamics,Softube,SSL 4000 channel dynamics,vca-sslchannel,vca,3.0,1250.0,3.256
solid_dynamics,Softube,SSL 4000 channel dynamics,vca-sslchannel,vca,3.0,12500.0,3.257
solid_dynamics,Softube,SSL 4000 channel dynamics,vca-sslchannel,vca,3.0,160.0,3.256
solid_dynamics,Softube,SSL 4000 channel dynamics,vca-sslchannel,vca,3.0,1600.0,3.265
solid_dynamics,Softube,SSL 4000 channel dynamics,vca-sslchannel,vca,3.0,200.0,3.256
solid_dynamics,Softube,SSL 4000 channel dynamics,vca-sslchannel,vca,3.0,2000.0,3.271
solid_dynamics,Softube,SSL 4000 channel dynamics,vca-sslchannel,vca,3.0,250.0,3.256
solid_dynamics,Softube,SSL 4000 channel dynamics,vca-sslchannel,vca,3.0,2500.0,3.257
solid_dynamics,Softube,SSL 4000 channel dynamics,vca-sslchannel,vca,3.0,31.5,3.266
solid_dynamics,Softube,SSL 4000 channel dynamics,vca-sslchannel,vca,3.0,315.0,3.256
solid_dynamics,Softube,SSL 4000 channel dynamics,vca-sslchannel,vca,3.0,3150.0,3.256
solid_dynamics,Softube,SSL 4000 channel dynamics,vca-sslchannel,vca,3.0,40.0,3.262
solid_dynamics,Softube,SSL 4000 channel dynamics,vca-sslchannel,vca,3.0,400.0,3.256
solid_dynamics,Softube,SSL 4000 channel dynamics,vca-sslchannel,vca,3.0,4000.0,3.271
solid_dynamics,Softube,SSL 4000 channel dynamics,vca-sslchannel,vca,3.0,50.0,3.26
solid_dynamics,Softube,SSL 4000 channel dynamics,vca-sslchannel,vca,3.0,500.0,3.257
solid_dynamics,Softube,SSL 4000 channel dynamics,vca-sslchannel,vca,3.0,5000.0,3.255
solid_dynamics,Softube,SSL 4000 channel dynamics,vca-sslchannel,vca,3.0,63.0,3.258
solid_dynamics,Softube,SSL 4000 channel dynamics,vca-sslchannel,vca,3.0,630.0,3.256
solid_dynamics,Softube,SSL 4000 channel dynamics,vca-sslchannel,vca,3.0,6300.0,3.256
solid_dynamics,Softube,SSL 4000 channel dynamics,vca-sslchannel,vca,3.0,80.0,3.257
solid_dynamics,Softube,SSL 4000 channel dynamics,vca-sslchannel,vca,3.0,800.0,3.254
solid_dynamics,Softube,SSL 4000 channel dynamics,vca-sslchannel,vca,3.0,8000.0,2.872
solid_dynamics,Softube,SSL 4000 channel dynamics,vca-sslchannel,vca,6.0,100.0,5.863
solid_dynamics,Softube,SSL 4000 channel dynamics,vca-sslchannel,vca,6.0,1000.0,5.87
solid_dynamics,Softube,SSL 4000 channel dynamics,vca-sslchannel,vca,6.0,10000.0,5.869
solid_dynamics,Softube,SSL 4000 channel dynamics,vca-sslchannel,vca,6.0,125.0,5.863
solid_dynamics,Softube,SSL 4000 channel dynamics,vca-sslchannel,vca,6.0,1250.0,5.863
solid_dynamics,Softube,SSL 4000 channel dynamics,vca-sslchannel,vca,6.0,12500.0,5.862
solid_dynamics,Softube,SSL 4000 channel dynamics,vca-sslchannel,vca,6.0,160.0,5.863
solid_dynamics,Softube,SSL 4000 channel dynamics,vca-sslchannel,vca,6.0,1600.0,5.868
solid_dynamics,Softube,SSL 4000 channel dynamics,vca-sslchannel,vca,6.0,200.0,5.863
solid_dynamics,Softube,SSL 4000 channel dynamics,vca-sslchannel,vca,6.0,2000.0,5.869
solid_dynamics,Softube,SSL 4000 channel dynamics,vca-sslchannel,vca,6.0,250.0,5.863
solid_dynamics,Softube,SSL 4000 channel dynamics,vca-sslchannel,vca,6.0,2500.0,5.862
solid_dynamics,Softube,SSL 4000 channel dynamics,vca-sslchannel,vca,6.0,31.5,5.875
solid_dynamics,Softube,SSL 4000 channel dynamics,vca-sslchannel,vca,6.0,315.0,5.862
solid_dynamics,Softube,SSL 4000 channel dynamics,vca-sslchannel,vca,6.0,3150.0,5.862
solid_dynamics,Softube,SSL 4000 channel dynamics,vca-sslchannel,vca,6.0,40.0,5.87
solid_dynamics,Softube,SSL 4000 channel dynamics,vca-sslchannel,vca,6.0,400.0,5.861
solid_dynamics,Softube,SSL 4000 channel dynamics,vca-sslchannel,vca,6.0,4000.0,5.75
solid_dynamics,Softube,SSL 4000 channel dynamics,vca-sslchannel,vca,6.0,50.0,5.867
solid_dynamics,Softube,SSL 4000 channel dynamics,vca-sslchannel,vca,6.0,500.0,5.862
solid_dynamics,Softube,SSL 4000 channel dynamics,vca-sslchannel,vca,6.0,5000.0,5.87
solid_dynamics,Softube,SSL 4000 channel dynamics,vca-sslchannel,vca,6.0,63.0,5.865
solid_dynamics,Softube,SSL 4000 channel dynamics,vca-sslchannel,vca,6.0,630.0,5.862
solid_dynamics,Softube,SSL 4000 channel dynamics,vca-sslchannel,vca,6.0,6300.0,5.863
solid_dynamics,Softube,SSL 4000 channel dynamics,vca-sslchannel,vca,6.0,80.0,5.864
solid_dynamics,Softube,SSL 4000 channel dynamics,vca-sslchannel,vca,6.0,800.0,5.867
solid_dynamics,Softube,SSL 4000 channel dynamics,vca-sslchannel,vca,6.0,8000.0,4.827
ssl_gbus,UAD,SSL G series bus compressor,vca-sslbus,vca,10.0,100.0,10.003
ssl_gbus,UAD,SSL G series bus compressor,vca-sslbus,vca,10.0,1000.0,10.015
ssl_gbus,UAD,SSL G series bus compressor,vca-sslbus,vca,10.0,10000.0,10.024
ssl_gbus,UAD,SSL G series bus compressor,vca-sslbus,vca,10.0,125.0,10.007
ssl_gbus,UAD,SSL G series bus compressor,vca-sslbus,vca,10.0,1250.0,10.016
ssl_gbus,UAD,SSL G series bus compressor,vca-sslbus,vca,10.0,12500.0,10.018
ssl_gbus,UAD,SSL G series bus compressor,vca-sslbus,vca,10.0,160.0,10.01
ssl_gbus,UAD,SSL G series bus compressor,vca-sslbus,vca,10.0,1600.0,10.019
ssl_gbus,UAD,SSL G series bus compressor,vca-sslbus,vca,10.0,200.0,10.012
ssl_gbus,UAD,SSL G series bus compressor,vca-sslbus,vca,10.0,2000.0,10.022
ssl_gbus,UAD,SSL G series bus compressor,vca-sslbus,vca,10.0,250.0,10.013
ssl_gbus,UAD,SSL G series bus compressor,vca-sslbus,vca,10.0,2500.0,10.017
ssl_gbus,UAD,SSL G series bus compressor,vca-sslbus,vca,10.0,31.5,9.919
ssl_gbus,UAD,SSL G series bus compressor,vca-sslbus,vca,10.0,315.0,10.013
ssl_gbus,UAD,SSL G series bus compressor,vca-sslbus,vca,10.0,3150.0,10.018
ssl_gbus,UAD,SSL G series bus compressor,vca-sslbus,vca,10.0,40.0,9.95
ssl_gbus,UAD,SSL G series bus compressor,vca-sslbus,vca,10.0,400.0,10.014
ssl_gbus,UAD,SSL G series bus compressor,vca-sslbus,vca,10.0,4000.0,10.019
ssl_gbus,UAD,SSL G series bus compressor,vca-sslbus,vca,10.0,50.0,9.972
ssl_gbus,UAD,SSL G series bus compressor,vca-sslbus,vca,10.0,500.0,10.014
ssl_gbus,UAD,SSL G series bus compressor,vca-sslbus,vca,10.0,5000.0,10.018
ssl_gbus,UAD,SSL G series bus compressor,vca-sslbus,vca,10.0,63.0,9.987
ssl_gbus,UAD,SSL G series bus compressor,vca-sslbus,vca,10.0,630.0,10.015
ssl_gbus,UAD,SSL G series bus compressor,vca-sslbus,vca,10.0,6300.0,10.018
ssl_gbus,UAD,SSL G series bus compressor,vca-sslbus,vca,10.0,80.0,9.997
ssl_gbus,UAD,SSL G series bus compressor,vca-sslbus,vca,10.0,800.0,10.015
ssl_gbus,UAD,SSL G series bus compressor,vca-sslbus,vca,10.0,8000.0,9.491
ssl_gbus,UAD,SSL G series bus compressor,vca-sslbus,vca,15.0,100.0,14.935
ssl_gbus,UAD,SSL G series bus compressor,vca-sslbus,vca,15.0,1000.0,14.956
ssl_gbus,UAD,SSL G series bus compressor,vca-sslbus,vca,15.0,10000.0,14.968
ssl_gbus,UAD,SSL G series bus compressor,vca-sslbus,vca,15.0,125.0,14.942
ssl_gbus,UAD,SSL G series bus compressor,vca-sslbus,vca,15.0,1250.0,14.957
ssl_gbus,UAD,SSL G series bus compressor,vca-sslbus,vca,15.0,12500.0,14.961
ssl_gbus,UAD,SSL G series bus compressor,vca-sslbus,vca,15.0,160.0,14.947
ssl_gbus,UAD,SSL G series bus compressor,vca-sslbus,vca,15.0,1600.0,14.961
ssl_gbus,UAD,SSL G series bus compressor,vca-sslbus,vca,15.0,200.0,14.95
ssl_gbus,UAD,SSL G series bus compressor,vca-sslbus,vca,15.0,2000.0,14.965
ssl_gbus,UAD,SSL G series bus compressor,vca-sslbus,vca,15.0,250.0,14.952
ssl_gbus,UAD,SSL G series bus compressor,vca-sslbus,vca,15.0,2500.0,14.959
ssl_gbus,UAD,SSL G series bus compressor,vca-sslbus,vca,15.0,31.5,14.806
ssl_gbus,UAD,SSL G series bus compressor,vca-sslbus,vca,15.0,315.0,14.953
ssl_gbus,UAD,SSL G series bus compressor,vca-sslbus,vca,15.0,3150.0,14.96
ssl_gbus,UAD,SSL G series bus compressor,vca-sslbus,vca,15.0,40.0,14.851
ssl_gbus,UAD,SSL G series bus compressor,vca-sslbus,vca,15.0,400.0,14.954
ssl_gbus,UAD,SSL G series bus compressor,vca-sslbus,vca,15.0,4000.0,14.941
ssl_gbus,UAD,SSL G series bus compressor,vca-sslbus,vca,15.0,50.0,14.884
ssl_gbus,UAD,SSL G series bus compressor,vca-sslbus,vca,15.0,500.0,14.954
ssl_gbus,UAD,SSL G series bus compressor,vca-sslbus,vca,15.0,5000.0,14.961
ssl_gbus,UAD,SSL G series bus compressor,vca-sslbus,vca,15.0,63.0,14.908
ssl_gbus,UAD,SSL G series bus compressor,vca-sslbus,vca,15.0,630.0,14.955
ssl_gbus,UAD,SSL G series bus compressor,vca-sslbus,vca,15.0,6300.0,14.961
ssl_gbus,UAD,SSL G series bus compressor,vca-sslbus,vca,15.0,80.0,14.925
ssl_gbus,UAD,SSL G series bus compressor,vca-sslbus,vca,15.0,800.0,14.956
ssl_gbus,UAD,SSL G series bus compressor,vca-sslbus,vca,15.0,8000.0,14.442
ssl_gbus,UAD,SSL G series bus compressor,vca-sslbus,vca,3.0,100.0,2.843
ssl_gbus,UAD,SSL G series bus compressor,vca-sslbus,vca,3.0,1000.0,2.847
ssl_gbus,UAD,SSL G series bus compressor,vca-sslbus,vca,3.0,10000.0,2.848
ssl_gbus,UAD,SSL G series bus compressor,vca-sslbus,vca,3.0,125.0,2.844
ssl_gbus,UAD,SSL G series bus compressor,vca-sslbus,vca,3.0,1250.0,2.847
ssl_gbus,UAD,SSL G series bus compressor,vca-sslbus,vca,3.0,12500.0,2.848
ssl_gbus,UAD,SSL G series bus compressor,vca-sslbus,vca,3.0,160.0,2.845
ssl_gbus,UAD,SSL G series bus compressor,vca-sslbus,vca,3.0,1600.0,2.847
ssl_gbus,UAD,SSL G series bus compressor,vca-sslbus,vca,3.0,200.0,2.846
ssl_gbus,UAD,SSL G series bus compressor,vca-sslbus,vca,3.0,2000.0,2.847
ssl_gbus,UAD,SSL G series bus compressor,vca-sslbus,vca,3.0,250.0,2.846
ssl_gbus,UAD,SSL G series bus compressor,vca-sslbus,vca,3.0,2500.0,2.847
ssl_gbus,UAD,SSL G series bus compressor,vca-sslbus,vca,3.0,31.5,2.816
ssl_gbus,UAD,SSL G series bus compressor,vca-sslbus,vca,3.0,315.0,2.846
ssl_gbus,UAD,SSL G series bus compressor,vca-sslbus,vca,3.0,3150.0,2.847
ssl_gbus,UAD,SSL G series bus compressor,vca-sslbus,vca,3.0,40.0,2.827
ssl_gbus,UAD,SSL G series bus compressor,vca-sslbus,vca,3.0,400.0,2.846
ssl_gbus,UAD,SSL G series bus compressor,vca-sslbus,vca,3.0,4000.0,2.88
ssl_gbus,UAD,SSL G series bus compressor,vca-sslbus,vca,3.0,50.0,2.834
ssl_gbus,UAD,SSL G series bus compressor,vca-sslbus,vca,3.0,500.0,2.846
ssl_gbus,UAD,SSL G series bus compressor,vca-sslbus,vca,3.0,5000.0,2.848
ssl_gbus,UAD,SSL G series bus compressor,vca-sslbus,vca,3.0,63.0,2.839
ssl_gbus,UAD,SSL G series bus compressor,vca-sslbus,vca,3.0,630.0,2.847
ssl_gbus,UAD,SSL G series bus compressor,vca-sslbus,vca,3.0,6300.0,2.848
ssl_gbus,UAD,SSL G series bus compressor,vca-sslbus,vca,3.0,80.0,2.842
ssl_gbus,UAD,SSL G series bus compressor,vca-sslbus,vca,3.0,800.0,2.847
ssl_gbus,UAD,SSL G series bus compressor,vca-sslbus,vca,3.0,8000.0,2.327
ssl_gbus,UAD,SSL G series bus compressor,vca-sslbus,vca,6.0,100.0,5.993
ssl_gbus,UAD,SSL G series bus compressor,vca-sslbus,vca,6.0,1000.0,6.0
ssl_gbus,UAD,SSL G series bus compressor,vca-sslbus,vca,6.0,10000.0,6.005
ssl_gbus,UAD,SSL G series bus compressor,vca-sslbus,vca,6.0,125.0,5.995
ssl_gbus,UAD,SSL G series bus compressor,vca-sslbus,vca,6.0,1250.0,6.0
ssl_gbus,UAD,SSL G series bus compressor,vca-sslbus,vca,6.0,12500.0,6.002
ssl_gbus,UAD,SSL G series bus compressor,vca-sslbus,vca,6.0,160.0,5.997
ssl_gbus,UAD,SSL G series bus compressor,vca-sslbus,vca,6.0,1600.0,6.001
ssl_gbus,UAD,SSL G series bus compressor,vca-sslbus,vca,6.0,200.0,5.998
ssl_gbus,UAD,SSL G series bus compressor,vca-sslbus,vca,6.0,2000.0,6.004
ssl_gbus,UAD,SSL G series bus compressor,vca-sslbus,vca,6.0,250.0,5.998
ssl_gbus,UAD,SSL G series bus compressor,vca-sslbus,vca,6.0,2500.0,6.001
ssl_gbus,UAD,SSL G series bus compressor,vca-sslbus,vca,6.0,31.5,5.944
ssl_gbus,UAD,SSL G series bus compressor,vca-sslbus,vca,6.0,315.0,5.999
ssl_gbus,UAD,SSL G series bus compressor,vca-sslbus,vca,6.0,3150.0,6.001
ssl_gbus,UAD,SSL G series bus compressor,vca-sslbus,vca,6.0,40.0,5.963
ssl_gbus,UAD,SSL G series bus compressor,vca-sslbus,vca,6.0,400.0,5.999
ssl_gbus,UAD,SSL G series bus compressor,vca-sslbus,vca,6.0,4000.0,6.02
ssl_gbus,UAD,SSL G series bus compressor,vca-sslbus,vca,6.0,50.0,5.976
ssl_gbus,UAD,SSL G series bus compressor,vca-sslbus,vca,6.0,500.0,5.999
ssl_gbus,UAD,SSL G series bus compressor,vca-sslbus,vca,6.0,5000.0,6.002
ssl_gbus,UAD,SSL G series bus compressor,vca-sslbus,vca,6.0,63.0,5.984
ssl_gbus,UAD,SSL G series bus compressor,vca-sslbus,vca,6.0,630.0,6.0
ssl_gbus,UAD,SSL G series bus compressor,vca-sslbus,vca,6.0,6300.0,6.002
ssl_gbus,UAD,SSL G series bus compressor,vca-sslbus,vca,6.0,80.0,5.99
ssl_gbus,UAD,SSL G series bus compressor,vca-sslbus,vca,6.0,800.0,6.0
ssl_gbus,UAD,SSL G series bus compressor,vca-sslbus,vca,6.0,8000.0,5.473
ssl_native_bus,SSL,SSL G series bus compressor,vca-sslbus,vca,10.0,100.0,9.467
ssl_native_bus,SSL,SSL G series bus compressor,vca-sslbus,vca,10.0,1000.0,9.532
ssl_native_bus,SSL,SSL G series bus compressor,vca-sslbus,vca,10.0,10000.0,9.53
ssl_native_bus,SSL,SSL G series bus compressor,vca-sslbus,vca,10.0,125.0,9.486
ssl_native_bus,SSL,SSL G series bus compressor,vca-sslbus,vca,10.0,1250.0,9.528
ssl_native_bus,SSL,SSL G series bus compressor,vca-sslbus,vca,10.0,12500.0,9.527
ssl_native_bus,SSL,SSL G series bus compressor,vca-sslbus,vca,10.0,160.0,9.501
ssl_native_bus,SSL,SSL G series bus compressor,vca-sslbus,vca,10.0,1600.0,9.539
ssl_native_bus,SSL,SSL G series bus compressor,vca-sslbus,vca,10.0,200.0,9.51
ssl_native_bus,SSL,SSL G series bus compressor,vca-sslbus,vca,10.0,2000.0,9.53
ssl_native_bus,SSL,SSL G series bus compressor,vca-sslbus,vca,10.0,250.0,9.517
ssl_native_bus,SSL,SSL G series bus compressor,vca-sslbus,vca,10.0,2500.0,9.527
ssl_native_bus,SSL,SSL G series bus compressor,vca-sslbus,vca,10.0,31.5,9.271
ssl_native_bus,SSL,SSL G series bus compressor,vca-sslbus,vca,10.0,315.0,9.521
ssl_native_bus,SSL,SSL G series bus compressor,vca-sslbus,vca,10.0,3150.0,9.528
ssl_native_bus,SSL,SSL G series bus compressor,vca-sslbus,vca,10.0,40.0,9.322
ssl_native_bus,SSL,SSL G series bus compressor,vca-sslbus,vca,10.0,400.0,9.523
ssl_native_bus,SSL,SSL G series bus compressor,vca-sslbus,vca,10.0,4000.0,9.596
ssl_native_bus,SSL,SSL G series bus compressor,vca-sslbus,vca,10.0,50.0,9.368
ssl_native_bus,SSL,SSL G series bus compressor,vca-sslbus,vca,10.0,500.0,9.526
ssl_native_bus,SSL,SSL G series bus compressor,vca-sslbus,vca,10.0,5000.0,9.533
ssl_native_bus,SSL,SSL G series bus compressor,vca-sslbus,vca,10.0,63.0,9.408
ssl_native_bus,SSL,SSL G series bus compressor,vca-sslbus,vca,10.0,630.0,9.526
ssl_native_bus,SSL,SSL G series bus compressor,vca-sslbus,vca,10.0,6300.0,9.528
ssl_native_bus,SSL,SSL G series bus compressor,vca-sslbus,vca,10.0,80.0,9.442
ssl_native_bus,SSL,SSL G series bus compressor,vca-sslbus,vca,10.0,800.0,9.526
ssl_native_bus,SSL,SSL G series bus compressor,vca-sslbus,vca,10.0,8000.0,8.625
ssl_native_bus,SSL,SSL G series bus compressor,vca-sslbus,vca,15.0,100.0,14.909
ssl_native_bus,SSL,SSL G series bus compressor,vca-sslbus,vca,15.0,1000.0,15.005
ssl_native_bus,SSL,SSL G series bus compressor,vca-sslbus,vca,15.0,10000.0,14.992
ssl_native_bus,SSL,SSL G series bus compressor,vca-sslbus,vca,15.0,125.0,14.936
ssl_native_bus,SSL,SSL G series bus compressor,vca-sslbus,vca,15.0,1250.0,15.001
ssl_native_bus,SSL,SSL G series bus compressor,vca-sslbus,vca,15.0,12500.0,15.0
ssl_native_bus,SSL,SSL G series bus compressor,vca-sslbus,vca,15.0,160.0,14.959
ssl_native_bus,SSL,SSL G series bus compressor,vca-sslbus,vca,15.0,1600.0,15.015
ssl_native_bus,SSL,SSL G series bus compressor,vca-sslbus,vca,15.0,200.0,14.974
ssl_native_bus,SSL,SSL G series bus compressor,vca-sslbus,vca,15.0,2000.0,14.992
ssl_native_bus,SSL,SSL G series bus compressor,vca-sslbus,vca,15.0,250.0,14.983
ssl_native_bus,SSL,SSL G series bus compressor,vca-sslbus,vca,15.0,2500.0,15.002
ssl_native_bus,SSL,SSL G series bus compressor,vca-sslbus,vca,15.0,31.5,14.658
ssl_native_bus,SSL,SSL G series bus compressor,vca-sslbus,vca,15.0,315.0,14.99
ssl_native_bus,SSL,SSL G series bus compressor,vca-sslbus,vca,15.0,3150.0,15.003
ssl_native_bus,SSL,SSL G series bus compressor,vca-sslbus,vca,15.0,40.0,14.721
ssl_native_bus,SSL,SSL G series bus compressor,vca-sslbus,vca,15.0,400.0,14.994
ssl_native_bus,SSL,SSL G series bus compressor,vca-sslbus,vca,15.0,4000.0,15.077
ssl_native_bus,SSL,SSL G series bus compressor,vca-sslbus,vca,15.0,50.0,14.778
ssl_native_bus,SSL,SSL G series bus compressor,vca-sslbus,vca,15.0,500.0,14.998
ssl_native_bus,SSL,SSL G series bus compressor,vca-sslbus,vca,15.0,5000.0,15.007
ssl_native_bus,SSL,SSL G series bus compressor,vca-sslbus,vca,15.0,63.0,14.829
ssl_native_bus,SSL,SSL G series bus compressor,vca-sslbus,vca,15.0,630.0,15.0
ssl_native_bus,SSL,SSL G series bus compressor,vca-sslbus,vca,15.0,6300.0,15.002
ssl_native_bus,SSL,SSL G series bus compressor,vca-sslbus,vca,15.0,80.0,14.874
ssl_native_bus,SSL,SSL G series bus compressor,vca-sslbus,vca,15.0,800.0,15.001
ssl_native_bus,SSL,SSL G series bus compressor,vca-sslbus,vca,15.0,8000.0,14.101
ssl_native_bus,SSL,SSL G series bus compressor,vca-sslbus,vca,3.0,100.0,2.989
ssl_native_bus,SSL,SSL G series bus compressor,vca-sslbus,vca,3.0,1000.0,3.006
ssl_native_bus,SSL,SSL G series bus compressor,vca-sslbus,vca,3.0,10000.0,3.027
ssl_native_bus,SSL,SSL G series bus compressor,vca-sslbus,vca,3.0,125.0,2.996
ssl_native_bus,SSL,SSL G series bus compressor,vca-sslbus,vca,3.0,1250.0,3.009
ssl_native_bus,SSL,SSL G series bus compressor,vca-sslbus,vca,3.0,12500.0,3.009
ssl_native_bus,SSL,SSL G series bus compressor,vca-sslbus,vca,3.0,160.0,3.001
ssl_native_bus,SSL,SSL G series bus compressor,vca-sslbus,vca,3.0,1600.0,3.011
ssl_native_bus,SSL,SSL G series bus compressor,vca-sslbus,vca,3.0,200.0,3.003
ssl_native_bus,SSL,SSL G series bus compressor,vca-sslbus,vca,3.0,2000.0,3.027
ssl_native_bus,SSL,SSL G series bus compressor,vca-sslbus,vca,3.0,250.0,3.006
ssl_native_bus,SSL,SSL G series bus compressor,vca-sslbus,vca,3.0,2500.0,3.009
ssl_native_bus,SSL,SSL G series bus compressor,vca-sslbus,vca,3.0,31.5,2.901
ssl_native_bus,SSL,SSL G series bus compressor,vca-sslbus,vca,3.0,315.0,3.006
ssl_native_bus,SSL,SSL G series bus compressor,vca-sslbus,vca,3.0,3150.0,3.009
ssl_native_bus,SSL,SSL G series bus compressor,vca-sslbus,vca,3.0,40.0,2.927
ssl_native_bus,SSL,SSL G series bus compressor,vca-sslbus,vca,3.0,400.0,3.008
ssl_native_bus,SSL,SSL G series bus compressor,vca-sslbus,vca,3.0,4000.0,3.054
ssl_native_bus,SSL,SSL G series bus compressor,vca-sslbus,vca,3.0,50.0,2.949
ssl_native_bus,SSL,SSL G series bus compressor,vca-sslbus,vca,3.0,500.0,3.007
ssl_native_bus,SSL,SSL G series bus compressor,vca-sslbus,vca,3.0,5000.0,3.007
ssl_native_bus,SSL,SSL G series bus compressor,vca-sslbus,vca,3.0,63.0,2.967
ssl_native_bus,SSL,SSL G series bus compressor,vca-sslbus,vca,3.0,630.0,3.008
ssl_native_bus,SSL,SSL G series bus compressor,vca-sslbus,vca,3.0,6300.0,3.009
ssl_native_bus,SSL,SSL G series bus compressor,vca-sslbus,vca,3.0,80.0,2.98
ssl_native_bus,SSL,SSL G series bus compressor,vca-sslbus,vca,3.0,800.0,3.011
ssl_native_bus,SSL,SSL G series bus compressor,vca-sslbus,vca,3.0,8000.0,2.085
ssl_native_bus,SSL,SSL G series bus compressor,vca-sslbus,vca,6.0,100.0,5.916
ssl_native_bus,SSL,SSL G series bus compressor,vca-sslbus,vca,6.0,1000.0,5.957
ssl_native_bus,SSL,SSL G series bus compressor,vca-sslbus,vca,6.0,10000.0,5.966
ssl_native_bus,SSL,SSL G series bus compressor,vca-sslbus,vca,6.0,125.0,5.928
ssl_native_bus,SSL,SSL G series bus compressor,vca-sslbus,vca,6.0,1250.0,5.954
ssl_native_bus,SSL,SSL G series bus compressor,vca-sslbus,vca,6.0,12500.0,5.955
ssl_native_bus,SSL,SSL G series bus compressor,vca-sslbus,vca,6.0,160.0,5.938
ssl_native_bus,SSL,SSL G series bus compressor,vca-sslbus,vca,6.0,1600.0,5.964
ssl_native_bus,SSL,SSL G series bus compressor,vca-sslbus,vca,6.0,200.0,5.944
ssl_native_bus,SSL,SSL G series bus compressor,vca-sslbus,vca,6.0,2000.0,5.966
ssl_native_bus,SSL,SSL G series bus compressor,vca-sslbus,vca,6.0,250.0,5.947
ssl_native_bus,SSL,SSL G series bus compressor,vca-sslbus,vca,6.0,2500.0,5.955
ssl_native_bus,SSL,SSL G series bus compressor,vca-sslbus,vca,6.0,31.5,5.77
ssl_native_bus,SSL,SSL G series bus compressor,vca-sslbus,vca,6.0,315.0,5.95
ssl_native_bus,SSL,SSL G series bus compressor,vca-sslbus,vca,6.0,3150.0,5.955
ssl_native_bus,SSL,SSL G series bus compressor,vca-sslbus,vca,6.0,40.0,5.81
ssl_native_bus,SSL,SSL G series bus compressor,vca-sslbus,vca,6.0,400.0,5.952
ssl_native_bus,SSL,SSL G series bus compressor,vca-sslbus,vca,6.0,4000.0,6.012
ssl_native_bus,SSL,SSL G series bus compressor,vca-sslbus,vca,6.0,50.0,5.845
ssl_native_bus,SSL,SSL G series bus compressor,vca-sslbus,vca,6.0,500.0,5.953
ssl_native_bus,SSL,SSL G series bus compressor,vca-sslbus,vca,6.0,5000.0,5.958
ssl_native_bus,SSL,SSL G series bus compressor,vca-sslbus,vca,6.0,63.0,5.875
ssl_native_bus,SSL,SSL G series bus compressor,vca-sslbus,vca,6.0,630.0,5.954
ssl_native_bus,SSL,SSL G series bus compressor,vca-sslbus,vca,6.0,6300.0,5.955
ssl_native_bus,SSL,SSL G series bus compressor,vca-sslbus,vca,6.0,80.0,5.899
ssl_native_bus,SSL,SSL G series bus compressor,vca-sslbus,vca,6.0,800.0,5.956
ssl_native_bus,SSL,SSL G series bus compressor,vca-sslbus,vca,6.0,8000.0,5.045
supercharger_gt,Native Instruments,tube compressor,opto-other,tube,10.0,100.0,8.174
supercharger_gt,Native Instruments,tube compressor,opto-other,tube,10.0,1000.0,9.965
supercharger_gt,Native Instruments,tube compressor,opto-other,tube,10.0,10000.0,10.846
supercharger_gt,Native Instruments,tube compressor,opto-other,tube,10.0,125.0,8.644
supercharger_gt,Native Instruments,tube compressor,opto-other,tube,10.0,1250.0,9.983
supercharger_gt,Native Instruments,tube compressor,opto-other,tube,10.0,12500.0,11.375
supercharger_gt,Native Instruments,tube compressor,opto-other,tube,10.0,160.0,9.066
supercharger_gt,Native Instruments,tube compressor,opto-other,tube,10.0,1600.0,10.008
supercharger_gt,Native Instruments,tube compressor,opto-other,tube,10.0,200.0,9.354
supercharger_gt,Native Instruments,tube compressor,opto-other,tube,10.0,2000.0,9.996
supercharger_gt,Native Instruments,tube compressor,opto-other,tube,10.0,250.0,9.563
supercharger_gt,Native Instruments,tube compressor,opto-other,tube,10.0,2500.0,10.028
supercharger_gt,Native Instruments,tube compressor,opto-other,tube,10.0,31.5,3.871
supercharger_gt,Native Instruments,tube compressor,opto-other,tube,10.0,315.0,9.712
supercharger_gt,Native Instruments,tube compressor,opto-other,tube,10.0,3150.0,10.056
supercharger_gt,Native Instruments,tube compressor,opto-other,tube,10.0,40.0,4.847
supercharger_gt,Native Instruments,tube compressor,opto-other,tube,10.0,400.0,9.815
supercharger_gt,Native Instruments,tube compressor,opto-other,tube,10.0,4000.0,10.08
supercharger_gt,Native Instruments,tube compressor,opto-other,tube,10.0,50.0,5.887
supercharger_gt,Native Instruments,tube compressor,opto-other,tube,10.0,500.0,9.877
supercharger_gt,Native Instruments,tube compressor,opto-other,tube,10.0,5000.0,10.165
supercharger_gt,Native Instruments,tube compressor,opto-other,tube,10.0,63.0,6.866
supercharger_gt,Native Instruments,tube compressor,opto-other,tube,10.0,630.0,9.92
supercharger_gt,Native Instruments,tube compressor,opto-other,tube,10.0,6300.0,10.286
supercharger_gt,Native Instruments,tube compressor,opto-other,tube,10.0,80.0,7.624
supercharger_gt,Native Instruments,tube compressor,opto-other,tube,10.0,800.0,9.952
supercharger_gt,Native Instruments,tube compressor,opto-other,tube,10.0,8000.0,10.189
supercharger_gt,Native Instruments,tube compressor,opto-other,tube,15.0,100.0,12.782
supercharger_gt,Native Instruments,tube compressor,opto-other,tube,15.0,1000.0,14.913
supercharger_gt,Native Instruments,tube compressor,opto-other,tube,15.0,10000.0,15.906
supercharger_gt,Native Instruments,tube compressor,opto-other,tube,15.0,125.0,13.355
supercharger_gt,Native Instruments,tube compressor,opto-other,tube,15.0,1250.0,14.933
supercharger_gt,Native Instruments,tube compressor,opto-other,tube,15.0,12500.0,16.492
supercharger_gt,Native Instruments,tube compressor,opto-other,tube,15.0,160.0,13.861
supercharger_gt,Native Instruments,tube compressor,opto-other,tube,15.0,1600.0,14.962
supercharger_gt,Native Instruments,tube compressor,opto-other,tube,15.0,200.0,14.201
supercharger_gt,Native Instruments,tube compressor,opto-other,tube,15.0,2000.0,14.947
supercharger_gt,Native Instruments,tube compressor,opto-other,tube,15.0,250.0,14.445
supercharger_gt,Native Instruments,tube compressor,opto-other,tube,15.0,2500.0,14.984
supercharger_gt,Native Instruments,tube compressor,opto-other,tube,15.0,31.5,7.284
supercharger_gt,Native Instruments,tube compressor,opto-other,tube,15.0,315.0,14.62
supercharger_gt,Native Instruments,tube compressor,opto-other,tube,15.0,3150.0,15.016
supercharger_gt,Native Instruments,tube compressor,opto-other,tube,15.0,40.0,8.552
supercharger_gt,Native Instruments,tube compressor,opto-other,tube,15.0,400.0,14.74
supercharger_gt,Native Instruments,tube compressor,opto-other,tube,15.0,4000.0,15.042
supercharger_gt,Native Instruments,tube compressor,opto-other,tube,15.0,50.0,9.878
supercharger_gt,Native Instruments,tube compressor,opto-other,tube,15.0,500.0,14.81
supercharger_gt,Native Instruments,tube compressor,opto-other,tube,15.0,5000.0,15.141
supercharger_gt,Native Instruments,tube compressor,opto-other,tube,15.0,63.0,11.135
supercharger_gt,Native Instruments,tube compressor,opto-other,tube,15.0,630.0,14.861
supercharger_gt,Native Instruments,tube compressor,opto-other,tube,15.0,6300.0,15.278
supercharger_gt,Native Instruments,tube compressor,opto-other,tube,15.0,80.0,12.096
supercharger_gt,Native Instruments,tube compressor,opto-other,tube,15.0,800.0,14.898
supercharger_gt,Native Instruments,tube compressor,opto-other,tube,15.0,8000.0,15.166
supercharger_gt,Native Instruments,tube compressor,opto-other,tube,3.0,100.0,1.75
supercharger_gt,Native Instruments,tube compressor,opto-other,tube,3.0,1000.0,2.501
supercharger_gt,Native Instruments,tube compressor,opto-other,tube,3.0,10000.0,2.923
supercharger_gt,Native Instruments,tube compressor,opto-other,tube,3.0,125.0,1.935
supercharger_gt,Native Instruments,tube compressor,opto-other,tube,3.0,1250.0,2.51
supercharger_gt,Native Instruments,tube compressor,opto-other,tube,3.0,12500.0,3.193
supercharger_gt,Native Instruments,tube compressor,opto-other,tube,3.0,160.0,2.109
supercharger_gt,Native Instruments,tube compressor,opto-other,tube,3.0,1600.0,2.522
supercharger_gt,Native Instruments,tube compressor,opto-other,tube,3.0,200.0,2.231
supercharger_gt,Native Instruments,tube compressor,opto-other,tube,3.0,2000.0,2.516
supercharger_gt,Native Instruments,tube compressor,opto-other,tube,3.0,250.0,2.322
supercharger_gt,Native Instruments,tube compressor,opto-other,tube,3.0,2500.0,2.531
supercharger_gt,Native Instruments,tube compressor,opto-other,tube,3.0,31.5,0.565
supercharger_gt,Native Instruments,tube compressor,opto-other,tube,3.0,315.0,2.388
supercharger_gt,Native Instruments,tube compressor,opto-other,tube,3.0,3150.0,2.544
supercharger_gt,Native Instruments,tube compressor,opto-other,tube,3.0,40.0,0.748
supercharger_gt,Native Instruments,tube compressor,opto-other,tube,3.0,400.0,2.434
supercharger_gt,Native Instruments,tube compressor,opto-other,tube,3.0,4000.0,2.556
supercharger_gt,Native Instruments,tube compressor,opto-other,tube,3.0,50.0,0.997
supercharger_gt,Native Instruments,tube compressor,opto-other,tube,3.0,500.0,2.462
supercharger_gt,Native Instruments,tube compressor,opto-other,tube,3.0,5000.0,2.594
supercharger_gt,Native Instruments,tube compressor,opto-other,tube,3.0,63.0,1.287
supercharger_gt,Native Instruments,tube compressor,opto-other,tube,3.0,630.0,2.482
supercharger_gt,Native Instruments,tube compressor,opto-other,tube,3.0,6300.0,2.652
supercharger_gt,Native Instruments,tube compressor,opto-other,tube,3.0,80.0,1.546
supercharger_gt,Native Instruments,tube compressor,opto-other,tube,3.0,800.0,2.496
supercharger_gt,Native Instruments,tube compressor,opto-other,tube,3.0,8000.0,2.607
supercharger_gt,Native Instruments,tube compressor,opto-other,tube,6.0,100.0,4.597
supercharger_gt,Native Instruments,tube compressor,opto-other,tube,6.0,1000.0,5.999
supercharger_gt,Native Instruments,tube compressor,opto-other,tube,6.0,10000.0,6.687
supercharger_gt,Native Instruments,tube compressor,opto-other,tube,6.0,125.0,4.966
supercharger_gt,Native Instruments,tube compressor,opto-other,tube,6.0,1250.0,6.013
supercharger_gt,Native Instruments,tube compressor,opto-other,tube,6.0,12500.0,7.102
supercharger_gt,Native Instruments,tube compressor,opto-other,tube,6.0,160.0,5.3
supercharger_gt,Native Instruments,tube compressor,opto-other,tube,6.0,1600.0,6.033
supercharger_gt,Native Instruments,tube compressor,opto-other,tube,6.0,200.0,5.527
supercharger_gt,Native Instruments,tube compressor,opto-other,tube,6.0,2000.0,6.024
supercharger_gt,Native Instruments,tube compressor,opto-other,tube,6.0,250.0,5.688
supercharger_gt,Native Instruments,tube compressor,opto-other,tube,6.0,2500.0,6.049
supercharger_gt,Native Instruments,tube compressor,opto-other,tube,6.0,31.5,1.718
supercharger_gt,Native Instruments,tube compressor,opto-other,tube,6.0,315.0,5.804
supercharger_gt,Native Instruments,tube compressor,opto-other,tube,6.0,3150.0,6.07
supercharger_gt,Native Instruments,tube compressor,opto-other,tube,6.0,40.0,2.268
supercharger_gt,Native Instruments,tube compressor,opto-other,tube,6.0,400.0,5.883
supercharger_gt,Native Instruments,tube compressor,opto-other,tube,6.0,4000.0,6.09
supercharger_gt,Native Instruments,tube compressor,opto-other,tube,6.0,50.0,2.919
supercharger_gt,Native Instruments,tube compressor,opto-other,tube,6.0,500.0,5.932
supercharger_gt,Native Instruments,tube compressor,opto-other,tube,6.0,5000.0,6.154
supercharger_gt,Native Instruments,tube compressor,opto-other,tube,6.0,63.0,3.605
supercharger_gt,Native Instruments,tube compressor,opto-other,tube,6.0,630.0,5.965
supercharger_gt,Native Instruments,tube compressor,opto-other,tube,6.0,6300.0,6.249
supercharger_gt,Native Instruments,tube compressor,opto-other,tube,6.0,80.0,4.172
supercharger_gt,Native Instruments,tube compressor,opto-other,tube,6.0,800.0,5.99
supercharger_gt,Native Instruments,tube compressor,opto-other,tube,6.0,8000.0,6.175
vari_comp,Softube,Manley Variable Mu,varimu-other,vari-mu,10.0,100.0,1.492
vari_comp,Softube,Manley Variable Mu,varimu-other,vari-mu,10.0,1000.0,1.518
vari_comp,Softube,Manley Variable Mu,varimu-other,vari-mu,10.0,10000.0,1.511
vari_comp,Softube,Manley Variable Mu,varimu-other,vari-mu,10.0,125.0,1.501
vari_comp,Softube,Manley Variable Mu,varimu-other,vari-mu,10.0,1250.0,1.519
vari_comp,Softube,Manley Variable Mu,varimu-other,vari-mu,10.0,12500.0,1.494
vari_comp,Softube,Manley Variable Mu,varimu-other,vari-mu,10.0,160.0,1.507
vari_comp,Softube,Manley Variable Mu,varimu-other,vari-mu,10.0,1600.0,1.519
vari_comp,Softube,Manley Variable Mu,varimu-other,vari-mu,10.0,200.0,1.51
vari_comp,Softube,Manley Variable Mu,varimu-other,vari-mu,10.0,2000.0,1.52
vari_comp,Softube,Manley Variable Mu,varimu-other,vari-mu,10.0,250.0,1.513
vari_comp,Softube,Manley Variable Mu,varimu-other,vari-mu,10.0,2500.0,1.521
vari_comp,Softube,Manley Variable Mu,varimu-other,vari-mu,10.0,31.5,1.304
vari_comp,Softube,Manley Variable Mu,varimu-other,vari-mu,10.0,315.0,1.515
vari_comp,Softube,Manley Variable Mu,varimu-other,vari-mu,10.0,3150.0,1.521
vari_comp,Softube,Manley Variable Mu,varimu-other,vari-mu,10.0,40.0,1.375
vari_comp,Softube,Manley Variable Mu,varimu-other,vari-mu,10.0,400.0,1.516
vari_comp,Softube,Manley Variable Mu,varimu-other,vari-mu,10.0,4000.0,1.522
vari_comp,Softube,Manley Variable Mu,varimu-other,vari-mu,10.0,50.0,1.423
vari_comp,Softube,Manley Variable Mu,varimu-other,vari-mu,10.0,500.0,1.517
vari_comp,Softube,Manley Variable Mu,varimu-other,vari-mu,10.0,5000.0,1.519
vari_comp,Softube,Manley Variable Mu,varimu-other,vari-mu,10.0,63.0,1.456
vari_comp,Softube,Manley Variable Mu,varimu-other,vari-mu,10.0,630.0,1.517
vari_comp,Softube,Manley Variable Mu,varimu-other,vari-mu,10.0,6300.0,1.515
vari_comp,Softube,Manley Variable Mu,varimu-other,vari-mu,10.0,80.0,1.479
vari_comp,Softube,Manley Variable Mu,varimu-other,vari-mu,10.0,800.0,1.518
vari_comp,Softube,Manley Variable Mu,varimu-other,vari-mu,10.0,8000.0,1.503
vari_comp,Softube,Manley Variable Mu,varimu-other,vari-mu,15.0,100.0,1.492
vari_comp,Softube,Manley Variable Mu,varimu-other,vari-mu,15.0,1000.0,1.518
vari_comp,Softube,Manley Variable Mu,varimu-other,vari-mu,15.0,10000.0,1.511
vari_comp,Softube,Manley Variable Mu,varimu-other,vari-mu,15.0,125.0,1.501
vari_comp,Softube,Manley Variable Mu,varimu-other,vari-mu,15.0,1250.0,1.519
vari_comp,Softube,Manley Variable Mu,varimu-other,vari-mu,15.0,12500.0,1.494
vari_comp,Softube,Manley Variable Mu,varimu-other,vari-mu,15.0,160.0,1.507
vari_comp,Softube,Manley Variable Mu,varimu-other,vari-mu,15.0,1600.0,1.519
vari_comp,Softube,Manley Variable Mu,varimu-other,vari-mu,15.0,200.0,1.51
vari_comp,Softube,Manley Variable Mu,varimu-other,vari-mu,15.0,2000.0,1.52
vari_comp,Softube,Manley Variable Mu,varimu-other,vari-mu,15.0,250.0,1.513
vari_comp,Softube,Manley Variable Mu,varimu-other,vari-mu,15.0,2500.0,1.521
vari_comp,Softube,Manley Variable Mu,varimu-other,vari-mu,15.0,31.5,1.304
vari_comp,Softube,Manley Variable Mu,varimu-other,vari-mu,15.0,315.0,1.515
vari_comp,Softube,Manley Variable Mu,varimu-other,vari-mu,15.0,3150.0,1.521
vari_comp,Softube,Manley Variable Mu,varimu-other,vari-mu,15.0,40.0,1.375
vari_comp,Softube,Manley Variable Mu,varimu-other,vari-mu,15.0,400.0,1.516
vari_comp,Softube,Manley Variable Mu,varimu-other,vari-mu,15.0,4000.0,1.522
vari_comp,Softube,Manley Variable Mu,varimu-other,vari-mu,15.0,50.0,1.423
vari_comp,Softube,Manley Variable Mu,varimu-other,vari-mu,15.0,500.0,1.517
vari_comp,Softube,Manley Variable Mu,varimu-other,vari-mu,15.0,5000.0,1.519
vari_comp,Softube,Manley Variable Mu,varimu-other,vari-mu,15.0,63.0,1.456
vari_comp,Softube,Manley Variable Mu,varimu-other,vari-mu,15.0,630.0,1.517
vari_comp,Softube,Manley Variable Mu,varimu-other,vari-mu,15.0,6300.0,1.515
vari_comp,Softube,Manley Variable Mu,varimu-other,vari-mu,15.0,80.0,1.479
vari_comp,Softube,Manley Variable Mu,varimu-other,vari-mu,15.0,800.0,1.518
vari_comp,Softube,Manley Variable Mu,varimu-other,vari-mu,15.0,8000.0,1.503
vari_comp,Softube,Manley Variable Mu,varimu-other,vari-mu,3.0,100.0,1.492
vari_comp,Softube,Manley Variable Mu,varimu-other,vari-mu,3.0,1000.0,1.518
vari_comp,Softube,Manley Variable Mu,varimu-other,vari-mu,3.0,10000.0,1.511
vari_comp,Softube,Manley Variable Mu,varimu-other,vari-mu,3.0,125.0,1.501
vari_comp,Softube,Manley Variable Mu,varimu-other,vari-mu,3.0,1250.0,1.519
vari_comp,Softube,Manley Variable Mu,varimu-other,vari-mu,3.0,12500.0,1.494
vari_comp,Softube,Manley Variable Mu,varimu-other,vari-mu,3.0,160.0,1.507
vari_comp,Softube,Manley Variable Mu,varimu-other,vari-mu,3.0,1600.0,1.519
vari_comp,Softube,Manley Variable Mu,varimu-other,vari-mu,3.0,200.0,1.51
vari_comp,Softube,Manley Variable Mu,varimu-other,vari-mu,3.0,2000.0,1.52
vari_comp,Softube,Manley Variable Mu,varimu-other,vari-mu,3.0,250.0,1.513
vari_comp,Softube,Manley Variable Mu,varimu-other,vari-mu,3.0,2500.0,1.521
vari_comp,Softube,Manley Variable Mu,varimu-other,vari-mu,3.0,31.5,1.304
vari_comp,Softube,Manley Variable Mu,varimu-other,vari-mu,3.0,315.0,1.515
vari_comp,Softube,Manley Variable Mu,varimu-other,vari-mu,3.0,3150.0,1.521
vari_comp,Softube,Manley Variable Mu,varimu-other,vari-mu,3.0,40.0,1.375
vari_comp,Softube,Manley Variable Mu,varimu-other,vari-mu,3.0,400.0,1.516
vari_comp,Softube,Manley Variable Mu,varimu-other,vari-mu,3.0,4000.0,1.522
vari_comp,Softube,Manley Variable Mu,varimu-other,vari-mu,3.0,50.0,1.423
vari_comp,Softube,Manley Variable Mu,varimu-other,vari-mu,3.0,500.0,1.517
vari_comp,Softube,Manley Variable Mu,varimu-other,vari-mu,3.0,5000.0,1.519
vari_comp,Softube,Manley Variable Mu,varimu-other,vari-mu,3.0,63.0,1.456
vari_comp,Softube,Manley Variable Mu,varimu-other,vari-mu,3.0,630.0,1.517
vari_comp,Softube,Manley Variable Mu,varimu-other,vari-mu,3.0,6300.0,1.515
vari_comp,Softube,Manley Variable Mu,varimu-other,vari-mu,3.0,80.0,1.479
vari_comp,Softube,Manley Variable Mu,varimu-other,vari-mu,3.0,800.0,1.518
vari_comp,Softube,Manley Variable Mu,varimu-other,vari-mu,3.0,8000.0,1.503
vari_comp,Softube,Manley Variable Mu,varimu-other,vari-mu,6.0,100.0,1.492
vari_comp,Softube,Manley Variable Mu,varimu-other,vari-mu,6.0,1000.0,1.518
vari_comp,Softube,Manley Variable Mu,varimu-other,vari-mu,6.0,10000.0,1.511
vari_comp,Softube,Manley Variable Mu,varimu-other,vari-mu,6.0,125.0,1.501
vari_comp,Softube,Manley Variable Mu,varimu-other,vari-mu,6.0,1250.0,1.519
vari_comp,Softube,Manley Variable Mu,varimu-other,vari-mu,6.0,12500.0,1.494
vari_comp,Softube,Manley Variable Mu,varimu-other,vari-mu,6.0,160.0,1.507
vari_comp,Softube,Manley Variable Mu,varimu-other,vari-mu,6.0,1600.0,1.519
vari_comp,Softube,Manley Variable Mu,varimu-other,vari-mu,6.0,200.0,1.51
vari_comp,Softube,Manley Variable Mu,varimu-other,vari-mu,6.0,2000.0,1.52
vari_comp,Softube,Manley Variable Mu,varimu-other,vari-mu,6.0,250.0,1.513
vari_comp,Softube,Manley Variable Mu,varimu-other,vari-mu,6.0,2500.0,1.521
vari_comp,Softube,Manley Variable Mu,varimu-other,vari-mu,6.0,31.5,1.304
vari_comp,Softube,Manley Variable Mu,varimu-other,vari-mu,6.0,315.0,1.515
vari_comp,Softube,Manley Variable Mu,varimu-other,vari-mu,6.0,3150.0,1.521
vari_comp,Softube,Manley Variable Mu,varimu-other,vari-mu,6.0,40.0,1.375
vari_comp,Softube,Manley Variable Mu,varimu-other,vari-mu,6.0,400.0,1.516
vari_comp,Softube,Manley Variable Mu,varimu-other,vari-mu,6.0,4000.0,1.522
vari_comp,Softube,Manley Variable Mu,varimu-other,vari-mu,6.0,50.0,1.423
vari_comp,Softube,Manley Variable Mu,varimu-other,vari-mu,6.0,500.0,1.517
vari_comp,Softube,Manley Variable Mu,varimu-other,vari-mu,6.0,5000.0,1.519
vari_comp,Softube,Manley Variable Mu,varimu-other,vari-mu,6.0,63.0,1.456
vari_comp,Softube,Manley Variable Mu,varimu-other,vari-mu,6.0,630.0,1.517
vari_comp,Softube,Manley Variable Mu,varimu-other,vari-mu,6.0,6300.0,1.515
vari_comp,Softube,Manley Variable Mu,varimu-other,vari-mu,6.0,80.0,1.479
vari_comp,Softube,Manley Variable Mu,varimu-other,vari-mu,6.0,800.0,1.518
vari_comp,Softube,Manley Variable Mu,varimu-other,vari-mu,6.0,8000.0,1.503
vc160,Softube,dbx 160 VU,vca-dbx160,vca,10.0,100.0,7.262
vc160,Softube,dbx 160 VU,vca-dbx160,vca,10.0,1000.0,7.502
vc160,Softube,dbx 160 VU,vca-dbx160,vca,10.0,10000.0,7.559
vc160,Softube,dbx 160 VU,vca-dbx160,vca,10.0,125.0,7.298
vc160,Softube,dbx 160 VU,vca-dbx160,vca,10.0,1250.0,7.382
vc160,Softube,dbx 160 VU,vca-dbx160,vca,10.0,12500.0,7.39
vc160,Softube,dbx 160 VU,vca-dbx160,vca,10.0,160.0,7.354
vc160,Softube,dbx 160 VU,vca-dbx160,vca,10.0,1600.0,7.282
vc160,Softube,dbx 160 VU,vca-dbx160,vca,10.0,200.0,7.374
vc160,Softube,dbx 160 VU,vca-dbx160,vca,10.0,2000.0,7.648
vc160,Softube,dbx 160 VU,vca-dbx160,vca,10.0,250.0,7.364
vc160,Softube,dbx 160 VU,vca-dbx160,vca,10.0,2500.0,7.389
vc160,Softube,dbx 160 VU,vca-dbx160,vca,10.0,31.5,6.301
vc160,Softube,dbx 160 VU,vca-dbx160,vca,10.0,315.0,7.383
vc160,Softube,dbx 160 VU,vca-dbx160,vca,10.0,3150.0,7.389
vc160,Softube,dbx 160 VU,vca-dbx160,vca,10.0,40.0,6.654
vc160,Softube,dbx 160 VU,vca-dbx160,vca,10.0,400.0,7.356
vc160,Softube,dbx 160 VU,vca-dbx160,vca,10.0,4000.0,7.759
vc160,Softube,dbx 160 VU,vca-dbx160,vca,10.0,50.0,6.897
vc160,Softube,dbx 160 VU,vca-dbx160,vca,10.0,500.0,7.381
vc160,Softube,dbx 160 VU,vca-dbx160,vca,10.0,5000.0,7.495
vc160,Softube,dbx 160 VU,vca-dbx160,vca,10.0,63.0,7.074
vc160,Softube,dbx 160 VU,vca-dbx160,vca,10.0,630.0,7.394
vc160,Softube,dbx 160 VU,vca-dbx160,vca,10.0,6300.0,7.389
vc160,Softube,dbx 160 VU,vca-dbx160,vca,10.0,80.0,7.191
vc160,Softube,dbx 160 VU,vca-dbx160,vca,10.0,800.0,7.452
vc160,Softube,dbx 160 VU,vca-dbx160,vca,10.0,8000.0,7.395
vc160,Softube,dbx 160 VU,vca-dbx160,vca,15.0,100.0,16.89
vc160,Softube,dbx 160 VU,vca-dbx160,vca,15.0,1000.0,17.131
vc160,Softube,dbx 160 VU,vca-dbx160,vca,15.0,10000.0,17.187
vc160,Softube,dbx 160 VU,vca-dbx160,vca,15.0,125.0,16.927
vc160,Softube,dbx 160 VU,vca-dbx160,vca,15.0,1250.0,17.011
vc160,Softube,dbx 160 VU,vca-dbx160,vca,15.0,12500.0,17.019
vc160,Softube,dbx 160 VU,vca-dbx160,vca,15.0,160.0,16.983
vc160,Softube,dbx 160 VU,vca-dbx160,vca,15.0,1600.0,16.911
vc160,Softube,dbx 160 VU,vca-dbx160,vca,15.0,200.0,17.003
vc160,Softube,dbx 160 VU,vca-dbx160,vca,15.0,2000.0,17.277
vc160,Softube,dbx 160 VU,vca-dbx160,vca,15.0,250.0,16.993
vc160,Softube,dbx 160 VU,vca-dbx160,vca,15.0,2500.0,17.018
vc160,Softube,dbx 160 VU,vca-dbx160,vca,15.0,31.5,15.93
vc160,Softube,dbx 160 VU,vca-dbx160,vca,15.0,315.0,17.012
vc160,Softube,dbx 160 VU,vca-dbx160,vca,15.0,3150.0,17.018
vc160,Softube,dbx 160 VU,vca-dbx160,vca,15.0,40.0,16.283
vc160,Softube,dbx 160 VU,vca-dbx160,vca,15.0,400.0,16.985
vc160,Softube,dbx 160 VU,vca-dbx160,vca,15.0,4000.0,17.387
vc160,Softube,dbx 160 VU,vca-dbx160,vca,15.0,50.0,16.527
vc160,Softube,dbx 160 VU,vca-dbx160,vca,15.0,500.0,17.01
vc160,Softube,dbx 160 VU,vca-dbx160,vca,15.0,5000.0,17.123
vc160,Softube,dbx 160 VU,vca-dbx160,vca,15.0,63.0,16.704
vc160,Softube,dbx 160 VU,vca-dbx160,vca,15.0,630.0,17.023
vc160,Softube,dbx 160 VU,vca-dbx160,vca,15.0,6300.0,17.019
vc160,Softube,dbx 160 VU,vca-dbx160,vca,15.0,80.0,16.821
vc160,Softube,dbx 160 VU,vca-dbx160,vca,15.0,800.0,17.08
vc160,Softube,dbx 160 VU,vca-dbx160,vca,15.0,8000.0,17.022
vc160,Softube,dbx 160 VU,vca-dbx160,vca,3.0,100.0,2.444
vc160,Softube,dbx 160 VU,vca-dbx160,vca,3.0,1000.0,2.685
vc160,Softube,dbx 160 VU,vca-dbx160,vca,3.0,10000.0,2.743
vc160,Softube,dbx 160 VU,vca-dbx160,vca,3.0,125.0,2.481
vc160,Softube,dbx 160 VU,vca-dbx160,vca,3.0,1250.0,2.566
vc160,Softube,dbx 160 VU,vca-dbx160,vca,3.0,12500.0,2.573
vc160,Softube,dbx 160 VU,vca-dbx160,vca,3.0,160.0,2.538
vc160,Softube,dbx 160 VU,vca-dbx160,vca,3.0,1600.0,2.465
vc160,Softube,dbx 160 VU,vca-dbx160,vca,3.0,200.0,2.557
vc160,Softube,dbx 160 VU,vca-dbx160,vca,3.0,2000.0,2.831
vc160,Softube,dbx 160 VU,vca-dbx160,vca,3.0,250.0,2.548
vc160,Softube,dbx 160 VU,vca-dbx160,vca,3.0,2500.0,2.573
vc160,Softube,dbx 160 VU,vca-dbx160,vca,3.0,31.5,1.482
vc160,Softube,dbx 160 VU,vca-dbx160,vca,3.0,315.0,2.567
vc160,Softube,dbx 160 VU,vca-dbx160,vca,3.0,3150.0,2.573
vc160,Softube,dbx 160 VU,vca-dbx160,vca,3.0,40.0,1.835
vc160,Softube,dbx 160 VU,vca-dbx160,vca,3.0,400.0,2.54
vc160,Softube,dbx 160 VU,vca-dbx160,vca,3.0,4000.0,2.942
vc160,Softube,dbx 160 VU,vca-dbx160,vca,3.0,50.0,2.078
vc160,Softube,dbx 160 VU,vca-dbx160,vca,3.0,500.0,2.565
vc160,Softube,dbx 160 VU,vca-dbx160,vca,3.0,5000.0,2.678
vc160,Softube,dbx 160 VU,vca-dbx160,vca,3.0,63.0,2.257
vc160,Softube,dbx 160 VU,vca-dbx160,vca,3.0,630.0,2.577
vc160,Softube,dbx 160 VU,vca-dbx160,vca,3.0,6300.0,2.573
vc160,Softube,dbx 160 VU,vca-dbx160,vca,3.0,80.0,2.374
vc160,Softube,dbx 160 VU,vca-dbx160,vca,3.0,800.0,2.635
vc160,Softube,dbx 160 VU,vca-dbx160,vca,3.0,8000.0,2.578
vc160,Softube,dbx 160 VU,vca-dbx160,vca,6.0,100.0,7.262
vc160,Softube,dbx 160 VU,vca-dbx160,vca,6.0,1000.0,7.502
vc160,Softube,dbx 160 VU,vca-dbx160,vca,6.0,10000.0,7.559
vc160,Softube,dbx 160 VU,vca-dbx160,vca,6.0,125.0,7.298
vc160,Softube,dbx 160 VU,vca-dbx160,vca,6.0,1250.0,7.382
vc160,Softube,dbx 160 VU,vca-dbx160,vca,6.0,12500.0,7.39
vc160,Softube,dbx 160 VU,vca-dbx160,vca,6.0,160.0,7.354
vc160,Softube,dbx 160 VU,vca-dbx160,vca,6.0,1600.0,7.282
vc160,Softube,dbx 160 VU,vca-dbx160,vca,6.0,200.0,7.374
vc160,Softube,dbx 160 VU,vca-dbx160,vca,6.0,2000.0,7.648
vc160,Softube,dbx 160 VU,vca-dbx160,vca,6.0,250.0,7.364
vc160,Softube,dbx 160 VU,vca-dbx160,vca,6.0,2500.0,7.389
vc160,Softube,dbx 160 VU,vca-dbx160,vca,6.0,31.5,6.301
vc160,Softube,dbx 160 VU,vca-dbx160,vca,6.0,315.0,7.383
vc160,Softube,dbx 160 VU,vca-dbx160,vca,6.0,3150.0,7.389
vc160,Softube,dbx 160 VU,vca-dbx160,vca,6.0,40.0,6.654
vc160,Softube,dbx 160 VU,vca-dbx160,vca,6.0,400.0,7.356
vc160,Softube,dbx 160 VU,vca-dbx160,vca,6.0,4000.0,7.759
vc160,Softube,dbx 160 VU,vca-dbx160,vca,6.0,50.0,6.897
vc160,Softube,dbx 160 VU,vca-dbx160,vca,6.0,500.0,7.381
vc160,Softube,dbx 160 VU,vca-dbx160,vca,6.0,5000.0,7.495
vc160,Softube,dbx 160 VU,vca-dbx160,vca,6.0,63.0,7.074
vc160,Softube,dbx 160 VU,vca-dbx160,vca,6.0,630.0,7.394
vc160,Softube,dbx 160 VU,vca-dbx160,vca,6.0,6300.0,7.389
vc160,Softube,dbx 160 VU,vca-dbx160,vca,6.0,80.0,7.191
vc160,Softube,dbx 160 VU,vca-dbx160,vca,6.0,800.0,7.452
vc160,Softube,dbx 160 VU,vca-dbx160,vca,6.0,8000.0,7.395
vc2a,Softube,Teletronix LA-2A,opto-la2a,opto,10.0,100.0,6.345
vc2a,Softube,Teletronix LA-2A,opto-la2a,opto,10.0,1000.0,9.685
vc2a,Softube,Teletronix LA-2A,opto-la2a,opto,10.0,10000.0,9.651
vc2a,Softube,Teletronix LA-2A,opto-la2a,opto,10.0,125.0,6.963
vc2a,Softube,Teletronix LA-2A,opto-la2a,opto,10.0,1250.0,9.811
vc2a,Softube,Teletronix LA-2A,opto-la2a,opto,10.0,12500.0,8.901
vc2a,Softube,Teletronix LA-2A,opto-la2a,opto,10.0,160.0,7.517
vc2a,Softube,Teletronix LA-2A,opto-la2a,opto,10.0,1600.0,10.001
vc2a,Softube,Teletronix LA-2A,opto-la2a,opto,10.0,200.0,7.887
vc2a,Softube,Teletronix LA-2A,opto-la2a,opto,10.0,2000.0,10.021
vc2a,Softube,Teletronix LA-2A,opto-la2a,opto,10.0,250.0,8.219
vc2a,Softube,Teletronix LA-2A,opto-la2a,opto,10.0,2500.0,10.266
vc2a,Softube,Teletronix LA-2A,opto-la2a,opto,10.0,31.5,2.645
vc2a,Softube,Teletronix LA-2A,opto-la2a,opto,10.0,315.0,8.531
vc2a,Softube,Teletronix LA-2A,opto-la2a,opto,10.0,3150.0,10.226
vc2a,Softube,Teletronix LA-2A,opto-la2a,opto,10.0,40.0,3.313
vc2a,Softube,Teletronix LA-2A,opto-la2a,opto,10.0,400.0,8.848
vc2a,Softube,Teletronix LA-2A,opto-la2a,opto,10.0,4000.0,10.258
vc2a,Softube,Teletronix LA-2A,opto-la2a,opto,10.0,50.0,3.987
vc2a,Softube,Teletronix LA-2A,opto-la2a,opto,10.0,500.0,9.1
vc2a,Softube,Teletronix LA-2A,opto-la2a,opto,10.0,5000.0,10.436
vc2a,Softube,Teletronix LA-2A,opto-la2a,opto,10.0,63.0,4.689
vc2a,Softube,Teletronix LA-2A,opto-la2a,opto,10.0,630.0,9.343
vc2a,Softube,Teletronix LA-2A,opto-la2a,opto,10.0,6300.0,10.365
vc2a,Softube,Teletronix LA-2A,opto-la2a,opto,10.0,80.0,5.505
vc2a,Softube,Teletronix LA-2A,opto-la2a,opto,10.0,800.0,9.535
vc2a,Softube,Teletronix LA-2A,opto-la2a,opto,10.0,8000.0,10.394
vc2a,Softube,Teletronix LA-2A,opto-la2a,opto,15.0,100.0,10.194
vc2a,Softube,Teletronix LA-2A,opto-la2a,opto,15.0,1000.0,14.537
vc2a,Softube,Teletronix LA-2A,opto-la2a,opto,15.0,10000.0,14.619
vc2a,Softube,Teletronix LA-2A,opto-la2a,opto,15.0,125.0,10.913
vc2a,Softube,Teletronix LA-2A,opto-la2a,opto,15.0,1250.0,14.697
vc2a,Softube,Teletronix LA-2A,opto-la2a,opto,15.0,12500.0,13.756
vc2a,Softube,Teletronix LA-2A,opto-la2a,opto,15.0,160.0,11.59
vc2a,Softube,Teletronix LA-2A,opto-la2a,opto,15.0,1600.0,14.877
vc2a,Softube,Teletronix LA-2A,opto-la2a,opto,15.0,200.0,12.148
vc2a,Softube,Teletronix LA-2A,opto-la2a,opto,15.0,2000.0,14.996
vc2a,Softube,Teletronix LA-2A,opto-la2a,opto,15.0,250.0,12.627
vc2a,Softube,Teletronix LA-2A,opto-la2a,opto,15.0,2500.0,15.076
vc2a,Softube,Teletronix LA-2A,opto-la2a,opto,15.0,31.5,4.554
vc2a,Softube,Teletronix LA-2A,opto-la2a,opto,15.0,315.0,13.12
vc2a,Softube,Teletronix LA-2A,opto-la2a,opto,15.0,3150.0,15.174
vc2a,Softube,Teletronix LA-2A,opto-la2a,opto,15.0,40.0,6.072
vc2a,Softube,Teletronix LA-2A,opto-la2a,opto,15.0,400.0,13.548
vc2a,Softube,Teletronix LA-2A,opto-la2a,opto,15.0,4000.0,15.157
vc2a,Softube,Teletronix LA-2A,opto-la2a,opto,15.0,50.0,7.299
vc2a,Softube,Teletronix LA-2A,opto-la2a,opto,15.0,500.0,13.921
vc2a,Softube,Teletronix LA-2A,opto-la2a,opto,15.0,5000.0,15.363
vc2a,Softube,Teletronix LA-2A,opto-la2a,opto,15.0,63.0,8.412
vc2a,Softube,Teletronix LA-2A,opto-la2a,opto,15.0,630.0,14.181
vc2a,Softube,Teletronix LA-2A,opto-la2a,opto,15.0,6300.0,15.313
vc2a,Softube,Teletronix LA-2A,opto-la2a,opto,15.0,80.0,9.389
vc2a,Softube,Teletronix LA-2A,opto-la2a,opto,15.0,800.0,14.385
vc2a,Softube,Teletronix LA-2A,opto-la2a,opto,15.0,8000.0,15.315
vc2a,Softube,Teletronix LA-2A,opto-la2a,opto,3.0,100.0,1.116
vc2a,Softube,Teletronix LA-2A,opto-la2a,opto,3.0,1000.0,2.452
vc2a,Softube,Teletronix LA-2A,opto-la2a,opto,3.0,10000.0,2.485
vc2a,Softube,Teletronix LA-2A,opto-la2a,opto,3.0,125.0,1.233
vc2a,Softube,Teletronix LA-2A,opto-la2a,opto,3.0,1250.0,2.646
vc2a,Softube,Teletronix LA-2A,opto-la2a,opto,3.0,12500.0,1.909
vc2a,Softube,Teletronix LA-2A,opto-la2a,opto,3.0,160.0,1.352
vc2a,Softube,Teletronix LA-2A,opto-la2a,opto,3.0,1600.0,2.649
vc2a,Softube,Teletronix LA-2A,opto-la2a,opto,3.0,200.0,1.465
vc2a,Softube,Teletronix LA-2A,opto-la2a,opto,3.0,2000.0,2.992
vc2a,Softube,Teletronix LA-2A,opto-la2a,opto,3.0,250.0,1.594
vc2a,Softube,Teletronix LA-2A,opto-la2a,opto,3.0,2500.0,2.979
vc2a,Softube,Teletronix LA-2A,opto-la2a,opto,3.0,31.5,0.246
vc2a,Softube,Teletronix LA-2A,opto-la2a,opto,3.0,315.0,1.745
vc2a,Softube,Teletronix LA-2A,opto-la2a,opto,3.0,3150.0,3.116
vc2a,Softube,Teletronix LA-2A,opto-la2a,opto,3.0,40.0,0.445
vc2a,Softube,Teletronix LA-2A,opto-la2a,opto,3.0,400.0,1.926
vc2a,Softube,Teletronix LA-2A,opto-la2a,opto,3.0,4000.0,2.893
vc2a,Softube,Teletronix LA-2A,opto-la2a,opto,3.0,50.0,0.634
vc2a,Softube,Teletronix LA-2A,opto-la2a,opto,3.0,500.0,2.084
vc2a,Softube,Teletronix LA-2A,opto-la2a,opto,3.0,5000.0,3.204
vc2a,Softube,Teletronix LA-2A,opto-la2a,opto,3.0,63.0,0.815
vc2a,Softube,Teletronix LA-2A,opto-la2a,opto,3.0,630.0,2.244
vc2a,Softube,Teletronix LA-2A,opto-la2a,opto,3.0,6300.0,3.066
vc2a,Softube,Teletronix LA-2A,opto-la2a,opto,3.0,80.0,0.982
vc2a,Softube,Teletronix LA-2A,opto-la2a,opto,3.0,800.0,2.352
vc2a,Softube,Teletronix LA-2A,opto-la2a,opto,3.0,8000.0,3.025
vc2a,Softube,Teletronix LA-2A,opto-la2a,opto,6.0,100.0,3.471
vc2a,Softube,Teletronix LA-2A,opto-la2a,opto,6.0,1000.0,5.803
vc2a,Softube,Teletronix LA-2A,opto-la2a,opto,6.0,10000.0,5.819
vc2a,Softube,Teletronix LA-2A,opto-la2a,opto,6.0,125.0,3.746
vc2a,Softube,Teletronix LA-2A,opto-la2a,opto,6.0,1250.0,5.923
vc2a,Softube,Teletronix LA-2A,opto-la2a,opto,6.0,12500.0,5.06
vc2a,Softube,Teletronix LA-2A,opto-la2a,opto,6.0,160.0,4.018
vc2a,Softube,Teletronix LA-2A,opto-la2a,opto,6.0,1600.0,5.965
vc2a,Softube,Teletronix LA-2A,opto-la2a,opto,6.0,200.0,4.256
vc2a,Softube,Teletronix LA-2A,opto-la2a,opto,6.0,2000.0,6.038
vc2a,Softube,Teletronix LA-2A,opto-la2a,opto,6.0,250.0,4.488
vc2a,Softube,Teletronix LA-2A,opto-la2a,opto,6.0,2500.0,6.439
vc2a,Softube,Teletronix LA-2A,opto-la2a,opto,6.0,31.5,1.386
vc2a,Softube,Teletronix LA-2A,opto-la2a,opto,6.0,315.0,4.739
vc2a,Softube,Teletronix LA-2A,opto-la2a,opto,6.0,3150.0,6.608
vc2a,Softube,Teletronix LA-2A,opto-la2a,opto,6.0,40.0,1.825
vc2a,Softube,Teletronix LA-2A,opto-la2a,opto,6.0,400.0,4.999
vc2a,Softube,Teletronix LA-2A,opto-la2a,opto,6.0,4000.0,6.394
vc2a,Softube,Teletronix LA-2A,opto-la2a,opto,6.0,50.0,2.274
vc2a,Softube,Teletronix LA-2A,opto-la2a,opto,6.0,500.0,5.246
vc2a,Softube,Teletronix LA-2A,opto-la2a,opto,6.0,5000.0,6.579
vc2a,Softube,Teletronix LA-2A,opto-la2a,opto,6.0,63.0,2.728
vc2a,Softube,Teletronix LA-2A,opto-la2a,opto,6.0,630.0,5.465
vc2a,Softube,Teletronix LA-2A,opto-la2a,opto,6.0,6300.0,6.537
vc2a,Softube,Teletronix LA-2A,opto-la2a,opto,6.0,80.0,3.148
vc2a,Softube,Teletronix LA-2A,opto-la2a,opto,6.0,800.0,5.621
vc2a,Softube,Teletronix LA-2A,opto-la2a,opto,6.0,8000.0,6.552
vc76,Softube,UREI 1176,fet-1176,fet,10.0,100.0,9.116
vc76,Softube,UREI 1176,fet-1176,fet,10.0,1000.0,9.162
vc76,Softube,UREI 1176,fet-1176,fet,10.0,10000.0,9.138
vc76,Softube,UREI 1176,fet-1176,fet,10.0,125.0,9.132
vc76,Softube,UREI 1176,fet-1176,fet,10.0,1250.0,9.167
vc76,Softube,UREI 1176,fet-1176,fet,10.0,12500.0,9.168
vc76,Softube,UREI 1176,fet-1176,fet,10.0,160.0,9.143
vc76,Softube,UREI 1176,fet-1176,fet,10.0,1600.0,9.172
vc76,Softube,UREI 1176,fet-1176,fet,10.0,200.0,9.15
vc76,Softube,UREI 1176,fet-1176,fet,10.0,2000.0,9.134
vc76,Softube,UREI 1176,fet-1176,fet,10.0,250.0,9.154
vc76,Softube,UREI 1176,fet-1176,fet,10.0,2500.0,9.168
vc76,Softube,UREI 1176,fet-1176,fet,10.0,31.5,8.749
vc76,Softube,UREI 1176,fet-1176,fet,10.0,315.0,9.157
vc76,Softube,UREI 1176,fet-1176,fet,10.0,3150.0,9.169
vc76,Softube,UREI 1176,fet-1176,fet,10.0,40.0,8.892
vc76,Softube,UREI 1176,fet-1176,fet,10.0,400.0,9.16
vc76,Softube,UREI 1176,fet-1176,fet,10.0,4000.0,9.25
vc76,Softube,UREI 1176,fet-1176,fet,10.0,50.0,8.988
vc76,Softube,UREI 1176,fet-1176,fet,10.0,500.0,9.163
vc76,Softube,UREI 1176,fet-1176,fet,10.0,5000.0,9.16
vc76,Softube,UREI 1176,fet-1176,fet,10.0,63.0,9.052
vc76,Softube,UREI 1176,fet-1176,fet,10.0,630.0,9.163
vc76,Softube,UREI 1176,fet-1176,fet,10.0,6300.0,9.17
vc76,Softube,UREI 1176,fet-1176,fet,10.0,80.0,9.092
vc76,Softube,UREI 1176,fet-1176,fet,10.0,800.0,9.167
vc76,Softube,UREI 1176,fet-1176,fet,10.0,8000.0,8.348
vc76,Softube,UREI 1176,fet-1176,fet,15.0,100.0,16.918
vc76,Softube,UREI 1176,fet-1176,fet,15.0,1000.0,16.959
vc76,Softube,UREI 1176,fet-1176,fet,15.0,10000.0,16.951
vc76,Softube,UREI 1176,fet-1176,fet,15.0,125.0,16.935
vc76,Softube,UREI 1176,fet-1176,fet,15.0,1250.0,16.964
vc76,Softube,UREI 1176,fet-1176,fet,15.0,12500.0,16.967
vc76,Softube,UREI 1176,fet-1176,fet,15.0,160.0,16.946
vc76,Softube,UREI 1176,fet-1176,fet,15.0,1600.0,16.956
vc76,Softube,UREI 1176,fet-1176,fet,15.0,200.0,16.953
vc76,Softube,UREI 1176,fet-1176,fet,15.0,2000.0,16.951
vc76,Softube,UREI 1176,fet-1176,fet,15.0,250.0,16.958
vc76,Softube,UREI 1176,fet-1176,fet,15.0,2500.0,16.967
vc76,Softube,UREI 1176,fet-1176,fet,15.0,31.5,16.522
vc76,Softube,UREI 1176,fet-1176,fet,15.0,315.0,16.96
vc76,Softube,UREI 1176,fet-1176,fet,15.0,3150.0,16.966
vc76,Softube,UREI 1176,fet-1176,fet,15.0,40.0,16.674
vc76,Softube,UREI 1176,fet-1176,fet,15.0,400.0,16.961
vc76,Softube,UREI 1176,fet-1176,fet,15.0,4000.0,17.046
vc76,Softube,UREI 1176,fet-1176,fet,15.0,50.0,16.777
vc76,Softube,UREI 1176,fet-1176,fet,15.0,500.0,16.963
vc76,Softube,UREI 1176,fet-1176,fet,15.0,5000.0,16.965
vc76,Softube,UREI 1176,fet-1176,fet,15.0,63.0,16.846
vc76,Softube,UREI 1176,fet-1176,fet,15.0,630.0,16.964
vc76,Softube,UREI 1176,fet-1176,fet,15.0,6300.0,16.966
vc76,Softube,UREI 1176,fet-1176,fet,15.0,80.0,16.891
vc76,Softube,UREI 1176,fet-1176,fet,15.0,800.0,16.965
vc76,Softube,UREI 1176,fet-1176,fet,15.0,8000.0,16.189
vc76,Softube,UREI 1176,fet-1176,fet,3.0,100.0,1.609
vc76,Softube,UREI 1176,fet-1176,fet,3.0,1000.0,1.651
vc76,Softube,UREI 1176,fet-1176,fet,3.0,10000.0,1.639
vc76,Softube,UREI 1176,fet-1176,fet,3.0,125.0,1.62
vc76,Softube,UREI 1176,fet-1176,fet,3.0,1250.0,1.648
vc76,Softube,UREI 1176,fet-1176,fet,3.0,12500.0,1.647
vc76,Softube,UREI 1176,fet-1176,fet,3.0,160.0,1.629
vc76,Softube,UREI 1176,fet-1176,fet,3.0,1600.0,1.659
vc76,Softube,UREI 1176,fet-1176,fet,3.0,200.0,1.633
vc76,Softube,UREI 1176,fet-1176,fet,3.0,2000.0,1.64
vc76,Softube,UREI 1176,fet-1176,fet,3.0,250.0,1.637
vc76,Softube,UREI 1176,fet-1176,fet,3.0,2500.0,1.648
vc76,Softube,UREI 1176,fet-1176,fet,3.0,31.5,1.36
vc76,Softube,UREI 1176,fet-1176,fet,3.0,315.0,1.64
vc76,Softube,UREI 1176,fet-1176,fet,3.0,3150.0,1.648
vc76,Softube,UREI 1176,fet-1176,fet,3.0,40.0,1.457
vc76,Softube,UREI 1176,fet-1176,fet,3.0,400.0,1.643
vc76,Softube,UREI 1176,fet-1176,fet,3.0,4000.0,1.709
vc76,Softube,UREI 1176,fet-1176,fet,3.0,50.0,1.521
vc76,Softube,UREI 1176,fet-1176,fet,3.0,500.0,1.645
vc76,Softube,UREI 1176,fet-1176,fet,3.0,5000.0,1.651
vc76,Softube,UREI 1176,fet-1176,fet,3.0,63.0,1.564
vc76,Softube,UREI 1176,fet-1176,fet,3.0,630.0,1.646
vc76,Softube,UREI 1176,fet-1176,fet,3.0,6300.0,1.648
vc76,Softube,UREI 1176,fet-1176,fet,3.0,80.0,1.592
vc76,Softube,UREI 1176,fet-1176,fet,3.0,800.0,1.646
vc76,Softube,UREI 1176,fet-1176,fet,3.0,8000.0,0.956
vc76,Softube,UREI 1176,fet-1176,fet,6.0,100.0,5.246
vc76,Softube,UREI 1176,fet-1176,fet,6.0,1000.0,5.291
vc76,Softube,UREI 1176,fet-1176,fet,6.0,10000.0,5.26
vc76,Softube,UREI 1176,fet-1176,fet,6.0,125.0,5.261
vc76,Softube,UREI 1176,fet-1176,fet,6.0,1250.0,5.292
vc76,Softube,UREI 1176,fet-1176,fet,6.0,12500.0,5.294
vc76,Softube,UREI 1176,fet-1176,fet,6.0,160.0,5.271
vc76,Softube,UREI 1176,fet-1176,fet,6.0,1600.0,5.303
vc76,Softube,UREI 1176,fet-1176,fet,6.0,200.0,5.277
vc76,Softube,UREI 1176,fet-1176,fet,6.0,2000.0,5.259
vc76,Softube,UREI 1176,fet-1176,fet,6.0,250.0,5.282
vc76,Softube,UREI 1176,fet-1176,fet,6.0,2500.0,5.294
vc76,Softube,UREI 1176,fet-1176,fet,6.0,31.5,4.917
vc76,Softube,UREI 1176,fet-1176,fet,6.0,315.0,5.284
vc76,Softube,UREI 1176,fet-1176,fet,6.0,3150.0,5.293
vc76,Softube,UREI 1176,fet-1176,fet,6.0,40.0,5.044
vc76,Softube,UREI 1176,fet-1176,fet,6.0,400.0,5.285
vc76,Softube,UREI 1176,fet-1176,fet,6.0,4000.0,5.37
vc76,Softube,UREI 1176,fet-1176,fet,6.0,50.0,5.129
vc76,Softube,UREI 1176,fet-1176,fet,6.0,500.0,5.287
vc76,Softube,UREI 1176,fet-1176,fet,6.0,5000.0,5.293
vc76,Softube,UREI 1176,fet-1176,fet,6.0,63.0,5.186
vc76,Softube,UREI 1176,fet-1176,fet,6.0,630.0,5.289
vc76,Softube,UREI 1176,fet-1176,fet,6.0,6300.0,5.293
vc76,Softube,UREI 1176,fet-1176,fet,6.0,80.0,5.224
vc76,Softube,UREI 1176,fet-1176,fet,6.0,800.0,5.289
vc76,Softube,UREI 1176,fet-1176,fet,6.0,8000.0,4.452
vcomp,Waves,Neve 2254 diode bridge,diode-neve,diode-bridge,10.0,100.0,9.958
vcomp,Waves,Neve 2254 diode bridge,diode-neve,diode-bridge,10.0,1000.0,9.964
vcomp,Waves,Neve 2254 diode bridge,diode-neve,diode-bridge,10.0,10000.0,9.971
vcomp,Waves,Neve 2254 diode bridge,diode-neve,diode-bridge,10.0,125.0,9.958
vcomp,Waves,Neve 2254 diode bridge,diode-neve,diode-bridge,10.0,1250.0,9.961
vcomp,Waves,Neve 2254 diode bridge,diode-neve,diode-bridge,10.0,12500.0,9.961
vcomp,Waves,Neve 2254 diode bridge,diode-neve,diode-bridge,10.0,160.0,9.959
vcomp,Waves,Neve 2254 diode bridge,diode-neve,diode-bridge,10.0,1600.0,9.959
vcomp,Waves,Neve 2254 diode bridge,diode-neve,diode-bridge,10.0,200.0,9.96
vcomp,Waves,Neve 2254 diode bridge,diode-neve,diode-bridge,10.0,2000.0,9.971
vcomp,Waves,Neve 2254 diode bridge,diode-neve,diode-bridge,10.0,250.0,9.96
vcomp,Waves,Neve 2254 diode bridge,diode-neve,diode-bridge,10.0,2500.0,9.961
vcomp,Waves,Neve 2254 diode bridge,diode-neve,diode-bridge,10.0,31.5,9.932
vcomp,Waves,Neve 2254 diode bridge,diode-neve,diode-bridge,10.0,315.0,9.96
vcomp,Waves,Neve 2254 diode bridge,diode-neve,diode-bridge,10.0,3150.0,9.961
vcomp,Waves,Neve 2254 diode bridge,diode-neve,diode-bridge,10.0,40.0,9.942
vcomp,Waves,Neve 2254 diode bridge,diode-neve,diode-bridge,10.0,400.0,9.961
vcomp,Waves,Neve 2254 diode bridge,diode-neve,diode-bridge,10.0,4000.0,9.995
vcomp,Waves,Neve 2254 diode bridge,diode-neve,diode-bridge,10.0,50.0,9.949
vcomp,Waves,Neve 2254 diode bridge,diode-neve,diode-bridge,10.0,500.0,9.961
vcomp,Waves,Neve 2254 diode bridge,diode-neve,diode-bridge,10.0,5000.0,9.964
vcomp,Waves,Neve 2254 diode bridge,diode-neve,diode-bridge,10.0,63.0,9.953
vcomp,Waves,Neve 2254 diode bridge,diode-neve,diode-bridge,10.0,630.0,9.96
vcomp,Waves,Neve 2254 diode bridge,diode-neve,diode-bridge,10.0,6300.0,9.96
vcomp,Waves,Neve 2254 diode bridge,diode-neve,diode-bridge,10.0,80.0,9.956
vcomp,Waves,Neve 2254 diode bridge,diode-neve,diode-bridge,10.0,800.0,9.962
vcomp,Waves,Neve 2254 diode bridge,diode-neve,diode-bridge,10.0,8000.0,9.353
vcomp,Waves,Neve 2254 diode bridge,diode-neve,diode-bridge,15.0,100.0,14.507
vcomp,Waves,Neve 2254 diode bridge,diode-neve,diode-bridge,15.0,1000.0,14.51
vcomp,Waves,Neve 2254 diode bridge,diode-neve,diode-bridge,15.0,10000.0,14.53
vcomp,Waves,Neve 2254 diode bridge,diode-neve,diode-bridge,15.0,125.0,14.508
vcomp,Waves,Neve 2254 diode bridge,diode-neve,diode-bridge,15.0,1250.0,14.511
vcomp,Waves,Neve 2254 diode bridge,diode-neve,diode-bridge,15.0,12500.0,14.512
vcomp,Waves,Neve 2254 diode bridge,diode-neve,diode-bridge,15.0,160.0,14.51
vcomp,Waves,Neve 2254 diode bridge,diode-neve,diode-bridge,15.0,1600.0,14.515
vcomp,Waves,Neve 2254 diode bridge,diode-neve,diode-bridge,15.0,200.0,14.511
vcomp,Waves,Neve 2254 diode bridge,diode-neve,diode-bridge,15.0,2000.0,14.53
vcomp,Waves,Neve 2254 diode bridge,diode-neve,diode-bridge,15.0,250.0,14.511
vcomp,Waves,Neve 2254 diode bridge,diode-neve,diode-bridge,15.0,2500.0,14.512
vcomp,Waves,Neve 2254 diode bridge,diode-neve,diode-bridge,15.0,31.5,14.463
vcomp,Waves,Neve 2254 diode bridge,diode-neve,diode-bridge,15.0,315.0,14.511
vcomp,Waves,Neve 2254 diode bridge,diode-neve,diode-bridge,15.0,3150.0,14.511
vcomp,Waves,Neve 2254 diode bridge,diode-neve,diode-bridge,15.0,40.0,14.48
vcomp,Waves,Neve 2254 diode bridge,diode-neve,diode-bridge,15.0,400.0,14.511
vcomp,Waves,Neve 2254 diode bridge,diode-neve,diode-bridge,15.0,4000.0,14.543
vcomp,Waves,Neve 2254 diode bridge,diode-neve,diode-bridge,15.0,50.0,14.492
vcomp,Waves,Neve 2254 diode bridge,diode-neve,diode-bridge,15.0,500.0,14.512
vcomp,Waves,Neve 2254 diode bridge,diode-neve,diode-bridge,15.0,5000.0,14.51
vcomp,Waves,Neve 2254 diode bridge,diode-neve,diode-bridge,15.0,63.0,14.499
vcomp,Waves,Neve 2254 diode bridge,diode-neve,diode-bridge,15.0,630.0,14.511
vcomp,Waves,Neve 2254 diode bridge,diode-neve,diode-bridge,15.0,6300.0,14.512
vcomp,Waves,Neve 2254 diode bridge,diode-neve,diode-bridge,15.0,80.0,14.504
vcomp,Waves,Neve 2254 diode bridge,diode-neve,diode-bridge,15.0,800.0,14.514
vcomp,Waves,Neve 2254 diode bridge,diode-neve,diode-bridge,15.0,8000.0,13.908
vcomp,Waves,Neve 2254 diode bridge,diode-neve,diode-bridge,3.0,100.0,2.977
vcomp,Waves,Neve 2254 diode bridge,diode-neve,diode-bridge,3.0,1000.0,2.978
vcomp,Waves,Neve 2254 diode bridge,diode-neve,diode-bridge,3.0,10000.0,2.972
vcomp,Waves,Neve 2254 diode bridge,diode-neve,diode-bridge,3.0,125.0,2.977
vcomp,Waves,Neve 2254 diode bridge,diode-neve,diode-bridge,3.0,1250.0,2.977
vcomp,Waves,Neve 2254 diode bridge,diode-neve,diode-bridge,3.0,12500.0,2.978
vcomp,Waves,Neve 2254 diode bridge,diode-neve,diode-bridge,3.0,160.0,2.977
vcomp,Waves,Neve 2254 diode bridge,diode-neve,diode-bridge,3.0,1600.0,2.963
vcomp,Waves,Neve 2254 diode bridge,diode-neve,diode-bridge,3.0,200.0,2.977
vcomp,Waves,Neve 2254 diode bridge,diode-neve,diode-bridge,3.0,2000.0,2.972
vcomp,Waves,Neve 2254 diode bridge,diode-neve,diode-bridge,3.0,250.0,2.977
vcomp,Waves,Neve 2254 diode bridge,diode-neve,diode-bridge,3.0,2500.0,2.978
vcomp,Waves,Neve 2254 diode bridge,diode-neve,diode-bridge,3.0,31.5,2.974
vcomp,Waves,Neve 2254 diode bridge,diode-neve,diode-bridge,3.0,315.0,2.977
vcomp,Waves,Neve 2254 diode bridge,diode-neve,diode-bridge,3.0,3150.0,2.977
vcomp,Waves,Neve 2254 diode bridge,diode-neve,diode-bridge,3.0,40.0,2.976
vcomp,Waves,Neve 2254 diode bridge,diode-neve,diode-bridge,3.0,400.0,2.978
vcomp,Waves,Neve 2254 diode bridge,diode-neve,diode-bridge,3.0,4000.0,3.033
vcomp,Waves,Neve 2254 diode bridge,diode-neve,diode-bridge,3.0,50.0,2.976
vcomp,Waves,Neve 2254 diode bridge,diode-neve,diode-bridge,3.0,500.0,2.978
vcomp,Waves,Neve 2254 diode bridge,diode-neve,diode-bridge,3.0,5000.0,2.978
vcomp,Waves,Neve 2254 diode bridge,diode-neve,diode-bridge,3.0,63.0,2.977
vcomp,Waves,Neve 2254 diode bridge,diode-neve,diode-bridge,3.0,630.0,2.977
vcomp,Waves,Neve 2254 diode bridge,diode-neve,diode-bridge,3.0,6300.0,2.978
vcomp,Waves,Neve 2254 diode bridge,diode-neve,diode-bridge,3.0,80.0,2.977
vcomp,Waves,Neve 2254 diode bridge,diode-neve,diode-bridge,3.0,800.0,2.977
vcomp,Waves,Neve 2254 diode bridge,diode-neve,diode-bridge,3.0,8000.0,2.435
vcomp,Waves,Neve 2254 diode bridge,diode-neve,diode-bridge,6.0,100.0,5.722
vcomp,Waves,Neve 2254 diode bridge,diode-neve,diode-bridge,6.0,1000.0,5.726
vcomp,Waves,Neve 2254 diode bridge,diode-neve,diode-bridge,6.0,10000.0,5.735
vcomp,Waves,Neve 2254 diode bridge,diode-neve,diode-bridge,6.0,125.0,5.722
vcomp,Waves,Neve 2254 diode bridge,diode-neve,diode-bridge,6.0,1250.0,5.723
vcomp,Waves,Neve 2254 diode bridge,diode-neve,diode-bridge,6.0,12500.0,5.723
vcomp,Waves,Neve 2254 diode bridge,diode-neve,diode-bridge,6.0,160.0,5.722
vcomp,Waves,Neve 2254 diode bridge,diode-neve,diode-bridge,6.0,1600.0,5.721
vcomp,Waves,Neve 2254 diode bridge,diode-neve,diode-bridge,6.0,200.0,5.723
vcomp,Waves,Neve 2254 diode bridge,diode-neve,diode-bridge,6.0,2000.0,5.734
vcomp,Waves,Neve 2254 diode bridge,diode-neve,diode-bridge,6.0,250.0,5.723
vcomp,Waves,Neve 2254 diode bridge,diode-neve,diode-bridge,6.0,2500.0,5.723
vcomp,Waves,Neve 2254 diode bridge,diode-neve,diode-bridge,6.0,31.5,5.709
vcomp,Waves,Neve 2254 diode bridge,diode-neve,diode-bridge,6.0,315.0,5.723
vcomp,Waves,Neve 2254 diode bridge,diode-neve,diode-bridge,6.0,3150.0,5.723
vcomp,Waves,Neve 2254 diode bridge,diode-neve,diode-bridge,6.0,40.0,5.714
vcomp,Waves,Neve 2254 diode bridge,diode-neve,diode-bridge,6.0,400.0,5.724
vcomp,Waves,Neve 2254 diode bridge,diode-neve,diode-bridge,6.0,4000.0,5.76
vcomp,Waves,Neve 2254 diode bridge,diode-neve,diode-bridge,6.0,50.0,5.717
vcomp,Waves,Neve 2254 diode bridge,diode-neve,diode-bridge,6.0,500.0,5.724
vcomp,Waves,Neve 2254 diode bridge,diode-neve,diode-bridge,6.0,5000.0,5.726
vcomp,Waves,Neve 2254 diode bridge,diode-neve,diode-bridge,6.0,63.0,5.719
vcomp,Waves,Neve 2254 diode bridge,diode-neve,diode-bridge,6.0,630.0,5.723
vcomp,Waves,Neve 2254 diode bridge,diode-neve,diode-bridge,6.0,6300.0,5.722
vcomp,Waves,Neve 2254 diode bridge,diode-neve,diode-bridge,6.0,80.0,5.721
vcomp,Waves,Neve 2254 diode bridge,diode-neve,diode-bridge,6.0,800.0,5.725
vcomp,Waves,Neve 2254 diode bridge,diode-neve,diode-bridge,6.0,8000.0,5.195
