slug,maker,models,group,element,gr_target_db,hz,thd_pct,h2,h3,h4,h5,h6,h7,h8
1176a,UAD,UREI 1176 Rev A bluestripe,fet-1176,fet,10.0,1000.0,0.10399392788569237,-61.09176956394826,-66.61096585169504,-73.73809490444712,-76.6785985355717,-79.31102707422572,-81.8694493414497,-84.5127843893274
1176a,UAD,UREI 1176 Rev A bluestripe,fet-1176,fet,10.0,220.0,0.3304382874485232,-51.51383612599392,-56.670360744435726,-60.68787710824697,-63.657413180872176,-66.34785814287845,-68.98854859293888,-71.73764420558302
1176a,UAD,UREI 1176 Rev A bluestripe,fet-1176,fet,10.0,5000.0,0.07705981343473557,-63.30696229094868,-69.06740257798079,-85.4033453783005,,,,
1176a,UAD,UREI 1176 Rev A bluestripe,fet-1176,fet,10.0,60.0,1.1648306471844891,-40.59904995193022,-45.74983344101207,-49.56814333003236,-52.5757987079292,-55.28949706111855,-57.96680145470684,-60.79707754602735
1176a,UAD,UREI 1176 Rev A bluestripe,fet-1176,fet,15.0,1000.0,0.12556958823967648,-59.34141399170994,-65.46296639299209,-71.82461931173219,-74.89052703337192,-77.68585496051672,-80.45387599082889,-83.37073667951776
1176a,UAD,UREI 1176 Rev A bluestripe,fet-1176,fet,15.0,220.0,0.4144145217357946,-49.48705915423623,-54.75911565074976,-58.77462682433365,-61.86411679069874,-64.7134437240443,-67.56090482864792,-70.57989311044936
1176a,UAD,UREI 1176 Rev A bluestripe,fet-1176,fet,15.0,5000.0,0.089742272567472,-61.767519252435086,-68.6904564519868,-83.44743932573856,,,,
1176a,UAD,UREI 1176 Rev A bluestripe,fet-1176,fet,15.0,60.0,1.4665162518674784,-38.536604112574075,-43.7669241075539,-47.66409372546309,-50.79861798416285,-53.68196046993478,-56.58496019384489,-59.704018738998805
1176a,UAD,UREI 1176 Rev A bluestripe,fet-1176,fet,3.0,1000.0,0.06022697195118168,-65.20534534539178,-73.12023184889254,-82.5448565500106,-85.16703842405047,-87.35174098195957,-89.34502292953007,-91.28740760522744
1176a,UAD,UREI 1176 Rev A bluestripe,fet-1176,fet,3.0,220.0,0.12516848711931747,-59.86056139133676,-65.4070266046139,-69.50610265539902,-72.14807800838769,-74.3859416395116,-76.45797669910182,-78.50940550997025
1176a,UAD,UREI 1176 Rev A bluestripe,fet-1176,fet,3.0,5000.0,0.05490830505815161,-65.78373904638782,-74.30850031192173,-94.00285364296865,,,,
1176a,UAD,UREI 1176 Rev A bluestripe,fet-1176,fet,3.0,60.0,0.41278199672466626,-49.79842555753584,-54.75376306584692,-58.32489042861152,-60.9955862087964,-63.23881716846312,-65.30399276269499,-67.39809829983268
1176a,UAD,UREI 1176 Rev A bluestripe,fet-1176,fet,6.0,1000.0,0.08581970154140167,-62.630120574378495,-68.4826286930289,-76.3021097864196,-79.12526604834565,-81.59702232825668,-83.94963521776525,-86.33253190648553
1176a,UAD,UREI 1176 Rev A bluestripe,fet-1176,fet,6.0,220.0,0.24624278536721877,-54.09773410556249,-59.235967667078384,-63.249129443312086,-66.09825277418615,-68.62465122353719,-71.05630302295368,-73.54204535863283
1176a,UAD,UREI 1176 Rev A bluestripe,fet-1176,fet,6.0,5000.0,0.06866597334751921,-64.21054933525926,-70.42755728955045,-87.9307621751871,,,,
1176a,UAD,UREI 1176 Rev A bluestripe,fet-1176,fet,6.0,60.0,0.8597030228525145,-43.30534063247522,-48.37698450810575,-52.10459474831178,-54.986703375004886,-57.527731084021184,-59.97885651388167,-62.53015554897256
1176ae,UAD,UREI 1176AE anniversary,fet-1176,fet,10.0,1000.0,0.34189032784477635,-53.54750385726078,-51.51304767838339,-72.45712495054057,-69.75980645518791,-78.56443927631642,-75.07384381244138,-83.05366987342359
1176ae,UAD,UREI 1176AE anniversary,fet-1176,fet,10.0,220.0,0.48059672968918493,-49.52080201245036,-50.065810636845185,-60.07021169510032,-62.882039800250844,-65.4490757783065,-66.87872216801559,-70.36898133054676
1176ae,UAD,UREI 1176AE anniversary,fet-1176,fet,10.0,5000.0,0.3320918222143529,-53.8833146379248,-51.5945242723545,-79.21703438024656,,,,
1176ae,UAD,UREI 1176AE anniversary,fet-1176,fet,10.0,60.0,1.2920707428401457,-40.1416713911141,-43.47997133107414,-48.99810113596988,-52.49107071682552,-54.4173769786711,-56.3853502621172,-59.451267774445256
1176ae,UAD,UREI 1176AE anniversary,fet-1176,fet,15.0,1000.0,0.18996509091603822,-61.10390988393877,-55.77725040504079,-70.36754042580114,-73.4187217647834,-76.39005742767165,-76.69720025453722,-81.37232408909915
1176ae,UAD,UREI 1176AE anniversary,fet-1176,fet,15.0,220.0,0.4897404890797692,-48.665769815733675,-51.558822792820195,-57.654310053609514,-60.89883250653651,-63.33660212376154,-65.60611040156495,-68.66819935534647
1176ae,UAD,UREI 1176AE anniversary,fet-1176,fet,15.0,5000.0,0.1611064811075435,-68.26843069011336,-56.1377877899021,-78.82839806756603,,,,
1176ae,UAD,UREI 1176AE anniversary,fet-1176,fet,15.0,60.0,1.6745212140882155,-37.54895046940105,-42.11446789367849,-46.573456592769006,-49.859028844707964,-52.342738279931766,-54.8247708580915,-57.830600495120656
1176ae,UAD,UREI 1176AE anniversary,fet-1176,fet,3.0,1000.0,0.48277633786516566,-47.591946341916376,-52.3895257515207,-78.76196511218845,-70.23395129947598,-86.26577999067024,-77.65506355561241,-89.33892802073215
1176ae,UAD,UREI 1176AE anniversary,fet-1176,fet,3.0,220.0,0.4980920226134479,-47.406991777574284,-52.07571936833719,-67.99041240034546,-68.00357845528276,-72.96319670857591,-72.79484240587661,-76.77289162453421
1176ae,UAD,UREI 1176AE anniversary,fet-1176,fet,3.0,5000.0,0.4809114651300189,-47.60099065384833,-52.405343727445015,-82.06507564042198,,,,
1176ae,UAD,UREI 1176AE anniversary,fet-1176,fet,3.0,60.0,0.6641122882405168,-45.53931946896371,-49.2941414988324,-56.965693595747,-60.13315144166014,-61.80209267212297,-63.02755366342366,-65.67706554693666
1176ae,UAD,UREI 1176AE anniversary,fet-1176,fet,6.0,1000.0,0.5053578735279234,-47.277855016645454,-51.76687666881997,-75.27921681708712,-69.85290399971892,-82.20621413551405,-76.31599553753895,-85.84106569548796
1176ae,UAD,UREI 1176AE anniversary,fet-1176,fet,6.0,220.0,0.5453607276723387,-46.78528865626434,-51.075623858037986,-63.79737904760513,-65.6292818705746,-68.97235475784528,-69.70788012430374,-73.23602085935865
1176ae,UAD,UREI 1176AE anniversary,fet-1176,fet,6.0,5000.0,0.502207130728257,-47.30333743398249,-51.80209798383572,-79.6299609401697,,,,
1176ae,UAD,UREI 1176AE anniversary,fet-1176,fet,6.0,60.0,0.9117190033661158,-43.03679492210623,-46.50991118250617,-52.7564085825141,-56.156574877877176,-57.8745906093519,-59.44483657048508,-62.22255846717937
1176ln,UAD,UREI 1176LN Rev E,fet-1176,fet,10.0,1000.0,0.09559325891291223,-62.80948632846963,-65.73611116581048,-72.092671638146,-75.10452802198336,-77.78741018674663,-80.40001679967199,-83.16821040144156
1176ln,UAD,UREI 1176LN Rev E,fet-1176,fet,10.0,220.0,0.39752887616407695,-49.91433932587335,-55.034268614133886,-59.035708566371355,-62.08317885869378,-64.81143324482797,-67.51230578575813,-70.40441643939354
1176ln,UAD,UREI 1176LN Rev E,fet-1176,fet,10.0,5000.0,0.043072504131243895,-72.64107443896744,-68.96116913303213,-83.91040500322572,,,,
1176ln,UAD,UREI 1176LN Rev E,fet-1176,fet,10.0,60.0,1.431713341728814,-38.73930287463578,-44.01715492207974,-47.90822392118902,-51.01893019280907,-53.75934150420193,-56.50796676987965,-59.55909992647463
1176ln,UAD,UREI 1176LN Rev E,fet-1176,fet,15.0,1000.0,0.14371246170704471,-57.98514713522071,-65.02568082841292,-70.83756460590844,-73.94654363670489,-76.75376397362056,-79.52679171089477,-82.51080734276981
1176ln,UAD,UREI 1176LN Rev E,fet-1176,fet,15.0,220.0,0.4763181424454589,-48.15969954381407,-53.77350830377161,-57.78386667404323,-60.923356516847285,-63.772280440427814,-66.63350551067838,-69.74236314769313
1176ln,UAD,UREI 1176LN Rev E,fet-1176,fet,15.0,5000.0,0.10346790281100501,-60.26880442401528,-69.02745213383746,-82.61269060757397,,,,
1176ln,UAD,UREI 1176LN Rev E,fet-1176,fet,15.0,60.0,1.6830734302811154,-37.24028072636627,-42.72420295738469,-46.67569876907837,-49.87980512008032,-52.7429509624519,-55.6677957829958,-58.95270252301672
1176ln,UAD,UREI 1176LN Rev E,fet-1176,fet,3.0,1000.0,0.061188792982877376,-65.2185275932145,-72.38261076141856,-81.42354712456365,-84.08310829593714,-86.26320164120332,-88.24227406748314,-90.22946270062448
1176ln,UAD,UREI 1176LN Rev E,fet-1176,fet,3.0,220.0,0.13923314611343318,-59.04137118255118,-64.2752065769801,-68.36798289481618,-71.06288363336259,-73.28755639324547,-75.35003487488056,-77.45970498997643
1176ln,UAD,UREI 1176LN Rev E,fet-1176,fet,3.0,5000.0,0.054142737127111394,-66.01601790417641,-73.72697073820412,-93.13505880695466,,,,
1176ln,UAD,UREI 1176LN Rev E,fet-1176,fet,3.0,60.0,0.47094232009828235,-48.67253065384763,-53.53192831045321,-57.16271034118958,-59.916928604881676,-62.131304000966516,-64.15769263070202,-66.34425549474109
1176ln,UAD,UREI 1176LN Rev E,fet-1176,fet,6.0,1000.0,0.06871077180216627,-65.57372240346997,-68.57126759301983,-75.7128892534524,-78.55642827355857,-81.00343766842201,-83.31439928518847,-85.70178756888262
1176ln,UAD,UREI 1176LN Rev E,fet-1176,fet,6.0,220.0,0.25757393457796557,-53.80764505729686,-58.693249854844964,-62.654044392425455,-65.53228341592822,-68.02258672411645,-70.41740306589722,-72.92337742020109
1176ln,UAD,UREI 1176LN Rev E,fet-1176,fet,6.0,5000.0,0.04068199582508539,-70.76460478776264,-70.97634746595472,-87.49865707288455,,,,
1176ln,UAD,UREI 1176LN Rev E,fet-1176,fet,6.0,60.0,0.9235768866350963,-42.68188090308638,-47.740884597124655,-51.49367235699082,-54.42686890391001,-56.91223138068012,-59.30888986766533,-61.92631631306061
api2500,Waves,API 2500,vca-api,vca,10.0,1000.0,0.002286367618488232,-138.20572821076576,-92.81721607973175,-152.07038126759352,-152.55342606934067,-159.21250067139323,-161.3982230861185,-163.87857751822168
api2500,Waves,API 2500,vca-api,vca,10.0,220.0,0.04692801647981439,-124.66684330053702,-66.5713851572326,-139.2712207266785,-119.56232477147125,-146.42158108541742,-138.4327893065464,-151.48841871509265
api2500,Waves,API 2500,vca-api,vca,10.0,5000.0,0.0001019514381084765,-151.26795765188422,-119.83557261190234,-161.18522114271997,,,,
api2500,Waves,API 2500,vca-api,vca,10.0,60.0,0.595066341543217,-109.03628597472449,-44.509539278964105,-127.79799403937743,-81.8151389442512,-136.1151241464508,-95.10367621820825,-139.64138174152333
api2500,Waves,API 2500,vca-api,vca,15.0,1000.0,0.002478006873223472,-147.73765429682652,-92.11796546035004,-161.67042403253913,-153.69979126515668,-168.88736363537927,-170.4932862568718,-173.35156032516707
api2500,Waves,API 2500,vca-api,vca,15.0,220.0,0.05079545100462707,-133.7248493616114,-65.88359001236486,-149.219605137666,-112.93410167306037,-156.14456929046418,-146.6054557918358,-161.12288311860004
api2500,Waves,API 2500,vca-api,vca,15.0,5000.0,0.00011797906481342636,-160.88855263734868,-118.56418301234834,-170.5160875401,,,,
api2500,Waves,API 2500,vca-api,vca,15.0,60.0,0.651607084754,-115.155151509913,-43.7217916776876,-135.04589038621745,-78.334698303852,-149.0700824955267,-102.18556003258539,-149.90761039750186
api2500,Waves,API 2500,vca-api,vca,3.0,1000.0,0.0015486462857474098,-132.86244168103906,-96.20210230044827,-146.69117700697316,-140.61080757315423,-153.83893869347082,-156.5570988611138,-158.64014214140803
api2500,Waves,API 2500,vca-api,vca,3.0,220.0,0.032041270542425684,-119.37188220745213,-69.88670967989849,-133.74500264187748,-106.96705540685672,-140.94593619673785,-132.15026012482082,-146.0562973243099
api2500,Waves,API 2500,vca-api,vca,3.0,5000.0,5.198833052154016e-05,-145.89769561418595,-125.72775258830369,-155.7204330279253,,,,
api2500,Waves,API 2500,vca-api,vca,3.0,60.0,0.3779247426172253,-104.57047276530135,-48.466256772562666,-122.56107352249607,-73.35263524363377,-128.75692598542835,-90.39499715767224,-133.48200759684173
api2500,Waves,API 2500,vca-api,vca,6.0,1000.0,0.0019135671996672599,-134.93670394219242,-94.36356318585956,-148.7718535836583,-145.2341990238075,-155.98684729129238,-158.52194172313,-160.58883069157122
api2500,Waves,API 2500,vca-api,vca,6.0,220.0,0.03938567052340208,-121.44587235961168,-68.09335475465333,-135.88419536540994,-114.57756775981522,-143.10142018483484,-134.15569264302002,-148.18375056583702
api2500,Waves,API 2500,vca-api,vca,6.0,5000.0,7.596060071460402e-05,-148.02656742735846,-122.40135430575435,-157.81100161333734,,,,
api2500,Waves,API 2500,vca-api,vca,6.0,60.0,0.4868302476693292,-106.29050335990634,-46.255036582880116,-124.43492304994835,-78.76279717064202,-131.72973963298932,-90.98386906221897,-135.79634617817328
api_vision_comp,UAD,API 527 channel compressor,vca-api,vca,10.0,1000.0,0.028355916211023735,-98.65573121720223,-71.84809854476286,-120.17307918362343,-80.02261437505229,-127.35267513441275,-83.02893835341294,-131.78316223988338
api_vision_comp,UAD,API 527 channel compressor,vca-api,vca,10.0,220.0,0.2010722751320044,-76.03059077352752,-53.976730529922506,-113.81360814915722,-79.73238102912103,-127.66161713201407,-83.04170151973034,-137.56996050092664
api_vision_comp,UAD,API 527 channel compressor,vca-api,vca,10.0,5000.0,0.017196765374440533,-93.5523025522133,-75.35767098520556,-110.57857519211544,,,,
api_vision_comp,UAD,API 527 channel compressor,vca-api,vca,10.0,60.0,1.948507209497551,-55.70709051264272,-34.26590971684679,-78.46601340495234,-56.90486661155906,-84.45049565181543,-63.3736733713965,-91.89380044248153
api_vision_comp,UAD,API 527 channel compressor,vca-api,vca,15.0,1000.0,0.028408127944951005,-98.00258825647548,-71.82989880604833,-120.20620945795906,-80.02259440198637,-127.37538545513019,-83.02909249478475,-131.82485560169064
api_vision_comp,UAD,API 527 channel compressor,vca-api,vca,15.0,220.0,0.20234641709655504,-74.95645059353285,-53.92881959805301,-112.66742787136734,-79.73144455375716,-127.23225156752895,-83.04205210480484,-138.0178820375771
api_vision_comp,UAD,API 527 channel compressor,vca-api,vca,15.0,5000.0,0.01719853548658516,-93.56019864250227,-75.35664449598022,-110.5756863766685,,,,
api_vision_comp,UAD,API 527 channel compressor,vca-api,vca,15.0,60.0,2.0335247354598858,-54.488190505924166,-33.89660640460506,-77.35999657841322,-57.45035702969328,-83.84664534906554,-63.52936329600194,-90.59194469961285
api_vision_comp,UAD,API 527 channel compressor,vca-api,vca,3.0,1000.0,0.02746620696147709,-101.51740520084714,-72.18668810471311,-120.07882834077499,-80.02276978163991,-127.30983801055461,-83.02869890960325,-131.80172474629165
api_vision_comp,UAD,API 527 channel compressor,vca-api,vca,3.0,220.0,0.18033329665660908,-82.0657875412237,-54.90766016596301,-120.25546006837303,-79.75334856170358,-128.1362491738807,-83.03156299828143,-135.54195971114535
api_vision_comp,UAD,API 527 channel compressor,vca-api,vca,3.0,5000.0,0.01716071690879257,-93.51144675469132,-75.37680596767574,-110.57478487624886,,,,
api_vision_comp,UAD,API 527 channel compressor,vca-api,vca,3.0,60.0,1.331987798031735,-62.761335173219834,-37.60690361288687,-83.54282914246915,-55.09819275550238,-88.8549425887288,-65.40346870006375,-99.55712513119485
api_vision_comp,UAD,API 527 channel compressor,vca-api,vca,6.0,1000.0,0.028036456418919428,-100.40144971991984,-71.96643407606568,-120.12280868999055,-80.02260791552143,-127.36014978915316,-83.0289826144181,-131.79121804562345
api_vision_comp,UAD,API 527 channel compressor,vca-api,vca,6.0,220.0,0.19356570080674582,-79.35373939042512,-54.29506484025331,-117.76704694416914,-79.73983916339523,-127.9541288896177,-83.03846192837855,-136.6609698146075
api_vision_comp,UAD,API 527 channel compressor,vca-api,vca,6.0,5000.0,0.017184306650707814,-93.52605576927546,-75.36446324039709,-110.57760509446518,,,,
api_vision_comp,UAD,API 527 channel compressor,vca-api,vca,6.0,60.0,1.6440333194389873,-59.484541850119086,-35.753365391815954,-81.29066727517053,-55.44565323102859,-86.33850852844786,-63.68316252769722,-95.6808067973839
aw_blockparty,Airwindows,blocky compressor,aw-comp,digital,10.0,1000.0,32.74373903746588,-183.56649207500098,-10.898782596660908,-193.03578733606884,-16.879196724909935,-193.29679677373042,-22.68089963072894,-198.46703140665454
aw_blockparty,Airwindows,blocky compressor,aw-comp,digital,10.0,220.0,32.22300243930679,-171.3376403307149,-10.993972535269146,-193.04107307231303,-17.166823847386432,-184.53872185787753,-22.93425471424158,-193.04467749126556
aw_blockparty,Airwindows,blocky compressor,aw-comp,digital,10.0,5000.0,30.699506942728927,-168.9270769778097,-10.2573719912847,-172.15304006799073,,,,
aw_blockparty,Airwindows,blocky compressor,aw-comp,digital,10.0,60.0,34.57521558690748,-188.9251490613519,-10.315095348818378,-187.72259529407737,-16.755129567801024,-189.52307424500043,-22.649601733664525,-188.18651114312866
aw_blockparty,Airwindows,blocky compressor,aw-comp,digital,15.0,1000.0,32.74373901637693,-179.6051429183082,-10.898782598242079,-189.25858477286963,-16.879196755321956,-184.08677136532145,-22.680899602422212,-186.45689080178047
aw_blockparty,Airwindows,blocky compressor,aw-comp,digital,15.0,220.0,32.22300246886535,-172.14046665498103,-10.99397253884593,-187.99752758450376,-17.166823792300494,-185.0133568112844,-22.934254703605493,-180.53832135659079
aw_blockparty,Airwindows,blocky compressor,aw-comp,digital,15.0,5000.0,30.699506919334517,-170.25370955802867,-10.257371997903741,-172.85324085745145,,,,
aw_blockparty,Airwindows,blocky compressor,aw-comp,digital,15.0,60.0,34.575215620575946,-184.73982628437574,-10.315095333870199,-191.535850511606,-16.75512957034168,-188.76667936478253,-22.649601793567314,-185.29489325967086
aw_blockparty,Airwindows,blocky compressor,aw-comp,digital,3.0,1000.0,6.305370945554217,-191.79230756689708,-25.333317221176248,-194.66132711951883,-30.19768067180847,-200.0,-40.38047090390435,-195.49323945182488
aw_blockparty,Airwindows,blocky compressor,aw-comp,digital,3.0,220.0,6.313336232864565,-194.3584834421194,-25.260896212885772,-190.72943230419273,-30.301499131578925,-189.43799369644785,-41.25011783836523,-183.6740876801738
aw_blockparty,Airwindows,blocky compressor,aw-comp,digital,3.0,5000.0,4.10581558069711,-181.28225545345558,-27.732011231234072,-178.1866781477891,,,,
aw_blockparty,Airwindows,blocky compressor,aw-comp,digital,3.0,60.0,6.332933694595473,-165.70760675027185,-25.2323108232154,-161.15217415294802,-30.27963932479825,-162.3807037989775,-41.22640659311926,-167.8791800717293
aw_blockparty,Airwindows,blocky compressor,aw-comp,digital,6.0,1000.0,20.54482197746124,-190.43147085688332,-13.882294640776125,-194.09824013636762,-31.912824296407134,-199.61985938569998,-31.799480025123582,-194.57668466291338
aw_blockparty,Airwindows,blocky compressor,aw-comp,digital,6.0,220.0,20.384773983922397,-182.3432082645095,-13.945256828920753,-182.87866118423122,-31.470599307160487,-192.11318001256,-32.79480216939115,-190.28640112645977
aw_blockparty,Airwindows,blocky compressor,aw-comp,digital,6.0,5000.0,19.465920095838896,-186.0648360330925,-14.214501273181234,-180.57534402511243,,,,
aw_blockparty,Airwindows,blocky compressor,aw-comp,digital,6.0,60.0,20.748991490894138,-127.02286922898136,-13.788010373778585,-129.56792012904947,-31.493699077859528,-143.98313072824556,-32.668765169764534,-144.5531650724153
aw_buttercomp2,Airwindows,bidirectional compressor,aw-comp,digital,10.0,1000.0,0.036506791058523426,-68.79213597579027,-140.87228555242265,-90.14597307923161,-158.07515258438593,-96.29643615155176,-169.29059202725756,-110.74994871364821
aw_buttercomp2,Airwindows,bidirectional compressor,aw-comp,digital,10.0,220.0,0.10666664605952776,-59.479066811382246,-114.33980743542276,-80.82846459530798,-129.98525920781623,-86.99304982772159,-150.78727080286373,-101.42011378811955
aw_buttercomp2,Airwindows,bidirectional compressor,aw-comp,digital,10.0,5000.0,0.01730533560789407,-75.26833371771905,-130.29875810872784,-96.58948231807385,,,,
aw_buttercomp2,Airwindows,bidirectional compressor,aw-comp,digital,10.0,60.0,0.1446352572057936,-56.84289801396571,-83.07845071371491,-78.94372400645203,-96.30350318547036,-82.85954216019076,-105.9535074307256,-101.9717781256266
aw_buttercomp2,Airwindows,bidirectional compressor,aw-comp,digital,15.0,1000.0,0.036506922676538156,-68.79210526196844,-140.90048017094182,-90.14587919723597,-158.0555548692696,-96.29631038688842,-168.4478284321071,-110.750276544654
aw_buttercomp2,Airwindows,bidirectional compressor,aw-comp,digital,15.0,220.0,0.10667148366538723,-59.47867279525713,-114.33932705628933,-80.82808467863883,-129.9859379595191,-86.99265281827871,-150.77041277120856,-101.41973160068743
aw_buttercomp2,Airwindows,bidirectional compressor,aw-comp,digital,15.0,5000.0,0.0173052807146365,-75.26836285747167,-130.30048895046667,-96.58929393042871,,,,
aw_buttercomp2,Airwindows,bidirectional compressor,aw-comp,digital,15.0,60.0,0.14459145987668828,-56.84553453156451,-83.07853022700681,-78.94659955956324,-96.30350295873414,-82.86174291079539,-105.95341051384344,-101.9758123922322
aw_buttercomp2,Airwindows,bidirectional compressor,aw-comp,digital,3.0,1000.0,0.036506893981394326,-68.79211289251298,-140.8870592978437,-90.14579651171518,-158.07701488416197,-96.29626926243017,-169.29479528151694,-110.7493110802996
aw_buttercomp2,Airwindows,bidirectional compressor,aw-comp,digital,3.0,220.0,0.10667150480147909,-59.478670867273706,-114.3403642164263,-80.82810737006106,-129.9931149881008,-86.99266511831405,-150.8492573201784,-101.419715482466
aw_buttercomp2,Airwindows,bidirectional compressor,aw-comp,digital,3.0,5000.0,0.017305285881059916,-75.26836026866494,-130.29309345509657,-96.58929389844864,,,,
aw_buttercomp2,Airwindows,bidirectional compressor,aw-comp,digital,3.0,60.0,0.1444976480066249,-56.85118510695357,-83.07842896046908,-78.95275599769803,-96.30357491948212,-82.86650532791467,-105.9533439633732,-101.98392493666901
aw_buttercomp2,Airwindows,bidirectional compressor,aw-comp,digital,6.0,1000.0,0.036506863745785434,-68.79211948932834,-140.878468307192,-90.14588330991492,-158.29332353012478,-96.29626886701243,-168.69884133826713,-110.74975686167915
aw_buttercomp2,Airwindows,bidirectional compressor,aw-comp,digital,6.0,220.0,0.10666897728141371,-59.4788766522807,-114.34131997941115,-80.82830424147653,-129.98151280128891,-86.99291240809048,-150.75103615463146,-101.42015987069504
aw_buttercomp2,Airwindows,bidirectional compressor,aw-comp,digital,6.0,5000.0,0.017305278717639837,-75.26836213170908,-130.28929756904606,-96.58953394788752,,,,
aw_buttercomp2,Airwindows,bidirectional compressor,aw-comp,digital,6.0,60.0,0.14456946344909552,-56.84685908361121,-83.0784429233648,-78.948057756958,-96.30343482899991,-82.86289857335646,-105.95367338169551,-101.97757398835924
aw_compresaturator,Airwindows,compression by saturation,aw-comp,digital,10.0,1000.0,1.2226515908005624,-124.49242299902464,-38.254170204379285,-135.16511334626048,-81.2417333867036,-152.3955096687467,-96.66848816792468,-140.8956230403072
aw_compresaturator,Airwindows,compression by saturation,aw-comp,digital,10.0,220.0,1.0959105829373226,-109.51456408489625,-39.20472776891903,-120.36789866899461,-83.33272833450819,-127.81139716901455,-87.66775928701436,-130.16981612058154
aw_compresaturator,Airwindows,compression by saturation,aw-comp,digital,10.0,5000.0,1.2867642082250756,-139.13104604062923,-37.8100205533599,-144.8609907558864,,,,
aw_compresaturator,Airwindows,compression by saturation,aw-comp,digital,10.0,60.0,1.0987001338009088,-95.70006783420331,-39.18636361502437,-107.27359546688596,-70.56510273326691,-115.477750854007,-76.66090749514973,-121.34898458861711
aw_compresaturator,Airwindows,compression by saturation,aw-comp,digital,15.0,1000.0,1.2229260700962086,-124.5668026545164,-38.25222054046748,-136.2883739529764,-81.2387607588642,-142.1709431992864,-96.66254033573593,-141.28337674581834
aw_compresaturator,Airwindows,compression by saturation,aw-comp,digital,15.0,220.0,1.0963847165045875,-108.78895363867697,-39.200970643932074,-120.94738529062118,-83.32936565157765,-129.65563451654123,-87.67361058600231,-128.75722184698785
aw_compresaturator,Airwindows,compression by saturation,aw-comp,digital,15.0,5000.0,1.2869482867146023,-138.93412796401338,-37.808778079345494,-145.69398567924256,,,,
aw_compresaturator,Airwindows,compression by saturation,aw-comp,digital,15.0,60.0,1.0989718757053408,-96.00917046399633,-39.18421619343125,-107.43973626095362,-70.5593260322711,-115.777404223429,-76.66630442810481,-120.52622224119595
aw_compresaturator,Airwindows,compression by saturation,aw-comp,digital,3.0,1000.0,0.7853774269463125,-124.46515889925566,-42.09865280380959,-137.08276861589036,-85.19807634664244,-143.2530522362501,-99.26412383850416,-150.69412367880105
aw_compresaturator,Airwindows,compression by saturation,aw-comp,digital,3.0,220.0,0.7125462294447021,-109.50928407009698,-42.9441418432029,-122.26410493422775,-84.31390550661479,-128.8797667082408,-90.03033350439624,-139.6742307747343
aw_compresaturator,Airwindows,compression by saturation,aw-comp,digital,3.0,5000.0,0.8092793046041264,-139.52347315054584,-41.83803131116241,-147.48796481056775,,,,
aw_compresaturator,Airwindows,compression by saturation,aw-comp,digital,3.0,60.0,0.7397563671900143,-96.48984014152205,-42.62393356052605,-108.80215594120672,-72.33615650502814,-117.3028769603245,-78.78160685488153,-121.97052195859948
aw_compresaturator,Airwindows,compression by saturation,aw-comp,digital,6.0,1000.0,1.223030580045703,-124.04557587676456,-38.251478315011184,-133.9964132528258,-81.23740594945747,-147.27384269926932,-96.66369305352802,-143.1550109069682
aw_compresaturator,Airwindows,compression by saturation,aw-comp,digital,6.0,220.0,1.0964031342440885,-109.05079968949735,-39.200824759684636,-120.09031366564342,-83.33347663703465,-127.54342711752315,-87.65859022571306,-132.49269045859293
aw_compresaturator,Airwindows,compression by saturation,aw-comp,digital,6.0,5000.0,1.2870884858350655,-138.82051064568242,-37.807831897016456,-144.70158517371348,,,,
aw_compresaturator,Airwindows,compression by saturation,aw-comp,digital,6.0,60.0,1.098885213897509,-95.89428678829702,-39.184908732173064,-107.49778149042285,-70.54941726438292,-115.80086730426429,-76.66919662581773,-120.69178618883448
aw_logical4,Airwindows,mastering compressor,aw-comp,digital,10.0,1000.0,0.29414407901373096,-169.0635928397641,-50.62885432789395,-183.51700119878203,-99.48846283412661,-182.52966484512177,-128.50965367232317,-195.98045431053492
aw_logical4,Airwindows,mastering compressor,aw-comp,digital,10.0,220.0,0.19631547095969562,-173.82779165251705,-54.142811775316304,-183.59923195124932,-88.65347700289034,-184.7027136828691,-94.89105432790379,-189.72826463400483
aw_logical4,Airwindows,mastering compressor,aw-comp,digital,10.0,5000.0,0.30512128718580306,-164.5155842931786,-50.31054984357782,-170.97048634938415,,,,
aw_logical4,Airwindows,mastering compressor,aw-comp,digital,10.0,60.0,0.9966374739415397,-110.58528702380742,-40.07616269714276,-136.5528764791514,-60.15892227099891,-144.53300398360918,-69.87283603734758,-149.17993777322746
aw_logical4,Airwindows,mastering compressor,aw-comp,digital,15.0,1000.0,0.27263840204316475,-166.32593452272891,-51.288315513474686,-185.81590050280496,-100.18476497684387,-180.07030214053395,-129.01862648485476,-189.68260035779568
aw_logical4,Airwindows,mastering compressor,aw-comp,digital,15.0,220.0,0.12204497680732669,-174.53857812175335,-58.27146610241976,-174.71864934427558,-95.10673640623494,-178.05723244719468,-94.805585009807,-182.87336445563565
aw_logical4,Airwindows,mastering compressor,aw-comp,digital,15.0,5000.0,0.2853763914541689,-176.39721773863175,-50.891639158785864,-184.95421327855044,,,,
aw_logical4,Airwindows,mastering compressor,aw-comp,digital,15.0,60.0,1.6901378768479751,-105.81734899993921,-35.48058729499358,-135.0755065254506,-56.12462228289111,-143.97807559514675,-69.39931970502084,-147.98563405164745
aw_logical4,Airwindows,mastering compressor,aw-comp,digital,3.0,1000.0,0.29765985500947,-172.08170128381977,-50.52564820375136,-180.3076969328919,-99.62298246408862,-182.64747066342335,-129.20481944707734,-191.45312427183467
aw_logical4,Airwindows,mastering compressor,aw-comp,digital,3.0,220.0,0.23664696182081538,-157.70965084986747,-52.519142604414306,-171.21981669926467,-88.93931282240708,-177.8642004030689,-96.56393091459952,-189.3622470045829
aw_logical4,Airwindows,mastering compressor,aw-comp,digital,3.0,5000.0,0.30453603422153974,-173.27340680271396,-50.32722624205961,-173.92013626843345,,,,
aw_logical4,Airwindows,mastering compressor,aw-comp,digital,3.0,60.0,0.5148732835466033,-116.25616628512469,-45.844958474000286,-139.1616559356819,-63.799280713898405,-146.60074900203622,-72.1672706989681,-151.46385192178624
aw_logical4,Airwindows,mastering compressor,aw-comp,digital,6.0,1000.0,0.29414397550216137,-169.15562012415504,-50.628857381691255,-183.17496158547524,-99.48869139372525,-180.62168450670313,-128.50369861362998,-184.40633087156425
aw_logical4,Airwindows,mastering compressor,aw-comp,digital,6.0,220.0,0.19631527344080177,-174.06615424318133,-54.142820519932954,-179.2548725245308,-88.6534475984959,-179.6805497010862,-94.89115840253857,-185.24567126391887
aw_logical4,Airwindows,mastering compressor,aw-comp,digital,6.0,5000.0,0.3051024087469872,-164.93382778445337,-50.31108727283758,-184.30995379120614,,,,
aw_logical4,Airwindows,mastering compressor,aw-comp,digital,6.0,60.0,0.9966368371401488,-110.58716828617318,-40.076168496137925,-136.53991766079025,-60.158892582611294,-144.55596210745847,-69.8729336024092,-149.00465552759027
aw_pop2,Airwindows,transient-preserving comp,aw-comp,digital,10.0,1000.0,0.3419931511273541,-191.02269019041046,-49.62368718189352,-195.04280063729553,-61.19471968546125,-193.37403371684428,-75.04591868769582,-200.0
aw_pop2,Airwindows,transient-preserving comp,aw-comp,digital,10.0,220.0,1.5275016457965267,-162.90841502646458,-36.59429371589985,-182.76044049472836,-48.53423834476624,-179.03534135936036,-66.05778602028306,-193.8034335232121
aw_pop2,Airwindows,transient-preserving comp,aw-comp,digital,10.0,5000.0,0.10690241338527262,-194.51261675752528,-59.42024980451038,-192.37960854145433,,,,
aw_pop2,Airwindows,transient-preserving comp,aw-comp,digital,10.0,60.0,5.617751083335252,-119.1059962954485,-25.293034142738648,-135.94283802218573,-37.07265143333576,-136.94150002722472,-54.25978783121999,-142.5321909243645
aw_pop2,Airwindows,transient-preserving comp,aw-comp,digital,15.0,1000.0,0.2842766770318772,-184.80575581688038,-51.624966255597336,-200.0,-60.15122292846563,-190.53990489887153,-66.25450607278624,-195.07425331965703
aw_pop2,Airwindows,transient-preserving comp,aw-comp,digital,15.0,220.0,1.2288387699590626,-159.90421135993748,-38.87558515626329,-200.0,-47.56915190112859,-189.14602104565017,-54.032517859300796,-186.80289675551296
aw_pop2,Airwindows,transient-preserving comp,aw-comp,digital,15.0,5000.0,0.1778649136523275,-189.29107980057643,-54.99819428284377,-185.82705452775792,,,,
aw_pop2,Airwindows,transient-preserving comp,aw-comp,digital,15.0,60.0,4.534629361805314,-117.4031781012667,-27.55080974405914,-137.8697264409263,-36.13541469291265,-143.69903671621586,-42.57957599730531,-144.1370354954872
aw_pop2,Airwindows,transient-preserving comp,aw-comp,digital,3.0,1000.0,0.08080139375466096,-192.17904727791452,-63.91215347761927,-186.90887826909818,-66.2437217956107,-193.06839076126028,-80.37902829574934,-188.72252416258593
aw_pop2,Airwindows,transient-preserving comp,aw-comp,digital,3.0,220.0,0.35625602526062633,-191.09287253260564,-50.910984408609096,-196.40309312786823,-53.540290694146165,-189.94928197433552,-68.00037947065204,-192.93380456526162
aw_pop2,Airwindows,transient-preserving comp,aw-comp,digital,3.0,5000.0,0.037211187751516904,-197.36069860436132,-68.58652934845735,-194.28638812576713,,,,
aw_pop2,Airwindows,transient-preserving comp,aw-comp,digital,3.0,60.0,1.3247066001618553,-127.09224526491079,-39.48338176801295,-124.28468740140742,-42.16740674758715,-131.74566660533276,-56.690027937477645,-143.99367903744522
aw_pop2,Airwindows,transient-preserving comp,aw-comp,digital,6.0,1000.0,0.24648821337304946,-175.33687784539094,-52.89640522200682,-198.42793928518418,-61.38288630837781,-187.72137037587544,-66.66579020628363,-192.28989416230917
aw_pop2,Airwindows,transient-preserving comp,aw-comp,digital,6.0,220.0,1.060327154189793,-160.56997427875913,-40.17005006269078,-181.72806443755866,-48.947053299905996,-197.67657543980644,-54.52770222476805,-190.04005185397472
aw_pop2,Airwindows,transient-preserving comp,aw-comp,digital,6.0,5000.0,0.18741921545226786,-188.99518527825882,-54.543717688701236,-191.65951678513719,,,,
aw_pop2,Airwindows,transient-preserving comp,aw-comp,digital,6.0,60.0,3.904646155501909,-118.29821897840583,-28.862181231264877,-137.58905539504784,-37.53928801778949,-147.07036521076395,-43.108427708785285,-150.03333305934152
aw_pressure5,Airwindows,peak compressor,aw-comp,digital,10.0,1000.0,4.532528544908428,-193.08034028637465,-27.50089308914648,-192.18426891347355,-35.733369975376114,-194.04792569339034,-50.28054852185286,-195.92412376049418
aw_pressure5,Airwindows,peak compressor,aw-comp,digital,10.0,220.0,5.6562748295897,-197.55557171463235,-26.382088637018093,-192.80794086650758,-31.205984431186224,-194.8843957130458,-38.493165066345625,-191.32156961663395
aw_pressure5,Airwindows,peak compressor,aw-comp,digital,10.0,5000.0,6.087096608368313,-200.0,-24.31179611000861,-200.0,,,,
aw_pressure5,Airwindows,peak compressor,aw-comp,digital,10.0,60.0,10.967586347708188,-188.10457913655952,-20.108091226427838,-189.77215499844516,-26.82935065220438,-193.01424739874162,-37.002993645827715,-192.9507959274562
aw_pressure5,Airwindows,peak compressor,aw-comp,digital,15.0,1000.0,0.3558705264734504,-185.8958339285957,-50.16038672022222,-199.3515682882023,-57.16697772159953,-196.61180787611752,-59.558732833532986,-193.49604865938363
aw_pressure5,Airwindows,peak compressor,aw-comp,digital,15.0,220.0,1.236459504453202,-189.92998772188338,-38.83379053522868,-189.4242871588918,-47.63117502003951,-187.90250869395987,-53.164555109481796,-184.32941385754458
aw_pressure5,Airwindows,peak compressor,aw-comp,digital,15.0,5000.0,0.3335013585827479,-194.05736033483154,-49.53804785121327,-187.49884359542096,,,,
aw_pressure5,Airwindows,peak compressor,aw-comp,digital,15.0,60.0,4.439696109830383,-190.67854171379153,-27.773808527608033,-199.33739318675538,-36.289972917129354,-192.96384797505684,-41.77180922663905,-193.71916157407202
aw_pressure5,Airwindows,peak compressor,aw-comp,digital,3.0,1000.0,18.679511044208265,-195.08927602940784,-14.66321379267162,-190.0183165017608,-40.710562607436046,-199.6632764979359,-31.973225755624732,-200.0
aw_pressure5,Airwindows,peak compressor,aw-comp,digital,3.0,220.0,18.941150581162294,-200.0,-14.556236844678981,-200.0,-41.595655073044355,-189.59245228885638,-31.064525837773708,-199.31032322686212
aw_pressure5,Airwindows,peak compressor,aw-comp,digital,3.0,5000.0,16.204752337393835,-197.74453162663778,-15.807152040954033,-196.33699531553415,,,,
aw_pressure5,Airwindows,peak compressor,aw-comp,digital,3.0,60.0,18.954438752552658,-200.0,-14.55090332375853,-192.07773339063863,-41.6076748308086,-192.79612191911485,-31.023062239741158,-187.43038241163217
aw_pressure5,Airwindows,peak compressor,aw-comp,digital,6.0,1000.0,17.348152616416172,-194.2206074242783,-15.290737856829889,-200.0,-56.011947000216445,-189.96117731341596,-32.85472890407874,-197.8578355657623
aw_pressure5,Airwindows,peak compressor,aw-comp,digital,6.0,220.0,18.03301357050017,-193.00354190022827,-14.98795121269503,-191.4249978002328,-58.37458259300789,-193.76481539676655,-30.93194653073644,-190.61517926751787
aw_pressure5,Airwindows,peak compressor,aw-comp,digital,6.0,5000.0,14.943176065388506,-190.46099832584602,-16.511141730363196,-200.0,,,,
aw_pressure5,Airwindows,peak compressor,aw-comp,digital,6.0,60.0,18.8246036526824,-195.6949328603223,-14.610894110704658,-191.9268683399507,-42.790068669447486,-196.57330006008382,-30.984583480151706,-200.0
aw_purestsquish,Airwindows,minimal compressor,aw-comp,digital,10.0,1000.0,1.180921495764878,-166.96652024063093,-38.61814713038746,-175.82400336469283,-59.084044337456056,-185.0121476048679,-61.192270291167425,-187.83655301727993
aw_purestsquish,Airwindows,minimal compressor,aw-comp,digital,10.0,220.0,3.6718437693612516,-196.0317527099806,-29.09097307330766,-196.51720017807148,-41.15615516758535,-197.9299907363176,-44.11306861009591,-198.86748256166325
aw_purestsquish,Airwindows,minimal compressor,aw-comp,digital,10.0,5000.0,0.1949793879455059,-184.8602720170831,-54.20022594451147,-185.35293685153565,,,,
aw_purestsquish,Airwindows,minimal compressor,aw-comp,digital,10.0,60.0,1.1945556392011702,-103.43613402093143,-41.731785766500316,-116.92707805554403,-42.708045242859775,-124.6576119034308,-46.58027644649894,-130.54904086874996
aw_purestsquish,Airwindows,minimal compressor,aw-comp,digital,15.0,1000.0,2.381733881355174,-186.35569772294218,-32.769569740954054,-191.10438265215012,-44.36430124298169,-193.93130405965766,-56.65438340135675,-190.2627803675809
aw_purestsquish,Airwindows,minimal compressor,aw-comp,digital,15.0,220.0,12.256166443243863,-148.15057637460137,-18.324960543989757,-157.82914999262377,-35.51843991428773,-165.68794893516144,-44.6344575678426,-184.99970155982027
aw_purestsquish,Airwindows,minimal compressor,aw-comp,digital,15.0,5000.0,0.42629652926443923,-200.0,-47.40576406380323,-196.66440234115169,,,,
aw_purestsquish,Airwindows,minimal compressor,aw-comp,digital,15.0,60.0,10.594967657414015,-124.35484390237961,-20.755901979045074,-138.00211464488032,-26.583180176543486,-137.9810383951081,-32.03038629399117,-139.18739183811428
aw_purestsquish,Airwindows,minimal compressor,aw-comp,digital,3.0,1000.0,0.30282758719994224,-176.78459639035293,-51.060070148228036,-171.8398221563375,-59.24706385425485,-185.52221739018873,-68.32745135080773,-182.1243332799346
aw_purestsquish,Airwindows,minimal compressor,aw-comp,digital,3.0,220.0,0.3566446520106338,-183.64219691906402,-50.81738509956476,-192.14271777895593,-53.8348760681673,-187.83615401388334,-65.23195276419229,-185.10698129934946
aw_purestsquish,Airwindows,minimal compressor,aw-comp,digital,3.0,5000.0,0.06183966569288309,-196.74149663650536,-64.17465733785222,-196.5852685400838,,,,
aw_purestsquish,Airwindows,minimal compressor,aw-comp,digital,3.0,60.0,0.000959992398888902,-101.17039122380157,-109.79100527755327,-115.15014404204311,-119.20041854911402,-122.50640633415591,-125.26921708511439,-127.61585931827169
aw_purestsquish,Airwindows,minimal compressor,aw-comp,digital,6.0,1000.0,0.3028275885806767,-176.02775458830712,-51.06007032805106,-171.71608931326642,-59.24706236812902,-184.76756533961148,-68.32745132030567,-189.77794218232705
aw_purestsquish,Airwindows,minimal compressor,aw-comp,digital,6.0,220.0,0.3566446329454878,-189.09410309001345,-50.81738565607228,-198.5668827761324,-53.83487658710501,-188.64589057846504,-65.23194992755458,-186.45273466301344
aw_purestsquish,Airwindows,minimal compressor,aw-comp,digital,6.0,5000.0,0.061839667939219495,-200.0,-64.17465702233544,-200.0,,,,
aw_purestsquish,Airwindows,minimal compressor,aw-comp,digital,6.0,60.0,0.0009599846902339582,-101.1706834235232,-109.79004019377422,-115.14830859716993,-119.20144219165734,-122.50538915399737,-125.26467548232006,-127.61897049277667
bx_opto,Brainworx,opto pedal,opto-other,opto,10.0,1000.0,0.042936332397740654,-200.0,-67.62064610704853,-200.0,-79.56192183892867,-200.0,-94.74153448341886,-200.0
bx_opto,Brainworx,opto pedal,opto-other,opto,10.0,220.0,0.19462804610055023,-200.0,-54.48804715852552,-200.0,-66.50768851351782,-200.0,-81.79218891882914,-200.0
bx_opto,Brainworx,opto pedal,opto-other,opto,10.0,5000.0,0.00902623867540977,-200.0,-80.8898637375163,-200.0,,,,
bx_opto,Brainworx,opto pedal,opto-other,opto,10.0,60.0,0.7109768287167882,-200.0,-43.23451579071586,-200.0,-55.26609421362187,-200.0,-70.44108556049088,-200.0
bx_opto,Brainworx,opto pedal,opto-other,opto,15.0,1000.0,0.10618793498797932,-200.0,-59.6770178326816,-200.0,-73.0295691275431,-200.0,-92.18629839222206,-200.0
bx_opto,Brainworx,opto pedal,opto-other,opto,15.0,220.0,0.4812469352770137,-200.0,-46.54778521968525,-200.0,-59.97745590178227,-200.0,-79.05855100534352,-200.0
bx_opto,Brainworx,opto pedal,opto-other,opto,15.0,5000.0,0.022472605581820612,-200.0,-72.96693140946938,-200.0,,,,
bx_opto,Brainworx,opto pedal,opto-other,opto,15.0,60.0,1.7478428354680735,-200.0,-35.34500763935431,-200.0,-48.80411160244023,-200.0,-66.07122750951518,-200.0
bx_opto,Brainworx,opto pedal,opto-other,opto,3.0,1000.0,0.003377825039280209,-141.0834047984199,-89.85297132017104,-154.9637943263865,-100.03263009056688,-162.0457334378067,-111.38087439572239,-167.10762149086935
bx_opto,Brainworx,opto pedal,opto-other,opto,3.0,220.0,0.015306952491468183,-127.97903661636985,-76.71957774223469,-141.90707469024693,-86.98131016139197,-149.3787117938591,-98.45317133030873,-154.26634403491573
bx_opto,Brainworx,opto pedal,opto-other,opto,3.0,5000.0,0.000700544378189508,-154.221055989241,-103.09132380509935,-164.19522331982765,,,,
bx_opto,Brainworx,opto pedal,opto-other,opto,3.0,60.0,0.05598935081801532,-116.73628794502702,-65.45486054102714,-130.638185137217,-75.72043682901193,-138.0689491736276,-87.19740348208435,-143.16107352946497
bx_opto,Brainworx,opto pedal,opto-other,opto,6.0,1000.0,0.014329086131968297,-200.0,-77.22944872772445,-200.0,-88.15683368021857,-200.0,-101.09286309040547,-200.0
bx_opto,Brainworx,opto pedal,opto-other,opto,6.0,220.0,0.06494358201427339,-200.0,-64.09647255713243,-200.0,-75.10359835227165,-200.0,-88.15802987533408,-200.0
bx_opto,Brainworx,opto pedal,opto-other,opto,6.0,5000.0,0.0029914355633064143,-198.51743218362944,-90.4824069519818,-200.0,,,,
bx_opto,Brainworx,opto pedal,opto-other,opto,6.0,60.0,0.23749757340158906,-200.0,-52.833622414334805,-200.0,-63.84577169007894,-200.0,-76.9017569598237,-200.0
c1_comp,Waves,clean digital,digital,digital,10.0,1000.0,0.005765619268999458,-200.0,-85.3275729006978,-200.0,-95.16308899992352,-200.0,-100.59821799691665,-200.0
c1_comp,Waves,clean digital,digital,digital,10.0,220.0,0.1128084838958564,-200.0,-59.33797430190816,-200.0,-70.78668986588912,-200.0,-76.11284843412078,-200.0
c1_comp,Waves,clean digital,digital,digital,10.0,5000.0,0.0002649682245897376,-200.0,-111.53612408449389,-200.0,,,,
c1_comp,Waves,clean digital,digital,digital,10.0,60.0,0.7638642840495979,-200.0,-42.5969444241416,-200.0,-56.23072049716028,-200.0,-60.11363017889681,-200.0
c1_comp,Waves,clean digital,digital,digital,15.0,1000.0,0.006104449867230279,-200.0,-84.82524375696143,-200.0,-94.71040568456985,-200.0,-100.1647380187562,-200.0
c1_comp,Waves,clean digital,digital,digital,15.0,220.0,0.12243042051253036,-200.0,-58.602995843237935,-200.0,-70.3356955848914,-200.0,-75.69813708267458,-200.0
c1_comp,Waves,clean digital,digital,digital,15.0,5000.0,0.00028058550964835084,-200.0,-111.03869522226904,-200.0,,,,
c1_comp,Waves,clean digital,digital,digital,15.0,60.0,0.9169162056544355,-200.0,-40.955366209644104,-200.0,-55.792616353297824,-200.0,-59.26134866186195,-200.0
c1_comp,Waves,clean digital,digital,digital,3.0,1000.0,0.0031722112322578396,-200.0,-90.54037803838983,-200.0,-100.19841769022077,-200.0,-105.5665381849446,-200.0
c1_comp,Waves,clean digital,digital,digital,3.0,220.0,0.05690980835103736,-200.0,-65.36624753538133,-200.0,-75.92217169328386,-200.0,-81.16550446435062,-200.0
c1_comp,Waves,clean digital,digital,digital,3.0,5000.0,0.00014742498994955666,-200.0,-116.62857786316202,-200.0,,,,
c1_comp,Waves,clean digital,digital,digital,3.0,60.0,0.3289530013102448,-200.0,-50.06697128688255,-200.0,-61.40008996690534,-200.0,-66.02736388069671,-200.0
c1_comp,Waves,clean digital,digital,digital,6.0,1000.0,0.004686565545226845,-200.0,-87.13731784068295,-200.0,-96.89602958075417,-200.0,-102.30126097334237,-200.0
c1_comp,Waves,clean digital,digital,digital,6.0,220.0,0.08795932291345929,-200.0,-61.536248705222235,-200.0,-72.57668154488451,-200.0,-77.85875721653355,-200.0
c1_comp,Waves,clean digital,digital,digital,6.0,5000.0,0.00021649866371742786,-200.0,-113.2908955974836,-200.0,,,,
c1_comp,Waves,clean digital,digital,digital,6.0,60.0,0.5438805130751138,-200.0,-45.61816888028031,-200.0,-58.04623757374663,-200.0,-62.32704003912694,-200.0
cla3a,Waves,UREI LA-3A,opto-la2a,opto,10.0,1000.0,0.050820944384217345,-115.37913459817733,-65.90734528200288,-127.94610554275133,-88.54277945865675,-135.28651418993516,-95.68895837786029,-140.39459353496778
cla3a,Waves,UREI LA-3A,opto-la2a,opto,10.0,220.0,0.2165944167166062,-99.71946647842607,-53.325655802553065,-112.42279958197057,-74.60505303760435,-119.50261119755257,-81.69712781282114,-124.20780340702876
cla3a,Waves,UREI LA-3A,opto-la2a,opto,10.0,5000.0,0.014840570531396018,-126.52634153437786,-76.57103439753261,-139.030690983682,,,,
cla3a,Waves,UREI LA-3A,opto-la2a,opto,10.0,60.0,0.7630123160970047,-87.34923917348682,-42.36756771696129,-98.26629457294592,-66.5941057954721,-103.46413722259769,-76.51304368685237,-106.7703068334304
cla3a,Waves,UREI LA-3A,opto-la2a,opto,15.0,1000.0,0.0984138608391253,-127.61143681404484,-60.174439899371635,-139.0073898070043,-82.75086142390373,-146.41434825107126,-85.86512608531626,-151.00392281228054
cla3a,Waves,UREI LA-3A,opto-la2a,opto,15.0,220.0,0.4041055504438602,-108.17052865901945,-47.90439538512396,-120.36093579970837,-70.35872583724277,-127.51867164288855,-74.39544788343298,-132.14817332394114
cla3a,Waves,UREI LA-3A,opto-la2a,opto,15.0,5000.0,0.027371609448992907,-130.23538071623778,-71.25399887429828,-148.80221535747964,,,,
cla3a,Waves,UREI LA-3A,opto-la2a,opto,15.0,60.0,1.3871926765418936,-93.98818673803413,-37.17911301781109,-105.36677727815461,-60.656346998406796,-111.13758775953323,-69.76816984666988,-113.57073353094219
cla3a,Waves,UREI LA-3A,opto-la2a,opto,3.0,1000.0,0.010890224291746792,-123.88593338044882,-79.28313716074926,-133.03897722490314,-102.04319150720444,-140.40338808433933,-116.83290174775536,-145.43661613987624
cla3a,Waves,UREI LA-3A,opto-la2a,opto,3.0,220.0,0.04340616242234907,-107.3566314284237,-67.2694651822519,-120.67524660852777,-90.68309090536731,-127.73298621439434,-108.84988805028335,-132.44338040914488
cla3a,Waves,UREI LA-3A,opto-la2a,opto,3.0,5000.0,0.004306915291812904,-117.74172734888056,-87.32063064016037,-141.28601537147756,,,,
cla3a,Waves,UREI LA-3A,opto-la2a,opto,3.0,60.0,0.17819453905892746,-85.69779052557762,-55.00279266849822,-106.03040863053636,-79.1965371433669,-111.03242826669621,-94.91172437523467,-114.16728668343943
cla3a,Waves,UREI LA-3A,opto-la2a,opto,6.0,1000.0,0.023787298637557804,-117.05811970041663,-72.50534036468808,-128.55616038511837,-94.47419813649739,-135.8886681401505,-102.25759366305675,-140.97171870445453
cla3a,Waves,UREI LA-3A,opto-la2a,opto,6.0,220.0,0.09878837672972937,-104.08674959787028,-60.136165663501366,-115.88978013322374,-82.35809547031852,-122.93370966879405,-90.32101033816085,-127.64917286429028
cla3a,Waves,UREI LA-3A,opto-la2a,opto,6.0,5000.0,0.007813055231809122,-121.60913519661207,-82.1440835902952,-138.4002370482321,,,,
cla3a,Waves,UREI LA-3A,opto-la2a,opto,6.0,60.0,0.37860679547741966,-87.22724341068422,-48.4617663271187,-99.95458853657607,-71.47795435791491,-105.18708008953868,-79.65079532315069,-108.37768205693831
dbx160,UAD,dbx 160 VU,vca-dbx160,vca,10.0,1000.0,0.04329353677827626,-200.0,-67.27154197127945,-200.0,-128.47555632934876,-200.0,-162.28405727601282,-200.0
dbx160,UAD,dbx 160 VU,vca-dbx160,vca,10.0,220.0,0.1959267290310242,-200.0,-54.158183815928425,-200.0,-102.93375448403397,-200.0,-145.32356346292198,-200.0
dbx160,UAD,dbx 160 VU,vca-dbx160,vca,10.0,5000.0,0.009265495215728508,-200.0,-80.66262727712143,-200.0,,,,
dbx160,UAD,dbx 160 VU,vca-dbx160,vca,10.0,60.0,0.7150666071049249,-200.0,-42.9138313197317,-200.0,-80.47707327812618,-200.0,-116.23485213734511,-200.0
dbx160,UAD,dbx 160 VU,vca-dbx160,vca,15.0,1000.0,0.04284441264848101,-200.0,-67.36211938631902,-200.0,-128.61405654961501,-200.0,-164.55733212385013,-200.0
dbx160,UAD,dbx 160 VU,vca-dbx160,vca,15.0,220.0,0.19389960990379307,-200.0,-54.248518864017655,-200.0,-103.02457766183691,-200.0,-144.973190624147,-200.0
dbx160,UAD,dbx 160 VU,vca-dbx160,vca,15.0,5000.0,0.009169996249670713,-200.0,-80.75261683893905,-200.0,,,,
dbx160,UAD,dbx 160 VU,vca-dbx160,vca,15.0,60.0,0.7079079947398824,-200.0,-43.001224943544905,-200.0,-80.56437150627046,-200.0,-116.3188960759436,-200.0
dbx160,UAD,dbx 160 VU,vca-dbx160,vca,3.0,1000.0,0.04358390115524304,-200.0,-67.21348130751255,-200.0,-128.37398128421407,-200.0,-160.5495988508449,-200.0
dbx160,UAD,dbx 160 VU,vca-dbx160,vca,3.0,220.0,0.19724140025949963,-200.0,-54.10009607700154,-200.0,-102.87261034132109,-200.0,-145.4870887505748,-200.0
dbx160,UAD,dbx 160 VU,vca-dbx160,vca,3.0,5000.0,0.0093272477133937,-200.0,-80.60492978149773,-200.0,,,,
dbx160,UAD,dbx 160 VU,vca-dbx160,vca,3.0,60.0,0.719706501172608,-200.0,-42.857652783856174,-200.0,-80.42071885013672,-200.0,-116.18114414747521,-200.0
dbx160,UAD,dbx 160 VU,vca-dbx160,vca,6.0,1000.0,0.04348200660448159,-200.0,-67.23381177344194,-200.0,-128.39305218030336,-200.0,-162.6215912280187,-200.0
dbx160,UAD,dbx 160 VU,vca-dbx160,vca,6.0,220.0,0.19677680410595505,-200.0,-54.12057957480169,-200.0,-102.89212273274863,-200.0,-144.3670590484115,-200.0
dbx160,UAD,dbx 160 VU,vca-dbx160,vca,6.0,5000.0,0.009305536996784448,-200.0,-80.62517119755078,-200.0,,,,
dbx160,UAD,dbx 160 VU,vca-dbx160,vca,6.0,60.0,0.7180715324207216,-200.0,-42.877407074741456,-200.0,-80.44064752970422,-200.0,-116.18721844295507,-200.0
distressor,UAD,Empirical Labs Distressor,fet-other,fet,10.0,1000.0,0.14057583229405637,-62.960520380700835,-58.45694633985204,-98.9443049238559,-73.8367289088486,-115.68011882825326,-86.35381286049983,-122.10620548262463
distressor,UAD,Empirical Labs Distressor,fet-other,fet,10.0,220.0,0.3527039571265701,-62.52059974480066,-49.60508251146277,-85.41751426501065,-60.57847785941931,-102.49005303712724,-72.99859421006909,-107.926271096459
distressor,UAD,Empirical Labs Distressor,fet-other,fet,10.0,5000.0,0.12086467862354851,-63.01965193583833,-60.168700063531595,-116.14533235453855,,,,
distressor,UAD,Empirical Labs Distressor,fet-other,fet,10.0,60.0,1.2140287933082912,-58.15427470784279,-38.74156576366935,-73.62725218789389,-49.382296070725246,-88.3447424696216,-61.72692285851269,-93.42284060847055
distressor,UAD,Empirical Labs Distressor,fet-other,fet,15.0,1000.0,0.23811976379656088,-53.39410998449829,-59.975868723504306,-94.64010819136908,-70.80716425439901,-111.70318261848584,-83.92098147805564,-118.90097071032656
distressor,UAD,Empirical Labs Distressor,fet-other,fet,15.0,220.0,0.5195508570216406,-53.15159783712183,-46.924946985839156,-81.04665223943222,-57.551979274163436,-98.03349124538059,-70.56731417923541,-103.87316172589158
distressor,UAD,Empirical Labs Distressor,fet-other,fet,15.0,5000.0,0.2148029967755219,-53.42131175414488,-71.83636809955036,-111.07629623551148,,,,
distressor,UAD,Empirical Labs Distressor,fet-other,fet,15.0,60.0,1.7352455035238605,-50.48426714266971,-35.71992519153051,-69.01777001027509,-46.39933763293739,-80.79984046606974,-59.23213661669791,-86.7249973376056
distressor,UAD,Empirical Labs Distressor,fet-other,fet,3.0,1000.0,0.06099464421803741,-75.54794086606458,-64.70212475234884,-104.78028976044315,-82.936321826569,-117.71103140536587,-94.42546121676236,-143.5239184336356
distressor,UAD,Empirical Labs Distressor,fet-other,fet,3.0,220.0,0.12716620122419833,-74.50964052836213,-58.340688824823815,-91.4713933480491,-69.6731243166418,-104.5118029199133,-81.0564940213043,-123.15659077402492
distressor,UAD,Empirical Labs Distressor,fet-other,fet,3.0,5000.0,0.055728952335602246,-75.69952713884791,-65.4721272873042,-123.91621322062578,,,,
distressor,UAD,Empirical Labs Distressor,fet-other,fet,3.0,60.0,0.421824328179423,-67.63506609797223,-47.94015150941149,-80.072712063696,-58.424976593808886,-93.09707838145823,-69.7943719375836,-107.36472257791095
distressor,UAD,Empirical Labs Distressor,fet-other,fet,6.0,1000.0,0.07493937127741593,-69.76251411175267,-63.587874499669674,-101.58035605247404,-77.67364161855497,-114.98169944858903,-89.68366596277738,-140.0736144644848
distressor,UAD,Empirical Labs Distressor,fet-other,fet,6.0,220.0,0.21884646325257615,-68.92233758711153,-53.69141774853897,-88.17540103999738,-64.41217160018788,-101.76487134721336,-76.3212113854185,-118.76948479435369
distressor,UAD,Empirical Labs Distressor,fet-other,fet,6.0,5000.0,0.05945430832815064,-69.87453185678578,-66.0110696948194,-119.49019492463692,,,,
distressor,UAD,Empirical Labs Distressor,fet-other,fet,6.0,60.0,0.7723361521788022,-62.772099014218824,-42.67779786077064,-76.52922272288033,-53.17890676858888,-89.86445067879663,-65.07619905520845,-100.13226904828143
fairchild660,UAD,Fairchild 660 mono,varimu-fairchild,vari-mu,10.0,1000.0,0.5573035445526366,-53.93449132717506,-45.761537299687525,-66.04327466057693,-67.3202986671611,-76.24726217395067,-76.48680712666403,-95.78707803536898
fairchild660,UAD,Fairchild 660 mono,varimu-fairchild,vari-mu,10.0,220.0,1.00447039870893,-42.38522690948396,-44.71430321578734,-53.24822846895024,-54.29154295841762,-63.39996197813461,-63.35729248761566,-80.82490970860498
fairchild660,UAD,Fairchild 660 mono,varimu-fairchild,vari-mu,10.0,5000.0,0.5029021987715284,-58.36974076989509,-46.22933793624622,-80.61006372932087,,,,
fairchild660,UAD,Fairchild 660 mono,varimu-fairchild,vari-mu,10.0,60.0,2.6821852543549687,-33.111939288114904,-38.410752494214215,-44.31727606107372,-43.97349867190357,-53.7700059743504,-52.912472942235816,-63.77666248216039
fairchild660,UAD,Fairchild 660 mono,varimu-fairchild,vari-mu,15.0,1000.0,0.6296294468422856,-50.642745558160335,-45.21872984558848,-63.23116832387966,-64.0566109841246,-74.16732502491,-73.67818197638663,-100.05250732805902
fairchild660,UAD,Fairchild 660 mono,varimu-fairchild,vari-mu,15.0,220.0,1.374830379739815,-39.4137259972627,-42.53677308276003,-50.36779079805095,-50.99795836758011,-61.0992730789118,-60.58952802509378,-77.36373838792103
fairchild660,UAD,Fairchild 660 mono,varimu-fairchild,vari-mu,15.0,5000.0,0.5427291770075255,-54.90823845609852,-45.81547785593634,-77.80268031768068,,,,
fairchild660,UAD,Fairchild 660 mono,varimu-fairchild,vari-mu,15.0,60.0,3.871954467894488,-30.41750324693668,-33.8498961617963,-41.31755729960765,-40.701525161151785,-50.20703229178845,-50.63115853579162,-57.81076313164961
fairchild660,UAD,Fairchild 660 mono,varimu-fairchild,vari-mu,3.0,1000.0,0.48622517617890615,-63.5447813778267,-46.35884905605579,-73.75168206385142,-76.92271934545897,-81.89458563065465,-85.10660543325649,-92.21534075747392
fairchild660,UAD,Fairchild 660 mono,varimu-fairchild,vari-mu,3.0,220.0,0.5741299623146374,-49.88704972381303,-46.70081184570207,-61.20231288257848,-64.2290197582361,-69.3376648599243,-72.19963398543823,-79.64964210086062
fairchild660,UAD,Fairchild 660 mono,varimu-fairchild,vari-mu,3.0,5000.0,0.4613834026404632,-68.85225086713459,-46.74571587250756,-88.33887625996192,,,,
fairchild660,UAD,Fairchild 660 mono,varimu-fairchild,vari-mu,3.0,60.0,1.029136945714687,-40.55122246104026,-50.16070389113186,-53.893457897836754,-55.474734498322135,-61.58149885064276,-62.88432311808577,-71.47552229232542
fairchild660,UAD,Fairchild 660 mono,varimu-fairchild,vari-mu,6.0,1000.0,0.5135572018576814,-57.7690249942744,-46.112227783413616,-69.1356822751359,-71.10724713551944,-78.48802327190322,-79.83386750414913,-93.08446330411635
fairchild660,UAD,Fairchild 660 mono,varimu-fairchild,vari-mu,6.0,220.0,0.7476034920747345,-45.65008672417613,-46.12786746081811,-56.446145927424105,-58.17064203217229,-65.8021099086218,-66.73739614985364,-80.36093155105208
fairchild660,UAD,Fairchild 660 mono,varimu-fairchild,vari-mu,6.0,5000.0,0.4782274909101136,-62.430614852447846,-46.518025222055705,-83.69687128773,,,,
fairchild660,UAD,Fairchild 660 mono,varimu-fairchild,vari-mu,6.0,60.0,1.725981432367308,-36.44040013837328,-44.50548587417445,-47.9647862689946,-48.191359860767434,-57.150514032253994,-56.33645435350811,-69.8538286288767
fairchild670,UAD,Fairchild 670 stereo,varimu-fairchild,vari-mu,10.0,1000.0,0.33430179331163296,-51.909882178772605,-54.34911223348181,-61.979111299174235,-65.7851338675504,-69.6471018298074,-73.8787896504989,-78.86157985915477
fairchild670,UAD,Fairchild 670 stereo,varimu-fairchild,vari-mu,10.0,220.0,1.345363100361284,-38.88903259544178,-45.32696831493021,-48.714926927951005,-52.50969084423644,-56.360652397441726,-60.581139132280235,-65.53773337205253
fairchild670,UAD,Fairchild 670 stereo,varimu-fairchild,vari-mu,10.0,5000.0,0.1642058745629989,-63.639315509393626,-56.49263317688413,-76.72578239603959,,,,
fairchild670,UAD,Fairchild 670 stereo,varimu-fairchild,vari-mu,10.0,60.0,4.600588116516439,-28.16123534567218,-34.687181764567384,-38.19018014834198,-42.113605283016746,-46.092736159176425,-50.47356491054296,-55.46181394327341
fairchild670,UAD,Fairchild 670 stereo,varimu-fairchild,vari-mu,15.0,1000.0,0.38236975517637695,-50.520315086260666,-53.628414722824395,-60.66562544424609,-64.55862587511459,-68.5454581249028,-72.9710242287825,-78.27971320153405
fairchild670,UAD,Fairchild 670 stereo,varimu-fairchild,vari-mu,15.0,220.0,1.5712936877017167,-37.514748081037176,-43.980786698406334,-47.44765927496,-51.331450938713786,-55.31032615089675,-59.72330061293497,-65.00223991442914
fairchild670,UAD,Fairchild 670 stereo,varimu-fairchild,vari-mu,15.0,5000.0,0.17366700881369107,-62.29930930442809,-56.201037833974034,-75.40216442746205,,,,
fairchild670,UAD,Fairchild 670 stereo,varimu-fairchild,vari-mu,15.0,60.0,5.264472200992004,-26.97456876612288,-33.45962943906134,-37.135275427913925,-41.14518720132226,-45.26363442806484,-49.80292318144492,-54.977945426504945
fairchild670,UAD,Fairchild 670 stereo,varimu-fairchild,vari-mu,3.0,1000.0,0.1569393968144013,-63.04307081579728,-57.255984720799155,-73.17576200832094,-76.65217744713257,-80.05419876789463,-83.62559625080047,-87.59886054217094
fairchild670,UAD,Fairchild 670 stereo,varimu-fairchild,vari-mu,3.0,220.0,0.38167387756732324,-50.171056939224805,-55.22440779177839,-59.61945800814863,-63.08127976560791,-66.44664510476395,-69.99681470475952,-73.9253144033238
fairchild670,UAD,Fairchild 670 stereo,varimu-fairchild,vari-mu,3.0,5000.0,0.13091513010027095,-74.38122814883403,-57.75768320344991,-88.02605098145511,,,,
fairchild670,UAD,Fairchild 670 stereo,varimu-fairchild,vari-mu,3.0,60.0,1.5378678997864306,-37.263849393741566,-46.7807815799413,-47.97581594450197,-51.800774388369206,-54.90300421652367,-58.59002781000564,-62.27298753295826
fairchild670,UAD,Fairchild 670 stereo,varimu-fairchild,vari-mu,6.0,1000.0,0.2128857009945949,-57.27788740393858,-56.3091820048293,-67.28764811457134,-70.94253575105962,-74.58637686900619,-78.5020051990973,-82.98376200496328
fairchild670,UAD,Fairchild 670 stereo,varimu-fairchild,vari-mu,6.0,220.0,0.7321723419292776,-44.252985621527294,-50.483489025418606,-53.85284729055576,-57.48992723398967,-61.112945636933404,-65.01079558755286,-69.46144634071958
fairchild670,UAD,Fairchild 670 stereo,varimu-fairchild,vari-mu,6.0,5000.0,0.1413558419414441,-68.86139260110325,-57.30024170001184,-82.08405922978905,,,,
fairchild670,UAD,Fairchild 670 stereo,varimu-fairchild,vari-mu,6.0,60.0,2.7040302047872355,-32.715320599419265,-39.88679429245829,-42.610157371546144,-46.38102123673068,-49.95846897261011,-53.96555905537976,-58.37798293896428
h_comp,Waves,"hybrid, analogue-modelled",digital,hybrid,10.0,1000.0,3.431509526001856e-06,-173.0590298086217,-149.40149855443738,-178.76750216185795,-168.63364449544858,-186.42657591046853,-170.23065255349903,-190.54963573753483
h_comp,Waves,"hybrid, analogue-modelled",digital,hybrid,10.0,220.0,0.06107950494966351,-172.13495120998437,-64.32763131834461,-172.5833191496881,-84.09889213637464,-173.3354037910164,-125.99884259826274,-174.39727740611994
h_comp,Waves,"hybrid, analogue-modelled",digital,hybrid,10.0,5000.0,1.2960730391349998e-07,-178.360234043712,-191.66366453838327,-188.1561138045514,,,,
h_comp,Waves,"hybrid, analogue-modelled",digital,hybrid,10.0,60.0,0.8831012557237407,-200.0,-41.159910631605385,-200.0,-59.26563278354733,-200.0,-66.17415970690129,-200.0
h_comp,Waves,"hybrid, analogue-modelled",digital,hybrid,15.0,1000.0,3.518674920656467e-06,-167.70074201882255,-149.22208108482812,-173.0003571508368,-171.04761024420154,-180.36381543176876,-169.64153430726276,-185.05316294839366
h_comp,Waves,"hybrid, analogue-modelled",digital,hybrid,15.0,220.0,0.1368538533768483,-157.94770181719556,-57.35094732981509,-158.5924195241161,-74.87877570498904,-159.677034511162,-110.31224579982285,-161.21319438674135
h_comp,Waves,"hybrid, analogue-modelled",digital,hybrid,15.0,5000.0,2.7515918656910963e-07,-172.56379365684157,-178.39491235645266,-182.34548073077744,,,,
h_comp,Waves,"hybrid, analogue-modelled",digital,hybrid,15.0,60.0,1.9667119108408584,-200.0,-34.15676004071613,-200.0,-62.391273069272486,-200.0,-56.52598183417582,-200.0
h_comp,Waves,"hybrid, analogue-modelled",digital,hybrid,3.0,1000.0,3.1786894919120853e-06,-176.78794971273365,-150.07446079225397,-182.50479955931357,-168.2843719985139,-190.3496873543658,-170.09725780489083,-194.71835502507804
h_comp,Waves,"hybrid, analogue-modelled",digital,hybrid,3.0,220.0,0.03963863333044951,-179.90946614646006,-68.07407282586502,-180.2595116229951,-88.81720279062924,-180.84688547136935,-137.87166940232981,-181.67730414136742
h_comp,Waves,"hybrid, analogue-modelled",digital,hybrid,3.0,5000.0,8.141818779284485e-08,-182.2799625785491,-199.73379508192488,-192.1685950852782,,,,
h_comp,Waves,"hybrid, analogue-modelled",digital,hybrid,3.0,60.0,0.614479925380774,-200.0,-44.367856607543594,-200.0,-59.45474084408586,-200.0,-73.25520943260821,-200.0
h_comp,Waves,"hybrid, analogue-modelled",digital,hybrid,6.0,1000.0,3.360500645527812e-06,-179.11136428049565,-149.6051459079693,-184.33482754634778,-166.92202506626222,-192.15831669878588,-169.16375101987495,-196.43375553410922
h_comp,Waves,"hybrid, analogue-modelled",digital,hybrid,6.0,220.0,0.04088417886798384,-180.18781705883455,-67.80560732759687,-180.51010263414145,-88.51695252285835,-181.0521853304213,-137.05393033216328,-181.82157941634856
h_comp,Waves,"hybrid, analogue-modelled",digital,hybrid,6.0,5000.0,6.891572200692257e-08,-184.09033357470005,-193.53757588365394,-193.89956709695616,,,,
h_comp,Waves,"hybrid, analogue-modelled",digital,hybrid,6.0,60.0,0.5426509933754977,-200.0,-45.47353055679645,-200.0,-59.69949126862248,-200.0,-77.15881353493208,-200.0
kh_comp,Kilohearts,clean digital,digital,digital,10.0,1000.0,7.680729589753095e-05,-200.0,-122.37248419680171,-200.0,-140.2460627568354,-200.0,-148.5712729217558,-200.0
kh_comp,Kilohearts,clean digital,digital,digital,10.0,220.0,0.0015841927550062234,-200.0,-96.08053232901784,-200.0,-114.14631898223503,-200.0,-122.64575944638597,-200.0
kh_comp,Kilohearts,clean digital,digital,digital,10.0,5000.0,3.293077638267802e-06,-200.0,-149.64796061644725,-200.0,,,,
kh_comp,Kilohearts,clean digital,digital,digital,10.0,60.0,0.02108244794822472,-200.0,-73.59842295327489,-200.0,-91.65505667954461,-200.0,-100.15886416672478,-200.0
kh_comp,Kilohearts,clean digital,digital,digital,15.0,1000.0,7.680729589753095e-05,-200.0,-122.37248419680171,-200.0,-140.2460627568354,-200.0,-148.5712729217558,-200.0
kh_comp,Kilohearts,clean digital,digital,digital,15.0,220.0,0.0015841927550062234,-200.0,-96.08053232901784,-200.0,-114.14631898223503,-200.0,-122.64575944638597,-200.0
kh_comp,Kilohearts,clean digital,digital,digital,15.0,5000.0,3.293077638267802e-06,-200.0,-149.64796061644725,-200.0,,,,
kh_comp,Kilohearts,clean digital,digital,digital,15.0,60.0,0.02108244794822472,-200.0,-73.59842295327489,-200.0,-91.65505667954461,-200.0,-100.15886416672478,-200.0
kh_comp,Kilohearts,clean digital,digital,digital,3.0,1000.0,7.676986782793863e-05,-200.0,-122.37615169763427,-200.0,-140.28427052625193,-200.0,-148.58134176330444,-200.0
kh_comp,Kilohearts,clean digital,digital,digital,3.0,220.0,0.0015829688236039903,-200.0,-96.0871848546243,-200.0,-114.16226278901843,-200.0,-122.61488980317426,-200.0
kh_comp,Kilohearts,clean digital,digital,digital,3.0,5000.0,3.339055147825295e-06,-200.0,-149.52752819557335,-200.0,,,,
kh_comp,Kilohearts,clean digital,digital,digital,3.0,60.0,0.02108622083724205,-200.0,-73.59697268714733,-200.0,-91.64795249168607,-200.0,-100.14955624265737,-200.0
kh_comp,Kilohearts,clean digital,digital,digital,6.0,1000.0,7.673708890176734e-05,-200.0,-122.38004406870022,-200.0,-140.3015058121833,-200.0,-148.4206230011207,-200.0
kh_comp,Kilohearts,clean digital,digital,digital,6.0,220.0,0.0015849258331063513,-200.0,-96.07713167011242,-200.0,-114.11320164269056,-200.0,-122.56892189075943,-200.0
kh_comp,Kilohearts,clean digital,digital,digital,6.0,5000.0,3.39033532210096e-06,-200.0,-149.3951469382842,-200.0,,,,
kh_comp,Kilohearts,clean digital,digital,digital,6.0,60.0,0.021086572523056072,-200.0,-73.59680977677196,-200.0,-91.64842544491917,-200.0,-100.15319617435219,-200.0
kotelnikov,Tokyo Dawn,"clean digital, states its times",digital,digital,10.0,1000.0,0.06527622846863601,-148.42372305068534,-63.86478085633299,-158.78480998280716,-79.04122649072423,-161.8589062549935,-85.32995638537543,-161.28450479592198
kotelnikov,Tokyo Dawn,"clean digital, states its times",digital,digital,10.0,220.0,0.29680940351709634,-122.16035611136093,-50.71225104369144,-136.79431906027474,-65.83753932739776,-152.9317353125099,-72.11731835281525,-151.23969285777684
kotelnikov,Tokyo Dawn,"clean digital, states its times",digital,digital,10.0,5000.0,0.012493908633436746,-146.17227958997722,-78.06604077420305,-136.23791554677047,,,,
kotelnikov,Tokyo Dawn,"clean digital, states its times",digital,digital,10.0,60.0,1.0643667865711144,-99.93372201647644,-39.626435004243824,-114.42579782341465,-54.515719889926515,-130.41808241202574,-61.13614750314482,-128.72336937603396
kotelnikov,Tokyo Dawn,"clean digital, states its times",digital,digital,15.0,1000.0,0.07291582272314348,-147.76381430875463,-62.8759782204292,-154.461381317222,-78.99551532361326,-155.26629969091027,-84.73213189180697,-154.7076063179691
kotelnikov,Tokyo Dawn,"clean digital, states its times",digital,digital,15.0,220.0,0.3315436459241699,-121.88492908483353,-49.723746586445486,-137.03049745271744,-65.76254704886583,-156.76152196223399,-71.54594964046095,-149.85192363152876
kotelnikov,Tokyo Dawn,"clean digital, states its times",digital,digital,15.0,5000.0,0.014001834990715986,-139.61462982092098,-77.07632673253838,-129.75885592489124,,,,
kotelnikov,Tokyo Dawn,"clean digital, states its times",digital,digital,15.0,60.0,1.191498448117557,-99.68788916597377,-38.62344431759353,-114.57892941131266,-54.185005694958676,-134.4310557535237,-60.67306410158614,-127.49657211502785
kotelnikov,Tokyo Dawn,"clean digital, states its times",digital,digital,3.0,1000.0,0.03523417328774904,-150.07349991869506,-69.46923524072444,-161.57508334428678,-80.05916620772118,-172.18683259566888,-88.92613962017991,-175.84599924809754
kotelnikov,Tokyo Dawn,"clean digital, states its times",digital,digital,3.0,220.0,0.16024045216088553,-123.7582386608233,-56.315637269107974,-135.83932570705397,-66.88468086087212,-146.64941254933197,-75.68616749070443,-169.2830708948302
kotelnikov,Tokyo Dawn,"clean digital, states its times",digital,digital,3.0,5000.0,0.006533700817891672,-161.12494799291656,-83.69681605869245,-150.73000960245875,,,,
kotelnikov,Tokyo Dawn,"clean digital, states its times",digital,digital,3.0,60.0,0.5777879378265545,-101.27047928704057,-45.22469232930587,-113.43541220111882,-55.333038278039595,-124.56602792035076,-63.69912381311924,-141.19496231954807
kotelnikov,Tokyo Dawn,"clean digital, states its times",digital,digital,6.0,1000.0,0.05252083871654558,-148.9966397006498,-65.82104038932633,-161.1152214696119,-79.19420852049674,-168.6433957838738,-86.88336532263722,-168.511690666362
kotelnikov,Tokyo Dawn,"clean digital, states its times",digital,digital,6.0,220.0,0.23882061678774277,-122.71296428318826,-52.66806677444058,-136.35927630920332,-66.01469455113529,-149.5915047844651,-73.64143630750398,-156.4154185047391
kotelnikov,Tokyo Dawn,"clean digital, states its times",digital,digital,6.0,5000.0,0.009971213032282805,-153.20429926698222,-80.02504244190817,-143.1153388337707,,,,
kotelnikov,Tokyo Dawn,"clean digital, states its times",digital,digital,6.0,60.0,0.8548935854867282,-100.4127809873303,-41.599342231235866,-114.05952709229709,-54.801568257731084,-127.08118284680894,-62.36184830665479,-132.93605695894112
la2a,UAD,Teletronix LA-2A,opto-la2a,opto,10.0,1000.0,0.30837691511423077,-51.424281344593055,-56.895778239042684,-72.63620543617813,-66.9987126476718,-85.4719079787127,-82.99578468168917,-116.30252253367885
la2a,UAD,Teletronix LA-2A,opto-la2a,opto,10.0,220.0,0.7049234100534113,-54.13757841907599,-43.56138791153556,-76.26067557562271,-57.60409181583861,-88.27948987401601,-74.94279395286742,-109.81393885715418
la2a,UAD,Teletronix LA-2A,opto-la2a,opto,10.0,5000.0,0.2521976698170262,-52.1487390753595,-66.72576472898376,-72.95027092385578,,,,
la2a,UAD,Teletronix LA-2A,opto-la2a,opto,10.0,60.0,2.4218506124590933,-55.30440852640034,-32.42824484555126,-70.93101261362249,-49.56262466267246,-91.22875403142466,-61.324466530445264,-105.57534498869967
la2a,UAD,Teletronix LA-2A,opto-la2a,opto,15.0,1000.0,0.3696823508677088,-49.81069110743857,-55.59469794785342,-67.80263225473303,-65.79262858093905,-81.06756498757173,-75.81531068703525,-110.72686357769891
la2a,UAD,Teletronix LA-2A,opto-la2a,opto,15.0,220.0,0.7388455715890028,-52.2399306911909,-43.2748254311445,-70.91753271177275,-58.56243044252193,-84.30283604802261,-70.16203465729178,-108.37875107735533
la2a,UAD,Teletronix LA-2A,opto-la2a,opto,15.0,5000.0,0.3014190056863337,-50.65946486644354,-64.595962782131,-68.32420920462462,,,,
la2a,UAD,Teletronix LA-2A,opto-la2a,opto,15.0,60.0,2.4792683171960292,-53.24719333883852,-32.204069052214976,-66.56096418964928,-51.498835067703325,-83.79210621668365,-61.931933239358955,-101.76931124347063
la2a,UAD,Teletronix LA-2A,opto-la2a,opto,3.0,1000.0,0.43441040683479387,-47.92756054778006,-55.897935569302966,-70.80912301843365,-70.43816550130556,-83.32081033455628,-82.18317179275519,-111.34860903977864
la2a,UAD,Teletronix LA-2A,opto-la2a,opto,3.0,220.0,0.5969519081226665,-50.6402623643503,-45.97400858570069,-75.10378424323223,-57.69880879750132,-86.1313252080128,-83.75166933157693,-109.6252321583724
la2a,UAD,Teletronix LA-2A,opto-la2a,opto,3.0,5000.0,0.40303184649677165,-48.43788631708912,-57.368718981290066,-70.87454319555759,,,,
la2a,UAD,Teletronix LA-2A,opto-la2a,opto,3.0,60.0,2.1020100295833113,-51.975458240407534,-33.75888155539965,-69.66511811851845,-48.497683844701086,-99.69909190316442,-63.7348699797409,-100.35066237362915
la2a,UAD,Teletronix LA-2A,opto-la2a,opto,6.0,1000.0,0.43441040683479387,-47.92756054778006,-55.897935569302966,-70.80912301843365,-70.43816550130556,-83.32081033455628,-82.18317179275519,-111.34860903977864
la2a,UAD,Teletronix LA-2A,opto-la2a,opto,6.0,220.0,0.5969519081226665,-50.6402623643503,-45.97400858570069,-75.10378424323223,-57.69880879750132,-86.1313252080128,-83.75166933157693,-109.6252321583724
la2a,UAD,Teletronix LA-2A,opto-la2a,opto,6.0,5000.0,0.40303184649677165,-48.43788631708912,-57.368718981290066,-70.87454319555759,,,,
la2a,UAD,Teletronix LA-2A,opto-la2a,opto,6.0,60.0,2.1020100295833113,-51.975458240407534,-33.75888155539965,-69.66511811851845,-48.497683844701086,-99.69909190316442,-63.7348699797409,-100.35066237362915
molotok,Tokyo Dawn,digital with a modelled character,digital,digital,10.0,1000.0,0.13229497443389562,-66.17313182297126,-58.28806414733555,-117.83749113958622,-77.35120447056246,-135.69248593724208,-81.40218993278953,-139.77290248589892
molotok,Tokyo Dawn,digital with a modelled character,digital,digital,10.0,220.0,1.1845100856521014,-67.95949121734137,-38.5625723231507,-98.48693917101372,-61.11278369857085,-122.43084304696622,-68.56536363394257,-130.89807092070077
molotok,Tokyo Dawn,digital with a modelled character,digital,digital,10.0,5000.0,0.05129222732856695,-66.08461761184563,-77.76053844920666,-134.7663372093207,,,,
molotok,Tokyo Dawn,digital with a modelled character,digital,digital,10.0,60.0,4.67365486075014,-75.1325859845178,-26.711785318889504,-91.88646418037405,-42.913976772346686,-107.25498831786746,-60.069819248672474,-114.75392276759277
molotok,Tokyo Dawn,digital with a modelled character,digital,digital,15.0,1000.0,0.12034309066749448,-71.25423335161719,-58.68495439379436,-122.68920405149912,-79.1845693592697,-142.87776075185815,-81.1808520474529,-142.00009328979155
molotok,Tokyo Dawn,digital with a modelled character,digital,digital,15.0,220.0,1.4400353282829519,-72.91993220084349,-36.86023895759199,-101.74854366832675,-59.93779675837341,-129.81976305220329,-65.96919247703957,-132.7724290360226
molotok,Tokyo Dawn,digital with a modelled character,digital,digital,15.0,5000.0,0.02801438642132991,-71.2238372691002,-85.17430187147092,-127.56333385225815,,,,
molotok,Tokyo Dawn,digital with a modelled character,digital,digital,15.0,60.0,6.2263072231682015,-79.4316485354465,-24.256373973156276,-93.83807494003452,-39.22904244444478,-106.76156941358107,-53.574243883167235,-118.26873072342501
molotok,Tokyo Dawn,digital with a modelled character,digital,digital,3.0,1000.0,0.11850548243511727,-58.88688829172963,-70.37673986170348,-126.2763169660906,-77.40353886001473,-128.5030355926732,-86.31388814638672,-138.12205787336939
molotok,Tokyo Dawn,digital with a modelled character,digital,digital,3.0,220.0,0.2573227486638886,-61.66622962070909,-52.614308108025945,-105.560301393893,-64.05783520717556,-115.71565162863068,-71.55311527860705,-125.05637974618395
molotok,Tokyo Dawn,digital with a modelled character,digital,digital,3.0,5000.0,0.1326301193357247,-58.709259324572535,-63.84070997704689,-113.0395447966157,,,,
molotok,Tokyo Dawn,digital with a modelled character,digital,digital,3.0,60.0,0.9010888400361025,-70.39622152156588,-41.24959504368145,-98.94197521188103,-52.93157705831164,-109.49672956595599,-59.92757543214431,-119.37322957949677
molotok,Tokyo Dawn,digital with a modelled character,digital,digital,6.0,1000.0,0.1311620156255091,-62.46859620551973,-59.4318981019288,-116.08289245849997,-79.52445885492321,-134.6519300179574,-85.20876878771561,-139.68492258264655
molotok,Tokyo Dawn,digital with a modelled character,digital,digital,6.0,220.0,0.8239529100324332,-64.5597207671059,-41.79133299880333,-98.03182956499285,-59.087667450951564,-114.99644616673106,-69.80400073500293,-129.893700265505
molotok,Tokyo Dawn,digital with a modelled character,digital,digital,6.0,5000.0,0.08085334667440751,-62.4047188006379,-71.02862588479502,-124.49299461498042,,,,
molotok,Tokyo Dawn,digital with a modelled character,digital,digital,6.0,60.0,3.050565688942086,-72.26372827503116,-30.477591127663153,-92.03462128092386,-45.00087989905498,-105.43915852662397,-55.1468094899311,-114.40742314915029
rcomp,Waves,"Renaissance, opto and electro modes",digital,digital,10.0,1000.0,2.677549864854659e-07,-171.78658056700914,-189.46819792172187,-200.0,-200.0,-200.0,-184.02969259245398,-197.51450936043585
rcomp,Waves,"Renaissance, opto and electro modes",digital,digital,10.0,220.0,0.0047683113876275055,-142.01571465548585,-86.48977381207573,-154.22710345796688,-105.27714666102845,-162.1104005460418,-142.21048916411138,-166.91310104741703
rcomp,Waves,"Renaissance, opto and electro modes",digital,digital,10.0,5000.0,2.068483179480874e-08,-200.0,-195.34521533982453,-198.79662860097642,,,,
rcomp,Waves,"Renaissance, opto and electro modes",digital,digital,10.0,60.0,0.33358738181761244,-102.77052522502244,-49.597445349454226,-114.60591070366786,-68.68067321019586,-124.90808075493406,-76.72318429903954,-129.74365901451085
rcomp,Waves,"Renaissance, opto and electro modes",digital,digital,15.0,1000.0,7.820096868709766e-07,-162.33454707061156,-178.5146859270847,-182.2661003693661,-187.71416604928632,-200.0,-182.7352314084172,-195.93337467529878
rcomp,Waves,"Renaissance, opto and electro modes",digital,digital,15.0,220.0,0.005473520563809497,-126.85661547833492,-85.28452800556866,-141.37536579048538,-104.68748496170682,-148.38542904541328,-144.7255673646691,-154.2591613173911
rcomp,Waves,"Renaissance, opto and electro modes",digital,digital,15.0,5000.0,2.7925976258087244e-08,-200.0,-191.43477420483697,-200.0,,,,
rcomp,Waves,"Renaissance, opto and electro modes",digital,digital,15.0,60.0,0.4141382146407356,-89.96967070166443,-47.70187170905635,-102.14993270037115,-68.25602310454326,-111.99407890293294,-75.94570664569291,-117.75010400001939
rcomp,Waves,"Renaissance, opto and electro modes",digital,digital,3.0,1000.0,1.1304959788474962e-07,-181.80809992500315,-190.84183924846246,-198.1734569726237,-192.4482114830734,-200.0,-183.40799247572076,-200.0
rcomp,Waves,"Renaissance, opto and electro modes",digital,digital,3.0,220.0,0.006658100821798775,-151.77806806395728,-83.5931628365138,-160.7566437950966,-102.14808101815841,-164.16599777975566,-138.74587260482005,-166.37492613436842
rcomp,Waves,"Renaissance, opto and electro modes",digital,digital,3.0,5000.0,3.773668382829928e-08,-200.0,-188.4928562306747,-200.0,,,,
rcomp,Waves,"Renaissance, opto and electro modes",digital,digital,3.0,60.0,0.3448885077365871,-111.77611291917142,-49.2759653564553,-123.43899476020829,-71.06909939124093,-133.55733595466862,-86.11655020901652,-138.85524634965128
rcomp,Waves,"Renaissance, opto and electro modes",digital,digital,6.0,1000.0,1.6046158880639367e-07,-180.5740997488595,-179.32574615171995,-197.5358189519187,-191.8076111739931,-200.0,-183.59809048151024,-200.0
rcomp,Waves,"Renaissance, opto and electro modes",digital,digital,6.0,220.0,0.00465406986696416,-149.63605100030338,-86.70039065974561,-157.923634172219,-105.48839015399749,-166.95484114633058,-142.0100837514572,-168.78039218242628
rcomp,Waves,"Renaissance, opto and electro modes",digital,digital,6.0,5000.0,3.1549424400948786e-08,-200.0,-190.06703399587985,-200.0,,,,
rcomp,Waves,"Renaissance, opto and electro modes",digital,digital,6.0,60.0,0.275288275602852,-111.39756534392058,-51.27123680008786,-123.9959353922466,-69.84125530920193,-135.06436974104776,-79.1112698821508,-141.00105499129995
solid_bus_comp,Softube,SSL G series bus compressor,vca-sslbus,vca,10.0,1000.0,0.13665919961104933,-200.0,-57.720874794629665,-200.0,-68.12038117759911,-200.0,-76.32332782972189,-200.0
solid_bus_comp,Softube,SSL G series bus compressor,vca-sslbus,vca,10.0,220.0,0.618118813295558,-200.0,-44.602665686630736,-200.0,-55.08940443151402,-200.0,-63.402418925792006,-200.0
solid_bus_comp,Softube,SSL G series bus compressor,vca-sslbus,vca,10.0,5000.0,0.02825390355726846,-200.0,-70.97843083210127,-200.0,,,,
solid_bus_comp,Softube,SSL G series bus compressor,vca-sslbus,vca,10.0,60.0,2.21376315377247,-200.0,-33.52446500711463,-200.0,-44.031305548513046,-200.0,-51.95480490299596,-200.0
solid_bus_comp,Softube,SSL G series bus compressor,vca-sslbus,vca,15.0,1000.0,0.1566091172926486,-200.0,-56.46684381825189,-200.0,-67.69430827526244,-200.0,-75.73221474998346,-200.0
solid_bus_comp,Softube,SSL G series bus compressor,vca-sslbus,vca,15.0,220.0,0.708415469721061,-200.0,-43.35026021123418,-200.0,-54.65310876168027,-200.0,-62.80096551322363,-200.0
solid_bus_comp,Softube,SSL G series bus compressor,vca-sslbus,vca,15.0,5000.0,0.03256426649715644,-200.0,-69.74517399532236,-200.0,,,,
solid_bus_comp,Softube,SSL G series bus compressor,vca-sslbus,vca,15.0,60.0,2.5296179856773726,-200.0,-32.30520748211338,-200.0,-43.52129693781298,-200.0,-51.36150997172909,-200.0
solid_bus_comp,Softube,SSL G series bus compressor,vca-sslbus,vca,3.0,1000.0,0.051766509271283845,-200.0,-66.69475025517913,-200.0,-73.6895130427859,-200.0,-79.52286638529579,-200.0
solid_bus_comp,Softube,SSL G series bus compressor,vca-sslbus,vca,3.0,220.0,0.23398100313642153,-200.0,-53.568886968095555,-200.0,-60.65310878796624,-200.0,-66.61960963082475,-200.0
solid_bus_comp,Softube,SSL G series bus compressor,vca-sslbus,vca,3.0,5000.0,0.010161180650004854,-200.0,-79.86111654971867,-200.0,,,,
solid_bus_comp,Softube,SSL G series bus compressor,vca-sslbus,vca,3.0,60.0,0.8476736493569611,-200.0,-42.37645653669902,-200.0,-49.51261726051496,-200.0,-55.51195488728449,-200.0
solid_bus_comp,Softube,SSL G series bus compressor,vca-sslbus,vca,6.0,1000.0,0.08537733321941615,-200.0,-62.076344572049145,-200.0,-70.3720118044834,-200.0,-77.65090620408326,-200.0
solid_bus_comp,Softube,SSL G series bus compressor,vca-sslbus,vca,6.0,220.0,0.386090272534239,-200.0,-48.95307997658914,-200.0,-57.33970023878078,-200.0,-64.74405039957959,-200.0
solid_bus_comp,Softube,SSL G series bus compressor,vca-sslbus,vca,6.0,5000.0,0.017221411841794796,-200.0,-75.27862494386524,-200.0,,,,
solid_bus_comp,Softube,SSL G series bus compressor,vca-sslbus,vca,6.0,60.0,1.3925362480895176,-200.0,-37.8001866980854,-200.0,-46.27170402515926,-200.0,-53.59653615984275,-200.0
solid_dynamics,Softube,SSL 4000 channel dynamics,vca-sslchannel,vca,10.0,1000.0,0.07261287008667275,-200.0,-62.93410760716941,-200.0,-77.85530625399589,-200.0,-86.93005435837586,-200.0
solid_dynamics,Softube,SSL 4000 channel dynamics,vca-sslchannel,vca,10.0,220.0,0.3291482733216312,-200.0,-49.8040725306671,-200.0,-64.78676529065552,-200.0,-73.95276864758503,-200.0
solid_dynamics,Softube,SSL 4000 channel dynamics,vca-sslchannel,vca,10.0,5000.0,0.01565358010939653,-200.0,-76.10772639693039,-200.0,,,,
solid_dynamics,Softube,SSL 4000 channel dynamics,vca-sslchannel,vca,10.0,60.0,1.203115693569518,-200.0,-38.54649998537918,-200.0,-53.50545993733803,-200.0,-62.69139004687232,-200.0
solid_dynamics,Softube,SSL 4000 channel dynamics,vca-sslchannel,vca,15.0,1000.0,0.07261287008667275,-200.0,-62.93410760716941,-200.0,-77.85530625399589,-200.0,-86.93005435837586,-200.0
solid_dynamics,Softube,SSL 4000 channel dynamics,vca-sslchannel,vca,15.0,220.0,0.3291482733216312,-200.0,-49.8040725306671,-200.0,-64.78676529065552,-200.0,-73.95276864758503,-200.0
solid_dynamics,Softube,SSL 4000 channel dynamics,vca-sslchannel,vca,15.0,5000.0,0.01565358010939653,-200.0,-76.10772639693039,-200.0,,,,
solid_dynamics,Softube,SSL 4000 channel dynamics,vca-sslchannel,vca,15.0,60.0,1.203115693569518,-200.0,-38.54649998537918,-200.0,-53.50545993733803,-200.0,-62.69139004687232,-200.0
solid_dynamics,Softube,SSL 4000 channel dynamics,vca-sslchannel,vca,3.0,1000.0,0.03926402411421818,-200.0,-68.22893239587651,-200.0,-84.56558243059126,-200.0,-94.94510213006458,-200.0
solid_dynamics,Softube,SSL 4000 channel dynamics,vca-sslchannel,vca,3.0,220.0,0.17805204049799414,-200.0,-55.09622813262959,-200.0,-71.49212168859033,-200.0,-81.97276973766657,-200.0
solid_dynamics,Softube,SSL 4000 channel dynamics,vca-sslchannel,vca,3.0,5000.0,0.008419486783681174,-200.0,-81.49428760898155,-200.0,,,,
solid_dynamics,Softube,SSL 4000 channel dynamics,vca-sslchannel,vca,3.0,60.0,0.6507087163373075,-200.0,-43.83964374179696,-200.0,-60.22515170329441,-200.0,-70.7279963337144,-200.0
solid_dynamics,Softube,SSL 4000 channel dynamics,vca-sslchannel,vca,6.0,1000.0,0.05568172318687918,-200.0,-65.22197226128897,-200.0,-80.65043030590766,-200.0,-90.15383182257284,-200.0
solid_dynamics,Softube,SSL 4000 channel dynamics,vca-sslchannel,vca,6.0,220.0,0.2524432774737184,-200.0,-52.09082641626811,-200.0,-67.57935724133549,-200.0,-77.17498315172348,-200.0
solid_dynamics,Softube,SSL 4000 channel dynamics,vca-sslchannel,vca,6.0,5000.0,0.01197419097466161,-200.0,-78.43507639268871,-200.0,,,,
solid_dynamics,Softube,SSL 4000 channel dynamics,vca-sslchannel,vca,6.0,60.0,0.9226609437564245,-200.0,-40.83372009411691,-200.0,-56.30514227325018,-200.0,-65.92101625705554,-200.0
ssl_gbus,UAD,SSL G series bus compressor,vca-sslbus,vca,10.0,1000.0,0.08145858679353833,-89.74359789108476,-62.19299761869232,-102.99027349154228,-72.71497514648718,-114.80155100494767,-82.68779632871602,-129.36295688854233
ssl_gbus,UAD,SSL G series bus compressor,vca-sslbus,vca,10.0,220.0,0.49724408213209464,-75.80234034461935,-46.83921376668476,-86.52333554743505,-54.69552707576881,-95.50706010825922,-62.223875735434305,-106.92541786870578
ssl_gbus,UAD,SSL G series bus compressor,vca-sslbus,vca,10.0,5000.0,0.003356944459597135,-110.7032863242192,-89.51467492347753,-127.71740320577612,,,,
ssl_gbus,UAD,SSL G series bus compressor,vca-sslbus,vca,10.0,60.0,1.8249749251134686,-66.49760966707436,-35.57374587227042,-76.50717301760352,-43.28050375831509,-83.52344344413346,-50.592535210385314,-89.70612911683624
ssl_gbus,UAD,SSL G series bus compressor,vca-sslbus,vca,15.0,1000.0,0.11947039786355433,-87.22723688659072,-58.847718686822205,-100.73798641169955,-69.54002659983736,-113.2203185991936,-79.86706284685008,-130.60132122613015
ssl_gbus,UAD,SSL G series bus compressor,vca-sslbus,vca,15.0,220.0,0.7265286010201387,-73.40303944139195,-43.506577162721676,-84.35411869396675,-51.5487310671126,-93.805538400239,-59.456319072693695,-105.20840346686327
ssl_gbus,UAD,SSL G series bus compressor,vca-sslbus,vca,15.0,5000.0,0.004938639010485924,-108.08151224416521,-86.15598255749397,-127.17532654308545,,,,
ssl_gbus,UAD,SSL G series bus compressor,vca-sslbus,vca,15.0,60.0,2.6361841746813255,-64.98607822882079,-32.321343803327274,-74.86106313395933,-40.30607683562081,-81.37007908581549,-48.11476366202855,-86.69000206101086
ssl_gbus,UAD,SSL G series bus compressor,vca-sslbus,vca,3.0,1000.0,0.023863417669299315,-97.73500162441033,-72.91023012147721,-110.26245785223782,-83.01609863269806,-120.5401566825708,-92.15653901227485,-130.37048410539367
ssl_gbus,UAD,SSL G series bus compressor,vca-sslbus,vca,3.0,220.0,0.14694746302317066,-83.6226833565045,-57.532320897666615,-93.64423236957579,-64.94572755429087,-101.11679704502919,-71.59934800668975,-109.3124308281759
ssl_gbus,UAD,SSL G series bus compressor,vca-sslbus,vca,3.0,5000.0,0.0009814298301353537,-119.23241642947282,-100.22305386828542,-128.7461997163009,,,,
ssl_gbus,UAD,SSL G series bus compressor,vca-sslbus,vca,3.0,60.0,0.5474066153744407,-72.8711119333673,-46.167749214216805,-82.6030639680101,-53.32616242387208,-89.56035850110848,-59.623460861430715,-96.70298954309342
ssl_gbus,UAD,SSL G series bus compressor,vca-sslbus,vca,6.0,1000.0,0.04951315997635781,-93.0023408577367,-66.53957938343086,-105.93346196815105,-76.87571297523546,-117.0210207438433,-86.47091508564219,-129.1482493275539
ssl_gbus,UAD,SSL G series bus compressor,vca-sslbus,vca,6.0,220.0,0.30343936089359913,-78.96373576294036,-51.17409164370778,-89.38482565227437,-58.83113563214572,-97.71243987528533,-65.96009610361422,-107.82309988344643
ssl_gbus,UAD,SSL G series bus compressor,vca-sslbus,vca,6.0,5000.0,0.0020354467702735405,-114.12518854026393,-93.86913168797163,-128.2310751456066,,,,
ssl_gbus,UAD,SSL G series bus compressor,vca-sslbus,vca,6.0,60.0,1.1234936708729233,-68.86258447336122,-39.84846492599442,-78.8403164805069,-47.29206782024761,-86.0819357733101,-54.12049462404457,-93.20678028512626
ssl_native_bus,SSL,SSL G series bus compressor,vca-sslbus,vca,10.0,1000.0,0.16679071376640214,-200.0,-56.49950154853988,-200.0,-63.75765789412799,-200.0,-69.13702330032721,-200.0
ssl_native_bus,SSL,SSL G series bus compressor,vca-sslbus,vca,10.0,220.0,0.7633054575357533,-200.0,-43.32944502902534,-200.0,-50.45855533452665,-200.0,-55.515889930213724,-200.0
ssl_native_bus,SSL,SSL G series bus compressor,vca-sslbus,vca,10.0,5000.0,0.021388885724762895,-200.0,-73.39623679682734,-200.0,,,,
ssl_native_bus,SSL,SSL G series bus compressor,vca-sslbus,vca,10.0,60.0,2.5468838883825353,-200.0,-32.75677701824483,-200.0,-40.44990626425874,-200.0,-45.459783159139235,-200.0
ssl_native_bus,SSL,SSL G series bus compressor,vca-sslbus,vca,15.0,1000.0,0.24283111282050435,-200.0,-53.11115707085847,-200.0,-61.038330169485384,-200.0,-66.49510469904496,-200.0
ssl_native_bus,SSL,SSL G series bus compressor,vca-sslbus,vca,15.0,220.0,1.1041557185420356,-200.0,-39.99269109572606,-200.0,-47.80241154911585,-200.0,-52.87275114528816,-200.0
ssl_native_bus,SSL,SSL G series bus compressor,vca-sslbus,vca,15.0,5000.0,0.031990300547570905,-200.0,-69.8996335943551,-200.0,,,,
ssl_native_bus,SSL,SSL G series bus compressor,vca-sslbus,vca,15.0,60.0,3.565359044666468,-200.0,-29.714764807465905,-200.0,-38.139422043619724,-200.0,-43.02650612614993,-200.0
ssl_native_bus,SSL,SSL G series bus compressor,vca-sslbus,vca,3.0,1000.0,0.0597987180775216,-200.0,-65.72948376866992,-200.0,-71.78235464973106,-200.0,-76.21276547714531,-200.0
ssl_native_bus,SSL,SSL G series bus compressor,vca-sslbus,vca,3.0,220.0,0.2763296293916085,-200.0,-52.502049564182656,-200.0,-58.37439328049221,-200.0,-62.50991553207044,-200.0
ssl_native_bus,SSL,SSL G series bus compressor,vca-sslbus,vca,3.0,5000.0,0.007248939719529733,-200.0,-82.79451023446131,-200.0,,,,
ssl_native_bus,SSL,SSL G series bus compressor,vca-sslbus,vca,3.0,60.0,0.9702755049968028,-200.0,-41.5307408061975,-200.0,-47.59302857589931,-200.0,-51.909597996700036,-200.0
ssl_native_bus,SSL,SSL G series bus compressor,vca-sslbus,vca,6.0,1000.0,0.11121068620708642,-200.0,-60.164100719811486,-200.0,-66.81491161625178,-200.0,-71.82773117156844,-200.0
ssl_native_bus,SSL,SSL G series bus compressor,vca-sslbus,vca,6.0,220.0,0.5110941625545027,-200.0,-46.964687178963175,-200.0,-53.47155553776019,-200.0,-58.21018560207801,-200.0
ssl_native_bus,SSL,SSL G series bus compressor,vca-sslbus,vca,6.0,5000.0,0.013885409718935931,-200.0,-77.14882601860181,-200.0,,,,
ssl_native_bus,SSL,SSL G series bus compressor,vca-sslbus,vca,6.0,60.0,1.7494230792422043,-200.0,-36.17879453713629,-200.0,-43.08729064842639,-200.0,-47.994437331474344,-200.0
supercharger_gt,Native Instruments,tube compressor,opto-other,tube,10.0,1000.0,0.04090869617686524,-88.29511683527133,-68.6844619398997,-170.6390938433553,-77.07041568391446,-184.9823119420303,-79.64175549284116,-191.6516628893499
supercharger_gt,Native Instruments,tube compressor,opto-other,tube,10.0,220.0,0.1652969396938679,-66.70492205946391,-56.7815163713409,-121.65250948911256,-65.59357445301897,-138.28080403272645,-68.3948565705065,-147.50264313990408
supercharger_gt,Native Instruments,tube compressor,opto-other,tube,10.0,5000.0,0.006487180288032504,-145.17798093967377,-83.75888377711891,-199.11109980691788,,,,
supercharger_gt,Native Instruments,tube compressor,opto-other,tube,10.0,60.0,0.24043403836868063,-63.19624416843139,-53.21561153770914,-112.7578717331344,-64.39920332629123,-121.94494261757599,-67.707503930591,-128.29030299865477
supercharger_gt,Native Instruments,tube compressor,opto-other,tube,15.0,1000.0,0.06912537211354902,-89.15583239080465,-64.11388949650637,-166.97568521710988,-72.43002838705914,-184.94580184883307,-74.9939630258445,-198.14840593379031
supercharger_gt,Native Instruments,tube compressor,opto-other,tube,15.0,220.0,0.27748323485222853,-67.50696507224923,-52.0561094474772,-117.91076237003038,-60.6908849915208,-134.25830052367724,-63.55912613708099,-143.6093226441791
supercharger_gt,Native Instruments,tube compressor,opto-other,tube,15.0,5000.0,0.01220993925099356,-146.08211801896593,-78.26573065458047,-196.2797381825024,,,,
supercharger_gt,Native Instruments,tube compressor,opto-other,tube,15.0,60.0,0.46814041653690724,-63.46912267651854,-47.14871183925291,-107.22518942387106,-58.085499734858736,-116.32174555483834,-62.00184857810888,-123.4877948328573
supercharger_gt,Native Instruments,tube compressor,opto-other,tube,3.0,1000.0,0.009469908945161509,-86.52061627565273,-82.24963580587831,-189.09912241007842,-92.97277490482136,-200.0,-95.55426450360868,-194.93349018409396
supercharger_gt,Native Instruments,tube compressor,opto-other,tube,3.0,220.0,0.06212485641399398,-65.23079962396113,-71.20505264949975,-133.19448833976054,-81.71603172717198,-152.79065449638796,-84.45726488198956,-161.90300408144066
supercharger_gt,Native Instruments,tube compressor,opto-other,tube,3.0,5000.0,0.003809061732521026,-143.28994124807116,-88.38365380873589,-200.0,,,,
supercharger_gt,Native Instruments,tube compressor,opto-other,tube,3.0,60.0,0.07673212571350771,-63.605147796579836,-68.48251372291168,-127.31972870097903,-81.42370181722558,-139.0072471837337,-84.25457920657136,-144.63842887802537
supercharger_gt,Native Instruments,tube compressor,opto-other,tube,6.0,1000.0,0.019771654709626378,-87.13550423853067,-75.12297655941256,-178.02321040275362,-83.8360036565561,-195.27401405940995,-86.41362161963407,-194.4227696788498
supercharger_gt,Native Instruments,tube compressor,opto-other,tube,6.0,220.0,0.09186995522291404,-65.6640956683027,-63.14772452833698,-126.57879792933564,-72.39114511223973,-143.97526446053155,-75.15227431913429,-153.10253037749987
supercharger_gt,Native Instruments,tube compressor,opto-other,tube,6.0,5000.0,0.0030283568878789794,-143.98767080027343,-90.3758778088639,-193.11509588461416,,,,
supercharger_gt,Native Instruments,tube compressor,opto-other,tube,6.0,60.0,0.1309275333176663,-62.95216620321754,-59.60700894537243,-118.53980921011421,-71.24247829907749,-128.31168540605236,-74.24431611689454,-134.21618036696802
vari_comp,Softube,Manley Variable Mu,varimu-other,vari-mu,10.0,1000.0,0.7091786957192524,-43.17728820715044,-70.84707420820092,-57.69695963352103,-74.74680386465137,-65.28822600621942,-78.72163969157297,-72.6046521023971
vari_comp,Softube,Manley Variable Mu,varimu-other,vari-mu,10.0,220.0,0.6611067455600231,-43.79766236007647,-71.33135789208058,-57.78255070138839,-73.78034211988786,-67.58888277435933,-78.01661919248444,-76.00774663796236
vari_comp,Softube,Manley Variable Mu,varimu-other,vari-mu,10.0,5000.0,0.7127195101887127,-43.07844373258896,-70.73674988218339,-58.26544276158194,,,,
vari_comp,Softube,Manley Variable Mu,varimu-other,vari-mu,10.0,60.0,0.663611330436752,-43.79471541084001,-63.744597713935256,-58.23291987595948,-72.63246568816878,-66.16337418422069,-76.30319168982521,-72.5129150571093
vari_comp,Softube,Manley Variable Mu,varimu-other,vari-mu,15.0,1000.0,0.7091786957192524,-43.17728820715044,-70.84707420820092,-57.69695963352103,-74.74680386465137,-65.28822600621942,-78.72163969157297,-72.6046521023971
vari_comp,Softube,Manley Variable Mu,varimu-other,vari-mu,15.0,220.0,0.6611067455600231,-43.79766236007647,-71.33135789208058,-57.78255070138839,-73.78034211988786,-67.58888277435933,-78.01661919248444,-76.00774663796236
vari_comp,Softube,Manley Variable Mu,varimu-other,vari-mu,15.0,5000.0,0.7127195101887127,-43.07844373258896,-70.73674988218339,-58.26544276158194,,,,
vari_comp,Softube,Manley Variable Mu,varimu-other,vari-mu,15.0,60.0,0.663611330436752,-43.79471541084001,-63.744597713935256,-58.23291987595948,-72.63246568816878,-66.16337418422069,-76.30319168982521,-72.5129150571093
vari_comp,Softube,Manley Variable Mu,varimu-other,vari-mu,3.0,1000.0,0.7091786957192524,-43.17728820715044,-70.84707420820092,-57.69695963352103,-74.74680386465137,-65.28822600621942,-78.72163969157297,-72.6046521023971
vari_comp,Softube,Manley Variable Mu,varimu-other,vari-mu,3.0,220.0,0.6611067455600231,-43.79766236007647,-71.33135789208058,-57.78255070138839,-73.78034211988786,-67.58888277435933,-78.01661919248444,-76.00774663796236
vari_comp,Softube,Manley Variable Mu,varimu-other,vari-mu,3.0,5000.0,0.7127195101887127,-43.07844373258896,-70.73674988218339,-58.26544276158194,,,,
vari_comp,Softube,Manley Variable Mu,varimu-other,vari-mu,3.0,60.0,0.663611330436752,-43.79471541084001,-63.744597713935256,-58.23291987595948,-72.63246568816878,-66.16337418422069,-76.30319168982521,-72.5129150571093
vari_comp,Softube,Manley Variable Mu,varimu-other,vari-mu,6.0,1000.0,0.7091786957192524,-43.17728820715044,-70.84707420820092,-57.69695963352103,-74.74680386465137,-65.28822600621942,-78.72163969157297,-72.6046521023971
vari_comp,Softube,Manley Variable Mu,varimu-other,vari-mu,6.0,220.0,0.6611067455600231,-43.79766236007647,-71.33135789208058,-57.78255070138839,-73.78034211988786,-67.58888277435933,-78.01661919248444,-76.00774663796236
vari_comp,Softube,Manley Variable Mu,varimu-other,vari-mu,6.0,5000.0,0.7127195101887127,-43.07844373258896,-70.73674988218339,-58.26544276158194,,,,
vari_comp,Softube,Manley Variable Mu,varimu-other,vari-mu,6.0,60.0,0.663611330436752,-43.79471541084001,-63.744597713935256,-58.23291987595948,-72.63246568816878,-66.16337418422069,-76.30319168982521,-72.5129150571093
vc160,Softube,dbx 160 VU,vca-dbx160,vca,10.0,1000.0,0.02607408092886845,-83.11338911545009,-72.43867120923589,-89.58114292641731,-84.02126177977294,-99.53503810919905,-90.58906451120697,-106.60656389533841
vc160,Softube,dbx 160 VU,vca-dbx160,vca,10.0,220.0,0.16555415996052666,-84.0604775689427,-55.742139963578566,-105.96652257892111,-72.19173430308726,-109.78181174640176,-79.61013255197976,-119.01370463160318
vc160,Softube,dbx 160 VU,vca-dbx160,vca,10.0,5000.0,0.0029276125523079646,-121.05170733681308,-91.29857505067957,-99.40235616605845,,,,
vc160,Softube,dbx 160 VU,vca-dbx160,vca,10.0,60.0,0.6716852006138376,-72.58074627784995,-43.507982252306014,-92.66101593567173,-63.89666366006292,-103.68358512984598,-71.78585812682152,-113.25184459152432
vc160,Softube,dbx 160 VU,vca-dbx160,vca,15.0,1000.0,0.02832332678475576,-82.77817565605106,-71.58546560828769,-92.61636340055828,-84.07276868953103,-99.5873684765846,-90.28067776724083,-106.62078300122515
vc160,Softube,dbx 160 VU,vca-dbx160,vca,15.0,220.0,0.17538149261611136,-83.10556274101906,-55.23781242196147,-104.49320775432673,-71.70596010683323,-115.83368958669942,-80.15549487227761,-119.94476120681342
vc160,Softube,dbx 160 VU,vca-dbx160,vca,15.0,5000.0,0.003164743207106031,-113.63794454756285,-90.01234158245056,-131.5186455259479,,,,
vc160,Softube,dbx 160 VU,vca-dbx160,vca,15.0,60.0,0.6871109578171886,-72.10644946212012,-43.31555922635303,-91.99430047314037,-63.0924673311944,-104.26344727903158,-72.7546741331577,-110.91608854224077
vc160,Softube,dbx 160 VU,vca-dbx160,vca,3.0,1000.0,0.026244146749521812,-77.71171237916644,-73.57169906477273,-85.88380297878005,-83.76321506520135,-97.10436335087935,-90.09769562018612,-103.45257306849561
vc160,Softube,dbx 160 VU,vca-dbx160,vca,3.0,220.0,0.15887034012915607,-80.06635505474716,-56.10740961430808,-86.26157665987613,-73.07762270118558,-100.34401707527132,-79.24610530112611,-106.64404706818641
vc160,Softube,dbx 160 VU,vca-dbx160,vca,3.0,5000.0,0.010138219507922847,-82.75316772591259,-83.79152551219181,-90.98792612121227,,,,
vc160,Softube,dbx 160 VU,vca-dbx160,vca,3.0,60.0,0.6633769594811249,-71.34507836166958,-43.616824058724035,-86.75980594422026,-64.20429593493094,-98.87868157052439,-71.64880822355629,-95.80644354369745
vc160,Softube,dbx 160 VU,vca-dbx160,vca,6.0,1000.0,0.02607408092886845,-83.11338911545009,-72.43867120923589,-89.58114292641731,-84.02126177977294,-99.53503810919905,-90.58906451120697,-106.60656389533841
vc160,Softube,dbx 160 VU,vca-dbx160,vca,6.0,220.0,0.16555415996052666,-84.0604775689427,-55.742139963578566,-105.96652257892111,-72.19173430308726,-109.78181174640176,-79.61013255197976,-119.01370463160318
vc160,Softube,dbx 160 VU,vca-dbx160,vca,6.0,5000.0,0.0029276125523079646,-121.05170733681308,-91.29857505067957,-99.40235616605845,,,,
vc160,Softube,dbx 160 VU,vca-dbx160,vca,6.0,60.0,0.6716852006138376,-72.58074627784995,-43.507982252306014,-92.66101593567173,-63.89666366006292,-103.68358512984598,-71.78585812682152,-113.25184459152432
vc2a,Softube,Teletronix LA-2A,opto-la2a,opto,10.0,1000.0,0.16805367698693832,-78.81838638342492,-55.55942182884798,-83.03234136881574,-76.28061126607096,-92.3397352683121,-87.29110041775124,-106.50661994185045
vc2a,Softube,Teletronix LA-2A,opto-la2a,opto,10.0,220.0,0.6055732135207976,-64.73767271366556,-44.49778757643124,-73.01654404752665,-61.11840216264209,-82.18666821396684,-81.22109982002114,-101.60278561265724
vc2a,Softube,Teletronix LA-2A,opto-la2a,opto,10.0,5000.0,0.035208687005519775,-88.49291618514206,-69.11727374914517,-109.28036298121548,,,,
vc2a,Softube,Teletronix LA-2A,opto-la2a,opto,10.0,60.0,0.9170027090286752,-54.63483227158353,-41.16513016841684,-65.42597591277298,-54.45606882048273,-79.60593280420491,-65.40375174443986,-79.80654394729677
vc2a,Softube,Teletronix LA-2A,opto-la2a,opto,15.0,1000.0,0.26319288131189617,-73.47039315771826,-51.65000801507422,-78.5866970516221,-76.01654893566375,-88.70736613094027,-85.68109518630303,-102.83674355598845
vc2a,Softube,Teletronix LA-2A,opto-la2a,opto,15.0,220.0,1.0776804908105029,-56.16832031164812,-39.522642985154,-63.06004857065106,-59.46210247415547,-75.9325619558074,-63.46122738895443,-86.209565761384
vc2a,Softube,Teletronix LA-2A,opto-la2a,opto,15.0,5000.0,0.0617097841725912,-89.13265557075603,-64.20794351897389,-100.26632555375579,,,,
vc2a,Softube,Teletronix LA-2A,opto-la2a,opto,15.0,60.0,1.7055998422880556,-47.5577344725489,-35.818496705377775,-59.09668701076012,-50.575529028604834,-72.95890528885712,-58.89813886337116,-69.18196187345154
vc2a,Softube,Teletronix LA-2A,opto-la2a,opto,3.0,1000.0,0.02016998190382393,-85.11900869301202,-74.4951893688447,-116.76560639251792,-87.07146228824458,-104.81834123916249,-100.99014519422596,-110.98927339526878
vc2a,Softube,Teletronix LA-2A,opto-la2a,opto,3.0,220.0,0.04246145796131677,-85.84175698798501,-67.86070083422031,-94.930591336101,-79.03441672868551,-101.82295991640714,-89.3978029415185,-109.37730648741704
vc2a,Softube,Teletronix LA-2A,opto-la2a,opto,3.0,5000.0,0.005613680932217869,-94.05498268104617,-85.61072988837354,-109.66167242961731,,,,
vc2a,Softube,Teletronix LA-2A,opto-la2a,opto,3.0,60.0,0.04048305715157825,-86.24695197532685,-68.48727344753524,-95.01442141935227,-77.66206150284147,-101.47841637112526,-86.35824040738682,-108.0425968605917
vc2a,Softube,Teletronix LA-2A,opto-la2a,opto,6.0,1000.0,0.08705194346264299,-81.77481277226022,-61.314393489022976,-88.84982964888478,-79.73075436620236,-102.20271471990372,-96.09134640970606,-102.81466721675767
vc2a,Softube,Teletronix LA-2A,opto-la2a,opto,6.0,220.0,0.28822166668118354,-70.99219919419552,-50.97937859098206,-79.53291257550143,-66.32082474372248,-87.98543085845739,-93.61576575737348,-103.33503976811733
vc2a,Softube,Teletronix LA-2A,opto-la2a,opto,6.0,5000.0,0.021642168366213178,-89.44632904220404,-73.40072833484263,-119.13442691634303,,,,
vc2a,Softube,Teletronix LA-2A,opto-la2a,opto,6.0,60.0,0.35278137983539726,-68.19703992251743,-49.39631671275171,-78.63703871957455,-61.12423904950315,-88.97835743200437,-78.08082533938634,-95.26287770750966
vc76,Softube,UREI 1176,fet-1176,fet,10.0,1000.0,0.08643080473258807,-66.6635362472187,-64.27391235919322,-68.97724196543662,-81.54811662569317,-78.75799937730017,-87.09317185162185,-80.53702988716202
vc76,Softube,UREI 1176,fet-1176,fet,10.0,220.0,0.2292107575256878,-55.27860078411355,-59.175905173928115,-62.07421239324515,-67.05946736698594,-70.09157613639657,-70.4776269088705,-71.28202739960516
vc76,Softube,UREI 1176,fet-1176,fet,10.0,5000.0,0.09288188585051678,-63.10545787069558,-65.03668976647765,-72.2204208344837,,,,
vc76,Softube,UREI 1176,fet-1176,fet,10.0,60.0,0.8630880377267567,-43.3591205581311,-48.29112427918385,-51.89261017028393,-54.98697007020376,-57.1659297616167,-59.17424292536254,-61.18928561236689
vc76,Softube,UREI 1176,fet-1176,fet,15.0,1000.0,0.0970231245418804,-65.59151158393418,-63.11429908135934,-68.54564727699423,-83.78153385131168,-77.54399222468179,-81.64845401519156,-80.55042229905422
vc76,Softube,UREI 1176,fet-1176,fet,15.0,220.0,0.3171066864669535,-52.57417344414783,-55.967609453875184,-60.06719860841254,-62.94956037692238,-67.47042861122843,-66.47606499817847,-69.95902228069731
vc76,Softube,UREI 1176,fet-1176,fet,15.0,5000.0,0.10008388859365769,-63.469213740990725,-62.9899403819434,-73.05678295631589,,,,
vc76,Softube,UREI 1176,fet-1176,fet,15.0,60.0,1.1395631240183888,-40.93402601277261,-45.72483298645484,-49.718122068468,-52.45416381930367,-55.19627405226531,-56.91448383838984,-59.83516090997434
vc76,Softube,UREI 1176,fet-1176,fet,3.0,1000.0,0.06876756637341123,-66.5680854409743,-68.65972910988317,-70.22095207372521,-82.72257948249236,-80.5356599109548,-86.59259361680242,-83.06111335720493
vc76,Softube,UREI 1176,fet-1176,fet,3.0,220.0,0.06863397568152287,-69.27338709679492,-66.28815842785687,-70.74753695168485,-78.26687612014193,-89.50850384090303,-82.68638433475675,-79.14038283056615
vc76,Softube,UREI 1176,fet-1176,fet,3.0,5000.0,0.08086487259468522,-62.98017720876806,-70.98449434584774,-71.5048374094277,,,,
vc76,Softube,UREI 1176,fet-1176,fet,3.0,60.0,0.21672879129950978,-55.736410382882625,-59.618937503184796,-63.538182845155184,-66.63210112780634,-69.23471163428968,-70.68817476710608,-71.43804032749401
vc76,Softube,UREI 1176,fet-1176,fet,6.0,1000.0,0.07788795021600994,-67.13237066518028,-65.6687337844102,-69.49852681081454,-80.47830059442728,-79.82101375970933,-85.25441726446928,-81.29689134184824
vc76,Softube,UREI 1176,fet-1176,fet,6.0,220.0,0.15939982959134127,-58.89130741870904,-61.60732981451026,-64.71283445682013,-70.18122118927577,-74.0240707409407,-73.86932378531402,-73.47165958800132
vc76,Softube,UREI 1176,fet-1176,fet,6.0,5000.0,0.08898602853164055,-62.936329609757344,-66.68431459641474,-71.63090893638375,,,,
vc76,Softube,UREI 1176,fet-1176,fet,6.0,60.0,0.578404880180271,-46.9407732984335,-51.646570127080395,-55.23372761632855,-58.24998173644113,-60.45396751069987,-62.32605169624619,-63.9232033624299
vcomp,Waves,Neve 2254 diode bridge,diode-neve,diode-bridge,10.0,1000.0,0.05870475340817331,-65.49340002917512,-74.24641432314999,-78.67213882864766,-82.27772475213564,-85.34405090699069,-88.14004740810321,-91.01326307242599
vcomp,Waves,Neve 2254 diode bridge,diode-neve,diode-bridge,10.0,220.0,0.21574509799116107,-54.71031643770958,-61.10912967463986,-65.5750486559331,-69.23276769717005,-72.3595698422332,-75.23030048979501,-78.18974962644165
vcomp,Waves,Neve 2254 diode bridge,diode-neve,diode-bridge,10.0,5000.0,0.036611232568162545,-68.81392175379932,-87.45137902618276,-90.77707783794176,,,,
vcomp,Waves,Neve 2254 diode bridge,diode-neve,diode-bridge,10.0,60.0,0.7773896882700808,-43.61395008166093,-49.875051591478325,-54.342625778210696,-58.000528732118255,-61.13203231755706,-64.01888090014245,-67.0047524515378
vcomp,Waves,Neve 2254 diode bridge,diode-neve,diode-bridge,15.0,1000.0,0.09893900073432657,-60.69465590717337,-71.06893608954721,-75.63482246152095,-79.35720176170712,-82.55978121213045,-85.59152299501095,-88.85753324609152
vcomp,Waves,Neve 2254 diode bridge,diode-neve,diode-bridge,15.0,220.0,0.31635181997026685,-51.28814784125477,-57.9610172033576,-62.560427191727,-66.33488588787105,-69.60079204538604,-72.69924656487824,-76.04773461924772
vcomp,Waves,Neve 2254 diode bridge,diode-neve,diode-bridge,15.0,5000.0,0.07319109862148701,-62.755040994519376,-84.2647065652076,-87.74836547002037,,,,
vcomp,Waves,Neve 2254 diode bridge,diode-neve,diode-bridge,15.0,60.0,1.1247921985574372,-40.341951072069065,-46.736800462510516,-51.346934719866496,-55.118909887700305,-58.3880437684822,-61.518132642650116,-64.90083190032155
vcomp,Waves,Neve 2254 diode bridge,diode-neve,diode-bridge,3.0,1000.0,0.017148574111513656,-76.25512057108268,-84.96887868357484,-88.80277475323496,-92.00560388964732,-94.91158370670453,-97.63956963830452,-100.26632847368654
vcomp,Waves,Neve 2254 diode bridge,diode-neve,diode-bridge,3.0,220.0,0.06078872987322433,-65.96988139310228,-71.83862049849152,-75.71012622656598,-78.96593200474936,-81.93328285597576,-84.73869923806251,-87.44932326583375
vcomp,Waves,Neve 2254 diode bridge,diode-neve,diode-bridge,3.0,5000.0,0.011292207662668436,-79.02546003582478,-98.13851169589111,-100.85053265855365,,,,
vcomp,Waves,Neve 2254 diode bridge,diode-neve,diode-bridge,3.0,60.0,0.21826243588427124,-54.92325314101177,-60.613259758305546,-64.48999771279065,-67.74417499298866,-70.71257831159582,-73.52066362810363,-76.2301216820969
vcomp,Waves,Neve 2254 diode bridge,diode-neve,diode-bridge,6.0,1000.0,0.03765544286674289,-69.45803560463992,-77.65496190898405,-81.99287885611642,-85.65620898730191,-88.87626396059987,-91.79293958852205,-94.60065850537106
vcomp,Waves,Neve 2254 diode bridge,diode-neve,diode-bridge,6.0,220.0,0.14363574934166,-58.291593207407686,-64.52806614027416,-68.90336488855459,-72.62527572970846,-75.89703462183724,-78.8947189031112,-81.77788713235465
vcomp,Waves,Neve 2254 diode bridge,diode-neve,diode-bridge,6.0,5000.0,0.021820870027249525,-73.33486253343187,-90.83724184044044,-94.08014842083315,,,,
vcomp,Waves,Neve 2254 diode bridge,diode-neve,diode-bridge,6.0,60.0,0.5194714744883723,-47.15840612930337,-53.274704004155694,-57.663939563274994,-61.37766529374286,-64.65539369304521,-67.6573890630283,-70.5554373707348
