slug,maker,models,group,element,gr_target_db,marking,phase,time_ms,gr_db
1176a,UAD,UREI 1176 Rev A bluestripe,fet-1176,fet,10.0,attack=1.00,attack,0.1,0.16672224546947145
1176a,UAD,UREI 1176 Rev A bluestripe,fet-1176,fet,10.0,attack=1.00,attack,0.2,0.11320533180743286
1176a,UAD,UREI 1176 Rev A bluestripe,fet-1176,fet,10.0,attack=1.00,attack,0.5,0.529053602364165
1176a,UAD,UREI 1176 Rev A bluestripe,fet-1176,fet,10.0,attack=1.00,attack,1.0,1.3568381391908417
1176a,UAD,UREI 1176 Rev A bluestripe,fet-1176,fet,10.0,attack=1.00,attack,10.0,7.007009531233448
1176a,UAD,UREI 1176 Rev A bluestripe,fet-1176,fet,10.0,attack=1.00,attack,100.0,8.212572471790876
1176a,UAD,UREI 1176 Rev A bluestripe,fet-1176,fet,10.0,attack=1.00,attack,1000.0,9.764766212625023
1176a,UAD,UREI 1176 Rev A bluestripe,fet-1176,fet,10.0,attack=1.00,attack,2.0,2.996647999104143
1176a,UAD,UREI 1176 Rev A bluestripe,fet-1176,fet,10.0,attack=1.00,attack,20.0,7.578322781137536
1176a,UAD,UREI 1176 Rev A bluestripe,fet-1176,fet,10.0,attack=1.00,attack,200.0,8.625641236311107
1176a,UAD,UREI 1176 Rev A bluestripe,fet-1176,fet,10.0,attack=1.00,attack,2000.0,9.494298361379837
1176a,UAD,UREI 1176 Rev A bluestripe,fet-1176,fet,10.0,attack=1.00,attack,5.0,5.7019178069604175
1176a,UAD,UREI 1176 Rev A bluestripe,fet-1176,fet,10.0,attack=1.00,attack,50.0,7.949102900474348
1176a,UAD,UREI 1176 Rev A bluestripe,fet-1176,fet,10.0,attack=1.00,attack,500.0,9.359811753946905
1176a,UAD,UREI 1176 Rev A bluestripe,fet-1176,fet,10.0,attack=1.00,attack,5000.0,0.011459965987847376
1176a,UAD,UREI 1176 Rev A bluestripe,fet-1176,fet,10.0,attack=1.00,release,0.1,9.405619256833337
1176a,UAD,UREI 1176 Rev A bluestripe,fet-1176,fet,10.0,attack=1.00,release,0.2,9.00035427966656
1176a,UAD,UREI 1176 Rev A bluestripe,fet-1176,fet,10.0,attack=1.00,release,0.5,9.12018510644489
1176a,UAD,UREI 1176 Rev A bluestripe,fet-1176,fet,10.0,attack=1.00,release,1.0,9.098317396463406
1176a,UAD,UREI 1176 Rev A bluestripe,fet-1176,fet,10.0,attack=1.00,release,10.0,9.685158847435053
1176a,UAD,UREI 1176 Rev A bluestripe,fet-1176,fet,10.0,attack=1.00,release,100.0,7.808954319040945
1176a,UAD,UREI 1176 Rev A bluestripe,fet-1176,fet,10.0,attack=1.00,release,1000.0,1.0959688473677835
1176a,UAD,UREI 1176 Rev A bluestripe,fet-1176,fet,10.0,attack=1.00,release,2.0,9.894433839188519
1176a,UAD,UREI 1176 Rev A bluestripe,fet-1176,fet,10.0,attack=1.00,release,20.0,9.495118429347922
1176a,UAD,UREI 1176 Rev A bluestripe,fet-1176,fet,10.0,attack=1.00,release,200.0,6.2222768727091005
1176a,UAD,UREI 1176 Rev A bluestripe,fet-1176,fet,10.0,attack=1.00,release,2000.0,0.11696834079794094
1176a,UAD,UREI 1176 Rev A bluestripe,fet-1176,fet,10.0,attack=1.00,release,5.0,9.73349568699095
1176a,UAD,UREI 1176 Rev A bluestripe,fet-1176,fet,10.0,attack=1.00,release,50.0,8.803676060664142
1176a,UAD,UREI 1176 Rev A bluestripe,fet-1176,fet,10.0,attack=1.00,release,500.0,3.2291646986634315
1176a,UAD,UREI 1176 Rev A bluestripe,fet-1176,fet,10.0,attack=1.00,release,5000.0,-7.087766949709362e-05
1176a,UAD,UREI 1176 Rev A bluestripe,fet-1176,fet,10.0,attack=2.00,attack,0.1,0.21976593350529594
1176a,UAD,UREI 1176 Rev A bluestripe,fet-1176,fet,10.0,attack=2.00,attack,0.2,0.31669395979585246
1176a,UAD,UREI 1176 Rev A bluestripe,fet-1176,fet,10.0,attack=2.00,attack,0.5,1.2905539366762948
1176a,UAD,UREI 1176 Rev A bluestripe,fet-1176,fet,10.0,attack=2.00,attack,1.0,2.6293517676225644
1176a,UAD,UREI 1176 Rev A bluestripe,fet-1176,fet,10.0,attack=2.00,attack,10.0,7.485462566176379
1176a,UAD,UREI 1176 Rev A bluestripe,fet-1176,fet,10.0,attack=2.00,attack,100.0,8.475725991026724
1176a,UAD,UREI 1176 Rev A bluestripe,fet-1176,fet,10.0,attack=2.00,attack,1000.0,10.029312583036928
1176a,UAD,UREI 1176 Rev A bluestripe,fet-1176,fet,10.0,attack=2.00,attack,2.0,4.389057840044526
1176a,UAD,UREI 1176 Rev A bluestripe,fet-1176,fet,10.0,attack=2.00,attack,20.0,7.901530303586297
1176a,UAD,UREI 1176 Rev A bluestripe,fet-1176,fet,10.0,attack=2.00,attack,200.0,8.889529906144741
1176a,UAD,UREI 1176 Rev A bluestripe,fet-1176,fet,10.0,attack=2.00,attack,2000.0,9.758423364876172
1176a,UAD,UREI 1176 Rev A bluestripe,fet-1176,fet,10.0,attack=2.00,attack,5.0,6.569545941567766
1176a,UAD,UREI 1176 Rev A bluestripe,fet-1176,fet,10.0,attack=2.00,attack,50.0,8.219150509933911
1176a,UAD,UREI 1176 Rev A bluestripe,fet-1176,fet,10.0,attack=2.00,attack,500.0,9.625415442256248
1176a,UAD,UREI 1176 Rev A bluestripe,fet-1176,fet,10.0,attack=2.00,attack,5000.0,0.01182858755190086
1176a,UAD,UREI 1176 Rev A bluestripe,fet-1176,fet,10.0,attack=2.00,release,0.1,9.66975475210113
1176a,UAD,UREI 1176 Rev A bluestripe,fet-1176,fet,10.0,attack=2.00,release,0.2,9.264291062664867
1176a,UAD,UREI 1176 Rev A bluestripe,fet-1176,fet,10.0,attack=2.00,release,0.5,9.384114175188632
1176a,UAD,UREI 1176 Rev A bluestripe,fet-1176,fet,10.0,attack=2.00,release,1.0,9.362006810765894
1176a,UAD,UREI 1176 Rev A bluestripe,fet-1176,fet,10.0,attack=2.00,release,10.0,9.943996719524758
1176a,UAD,UREI 1176 Rev A bluestripe,fet-1176,fet,10.0,attack=2.00,release,100.0,8.023459859203278
1176a,UAD,UREI 1176 Rev A bluestripe,fet-1176,fet,10.0,attack=2.00,release,1000.0,1.1307299398408843
1176a,UAD,UREI 1176 Rev A bluestripe,fet-1176,fet,10.0,attack=2.00,release,2.0,10.15767922040078
1176a,UAD,UREI 1176 Rev A bluestripe,fet-1176,fet,10.0,attack=2.00,release,20.0,9.748511774162104
1176a,UAD,UREI 1176 Rev A bluestripe,fet-1176,fet,10.0,attack=2.00,release,200.0,6.397073127892321
1176a,UAD,UREI 1176 Rev A bluestripe,fet-1176,fet,10.0,attack=2.00,release,2000.0,0.12089821819580049
1176a,UAD,UREI 1176 Rev A bluestripe,fet-1176,fet,10.0,attack=2.00,release,5.0,9.995099450158783
1176a,UAD,UREI 1176 Rev A bluestripe,fet-1176,fet,10.0,attack=2.00,release,50.0,9.041564001108833
1176a,UAD,UREI 1176 Rev A bluestripe,fet-1176,fet,10.0,attack=2.00,release,500.0,3.3260224115981125
1176a,UAD,UREI 1176 Rev A bluestripe,fet-1176,fet,10.0,attack=2.00,release,5000.0,-7.787391137004107e-05
1176a,UAD,UREI 1176 Rev A bluestripe,fet-1176,fet,10.0,attack=3.00,attack,0.1,0.29959168401658065
1176a,UAD,UREI 1176 Rev A bluestripe,fet-1176,fet,10.0,attack=3.00,attack,0.2,0.5777076209728866
1176a,UAD,UREI 1176 Rev A bluestripe,fet-1176,fet,10.0,attack=3.00,attack,0.5,2.038212378014243
1176a,UAD,UREI 1176 Rev A bluestripe,fet-1176,fet,10.0,attack=3.00,attack,1.0,3.5814644469727517
1176a,UAD,UREI 1176 Rev A bluestripe,fet-1176,fet,10.0,attack=3.00,attack,10.0,7.598337285743208
1176a,UAD,UREI 1176 Rev A bluestripe,fet-1176,fet,10.0,attack=3.00,attack,100.0,8.443542298650577
1176a,UAD,UREI 1176 Rev A bluestripe,fet-1176,fet,10.0,attack=3.00,attack,1000.0,9.980307965865705
1176a,UAD,UREI 1176 Rev A bluestripe,fet-1176,fet,10.0,attack=3.00,attack,2.0,5.22218238386349
1176a,UAD,UREI 1176 Rev A bluestripe,fet-1176,fet,10.0,attack=3.00,attack,20.0,7.938173012589056
1176a,UAD,UREI 1176 Rev A bluestripe,fet-1176,fet,10.0,attack=3.00,attack,200.0,8.853505888216995
1176a,UAD,UREI 1176 Rev A bluestripe,fet-1176,fet,10.0,attack=3.00,attack,2000.0,9.708229748622049
1176a,UAD,UREI 1176 Rev A bluestripe,fet-1176,fet,10.0,attack=3.00,attack,5.0,6.959636400684945
1176a,UAD,UREI 1176 Rev A bluestripe,fet-1176,fet,10.0,attack=3.00,attack,50.0,8.193891521206124
1176a,UAD,UREI 1176 Rev A bluestripe,fet-1176,fet,10.0,attack=3.00,attack,500.0,9.581489644348125
1176a,UAD,UREI 1176 Rev A bluestripe,fet-1176,fet,10.0,attack=3.00,attack,5000.0,0.01175997982556698
1176a,UAD,UREI 1176 Rev A bluestripe,fet-1176,fet,10.0,attack=3.00,release,0.1,9.619699334070024
1176a,UAD,UREI 1176 Rev A bluestripe,fet-1176,fet,10.0,attack=3.00,release,0.2,9.214611830948822
1176a,UAD,UREI 1176 Rev A bluestripe,fet-1176,fet,10.0,attack=3.00,release,0.5,9.334368332270843
1176a,UAD,UREI 1176 Rev A bluestripe,fet-1176,fet,10.0,attack=3.00,release,1.0,9.312292819484838
1176a,UAD,UREI 1176 Rev A bluestripe,fet-1176,fet,10.0,attack=3.00,release,10.0,9.8944939136951
1176a,UAD,UREI 1176 Rev A bluestripe,fet-1176,fet,10.0,attack=3.00,release,100.0,7.982505105687547
1176a,UAD,UREI 1176 Rev A bluestripe,fet-1176,fet,10.0,attack=3.00,release,1000.0,1.1235549143112094
1176a,UAD,UREI 1176 Rev A bluestripe,fet-1176,fet,10.0,attack=3.00,release,2.0,10.107387110432885
1176a,UAD,UREI 1176 Rev A bluestripe,fet-1176,fet,10.0,attack=3.00,release,20.0,9.700033465966522
1176a,UAD,UREI 1176 Rev A bluestripe,fet-1176,fet,10.0,attack=3.00,release,200.0,6.363703947751439
1176a,UAD,UREI 1176 Rev A bluestripe,fet-1176,fet,10.0,attack=3.00,release,2000.0,0.12010147679938754
1176a,UAD,UREI 1176 Rev A bluestripe,fet-1176,fet,10.0,attack=3.00,release,5.0,9.945127225841993
1176a,UAD,UREI 1176 Rev A bluestripe,fet-1176,fet,10.0,attack=3.00,release,50.0,8.99612259857622
1176a,UAD,UREI 1176 Rev A bluestripe,fet-1176,fet,10.0,attack=3.00,release,500.0,3.3058927839569687
1176a,UAD,UREI 1176 Rev A bluestripe,fet-1176,fet,10.0,attack=3.00,release,5000.0,-7.255088604463111e-05
1176a,UAD,UREI 1176 Rev A bluestripe,fet-1176,fet,10.0,attack=4.00,attack,0.1,0.4188460255345374
1176a,UAD,UREI 1176 Rev A bluestripe,fet-1176,fet,10.0,attack=4.00,attack,0.2,0.9080837362052447
1176a,UAD,UREI 1176 Rev A bluestripe,fet-1176,fet,10.0,attack=4.00,attack,0.5,2.8062606501184533
1176a,UAD,UREI 1176 Rev A bluestripe,fet-1176,fet,10.0,attack=4.00,attack,1.0,4.393763773527611
1176a,UAD,UREI 1176 Rev A bluestripe,fet-1176,fet,10.0,attack=4.00,attack,10.0,7.630018378434708
1176a,UAD,UREI 1176 Rev A bluestripe,fet-1176,fet,10.0,attack=4.00,attack,100.0,8.34032328119451
1176a,UAD,UREI 1176 Rev A bluestripe,fet-1176,fet,10.0,attack=4.00,attack,1000.0,9.85924031015774
1176a,UAD,UREI 1176 Rev A bluestripe,fet-1176,fet,10.0,attack=4.00,attack,2.0,5.824888801991715
1176a,UAD,UREI 1176 Rev A bluestripe,fet-1176,fet,10.0,attack=4.00,attack,20.0,7.892981585577146
1176a,UAD,UREI 1176 Rev A bluestripe,fet-1176,fet,10.0,attack=4.00,attack,200.0,8.746092434916322
1176a,UAD,UREI 1176 Rev A bluestripe,fet-1176,fet,10.0,attack=4.00,attack,2000.0,9.586062355561435
1176a,UAD,UREI 1176 Rev A bluestripe,fet-1176,fet,10.0,attack=4.00,attack,5.0,7.16989748143532
1176a,UAD,UREI 1176 Rev A bluestripe,fet-1176,fet,10.0,attack=4.00,attack,50.0,8.094403172825862
1176a,UAD,UREI 1176 Rev A bluestripe,fet-1176,fet,10.0,attack=4.00,attack,500.0,9.465535946896939
1176a,UAD,UREI 1176 Rev A bluestripe,fet-1176,fet,10.0,attack=4.00,attack,5000.0,0.011596521010106997
1176a,UAD,UREI 1176 Rev A bluestripe,fet-1176,fet,10.0,attack=4.00,release,0.1,9.49770014409895
1176a,UAD,UREI 1176 Rev A bluestripe,fet-1176,fet,10.0,attack=4.00,release,0.2,9.0930436052395
1176a,UAD,UREI 1176 Rev A bluestripe,fet-1176,fet,10.0,attack=4.00,release,0.5,9.212761907523245
1176a,UAD,UREI 1176 Rev A bluestripe,fet-1176,fet,10.0,attack=4.00,release,1.0,9.190753270142991
1176a,UAD,UREI 1176 Rev A bluestripe,fet-1176,fet,10.0,attack=4.00,release,10.0,9.77439555392752
1176a,UAD,UREI 1176 Rev A bluestripe,fet-1176,fet,10.0,attack=4.00,release,100.0,7.883009110790171
1176a,UAD,UREI 1176 Rev A bluestripe,fet-1176,fet,10.0,attack=4.00,release,1000.0,1.1073484491339527
1176a,UAD,UREI 1176 Rev A bluestripe,fet-1176,fet,10.0,attack=4.00,release,2.0,9.985310598468935
1176a,UAD,UREI 1176 Rev A bluestripe,fet-1176,fet,10.0,attack=4.00,release,20.0,9.582443821015595
1176a,UAD,UREI 1176 Rev A bluestripe,fet-1176,fet,10.0,attack=4.00,release,200.0,6.282709717662593
1176a,UAD,UREI 1176 Rev A bluestripe,fet-1176,fet,10.0,attack=4.00,release,2000.0,0.11828688948581423
1176a,UAD,UREI 1176 Rev A bluestripe,fet-1176,fet,10.0,attack=4.00,release,5.0,9.823817053493435
1176a,UAD,UREI 1176 Rev A bluestripe,fet-1176,fet,10.0,attack=4.00,release,50.0,8.88578698863472
1176a,UAD,UREI 1176 Rev A bluestripe,fet-1176,fet,10.0,attack=4.00,release,500.0,3.261105744714234
1176a,UAD,UREI 1176 Rev A bluestripe,fet-1176,fet,10.0,attack=4.00,release,5000.0,-6.100175768519733e-05
1176a,UAD,UREI 1176 Rev A bluestripe,fet-1176,fet,10.0,attack=5.00,attack,0.1,0.624138861966725
1176a,UAD,UREI 1176 Rev A bluestripe,fet-1176,fet,10.0,attack=5.00,attack,0.2,1.3949571962618497
1176a,UAD,UREI 1176 Rev A bluestripe,fet-1176,fet,10.0,attack=5.00,attack,0.5,3.714274422378802
1176a,UAD,UREI 1176 Rev A bluestripe,fet-1176,fet,10.0,attack=5.00,attack,1.0,5.2059313739017705
1176a,UAD,UREI 1176 Rev A bluestripe,fet-1176,fet,10.0,attack=5.00,attack,10.0,7.5823150579958165
1176a,UAD,UREI 1176 Rev A bluestripe,fet-1176,fet,10.0,attack=5.00,attack,100.0,8.146059070568807
1176a,UAD,UREI 1176 Rev A bluestripe,fet-1176,fet,10.0,attack=5.00,attack,1000.0,9.64182285755184
1176a,UAD,UREI 1176 Rev A bluestripe,fet-1176,fet,10.0,attack=5.00,attack,2.0,6.3061515317062815
1176a,UAD,UREI 1176 Rev A bluestripe,fet-1176,fet,10.0,attack=5.00,attack,20.0,7.736298190214081
1176a,UAD,UREI 1176 Rev A bluestripe,fet-1176,fet,10.0,attack=5.00,attack,200.0,8.546177392908941
1176a,UAD,UREI 1176 Rev A bluestripe,fet-1176,fet,10.0,attack=5.00,attack,2000.0,9.367535978672016
1176a,UAD,UREI 1176 Rev A bluestripe,fet-1176,fet,10.0,attack=5.00,attack,5.0,7.235855835128899
1176a,UAD,UREI 1176 Rev A bluestripe,fet-1176,fet,10.0,attack=5.00,attack,50.0,7.903609052799409
1176a,UAD,UREI 1176 Rev A bluestripe,fet-1176,fet,10.0,attack=5.00,attack,500.0,9.254491092319526
1176a,UAD,UREI 1176 Rev A bluestripe,fet-1176,fet,10.0,attack=5.00,attack,5000.0,0.011286562580257176
1176a,UAD,UREI 1176 Rev A bluestripe,fet-1176,fet,10.0,attack=5.00,release,0.1,9.279407375914506
1176a,UAD,UREI 1176 Rev A bluestripe,fet-1176,fet,10.0,attack=5.00,release,0.2,8.875242192514579
1176a,UAD,UREI 1176 Rev A bluestripe,fet-1176,fet,10.0,attack=5.00,release,0.5,8.994997063640218
1176a,UAD,UREI 1176 Rev A bluestripe,fet-1176,fet,10.0,attack=5.00,release,1.0,8.973086241140633
1176a,UAD,UREI 1176 Rev A bluestripe,fet-1176,fet,10.0,attack=5.00,release,10.0,9.559786009905325
1176a,UAD,UREI 1176 Rev A bluestripe,fet-1176,fet,10.0,attack=5.00,release,100.0,7.705440408629649
1176a,UAD,UREI 1176 Rev A bluestripe,fet-1176,fet,10.0,attack=5.00,release,1000.0,1.0790284489601834
1176a,UAD,UREI 1176 Rev A bluestripe,fet-1176,fet,10.0,attack=5.00,release,2.0,9.767147394075131
1176a,UAD,UREI 1176 Rev A bluestripe,fet-1176,fet,10.0,attack=5.00,release,20.0,9.372341353658022
1176a,UAD,UREI 1176 Rev A bluestripe,fet-1176,fet,10.0,attack=5.00,release,200.0,6.137963636391847
1176a,UAD,UREI 1176 Rev A bluestripe,fet-1176,fet,10.0,attack=5.00,release,2000.0,0.115067197675633
1176a,UAD,UREI 1176 Rev A bluestripe,fet-1176,fet,10.0,attack=5.00,release,5.0,9.606993722682642
1176a,UAD,UREI 1176 Rev A bluestripe,fet-1176,fet,10.0,attack=5.00,release,50.0,8.688673718159087
1176a,UAD,UREI 1176 Rev A bluestripe,fet-1176,fet,10.0,attack=5.00,release,500.0,3.182081802371259
1176a,UAD,UREI 1176 Rev A bluestripe,fet-1176,fet,10.0,attack=5.00,release,5000.0,-4.723096392744708e-05
1176a,UAD,UREI 1176 Rev A bluestripe,fet-1176,fet,10.0,attack=6.00,attack,0.1,1.0805184610548082
1176a,UAD,UREI 1176 Rev A bluestripe,fet-1176,fet,10.0,attack=6.00,attack,0.2,2.263359142314853
1176a,UAD,UREI 1176 Rev A bluestripe,fet-1176,fet,10.0,attack=6.00,attack,0.5,4.855996042404037
1176a,UAD,UREI 1176 Rev A bluestripe,fet-1176,fet,10.0,attack=6.00,attack,1.0,5.926746144082156
1176a,UAD,UREI 1176 Rev A bluestripe,fet-1176,fet,10.0,attack=6.00,attack,10.0,7.194071795160461
1176a,UAD,UREI 1176 Rev A bluestripe,fet-1176,fet,10.0,attack=6.00,attack,100.0,7.664404771167437
1176a,UAD,UREI 1176 Rev A bluestripe,fet-1176,fet,10.0,attack=6.00,attack,1000.0,9.122658224067411
1176a,UAD,UREI 1176 Rev A bluestripe,fet-1176,fet,10.0,attack=6.00,attack,2.0,6.500531086171545
1176a,UAD,UREI 1176 Rev A bluestripe,fet-1176,fet,10.0,attack=6.00,attack,20.0,7.268721093409536
1176a,UAD,UREI 1176 Rev A bluestripe,fet-1176,fet,10.0,attack=6.00,attack,200.0,8.053343452540071
1176a,UAD,UREI 1176 Rev A bluestripe,fet-1176,fet,10.0,attack=6.00,attack,2000.0,8.847990067899186
1176a,UAD,UREI 1176 Rev A bluestripe,fet-1176,fet,10.0,attack=6.00,attack,5.0,7.04637520526626
1176a,UAD,UREI 1176 Rev A bluestripe,fet-1176,fet,10.0,attack=6.00,attack,50.0,7.428980101308731
1176a,UAD,UREI 1176 Rev A bluestripe,fet-1176,fet,10.0,attack=6.00,attack,500.0,8.744025987501761
1176a,UAD,UREI 1176 Rev A bluestripe,fet-1176,fet,10.0,attack=6.00,attack,5000.0,0.0105307480516732
1176a,UAD,UREI 1176 Rev A bluestripe,fet-1176,fet,10.0,attack=6.00,release,0.1,8.760208464553678
1176a,UAD,UREI 1176 Rev A bluestripe,fet-1176,fet,10.0,attack=6.00,release,0.2,8.356725238083623
1176a,UAD,UREI 1176 Rev A bluestripe,fet-1176,fet,10.0,attack=6.00,release,0.5,8.47668255879736
1176a,UAD,UREI 1176 Rev A bluestripe,fet-1176,fet,10.0,attack=6.00,release,1.0,8.455080173338567
1176a,UAD,UREI 1176 Rev A bluestripe,fet-1176,fet,10.0,attack=6.00,release,10.0,9.050259656624977
1176a,UAD,UREI 1176 Rev A bluestripe,fet-1176,fet,10.0,attack=6.00,release,100.0,7.284041103993391
1176a,UAD,UREI 1176 Rev A bluestripe,fet-1176,fet,10.0,attack=6.00,release,1000.0,1.0118991353305087
1176a,UAD,UREI 1176 Rev A bluestripe,fet-1176,fet,10.0,attack=6.00,release,2.0,9.249046604320796
1176a,UAD,UREI 1176 Rev A bluestripe,fet-1176,fet,10.0,attack=6.00,release,20.0,8.87360932224726
1176a,UAD,UREI 1176 Rev A bluestripe,fet-1176,fet,10.0,attack=6.00,release,200.0,5.7952005717614785
1176a,UAD,UREI 1176 Rev A bluestripe,fet-1176,fet,10.0,attack=6.00,release,2000.0,0.1075432348199099
1176a,UAD,UREI 1176 Rev A bluestripe,fet-1176,fet,10.0,attack=6.00,release,5.0,9.092088133196334
1176a,UAD,UREI 1176 Rev A bluestripe,fet-1176,fet,10.0,attack=6.00,release,50.0,8.220732097678718
1176a,UAD,UREI 1176 Rev A bluestripe,fet-1176,fet,10.0,attack=6.00,release,500.0,2.9943024896151718
1176a,UAD,UREI 1176 Rev A bluestripe,fet-1176,fet,10.0,attack=6.00,release,5000.0,-2.0123917034986505e-05
1176a,UAD,UREI 1176 Rev A bluestripe,fet-1176,fet,10.0,attack=7.00,attack,0.1,2.094192278851606
1176a,UAD,UREI 1176 Rev A bluestripe,fet-1176,fet,10.0,attack=7.00,attack,0.2,3.6383747537223665
1176a,UAD,UREI 1176 Rev A bluestripe,fet-1176,fet,10.0,attack=7.00,attack,0.5,6.020353720862183
1176a,UAD,UREI 1176 Rev A bluestripe,fet-1176,fet,10.0,attack=7.00,attack,1.0,6.451396308401013
1176a,UAD,UREI 1176 Rev A bluestripe,fet-1176,fet,10.0,attack=7.00,attack,10.0,6.942872376239278
1176a,UAD,UREI 1176 Rev A bluestripe,fet-1176,fet,10.0,attack=7.00,attack,100.0,7.384783743900268
1176a,UAD,UREI 1176 Rev A bluestripe,fet-1176,fet,10.0,attack=7.00,attack,1000.0,8.810617620809943
1176a,UAD,UREI 1176 Rev A bluestripe,fet-1176,fet,10.0,attack=7.00,attack,2.0,6.634574465898464
1176a,UAD,UREI 1176 Rev A bluestripe,fet-1176,fet,10.0,attack=7.00,attack,20.0,7.0015565112422955
1176a,UAD,UREI 1176 Rev A bluestripe,fet-1176,fet,10.0,attack=7.00,attack,200.0,7.765646310269531
1176a,UAD,UREI 1176 Rev A bluestripe,fet-1176,fet,10.0,attack=7.00,attack,2000.0,8.534282364344977
1176a,UAD,UREI 1176 Rev A bluestripe,fet-1176,fet,10.0,attack=7.00,attack,5.0,6.865895668965407
1176a,UAD,UREI 1176 Rev A bluestripe,fet-1176,fet,10.0,attack=7.00,attack,50.0,7.154150991085244
1176a,UAD,UREI 1176 Rev A bluestripe,fet-1176,fet,10.0,attack=7.00,attack,500.0,8.440657182516198
1176a,UAD,UREI 1176 Rev A bluestripe,fet-1176,fet,10.0,attack=7.00,attack,5000.0,0.010086076144379064
1176a,UAD,UREI 1176 Rev A bluestripe,fet-1176,fet,10.0,attack=7.00,release,0.1,8.446699808460304
1176a,UAD,UREI 1176 Rev A bluestripe,fet-1176,fet,10.0,attack=7.00,release,0.2,8.044209827198989
1176a,UAD,UREI 1176 Rev A bluestripe,fet-1176,fet,10.0,attack=7.00,release,0.5,8.163949155171947
1176a,UAD,UREI 1176 Rev A bluestripe,fet-1176,fet,10.0,attack=7.00,release,1.0,8.142678222918924
1176a,UAD,UREI 1176 Rev A bluestripe,fet-1176,fet,10.0,attack=7.00,release,10.0,8.742397095593224
1176a,UAD,UREI 1176 Rev A bluestripe,fet-1176,fet,10.0,attack=7.00,release,100.0,7.029864715897935
1176a,UAD,UREI 1176 Rev A bluestripe,fet-1176,fet,10.0,attack=7.00,release,1000.0,0.9730376235942488
1176a,UAD,UREI 1176 Rev A bluestripe,fet-1176,fet,10.0,attack=7.00,release,2.0,8.935912121158246
1176a,UAD,UREI 1176 Rev A bluestripe,fet-1176,fet,10.0,attack=7.00,release,20.0,8.572321692581063
1176a,UAD,UREI 1176 Rev A bluestripe,fet-1176,fet,10.0,attack=7.00,release,200.0,5.588777371337368
1176a,UAD,UREI 1176 Rev A bluestripe,fet-1176,fet,10.0,attack=7.00,release,2000.0,0.1032883155904436
1176a,UAD,UREI 1176 Rev A bluestripe,fet-1176,fet,10.0,attack=7.00,release,5.0,8.780997201275305
1176a,UAD,UREI 1176 Rev A bluestripe,fet-1176,fet,10.0,attack=7.00,release,50.0,7.938278369134672
1176a,UAD,UREI 1176 Rev A bluestripe,fet-1176,fet,10.0,attack=7.00,release,500.0,2.8854549310643205
1176a,UAD,UREI 1176 Rev A bluestripe,fet-1176,fet,10.0,attack=7.00,release,5000.0,-2.8835506187263604e-06
1176a,UAD,UREI 1176 Rev A bluestripe,fet-1176,fet,10.0,release=1.0,attack,0.1,0.3820262484848449
1176a,UAD,UREI 1176 Rev A bluestripe,fet-1176,fet,10.0,release=1.0,attack,0.2,0.8234031246472933
1176a,UAD,UREI 1176 Rev A bluestripe,fet-1176,fet,10.0,release=1.0,attack,0.5,2.602918944220472
1176a,UAD,UREI 1176 Rev A bluestripe,fet-1176,fet,10.0,release=1.0,attack,1.0,4.13178536040394
1176a,UAD,UREI 1176 Rev A bluestripe,fet-1176,fet,10.0,release=1.0,attack,10.0,7.395985108342293
1176a,UAD,UREI 1176 Rev A bluestripe,fet-1176,fet,10.0,release=1.0,attack,100.0,8.214279954283928
1176a,UAD,UREI 1176 Rev A bluestripe,fet-1176,fet,10.0,release=1.0,attack,1000.0,9.685805136987177
1176a,UAD,UREI 1176 Rev A bluestripe,fet-1176,fet,10.0,release=1.0,attack,2.0,5.538226516050293
1176a,UAD,UREI 1176 Rev A bluestripe,fet-1176,fet,10.0,release=1.0,attack,20.0,7.70273123036028
1176a,UAD,UREI 1176 Rev A bluestripe,fet-1176,fet,10.0,release=1.0,attack,200.0,8.60850263331628
1176a,UAD,UREI 1176 Rev A bluestripe,fet-1176,fet,10.0,release=1.0,attack,2000.0,9.411308010089002
1176a,UAD,UREI 1176 Rev A bluestripe,fet-1176,fet,10.0,release=1.0,attack,5.0,6.8874137279164875
1176a,UAD,UREI 1176 Rev A bluestripe,fet-1176,fet,10.0,release=1.0,attack,50.0,7.958051196123947
1176a,UAD,UREI 1176 Rev A bluestripe,fet-1176,fet,10.0,release=1.0,attack,500.0,9.305608579279664
1176a,UAD,UREI 1176 Rev A bluestripe,fet-1176,fet,10.0,release=1.0,attack,5000.0,0.6877809113020428
1176a,UAD,UREI 1176 Rev A bluestripe,fet-1176,fet,10.0,release=1.0,release,0.1,9.322215121670864
1176a,UAD,UREI 1176 Rev A bluestripe,fet-1176,fet,10.0,release=1.0,release,0.2,8.91809954539561
1176a,UAD,UREI 1176 Rev A bluestripe,fet-1176,fet,10.0,release=1.0,release,0.5,9.041588501172926
1176a,UAD,UREI 1176 Rev A bluestripe,fet-1176,fet,10.0,release=1.0,release,1.0,9.026068219888709
1176a,UAD,UREI 1176 Rev A bluestripe,fet-1176,fet,10.0,release=1.0,release,10.0,9.761935923308837
1176a,UAD,UREI 1176 Rev A bluestripe,fet-1176,fet,10.0,release=1.0,release,100.0,9.096740839403733
1176a,UAD,UREI 1176 Rev A bluestripe,fet-1176,fet,10.0,release=1.0,release,1000.0,4.34586138060853
1176a,UAD,UREI 1176 Rev A bluestripe,fet-1176,fet,10.0,release=1.0,release,2.0,9.842475678385007
1176a,UAD,UREI 1176 Rev A bluestripe,fet-1176,fet,10.0,release=1.0,release,20.0,9.730513095917654
1176a,UAD,UREI 1176 Rev A bluestripe,fet-1176,fet,10.0,release=1.0,release,200.0,8.431059672784036
1176a,UAD,UREI 1176 Rev A bluestripe,fet-1176,fet,10.0,release=1.0,release,2000.0,1.7685745991159618
1176a,UAD,UREI 1176 Rev A bluestripe,fet-1176,fet,10.0,release=1.0,release,5.0,9.729100393461533
1176a,UAD,UREI 1176 Rev A bluestripe,fet-1176,fet,10.0,release=1.0,release,50.0,9.473672806349828
1176a,UAD,UREI 1176 Rev A bluestripe,fet-1176,fet,10.0,release=1.0,release,500.0,6.636792893752666
1176a,UAD,UREI 1176 Rev A bluestripe,fet-1176,fet,10.0,release=1.0,release,5000.0,0.09639513219168361
1176a,UAD,UREI 1176 Rev A bluestripe,fet-1176,fet,10.0,release=2.0,attack,0.1,0.3792688158061708
1176a,UAD,UREI 1176 Rev A bluestripe,fet-1176,fet,10.0,release=2.0,attack,0.2,0.8169412156840279
1176a,UAD,UREI 1176 Rev A bluestripe,fet-1176,fet,10.0,release=2.0,attack,0.5,2.5870321138220413
1176a,UAD,UREI 1176 Rev A bluestripe,fet-1176,fet,10.0,release=2.0,attack,1.0,4.110792920730712
1176a,UAD,UREI 1176 Rev A bluestripe,fet-1176,fet,10.0,release=2.0,attack,10.0,7.368067639487087
1176a,UAD,UREI 1176 Rev A bluestripe,fet-1176,fet,10.0,release=2.0,attack,100.0,8.176379585726822
1176a,UAD,UREI 1176 Rev A bluestripe,fet-1176,fet,10.0,release=2.0,attack,1000.0,9.646813235774005
1176a,UAD,UREI 1176 Rev A bluestripe,fet-1176,fet,10.0,release=2.0,attack,2.0,5.51429919224791
1176a,UAD,UREI 1176 Rev A bluestripe,fet-1176,fet,10.0,release=2.0,attack,20.0,7.673515329892217
1176a,UAD,UREI 1176 Rev A bluestripe,fet-1176,fet,10.0,release=2.0,attack,200.0,8.570131380142277
1176a,UAD,UREI 1176 Rev A bluestripe,fet-1176,fet,10.0,release=2.0,attack,2000.0,9.372077578463177
1176a,UAD,UREI 1176 Rev A bluestripe,fet-1176,fet,10.0,release=2.0,attack,5.0,6.861288916990249
1176a,UAD,UREI 1176 Rev A bluestripe,fet-1176,fet,10.0,release=2.0,attack,50.0,7.922039863162178
1176a,UAD,UREI 1176 Rev A bluestripe,fet-1176,fet,10.0,release=2.0,attack,500.0,9.266452821448748
1176a,UAD,UREI 1176 Rev A bluestripe,fet-1176,fet,10.0,release=2.0,attack,5000.0,0.5844143785945093
1176a,UAD,UREI 1176 Rev A bluestripe,fet-1176,fet,10.0,release=2.0,release,0.1,9.283014844421373
1176a,UAD,UREI 1176 Rev A bluestripe,fet-1176,fet,10.0,release=2.0,release,0.2,8.878895579925505
1176a,UAD,UREI 1176 Rev A bluestripe,fet-1176,fet,10.0,release=2.0,release,0.5,9.002284891258356
1176a,UAD,UREI 1176 Rev A bluestripe,fet-1176,fet,10.0,release=2.0,release,1.0,8.986582823757503
1176a,UAD,UREI 1176 Rev A bluestripe,fet-1176,fet,10.0,release=2.0,release,10.0,9.71853188131717
1176a,UAD,UREI 1176 Rev A bluestripe,fet-1176,fet,10.0,release=2.0,release,100.0,9.017565319871444
1176a,UAD,UREI 1176 Rev A bluestripe,fet-1176,fet,10.0,release=2.0,release,1000.0,4.1260156681333315
1176a,UAD,UREI 1176 Rev A bluestripe,fet-1176,fet,10.0,release=2.0,release,2.0,9.802368853442992
1176a,UAD,UREI 1176 Rev A bluestripe,fet-1176,fet,10.0,release=2.0,release,20.0,9.682640680039858
1176a,UAD,UREI 1176 Rev A bluestripe,fet-1176,fet,10.0,release=2.0,release,200.0,8.317959246882278
1176a,UAD,UREI 1176 Rev A bluestripe,fet-1176,fet,10.0,release=2.0,release,2000.0,1.5907764958997404
1176a,UAD,UREI 1176 Rev A bluestripe,fet-1176,fet,10.0,release=2.0,release,5.0,9.68770612636125
1176a,UAD,UREI 1176 Rev A bluestripe,fet-1176,fet,10.0,release=2.0,release,50.0,9.413611388270922
1176a,UAD,UREI 1176 Rev A bluestripe,fet-1176,fet,10.0,release=2.0,release,500.0,6.453922950176418
1176a,UAD,UREI 1176 Rev A bluestripe,fet-1176,fet,10.0,release=2.0,release,5000.0,0.0724760982614372
1176a,UAD,UREI 1176 Rev A bluestripe,fet-1176,fet,10.0,release=3.0,attack,0.1,0.3847136286344979
1176a,UAD,UREI 1176 Rev A bluestripe,fet-1176,fet,10.0,release=3.0,attack,0.2,0.8296318564759426
1176a,UAD,UREI 1176 Rev A bluestripe,fet-1176,fet,10.0,release=3.0,attack,0.5,2.617937738688991
1176a,UAD,UREI 1176 Rev A bluestripe,fet-1176,fet,10.0,release=3.0,attack,1.0,4.151004452952657
1176a,UAD,UREI 1176 Rev A bluestripe,fet-1176,fet,10.0,release=3.0,attack,10.0,7.406461200942653
1176a,UAD,UREI 1176 Rev A bluestripe,fet-1176,fet,10.0,release=3.0,attack,100.0,8.172957679427299
1176a,UAD,UREI 1176 Rev A bluestripe,fet-1176,fet,10.0,release=3.0,attack,1000.0,9.651307067970247
1176a,UAD,UREI 1176 Rev A bluestripe,fet-1176,fet,10.0,release=3.0,attack,2.0,5.5587460392921395
1176a,UAD,UREI 1176 Rev A bluestripe,fet-1176,fet,10.0,release=3.0,attack,20.0,7.706239884519308
1176a,UAD,UREI 1176 Rev A bluestripe,fet-1176,fet,10.0,release=3.0,attack,200.0,8.567768363774736
1176a,UAD,UREI 1176 Rev A bluestripe,fet-1176,fet,10.0,release=3.0,attack,2000.0,9.37580631625244
1176a,UAD,UREI 1176 Rev A bluestripe,fet-1176,fet,10.0,release=3.0,attack,5.0,6.905827317488322
1176a,UAD,UREI 1176 Rev A bluestripe,fet-1176,fet,10.0,release=3.0,attack,50.0,7.926343681303809
1176a,UAD,UREI 1176 Rev A bluestripe,fet-1176,fet,10.0,release=3.0,attack,500.0,9.267843888065125
1176a,UAD,UREI 1176 Rev A bluestripe,fet-1176,fet,10.0,release=3.0,attack,5000.0,0.28892782367483516
1176a,UAD,UREI 1176 Rev A bluestripe,fet-1176,fet,10.0,release=3.0,release,0.1,9.286829320463099
1176a,UAD,UREI 1176 Rev A bluestripe,fet-1176,fet,10.0,release=3.0,release,0.2,8.882426128566419
1176a,UAD,UREI 1176 Rev A bluestripe,fet-1176,fet,10.0,release=3.0,release,0.5,9.005454471975884
1176a,UAD,UREI 1176 Rev A bluestripe,fet-1176,fet,10.0,release=3.0,release,1.0,8.988890162855604
1176a,UAD,UREI 1176 Rev A bluestripe,fet-1176,fet,10.0,release=3.0,release,10.0,9.701896810055736
1176a,UAD,UREI 1176 Rev A bluestripe,fet-1176,fet,10.0,release=3.0,release,100.0,8.82884041378112
1176a,UAD,UREI 1176 Rev A bluestripe,fet-1176,fet,10.0,release=3.0,release,1000.0,3.312959775419783
1176a,UAD,UREI 1176 Rev A bluestripe,fet-1176,fet,10.0,release=3.0,release,2.0,9.80223115820467
1176a,UAD,UREI 1176 Rev A bluestripe,fet-1176,fet,10.0,release=3.0,release,20.0,9.645177447272548
1176a,UAD,UREI 1176 Rev A bluestripe,fet-1176,fet,10.0,release=3.0,release,200.0,7.970970567840194
1176a,UAD,UREI 1176 Rev A bluestripe,fet-1176,fet,10.0,release=3.0,release,2000.0,1.0080808988429664
1176a,UAD,UREI 1176 Rev A bluestripe,fet-1176,fet,10.0,release=3.0,release,5.0,9.68151498955979
1176a,UAD,UREI 1176 Rev A bluestripe,fet-1176,fet,10.0,release=3.0,release,50.0,9.31655996964133
1176a,UAD,UREI 1176 Rev A bluestripe,fet-1176,fet,10.0,release=3.0,release,500.0,5.798190777344651
1176a,UAD,UREI 1176 Rev A bluestripe,fet-1176,fet,10.0,release=3.0,release,5000.0,0.021691745875814128
1176a,UAD,UREI 1176 Rev A bluestripe,fet-1176,fet,10.0,release=4.0,attack,0.1,0.39794711216395484
1176a,UAD,UREI 1176 Rev A bluestripe,fet-1176,fet,10.0,release=4.0,attack,0.2,0.8602896774523634
1176a,UAD,UREI 1176 Rev A bluestripe,fet-1176,fet,10.0,release=4.0,attack,0.5,2.6921130185239375
1176a,UAD,UREI 1176 Rev A bluestripe,fet-1176,fet,10.0,release=4.0,attack,1.0,4.247347106412138
1176a,UAD,UREI 1176 Rev A bluestripe,fet-1176,fet,10.0,release=4.0,attack,10.0,7.503026745913928
1176a,UAD,UREI 1176 Rev A bluestripe,fet-1176,fet,10.0,release=4.0,attack,100.0,8.242560139429235
1176a,UAD,UREI 1176 Rev A bluestripe,fet-1176,fet,10.0,release=4.0,attack,1000.0,9.740361106099368
1176a,UAD,UREI 1176 Rev A bluestripe,fet-1176,fet,10.0,release=4.0,attack,2.0,5.665380429193218
1176a,UAD,UREI 1176 Rev A bluestripe,fet-1176,fet,10.0,release=4.0,attack,20.0,7.792617200015691
1176a,UAD,UREI 1176 Rev A bluestripe,fet-1176,fet,10.0,release=4.0,attack,200.0,8.643479865358564
1176a,UAD,UREI 1176 Rev A bluestripe,fet-1176,fet,10.0,release=4.0,attack,2000.0,9.465725113490922
1176a,UAD,UREI 1176 Rev A bluestripe,fet-1176,fet,10.0,release=4.0,attack,5.0,7.013978539750064
1176a,UAD,UREI 1176 Rev A bluestripe,fet-1176,fet,10.0,release=4.0,attack,50.0,7.9993770511114155
1176a,UAD,UREI 1176 Rev A bluestripe,fet-1176,fet,10.0,release=4.0,attack,500.0,9.352837676804166
1176a,UAD,UREI 1176 Rev A bluestripe,fet-1176,fet,10.0,release=4.0,attack,5000.0,0.09048687284718504
1176a,UAD,UREI 1176 Rev A bluestripe,fet-1176,fet,10.0,release=4.0,release,0.1,9.376924329876452
1176a,UAD,UREI 1176 Rev A bluestripe,fet-1176,fet,10.0,release=4.0,release,0.2,8.972405139836692
1176a,UAD,UREI 1176 Rev A bluestripe,fet-1176,fet,10.0,release=4.0,release,0.5,9.094493732866543
1176a,UAD,UREI 1176 Rev A bluestripe,fet-1176,fet,10.0,release=4.0,release,1.0,9.076325474293506
1176a,UAD,UREI 1176 Rev A bluestripe,fet-1176,fet,10.0,release=4.0,release,10.0,9.751791114073695
1176a,UAD,UREI 1176 Rev A bluestripe,fet-1176,fet,10.0,release=4.0,release,100.0,8.561128337174312
1176a,UAD,UREI 1176 Rev A bluestripe,fet-1176,fet,10.0,release=4.0,release,1000.0,2.2896895443487884
1176a,UAD,UREI 1176 Rev A bluestripe,fet-1176,fet,10.0,release=4.0,release,2.0,9.884278597341456
1176a,UAD,UREI 1176 Rev A bluestripe,fet-1176,fet,10.0,release=4.0,release,20.0,9.655176794221891
1176a,UAD,UREI 1176 Rev A bluestripe,fet-1176,fet,10.0,release=4.0,release,200.0,7.434584569961486
1176a,UAD,UREI 1176 Rev A bluestripe,fet-1176,fet,10.0,release=4.0,release,2000.0,0.4719281851380579
1176a,UAD,UREI 1176 Rev A bluestripe,fet-1176,fet,10.0,release=4.0,release,5.0,9.751651522335363
1176a,UAD,UREI 1176 Rev A bluestripe,fet-1176,fet,10.0,release=4.0,release,50.0,9.214846380014183
1176a,UAD,UREI 1176 Rev A bluestripe,fet-1176,fet,10.0,release=4.0,release,500.0,4.83026433666051
1176a,UAD,UREI 1176 Rev A bluestripe,fet-1176,fet,10.0,release=4.0,release,5000.0,0.0029842257615388945
1176a,UAD,UREI 1176 Rev A bluestripe,fet-1176,fet,10.0,release=5.0,attack,0.1,0.4188460255345374
1176a,UAD,UREI 1176 Rev A bluestripe,fet-1176,fet,10.0,release=5.0,attack,0.2,0.9080837362052447
1176a,UAD,UREI 1176 Rev A bluestripe,fet-1176,fet,10.0,release=5.0,attack,0.5,2.8062606501184533
1176a,UAD,UREI 1176 Rev A bluestripe,fet-1176,fet,10.0,release=5.0,attack,1.0,4.393763773527611
1176a,UAD,UREI 1176 Rev A bluestripe,fet-1176,fet,10.0,release=5.0,attack,10.0,7.630018378434708
1176a,UAD,UREI 1176 Rev A bluestripe,fet-1176,fet,10.0,release=5.0,attack,100.0,8.34032328119451
1176a,UAD,UREI 1176 Rev A bluestripe,fet-1176,fet,10.0,release=5.0,attack,1000.0,9.85924031015774
1176a,UAD,UREI 1176 Rev A bluestripe,fet-1176,fet,10.0,release=5.0,attack,2.0,5.824888801991715
1176a,UAD,UREI 1176 Rev A bluestripe,fet-1176,fet,10.0,release=5.0,attack,20.0,7.892981585577146
1176a,UAD,UREI 1176 Rev A bluestripe,fet-1176,fet,10.0,release=5.0,attack,200.0,8.746092434916322
1176a,UAD,UREI 1176 Rev A bluestripe,fet-1176,fet,10.0,release=5.0,attack,2000.0,9.586062355561435
1176a,UAD,UREI 1176 Rev A bluestripe,fet-1176,fet,10.0,release=5.0,attack,5.0,7.16989748143532
1176a,UAD,UREI 1176 Rev A bluestripe,fet-1176,fet,10.0,release=5.0,attack,50.0,8.094403172825862
1176a,UAD,UREI 1176 Rev A bluestripe,fet-1176,fet,10.0,release=5.0,attack,500.0,9.465535946896939
1176a,UAD,UREI 1176 Rev A bluestripe,fet-1176,fet,10.0,release=5.0,attack,5000.0,0.011596521010106997
1176a,UAD,UREI 1176 Rev A bluestripe,fet-1176,fet,10.0,release=5.0,release,0.1,9.49770014409895
1176a,UAD,UREI 1176 Rev A bluestripe,fet-1176,fet,10.0,release=5.0,release,0.2,9.0930436052395
1176a,UAD,UREI 1176 Rev A bluestripe,fet-1176,fet,10.0,release=5.0,release,0.5,9.212761907523245
1176a,UAD,UREI 1176 Rev A bluestripe,fet-1176,fet,10.0,release=5.0,release,1.0,9.190753270142991
1176a,UAD,UREI 1176 Rev A bluestripe,fet-1176,fet,10.0,release=5.0,release,10.0,9.77439555392752
1176a,UAD,UREI 1176 Rev A bluestripe,fet-1176,fet,10.0,release=5.0,release,100.0,7.883009110790171
1176a,UAD,UREI 1176 Rev A bluestripe,fet-1176,fet,10.0,release=5.0,release,1000.0,1.1073484491339527
1176a,UAD,UREI 1176 Rev A bluestripe,fet-1176,fet,10.0,release=5.0,release,2.0,9.985310598468935
1176a,UAD,UREI 1176 Rev A bluestripe,fet-1176,fet,10.0,release=5.0,release,20.0,9.582443821015595
1176a,UAD,UREI 1176 Rev A bluestripe,fet-1176,fet,10.0,release=5.0,release,200.0,6.282709717662593
1176a,UAD,UREI 1176 Rev A bluestripe,fet-1176,fet,10.0,release=5.0,release,2000.0,0.11828688948581423
1176a,UAD,UREI 1176 Rev A bluestripe,fet-1176,fet,10.0,release=5.0,release,5.0,9.823817053493435
1176a,UAD,UREI 1176 Rev A bluestripe,fet-1176,fet,10.0,release=5.0,release,50.0,8.88578698863472
1176a,UAD,UREI 1176 Rev A bluestripe,fet-1176,fet,10.0,release=5.0,release,500.0,3.261105744714234
1176a,UAD,UREI 1176 Rev A bluestripe,fet-1176,fet,10.0,release=5.0,release,5000.0,-6.100175768519733e-05
1176a,UAD,UREI 1176 Rev A bluestripe,fet-1176,fet,10.0,release=6.0,attack,0.1,0.44761266168744474
1176a,UAD,UREI 1176 Rev A bluestripe,fet-1176,fet,10.0,release=6.0,attack,0.2,0.9721045373613166
1176a,UAD,UREI 1176 Rev A bluestripe,fet-1176,fet,10.0,release=6.0,attack,0.5,2.9518866501097754
1176a,UAD,UREI 1176 Rev A bluestripe,fet-1176,fet,10.0,release=6.0,attack,1.0,4.567909272124479
1176a,UAD,UREI 1176 Rev A bluestripe,fet-1176,fet,10.0,release=6.0,attack,10.0,7.576583577963066
1176a,UAD,UREI 1176 Rev A bluestripe,fet-1176,fet,10.0,release=6.0,attack,100.0,8.111221805960161
1176a,UAD,UREI 1176 Rev A bluestripe,fet-1176,fet,10.0,release=6.0,attack,1000.0,9.663025290686726
1176a,UAD,UREI 1176 Rev A bluestripe,fet-1176,fet,10.0,release=6.0,attack,2.0,5.988923252712348
1176a,UAD,UREI 1176 Rev A bluestripe,fet-1176,fet,10.0,release=6.0,attack,20.0,7.69076708953002
1176a,UAD,UREI 1176 Rev A bluestripe,fet-1176,fet,10.0,release=6.0,attack,200.0,8.52328843809601
1176a,UAD,UREI 1176 Rev A bluestripe,fet-1176,fet,10.0,release=6.0,attack,2000.0,9.392477646100964
1176a,UAD,UREI 1176 Rev A bluestripe,fet-1176,fet,10.0,release=6.0,attack,5.0,7.259567203815752
1176a,UAD,UREI 1176 Rev A bluestripe,fet-1176,fet,10.0,release=6.0,attack,50.0,7.860860952855894
1176a,UAD,UREI 1176 Rev A bluestripe,fet-1176,fet,10.0,release=6.0,attack,500.0,9.256442725657479
1176a,UAD,UREI 1176 Rev A bluestripe,fet-1176,fet,10.0,release=6.0,attack,5000.0,7.170122466071405e-05
1176a,UAD,UREI 1176 Rev A bluestripe,fet-1176,fet,10.0,release=6.0,release,0.1,9.306886003999258
1176a,UAD,UREI 1176 Rev A bluestripe,fet-1176,fet,10.0,release=6.0,release,0.2,8.902837568965543
1176a,UAD,UREI 1176 Rev A bluestripe,fet-1176,fet,10.0,release=6.0,release,0.5,9.007580842094805
1176a,UAD,UREI 1176 Rev A bluestripe,fet-1176,fet,10.0,release=6.0,release,1.0,8.962690533530694
1176a,UAD,UREI 1176 Rev A bluestripe,fet-1176,fet,10.0,release=6.0,release,10.0,9.023994516237877
1176a,UAD,UREI 1176 Rev A bluestripe,fet-1176,fet,10.0,release=6.0,release,100.0,4.786735135177269
1176a,UAD,UREI 1176 Rev A bluestripe,fet-1176,fet,10.0,release=6.0,release,1000.0,0.23314373858087123
1176a,UAD,UREI 1176 Rev A bluestripe,fet-1176,fet,10.0,release=6.0,release,2.0,9.675341959800416
1176a,UAD,UREI 1176 Rev A bluestripe,fet-1176,fet,10.0,release=6.0,release,20.0,8.34854955215095
1176a,UAD,UREI 1176 Rev A bluestripe,fet-1176,fet,10.0,release=6.0,release,200.0,2.9573437023142377
1176a,UAD,UREI 1176 Rev A bluestripe,fet-1176,fet,10.0,release=6.0,release,2000.0,0.009362413050906682
1176a,UAD,UREI 1176 Rev A bluestripe,fet-1176,fet,10.0,release=6.0,release,5.0,9.346985878625219
1176a,UAD,UREI 1176 Rev A bluestripe,fet-1176,fet,10.0,release=6.0,release,50.0,6.6225185118262475
1176a,UAD,UREI 1176 Rev A bluestripe,fet-1176,fet,10.0,release=6.0,release,500.0,1.0904998795348617
1176a,UAD,UREI 1176 Rev A bluestripe,fet-1176,fet,10.0,release=6.0,release,5000.0,-0.0001933815330081856
1176a,UAD,UREI 1176 Rev A bluestripe,fet-1176,fet,10.0,release=7.0,attack,0.1,0.4847660291129552
1176a,UAD,UREI 1176 Rev A bluestripe,fet-1176,fet,10.0,release=7.0,attack,0.2,1.0537226484783595
1176a,UAD,UREI 1176 Rev A bluestripe,fet-1176,fet,10.0,release=7.0,attack,0.5,3.138019410354417
1176a,UAD,UREI 1176 Rev A bluestripe,fet-1176,fet,10.0,release=7.0,attack,1.0,4.797444575220274
1176a,UAD,UREI 1176 Rev A bluestripe,fet-1176,fet,10.0,release=7.0,attack,10.0,7.755875605189847
1176a,UAD,UREI 1176 Rev A bluestripe,fet-1176,fet,10.0,release=7.0,attack,100.0,8.250228542544397
1176a,UAD,UREI 1176 Rev A bluestripe,fet-1176,fet,10.0,release=7.0,attack,1000.0,9.802106246631114
1176a,UAD,UREI 1176 Rev A bluestripe,fet-1176,fet,10.0,release=7.0,attack,2.0,6.226913156930511
1176a,UAD,UREI 1176 Rev A bluestripe,fet-1176,fet,10.0,release=7.0,attack,20.0,7.830806437439259
1176a,UAD,UREI 1176 Rev A bluestripe,fet-1176,fet,10.0,release=7.0,attack,200.0,8.663751107078546
1176a,UAD,UREI 1176 Rev A bluestripe,fet-1176,fet,10.0,release=7.0,attack,2000.0,9.530002199719135
1176a,UAD,UREI 1176 Rev A bluestripe,fet-1176,fet,10.0,release=7.0,attack,5.0,7.467837829448069
1176a,UAD,UREI 1176 Rev A bluestripe,fet-1176,fet,10.0,release=7.0,attack,50.0,7.997591231675866
1176a,UAD,UREI 1176 Rev A bluestripe,fet-1176,fet,10.0,release=7.0,attack,500.0,9.3966939622135
1176a,UAD,UREI 1176 Rev A bluestripe,fet-1176,fet,10.0,release=7.0,attack,5000.0,-6.578687828184826e-05
1176a,UAD,UREI 1176 Rev A bluestripe,fet-1176,fet,10.0,release=7.0,release,0.1,9.445357637752714
1176a,UAD,UREI 1176 Rev A bluestripe,fet-1176,fet,10.0,release=7.0,release,0.2,9.041174920817427
1176a,UAD,UREI 1176 Rev A bluestripe,fet-1176,fet,10.0,release=7.0,release,0.5,9.138038876528167
1176a,UAD,UREI 1176 Rev A bluestripe,fet-1176,fet,10.0,release=7.0,release,1.0,9.081328740640235
1176a,UAD,UREI 1176 Rev A bluestripe,fet-1176,fet,10.0,release=7.0,release,10.0,8.891627083781746
1176a,UAD,UREI 1176 Rev A bluestripe,fet-1176,fet,10.0,release=7.0,release,100.0,4.11518316152094
1176a,UAD,UREI 1176 Rev A bluestripe,fet-1176,fet,10.0,release=7.0,release,1000.0,0.1937357650940319
1176a,UAD,UREI 1176 Rev A bluestripe,fet-1176,fet,10.0,release=7.0,release,2.0,9.753055325291216
1176a,UAD,UREI 1176 Rev A bluestripe,fet-1176,fet,10.0,release=7.0,release,20.0,8.014540768356717
1176a,UAD,UREI 1176 Rev A bluestripe,fet-1176,fet,10.0,release=7.0,release,200.0,2.528577881842244
1176a,UAD,UREI 1176 Rev A bluestripe,fet-1176,fet,10.0,release=7.0,release,2000.0,0.006969991089286864
1176a,UAD,UREI 1176 Rev A bluestripe,fet-1176,fet,10.0,release=7.0,release,5.0,9.342350165875795
1176a,UAD,UREI 1176 Rev A bluestripe,fet-1176,fet,10.0,release=7.0,release,50.0,5.98694988119933
1176a,UAD,UREI 1176 Rev A bluestripe,fet-1176,fet,10.0,release=7.0,release,500.0,0.9496027943885101
1176a,UAD,UREI 1176 Rev A bluestripe,fet-1176,fet,10.0,release=7.0,release,5000.0,-0.00022999417735469763
1176a,UAD,UREI 1176 Rev A bluestripe,fet-1176,fet,10.0,as_set,attack,0.1,0.4188460255345374
1176a,UAD,UREI 1176 Rev A bluestripe,fet-1176,fet,10.0,as_set,attack,0.2,0.9080837362052447
1176a,UAD,UREI 1176 Rev A bluestripe,fet-1176,fet,10.0,as_set,attack,0.5,2.8062606501184533
1176a,UAD,UREI 1176 Rev A bluestripe,fet-1176,fet,10.0,as_set,attack,1.0,4.393763773527611
1176a,UAD,UREI 1176 Rev A bluestripe,fet-1176,fet,10.0,as_set,attack,10.0,7.630018378434708
1176a,UAD,UREI 1176 Rev A bluestripe,fet-1176,fet,10.0,as_set,attack,100.0,8.34032328119451
1176a,UAD,UREI 1176 Rev A bluestripe,fet-1176,fet,10.0,as_set,attack,1000.0,9.85924031015774
1176a,UAD,UREI 1176 Rev A bluestripe,fet-1176,fet,10.0,as_set,attack,2.0,5.824888801991715
1176a,UAD,UREI 1176 Rev A bluestripe,fet-1176,fet,10.0,as_set,attack,20.0,7.892981585577146
1176a,UAD,UREI 1176 Rev A bluestripe,fet-1176,fet,10.0,as_set,attack,200.0,8.746092434916322
1176a,UAD,UREI 1176 Rev A bluestripe,fet-1176,fet,10.0,as_set,attack,2000.0,9.586062355561435
1176a,UAD,UREI 1176 Rev A bluestripe,fet-1176,fet,10.0,as_set,attack,5.0,7.16989748143532
1176a,UAD,UREI 1176 Rev A bluestripe,fet-1176,fet,10.0,as_set,attack,50.0,8.094403172825862
1176a,UAD,UREI 1176 Rev A bluestripe,fet-1176,fet,10.0,as_set,attack,500.0,9.465535946896939
1176a,UAD,UREI 1176 Rev A bluestripe,fet-1176,fet,10.0,as_set,attack,5000.0,0.011596521010106997
1176a,UAD,UREI 1176 Rev A bluestripe,fet-1176,fet,10.0,as_set,release,0.1,9.49770014409895
1176a,UAD,UREI 1176 Rev A bluestripe,fet-1176,fet,10.0,as_set,release,0.2,9.0930436052395
1176a,UAD,UREI 1176 Rev A bluestripe,fet-1176,fet,10.0,as_set,release,0.5,9.212761907523245
1176a,UAD,UREI 1176 Rev A bluestripe,fet-1176,fet,10.0,as_set,release,1.0,9.190753270142991
1176a,UAD,UREI 1176 Rev A bluestripe,fet-1176,fet,10.0,as_set,release,10.0,9.77439555392752
1176a,UAD,UREI 1176 Rev A bluestripe,fet-1176,fet,10.0,as_set,release,100.0,7.883009110790171
1176a,UAD,UREI 1176 Rev A bluestripe,fet-1176,fet,10.0,as_set,release,1000.0,1.1073484491339527
1176a,UAD,UREI 1176 Rev A bluestripe,fet-1176,fet,10.0,as_set,release,2.0,9.985310598468935
1176a,UAD,UREI 1176 Rev A bluestripe,fet-1176,fet,10.0,as_set,release,20.0,9.582443821015595
1176a,UAD,UREI 1176 Rev A bluestripe,fet-1176,fet,10.0,as_set,release,200.0,6.282709717662593
1176a,UAD,UREI 1176 Rev A bluestripe,fet-1176,fet,10.0,as_set,release,2000.0,0.11828688948581423
1176a,UAD,UREI 1176 Rev A bluestripe,fet-1176,fet,10.0,as_set,release,5.0,9.823817053493435
1176a,UAD,UREI 1176 Rev A bluestripe,fet-1176,fet,10.0,as_set,release,50.0,8.88578698863472
1176a,UAD,UREI 1176 Rev A bluestripe,fet-1176,fet,10.0,as_set,release,500.0,3.261105744714234
1176a,UAD,UREI 1176 Rev A bluestripe,fet-1176,fet,10.0,as_set,release,5000.0,-6.100175768519733e-05
1176a,UAD,UREI 1176 Rev A bluestripe,fet-1176,fet,15.0,as_set,attack,0.1,1.2423637314880551
1176a,UAD,UREI 1176 Rev A bluestripe,fet-1176,fet,15.0,as_set,attack,0.2,2.4884853263066873
1176a,UAD,UREI 1176 Rev A bluestripe,fet-1176,fet,15.0,as_set,attack,0.5,6.059359156031106
1176a,UAD,UREI 1176 Rev A bluestripe,fet-1176,fet,15.0,as_set,attack,1.0,8.251838457512132
1176a,UAD,UREI 1176 Rev A bluestripe,fet-1176,fet,15.0,as_set,attack,10.0,11.878726818263358
1176a,UAD,UREI 1176 Rev A bluestripe,fet-1176,fet,15.0,as_set,attack,100.0,12.64954178340315
1176a,UAD,UREI 1176 Rev A bluestripe,fet-1176,fet,15.0,as_set,attack,1000.0,14.457637180442699
1176a,UAD,UREI 1176 Rev A bluestripe,fet-1176,fet,15.0,as_set,attack,2.0,9.921730276948752
1176a,UAD,UREI 1176 Rev A bluestripe,fet-1176,fet,15.0,as_set,attack,20.0,12.124880509144743
1176a,UAD,UREI 1176 Rev A bluestripe,fet-1176,fet,15.0,as_set,attack,200.0,13.142275549053359
1176a,UAD,UREI 1176 Rev A bluestripe,fet-1176,fet,15.0,as_set,attack,2000.0,14.191969940907176
1176a,UAD,UREI 1176 Rev A bluestripe,fet-1176,fet,15.0,as_set,attack,5.0,11.416948489102943
1176a,UAD,UREI 1176 Rev A bluestripe,fet-1176,fet,15.0,as_set,attack,50.0,12.343162105892953
1176a,UAD,UREI 1176 Rev A bluestripe,fet-1176,fet,15.0,as_set,attack,500.0,13.997793419572075
1176a,UAD,UREI 1176 Rev A bluestripe,fet-1176,fet,15.0,as_set,attack,5000.0,0.01874156556228357
1176a,UAD,UREI 1176 Rev A bluestripe,fet-1176,fet,15.0,as_set,release,0.1,14.102254029891641
1176a,UAD,UREI 1176 Rev A bluestripe,fet-1176,fet,15.0,as_set,release,0.2,13.689376463150898
1176a,UAD,UREI 1176 Rev A bluestripe,fet-1176,fet,15.0,as_set,release,0.5,13.81144435956762
1176a,UAD,UREI 1176 Rev A bluestripe,fet-1176,fet,15.0,as_set,release,1.0,13.786777698372054
1176a,UAD,UREI 1176 Rev A bluestripe,fet-1176,fet,15.0,as_set,release,10.0,14.3239644214971
1176a,UAD,UREI 1176 Rev A bluestripe,fet-1176,fet,15.0,as_set,release,100.0,11.767708111082896
1176a,UAD,UREI 1176 Rev A bluestripe,fet-1176,fet,15.0,as_set,release,1000.0,1.7574237037256335
1176a,UAD,UREI 1176 Rev A bluestripe,fet-1176,fet,15.0,as_set,release,2.0,14.586885697346109
1176a,UAD,UREI 1176 Rev A bluestripe,fet-1176,fet,15.0,as_set,release,20.0,14.064182345654794
1176a,UAD,UREI 1176 Rev A bluestripe,fet-1176,fet,15.0,as_set,release,200.0,9.468654128345037
1176a,UAD,UREI 1176 Rev A bluestripe,fet-1176,fet,15.0,as_set,release,2000.0,0.19289257475209176
1176a,UAD,UREI 1176 Rev A bluestripe,fet-1176,fet,15.0,as_set,release,5.0,14.405551318843271
1176a,UAD,UREI 1176 Rev A bluestripe,fet-1176,fet,15.0,as_set,release,50.0,13.153484958884167
1176a,UAD,UREI 1176 Rev A bluestripe,fet-1176,fet,15.0,as_set,release,500.0,5.033713034290983
1176a,UAD,UREI 1176 Rev A bluestripe,fet-1176,fet,15.0,as_set,release,5000.0,-0.0004021554158075702
1176a,UAD,UREI 1176 Rev A bluestripe,fet-1176,fet,3.0,as_set,attack,0.1,0.19861756626957772
1176a,UAD,UREI 1176 Rev A bluestripe,fet-1176,fet,3.0,as_set,attack,0.2,0.34808181222444
1176a,UAD,UREI 1176 Rev A bluestripe,fet-1176,fet,3.0,as_set,attack,0.5,1.318937718032917
1176a,UAD,UREI 1176 Rev A bluestripe,fet-1176,fet,3.0,as_set,attack,1.0,2.327357612268089
1176a,UAD,UREI 1176 Rev A bluestripe,fet-1176,fet,3.0,as_set,attack,10.0,4.97511229198259
1176a,UAD,UREI 1176 Rev A bluestripe,fet-1176,fet,3.0,as_set,attack,100.0,5.6125365873908475
1176a,UAD,UREI 1176 Rev A bluestripe,fet-1176,fet,3.0,as_set,attack,1000.0,6.87914223418726
1176a,UAD,UREI 1176 Rev A bluestripe,fet-1176,fet,3.0,as_set,attack,2.0,3.407121157959491
1176a,UAD,UREI 1176 Rev A bluestripe,fet-1176,fet,3.0,as_set,attack,20.0,5.232538635183851
1176a,UAD,UREI 1176 Rev A bluestripe,fet-1176,fet,3.0,as_set,attack,200.0,5.947323412194559
1176a,UAD,UREI 1176 Rev A bluestripe,fet-1176,fet,3.0,as_set,attack,2000.0,6.597126250902103
1176a,UAD,UREI 1176 Rev A bluestripe,fet-1176,fet,3.0,as_set,attack,5.0,4.542886482831072
1176a,UAD,UREI 1176 Rev A bluestripe,fet-1176,fet,3.0,as_set,attack,50.0,5.410310959625853
1176a,UAD,UREI 1176 Rev A bluestripe,fet-1176,fet,3.0,as_set,attack,500.0,6.545679742432678
1176a,UAD,UREI 1176 Rev A bluestripe,fet-1176,fet,3.0,as_set,attack,5000.0,0.0075494386658940815
1176a,UAD,UREI 1176 Rev A bluestripe,fet-1176,fet,3.0,as_set,release,0.1,6.50941847380158
1176a,UAD,UREI 1176 Rev A bluestripe,fet-1176,fet,3.0,as_set,release,0.2,6.108876799044455
1176a,UAD,UREI 1176 Rev A bluestripe,fet-1176,fet,3.0,as_set,release,0.5,6.228481382515345
1176a,UAD,UREI 1176 Rev A bluestripe,fet-1176,fet,3.0,as_set,release,1.0,6.209190171648925
1176a,UAD,UREI 1176 Rev A bluestripe,fet-1176,fet,3.0,as_set,release,10.0,6.845548048149328
1176a,UAD,UREI 1176 Rev A bluestripe,fet-1176,fet,3.0,as_set,release,100.0,5.46908522491281
1176a,UAD,UREI 1176 Rev A bluestripe,fet-1176,fet,3.0,as_set,release,1000.0,0.7331575062701878
1176a,UAD,UREI 1176 Rev A bluestripe,fet-1176,fet,3.0,as_set,release,2.0,7.005474741688367
1176a,UAD,UREI 1176 Rev A bluestripe,fet-1176,fet,3.0,as_set,release,20.0,6.717006121442244
1176a,UAD,UREI 1176 Rev A bluestripe,fet-1176,fet,3.0,as_set,release,200.0,4.325938515857376
1176a,UAD,UREI 1176 Rev A bluestripe,fet-1176,fet,3.0,as_set,release,2000.0,0.07680577027219182
1176a,UAD,UREI 1176 Rev A bluestripe,fet-1176,fet,3.0,as_set,release,5.0,6.863171920114472
1176a,UAD,UREI 1176 Rev A bluestripe,fet-1176,fet,3.0,as_set,release,50.0,6.200471715541346
1176a,UAD,UREI 1176 Rev A bluestripe,fet-1176,fet,3.0,as_set,release,500.0,2.2047619395606497
1176a,UAD,UREI 1176 Rev A bluestripe,fet-1176,fet,3.0,as_set,release,5000.0,6.000037326181484e-05
1176a,UAD,UREI 1176 Rev A bluestripe,fet-1176,fet,6.0,as_set,attack,0.1,0.19861756626957772
1176a,UAD,UREI 1176 Rev A bluestripe,fet-1176,fet,6.0,as_set,attack,0.2,0.34808181222444
1176a,UAD,UREI 1176 Rev A bluestripe,fet-1176,fet,6.0,as_set,attack,0.5,1.318937718032917
1176a,UAD,UREI 1176 Rev A bluestripe,fet-1176,fet,6.0,as_set,attack,1.0,2.327357612268089
1176a,UAD,UREI 1176 Rev A bluestripe,fet-1176,fet,6.0,as_set,attack,10.0,4.97511229198259
1176a,UAD,UREI 1176 Rev A bluestripe,fet-1176,fet,6.0,as_set,attack,100.0,5.6125365873908475
1176a,UAD,UREI 1176 Rev A bluestripe,fet-1176,fet,6.0,as_set,attack,1000.0,6.87914223418726
1176a,UAD,UREI 1176 Rev A bluestripe,fet-1176,fet,6.0,as_set,attack,2.0,3.407121157959491
1176a,UAD,UREI 1176 Rev A bluestripe,fet-1176,fet,6.0,as_set,attack,20.0,5.232538635183851
1176a,UAD,UREI 1176 Rev A bluestripe,fet-1176,fet,6.0,as_set,attack,200.0,5.947323412194559
1176a,UAD,UREI 1176 Rev A bluestripe,fet-1176,fet,6.0,as_set,attack,2000.0,6.597126250902103
1176a,UAD,UREI 1176 Rev A bluestripe,fet-1176,fet,6.0,as_set,attack,5.0,4.542886482831072
1176a,UAD,UREI 1176 Rev A bluestripe,fet-1176,fet,6.0,as_set,attack,50.0,5.410310959625853
1176a,UAD,UREI 1176 Rev A bluestripe,fet-1176,fet,6.0,as_set,attack,500.0,6.545679742432678
1176a,UAD,UREI 1176 Rev A bluestripe,fet-1176,fet,6.0,as_set,attack,5000.0,0.0075494386658940815
1176a,UAD,UREI 1176 Rev A bluestripe,fet-1176,fet,6.0,as_set,release,0.1,6.50941847380158
1176a,UAD,UREI 1176 Rev A bluestripe,fet-1176,fet,6.0,as_set,release,0.2,6.108876799044455
1176a,UAD,UREI 1176 Rev A bluestripe,fet-1176,fet,6.0,as_set,release,0.5,6.228481382515345
1176a,UAD,UREI 1176 Rev A bluestripe,fet-1176,fet,6.0,as_set,release,1.0,6.209190171648925
1176a,UAD,UREI 1176 Rev A bluestripe,fet-1176,fet,6.0,as_set,release,10.0,6.845548048149328
1176a,UAD,UREI 1176 Rev A bluestripe,fet-1176,fet,6.0,as_set,release,100.0,5.46908522491281
1176a,UAD,UREI 1176 Rev A bluestripe,fet-1176,fet,6.0,as_set,release,1000.0,0.7331575062701878
1176a,UAD,UREI 1176 Rev A bluestripe,fet-1176,fet,6.0,as_set,release,2.0,7.005474741688367
1176a,UAD,UREI 1176 Rev A bluestripe,fet-1176,fet,6.0,as_set,release,20.0,6.717006121442244
1176a,UAD,UREI 1176 Rev A bluestripe,fet-1176,fet,6.0,as_set,release,200.0,4.325938515857376
1176a,UAD,UREI 1176 Rev A bluestripe,fet-1176,fet,6.0,as_set,release,2000.0,0.07680577027219182
1176a,UAD,UREI 1176 Rev A bluestripe,fet-1176,fet,6.0,as_set,release,5.0,6.863171920114472
1176a,UAD,UREI 1176 Rev A bluestripe,fet-1176,fet,6.0,as_set,release,50.0,6.200471715541346
1176a,UAD,UREI 1176 Rev A bluestripe,fet-1176,fet,6.0,as_set,release,500.0,2.2047619395606497
1176a,UAD,UREI 1176 Rev A bluestripe,fet-1176,fet,6.0,as_set,release,5000.0,6.000037326181484e-05
1176ae,UAD,UREI 1176AE anniversary,fet-1176,fet,10.0,attack=1.00,attack,0.1,0.4776786609323489
1176ae,UAD,UREI 1176AE anniversary,fet-1176,fet,10.0,attack=1.00,attack,0.2,0.3625121726607703
1176ae,UAD,UREI 1176AE anniversary,fet-1176,fet,10.0,attack=1.00,attack,0.5,0.8307564791695885
1176ae,UAD,UREI 1176AE anniversary,fet-1176,fet,10.0,attack=1.00,attack,1.0,2.084538310660048
1176ae,UAD,UREI 1176AE anniversary,fet-1176,fet,10.0,attack=1.00,attack,10.0,7.938065960318528
1176ae,UAD,UREI 1176AE anniversary,fet-1176,fet,10.0,attack=1.00,attack,100.0,9.351649169126695
1176ae,UAD,UREI 1176AE anniversary,fet-1176,fet,10.0,attack=1.00,attack,1000.0,10.287853792541949
1176ae,UAD,UREI 1176AE anniversary,fet-1176,fet,10.0,attack=1.00,attack,2.0,4.021840384669476
1176ae,UAD,UREI 1176AE anniversary,fet-1176,fet,10.0,attack=1.00,attack,20.0,8.499915062690356
1176ae,UAD,UREI 1176AE anniversary,fet-1176,fet,10.0,attack=1.00,attack,200.0,9.818292901109903
1176ae,UAD,UREI 1176AE anniversary,fet-1176,fet,10.0,attack=1.00,attack,2000.0,9.886720389908252
1176ae,UAD,UREI 1176AE anniversary,fet-1176,fet,10.0,attack=1.00,attack,5.0,6.7612353429750565
1176ae,UAD,UREI 1176AE anniversary,fet-1176,fet,10.0,attack=1.00,attack,50.0,8.975576496832552
1176ae,UAD,UREI 1176AE anniversary,fet-1176,fet,10.0,attack=1.00,attack,500.0,10.231550942583109
1176ae,UAD,UREI 1176AE anniversary,fet-1176,fet,10.0,attack=1.00,attack,5000.0,0.00017788398564810848
1176ae,UAD,UREI 1176AE anniversary,fet-1176,fet,10.0,attack=1.00,release,0.1,9.80469857781273
1176ae,UAD,UREI 1176AE anniversary,fet-1176,fet,10.0,attack=1.00,release,0.2,9.422262927706438
1176ae,UAD,UREI 1176AE anniversary,fet-1176,fet,10.0,attack=1.00,release,0.5,9.456684751112622
1176ae,UAD,UREI 1176AE anniversary,fet-1176,fet,10.0,attack=1.00,release,1.0,9.37296610693291
1176ae,UAD,UREI 1176AE anniversary,fet-1176,fet,10.0,attack=1.00,release,10.0,9.925805558646566
1176ae,UAD,UREI 1176AE anniversary,fet-1176,fet,10.0,attack=1.00,release,100.0,7.869616624989068
1176ae,UAD,UREI 1176AE anniversary,fet-1176,fet,10.0,attack=1.00,release,1000.0,0.5343528374404829
1176ae,UAD,UREI 1176AE anniversary,fet-1176,fet,10.0,attack=1.00,release,2.0,10.214304692782854
1176ae,UAD,UREI 1176AE anniversary,fet-1176,fet,10.0,attack=1.00,release,20.0,9.7348276193622
1176ae,UAD,UREI 1176AE anniversary,fet-1176,fet,10.0,attack=1.00,release,200.0,5.9496504949457085
1176ae,UAD,UREI 1176AE anniversary,fet-1176,fet,10.0,attack=1.00,release,2000.0,0.02129062112521307
1176ae,UAD,UREI 1176AE anniversary,fet-1176,fet,10.0,attack=1.00,release,5.0,9.990575470212736
1176ae,UAD,UREI 1176AE anniversary,fet-1176,fet,10.0,attack=1.00,release,50.0,9.048142195963909
1176ae,UAD,UREI 1176AE anniversary,fet-1176,fet,10.0,attack=1.00,release,500.0,2.5046605006085283
1176ae,UAD,UREI 1176AE anniversary,fet-1176,fet,10.0,attack=1.00,release,5000.0,-0.0005289078443788675
1176ae,UAD,UREI 1176AE anniversary,fet-1176,fet,10.0,attack=2.00,attack,0.1,0.5825032083337041
1176ae,UAD,UREI 1176AE anniversary,fet-1176,fet,10.0,attack=2.00,attack,0.2,0.7034788342235676
1176ae,UAD,UREI 1176AE anniversary,fet-1176,fet,10.0,attack=2.00,attack,0.5,1.9457214347093208
1176ae,UAD,UREI 1176AE anniversary,fet-1176,fet,10.0,attack=2.00,attack,1.0,3.506660095501343
1176ae,UAD,UREI 1176AE anniversary,fet-1176,fet,10.0,attack=2.00,attack,10.0,8.137228254863277
1176ae,UAD,UREI 1176AE anniversary,fet-1176,fet,10.0,attack=2.00,attack,100.0,9.370579137025121
1176ae,UAD,UREI 1176AE anniversary,fet-1176,fet,10.0,attack=2.00,attack,1000.0,10.30050864975459
1176ae,UAD,UREI 1176AE anniversary,fet-1176,fet,10.0,attack=2.00,attack,2.0,5.320767362517606
1176ae,UAD,UREI 1176AE anniversary,fet-1176,fet,10.0,attack=2.00,attack,20.0,8.597587310731026
1176ae,UAD,UREI 1176AE anniversary,fet-1176,fet,10.0,attack=2.00,attack,200.0,9.834770526063682
1176ae,UAD,UREI 1176AE anniversary,fet-1176,fet,10.0,attack=2.00,attack,2000.0,9.90006342744191
1176ae,UAD,UREI 1176AE anniversary,fet-1176,fet,10.0,attack=2.00,attack,5.0,7.339911689192525
1176ae,UAD,UREI 1176AE anniversary,fet-1176,fet,10.0,attack=2.00,attack,50.0,9.001803313867057
1176ae,UAD,UREI 1176AE anniversary,fet-1176,fet,10.0,attack=2.00,attack,500.0,10.244794447769365
1176ae,UAD,UREI 1176AE anniversary,fet-1176,fet,10.0,attack=2.00,attack,5000.0,0.0001824540269965702
1176ae,UAD,UREI 1176AE anniversary,fet-1176,fet,10.0,attack=2.00,release,0.1,9.8182613113738
1176ae,UAD,UREI 1176AE anniversary,fet-1176,fet,10.0,attack=2.00,release,0.2,9.43650827467621
1176ae,UAD,UREI 1176AE anniversary,fet-1176,fet,10.0,attack=2.00,release,0.5,9.470991694912975
1176ae,UAD,UREI 1176AE anniversary,fet-1176,fet,10.0,attack=2.00,release,1.0,9.387495955059187
1176ae,UAD,UREI 1176AE anniversary,fet-1176,fet,10.0,attack=2.00,release,10.0,9.938679883798937
1176ae,UAD,UREI 1176AE anniversary,fet-1176,fet,10.0,attack=2.00,release,100.0,7.879915605599641
1176ae,UAD,UREI 1176AE anniversary,fet-1176,fet,10.0,attack=2.00,release,1000.0,0.5351545997668321
1176ae,UAD,UREI 1176AE anniversary,fet-1176,fet,10.0,attack=2.00,release,2.0,10.227348628270136
1176ae,UAD,UREI 1176AE anniversary,fet-1176,fet,10.0,attack=2.00,release,20.0,9.747285498190344
1176ae,UAD,UREI 1176AE anniversary,fet-1176,fet,10.0,attack=2.00,release,200.0,5.957773295892426
1176ae,UAD,UREI 1176AE anniversary,fet-1176,fet,10.0,attack=2.00,release,2000.0,0.021326427470113263
1176ae,UAD,UREI 1176AE anniversary,fet-1176,fet,10.0,attack=2.00,release,5.0,10.00373987481192
1176ae,UAD,UREI 1176AE anniversary,fet-1176,fet,10.0,attack=2.00,release,50.0,9.05963789449028
1176ae,UAD,UREI 1176AE anniversary,fet-1176,fet,10.0,attack=2.00,release,500.0,2.5081392635597926
1176ae,UAD,UREI 1176AE anniversary,fet-1176,fet,10.0,attack=2.00,release,5000.0,-0.0005261547134103317
1176ae,UAD,UREI 1176AE anniversary,fet-1176,fet,10.0,attack=3.00,attack,0.1,0.7386113065763906
1176ae,UAD,UREI 1176AE anniversary,fet-1176,fet,10.0,attack=3.00,attack,0.2,1.1527084912965329
1176ae,UAD,UREI 1176AE anniversary,fet-1176,fet,10.0,attack=3.00,attack,0.5,2.9238179486479727
1176ae,UAD,UREI 1176AE anniversary,fet-1176,fet,10.0,attack=3.00,attack,1.0,4.594491360531492
1176ae,UAD,UREI 1176AE anniversary,fet-1176,fet,10.0,attack=3.00,attack,10.0,8.323580645801805
1176ae,UAD,UREI 1176AE anniversary,fet-1176,fet,10.0,attack=3.00,attack,100.0,9.39917707487317
1176ae,UAD,UREI 1176AE anniversary,fet-1176,fet,10.0,attack=3.00,attack,1000.0,10.329480850578742
1176ae,UAD,UREI 1176AE anniversary,fet-1176,fet,10.0,attack=3.00,attack,2.0,6.173392488048487
1176ae,UAD,UREI 1176AE anniversary,fet-1176,fet,10.0,attack=3.00,attack,20.0,8.695610084131816
1176ae,UAD,UREI 1176AE anniversary,fet-1176,fet,10.0,attack=3.00,attack,200.0,9.863947563156467
1176ae,UAD,UREI 1176AE anniversary,fet-1176,fet,10.0,attack=3.00,attack,2000.0,9.930663817822044
1176ae,UAD,UREI 1176AE anniversary,fet-1176,fet,10.0,attack=3.00,attack,5.0,7.746723208628756
1176ae,UAD,UREI 1176AE anniversary,fet-1176,fet,10.0,attack=3.00,attack,50.0,9.032617703488514
1176ae,UAD,UREI 1176AE anniversary,fet-1176,fet,10.0,attack=3.00,attack,500.0,10.273434675716732
1176ae,UAD,UREI 1176AE anniversary,fet-1176,fet,10.0,attack=3.00,attack,5000.0,0.00018325976591748727
1176ae,UAD,UREI 1176AE anniversary,fet-1176,fet,10.0,attack=3.00,release,0.1,9.849256953763762
1176ae,UAD,UREI 1176AE anniversary,fet-1176,fet,10.0,attack=3.00,release,0.2,9.468734831602871
1176ae,UAD,UREI 1176AE anniversary,fet-1176,fet,10.0,attack=3.00,release,0.5,9.503348234875833
1176ae,UAD,UREI 1176AE anniversary,fet-1176,fet,10.0,attack=3.00,release,1.0,9.420217047750402
1176ae,UAD,UREI 1176AE anniversary,fet-1176,fet,10.0,attack=3.00,release,10.0,9.96827963613982
1176ae,UAD,UREI 1176AE anniversary,fet-1176,fet,10.0,attack=3.00,release,100.0,7.903606070953915
1176ae,UAD,UREI 1176AE anniversary,fet-1176,fet,10.0,attack=3.00,release,1000.0,0.5369980245368016
1176ae,UAD,UREI 1176AE anniversary,fet-1176,fet,10.0,attack=3.00,release,2.0,10.257340374673973
1176ae,UAD,UREI 1176AE anniversary,fet-1176,fet,10.0,attack=3.00,release,20.0,9.775979684357518
1176ae,UAD,UREI 1176AE anniversary,fet-1176,fet,10.0,attack=3.00,release,200.0,5.976376244617244
1176ae,UAD,UREI 1176AE anniversary,fet-1176,fet,10.0,attack=3.00,release,2000.0,0.021403063012066514
1176ae,UAD,UREI 1176AE anniversary,fet-1176,fet,10.0,attack=3.00,release,5.0,10.033914136936914
1176ae,UAD,UREI 1176AE anniversary,fet-1176,fet,10.0,attack=3.00,release,50.0,9.086179426528957
1176ae,UAD,UREI 1176AE anniversary,fet-1176,fet,10.0,attack=3.00,release,500.0,2.516219916834307
1176ae,UAD,UREI 1176AE anniversary,fet-1176,fet,10.0,attack=3.00,release,5000.0,-0.0005278311148217973
1176ae,UAD,UREI 1176AE anniversary,fet-1176,fet,10.0,attack=4.00,attack,0.1,0.957396031346172
1176ae,UAD,UREI 1176AE anniversary,fet-1176,fet,10.0,attack=4.00,attack,0.2,1.6976413990433197
1176ae,UAD,UREI 1176AE anniversary,fet-1176,fet,10.0,attack=4.00,attack,0.5,3.8806548010074926
1176ae,UAD,UREI 1176AE anniversary,fet-1176,fet,10.0,attack=4.00,attack,1.0,5.535592946404394
1176ae,UAD,UREI 1176AE anniversary,fet-1176,fet,10.0,attack=4.00,attack,10.0,8.501760677760704
1176ae,UAD,UREI 1176AE anniversary,fet-1176,fet,10.0,attack=4.00,attack,100.0,9.43405866173867
1176ae,UAD,UREI 1176AE anniversary,fet-1176,fet,10.0,attack=4.00,attack,1000.0,10.366715984037764
1176ae,UAD,UREI 1176AE anniversary,fet-1176,fet,10.0,attack=4.00,attack,2.0,6.8548723727292185
1176ae,UAD,UREI 1176AE anniversary,fet-1176,fet,10.0,attack=4.00,attack,20.0,8.771368673566776
1176ae,UAD,UREI 1176AE anniversary,fet-1176,fet,10.0,attack=4.00,attack,200.0,9.900624840218137
1176ae,UAD,UREI 1176AE anniversary,fet-1176,fet,10.0,attack=4.00,attack,2000.0,9.969656974394853
1176ae,UAD,UREI 1176AE anniversary,fet-1176,fet,10.0,attack=4.00,attack,5.0,8.040234187624712
1176ae,UAD,UREI 1176AE anniversary,fet-1176,fet,10.0,attack=4.00,attack,50.0,9.066763160581122
1176ae,UAD,UREI 1176AE anniversary,fet-1176,fet,10.0,attack=4.00,attack,500.0,10.31102553816378
1176ae,UAD,UREI 1176AE anniversary,fet-1176,fet,10.0,attack=4.00,attack,5000.0,0.00019077463313710297
1176ae,UAD,UREI 1176AE anniversary,fet-1176,fet,10.0,attack=4.00,release,0.1,9.88869088727176
1176ae,UAD,UREI 1176AE anniversary,fet-1176,fet,10.0,attack=4.00,release,0.2,9.509483513132755
1176ae,UAD,UREI 1176AE anniversary,fet-1176,fet,10.0,attack=4.00,release,0.5,9.544252180621942
1176ae,UAD,UREI 1176AE anniversary,fet-1176,fet,10.0,attack=4.00,release,1.0,9.461510434199793
1176ae,UAD,UREI 1176AE anniversary,fet-1176,fet,10.0,attack=4.00,release,10.0,10.006014859700636
1176ae,UAD,UREI 1176AE anniversary,fet-1176,fet,10.0,attack=4.00,release,100.0,7.933868870217198
1176ae,UAD,UREI 1176AE anniversary,fet-1176,fet,10.0,attack=4.00,release,1000.0,0.539388740283087
1176ae,UAD,UREI 1176AE anniversary,fet-1176,fet,10.0,attack=4.00,release,2.0,10.295597863632343
1176ae,UAD,UREI 1176AE anniversary,fet-1176,fet,10.0,attack=4.00,release,20.0,9.812608981270001
1176ae,UAD,UREI 1176AE anniversary,fet-1176,fet,10.0,attack=4.00,release,200.0,6.000099181034578
1176ae,UAD,UREI 1176AE anniversary,fet-1176,fet,10.0,attack=4.00,release,2000.0,0.0215084793642486
1176ae,UAD,UREI 1176AE anniversary,fet-1176,fet,10.0,attack=4.00,release,5.0,10.072339956380002
1176ae,UAD,UREI 1176AE anniversary,fet-1176,fet,10.0,attack=4.00,release,50.0,9.120073922034615
1176ae,UAD,UREI 1176AE anniversary,fet-1176,fet,10.0,attack=4.00,release,500.0,2.526697159301914
1176ae,UAD,UREI 1176AE anniversary,fet-1176,fet,10.0,attack=4.00,release,5000.0,-0.0005236228135561127
1176ae,UAD,UREI 1176AE anniversary,fet-1176,fet,10.0,attack=5.00,attack,0.1,1.3494709506599265
1176ae,UAD,UREI 1176AE anniversary,fet-1176,fet,10.0,attack=5.00,attack,0.2,2.4369361417890905
1176ae,UAD,UREI 1176AE anniversary,fet-1176,fet,10.0,attack=5.00,attack,0.5,5.045644189237068
1176ae,UAD,UREI 1176AE anniversary,fet-1176,fet,10.0,attack=5.00,attack,1.0,6.508916183268097
1176ae,UAD,UREI 1176AE anniversary,fet-1176,fet,10.0,attack=5.00,attack,10.0,8.650169763566701
1176ae,UAD,UREI 1176AE anniversary,fet-1176,fet,10.0,attack=5.00,attack,100.0,9.461846723516096
1176ae,UAD,UREI 1176AE anniversary,fet-1176,fet,10.0,attack=5.00,attack,1000.0,10.396856343747219
1176ae,UAD,UREI 1176AE anniversary,fet-1176,fet,10.0,attack=5.00,attack,2.0,7.481393133744641
1176ae,UAD,UREI 1176AE anniversary,fet-1176,fet,10.0,attack=5.00,attack,20.0,8.815117895939975
1176ae,UAD,UREI 1176AE anniversary,fet-1176,fet,10.0,attack=5.00,attack,200.0,9.93000536343772
1176ae,UAD,UREI 1176AE anniversary,fet-1176,fet,10.0,attack=5.00,attack,2000.0,10.00130957981589
1176ae,UAD,UREI 1176AE anniversary,fet-1176,fet,10.0,attack=5.00,attack,5.0,8.316726902566772
1176ae,UAD,UREI 1176AE anniversary,fet-1176,fet,10.0,attack=5.00,attack,50.0,9.09520119680181
1176ae,UAD,UREI 1176AE anniversary,fet-1176,fet,10.0,attack=5.00,attack,500.0,10.340744218862852
1176ae,UAD,UREI 1176AE anniversary,fet-1176,fet,10.0,attack=5.00,attack,5000.0,0.00019546680455784227
1176ae,UAD,UREI 1176AE anniversary,fet-1176,fet,10.0,attack=5.00,release,0.1,9.920803594770824
1176ae,UAD,UREI 1176AE anniversary,fet-1176,fet,10.0,attack=5.00,release,0.2,9.54261708519834
1176ae,UAD,UREI 1176AE anniversary,fet-1176,fet,10.0,attack=5.00,release,0.5,9.577656037586719
1176ae,UAD,UREI 1176AE anniversary,fet-1176,fet,10.0,attack=5.00,release,1.0,9.495155696239424
1176ae,UAD,UREI 1176AE anniversary,fet-1176,fet,10.0,attack=5.00,release,10.0,10.036548215718282
1176ae,UAD,UREI 1176AE anniversary,fet-1176,fet,10.0,attack=5.00,release,100.0,7.958348597441432
1176ae,UAD,UREI 1176AE anniversary,fet-1176,fet,10.0,attack=5.00,release,1000.0,0.541347041444729
1176ae,UAD,UREI 1176AE anniversary,fet-1176,fet,10.0,attack=5.00,release,2.0,10.326606280622434
1176ae,UAD,UREI 1176AE anniversary,fet-1176,fet,10.0,attack=5.00,release,20.0,9.842225752425678
1176ae,UAD,UREI 1176AE anniversary,fet-1176,fet,10.0,attack=5.00,release,200.0,6.0193785701964355
1176ae,UAD,UREI 1176AE anniversary,fet-1176,fet,10.0,attack=5.00,release,2000.0,0.021593376344510418
1176ae,UAD,UREI 1176AE anniversary,fet-1176,fet,10.0,attack=5.00,release,5.0,10.103459754037008
1176ae,UAD,UREI 1176AE anniversary,fet-1176,fet,10.0,attack=5.00,release,50.0,9.147473219602256
1176ae,UAD,UREI 1176AE anniversary,fet-1176,fet,10.0,attack=5.00,release,500.0,2.535290453342802
1176ae,UAD,UREI 1176AE anniversary,fet-1176,fet,10.0,attack=5.00,release,5000.0,-0.0005214831449982249
1176ae,UAD,UREI 1176AE anniversary,fet-1176,fet,10.0,attack=6.00,attack,0.1,2.2618581780964266
1176ae,UAD,UREI 1176AE anniversary,fet-1176,fet,10.0,attack=6.00,attack,0.2,3.808114917720313
1176ae,UAD,UREI 1176AE anniversary,fet-1176,fet,10.0,attack=6.00,attack,0.5,6.645384694369307
1176ae,UAD,UREI 1176AE anniversary,fet-1176,fet,10.0,attack=6.00,attack,1.0,7.629157806006271
1176ae,UAD,UREI 1176AE anniversary,fet-1176,fet,10.0,attack=6.00,attack,10.0,8.750076571861813
1176ae,UAD,UREI 1176AE anniversary,fet-1176,fet,10.0,attack=6.00,attack,100.0,9.539281483798995
1176ae,UAD,UREI 1176AE anniversary,fet-1176,fet,10.0,attack=6.00,attack,1000.0,10.470744405733102
1176ae,UAD,UREI 1176AE anniversary,fet-1176,fet,10.0,attack=6.00,attack,2.0,8.08092852633308
1176ae,UAD,UREI 1176AE anniversary,fet-1176,fet,10.0,attack=6.00,attack,20.0,8.892067143911365
1176ae,UAD,UREI 1176AE anniversary,fet-1176,fet,10.0,attack=6.00,attack,200.0,10.005394785723256
1176ae,UAD,UREI 1176AE anniversary,fet-1176,fet,10.0,attack=6.00,attack,2000.0,10.078046652422197
1176ae,UAD,UREI 1176AE anniversary,fet-1176,fet,10.0,attack=6.00,attack,5.0,8.59650287848642
1176ae,UAD,UREI 1176AE anniversary,fet-1176,fet,10.0,attack=6.00,attack,50.0,9.171893539811789
1176ae,UAD,UREI 1176AE anniversary,fet-1176,fet,10.0,attack=6.00,attack,500.0,10.415048546590565
1176ae,UAD,UREI 1176AE anniversary,fet-1176,fet,10.0,attack=6.00,attack,5000.0,0.00020257883938690213
1176ae,UAD,UREI 1176AE anniversary,fet-1176,fet,10.0,attack=6.00,release,0.1,9.998345151682088
1176ae,UAD,UREI 1176AE anniversary,fet-1176,fet,10.0,attack=6.00,release,0.2,9.622360779962552
1176ae,UAD,UREI 1176AE anniversary,fet-1176,fet,10.0,attack=6.00,release,0.5,9.657804370117509
1176ae,UAD,UREI 1176AE anniversary,fet-1176,fet,10.0,attack=6.00,release,1.0,9.576028288868693
1176ae,UAD,UREI 1176AE anniversary,fet-1176,fet,10.0,attack=6.00,release,10.0,10.111262273260644
1176ae,UAD,UREI 1176AE anniversary,fet-1176,fet,10.0,attack=6.00,release,100.0,8.01830807623037
1176ae,UAD,UREI 1176AE anniversary,fet-1176,fet,10.0,attack=6.00,release,1000.0,0.5459057643886647
1176ae,UAD,UREI 1176AE anniversary,fet-1176,fet,10.0,attack=6.00,release,2.0,10.402446643830727
1176ae,UAD,UREI 1176AE anniversary,fet-1176,fet,10.0,attack=6.00,release,20.0,9.914788186050993
1176ae,UAD,UREI 1176AE anniversary,fet-1176,fet,10.0,attack=6.00,release,200.0,6.066434759440394
1176ae,UAD,UREI 1176AE anniversary,fet-1176,fet,10.0,attack=6.00,release,2000.0,0.02177542076319705
1176ae,UAD,UREI 1176AE anniversary,fet-1176,fet,10.0,attack=6.00,release,5.0,10.179478952060471
1176ae,UAD,UREI 1176AE anniversary,fet-1176,fet,10.0,attack=6.00,release,50.0,9.214711869520587
1176ae,UAD,UREI 1176AE anniversary,fet-1176,fet,10.0,attack=6.00,release,500.0,2.555112065569391
1176ae,UAD,UREI 1176AE anniversary,fet-1176,fet,10.0,attack=6.00,release,5000.0,-0.00052233398175483
1176ae,UAD,UREI 1176AE anniversary,fet-1176,fet,10.0,attack=7.00,attack,0.1,5.1577868590951415
1176ae,UAD,UREI 1176AE anniversary,fet-1176,fet,10.0,attack=7.00,attack,0.2,6.578799452643665
1176ae,UAD,UREI 1176AE anniversary,fet-1176,fet,10.0,attack=7.00,attack,0.5,8.489562457900634
1176ae,UAD,UREI 1176AE anniversary,fet-1176,fet,10.0,attack=7.00,attack,1.0,8.56592576469489
1176ae,UAD,UREI 1176AE anniversary,fet-1176,fet,10.0,attack=7.00,attack,10.0,8.775129723215374
1176ae,UAD,UREI 1176AE anniversary,fet-1176,fet,10.0,attack=7.00,attack,100.0,9.529010968423211
1176ae,UAD,UREI 1176AE anniversary,fet-1176,fet,10.0,attack=7.00,attack,1000.0,10.46987044782054
1176ae,UAD,UREI 1176AE anniversary,fet-1176,fet,10.0,attack=7.00,attack,2.0,8.575686403092748
1176ae,UAD,UREI 1176AE anniversary,fet-1176,fet,10.0,attack=7.00,attack,20.0,8.877882864250061
1176ae,UAD,UREI 1176AE anniversary,fet-1176,fet,10.0,attack=7.00,attack,200.0,9.999724150699059
1176ae,UAD,UREI 1176AE anniversary,fet-1176,fet,10.0,attack=7.00,attack,2000.0,10.079470531372483
1176ae,UAD,UREI 1176AE anniversary,fet-1176,fet,10.0,attack=7.00,attack,5.0,8.716807729157589
1176ae,UAD,UREI 1176AE anniversary,fet-1176,fet,10.0,attack=7.00,attack,50.0,9.156619125204415
1176ae,UAD,UREI 1176AE anniversary,fet-1176,fet,10.0,attack=7.00,attack,500.0,10.413492874411075
1176ae,UAD,UREI 1176AE anniversary,fet-1176,fet,10.0,attack=7.00,attack,5000.0,0.00021749519328340128
1176ae,UAD,UREI 1176AE anniversary,fet-1176,fet,10.0,attack=7.00,release,0.1,10.000267389735619
1176ae,UAD,UREI 1176AE anniversary,fet-1176,fet,10.0,attack=7.00,release,0.2,9.626064891338311
1176ae,UAD,UREI 1176AE anniversary,fet-1176,fet,10.0,attack=7.00,release,0.5,9.661635931333079
1176ae,UAD,UREI 1176AE anniversary,fet-1176,fet,10.0,attack=7.00,release,1.0,9.580504899834295
1176ae,UAD,UREI 1176AE anniversary,fet-1176,fet,10.0,attack=7.00,release,10.0,10.112364763985738
1176ae,UAD,UREI 1176AE anniversary,fet-1176,fet,10.0,attack=7.00,release,100.0,8.01903623347068
1176ae,UAD,UREI 1176AE anniversary,fet-1176,fet,10.0,attack=7.00,release,1000.0,0.5460224664324644
1176ae,UAD,UREI 1176AE anniversary,fet-1176,fet,10.0,attack=7.00,release,2.0,10.403312069116092
1176ae,UAD,UREI 1176AE anniversary,fet-1176,fet,10.0,attack=7.00,release,20.0,9.915565078048447
1176ae,UAD,UREI 1176AE anniversary,fet-1176,fet,10.0,attack=7.00,release,200.0,6.067297126475042
1176ae,UAD,UREI 1176AE anniversary,fet-1176,fet,10.0,attack=7.00,release,2000.0,0.02178925305540691
1176ae,UAD,UREI 1176AE anniversary,fet-1176,fet,10.0,attack=7.00,release,5.0,10.18090518917256
1176ae,UAD,UREI 1176AE anniversary,fet-1176,fet,10.0,attack=7.00,release,50.0,9.215210171303651
1176ae,UAD,UREI 1176AE anniversary,fet-1176,fet,10.0,attack=7.00,release,500.0,2.555327232590369
1176ae,UAD,UREI 1176AE anniversary,fet-1176,fet,10.0,attack=7.00,release,5000.0,-0.0005076878286436326
1176ae,UAD,UREI 1176AE anniversary,fet-1176,fet,10.0,release=1.0,attack,0.1,1.0017865513131063
1176ae,UAD,UREI 1176AE anniversary,fet-1176,fet,10.0,release=1.0,attack,0.2,1.779038126662147
1176ae,UAD,UREI 1176AE anniversary,fet-1176,fet,10.0,release=1.0,attack,0.5,4.029006805016847
1176ae,UAD,UREI 1176AE anniversary,fet-1176,fet,10.0,release=1.0,attack,1.0,5.713887952348937
1176ae,UAD,UREI 1176AE anniversary,fet-1176,fet,10.0,release=1.0,attack,10.0,8.798233552433334
1176ae,UAD,UREI 1176AE anniversary,fet-1176,fet,10.0,release=1.0,attack,100.0,9.907314939360182
1176ae,UAD,UREI 1176AE anniversary,fet-1176,fet,10.0,release=1.0,attack,1000.0,10.755191714881924
1176ae,UAD,UREI 1176AE anniversary,fet-1176,fet,10.0,release=1.0,attack,2.0,7.059908113138601
1176ae,UAD,UREI 1176AE anniversary,fet-1176,fet,10.0,release=1.0,attack,20.0,9.127411724722077
1176ae,UAD,UREI 1176AE anniversary,fet-1176,fet,10.0,release=1.0,attack,200.0,10.33509616624896
1176ae,UAD,UREI 1176AE anniversary,fet-1176,fet,10.0,release=1.0,attack,2000.0,10.368018998342032
1176ae,UAD,UREI 1176AE anniversary,fet-1176,fet,10.0,release=1.0,attack,5.0,8.281871555147475
1176ae,UAD,UREI 1176AE anniversary,fet-1176,fet,10.0,release=1.0,attack,50.0,9.545401623706505
1176ae,UAD,UREI 1176AE anniversary,fet-1176,fet,10.0,release=1.0,attack,500.0,10.707632284844177
1176ae,UAD,UREI 1176AE anniversary,fet-1176,fet,10.0,release=1.0,attack,5000.0,0.4783939208133834
1176ae,UAD,UREI 1176AE anniversary,fet-1176,fet,10.0,release=1.0,release,0.1,10.288105245886163
1176ae,UAD,UREI 1176AE anniversary,fet-1176,fet,10.0,release=1.0,release,0.2,9.917386905778029
1176ae,UAD,UREI 1176AE anniversary,fet-1176,fet,10.0,release=1.0,release,0.5,9.956915966376538
1176ae,UAD,UREI 1176AE anniversary,fet-1176,fet,10.0,release=1.0,release,1.0,9.884337719594841
1176ae,UAD,UREI 1176AE anniversary,fet-1176,fet,10.0,release=1.0,release,10.0,10.576062397109995
1176ae,UAD,UREI 1176AE anniversary,fet-1176,fet,10.0,release=1.0,release,100.0,9.861616315543827
1176ae,UAD,UREI 1176AE anniversary,fet-1176,fet,10.0,release=1.0,release,1000.0,4.099372055776007
1176ae,UAD,UREI 1176AE anniversary,fet-1176,fet,10.0,release=1.0,release,2.0,10.72497791346057
1176ae,UAD,UREI 1176AE anniversary,fet-1176,fet,10.0,release=1.0,release,20.0,10.5535293994353
1176ae,UAD,UREI 1176AE anniversary,fet-1176,fet,10.0,release=1.0,release,200.0,8.983210956799333
1176ae,UAD,UREI 1176AE anniversary,fet-1176,fet,10.0,release=1.0,release,2000.0,1.4360268813712183
1176ae,UAD,UREI 1176AE anniversary,fet-1176,fet,10.0,release=1.0,release,5.0,10.555654245059257
1176ae,UAD,UREI 1176AE anniversary,fet-1176,fet,10.0,release=1.0,release,50.0,10.346383375318709
1176ae,UAD,UREI 1176AE anniversary,fet-1176,fet,10.0,release=1.0,release,500.0,6.769092539808103
1176ae,UAD,UREI 1176AE anniversary,fet-1176,fet,10.0,release=1.0,release,5000.0,0.05123531928066205
1176ae,UAD,UREI 1176AE anniversary,fet-1176,fet,10.0,release=2.0,attack,0.1,1.0093023034571433
1176ae,UAD,UREI 1176AE anniversary,fet-1176,fet,10.0,release=2.0,attack,0.2,1.7923777582334957
1176ae,UAD,UREI 1176AE anniversary,fet-1176,fet,10.0,release=2.0,attack,0.5,4.053062941190993
1176ae,UAD,UREI 1176AE anniversary,fet-1176,fet,10.0,release=2.0,attack,1.0,5.741801739519031
1176ae,UAD,UREI 1176AE anniversary,fet-1176,fet,10.0,release=2.0,attack,10.0,8.827843650403459
1176ae,UAD,UREI 1176AE anniversary,fet-1176,fet,10.0,release=2.0,attack,100.0,9.929775117334966
1176ae,UAD,UREI 1176AE anniversary,fet-1176,fet,10.0,release=2.0,attack,1000.0,10.780633722011157
1176ae,UAD,UREI 1176AE anniversary,fet-1176,fet,10.0,release=2.0,attack,2.0,7.090274211827558
1176ae,UAD,UREI 1176AE anniversary,fet-1176,fet,10.0,release=2.0,attack,20.0,9.153724773864482
1176ae,UAD,UREI 1176AE anniversary,fet-1176,fet,10.0,release=2.0,attack,200.0,10.358442502033192
1176ae,UAD,UREI 1176AE anniversary,fet-1176,fet,10.0,release=2.0,attack,2000.0,10.393757323465291
1176ae,UAD,UREI 1176AE anniversary,fet-1176,fet,10.0,release=2.0,attack,5.0,8.312738882198701
1176ae,UAD,UREI 1176AE anniversary,fet-1176,fet,10.0,release=2.0,attack,50.0,9.567480069474751
1176ae,UAD,UREI 1176AE anniversary,fet-1176,fet,10.0,release=2.0,attack,500.0,10.73144770758423
1176ae,UAD,UREI 1176AE anniversary,fet-1176,fet,10.0,release=2.0,attack,5000.0,0.3940392219562585
1176ae,UAD,UREI 1176AE anniversary,fet-1176,fet,10.0,release=2.0,release,0.1,10.313952565373157
1176ae,UAD,UREI 1176AE anniversary,fet-1176,fet,10.0,release=2.0,release,0.2,9.94350148893069
1176ae,UAD,UREI 1176AE anniversary,fet-1176,fet,10.0,release=2.0,release,0.5,9.982909386487464
1176ae,UAD,UREI 1176AE anniversary,fet-1176,fet,10.0,release=2.0,release,1.0,9.910203589081345
1176ae,UAD,UREI 1176AE anniversary,fet-1176,fet,10.0,release=2.0,release,10.0,10.596192563589906
1176ae,UAD,UREI 1176AE anniversary,fet-1176,fet,10.0,release=2.0,release,100.0,9.834703245397233
1176ae,UAD,UREI 1176AE anniversary,fet-1176,fet,10.0,release=2.0,release,1000.0,3.8681422589937604
1176ae,UAD,UREI 1176AE anniversary,fet-1176,fet,10.0,release=2.0,release,2.0,10.749613039999836
1176ae,UAD,UREI 1176AE anniversary,fet-1176,fet,10.0,release=2.0,release,20.0,10.568307795746833
1176ae,UAD,UREI 1176AE anniversary,fet-1176,fet,10.0,release=2.0,release,200.0,8.908896531563148
1176ae,UAD,UREI 1176AE anniversary,fet-1176,fet,10.0,release=2.0,release,2000.0,1.2666036452946488
1176ae,UAD,UREI 1176AE anniversary,fet-1176,fet,10.0,release=2.0,release,5.0,10.578725400416541
1176ae,UAD,UREI 1176AE anniversary,fet-1176,fet,10.0,release=2.0,release,50.0,10.344843369637562
1176ae,UAD,UREI 1176AE anniversary,fet-1176,fet,10.0,release=2.0,release,500.0,6.597126169351768
1176ae,UAD,UREI 1176AE anniversary,fet-1176,fet,10.0,release=2.0,release,5000.0,0.03584187723858223
1176ae,UAD,UREI 1176AE anniversary,fet-1176,fet,10.0,release=3.0,attack,0.1,1.002412286079339
1176ae,UAD,UREI 1176AE anniversary,fet-1176,fet,10.0,release=3.0,attack,0.2,1.7799900267779618
1176ae,UAD,UREI 1176AE anniversary,fet-1176,fet,10.0,release=3.0,attack,0.5,4.030609511351635
1176ae,UAD,UREI 1176AE anniversary,fet-1176,fet,10.0,release=3.0,attack,1.0,5.715033148623988
1176ae,UAD,UREI 1176AE anniversary,fet-1176,fet,10.0,release=3.0,attack,10.0,8.784977500337186
1176ae,UAD,UREI 1176AE anniversary,fet-1176,fet,10.0,release=3.0,attack,100.0,9.84859788534869
1176ae,UAD,UREI 1176AE anniversary,fet-1176,fet,10.0,release=3.0,attack,1000.0,10.707583016444548
1176ae,UAD,UREI 1176AE anniversary,fet-1176,fet,10.0,release=3.0,attack,2.0,7.059689904492643
1176ae,UAD,UREI 1176AE anniversary,fet-1176,fet,10.0,release=3.0,attack,20.0,9.096622277128928
1176ae,UAD,UREI 1176AE anniversary,fet-1176,fet,10.0,release=3.0,attack,200.0,10.280743819056982
1176ae,UAD,UREI 1176AE anniversary,fet-1176,fet,10.0,release=3.0,attack,2000.0,10.318628676046707
1176ae,UAD,UREI 1176AE anniversary,fet-1176,fet,10.0,release=3.0,attack,5.0,8.277134573988551
1176ae,UAD,UREI 1176AE anniversary,fet-1176,fet,10.0,release=3.0,attack,50.0,9.488102769266195
1176ae,UAD,UREI 1176AE anniversary,fet-1176,fet,10.0,release=3.0,attack,500.0,10.658021581711527
1176ae,UAD,UREI 1176AE anniversary,fet-1176,fet,10.0,release=3.0,attack,5000.0,0.1573919426734367
1176ae,UAD,UREI 1176AE anniversary,fet-1176,fet,10.0,release=3.0,release,0.1,10.238556206599249
1176ae,UAD,UREI 1176AE anniversary,fet-1176,fet,10.0,release=3.0,release,0.2,9.866308958121685
1176ae,UAD,UREI 1176AE anniversary,fet-1176,fet,10.0,release=3.0,release,0.5,9.90514377991705
1176ae,UAD,UREI 1176AE anniversary,fet-1176,fet,10.0,release=3.0,release,1.0,9.8308522216304
1176ae,UAD,UREI 1176AE anniversary,fet-1176,fet,10.0,release=3.0,release,10.0,10.498351211577729
1176ae,UAD,UREI 1176AE anniversary,fet-1176,fet,10.0,release=3.0,release,100.0,9.535988997850684
1176ae,UAD,UREI 1176AE anniversary,fet-1176,fet,10.0,release=3.0,release,1000.0,2.9030343259375178
1176ae,UAD,UREI 1176AE anniversary,fet-1176,fet,10.0,release=3.0,release,2.0,10.670660766053404
1176ae,UAD,UREI 1176AE anniversary,fet-1176,fet,10.0,release=3.0,release,20.0,10.447355449666055
1176ae,UAD,UREI 1176AE anniversary,fet-1176,fet,10.0,release=3.0,release,200.0,8.420749303893603
1176ae,UAD,UREI 1176AE anniversary,fet-1176,fet,10.0,release=3.0,release,2000.0,0.6900746323084062
1176ae,UAD,UREI 1176AE anniversary,fet-1176,fet,10.0,release=3.0,release,5.0,10.492409796314877
1176ae,UAD,UREI 1176AE anniversary,fet-1176,fet,10.0,release=3.0,release,50.0,10.154901057126857
1176ae,UAD,UREI 1176AE anniversary,fet-1176,fet,10.0,release=3.0,release,500.0,5.73530846322355
1176ae,UAD,UREI 1176AE anniversary,fet-1176,fet,10.0,release=3.0,release,5000.0,0.00692133018059593
1176ae,UAD,UREI 1176AE anniversary,fet-1176,fet,10.0,release=4.0,attack,0.1,0.9842014632807254
1176ae,UAD,UREI 1176AE anniversary,fet-1176,fet,10.0,release=4.0,attack,0.2,1.7467788019986283
1176ae,UAD,UREI 1176AE anniversary,fet-1176,fet,10.0,release=4.0,attack,0.5,3.9703224550078042
1176ae,UAD,UREI 1176AE anniversary,fet-1176,fet,10.0,release=4.0,attack,1.0,5.643486355381071
1176ae,UAD,UREI 1176AE anniversary,fet-1176,fet,10.0,release=4.0,attack,10.0,8.679967336246484
1176ae,UAD,UREI 1176AE anniversary,fet-1176,fet,10.0,release=4.0,attack,100.0,9.673869849346186
1176ae,UAD,UREI 1176AE anniversary,fet-1176,fet,10.0,release=4.0,attack,1000.0,10.558561796465785
1176ae,UAD,UREI 1176AE anniversary,fet-1176,fet,10.0,release=4.0,attack,2.0,6.978942186065381
1176ae,UAD,UREI 1176AE anniversary,fet-1176,fet,10.0,release=4.0,attack,20.0,8.970506478033652
1176ae,UAD,UREI 1176AE anniversary,fet-1176,fet,10.0,release=4.0,attack,200.0,10.111420653159623
1176ae,UAD,UREI 1176AE anniversary,fet-1176,fet,10.0,release=4.0,attack,2000.0,10.165959918465873
1176ae,UAD,UREI 1176AE anniversary,fet-1176,fet,10.0,release=4.0,attack,5.0,8.185984222790832
1176ae,UAD,UREI 1176AE anniversary,fet-1176,fet,10.0,release=4.0,attack,50.0,9.31682538722978
1176ae,UAD,UREI 1176AE anniversary,fet-1176,fet,10.0,release=4.0,attack,500.0,10.505161637462248
1176ae,UAD,UREI 1176AE anniversary,fet-1176,fet,10.0,release=4.0,attack,5000.0,0.02910098355813817
1176ae,UAD,UREI 1176AE anniversary,fet-1176,fet,10.0,release=4.0,release,0.1,10.085372862970804
1176ae,UAD,UREI 1176AE anniversary,fet-1176,fet,10.0,release=4.0,release,0.2,9.709914450260552
1176ae,UAD,UREI 1176AE anniversary,fet-1176,fet,10.0,release=4.0,release,0.5,9.747585090356033
1176ae,UAD,UREI 1176AE anniversary,fet-1176,fet,10.0,release=4.0,release,1.0,9.670370479017986
1176ae,UAD,UREI 1176AE anniversary,fet-1176,fet,10.0,release=4.0,release,10.0,10.303806328130634
1176ae,UAD,UREI 1176AE anniversary,fet-1176,fet,10.0,release=4.0,release,100.0,8.9902422848366
1176ae,UAD,UREI 1176AE anniversary,fet-1176,fet,10.0,release=4.0,release,1000.0,1.7224440868684168
1176ae,UAD,UREI 1176AE anniversary,fet-1176,fet,10.0,release=4.0,release,2.0,10.510775553207601
1176ae,UAD,UREI 1176AE anniversary,fet-1176,fet,10.0,release=4.0,release,20.0,10.210412655186857
1176ae,UAD,UREI 1176AE anniversary,fet-1176,fet,10.0,release=4.0,release,200.0,7.573040852323451
1176ae,UAD,UREI 1176AE anniversary,fet-1176,fet,10.0,release=4.0,release,2000.0,0.2335606218751125
1176ae,UAD,UREI 1176AE anniversary,fet-1176,fet,10.0,release=4.0,release,5.0,10.319023375437219
1176ae,UAD,UREI 1176AE anniversary,fet-1176,fet,10.0,release=4.0,release,50.0,9.79503400295767
1176ae,UAD,UREI 1176AE anniversary,fet-1176,fet,10.0,release=4.0,release,500.0,4.446484282916855
1176ae,UAD,UREI 1176AE anniversary,fet-1176,fet,10.0,release=4.0,release,5000.0,3.347235270512172e-05
1176ae,UAD,UREI 1176AE anniversary,fet-1176,fet,10.0,release=5.0,attack,0.1,0.957396031346172
1176ae,UAD,UREI 1176AE anniversary,fet-1176,fet,10.0,release=5.0,attack,0.2,1.6976413990433197
1176ae,UAD,UREI 1176AE anniversary,fet-1176,fet,10.0,release=5.0,attack,0.5,3.8806548010074926
1176ae,UAD,UREI 1176AE anniversary,fet-1176,fet,10.0,release=5.0,attack,1.0,5.535592946404394
1176ae,UAD,UREI 1176AE anniversary,fet-1176,fet,10.0,release=5.0,attack,10.0,8.501760677760704
1176ae,UAD,UREI 1176AE anniversary,fet-1176,fet,10.0,release=5.0,attack,100.0,9.43405866173867
1176ae,UAD,UREI 1176AE anniversary,fet-1176,fet,10.0,release=5.0,attack,1000.0,10.366715984037764
1176ae,UAD,UREI 1176AE anniversary,fet-1176,fet,10.0,release=5.0,attack,2.0,6.8548723727292185
1176ae,UAD,UREI 1176AE anniversary,fet-1176,fet,10.0,release=5.0,attack,20.0,8.771368673566776
1176ae,UAD,UREI 1176AE anniversary,fet-1176,fet,10.0,release=5.0,attack,200.0,9.900624840218137
1176ae,UAD,UREI 1176AE anniversary,fet-1176,fet,10.0,release=5.0,attack,2000.0,9.969656974394853
1176ae,UAD,UREI 1176AE anniversary,fet-1176,fet,10.0,release=5.0,attack,5.0,8.040234187624712
1176ae,UAD,UREI 1176AE anniversary,fet-1176,fet,10.0,release=5.0,attack,50.0,9.066763160581122
1176ae,UAD,UREI 1176AE anniversary,fet-1176,fet,10.0,release=5.0,attack,500.0,10.31102553816378
1176ae,UAD,UREI 1176AE anniversary,fet-1176,fet,10.0,release=5.0,attack,5000.0,0.00019077463313710297
1176ae,UAD,UREI 1176AE anniversary,fet-1176,fet,10.0,release=5.0,release,0.1,9.88869088727176
1176ae,UAD,UREI 1176AE anniversary,fet-1176,fet,10.0,release=5.0,release,0.2,9.509483513132755
1176ae,UAD,UREI 1176AE anniversary,fet-1176,fet,10.0,release=5.0,release,0.5,9.544252180621942
1176ae,UAD,UREI 1176AE anniversary,fet-1176,fet,10.0,release=5.0,release,1.0,9.461510434199793
1176ae,UAD,UREI 1176AE anniversary,fet-1176,fet,10.0,release=5.0,release,10.0,10.006014859700636
1176ae,UAD,UREI 1176AE anniversary,fet-1176,fet,10.0,release=5.0,release,100.0,7.933868870217198
1176ae,UAD,UREI 1176AE anniversary,fet-1176,fet,10.0,release=5.0,release,1000.0,0.539388740283087
1176ae,UAD,UREI 1176AE anniversary,fet-1176,fet,10.0,release=5.0,release,2.0,10.295597863632343
1176ae,UAD,UREI 1176AE anniversary,fet-1176,fet,10.0,release=5.0,release,20.0,9.812608981270001
1176ae,UAD,UREI 1176AE anniversary,fet-1176,fet,10.0,release=5.0,release,200.0,6.000099181034578
1176ae,UAD,UREI 1176AE anniversary,fet-1176,fet,10.0,release=5.0,release,2000.0,0.0215084793642486
1176ae,UAD,UREI 1176AE anniversary,fet-1176,fet,10.0,release=5.0,release,5.0,10.072339956380002
1176ae,UAD,UREI 1176AE anniversary,fet-1176,fet,10.0,release=5.0,release,50.0,9.120073922034615
1176ae,UAD,UREI 1176AE anniversary,fet-1176,fet,10.0,release=5.0,release,500.0,2.526697159301914
1176ae,UAD,UREI 1176AE anniversary,fet-1176,fet,10.0,release=5.0,release,5000.0,-0.0005236228135561127
1176ae,UAD,UREI 1176AE anniversary,fet-1176,fet,10.0,release=6.0,attack,0.1,0.9251663616002568
1176ae,UAD,UREI 1176AE anniversary,fet-1176,fet,10.0,release=6.0,attack,0.2,1.6356607450938294
1176ae,UAD,UREI 1176AE anniversary,fet-1176,fet,10.0,release=6.0,attack,0.5,3.764357161430931
1176ae,UAD,UREI 1176AE anniversary,fet-1176,fet,10.0,release=6.0,attack,1.0,5.382522591700793
1176ae,UAD,UREI 1176AE anniversary,fet-1176,fet,10.0,release=6.0,attack,10.0,8.035417274652959
1176ae,UAD,UREI 1176AE anniversary,fet-1176,fet,10.0,release=6.0,attack,100.0,8.861022926499004
1176ae,UAD,UREI 1176AE anniversary,fet-1176,fet,10.0,release=6.0,attack,1000.0,9.840634270774094
1176ae,UAD,UREI 1176AE anniversary,fet-1176,fet,10.0,release=6.0,attack,2.0,6.653318707807404
1176ae,UAD,UREI 1176AE anniversary,fet-1176,fet,10.0,release=6.0,attack,20.0,8.194638256026584
1176ae,UAD,UREI 1176AE anniversary,fet-1176,fet,10.0,release=6.0,attack,200.0,9.345015812266327
1176ae,UAD,UREI 1176AE anniversary,fet-1176,fet,10.0,release=6.0,attack,2000.0,9.425516795645986
1176ae,UAD,UREI 1176AE anniversary,fet-1176,fet,10.0,release=6.0,attack,5.0,7.744611761988235
1176ae,UAD,UREI 1176AE anniversary,fet-1176,fet,10.0,release=6.0,attack,50.0,8.480321441411876
1176ae,UAD,UREI 1176AE anniversary,fet-1176,fet,10.0,release=6.0,attack,500.0,9.779665170563776
1176ae,UAD,UREI 1176AE anniversary,fet-1176,fet,10.0,release=6.0,attack,5000.0,-0.0006338778256917976
1176ae,UAD,UREI 1176AE anniversary,fet-1176,fet,10.0,release=6.0,release,0.1,9.344344958746504
1176ae,UAD,UREI 1176AE anniversary,fet-1176,fet,10.0,release=6.0,release,0.2,8.949488603479146
1176ae,UAD,UREI 1176AE anniversary,fet-1176,fet,10.0,release=6.0,release,0.5,8.968370427625342
1176ae,UAD,UREI 1176AE anniversary,fet-1176,fet,10.0,release=6.0,release,1.0,8.855727077850933
1176ae,UAD,UREI 1176AE anniversary,fet-1176,fet,10.0,release=6.0,release,10.0,8.890841049184093
1176ae,UAD,UREI 1176AE anniversary,fet-1176,fet,10.0,release=6.0,release,100.0,4.332370835648874
1176ae,UAD,UREI 1176AE anniversary,fet-1176,fet,10.0,release=6.0,release,1000.0,0.014546245020773618
1176ae,UAD,UREI 1176AE anniversary,fet-1176,fet,10.0,release=6.0,release,2.0,9.63971996111205
1176ae,UAD,UREI 1176AE anniversary,fet-1176,fet,10.0,release=6.0,release,20.0,8.195969038584241
1176ae,UAD,UREI 1176AE anniversary,fet-1176,fet,10.0,release=6.0,release,200.0,2.1707109917970047
1176ae,UAD,UREI 1176AE anniversary,fet-1176,fet,10.0,release=6.0,release,2000.0,-0.0005352067740611588
1176ae,UAD,UREI 1176AE anniversary,fet-1176,fet,10.0,release=6.0,release,5.0,9.237753070801613
1176ae,UAD,UREI 1176AE anniversary,fet-1176,fet,10.0,release=6.0,release,50.0,6.410757680286119
1176ae,UAD,UREI 1176AE anniversary,fet-1176,fet,10.0,release=6.0,release,500.0,0.3375292763865465
1176ae,UAD,UREI 1176AE anniversary,fet-1176,fet,10.0,release=6.0,release,5000.0,-0.000534000748942276
1176ae,UAD,UREI 1176AE anniversary,fet-1176,fet,10.0,release=7.0,attack,0.1,0.890545585133566
1176ae,UAD,UREI 1176AE anniversary,fet-1176,fet,10.0,release=7.0,attack,0.2,1.5693661970725672
1176ae,UAD,UREI 1176AE anniversary,fet-1176,fet,10.0,release=7.0,attack,0.5,3.642112853441174
1176ae,UAD,UREI 1176AE anniversary,fet-1176,fet,10.0,release=7.0,attack,1.0,5.229690140743736
1176ae,UAD,UREI 1176AE anniversary,fet-1176,fet,10.0,release=7.0,attack,10.0,7.75330102796786
1176ae,UAD,UREI 1176AE anniversary,fet-1176,fet,10.0,release=7.0,attack,100.0,8.548019583941572
1176ae,UAD,UREI 1176AE anniversary,fet-1176,fet,10.0,release=7.0,attack,1000.0,9.524514328753474
1176ae,UAD,UREI 1176AE anniversary,fet-1176,fet,10.0,release=7.0,attack,2.0,6.4699161595222225
1176ae,UAD,UREI 1176AE anniversary,fet-1176,fet,10.0,release=7.0,attack,20.0,7.885889841658178
1176ae,UAD,UREI 1176AE anniversary,fet-1176,fet,10.0,release=7.0,attack,200.0,9.03138075394514
1176ae,UAD,UREI 1176AE anniversary,fet-1176,fet,10.0,release=7.0,attack,2000.0,9.092054937681535
1176ae,UAD,UREI 1176AE anniversary,fet-1176,fet,10.0,release=7.0,attack,5.0,7.51990018192652
1176ae,UAD,UREI 1176AE anniversary,fet-1176,fet,10.0,release=7.0,attack,50.0,8.168204979154758
1176ae,UAD,UREI 1176AE anniversary,fet-1176,fet,10.0,release=7.0,attack,500.0,9.463395979705194
1176ae,UAD,UREI 1176AE anniversary,fet-1176,fet,10.0,release=7.0,attack,5000.0,-0.000622414682621919
1176ae,UAD,UREI 1176AE anniversary,fet-1176,fet,10.0,release=7.0,release,0.1,9.009210207103042
1176ae,UAD,UREI 1176AE anniversary,fet-1176,fet,10.0,release=7.0,release,0.2,8.597211468508542
1176ae,UAD,UREI 1176AE anniversary,fet-1176,fet,10.0,release=7.0,release,0.5,8.613099656393556
1176ae,UAD,UREI 1176AE anniversary,fet-1176,fet,10.0,release=7.0,release,1.0,8.485981309030706
1176ae,UAD,UREI 1176AE anniversary,fet-1176,fet,10.0,release=7.0,release,10.0,8.334656857884283
1176ae,UAD,UREI 1176AE anniversary,fet-1176,fet,10.0,release=7.0,release,100.0,3.4209703162648837
1176ae,UAD,UREI 1176AE anniversary,fet-1176,fet,10.0,release=7.0,release,1000.0,0.007320434966357148
1176ae,UAD,UREI 1176AE anniversary,fet-1176,fet,10.0,release=7.0,release,2.0,9.269090535024308
1176ae,UAD,UREI 1176AE anniversary,fet-1176,fet,10.0,release=7.0,release,20.0,7.472124784913783
1176ae,UAD,UREI 1176AE anniversary,fet-1176,fet,10.0,release=7.0,release,200.0,1.5935804374974523
1176ae,UAD,UREI 1176AE anniversary,fet-1176,fet,10.0,release=7.0,release,2000.0,-0.0005425437964756696
1176ae,UAD,UREI 1176AE anniversary,fet-1176,fet,10.0,release=7.0,release,5.0,8.789438174720502
1176ae,UAD,UREI 1176AE anniversary,fet-1176,fet,10.0,release=7.0,release,50.0,5.458881636474596
1176ae,UAD,UREI 1176AE anniversary,fet-1176,fet,10.0,release=7.0,release,500.0,0.21907652333568617
1176ae,UAD,UREI 1176AE anniversary,fet-1176,fet,10.0,release=7.0,release,5000.0,-0.0005214761843324034
1176ae,UAD,UREI 1176AE anniversary,fet-1176,fet,10.0,as_set,attack,0.1,0.957396031346172
1176ae,UAD,UREI 1176AE anniversary,fet-1176,fet,10.0,as_set,attack,0.2,1.6976413990433197
1176ae,UAD,UREI 1176AE anniversary,fet-1176,fet,10.0,as_set,attack,0.5,3.8806548010074926
1176ae,UAD,UREI 1176AE anniversary,fet-1176,fet,10.0,as_set,attack,1.0,5.535592946404394
1176ae,UAD,UREI 1176AE anniversary,fet-1176,fet,10.0,as_set,attack,10.0,8.501760677760704
1176ae,UAD,UREI 1176AE anniversary,fet-1176,fet,10.0,as_set,attack,100.0,9.43405866173867
1176ae,UAD,UREI 1176AE anniversary,fet-1176,fet,10.0,as_set,attack,1000.0,10.366715984037764
1176ae,UAD,UREI 1176AE anniversary,fet-1176,fet,10.0,as_set,attack,2.0,6.8548723727292185
1176ae,UAD,UREI 1176AE anniversary,fet-1176,fet,10.0,as_set,attack,20.0,8.771368673566776
1176ae,UAD,UREI 1176AE anniversary,fet-1176,fet,10.0,as_set,attack,200.0,9.900624840218137
1176ae,UAD,UREI 1176AE anniversary,fet-1176,fet,10.0,as_set,attack,2000.0,9.969656974394853
1176ae,UAD,UREI 1176AE anniversary,fet-1176,fet,10.0,as_set,attack,5.0,8.040234187624712
1176ae,UAD,UREI 1176AE anniversary,fet-1176,fet,10.0,as_set,attack,50.0,9.066763160581122
1176ae,UAD,UREI 1176AE anniversary,fet-1176,fet,10.0,as_set,attack,500.0,10.31102553816378
1176ae,UAD,UREI 1176AE anniversary,fet-1176,fet,10.0,as_set,attack,5000.0,0.00019077463313710297
1176ae,UAD,UREI 1176AE anniversary,fet-1176,fet,10.0,as_set,release,0.1,9.88869088727176
1176ae,UAD,UREI 1176AE anniversary,fet-1176,fet,10.0,as_set,release,0.2,9.509483513132755
1176ae,UAD,UREI 1176AE anniversary,fet-1176,fet,10.0,as_set,release,0.5,9.544252180621942
1176ae,UAD,UREI 1176AE anniversary,fet-1176,fet,10.0,as_set,release,1.0,9.461510434199793
1176ae,UAD,UREI 1176AE anniversary,fet-1176,fet,10.0,as_set,release,10.0,10.006014859700636
1176ae,UAD,UREI 1176AE anniversary,fet-1176,fet,10.0,as_set,release,100.0,7.933868870217198
1176ae,UAD,UREI 1176AE anniversary,fet-1176,fet,10.0,as_set,release,1000.0,0.539388740283087
1176ae,UAD,UREI 1176AE anniversary,fet-1176,fet,10.0,as_set,release,2.0,10.295597863632343
1176ae,UAD,UREI 1176AE anniversary,fet-1176,fet,10.0,as_set,release,20.0,9.812608981270001
1176ae,UAD,UREI 1176AE anniversary,fet-1176,fet,10.0,as_set,release,200.0,6.000099181034578
1176ae,UAD,UREI 1176AE anniversary,fet-1176,fet,10.0,as_set,release,2000.0,0.0215084793642486
1176ae,UAD,UREI 1176AE anniversary,fet-1176,fet,10.0,as_set,release,5.0,10.072339956380002
1176ae,UAD,UREI 1176AE anniversary,fet-1176,fet,10.0,as_set,release,50.0,9.120073922034615
1176ae,UAD,UREI 1176AE anniversary,fet-1176,fet,10.0,as_set,release,500.0,2.526697159301914
1176ae,UAD,UREI 1176AE anniversary,fet-1176,fet,10.0,as_set,release,5000.0,-0.0005236228135561127
1176ae,UAD,UREI 1176AE anniversary,fet-1176,fet,15.0,as_set,attack,0.1,2.405669785347678
1176ae,UAD,UREI 1176AE anniversary,fet-1176,fet,15.0,as_set,attack,0.2,3.877174794691571
1176ae,UAD,UREI 1176AE anniversary,fet-1176,fet,15.0,as_set,attack,0.5,7.4823426159902855
1176ae,UAD,UREI 1176AE anniversary,fet-1176,fet,15.0,as_set,attack,1.0,9.634181154665546
1176ae,UAD,UREI 1176AE anniversary,fet-1176,fet,15.0,as_set,attack,10.0,12.832626325672164
1176ae,UAD,UREI 1176AE anniversary,fet-1176,fet,15.0,as_set,attack,100.0,13.878668199222925
1176ae,UAD,UREI 1176AE anniversary,fet-1176,fet,15.0,as_set,attack,1000.0,14.987559173332505
1176ae,UAD,UREI 1176AE anniversary,fet-1176,fet,15.0,as_set,attack,2.0,11.110152526619174
1176ae,UAD,UREI 1176AE anniversary,fet-1176,fet,15.0,as_set,attack,20.0,13.095036267784
1176ae,UAD,UREI 1176AE anniversary,fet-1176,fet,15.0,as_set,attack,200.0,14.43340597692301
1176ae,UAD,UREI 1176AE anniversary,fet-1176,fet,15.0,as_set,attack,2000.0,14.74364465167726
1176ae,UAD,UREI 1176AE anniversary,fet-1176,fet,15.0,as_set,attack,5.0,12.371555689377052
1176ae,UAD,UREI 1176AE anniversary,fet-1176,fet,15.0,as_set,attack,50.0,13.44150426926768
1176ae,UAD,UREI 1176AE anniversary,fet-1176,fet,15.0,as_set,attack,500.0,14.922747064449688
1176ae,UAD,UREI 1176AE anniversary,fet-1176,fet,15.0,as_set,attack,5000.0,0.0005508215492522339
1176ae,UAD,UREI 1176AE anniversary,fet-1176,fet,15.0,as_set,release,0.1,14.692930079674907
1176ae,UAD,UREI 1176AE anniversary,fet-1176,fet,15.0,as_set,release,0.2,14.475618373691303
1176ae,UAD,UREI 1176AE anniversary,fet-1176,fet,15.0,as_set,release,0.5,14.471172734368242
1176ae,UAD,UREI 1176AE anniversary,fet-1176,fet,15.0,as_set,release,1.0,14.419856334669694
1176ae,UAD,UREI 1176AE anniversary,fet-1176,fet,15.0,as_set,release,10.0,14.5949742442568
1176ae,UAD,UREI 1176AE anniversary,fet-1176,fet,15.0,as_set,release,100.0,11.690494148338724
1176ae,UAD,UREI 1176AE anniversary,fet-1176,fet,15.0,as_set,release,1000.0,0.8437788691665089
1176ae,UAD,UREI 1176AE anniversary,fet-1176,fet,15.0,as_set,release,2.0,14.920713820641142
1176ae,UAD,UREI 1176AE anniversary,fet-1176,fet,15.0,as_set,release,20.0,14.294453915001228
1176ae,UAD,UREI 1176AE anniversary,fet-1176,fet,15.0,as_set,release,200.0,8.959584716845736
1176ae,UAD,UREI 1176AE anniversary,fet-1176,fet,15.0,as_set,release,2000.0,0.034445529718182044
1176ae,UAD,UREI 1176AE anniversary,fet-1176,fet,15.0,as_set,release,5.0,14.726518820585119
1176ae,UAD,UREI 1176AE anniversary,fet-1176,fet,15.0,as_set,release,50.0,13.31835667276258
1176ae,UAD,UREI 1176AE anniversary,fet-1176,fet,15.0,as_set,release,500.0,3.8489909865923684
1176ae,UAD,UREI 1176AE anniversary,fet-1176,fet,15.0,as_set,release,5000.0,-0.0006902463899876032
1176ae,UAD,UREI 1176AE anniversary,fet-1176,fet,3.0,as_set,attack,0.1,0.28133024462215417
1176ae,UAD,UREI 1176AE anniversary,fet-1176,fet,3.0,as_set,attack,0.2,0.27863772300328904
1176ae,UAD,UREI 1176AE anniversary,fet-1176,fet,3.0,as_set,attack,0.5,0.8401554495191785
1176ae,UAD,UREI 1176AE anniversary,fet-1176,fet,3.0,as_set,attack,1.0,1.5506426948792758
1176ae,UAD,UREI 1176AE anniversary,fet-1176,fet,3.0,as_set,attack,10.0,3.46632297336366
1176ae,UAD,UREI 1176AE anniversary,fet-1176,fet,3.0,as_set,attack,100.0,4.152934823540731
1176ae,UAD,UREI 1176AE anniversary,fet-1176,fet,3.0,as_set,attack,1000.0,4.801611332728013
1176ae,UAD,UREI 1176AE anniversary,fet-1176,fet,3.0,as_set,attack,2.0,2.2736879903509486
1176ae,UAD,UREI 1176AE anniversary,fet-1176,fet,3.0,as_set,attack,20.0,3.6986378013731436
1176ae,UAD,UREI 1176AE anniversary,fet-1176,fet,3.0,as_set,attack,200.0,4.470065069495986
1176ae,UAD,UREI 1176AE anniversary,fet-1176,fet,3.0,as_set,attack,2000.0,4.279630922511862
1176ae,UAD,UREI 1176AE anniversary,fet-1176,fet,3.0,as_set,attack,5.0,3.0796328130826662
1176ae,UAD,UREI 1176AE anniversary,fet-1176,fet,3.0,as_set,attack,50.0,3.9068281791801738
1176ae,UAD,UREI 1176AE anniversary,fet-1176,fet,3.0,as_set,attack,500.0,4.7588508723127685
1176ae,UAD,UREI 1176AE anniversary,fet-1176,fet,3.0,as_set,attack,5000.0,-0.0010846110207740622
1176ae,UAD,UREI 1176AE anniversary,fet-1176,fet,3.0,as_set,release,0.1,4.17679080319285
1176ae,UAD,UREI 1176AE anniversary,fet-1176,fet,3.0,as_set,release,0.2,3.6581078759677155
1176ae,UAD,UREI 1176AE anniversary,fet-1176,fet,3.0,as_set,release,0.5,3.740520874460495
1176ae,UAD,UREI 1176AE anniversary,fet-1176,fet,3.0,as_set,release,1.0,3.6359387790677378
1176ae,UAD,UREI 1176AE anniversary,fet-1176,fet,3.0,as_set,release,10.0,4.569720682569674
1176ae,UAD,UREI 1176AE anniversary,fet-1176,fet,3.0,as_set,release,100.0,3.608137552573078
1176ae,UAD,UREI 1176AE anniversary,fet-1176,fet,3.0,as_set,release,1000.0,0.2247005646652518
1176ae,UAD,UREI 1176AE anniversary,fet-1176,fet,3.0,as_set,release,2.0,4.774791476389593
1176ae,UAD,UREI 1176AE anniversary,fet-1176,fet,3.0,as_set,release,20.0,4.529239068316555
1176ae,UAD,UREI 1176AE anniversary,fet-1176,fet,3.0,as_set,release,200.0,2.64025360915719
1176ae,UAD,UREI 1176AE anniversary,fet-1176,fet,3.0,as_set,release,2000.0,0.007556329431540831
1176ae,UAD,UREI 1176AE anniversary,fet-1176,fet,3.0,as_set,release,5.0,4.547309337365117
1176ae,UAD,UREI 1176AE anniversary,fet-1176,fet,3.0,as_set,release,50.0,4.234373789052167
1176ae,UAD,UREI 1176AE anniversary,fet-1176,fet,3.0,as_set,release,500.0,1.0815479950800153
1176ae,UAD,UREI 1176AE anniversary,fet-1176,fet,3.0,as_set,release,5000.0,-0.0013007476860629197
1176ae,UAD,UREI 1176AE anniversary,fet-1176,fet,6.0,as_set,attack,0.1,0.3661878204320663
1176ae,UAD,UREI 1176AE anniversary,fet-1176,fet,6.0,as_set,attack,0.2,0.4625407028544517
1176ae,UAD,UREI 1176AE anniversary,fet-1176,fet,6.0,as_set,attack,0.5,1.3391165306463426
1176ae,UAD,UREI 1176AE anniversary,fet-1176,fet,6.0,as_set,attack,1.0,2.287020746493863
1176ae,UAD,UREI 1176AE anniversary,fet-1176,fet,6.0,as_set,attack,10.0,4.528273887161604
1176ae,UAD,UREI 1176AE anniversary,fet-1176,fet,6.0,as_set,attack,100.0,5.274335958741129
1176ae,UAD,UREI 1176AE anniversary,fet-1176,fet,6.0,as_set,attack,1000.0,5.996222292095992
1176ae,UAD,UREI 1176AE anniversary,fet-1176,fet,6.0,as_set,attack,2.0,3.1708417663933384
1176ae,UAD,UREI 1176AE anniversary,fet-1176,fet,6.0,as_set,attack,20.0,4.772273577761228
1176ae,UAD,UREI 1176AE anniversary,fet-1176,fet,6.0,as_set,attack,200.0,5.62811675084571
1176ae,UAD,UREI 1176AE anniversary,fet-1176,fet,6.0,as_set,attack,2000.0,5.456633678029406
1176ae,UAD,UREI 1176AE anniversary,fet-1176,fet,6.0,as_set,attack,5.0,4.112189075618109
1176ae,UAD,UREI 1176AE anniversary,fet-1176,fet,6.0,as_set,attack,50.0,4.998518641268993
1176ae,UAD,UREI 1176AE anniversary,fet-1176,fet,6.0,as_set,attack,500.0,5.948760877620617
1176ae,UAD,UREI 1176AE anniversary,fet-1176,fet,6.0,as_set,attack,5000.0,-0.0007563369169831802
1176ae,UAD,UREI 1176AE anniversary,fet-1176,fet,6.0,as_set,release,0.1,5.3514323704865605
1176ae,UAD,UREI 1176AE anniversary,fet-1176,fet,6.0,as_set,release,0.2,4.81193760583145
1176ae,UAD,UREI 1176AE anniversary,fet-1176,fet,6.0,as_set,release,0.5,4.902053283807155
1176ae,UAD,UREI 1176AE anniversary,fet-1176,fet,6.0,as_set,release,1.0,4.792813031032462
1176ae,UAD,UREI 1176AE anniversary,fet-1176,fet,6.0,as_set,release,10.0,5.739990146714175
1176ae,UAD,UREI 1176AE anniversary,fet-1176,fet,6.0,as_set,release,100.0,4.537044314247026
1176ae,UAD,UREI 1176AE anniversary,fet-1176,fet,6.0,as_set,release,1000.0,0.2900588202612626
1176ae,UAD,UREI 1176AE anniversary,fet-1176,fet,6.0,as_set,release,2.0,5.97133149311762
1176ae,UAD,UREI 1176AE anniversary,fet-1176,fet,6.0,as_set,release,20.0,5.673126436011201
1176ae,UAD,UREI 1176AE anniversary,fet-1176,fet,6.0,as_set,release,200.0,3.348286168448859
1176ae,UAD,UREI 1176AE anniversary,fet-1176,fet,6.0,as_set,release,2000.0,0.01039203742976813
1176ae,UAD,UREI 1176AE anniversary,fet-1176,fet,6.0,as_set,release,5.0,5.729062926081581
1176ae,UAD,UREI 1176AE anniversary,fet-1176,fet,6.0,as_set,release,50.0,5.295399773755981
1176ae,UAD,UREI 1176AE anniversary,fet-1176,fet,6.0,as_set,release,500.0,1.3845996834902499
1176ae,UAD,UREI 1176AE anniversary,fet-1176,fet,6.0,as_set,release,5000.0,-0.0010558459153884314
1176ln,UAD,UREI 1176LN Rev E,fet-1176,fet,10.0,attack=1.00,attack,0.1,0.2503548155979951
1176ln,UAD,UREI 1176LN Rev E,fet-1176,fet,10.0,attack=1.00,attack,0.2,0.20038397050235623
1176ln,UAD,UREI 1176LN Rev E,fet-1176,fet,10.0,attack=1.00,attack,0.5,0.7296177730513103
1176ln,UAD,UREI 1176LN Rev E,fet-1176,fet,10.0,attack=1.00,attack,1.0,1.8241247424259823
1176ln,UAD,UREI 1176LN Rev E,fet-1176,fet,10.0,attack=1.00,attack,10.0,7.9137590546050305
1176ln,UAD,UREI 1176LN Rev E,fet-1176,fet,10.0,attack=1.00,attack,100.0,8.716620696457994
1176ln,UAD,UREI 1176LN Rev E,fet-1176,fet,10.0,attack=1.00,attack,1000.0,9.853958327349755
1176ln,UAD,UREI 1176LN Rev E,fet-1176,fet,10.0,attack=1.00,attack,2.0,3.8072789036449173
1176ln,UAD,UREI 1176LN Rev E,fet-1176,fet,10.0,attack=1.00,attack,20.0,8.386847477191713
1176ln,UAD,UREI 1176LN Rev E,fet-1176,fet,10.0,attack=1.00,attack,200.0,8.895823512909342
1176ln,UAD,UREI 1176LN Rev E,fet-1176,fet,10.0,attack=1.00,attack,2000.0,10.0459159358846
1176ln,UAD,UREI 1176LN Rev E,fet-1176,fet,10.0,attack=1.00,attack,5.0,6.683991173835183
1176ln,UAD,UREI 1176LN Rev E,fet-1176,fet,10.0,attack=1.00,attack,50.0,8.614134176471355
1176ln,UAD,UREI 1176LN Rev E,fet-1176,fet,10.0,attack=1.00,attack,500.0,9.354658970729478
1176ln,UAD,UREI 1176LN Rev E,fet-1176,fet,10.0,attack=1.00,attack,5000.0,0.23229456770520773
1176ln,UAD,UREI 1176LN Rev E,fet-1176,fet,10.0,attack=1.00,release,0.1,9.960451345518402
1176ln,UAD,UREI 1176LN Rev E,fet-1176,fet,10.0,attack=1.00,release,0.2,9.57996034558234
1176ln,UAD,UREI 1176LN Rev E,fet-1176,fet,10.0,attack=1.00,release,0.5,9.692848643401044
1176ln,UAD,UREI 1176LN Rev E,fet-1176,fet,10.0,attack=1.00,release,1.0,9.677752595983502
1176ln,UAD,UREI 1176LN Rev E,fet-1176,fet,10.0,attack=1.00,release,10.0,10.181556823903769
1176ln,UAD,UREI 1176LN Rev E,fet-1176,fet,10.0,attack=1.00,release,100.0,8.081543664790154
1176ln,UAD,UREI 1176LN Rev E,fet-1176,fet,10.0,attack=1.00,release,1000.0,1.8763054063612037
1176ln,UAD,UREI 1176LN Rev E,fet-1176,fet,10.0,attack=1.00,release,2.0,10.413617670967971
1176ln,UAD,UREI 1176LN Rev E,fet-1176,fet,10.0,attack=1.00,release,20.0,9.957019472120198
1176ln,UAD,UREI 1176LN Rev E,fet-1176,fet,10.0,attack=1.00,release,200.0,6.429236063587518
1176ln,UAD,UREI 1176LN Rev E,fet-1176,fet,10.0,attack=1.00,release,2000.0,0.6511423203973665
1176ln,UAD,UREI 1176LN Rev E,fet-1176,fet,10.0,attack=1.00,release,5.0,10.252033160274433
1176ln,UAD,UREI 1176LN Rev E,fet-1176,fet,10.0,attack=1.00,release,50.0,9.185585315926412
1176ln,UAD,UREI 1176LN Rev E,fet-1176,fet,10.0,attack=1.00,release,500.0,3.6665551650455557
1176ln,UAD,UREI 1176LN Rev E,fet-1176,fet,10.0,attack=1.00,release,5000.0,0.028209094380676092
1176ln,UAD,UREI 1176LN Rev E,fet-1176,fet,10.0,attack=2.00,attack,0.1,0.3205919737615588
1176ln,UAD,UREI 1176LN Rev E,fet-1176,fet,10.0,attack=2.00,attack,0.2,0.4567930566961236
1176ln,UAD,UREI 1176LN Rev E,fet-1176,fet,10.0,attack=2.00,attack,0.5,1.6268883529913163
1176ln,UAD,UREI 1176LN Rev E,fet-1176,fet,10.0,attack=2.00,attack,1.0,3.19164412265531
1176ln,UAD,UREI 1176LN Rev E,fet-1176,fet,10.0,attack=2.00,attack,10.0,8.300090983535107
1176ln,UAD,UREI 1176LN Rev E,fet-1176,fet,10.0,attack=2.00,attack,100.0,8.949116584352954
1176ln,UAD,UREI 1176LN Rev E,fet-1176,fet,10.0,attack=2.00,attack,1000.0,10.104720279339574
1176ln,UAD,UREI 1176LN Rev E,fet-1176,fet,10.0,attack=2.00,attack,2.0,5.138546595978717
1176ln,UAD,UREI 1176LN Rev E,fet-1176,fet,10.0,attack=2.00,attack,20.0,8.660601192887768
1176ln,UAD,UREI 1176LN Rev E,fet-1176,fet,10.0,attack=2.00,attack,200.0,9.128545188086438
1176ln,UAD,UREI 1176LN Rev E,fet-1176,fet,10.0,attack=2.00,attack,2000.0,10.289264778682792
1176ln,UAD,UREI 1176LN Rev E,fet-1176,fet,10.0,attack=2.00,attack,5.0,7.411570565384947
1176ln,UAD,UREI 1176LN Rev E,fet-1176,fet,10.0,attack=2.00,attack,50.0,8.849945134358075
1176ln,UAD,UREI 1176LN Rev E,fet-1176,fet,10.0,attack=2.00,attack,500.0,9.587653858492876
1176ln,UAD,UREI 1176LN Rev E,fet-1176,fet,10.0,attack=2.00,attack,5000.0,0.23979006727765206
1176ln,UAD,UREI 1176LN Rev E,fet-1176,fet,10.0,attack=2.00,release,0.1,10.204226354054702
1176ln,UAD,UREI 1176LN Rev E,fet-1176,fet,10.0,attack=2.00,release,0.2,9.82540071755739
1176ln,UAD,UREI 1176LN Rev E,fet-1176,fet,10.0,attack=2.00,release,0.5,9.937339922836541
1176ln,UAD,UREI 1176LN Rev E,fet-1176,fet,10.0,attack=2.00,release,1.0,9.922024846471475
1176ln,UAD,UREI 1176LN Rev E,fet-1176,fet,10.0,attack=2.00,release,10.0,10.42071080498071
1176ln,UAD,UREI 1176LN Rev E,fet-1176,fet,10.0,attack=2.00,release,100.0,8.282886962534622
1176ln,UAD,UREI 1176LN Rev E,fet-1176,fet,10.0,attack=2.00,release,1000.0,1.9321402674324344
1176ln,UAD,UREI 1176LN Rev E,fet-1176,fet,10.0,attack=2.00,release,2.0,10.65485435730767
1176ln,UAD,UREI 1176LN Rev E,fet-1176,fet,10.0,attack=2.00,release,20.0,10.19361185992509
1176ln,UAD,UREI 1176LN Rev E,fet-1176,fet,10.0,attack=2.00,release,200.0,6.5928208414589395
1176ln,UAD,UREI 1176LN Rev E,fet-1176,fet,10.0,attack=2.00,release,2000.0,0.6716513729445666
1176ln,UAD,UREI 1176LN Rev E,fet-1176,fet,10.0,attack=2.00,release,5.0,10.492641990888497
1176ln,UAD,UREI 1176LN Rev E,fet-1176,fet,10.0,attack=2.00,release,50.0,9.41028591867172
1176ln,UAD,UREI 1176LN Rev E,fet-1176,fet,10.0,attack=2.00,release,500.0,3.7643634375567814
1176ln,UAD,UREI 1176LN Rev E,fet-1176,fet,10.0,attack=2.00,release,5000.0,0.029188366508971164
1176ln,UAD,UREI 1176LN Rev E,fet-1176,fet,10.0,attack=3.00,attack,0.1,0.4213367572652862
1176ln,UAD,UREI 1176LN Rev E,fet-1176,fet,10.0,attack=3.00,attack,0.2,0.7716061663116385
1176ln,UAD,UREI 1176LN Rev E,fet-1176,fet,10.0,attack=3.00,attack,0.5,2.4763878998978477
1176ln,UAD,UREI 1176LN Rev E,fet-1176,fet,10.0,attack=3.00,attack,1.0,4.204671018067578
1176ln,UAD,UREI 1176LN Rev E,fet-1176,fet,10.0,attack=3.00,attack,10.0,8.402525129314606
1176ln,UAD,UREI 1176LN Rev E,fet-1176,fet,10.0,attack=3.00,attack,100.0,8.93172371647268
1176ln,UAD,UREI 1176LN Rev E,fet-1176,fet,10.0,attack=3.00,attack,1000.0,10.078272975259004
1176ln,UAD,UREI 1176LN Rev E,fet-1176,fet,10.0,attack=3.00,attack,2.0,5.970066559952964
1176ln,UAD,UREI 1176LN Rev E,fet-1176,fet,10.0,attack=3.00,attack,20.0,8.696793535853402
1176ln,UAD,UREI 1176LN Rev E,fet-1176,fet,10.0,attack=3.00,attack,200.0,9.109500642179865
1176ln,UAD,UREI 1176LN Rev E,fet-1176,fet,10.0,attack=3.00,attack,2000.0,10.25600495932531
1176ln,UAD,UREI 1176LN Rev E,fet-1176,fet,10.0,attack=3.00,attack,5.0,7.7763051371319865
1176ln,UAD,UREI 1176LN Rev E,fet-1176,fet,10.0,attack=3.00,attack,50.0,8.836419951448482
1176ln,UAD,UREI 1176LN Rev E,fet-1176,fet,10.0,attack=3.00,attack,500.0,9.564286725695673
1176ln,UAD,UREI 1176LN Rev E,fet-1176,fet,10.0,attack=3.00,attack,5000.0,0.23884485427322488
1176ln,UAD,UREI 1176LN Rev E,fet-1176,fet,10.0,attack=3.00,release,0.1,10.170930032562516
1176ln,UAD,UREI 1176LN Rev E,fet-1176,fet,10.0,attack=3.00,release,0.2,9.791671755061198
1176ln,UAD,UREI 1176LN Rev E,fet-1176,fet,10.0,attack=3.00,release,0.5,9.903913758422663
1176ln,UAD,UREI 1176LN Rev E,fet-1176,fet,10.0,attack=3.00,release,1.0,9.888615427698026
1176ln,UAD,UREI 1176LN Rev E,fet-1176,fet,10.0,attack=3.00,release,10.0,10.388265952403277
1176ln,UAD,UREI 1176LN Rev E,fet-1176,fet,10.0,attack=3.00,release,100.0,8.255780751591544
1176ln,UAD,UREI 1176LN Rev E,fet-1176,fet,10.0,attack=3.00,release,1000.0,1.9250410592766385
1176ln,UAD,UREI 1176LN Rev E,fet-1176,fet,10.0,attack=3.00,release,2.0,10.622126121783499
1176ln,UAD,UREI 1176LN Rev E,fet-1176,fet,10.0,attack=3.00,release,20.0,10.161579918813729
1176ln,UAD,UREI 1176LN Rev E,fet-1176,fet,10.0,attack=3.00,release,200.0,6.571092916907272
1176ln,UAD,UREI 1176LN Rev E,fet-1176,fet,10.0,attack=3.00,release,2000.0,0.6690504094195981
1176ln,UAD,UREI 1176LN Rev E,fet-1176,fet,10.0,attack=3.00,release,5.0,10.459963307309813
1176ln,UAD,UREI 1176LN Rev E,fet-1176,fet,10.0,attack=3.00,release,50.0,9.379829551935195
1176ln,UAD,UREI 1176LN Rev E,fet-1176,fet,10.0,attack=3.00,release,500.0,3.7518042933320928
1176ln,UAD,UREI 1176LN Rev E,fet-1176,fet,10.0,attack=3.00,release,5000.0,0.029072766539281147
1176ln,UAD,UREI 1176LN Rev E,fet-1176,fet,10.0,attack=4.00,attack,0.1,0.5722608599174377
1176ln,UAD,UREI 1176LN Rev E,fet-1176,fet,10.0,attack=4.00,attack,0.2,1.1676533795656967
1176ln,UAD,UREI 1176LN Rev E,fet-1176,fet,10.0,attack=4.00,attack,0.5,3.3489980527998684
1176ln,UAD,UREI 1176LN Rev E,fet-1176,fet,10.0,attack=4.00,attack,1.0,5.088759895569285
1176ln,UAD,UREI 1176LN Rev E,fet-1176,fet,10.0,attack=4.00,attack,10.0,8.458374324820014
1176ln,UAD,UREI 1176LN Rev E,fet-1176,fet,10.0,attack=4.00,attack,100.0,8.867492211999533
1176ln,UAD,UREI 1176LN Rev E,fet-1176,fet,10.0,attack=4.00,attack,1000.0,10.003077391091107
1176ln,UAD,UREI 1176LN Rev E,fet-1176,fet,10.0,attack=4.00,attack,2.0,6.609967899664233
1176ln,UAD,UREI 1176LN Rev E,fet-1176,fet,10.0,attack=4.00,attack,20.0,8.68152218348957
1176ln,UAD,UREI 1176LN Rev E,fet-1176,fet,10.0,attack=4.00,attack,200.0,9.04372360359842
1176ln,UAD,UREI 1176LN Rev E,fet-1176,fet,10.0,attack=4.00,attack,2000.0,10.173373215033376
1176ln,UAD,UREI 1176LN Rev E,fet-1176,fet,10.0,attack=4.00,attack,5.0,8.009384436338472
1176ln,UAD,UREI 1176LN Rev E,fet-1176,fet,10.0,attack=4.00,attack,50.0,8.774089719735555
1176ln,UAD,UREI 1176LN Rev E,fet-1176,fet,10.0,attack=4.00,attack,500.0,9.494277094839418
1176ln,UAD,UREI 1176LN Rev E,fet-1176,fet,10.0,attack=4.00,attack,5000.0,0.23638304913276986
1176ln,UAD,UREI 1176LN Rev E,fet-1176,fet,10.0,attack=4.00,release,0.1,10.08820359964995
1176ln,UAD,UREI 1176LN Rev E,fet-1176,fet,10.0,attack=4.00,release,0.2,9.708159542588042
1176ln,UAD,UREI 1176LN Rev E,fet-1176,fet,10.0,attack=4.00,release,0.5,9.820957082077324
1176ln,UAD,UREI 1176LN Rev E,fet-1176,fet,10.0,attack=4.00,release,1.0,9.805689726859672
1176ln,UAD,UREI 1176LN Rev E,fet-1176,fet,10.0,attack=4.00,release,10.0,10.307283866204987
1176ln,UAD,UREI 1176LN Rev E,fet-1176,fet,10.0,attack=4.00,release,100.0,8.187848227979698
1176ln,UAD,UREI 1176LN Rev E,fet-1176,fet,10.0,attack=4.00,release,1000.0,1.9066470921096177
1176ln,UAD,UREI 1176LN Rev E,fet-1176,fet,10.0,attack=4.00,release,2.0,10.54045791908945
1176ln,UAD,UREI 1176LN Rev E,fet-1176,fet,10.0,attack=4.00,release,20.0,10.081541177694273
1176ln,UAD,UREI 1176LN Rev E,fet-1176,fet,10.0,attack=4.00,release,200.0,6.5162458138788795
1176ln,UAD,UREI 1176LN Rev E,fet-1176,fet,10.0,attack=4.00,release,2000.0,0.6622935884638022
1176ln,UAD,UREI 1176LN Rev E,fet-1176,fet,10.0,attack=4.00,release,5.0,10.378460405005953
1176ln,UAD,UREI 1176LN Rev E,fet-1176,fet,10.0,attack=4.00,release,50.0,9.303774362514812
1176ln,UAD,UREI 1176LN Rev E,fet-1176,fet,10.0,attack=4.00,release,500.0,3.7195720233202945
1176ln,UAD,UREI 1176LN Rev E,fet-1176,fet,10.0,attack=4.00,release,5000.0,0.0287616645154527
1176ln,UAD,UREI 1176LN Rev E,fet-1176,fet,10.0,attack=5.00,attack,0.1,0.83725071875861
1176ln,UAD,UREI 1176LN Rev E,fet-1176,fet,10.0,attack=5.00,attack,0.2,1.7597487266333385
1176ln,UAD,UREI 1176LN Rev E,fet-1176,fet,10.0,attack=5.00,attack,0.5,4.407043375970273
1176ln,UAD,UREI 1176LN Rev E,fet-1176,fet,10.0,attack=5.00,attack,1.0,6.018240024092012
1176ln,UAD,UREI 1176LN Rev E,fet-1176,fet,10.0,attack=5.00,attack,10.0,8.475882825384536
1176ln,UAD,UREI 1176LN Rev E,fet-1176,fet,10.0,attack=5.00,attack,100.0,8.747611750771672
1176ln,UAD,UREI 1176LN Rev E,fet-1176,fet,10.0,attack=5.00,attack,1000.0,9.870461514393655
1176ln,UAD,UREI 1176LN Rev E,fet-1176,fet,10.0,attack=5.00,attack,2.0,7.176231316613001
1176ln,UAD,UREI 1176LN Rev E,fet-1176,fet,10.0,attack=5.00,attack,20.0,8.593698267887548
1176ln,UAD,UREI 1176LN Rev E,fet-1176,fet,10.0,attack=5.00,attack,200.0,8.922056325939364
1176ln,UAD,UREI 1176LN Rev E,fet-1176,fet,10.0,attack=5.00,attack,2000.0,10.03159466236809
1176ln,UAD,UREI 1176LN Rev E,fet-1176,fet,10.0,attack=5.00,attack,5.0,8.14167948647211
1176ln,UAD,UREI 1176LN Rev E,fet-1176,fet,10.0,attack=5.00,attack,50.0,8.655344595482664
1176ln,UAD,UREI 1176LN Rev E,fet-1176,fet,10.0,attack=5.00,attack,500.0,9.367442678182123
1176ln,UAD,UREI 1176LN Rev E,fet-1176,fet,10.0,attack=5.00,attack,5000.0,0.23222177249954612
1176ln,UAD,UREI 1176LN Rev E,fet-1176,fet,10.0,attack=5.00,release,0.1,9.946285883220682
1176ln,UAD,UREI 1176LN Rev E,fet-1176,fet,10.0,attack=5.00,release,0.2,9.564947834097744
1176ln,UAD,UREI 1176LN Rev E,fet-1176,fet,10.0,attack=5.00,release,0.5,9.678623090035778
1176ln,UAD,UREI 1176LN Rev E,fet-1176,fet,10.0,attack=5.00,release,1.0,9.663354697376075
1176ln,UAD,UREI 1176LN Rev E,fet-1176,fet,10.0,attack=5.00,release,10.0,10.16810230170459
1176ln,UAD,UREI 1176LN Rev E,fet-1176,fet,10.0,attack=5.00,release,100.0,8.071547955837929
1176ln,UAD,UREI 1176LN Rev E,fet-1176,fet,10.0,attack=5.00,release,1000.0,1.8753494609799857
1176ln,UAD,UREI 1176LN Rev E,fet-1176,fet,10.0,attack=5.00,release,2.0,10.400127742675558
1176ln,UAD,UREI 1176LN Rev E,fet-1176,fet,10.0,attack=5.00,release,20.0,9.9439270618314
1176ln,UAD,UREI 1176LN Rev E,fet-1176,fet,10.0,attack=5.00,release,200.0,6.422170844046504
1176ln,UAD,UREI 1176LN Rev E,fet-1176,fet,10.0,attack=5.00,release,2000.0,0.6508801528051071
1176ln,UAD,UREI 1176LN Rev E,fet-1176,fet,10.0,attack=5.00,release,5.0,10.238401555878045
1176ln,UAD,UREI 1176LN Rev E,fet-1176,fet,10.0,attack=5.00,release,50.0,9.173693800315208
1176ln,UAD,UREI 1176LN Rev E,fet-1176,fet,10.0,attack=5.00,release,500.0,3.6637285849963304
1176ln,UAD,UREI 1176LN Rev E,fet-1176,fet,10.0,attack=5.00,release,5000.0,0.028228441872206744
1176ln,UAD,UREI 1176LN Rev E,fet-1176,fet,10.0,attack=6.00,attack,0.1,1.4098106905392163
1176ln,UAD,UREI 1176LN Rev E,fet-1176,fet,10.0,attack=6.00,attack,0.2,2.7878252474283713
1176ln,UAD,UREI 1176LN Rev E,fet-1176,fet,10.0,attack=6.00,attack,0.5,5.7096963437568
1176ln,UAD,UREI 1176LN Rev E,fet-1176,fet,10.0,attack=6.00,attack,1.0,6.841472252189406
1176ln,UAD,UREI 1176LN Rev E,fet-1176,fet,10.0,attack=6.00,attack,10.0,8.123147434553715
1176ln,UAD,UREI 1176LN Rev E,fet-1176,fet,10.0,attack=6.00,attack,100.0,8.29656177847928
1176ln,UAD,UREI 1176LN Rev E,fet-1176,fet,10.0,attack=6.00,attack,1000.0,9.404079871514497
1176ln,UAD,UREI 1176LN Rev E,fet-1176,fet,10.0,attack=6.00,attack,2.0,7.4320481872178705
1176ln,UAD,UREI 1176LN Rev E,fet-1176,fet,10.0,attack=6.00,attack,20.0,8.153043523455421
1176ln,UAD,UREI 1176LN Rev E,fet-1176,fet,10.0,attack=6.00,attack,200.0,8.466260386496014
1176ln,UAD,UREI 1176LN Rev E,fet-1176,fet,10.0,attack=6.00,attack,2000.0,9.541821001355899
1176ln,UAD,UREI 1176LN Rev E,fet-1176,fet,10.0,attack=6.00,attack,5.0,7.990605325636066
1176ln,UAD,UREI 1176LN Rev E,fet-1176,fet,10.0,attack=6.00,attack,50.0,8.206730652219917
1176ln,UAD,UREI 1176LN Rev E,fet-1176,fet,10.0,attack=6.00,attack,500.0,8.899902015338064
1176ln,UAD,UREI 1176LN Rev E,fet-1176,fet,10.0,attack=6.00,attack,5000.0,0.2192922526696357
1176ln,UAD,UREI 1176LN Rev E,fet-1176,fet,10.0,attack=6.00,release,0.1,9.455881975968342
1176ln,UAD,UREI 1176LN Rev E,fet-1176,fet,10.0,attack=6.00,release,0.2,9.070479668679248
1176ln,UAD,UREI 1176LN Rev E,fet-1176,fet,10.0,attack=6.00,release,0.5,9.18676223184962
1176ln,UAD,UREI 1176LN Rev E,fet-1176,fet,10.0,attack=6.00,release,1.0,9.17159651501499
1176ln,UAD,UREI 1176LN Rev E,fet-1176,fet,10.0,attack=6.00,release,10.0,9.687141690989279
1176ln,UAD,UREI 1176LN Rev E,fet-1176,fet,10.0,attack=6.00,release,100.0,7.675291172444597
1176ln,UAD,UREI 1176LN Rev E,fet-1176,fet,10.0,attack=6.00,release,1000.0,1.7755678425289716
1176ln,UAD,UREI 1176LN Rev E,fet-1176,fet,10.0,attack=6.00,release,2.0,9.914862021899747
1176ln,UAD,UREI 1176LN Rev E,fet-1176,fet,10.0,attack=6.00,release,20.0,9.47044309810996
1176ln,UAD,UREI 1176LN Rev E,fet-1176,fet,10.0,attack=6.00,release,200.0,6.100895312211875
1176ln,UAD,UREI 1176LN Rev E,fet-1176,fet,10.0,attack=6.00,release,2000.0,0.6147902876123412
1176ln,UAD,UREI 1176LN Rev E,fet-1176,fet,10.0,attack=6.00,release,5.0,9.754342547270284
1176ln,UAD,UREI 1176LN Rev E,fet-1176,fet,10.0,attack=6.00,release,50.0,8.73082553808486
1176ln,UAD,UREI 1176LN Rev E,fet-1176,fet,10.0,attack=6.00,release,500.0,3.4734194763136457
1176ln,UAD,UREI 1176LN Rev E,fet-1176,fet,10.0,attack=6.00,release,5000.0,0.026523446537201956
1176ln,UAD,UREI 1176LN Rev E,fet-1176,fet,10.0,attack=7.00,attack,0.1,4.010701394755264
1176ln,UAD,UREI 1176LN Rev E,fet-1176,fet,10.0,attack=7.00,attack,0.2,5.627252760468825
1176ln,UAD,UREI 1176LN Rev E,fet-1176,fet,10.0,attack=7.00,attack,0.5,7.74369057585853
1176ln,UAD,UREI 1176LN Rev E,fet-1176,fet,10.0,attack=7.00,attack,1.0,7.861653822979639
1176ln,UAD,UREI 1176LN Rev E,fet-1176,fet,10.0,attack=7.00,attack,10.0,8.042234996001254
1176ln,UAD,UREI 1176LN Rev E,fet-1176,fet,10.0,attack=7.00,attack,100.0,8.198729010259706
1176ln,UAD,UREI 1176LN Rev E,fet-1176,fet,10.0,attack=7.00,attack,1000.0,9.29228133230983
1176ln,UAD,UREI 1176LN Rev E,fet-1176,fet,10.0,attack=7.00,attack,2.0,7.889332201616331
1176ln,UAD,UREI 1176LN Rev E,fet-1176,fet,10.0,attack=7.00,attack,20.0,8.057082190923886
1176ln,UAD,UREI 1176LN Rev E,fet-1176,fet,10.0,attack=7.00,attack,200.0,8.367299756923817
1176ln,UAD,UREI 1176LN Rev E,fet-1176,fet,10.0,attack=7.00,attack,2000.0,9.42129851068902
1176ln,UAD,UREI 1176LN Rev E,fet-1176,fet,10.0,attack=7.00,attack,5.0,8.022905647953825
1176ln,UAD,UREI 1176LN Rev E,fet-1176,fet,10.0,attack=7.00,attack,50.0,8.110030757027186
1176ln,UAD,UREI 1176LN Rev E,fet-1176,fet,10.0,attack=7.00,attack,500.0,8.796926737153424
1176ln,UAD,UREI 1176LN Rev E,fet-1176,fet,10.0,attack=7.00,attack,5000.0,0.21591130463445474
1176ln,UAD,UREI 1176LN Rev E,fet-1176,fet,10.0,attack=7.00,release,0.1,9.335172626769243
1176ln,UAD,UREI 1176LN Rev E,fet-1176,fet,10.0,attack=7.00,release,0.2,8.948824787868178
1176ln,UAD,UREI 1176LN Rev E,fet-1176,fet,10.0,attack=7.00,release,0.5,9.065740527105866
1176ln,UAD,UREI 1176LN Rev E,fet-1176,fet,10.0,attack=7.00,release,1.0,9.050702232345797
1176ln,UAD,UREI 1176LN Rev E,fet-1176,fet,10.0,attack=7.00,release,10.0,9.569747067636001
1176ln,UAD,UREI 1176LN Rev E,fet-1176,fet,10.0,attack=7.00,release,100.0,7.579865842696407
1176ln,UAD,UREI 1176LN Rev E,fet-1176,fet,10.0,attack=7.00,release,1000.0,1.7503982488038705
1176ln,UAD,UREI 1176LN Rev E,fet-1176,fet,10.0,attack=7.00,release,2.0,9.795643090329705
1176ln,UAD,UREI 1176LN Rev E,fet-1176,fet,10.0,attack=7.00,release,20.0,9.355837077961311
1176ln,UAD,UREI 1176LN Rev E,fet-1176,fet,10.0,attack=7.00,release,200.0,6.023828453615834
1176ln,UAD,UREI 1176LN Rev E,fet-1176,fet,10.0,attack=7.00,release,2000.0,0.6058315065702198
1176ln,UAD,UREI 1176LN Rev E,fet-1176,fet,10.0,attack=7.00,release,5.0,9.6355269523354
1176ln,UAD,UREI 1176LN Rev E,fet-1176,fet,10.0,attack=7.00,release,50.0,8.6239708000254
1176ln,UAD,UREI 1176LN Rev E,fet-1176,fet,10.0,attack=7.00,release,500.0,3.428107947740556
1176ln,UAD,UREI 1176LN Rev E,fet-1176,fet,10.0,attack=7.00,release,5000.0,0.026153504956626605
1176ln,UAD,UREI 1176LN Rev E,fet-1176,fet,10.0,release=1.0,attack,0.1,0.5230252300271214
1176ln,UAD,UREI 1176LN Rev E,fet-1176,fet,10.0,release=1.0,attack,0.2,1.0648852224597816
1176ln,UAD,UREI 1176LN Rev E,fet-1176,fet,10.0,release=1.0,attack,0.5,3.117897651011366
1176ln,UAD,UREI 1176LN Rev E,fet-1176,fet,10.0,release=1.0,attack,1.0,4.800153651234679
1176ln,UAD,UREI 1176LN Rev E,fet-1176,fet,10.0,release=1.0,attack,10.0,8.213081217320731
1176ln,UAD,UREI 1176LN Rev E,fet-1176,fet,10.0,release=1.0,attack,100.0,8.71767840409789
1176ln,UAD,UREI 1176LN Rev E,fet-1176,fet,10.0,release=1.0,attack,1000.0,9.82387126551511
1176ln,UAD,UREI 1176LN Rev E,fet-1176,fet,10.0,release=1.0,attack,2.0,6.300262359886328
1176ln,UAD,UREI 1176LN Rev E,fet-1176,fet,10.0,release=1.0,attack,20.0,8.485991878666436
1176ln,UAD,UREI 1176LN Rev E,fet-1176,fet,10.0,release=1.0,attack,200.0,8.890274562141718
1176ln,UAD,UREI 1176LN Rev E,fet-1176,fet,10.0,release=1.0,attack,2000.0,9.98459435925571
1176ln,UAD,UREI 1176LN Rev E,fet-1176,fet,10.0,release=1.0,attack,5.0,7.708520713362269
1176ln,UAD,UREI 1176LN Rev E,fet-1176,fet,10.0,release=1.0,attack,50.0,8.61533053618582
1176ln,UAD,UREI 1176LN Rev E,fet-1176,fet,10.0,release=1.0,attack,500.0,9.331822464520918
1176ln,UAD,UREI 1176LN Rev E,fet-1176,fet,10.0,release=1.0,attack,5000.0,1.2030245690252839
1176ln,UAD,UREI 1176LN Rev E,fet-1176,fet,10.0,release=1.0,release,0.1,9.897915347826128
1176ln,UAD,UREI 1176LN Rev E,fet-1176,fet,10.0,release=1.0,release,0.2,9.515375291870548
1176ln,UAD,UREI 1176LN Rev E,fet-1176,fet,10.0,release=1.0,release,0.5,9.634046982896715
1176ln,UAD,UREI 1176LN Rev E,fet-1176,fet,10.0,release=1.0,release,1.0,9.626237759678943
1176ln,UAD,UREI 1176LN Rev E,fet-1176,fet,10.0,release=1.0,release,10.0,10.307920932976142
1176ln,UAD,UREI 1176LN Rev E,fet-1176,fet,10.0,release=1.0,release,100.0,9.59380084219159
1176ln,UAD,UREI 1176LN Rev E,fet-1176,fet,10.0,release=1.0,release,1000.0,4.976258694062976
1176ln,UAD,UREI 1176LN Rev E,fet-1176,fet,10.0,release=1.0,release,2.0,10.391045402787984
1176ln,UAD,UREI 1176LN Rev E,fet-1176,fet,10.0,release=1.0,release,20.0,10.267511299102342
1176ln,UAD,UREI 1176LN Rev E,fet-1176,fet,10.0,release=1.0,release,200.0,8.906789157820805
1176ln,UAD,UREI 1176LN Rev E,fet-1176,fet,10.0,release=1.0,release,2000.0,2.451800851263207
1176ln,UAD,UREI 1176LN Rev E,fet-1176,fet,10.0,release=1.0,release,5.0,10.284016021993683
1176ln,UAD,UREI 1176LN Rev E,fet-1176,fet,10.0,release=1.0,release,50.0,10.003843473131791
1176ln,UAD,UREI 1176LN Rev E,fet-1176,fet,10.0,release=1.0,release,500.0,7.136087962021579
1176ln,UAD,UREI 1176LN Rev E,fet-1176,fet,10.0,release=1.0,release,5000.0,0.2799981691692457
1176ln,UAD,UREI 1176LN Rev E,fet-1176,fet,10.0,release=2.0,attack,0.1,0.5175159897680448
1176ln,UAD,UREI 1176LN Rev E,fet-1176,fet,10.0,release=2.0,attack,0.2,1.053201195913915
1176ln,UAD,UREI 1176LN Rev E,fet-1176,fet,10.0,release=2.0,attack,0.5,3.091015896733336
1176ln,UAD,UREI 1176LN Rev E,fet-1176,fet,10.0,release=2.0,attack,1.0,4.765724038385421
1176ln,UAD,UREI 1176LN Rev E,fet-1176,fet,10.0,release=2.0,attack,10.0,8.169770064310137
1176ln,UAD,UREI 1176LN Rev E,fet-1176,fet,10.0,release=2.0,attack,100.0,8.664356414476512
1176ln,UAD,UREI 1176LN Rev E,fet-1176,fet,10.0,release=2.0,attack,1000.0,9.778889907345429
1176ln,UAD,UREI 1176LN Rev E,fet-1176,fet,10.0,release=2.0,attack,2.0,6.261805602644735
1176ln,UAD,UREI 1176LN Rev E,fet-1176,fet,10.0,release=2.0,attack,20.0,8.44130121517177
1176ln,UAD,UREI 1176LN Rev E,fet-1176,fet,10.0,release=2.0,attack,200.0,8.836240242426305
1176ln,UAD,UREI 1176LN Rev E,fet-1176,fet,10.0,release=2.0,attack,2000.0,9.927937116153558
1176ln,UAD,UREI 1176LN Rev E,fet-1176,fet,10.0,release=2.0,attack,5.0,7.667171813686276
1176ln,UAD,UREI 1176LN Rev E,fet-1176,fet,10.0,release=2.0,attack,50.0,8.56383730733793
1176ln,UAD,UREI 1176LN Rev E,fet-1176,fet,10.0,release=2.0,attack,500.0,9.277324894639454
1176ln,UAD,UREI 1176LN Rev E,fet-1176,fet,10.0,release=2.0,attack,5000.0,1.0800242719574333
1176ln,UAD,UREI 1176LN Rev E,fet-1176,fet,10.0,release=2.0,release,0.1,9.841209472529718
1176ln,UAD,UREI 1176LN Rev E,fet-1176,fet,10.0,release=2.0,release,0.2,9.45831004381931
1176ln,UAD,UREI 1176LN Rev E,fet-1176,fet,10.0,release=2.0,release,0.5,9.577063711176457
1176ln,UAD,UREI 1176LN Rev E,fet-1176,fet,10.0,release=2.0,release,1.0,9.569067079345643
1176ln,UAD,UREI 1176LN Rev E,fet-1176,fet,10.0,release=2.0,release,10.0,10.246589256357291
1176ln,UAD,UREI 1176LN Rev E,fet-1176,fet,10.0,release=2.0,release,100.0,9.490159795302473
1176ln,UAD,UREI 1176LN Rev E,fet-1176,fet,10.0,release=2.0,release,1000.0,4.739560936788654
1176ln,UAD,UREI 1176LN Rev E,fet-1176,fet,10.0,release=2.0,release,2.0,10.33373798937488
1176ln,UAD,UREI 1176LN Rev E,fet-1176,fet,10.0,release=2.0,release,20.0,10.201125064566966
1176ln,UAD,UREI 1176LN Rev E,fet-1176,fet,10.0,release=2.0,release,200.0,8.767734278044543
1176ln,UAD,UREI 1176LN Rev E,fet-1176,fet,10.0,release=2.0,release,2000.0,2.2615219358412335
1176ln,UAD,UREI 1176LN Rev E,fet-1176,fet,10.0,release=2.0,release,5.0,10.225246314770853
1176ln,UAD,UREI 1176LN Rev E,fet-1176,fet,10.0,release=2.0,release,50.0,9.92285150677797
1176ln,UAD,UREI 1176LN Rev E,fet-1176,fet,10.0,release=2.0,release,500.0,6.930870532600848
1176ln,UAD,UREI 1176LN Rev E,fet-1176,fet,10.0,release=2.0,release,5000.0,0.23931609899650397
1176ln,UAD,UREI 1176LN Rev E,fet-1176,fet,10.0,release=3.0,attack,0.1,0.5249597005649402
1176ln,UAD,UREI 1176LN Rev E,fet-1176,fet,10.0,release=3.0,attack,0.2,1.068944570457016
1176ln,UAD,UREI 1176LN Rev E,fet-1176,fet,10.0,release=3.0,attack,0.5,3.1269454614340515
1176ln,UAD,UREI 1176LN Rev E,fet-1176,fet,10.0,release=3.0,attack,1.0,4.811082945078136
1176ln,UAD,UREI 1176LN Rev E,fet-1176,fet,10.0,release=3.0,attack,10.0,8.211399791108871
1176ln,UAD,UREI 1176LN Rev E,fet-1176,fet,10.0,release=3.0,attack,100.0,8.67100913564696
1176ln,UAD,UREI 1176LN Rev E,fet-1176,fet,10.0,release=3.0,attack,1000.0,9.782449349166047
1176ln,UAD,UREI 1176LN Rev E,fet-1176,fet,10.0,release=3.0,attack,2.0,6.311019208454562
1176ln,UAD,UREI 1176LN Rev E,fet-1176,fet,10.0,release=3.0,attack,20.0,8.476651371673636
1176ln,UAD,UREI 1176LN Rev E,fet-1176,fet,10.0,release=3.0,attack,200.0,8.84355880371621
1176ln,UAD,UREI 1176LN Rev E,fet-1176,fet,10.0,release=3.0,attack,2000.0,9.934893420581764
1176ln,UAD,UREI 1176LN Rev E,fet-1176,fet,10.0,release=3.0,attack,5.0,7.715955496287572
1176ln,UAD,UREI 1176LN Rev E,fet-1176,fet,10.0,release=3.0,attack,50.0,8.579166131524994
1176ln,UAD,UREI 1176LN Rev E,fet-1176,fet,10.0,release=3.0,attack,500.0,9.285113656783876
1176ln,UAD,UREI 1176LN Rev E,fet-1176,fet,10.0,release=3.0,attack,5000.0,0.7291409635326698
1176ln,UAD,UREI 1176LN Rev E,fet-1176,fet,10.0,release=3.0,release,0.1,9.848361162098938
1176ln,UAD,UREI 1176LN Rev E,fet-1176,fet,10.0,release=3.0,release,0.2,9.46560210614127
1176ln,UAD,UREI 1176LN Rev E,fet-1176,fet,10.0,release=3.0,release,0.5,9.583719934968904
1176ln,UAD,UREI 1176LN Rev E,fet-1176,fet,10.0,release=3.0,release,1.0,9.574717138116917
1176ln,UAD,UREI 1176LN Rev E,fet-1176,fet,10.0,release=3.0,release,10.0,10.229292658370158
1176ln,UAD,UREI 1176LN Rev E,fet-1176,fet,10.0,release=3.0,release,100.0,9.274600534376798
1176ln,UAD,UREI 1176LN Rev E,fet-1176,fet,10.0,release=3.0,release,1000.0,3.9501810290640504
1176ln,UAD,UREI 1176LN Rev E,fet-1176,fet,10.0,release=3.0,release,2.0,10.335725066073056
1176ln,UAD,UREI 1176LN Rev E,fet-1176,fet,10.0,release=3.0,release,20.0,10.159557590266694
1176ln,UAD,UREI 1176LN Rev E,fet-1176,fet,10.0,release=3.0,release,200.0,8.379479243469694
1176ln,UAD,UREI 1176LN Rev E,fet-1176,fet,10.0,release=3.0,release,2000.0,1.679397049004752
1176ln,UAD,UREI 1176LN Rev E,fet-1176,fet,10.0,release=3.0,release,5.0,10.220101049204278
1176ln,UAD,UREI 1176LN Rev E,fet-1176,fet,10.0,release=3.0,release,50.0,9.811608495830978
1176ln,UAD,UREI 1176LN Rev E,fet-1176,fet,10.0,release=3.0,release,500.0,6.242779476105329
1176ln,UAD,UREI 1176LN Rev E,fet-1176,fet,10.0,release=3.0,release,5000.0,0.13445224490617402
1176ln,UAD,UREI 1176LN Rev E,fet-1176,fet,10.0,release=4.0,attack,0.1,0.5436480741243788
1176ln,UAD,UREI 1176LN Rev E,fet-1176,fet,10.0,release=4.0,attack,0.2,1.1082320013071731
1176ln,UAD,UREI 1176LN Rev E,fet-1176,fet,10.0,release=4.0,attack,0.5,3.2161120711555515
1176ln,UAD,UREI 1176LN Rev E,fet-1176,fet,10.0,release=4.0,attack,1.0,4.923444839324346
1176ln,UAD,UREI 1176LN Rev E,fet-1176,fet,10.0,release=4.0,attack,10.0,8.320619639551678
1176ln,UAD,UREI 1176LN Rev E,fet-1176,fet,10.0,release=4.0,attack,100.0,8.76583046667002
1176ln,UAD,UREI 1176LN Rev E,fet-1176,fet,10.0,release=4.0,attack,1000.0,9.880597891886898
1176ln,UAD,UREI 1176LN Rev E,fet-1176,fet,10.0,release=4.0,attack,2.0,6.433199154174823
1176ln,UAD,UREI 1176LN Rev E,fet-1176,fet,10.0,release=4.0,attack,20.0,8.574066916054019
1176ln,UAD,UREI 1176LN Rev E,fet-1176,fet,10.0,release=4.0,attack,200.0,8.939823671321422
1176ln,UAD,UREI 1176LN Rev E,fet-1176,fet,10.0,release=4.0,attack,2000.0,10.043181402842784
1176ln,UAD,UREI 1176LN Rev E,fet-1176,fet,10.0,release=4.0,attack,5.0,7.83868917548201
1176ln,UAD,UREI 1176LN Rev E,fet-1176,fet,10.0,release=4.0,attack,50.0,8.673500582787453
1176ln,UAD,UREI 1176LN Rev E,fet-1176,fet,10.0,release=4.0,attack,500.0,9.384346290728518
1176ln,UAD,UREI 1176LN Rev E,fet-1176,fet,10.0,release=4.0,attack,5000.0,0.43947067726518796
1176ln,UAD,UREI 1176LN Rev E,fet-1176,fet,10.0,release=4.0,release,0.1,9.95711696368265
1176ln,UAD,UREI 1176LN Rev E,fet-1176,fet,10.0,release=4.0,release,0.2,9.575453536997877
1176ln,UAD,UREI 1176LN Rev E,fet-1176,fet,10.0,release=4.0,release,0.5,9.69186520495527
1176ln,UAD,UREI 1176LN Rev E,fet-1176,fet,10.0,release=4.0,release,1.0,9.681039462974091
1176ln,UAD,UREI 1176LN Rev E,fet-1176,fet,10.0,release=4.0,release,10.0,10.290647684104439
1176ln,UAD,UREI 1176LN Rev E,fet-1176,fet,10.0,release=4.0,release,100.0,8.97162698460847
1176ln,UAD,UREI 1176LN Rev E,fet-1176,fet,10.0,release=4.0,release,1000.0,2.986387269647716
1176ln,UAD,UREI 1176LN Rev E,fet-1176,fet,10.0,release=4.0,release,2.0,10.43396397762503
1176ln,UAD,UREI 1176LN Rev E,fet-1176,fet,10.0,release=4.0,release,20.0,10.17503796525503
1176ln,UAD,UREI 1176LN Rev E,fet-1176,fet,10.0,release=4.0,release,200.0,7.787756207885117
1176ln,UAD,UREI 1176LN Rev E,fet-1176,fet,10.0,release=4.0,release,2000.0,1.1200727482566375
1176ln,UAD,UREI 1176LN Rev E,fet-1176,fet,10.0,release=4.0,release,5.0,10.304929863547482
1176ln,UAD,UREI 1176LN Rev E,fet-1176,fet,10.0,release=4.0,release,50.0,9.697321026014755
1176ln,UAD,UREI 1176LN Rev E,fet-1176,fet,10.0,release=4.0,release,500.0,5.26082787279868
1176ln,UAD,UREI 1176LN Rev E,fet-1176,fet,10.0,release=4.0,release,5000.0,0.0661529945799666
1176ln,UAD,UREI 1176LN Rev E,fet-1176,fet,10.0,release=5.0,attack,0.1,0.5722608599174377
1176ln,UAD,UREI 1176LN Rev E,fet-1176,fet,10.0,release=5.0,attack,0.2,1.1676533795656967
1176ln,UAD,UREI 1176LN Rev E,fet-1176,fet,10.0,release=5.0,attack,0.5,3.3489980527998684
1176ln,UAD,UREI 1176LN Rev E,fet-1176,fet,10.0,release=5.0,attack,1.0,5.088759895569285
1176ln,UAD,UREI 1176LN Rev E,fet-1176,fet,10.0,release=5.0,attack,10.0,8.458374324820014
1176ln,UAD,UREI 1176LN Rev E,fet-1176,fet,10.0,release=5.0,attack,100.0,8.867492211999533
1176ln,UAD,UREI 1176LN Rev E,fet-1176,fet,10.0,release=5.0,attack,1000.0,10.003077391091107
1176ln,UAD,UREI 1176LN Rev E,fet-1176,fet,10.0,release=5.0,attack,2.0,6.609967899664233
1176ln,UAD,UREI 1176LN Rev E,fet-1176,fet,10.0,release=5.0,attack,20.0,8.68152218348957
1176ln,UAD,UREI 1176LN Rev E,fet-1176,fet,10.0,release=5.0,attack,200.0,9.04372360359842
1176ln,UAD,UREI 1176LN Rev E,fet-1176,fet,10.0,release=5.0,attack,2000.0,10.173373215033376
1176ln,UAD,UREI 1176LN Rev E,fet-1176,fet,10.0,release=5.0,attack,5.0,8.009384436338472
1176ln,UAD,UREI 1176LN Rev E,fet-1176,fet,10.0,release=5.0,attack,50.0,8.774089719735555
1176ln,UAD,UREI 1176LN Rev E,fet-1176,fet,10.0,release=5.0,attack,500.0,9.494277094839418
1176ln,UAD,UREI 1176LN Rev E,fet-1176,fet,10.0,release=5.0,attack,5000.0,0.23638304913276986
1176ln,UAD,UREI 1176LN Rev E,fet-1176,fet,10.0,release=5.0,release,0.1,10.08820359964995
1176ln,UAD,UREI 1176LN Rev E,fet-1176,fet,10.0,release=5.0,release,0.2,9.708159542588042
1176ln,UAD,UREI 1176LN Rev E,fet-1176,fet,10.0,release=5.0,release,0.5,9.820957082077324
1176ln,UAD,UREI 1176LN Rev E,fet-1176,fet,10.0,release=5.0,release,1.0,9.805689726859672
1176ln,UAD,UREI 1176LN Rev E,fet-1176,fet,10.0,release=5.0,release,10.0,10.307283866204987
1176ln,UAD,UREI 1176LN Rev E,fet-1176,fet,10.0,release=5.0,release,100.0,8.187848227979698
1176ln,UAD,UREI 1176LN Rev E,fet-1176,fet,10.0,release=5.0,release,1000.0,1.9066470921096177
1176ln,UAD,UREI 1176LN Rev E,fet-1176,fet,10.0,release=5.0,release,2.0,10.54045791908945
1176ln,UAD,UREI 1176LN Rev E,fet-1176,fet,10.0,release=5.0,release,20.0,10.081541177694273
1176ln,UAD,UREI 1176LN Rev E,fet-1176,fet,10.0,release=5.0,release,200.0,6.5162458138788795
1176ln,UAD,UREI 1176LN Rev E,fet-1176,fet,10.0,release=5.0,release,2000.0,0.6622935884638022
1176ln,UAD,UREI 1176LN Rev E,fet-1176,fet,10.0,release=5.0,release,5.0,10.378460405005953
1176ln,UAD,UREI 1176LN Rev E,fet-1176,fet,10.0,release=5.0,release,50.0,9.303774362514812
1176ln,UAD,UREI 1176LN Rev E,fet-1176,fet,10.0,release=5.0,release,500.0,3.7195720233202945
1176ln,UAD,UREI 1176LN Rev E,fet-1176,fet,10.0,release=5.0,release,5000.0,0.0287616645154527
1176ln,UAD,UREI 1176LN Rev E,fet-1176,fet,10.0,release=6.0,attack,0.1,0.6095094416215447
1176ln,UAD,UREI 1176LN Rev E,fet-1176,fet,10.0,release=6.0,attack,0.2,1.2429898073785637
1176ln,UAD,UREI 1176LN Rev E,fet-1176,fet,10.0,release=6.0,attack,0.5,3.509115292474819
1176ln,UAD,UREI 1176LN Rev E,fet-1176,fet,10.0,release=6.0,attack,1.0,5.273484688437294
1176ln,UAD,UREI 1176LN Rev E,fet-1176,fet,10.0,release=6.0,attack,10.0,8.388794381416663
1176ln,UAD,UREI 1176LN Rev E,fet-1176,fet,10.0,release=6.0,attack,100.0,8.607119122995961
1176ln,UAD,UREI 1176LN Rev E,fet-1176,fet,10.0,release=6.0,attack,1000.0,9.77063700556626
1176ln,UAD,UREI 1176LN Rev E,fet-1176,fet,10.0,release=6.0,attack,2.0,6.778173784502678
1176ln,UAD,UREI 1176LN Rev E,fet-1176,fet,10.0,release=6.0,attack,20.0,8.449051059109179
1176ln,UAD,UREI 1176LN Rev E,fet-1176,fet,10.0,release=6.0,attack,200.0,8.786864029768127
1176ln,UAD,UREI 1176LN Rev E,fet-1176,fet,10.0,release=6.0,attack,2000.0,9.955515017375497
1176ln,UAD,UREI 1176LN Rev E,fet-1176,fet,10.0,release=6.0,attack,5.0,8.09159061009544
1176ln,UAD,UREI 1176LN Rev E,fet-1176,fet,10.0,release=6.0,attack,50.0,8.510239596629658
1176ln,UAD,UREI 1176LN Rev E,fet-1176,fet,10.0,release=6.0,attack,500.0,9.244686739001132
1176ln,UAD,UREI 1176LN Rev E,fet-1176,fet,10.0,release=6.0,attack,5000.0,0.11272704204132733
1176ln,UAD,UREI 1176LN Rev E,fet-1176,fet,10.0,release=6.0,release,0.1,9.873875710418545
1176ln,UAD,UREI 1176LN Rev E,fet-1176,fet,10.0,release=6.0,release,0.2,9.49645776959969
1176ln,UAD,UREI 1176LN Rev E,fet-1176,fet,10.0,release=6.0,release,0.5,9.590945936731988
1176ln,UAD,UREI 1176LN Rev E,fet-1176,fet,10.0,release=6.0,release,1.0,9.548983987834955
1176ln,UAD,UREI 1176LN Rev E,fet-1176,fet,10.0,release=6.0,release,10.0,9.428641905667424
1176ln,UAD,UREI 1176LN Rev E,fet-1176,fet,10.0,release=6.0,release,100.0,4.726612646595776
1176ln,UAD,UREI 1176LN Rev E,fet-1176,fet,10.0,release=6.0,release,1000.0,1.0569226419137854
1176ln,UAD,UREI 1176LN Rev E,fet-1176,fet,10.0,release=6.0,release,2.0,10.185007236985294
1176ln,UAD,UREI 1176LN Rev E,fet-1176,fet,10.0,release=6.0,release,20.0,8.632325232057418
1176ln,UAD,UREI 1176LN Rev E,fet-1176,fet,10.0,release=6.0,release,200.0,3.0585772783953336
1176ln,UAD,UREI 1176LN Rev E,fet-1176,fet,10.0,release=6.0,release,2000.0,0.3501131695543158
1176ln,UAD,UREI 1176LN Rev E,fet-1176,fet,10.0,release=6.0,release,5.0,9.826333878485311
1176ln,UAD,UREI 1176LN Rev E,fet-1176,fet,10.0,release=6.0,release,50.0,6.685794808157151
1176ln,UAD,UREI 1176LN Rev E,fet-1176,fet,10.0,release=6.0,release,500.0,1.8259809368813582
1176ln,UAD,UREI 1176LN Rev E,fet-1176,fet,10.0,release=6.0,release,5000.0,0.010951964469795072
1176ln,UAD,UREI 1176LN Rev E,fet-1176,fet,10.0,release=7.0,attack,0.1,0.6542673866099848
1176ln,UAD,UREI 1176LN Rev E,fet-1176,fet,10.0,release=7.0,attack,0.2,1.3326086718180372
1176ln,UAD,UREI 1176LN Rev E,fet-1176,fet,10.0,release=7.0,attack,0.5,3.700671755186243
1176ln,UAD,UREI 1176LN Rev E,fet-1176,fet,10.0,release=7.0,attack,1.0,5.502831839775017
1176ln,UAD,UREI 1176LN Rev E,fet-1176,fet,10.0,release=7.0,attack,10.0,8.555625045405474
1176ln,UAD,UREI 1176LN Rev E,fet-1176,fet,10.0,release=7.0,attack,100.0,8.74760013284619
1176ln,UAD,UREI 1176LN Rev E,fet-1176,fet,10.0,release=7.0,attack,1000.0,9.897317768429428
1176ln,UAD,UREI 1176LN Rev E,fet-1176,fet,10.0,release=7.0,attack,2.0,7.009396295676799
1176ln,UAD,UREI 1176LN Rev E,fet-1176,fet,10.0,release=7.0,attack,20.0,8.591209901320052
1176ln,UAD,UREI 1176LN Rev E,fet-1176,fet,10.0,release=7.0,attack,200.0,8.9270944263458
1176ln,UAD,UREI 1176LN Rev E,fet-1176,fet,10.0,release=7.0,attack,2000.0,10.087136596315439
1176ln,UAD,UREI 1176LN Rev E,fet-1176,fet,10.0,release=7.0,attack,5.0,8.28561802394378
1176ln,UAD,UREI 1176LN Rev E,fet-1176,fet,10.0,release=7.0,attack,50.0,8.649952442121577
1176ln,UAD,UREI 1176LN Rev E,fet-1176,fet,10.0,release=7.0,attack,500.0,9.38227242058394
1176ln,UAD,UREI 1176LN Rev E,fet-1176,fet,10.0,release=7.0,attack,5000.0,0.10633940688738619
1176ln,UAD,UREI 1176LN Rev E,fet-1176,fet,10.0,release=7.0,release,0.1,10.007201622718803
1176ln,UAD,UREI 1176LN Rev E,fet-1176,fet,10.0,release=7.0,release,0.2,9.632393426225399
1176ln,UAD,UREI 1176LN Rev E,fet-1176,fet,10.0,release=7.0,release,0.5,9.716651825842956
1176ln,UAD,UREI 1176LN Rev E,fet-1176,fet,10.0,release=7.0,release,1.0,9.66107427183254
1176ln,UAD,UREI 1176LN Rev E,fet-1176,fet,10.0,release=7.0,release,10.0,9.2444585238057
1176ln,UAD,UREI 1176LN Rev E,fet-1176,fet,10.0,release=7.0,release,100.0,4.00103180376014
1176ln,UAD,UREI 1176LN Rev E,fet-1176,fet,10.0,release=7.0,release,1000.0,1.0167851405830595
1176ln,UAD,UREI 1176LN Rev E,fet-1176,fet,10.0,release=7.0,release,2.0,10.246000093796308
1176ln,UAD,UREI 1176LN Rev E,fet-1176,fet,10.0,release=7.0,release,20.0,8.216355912429615
1176ln,UAD,UREI 1176LN Rev E,fet-1176,fet,10.0,release=7.0,release,200.0,2.674249314873407
1176ln,UAD,UREI 1176LN Rev E,fet-1176,fet,10.0,release=7.0,release,2000.0,0.3334966901894587
1176ln,UAD,UREI 1176LN Rev E,fet-1176,fet,10.0,release=7.0,release,5.0,9.791978739998934
1176ln,UAD,UREI 1176LN Rev E,fet-1176,fet,10.0,release=7.0,release,50.0,5.9459872234363615
1176ln,UAD,UREI 1176LN Rev E,fet-1176,fet,10.0,release=7.0,release,500.0,1.7520460326541865
1176ln,UAD,UREI 1176LN Rev E,fet-1176,fet,10.0,release=7.0,release,5000.0,0.009906110595291118
1176ln,UAD,UREI 1176LN Rev E,fet-1176,fet,10.0,as_set,attack,0.1,0.5722608599174377
1176ln,UAD,UREI 1176LN Rev E,fet-1176,fet,10.0,as_set,attack,0.2,1.1676533795656967
1176ln,UAD,UREI 1176LN Rev E,fet-1176,fet,10.0,as_set,attack,0.5,3.3489980527998684
1176ln,UAD,UREI 1176LN Rev E,fet-1176,fet,10.0,as_set,attack,1.0,5.088759895569285
1176ln,UAD,UREI 1176LN Rev E,fet-1176,fet,10.0,as_set,attack,10.0,8.458374324820014
1176ln,UAD,UREI 1176LN Rev E,fet-1176,fet,10.0,as_set,attack,100.0,8.867492211999533
1176ln,UAD,UREI 1176LN Rev E,fet-1176,fet,10.0,as_set,attack,1000.0,10.003077391091107
1176ln,UAD,UREI 1176LN Rev E,fet-1176,fet,10.0,as_set,attack,2.0,6.609967899664233
1176ln,UAD,UREI 1176LN Rev E,fet-1176,fet,10.0,as_set,attack,20.0,8.68152218348957
1176ln,UAD,UREI 1176LN Rev E,fet-1176,fet,10.0,as_set,attack,200.0,9.04372360359842
1176ln,UAD,UREI 1176LN Rev E,fet-1176,fet,10.0,as_set,attack,2000.0,10.173373215033376
1176ln,UAD,UREI 1176LN Rev E,fet-1176,fet,10.0,as_set,attack,5.0,8.009384436338472
1176ln,UAD,UREI 1176LN Rev E,fet-1176,fet,10.0,as_set,attack,50.0,8.774089719735555
1176ln,UAD,UREI 1176LN Rev E,fet-1176,fet,10.0,as_set,attack,500.0,9.494277094839418
1176ln,UAD,UREI 1176LN Rev E,fet-1176,fet,10.0,as_set,attack,5000.0,0.23638304913276986
1176ln,UAD,UREI 1176LN Rev E,fet-1176,fet,10.0,as_set,release,0.1,10.08820359964995
1176ln,UAD,UREI 1176LN Rev E,fet-1176,fet,10.0,as_set,release,0.2,9.708159542588042
1176ln,UAD,UREI 1176LN Rev E,fet-1176,fet,10.0,as_set,release,0.5,9.820957082077324
1176ln,UAD,UREI 1176LN Rev E,fet-1176,fet,10.0,as_set,release,1.0,9.805689726859672
1176ln,UAD,UREI 1176LN Rev E,fet-1176,fet,10.0,as_set,release,10.0,10.307283866204987
1176ln,UAD,UREI 1176LN Rev E,fet-1176,fet,10.0,as_set,release,100.0,8.187848227979698
1176ln,UAD,UREI 1176LN Rev E,fet-1176,fet,10.0,as_set,release,1000.0,1.9066470921096177
1176ln,UAD,UREI 1176LN Rev E,fet-1176,fet,10.0,as_set,release,2.0,10.54045791908945
1176ln,UAD,UREI 1176LN Rev E,fet-1176,fet,10.0,as_set,release,20.0,10.081541177694273
1176ln,UAD,UREI 1176LN Rev E,fet-1176,fet,10.0,as_set,release,200.0,6.5162458138788795
1176ln,UAD,UREI 1176LN Rev E,fet-1176,fet,10.0,as_set,release,2000.0,0.6622935884638022
1176ln,UAD,UREI 1176LN Rev E,fet-1176,fet,10.0,as_set,release,5.0,10.378460405005953
1176ln,UAD,UREI 1176LN Rev E,fet-1176,fet,10.0,as_set,release,50.0,9.303774362514812
1176ln,UAD,UREI 1176LN Rev E,fet-1176,fet,10.0,as_set,release,500.0,3.7195720233202945
1176ln,UAD,UREI 1176LN Rev E,fet-1176,fet,10.0,as_set,release,5000.0,0.0287616645154527
1176ln,UAD,UREI 1176LN Rev E,fet-1176,fet,15.0,as_set,attack,0.1,1.6340413364429978
1176ln,UAD,UREI 1176LN Rev E,fet-1176,fet,15.0,as_set,attack,0.2,3.0461823130193757
1176ln,UAD,UREI 1176LN Rev E,fet-1176,fet,15.0,as_set,attack,0.5,7.018072377920783
1176ln,UAD,UREI 1176LN Rev E,fet-1176,fet,15.0,as_set,attack,1.0,9.338130702212638
1176ln,UAD,UREI 1176LN Rev E,fet-1176,fet,15.0,as_set,attack,10.0,12.970981758338214
1176ln,UAD,UREI 1176LN Rev E,fet-1176,fet,15.0,as_set,attack,100.0,13.37672300702122
1176ln,UAD,UREI 1176LN Rev E,fet-1176,fet,15.0,as_set,attack,1000.0,14.721508554824444
1176ln,UAD,UREI 1176LN Rev E,fet-1176,fet,15.0,as_set,attack,2.0,11.042225514379966
1176ln,UAD,UREI 1176LN Rev E,fet-1176,fet,15.0,as_set,attack,20.0,13.16814133559982
1176ln,UAD,UREI 1176LN Rev E,fet-1176,fet,15.0,as_set,attack,200.0,13.576883461756115
1176ln,UAD,UREI 1176LN Rev E,fet-1176,fet,15.0,as_set,attack,2000.0,14.999299368371291
1176ln,UAD,UREI 1176LN Rev E,fet-1176,fet,15.0,as_set,attack,5.0,12.54134635315274
1176ln,UAD,UREI 1176LN Rev E,fet-1176,fet,15.0,as_set,attack,50.0,13.256662390363132
1176ln,UAD,UREI 1176LN Rev E,fet-1176,fet,15.0,as_set,attack,500.0,14.113849181590432
1176ln,UAD,UREI 1176LN Rev E,fet-1176,fet,15.0,as_set,attack,5000.0,0.3983622787034182
1176ln,UAD,UREI 1176LN Rev E,fet-1176,fet,15.0,as_set,release,0.1,14.924196565766815
1176ln,UAD,UREI 1176LN Rev E,fet-1176,fet,15.0,as_set,release,0.2,14.585211685469273
1176ln,UAD,UREI 1176LN Rev E,fet-1176,fet,15.0,as_set,release,0.5,14.674618660877304
1176ln,UAD,UREI 1176LN Rev E,fet-1176,fet,15.0,as_set,release,1.0,14.655424310557763
1176ln,UAD,UREI 1176LN Rev E,fet-1176,fet,15.0,as_set,release,10.0,15.044365997632875
1176ln,UAD,UREI 1176LN Rev E,fet-1176,fet,15.0,as_set,release,100.0,12.480369663134468
1176ln,UAD,UREI 1176LN Rev E,fet-1176,fet,15.0,as_set,release,1000.0,3.1041231917516363
1176ln,UAD,UREI 1176LN Rev E,fet-1176,fet,15.0,as_set,release,2.0,15.319605380745102
1176ln,UAD,UREI 1176LN Rev E,fet-1176,fet,15.0,as_set,release,20.0,14.770510115829435
1176ln,UAD,UREI 1176LN Rev E,fet-1176,fet,15.0,as_set,release,200.0,10.182446134126522
1176ln,UAD,UREI 1176LN Rev E,fet-1176,fet,15.0,as_set,release,2000.0,1.1015523011179749
1176ln,UAD,UREI 1176LN Rev E,fet-1176,fet,15.0,as_set,release,5.0,15.145101044865218
1176ln,UAD,UREI 1176LN Rev E,fet-1176,fet,15.0,as_set,release,50.0,13.861400438916192
1176ln,UAD,UREI 1176LN Rev E,fet-1176,fet,15.0,as_set,release,500.0,5.93975414653884
1176ln,UAD,UREI 1176LN Rev E,fet-1176,fet,15.0,as_set,release,5000.0,0.048904430141613275
1176ln,UAD,UREI 1176LN Rev E,fet-1176,fet,3.0,as_set,attack,0.1,0.12078406195474134
1176ln,UAD,UREI 1176LN Rev E,fet-1176,fet,3.0,as_set,attack,0.2,0.03994693387926862
1176ln,UAD,UREI 1176LN Rev E,fet-1176,fet,3.0,as_set,attack,0.5,0.2610234843740775
1176ln,UAD,UREI 1176LN Rev E,fet-1176,fet,3.0,as_set,attack,1.0,0.509982524936083
1176ln,UAD,UREI 1176LN Rev E,fet-1176,fet,3.0,as_set,attack,10.0,1.8164087719380424
1176ln,UAD,UREI 1176LN Rev E,fet-1176,fet,3.0,as_set,attack,100.0,2.129787103861621
1176ln,UAD,UREI 1176LN Rev E,fet-1176,fet,3.0,as_set,attack,1000.0,2.673196953408497
1176ln,UAD,UREI 1176LN Rev E,fet-1176,fet,3.0,as_set,attack,2.0,0.9017711706195675
1176ln,UAD,UREI 1176LN Rev E,fet-1176,fet,3.0,as_set,attack,20.0,2.0141690197659194
1176ln,UAD,UREI 1176LN Rev E,fet-1176,fet,3.0,as_set,attack,200.0,2.2110529139329067
1176ln,UAD,UREI 1176LN Rev E,fet-1176,fet,3.0,as_set,attack,2000.0,2.547169794454181
1176ln,UAD,UREI 1176LN Rev E,fet-1176,fet,3.0,as_set,attack,5.0,1.5058864904339613
1176ln,UAD,UREI 1176LN Rev E,fet-1176,fet,3.0,as_set,attack,50.0,2.0876011696082264
1176ln,UAD,UREI 1176LN Rev E,fet-1176,fet,3.0,as_set,attack,500.0,2.4230343739236746
1176ln,UAD,UREI 1176LN Rev E,fet-1176,fet,3.0,as_set,attack,5000.0,0.053615008464350744
1176ln,UAD,UREI 1176LN Rev E,fet-1176,fet,3.0,as_set,release,0.1,2.4524346773072105
1176ln,UAD,UREI 1176LN Rev E,fet-1176,fet,3.0,as_set,release,0.2,2.0340569666785218
1176ln,UAD,UREI 1176LN Rev E,fet-1176,fet,3.0,as_set,release,0.5,2.1722801151384834
1176ln,UAD,UREI 1176LN Rev E,fet-1176,fet,3.0,as_set,release,1.0,2.1657836682073714
1176ln,UAD,UREI 1176LN Rev E,fet-1176,fet,3.0,as_set,release,10.0,2.9002491867123403
1176ln,UAD,UREI 1176LN Rev E,fet-1176,fet,3.0,as_set,release,100.0,2.2103716384879526
1176ln,UAD,UREI 1176LN Rev E,fet-1176,fet,3.0,as_set,release,1000.0,0.4606992277155211
1176ln,UAD,UREI 1176LN Rev E,fet-1176,fet,3.0,as_set,release,2.0,2.9860679227913103
1176ln,UAD,UREI 1176LN Rev E,fet-1176,fet,3.0,as_set,release,20.0,2.8550981973050993
1176ln,UAD,UREI 1176LN Rev E,fet-1176,fet,3.0,as_set,release,200.0,1.7243180471586612
1176ln,UAD,UREI 1176LN Rev E,fet-1176,fet,3.0,as_set,release,2000.0,0.1532605307786561
1176ln,UAD,UREI 1176LN Rev E,fet-1176,fet,3.0,as_set,release,5.0,2.8752563510908766
1176ln,UAD,UREI 1176LN Rev E,fet-1176,fet,3.0,as_set,release,50.0,2.581856036609305
1176ln,UAD,UREI 1176LN Rev E,fet-1176,fet,3.0,as_set,release,500.0,0.9368897914450152
1176ln,UAD,UREI 1176LN Rev E,fet-1176,fet,3.0,as_set,release,5000.0,0.006988187737844598
1176ln,UAD,UREI 1176LN Rev E,fet-1176,fet,6.0,as_set,attack,0.1,0.20698215529170416
1176ln,UAD,UREI 1176LN Rev E,fet-1176,fet,6.0,as_set,attack,0.2,0.30606897148542916
1176ln,UAD,UREI 1176LN Rev E,fet-1176,fet,6.0,as_set,attack,0.5,1.1440241033538283
1176ln,UAD,UREI 1176LN Rev E,fet-1176,fet,6.0,as_set,attack,1.0,2.0528073242001432
1176ln,UAD,UREI 1176LN Rev E,fet-1176,fet,6.0,as_set,attack,10.0,4.578556119725361
1176ln,UAD,UREI 1176LN Rev E,fet-1176,fet,6.0,as_set,attack,100.0,4.965712785651995
1176ln,UAD,UREI 1176LN Rev E,fet-1176,fet,6.0,as_set,attack,1000.0,5.833570703521571
1176ln,UAD,UREI 1176LN Rev E,fet-1176,fet,6.0,as_set,attack,2.0,3.0632842155862847
1176ln,UAD,UREI 1176LN Rev E,fet-1176,fet,6.0,as_set,attack,20.0,4.808475195660594
1176ln,UAD,UREI 1176LN Rev E,fet-1176,fet,6.0,as_set,attack,200.0,5.097885865050451
1176ln,UAD,UREI 1176LN Rev E,fet-1176,fet,6.0,as_set,attack,2000.0,5.8537405559438405
1176ln,UAD,UREI 1176LN Rev E,fet-1176,fet,6.0,as_set,attack,5.0,4.1603509010396165
1176ln,UAD,UREI 1176LN Rev E,fet-1176,fet,6.0,as_set,attack,50.0,4.895891191991466
1176ln,UAD,UREI 1176LN Rev E,fet-1176,fet,6.0,as_set,attack,500.0,5.438325873599053
1176ln,UAD,UREI 1176LN Rev E,fet-1176,fet,6.0,as_set,attack,5000.0,0.12681862114072343
1176ln,UAD,UREI 1176LN Rev E,fet-1176,fet,6.0,as_set,release,0.1,5.762179661990824
1176ln,UAD,UREI 1176LN Rev E,fet-1176,fet,6.0,as_set,release,0.2,5.356281875961572
1176ln,UAD,UREI 1176LN Rev E,fet-1176,fet,6.0,as_set,release,0.5,5.485493824179337
1176ln,UAD,UREI 1176LN Rev E,fet-1176,fet,6.0,as_set,release,1.0,5.475066708811956
1176ln,UAD,UREI 1176LN Rev E,fet-1176,fet,6.0,as_set,release,10.0,6.108276198681961
1176ln,UAD,UREI 1176LN Rev E,fet-1176,fet,6.0,as_set,release,100.0,4.772008008932032
1176ln,UAD,UREI 1176LN Rev E,fet-1176,fet,6.0,as_set,release,1000.0,1.0553853845118188
1176ln,UAD,UREI 1176LN Rev E,fet-1176,fet,6.0,as_set,release,2.0,6.2634791734916275
1176ln,UAD,UREI 1176LN Rev E,fet-1176,fet,6.0,as_set,release,20.0,5.979071665079752
1176ln,UAD,UREI 1176LN Rev E,fet-1176,fet,6.0,as_set,release,200.0,3.760361218292137
1176ln,UAD,UREI 1176LN Rev E,fet-1176,fet,6.0,as_set,release,2000.0,0.3593713115791428
1176ln,UAD,UREI 1176LN Rev E,fet-1176,fet,6.0,as_set,release,5.0,6.128091783052936
1176ln,UAD,UREI 1176LN Rev E,fet-1176,fet,6.0,as_set,release,50.0,5.476875007785439
1176ln,UAD,UREI 1176LN Rev E,fet-1176,fet,6.0,as_set,release,500.0,2.0977614292024502
1176ln,UAD,UREI 1176LN Rev E,fet-1176,fet,6.0,as_set,release,5000.0,0.015700933287598473
dbx160,UAD,dbx 160 VU,vca-dbx160,vca,10.0,as_set,attack,0.1,0.01590597189044972
dbx160,UAD,dbx 160 VU,vca-dbx160,vca,10.0,as_set,attack,0.2,-0.006068833769838147
dbx160,UAD,dbx 160 VU,vca-dbx160,vca,10.0,as_set,attack,0.5,0.01475702519202289
dbx160,UAD,dbx 160 VU,vca-dbx160,vca,10.0,as_set,attack,1.0,0.007425793545839429
dbx160,UAD,dbx 160 VU,vca-dbx160,vca,10.0,as_set,attack,10.0,5.226248891388991
dbx160,UAD,dbx 160 VU,vca-dbx160,vca,10.0,as_set,attack,100.0,9.556611460561774
dbx160,UAD,dbx 160 VU,vca-dbx160,vca,10.0,as_set,attack,1000.0,9.741210911001712
dbx160,UAD,dbx 160 VU,vca-dbx160,vca,10.0,as_set,attack,2.0,0.27240969812548704
dbx160,UAD,dbx 160 VU,vca-dbx160,vca,10.0,as_set,attack,20.0,7.063044285756547
dbx160,UAD,dbx 160 VU,vca-dbx160,vca,10.0,as_set,attack,200.0,9.730960086589354
dbx160,UAD,dbx 160 VU,vca-dbx160,vca,10.0,as_set,attack,2000.0,9.592769024390122
dbx160,UAD,dbx 160 VU,vca-dbx160,vca,10.0,as_set,attack,5.0,3.158395499305365
dbx160,UAD,dbx 160 VU,vca-dbx160,vca,10.0,as_set,attack,50.0,8.870549270697444
dbx160,UAD,dbx 160 VU,vca-dbx160,vca,10.0,as_set,attack,500.0,9.741234309963358
dbx160,UAD,dbx 160 VU,vca-dbx160,vca,10.0,as_set,attack,5000.0,0.00016954297045954775
dbx160,UAD,dbx 160 VU,vca-dbx160,vca,10.0,as_set,release,0.1,9.6054028774069
dbx160,UAD,dbx 160 VU,vca-dbx160,vca,10.0,as_set,release,0.2,9.418933549382414
dbx160,UAD,dbx 160 VU,vca-dbx160,vca,10.0,as_set,release,0.5,9.415112853615044
dbx160,UAD,dbx 160 VU,vca-dbx160,vca,10.0,as_set,release,1.0,9.337992834721604
dbx160,UAD,dbx 160 VU,vca-dbx160,vca,10.0,as_set,release,10.0,8.792715742027042
dbx160,UAD,dbx 160 VU,vca-dbx160,vca,10.0,as_set,release,100.0,0.24362537544316798
dbx160,UAD,dbx 160 VU,vca-dbx160,vca,10.0,as_set,release,1000.0,0.0008053865757479059
dbx160,UAD,dbx 160 VU,vca-dbx160,vca,10.0,as_set,release,2.0,9.588152745700757
dbx160,UAD,dbx 160 VU,vca-dbx160,vca,10.0,as_set,release,20.0,7.867290686157795
dbx160,UAD,dbx 160 VU,vca-dbx160,vca,10.0,as_set,release,200.0,0.005536755216721818
dbx160,UAD,dbx 160 VU,vca-dbx160,vca,10.0,as_set,release,2000.0,0.00032515753549609144
dbx160,UAD,dbx 160 VU,vca-dbx160,vca,10.0,as_set,release,5.0,9.242786579670273
dbx160,UAD,dbx 160 VU,vca-dbx160,vca,10.0,as_set,release,50.0,5.034039304311059
dbx160,UAD,dbx 160 VU,vca-dbx160,vca,10.0,as_set,release,500.0,0.0018271856232927597
dbx160,UAD,dbx 160 VU,vca-dbx160,vca,10.0,as_set,release,5000.0,7.905264122336914e-05
dbx160,UAD,dbx 160 VU,vca-dbx160,vca,15.0,as_set,attack,0.1,0.011140958524231144
dbx160,UAD,dbx 160 VU,vca-dbx160,vca,15.0,as_set,attack,0.2,0.003763485735291651
dbx160,UAD,dbx 160 VU,vca-dbx160,vca,15.0,as_set,attack,0.5,0.016785734685301285
dbx160,UAD,dbx 160 VU,vca-dbx160,vca,15.0,as_set,attack,1.0,1.7940845761131479
dbx160,UAD,dbx 160 VU,vca-dbx160,vca,15.0,as_set,attack,10.0,8.97040087611569
dbx160,UAD,dbx 160 VU,vca-dbx160,vca,15.0,as_set,attack,100.0,13.27619220816649
dbx160,UAD,dbx 160 VU,vca-dbx160,vca,15.0,as_set,attack,1000.0,13.45916599149884
dbx160,UAD,dbx 160 VU,vca-dbx160,vca,15.0,as_set,attack,2.0,4.001486355110592
dbx160,UAD,dbx 160 VU,vca-dbx160,vca,15.0,as_set,attack,20.0,10.798011338696783
dbx160,UAD,dbx 160 VU,vca-dbx160,vca,15.0,as_set,attack,200.0,13.449170665756416
dbx160,UAD,dbx 160 VU,vca-dbx160,vca,15.0,as_set,attack,2000.0,13.312137859118412
dbx160,UAD,dbx 160 VU,vca-dbx160,vca,15.0,as_set,attack,5.0,6.911535928564934
dbx160,UAD,dbx 160 VU,vca-dbx160,vca,15.0,as_set,attack,50.0,12.594813172883317
dbx160,UAD,dbx 160 VU,vca-dbx160,vca,15.0,as_set,attack,500.0,13.459236803200323
dbx160,UAD,dbx 160 VU,vca-dbx160,vca,15.0,as_set,attack,5000.0,0.00014153262991485616
dbx160,UAD,dbx 160 VU,vca-dbx160,vca,15.0,as_set,release,0.1,13.324608588889214
dbx160,UAD,dbx 160 VU,vca-dbx160,vca,15.0,as_set,release,0.2,13.139835031077313
dbx160,UAD,dbx 160 VU,vca-dbx160,vca,15.0,as_set,release,0.5,13.136191226837838
dbx160,UAD,dbx 160 VU,vca-dbx160,vca,15.0,as_set,release,1.0,13.059920666819599
dbx160,UAD,dbx 160 VU,vca-dbx160,vca,15.0,as_set,release,10.0,12.516877288216177
dbx160,UAD,dbx 160 VU,vca-dbx160,vca,15.0,as_set,release,100.0,3.9998017306505353
dbx160,UAD,dbx 160 VU,vca-dbx160,vca,15.0,as_set,release,1000.0,0.0007857025051762195
dbx160,UAD,dbx 160 VU,vca-dbx160,vca,15.0,as_set,release,2.0,13.30687647709932
dbx160,UAD,dbx 160 VU,vca-dbx160,vca,15.0,as_set,release,20.0,11.596637975421253
dbx160,UAD,dbx 160 VU,vca-dbx160,vca,15.0,as_set,release,200.0,0.005176481605908903
dbx160,UAD,dbx 160 VU,vca-dbx160,vca,15.0,as_set,release,2000.0,0.00030822973809079696
dbx160,UAD,dbx 160 VU,vca-dbx160,vca,15.0,as_set,release,5.0,12.964224343369004
dbx160,UAD,dbx 160 VU,vca-dbx160,vca,15.0,as_set,release,50.0,8.776234884023959
dbx160,UAD,dbx 160 VU,vca-dbx160,vca,15.0,as_set,release,500.0,0.0017628025209864978
dbx160,UAD,dbx 160 VU,vca-dbx160,vca,15.0,as_set,release,5000.0,3.6211923117313027e-06
dbx160,UAD,dbx 160 VU,vca-dbx160,vca,3.0,as_set,attack,0.1,0.017480591117942416
dbx160,UAD,dbx 160 VU,vca-dbx160,vca,3.0,as_set,attack,0.2,-0.00891983403891601
dbx160,UAD,dbx 160 VU,vca-dbx160,vca,3.0,as_set,attack,0.5,0.018497384715827736
dbx160,UAD,dbx 160 VU,vca-dbx160,vca,3.0,as_set,attack,1.0,0.009744216499658079
dbx160,UAD,dbx 160 VU,vca-dbx160,vca,3.0,as_set,attack,10.0,0.00011273775983516171
dbx160,UAD,dbx 160 VU,vca-dbx160,vca,3.0,as_set,attack,100.0,2.065452576188577
dbx160,UAD,dbx 160 VU,vca-dbx160,vca,3.0,as_set,attack,1000.0,2.2517028590279784
dbx160,UAD,dbx 160 VU,vca-dbx160,vca,3.0,as_set,attack,2.0,-0.0005426035127785722
dbx160,UAD,dbx 160 VU,vca-dbx160,vca,3.0,as_set,attack,20.0,-0.00040558503489875053
dbx160,UAD,dbx 160 VU,vca-dbx160,vca,3.0,as_set,attack,200.0,2.241221570486851
dbx160,UAD,dbx 160 VU,vca-dbx160,vca,3.0,as_set,attack,2000.0,2.1066266141665433
dbx160,UAD,dbx 160 VU,vca-dbx160,vca,3.0,as_set,attack,5.0,0.0007103920915925918
dbx160,UAD,dbx 160 VU,vca-dbx160,vca,3.0,as_set,attack,50.0,1.3744438042211362
dbx160,UAD,dbx 160 VU,vca-dbx160,vca,3.0,as_set,attack,500.0,2.2516852045634788
dbx160,UAD,dbx 160 VU,vca-dbx160,vca,3.0,as_set,attack,5000.0,0.00021248106231885888
dbx160,UAD,dbx 160 VU,vca-dbx160,vca,3.0,as_set,release,0.1,2.1186405639361094
dbx160,UAD,dbx 160 VU,vca-dbx160,vca,3.0,as_set,release,0.2,1.9351521400523795
dbx160,UAD,dbx 160 VU,vca-dbx160,vca,3.0,as_set,release,0.5,1.932783112161755
dbx160,UAD,dbx 160 VU,vca-dbx160,vca,3.0,as_set,release,1.0,1.8583032451769261
dbx160,UAD,dbx 160 VU,vca-dbx160,vca,3.0,as_set,release,10.0,1.3001354157859693
dbx160,UAD,dbx 160 VU,vca-dbx160,vca,3.0,as_set,release,100.0,0.013258121336945199
dbx160,UAD,dbx 160 VU,vca-dbx160,vca,3.0,as_set,release,1000.0,0.0007592427363405929
dbx160,UAD,dbx 160 VU,vca-dbx160,vca,3.0,as_set,release,2.0,2.095794340723021
dbx160,UAD,dbx 160 VU,vca-dbx160,vca,3.0,as_set,release,20.0,0.36982636744461794
dbx160,UAD,dbx 160 VU,vca-dbx160,vca,3.0,as_set,release,200.0,0.005704860666555664
dbx160,UAD,dbx 160 VU,vca-dbx160,vca,3.0,as_set,release,2000.0,0.0003243310826698473
dbx160,UAD,dbx 160 VU,vca-dbx160,vca,3.0,as_set,release,5.0,1.7529880100635058
dbx160,UAD,dbx 160 VU,vca-dbx160,vca,3.0,as_set,release,50.0,0.01991162789135716
dbx160,UAD,dbx 160 VU,vca-dbx160,vca,3.0,as_set,release,500.0,0.0017751568675392695
dbx160,UAD,dbx 160 VU,vca-dbx160,vca,3.0,as_set,release,5000.0,0.00024798109290420645
dbx160,UAD,dbx 160 VU,vca-dbx160,vca,6.0,as_set,attack,0.1,0.016771779189440075
dbx160,UAD,dbx 160 VU,vca-dbx160,vca,6.0,as_set,attack,0.2,-0.007623614415175305
dbx160,UAD,dbx 160 VU,vca-dbx160,vca,6.0,as_set,attack,0.5,0.01676359782927573
dbx160,UAD,dbx 160 VU,vca-dbx160,vca,6.0,as_set,attack,1.0,0.008575599161183861
dbx160,UAD,dbx 160 VU,vca-dbx160,vca,6.0,as_set,attack,10.0,1.4713834404513548
dbx160,UAD,dbx 160 VU,vca-dbx160,vca,6.0,as_set,attack,100.0,5.817440778867428
dbx160,UAD,dbx 160 VU,vca-dbx160,vca,6.0,as_set,attack,1000.0,6.00305522760129
dbx160,UAD,dbx 160 VU,vca-dbx160,vca,6.0,as_set,attack,2.0,-0.0004691451569745278
dbx160,UAD,dbx 160 VU,vca-dbx160,vca,6.0,as_set,attack,20.0,3.3139847064110195
dbx160,UAD,dbx 160 VU,vca-dbx160,vca,6.0,as_set,attack,200.0,5.992658062738166
dbx160,UAD,dbx 160 VU,vca-dbx160,vca,6.0,as_set,attack,2000.0,5.854672678530192
dbx160,UAD,dbx 160 VU,vca-dbx160,vca,6.0,as_set,attack,5.0,0.00031559653083105405
dbx160,UAD,dbx 160 VU,vca-dbx160,vca,6.0,as_set,attack,50.0,5.128362624910251
dbx160,UAD,dbx 160 VU,vca-dbx160,vca,6.0,as_set,attack,500.0,6.003052618979206
dbx160,UAD,dbx 160 VU,vca-dbx160,vca,6.0,as_set,attack,5000.0,0.00019722161502334218
dbx160,UAD,dbx 160 VU,vca-dbx160,vca,6.0,as_set,release,0.1,5.867253843326423
dbx160,UAD,dbx 160 VU,vca-dbx160,vca,6.0,as_set,release,0.2,5.680648914519089
dbx160,UAD,dbx 160 VU,vca-dbx160,vca,6.0,as_set,release,0.5,5.677037406190203
dbx160,UAD,dbx 160 VU,vca-dbx160,vca,6.0,as_set,release,1.0,5.600070283793365
dbx160,UAD,dbx 160 VU,vca-dbx160,vca,6.0,as_set,release,10.0,5.051169002399494
dbx160,UAD,dbx 160 VU,vca-dbx160,vca,6.0,as_set,release,100.0,0.01316230044574751
dbx160,UAD,dbx 160 VU,vca-dbx160,vca,6.0,as_set,release,1000.0,0.0008188540381313045
dbx160,UAD,dbx 160 VU,vca-dbx160,vca,6.0,as_set,release,2.0,5.84908746325984
dbx160,UAD,dbx 160 VU,vca-dbx160,vca,6.0,as_set,release,20.0,4.122359759732098
dbx160,UAD,dbx 160 VU,vca-dbx160,vca,6.0,as_set,release,200.0,0.005840590549970916
dbx160,UAD,dbx 160 VU,vca-dbx160,vca,6.0,as_set,release,2000.0,0.0003399064107700231
dbx160,UAD,dbx 160 VU,vca-dbx160,vca,6.0,as_set,release,5.0,5.503025008301487
dbx160,UAD,dbx 160 VU,vca-dbx160,vca,6.0,as_set,release,50.0,1.2808890577021252
dbx160,UAD,dbx 160 VU,vca-dbx160,vca,6.0,as_set,release,500.0,0.001878178835671783
dbx160,UAD,dbx 160 VU,vca-dbx160,vca,6.0,as_set,release,5000.0,0.00015693948363109528
vc76,Softube,UREI 1176,fet-1176,fet,10.0,attack=1.0,attack,0.1,0.3232872108317606
vc76,Softube,UREI 1176,fet-1176,fet,10.0,attack=1.0,attack,0.2,0.34558450112343664
vc76,Softube,UREI 1176,fet-1176,fet,10.0,attack=1.0,attack,0.5,0.9390689696822303
vc76,Softube,UREI 1176,fet-1176,fet,10.0,attack=1.0,attack,1.0,2.3057213820638474
vc76,Softube,UREI 1176,fet-1176,fet,10.0,attack=1.0,attack,10.0,7.4045903803021424
vc76,Softube,UREI 1176,fet-1176,fet,10.0,attack=1.0,attack,100.0,8.088415152362344
vc76,Softube,UREI 1176,fet-1176,fet,10.0,attack=1.0,attack,1000.0,8.675124974405824
vc76,Softube,UREI 1176,fet-1176,fet,10.0,attack=1.0,attack,2.0,4.288355649828372
vc76,Softube,UREI 1176,fet-1176,fet,10.0,attack=1.0,attack,20.0,7.819070701590261
vc76,Softube,UREI 1176,fet-1176,fet,10.0,attack=1.0,attack,200.0,8.1787357029094
vc76,Softube,UREI 1176,fet-1176,fet,10.0,attack=1.0,attack,2000.0,8.49893742183164
vc76,Softube,UREI 1176,fet-1176,fet,10.0,attack=1.0,attack,5.0,6.5354938679799535
vc76,Softube,UREI 1176,fet-1176,fet,10.0,attack=1.0,attack,50.0,8.033683178257396
vc76,Softube,UREI 1176,fet-1176,fet,10.0,attack=1.0,attack,500.0,8.40608880971464
vc76,Softube,UREI 1176,fet-1176,fet,10.0,attack=1.0,attack,5000.0,0.24290273675240837
vc76,Softube,UREI 1176,fet-1176,fet,10.0,attack=1.0,release,0.1,8.37964059005095
vc76,Softube,UREI 1176,fet-1176,fet,10.0,attack=1.0,release,0.2,7.800819459059168
vc76,Softube,UREI 1176,fet-1176,fet,10.0,attack=1.0,release,0.5,8.080604285314882
vc76,Softube,UREI 1176,fet-1176,fet,10.0,attack=1.0,release,1.0,8.119059227875224
vc76,Softube,UREI 1176,fet-1176,fet,10.0,attack=1.0,release,10.0,8.845103174870225
vc76,Softube,UREI 1176,fet-1176,fet,10.0,attack=1.0,release,100.0,7.458268804061099
vc76,Softube,UREI 1176,fet-1176,fet,10.0,attack=1.0,release,1000.0,1.461791414558613
vc76,Softube,UREI 1176,fet-1176,fet,10.0,attack=1.0,release,2.0,8.956457213070717
vc76,Softube,UREI 1176,fet-1176,fet,10.0,attack=1.0,release,20.0,8.682501932220815
vc76,Softube,UREI 1176,fet-1176,fet,10.0,attack=1.0,release,200.0,6.210459647826852
vc76,Softube,UREI 1176,fet-1176,fet,10.0,attack=1.0,release,2000.0,0.4530285456800138
vc76,Softube,UREI 1176,fet-1176,fet,10.0,attack=1.0,release,5.0,8.871849275430174
vc76,Softube,UREI 1176,fet-1176,fet,10.0,attack=1.0,release,50.0,8.183226407755878
vc76,Softube,UREI 1176,fet-1176,fet,10.0,attack=1.0,release,500.0,3.564251565174196
vc76,Softube,UREI 1176,fet-1176,fet,10.0,attack=1.0,release,5000.0,0.07601217068410815
vc76,Softube,UREI 1176,fet-1176,fet,10.0,attack=2.0,attack,0.1,0.3463870951437773
vc76,Softube,UREI 1176,fet-1176,fet,10.0,attack=2.0,attack,0.2,0.3974214575317756
vc76,Softube,UREI 1176,fet-1176,fet,10.0,attack=2.0,attack,0.5,1.1786809244312835
vc76,Softube,UREI 1176,fet-1176,fet,10.0,attack=2.0,attack,1.0,2.8070406862888744
vc76,Softube,UREI 1176,fet-1176,fet,10.0,attack=2.0,attack,10.0,7.535382109309082
vc76,Softube,UREI 1176,fet-1176,fet,10.0,attack=2.0,attack,100.0,8.114516931093156
vc76,Softube,UREI 1176,fet-1176,fet,10.0,attack=2.0,attack,1000.0,8.70112587969517
vc76,Softube,UREI 1176,fet-1176,fet,10.0,attack=2.0,attack,2.0,4.7994895607564905
vc76,Softube,UREI 1176,fet-1176,fet,10.0,attack=2.0,attack,20.0,7.907623002538625
vc76,Softube,UREI 1176,fet-1176,fet,10.0,attack=2.0,attack,200.0,8.20384332039437
vc76,Softube,UREI 1176,fet-1176,fet,10.0,attack=2.0,attack,2000.0,8.525100109223466
vc76,Softube,UREI 1176,fet-1176,fet,10.0,attack=2.0,attack,5.0,6.816517719354777
vc76,Softube,UREI 1176,fet-1176,fet,10.0,attack=2.0,attack,50.0,8.064418833062089
vc76,Softube,UREI 1176,fet-1176,fet,10.0,attack=2.0,attack,500.0,8.43167951680276
vc76,Softube,UREI 1176,fet-1176,fet,10.0,attack=2.0,attack,5000.0,0.24364203813095475
vc76,Softube,UREI 1176,fet-1176,fet,10.0,attack=2.0,release,0.1,8.405849899757644
vc76,Softube,UREI 1176,fet-1176,fet,10.0,attack=2.0,release,0.2,7.826894313224558
vc76,Softube,UREI 1176,fet-1176,fet,10.0,attack=2.0,release,0.5,8.106927178881975
vc76,Softube,UREI 1176,fet-1176,fet,10.0,attack=2.0,release,1.0,8.145738174865382
vc76,Softube,UREI 1176,fet-1176,fet,10.0,attack=2.0,release,10.0,8.873391561847324
vc76,Softube,UREI 1176,fet-1176,fet,10.0,attack=2.0,release,100.0,7.482343289410118
vc76,Softube,UREI 1176,fet-1176,fet,10.0,attack=2.0,release,1000.0,1.469129235531386
vc76,Softube,UREI 1176,fet-1176,fet,10.0,attack=2.0,release,2.0,8.985135118471064
vc76,Softube,UREI 1176,fet-1176,fet,10.0,attack=2.0,release,20.0,8.709925436394006
vc76,Softube,UREI 1176,fet-1176,fet,10.0,attack=2.0,release,200.0,6.232961403808397
vc76,Softube,UREI 1176,fet-1176,fet,10.0,attack=2.0,release,2000.0,0.4542248729517153
vc76,Softube,UREI 1176,fet-1176,fet,10.0,attack=2.0,release,5.0,8.900560093977926
vc76,Softube,UREI 1176,fet-1176,fet,10.0,attack=2.0,release,50.0,8.208213508677414
vc76,Softube,UREI 1176,fet-1176,fet,10.0,attack=2.0,release,500.0,3.5787234747575
vc76,Softube,UREI 1176,fet-1176,fet,10.0,attack=2.0,release,5000.0,0.07624761028174909
vc76,Softube,UREI 1176,fet-1176,fet,10.0,attack=3.0,attack,0.1,0.38024413407363333
vc76,Softube,UREI 1176,fet-1176,fet,10.0,attack=3.0,attack,0.2,0.480417589363233
vc76,Softube,UREI 1176,fet-1176,fet,10.0,attack=3.0,attack,0.5,1.6115209069957768
vc76,Softube,UREI 1176,fet-1176,fet,10.0,attack=3.0,attack,1.0,3.4785583326066414
vc76,Softube,UREI 1176,fet-1176,fet,10.0,attack=3.0,attack,10.0,7.686010695857944
vc76,Softube,UREI 1176,fet-1176,fet,10.0,attack=3.0,attack,100.0,8.140686745933863
vc76,Softube,UREI 1176,fet-1176,fet,10.0,attack=3.0,attack,1000.0,8.728698522037952
vc76,Softube,UREI 1176,fet-1176,fet,10.0,attack=3.0,attack,2.0,5.39157333670791
vc76,Softube,UREI 1176,fet-1176,fet,10.0,attack=3.0,attack,20.0,7.996126890305132
vc76,Softube,UREI 1176,fet-1176,fet,10.0,attack=3.0,attack,200.0,8.23056108498399
vc76,Softube,UREI 1176,fet-1176,fet,10.0,attack=3.0,attack,2000.0,8.551922663993448
vc76,Softube,UREI 1176,fet-1176,fet,10.0,attack=3.0,attack,5.0,7.119361188708463
vc76,Softube,UREI 1176,fet-1176,fet,10.0,attack=3.0,attack,50.0,8.093138501041437
vc76,Softube,UREI 1176,fet-1176,fet,10.0,attack=3.0,attack,500.0,8.458110446981618
vc76,Softube,UREI 1176,fet-1176,fet,10.0,attack=3.0,attack,5000.0,0.2442915486889774
vc76,Softube,UREI 1176,fet-1176,fet,10.0,attack=3.0,release,0.1,8.432781618487052
vc76,Softube,UREI 1176,fet-1176,fet,10.0,attack=3.0,release,0.2,7.853540656378052
vc76,Softube,UREI 1176,fet-1176,fet,10.0,attack=3.0,release,0.5,8.133881353756067
vc76,Softube,UREI 1176,fet-1176,fet,10.0,attack=3.0,release,1.0,8.17246291062391
vc76,Softube,UREI 1176,fet-1176,fet,10.0,attack=3.0,release,10.0,8.902423242025247
vc76,Softube,UREI 1176,fet-1176,fet,10.0,attack=3.0,release,100.0,7.507020916761209
vc76,Softube,UREI 1176,fet-1176,fet,10.0,attack=3.0,release,1000.0,1.4752455616006834
vc76,Softube,UREI 1176,fet-1176,fet,10.0,attack=3.0,release,2.0,9.011824632551576
vc76,Softube,UREI 1176,fet-1176,fet,10.0,attack=3.0,release,20.0,8.738018047145427
vc76,Softube,UREI 1176,fet-1176,fet,10.0,attack=3.0,release,200.0,6.256048562723561
vc76,Softube,UREI 1176,fet-1176,fet,10.0,attack=3.0,release,2000.0,0.4552093721316046
vc76,Softube,UREI 1176,fet-1176,fet,10.0,attack=3.0,release,5.0,8.930051554251648
vc76,Softube,UREI 1176,fet-1176,fet,10.0,attack=3.0,release,50.0,8.233854237056164
vc76,Softube,UREI 1176,fet-1176,fet,10.0,attack=3.0,release,500.0,3.593648594533227
vc76,Softube,UREI 1176,fet-1176,fet,10.0,attack=3.0,release,5000.0,0.07645965675425792
vc76,Softube,UREI 1176,fet-1176,fet,10.0,attack=4.0,attack,0.1,0.4301944212948676
vc76,Softube,UREI 1176,fet-1176,fet,10.0,attack=4.0,attack,0.2,0.6254304916180571
vc76,Softube,UREI 1176,fet-1176,fet,10.0,attack=4.0,attack,0.5,2.3229625731536974
vc76,Softube,UREI 1176,fet-1176,fet,10.0,attack=4.0,attack,1.0,4.3442085446868015
vc76,Softube,UREI 1176,fet-1176,fet,10.0,attack=4.0,attack,10.0,7.857011185975959
vc76,Softube,UREI 1176,fet-1176,fet,10.0,attack=4.0,attack,100.0,8.162956107239687
vc76,Softube,UREI 1176,fet-1176,fet,10.0,attack=4.0,attack,1000.0,8.753251337192061
vc76,Softube,UREI 1176,fet-1176,fet,10.0,attack=4.0,attack,2.0,6.036852234221802
vc76,Softube,UREI 1176,fet-1176,fet,10.0,attack=4.0,attack,20.0,8.070216861108321
vc76,Softube,UREI 1176,fet-1176,fet,10.0,attack=4.0,attack,200.0,8.253844979022375
vc76,Softube,UREI 1176,fet-1176,fet,10.0,attack=4.0,attack,2000.0,8.5761620483737
vc76,Softube,UREI 1176,fet-1176,fet,10.0,attack=4.0,attack,5.0,7.401625012525595
vc76,Softube,UREI 1176,fet-1176,fet,10.0,attack=4.0,attack,50.0,8.116615750725916
vc76,Softube,UREI 1176,fet-1176,fet,10.0,attack=4.0,attack,500.0,8.481819937966925
vc76,Softube,UREI 1176,fet-1176,fet,10.0,attack=4.0,attack,5000.0,0.24485746974676648
vc76,Softube,UREI 1176,fet-1176,fet,10.0,attack=4.0,release,0.1,8.457244097085994
vc76,Softube,UREI 1176,fet-1176,fet,10.0,attack=4.0,release,0.2,7.877506306787116
vc76,Softube,UREI 1176,fet-1176,fet,10.0,attack=4.0,release,0.5,8.15839985824607
vc76,Softube,UREI 1176,fet-1176,fet,10.0,attack=4.0,release,1.0,8.196599434238383
vc76,Softube,UREI 1176,fet-1176,fet,10.0,attack=4.0,release,10.0,8.928531050956064
vc76,Softube,UREI 1176,fet-1176,fet,10.0,attack=4.0,release,100.0,7.529210799922347
vc76,Softube,UREI 1176,fet-1176,fet,10.0,attack=4.0,release,1000.0,1.479470603076357
vc76,Softube,UREI 1176,fet-1176,fet,10.0,attack=4.0,release,2.0,9.035897366045475
vc76,Softube,UREI 1176,fet-1176,fet,10.0,attack=4.0,release,20.0,8.763330719031881
vc76,Softube,UREI 1176,fet-1176,fet,10.0,attack=4.0,release,200.0,6.2768379808160075
vc76,Softube,UREI 1176,fet-1176,fet,10.0,attack=4.0,release,2000.0,0.4558945627108191
vc76,Softube,UREI 1176,fet-1176,fet,10.0,attack=4.0,release,5.0,8.955427515202459
vc76,Softube,UREI 1176,fet-1176,fet,10.0,attack=4.0,release,50.0,8.256895624371378
vc76,Softube,UREI 1176,fet-1176,fet,10.0,attack=4.0,release,500.0,3.6070475464708087
vc76,Softube,UREI 1176,fet-1176,fet,10.0,attack=4.0,release,5000.0,0.07664486194111397
vc76,Softube,UREI 1176,fet-1176,fet,10.0,attack=5.0,attack,0.1,0.5365941591651593
vc76,Softube,UREI 1176,fet-1176,fet,10.0,attack=5.0,attack,0.2,1.0296996154541285
vc76,Softube,UREI 1176,fet-1176,fet,10.0,attack=5.0,attack,0.5,3.5945873138807647
vc76,Softube,UREI 1176,fet-1176,fet,10.0,attack=5.0,attack,1.0,5.52963966416353
vc76,Softube,UREI 1176,fet-1176,fet,10.0,attack=5.0,attack,10.0,8.038204709546594
vc76,Softube,UREI 1176,fet-1176,fet,10.0,attack=5.0,attack,100.0,8.218194877451534
vc76,Softube,UREI 1176,fet-1176,fet,10.0,attack=5.0,attack,1000.0,8.811406780705589
vc76,Softube,UREI 1176,fet-1176,fet,10.0,attack=5.0,attack,2.0,6.774046147519015
vc76,Softube,UREI 1176,fet-1176,fet,10.0,attack=5.0,attack,20.0,8.128902878345283
vc76,Softube,UREI 1176,fet-1176,fet,10.0,attack=5.0,attack,200.0,8.309276643546749
vc76,Softube,UREI 1176,fet-1176,fet,10.0,attack=5.0,attack,2000.0,8.634261474784513
vc76,Softube,UREI 1176,fet-1176,fet,10.0,attack=5.0,attack,5.0,7.703653347448639
vc76,Softube,UREI 1176,fet-1176,fet,10.0,attack=5.0,attack,50.0,8.17054047195029
vc76,Softube,UREI 1176,fet-1176,fet,10.0,attack=5.0,attack,500.0,8.540687424001035
vc76,Softube,UREI 1176,fet-1176,fet,10.0,attack=5.0,attack,5000.0,0.24623864190964095
vc76,Softube,UREI 1176,fet-1176,fet,10.0,attack=5.0,release,0.1,8.515449791399703
vc76,Softube,UREI 1176,fet-1176,fet,10.0,attack=5.0,release,0.2,7.935012054069186
vc76,Softube,UREI 1176,fet-1176,fet,10.0,attack=5.0,release,0.5,8.216464037894944
vc76,Softube,UREI 1176,fet-1176,fet,10.0,attack=5.0,release,1.0,8.254240748897253
vc76,Softube,UREI 1176,fet-1176,fet,10.0,attack=5.0,release,10.0,8.991854344948987
vc76,Softube,UREI 1176,fet-1176,fet,10.0,attack=5.0,release,100.0,7.583014954107006
vc76,Softube,UREI 1176,fet-1176,fet,10.0,attack=5.0,release,1000.0,1.492692038248003
vc76,Softube,UREI 1176,fet-1176,fet,10.0,attack=5.0,release,2.0,9.09404493262798
vc76,Softube,UREI 1176,fet-1176,fet,10.0,attack=5.0,release,20.0,8.824657387029024
vc76,Softube,UREI 1176,fet-1176,fet,10.0,attack=5.0,release,200.0,6.327205093743285
vc76,Softube,UREI 1176,fet-1176,fet,10.0,attack=5.0,release,2000.0,0.45814688168223494
vc76,Softube,UREI 1176,fet-1176,fet,10.0,attack=5.0,release,5.0,9.01289088348853
vc76,Softube,UREI 1176,fet-1176,fet,10.0,attack=5.0,release,50.0,8.312787257103285
vc76,Softube,UREI 1176,fet-1176,fet,10.0,attack=5.0,release,500.0,3.6395368353738613
vc76,Softube,UREI 1176,fet-1176,fet,10.0,attack=5.0,release,5000.0,0.07705881561003203
vc76,Softube,UREI 1176,fet-1176,fet,10.0,attack=6.0,attack,0.1,0.9475301856877492
vc76,Softube,UREI 1176,fet-1176,fet,10.0,attack=6.0,attack,0.2,2.427110127964144
vc76,Softube,UREI 1176,fet-1176,fet,10.0,attack=6.0,attack,0.5,5.818905121648769
vc76,Softube,UREI 1176,fet-1176,fet,10.0,attack=6.0,attack,1.0,7.014882956258355
vc76,Softube,UREI 1176,fet-1176,fet,10.0,attack=6.0,attack,10.0,8.182317724415686
vc76,Softube,UREI 1176,fet-1176,fet,10.0,attack=6.0,attack,100.0,8.310372862739467
vc76,Softube,UREI 1176,fet-1176,fet,10.0,attack=6.0,attack,1000.0,8.902677701117337
vc76,Softube,UREI 1176,fet-1176,fet,10.0,attack=6.0,attack,2.0,7.526429115641702
vc76,Softube,UREI 1176,fet-1176,fet,10.0,attack=6.0,attack,20.0,8.233597650979647
vc76,Softube,UREI 1176,fet-1176,fet,10.0,attack=6.0,attack,200.0,8.401428811810014
vc76,Softube,UREI 1176,fet-1176,fet,10.0,attack=6.0,attack,2000.0,8.728601220084464
vc76,Softube,UREI 1176,fet-1176,fet,10.0,attack=6.0,attack,5.0,8.06527003053387
vc76,Softube,UREI 1176,fet-1176,fet,10.0,attack=6.0,attack,50.0,8.262720277851916
vc76,Softube,UREI 1176,fet-1176,fet,10.0,attack=6.0,attack,500.0,8.632366602561596
vc76,Softube,UREI 1176,fet-1176,fet,10.0,attack=6.0,attack,5000.0,0.2485588863774355
vc76,Softube,UREI 1176,fet-1176,fet,10.0,attack=6.0,release,0.1,8.609702718974805
vc76,Softube,UREI 1176,fet-1176,fet,10.0,attack=6.0,release,0.2,8.02939894769964
vc76,Softube,UREI 1176,fet-1176,fet,10.0,attack=6.0,release,0.5,8.310768192638697
vc76,Softube,UREI 1176,fet-1176,fet,10.0,attack=6.0,release,1.0,8.34833746437035
vc76,Softube,UREI 1176,fet-1176,fet,10.0,attack=6.0,release,10.0,9.084152839924325
vc76,Softube,UREI 1176,fet-1176,fet,10.0,attack=6.0,release,100.0,7.669970997011055
vc76,Softube,UREI 1176,fet-1176,fet,10.0,attack=6.0,release,1000.0,1.5180724179889662
vc76,Softube,UREI 1176,fet-1176,fet,10.0,attack=6.0,release,2.0,9.187788581510702
vc76,Softube,UREI 1176,fet-1176,fet,10.0,attack=6.0,release,20.0,8.923873638399712
vc76,Softube,UREI 1176,fet-1176,fet,10.0,attack=6.0,release,200.0,6.4084491974743445
vc76,Softube,UREI 1176,fet-1176,fet,10.0,attack=6.0,release,2000.0,0.4623205590349526
vc76,Softube,UREI 1176,fet-1176,fet,10.0,attack=6.0,release,5.0,9.105777004534726
vc76,Softube,UREI 1176,fet-1176,fet,10.0,attack=6.0,release,50.0,8.403100010724302
vc76,Softube,UREI 1176,fet-1176,fet,10.0,attack=6.0,release,500.0,3.6921326641843235
vc76,Softube,UREI 1176,fet-1176,fet,10.0,attack=6.0,release,5000.0,0.07773448499390234
vc76,Softube,UREI 1176,fet-1176,fet,10.0,attack=7.0,attack,0.1,2.442436601594866
vc76,Softube,UREI 1176,fet-1176,fet,10.0,attack=7.0,attack,0.2,4.766100869294981
vc76,Softube,UREI 1176,fet-1176,fet,10.0,attack=7.0,attack,0.5,7.6445413393995345
vc76,Softube,UREI 1176,fet-1176,fet,10.0,attack=7.0,attack,1.0,7.919536872233152
vc76,Softube,UREI 1176,fet-1176,fet,10.0,attack=7.0,attack,10.0,8.291226460372167
vc76,Softube,UREI 1176,fet-1176,fet,10.0,attack=7.0,attack,100.0,8.366070594957758
vc76,Softube,UREI 1176,fet-1176,fet,10.0,attack=7.0,attack,1000.0,8.960436866299009
vc76,Softube,UREI 1176,fet-1176,fet,10.0,attack=7.0,attack,2.0,8.050362812675031
vc76,Softube,UREI 1176,fet-1176,fet,10.0,attack=7.0,attack,20.0,8.295527143017377
vc76,Softube,UREI 1176,fet-1176,fet,10.0,attack=7.0,attack,200.0,8.457609858889036
vc76,Softube,UREI 1176,fet-1176,fet,10.0,attack=7.0,attack,2000.0,8.786013040561613
vc76,Softube,UREI 1176,fet-1176,fet,10.0,attack=7.0,attack,5.0,8.249462396601118
vc76,Softube,UREI 1176,fet-1176,fet,10.0,attack=7.0,attack,50.0,8.318130012376422
vc76,Softube,UREI 1176,fet-1176,fet,10.0,attack=7.0,attack,500.0,8.688238064941208
vc76,Softube,UREI 1176,fet-1176,fet,10.0,attack=7.0,attack,5000.0,0.2500206000984422
vc76,Softube,UREI 1176,fet-1176,fet,10.0,attack=7.0,release,0.1,8.667056655789011
vc76,Softube,UREI 1176,fet-1176,fet,10.0,attack=7.0,release,0.2,8.086822353166246
vc76,Softube,UREI 1176,fet-1176,fet,10.0,attack=7.0,release,0.5,8.368128136893692
vc76,Softube,UREI 1176,fet-1176,fet,10.0,attack=7.0,release,1.0,8.405550320263119
vc76,Softube,UREI 1176,fet-1176,fet,10.0,attack=7.0,release,10.0,9.139749882128319
vc76,Softube,UREI 1176,fet-1176,fet,10.0,attack=7.0,release,100.0,7.7228889638210045
vc76,Softube,UREI 1176,fet-1176,fet,10.0,attack=7.0,release,1000.0,1.534054597492836
vc76,Softube,UREI 1176,fet-1176,fet,10.0,attack=7.0,release,2.0,9.24479735767746
vc76,Softube,UREI 1176,fet-1176,fet,10.0,attack=7.0,release,20.0,8.984276140961109
vc76,Softube,UREI 1176,fet-1176,fet,10.0,attack=7.0,release,200.0,6.453379451529363
vc76,Softube,UREI 1176,fet-1176,fet,10.0,attack=7.0,release,2000.0,0.46498653977333326
vc76,Softube,UREI 1176,fet-1176,fet,10.0,attack=7.0,release,5.0,9.162266038662406
vc76,Softube,UREI 1176,fet-1176,fet,10.0,attack=7.0,release,50.0,8.458051594919485
vc76,Softube,UREI 1176,fet-1176,fet,10.0,attack=7.0,release,500.0,3.724122358252812
vc76,Softube,UREI 1176,fet-1176,fet,10.0,attack=7.0,release,5000.0,0.07816600701995302
vc76,Softube,UREI 1176,fet-1176,fet,10.0,release=1.0,attack,0.1,0.4462314836838184
vc76,Softube,UREI 1176,fet-1176,fet,10.0,release=1.0,attack,0.2,0.6804896483739098
vc76,Softube,UREI 1176,fet-1176,fet,10.0,release=1.0,attack,0.5,2.5632335451975523
vc76,Softube,UREI 1176,fet-1176,fet,10.0,release=1.0,attack,1.0,4.6265060438597345
vc76,Softube,UREI 1176,fet-1176,fet,10.0,release=1.0,attack,10.0,8.09425520141825
vc76,Softube,UREI 1176,fet-1176,fet,10.0,release=1.0,attack,100.0,8.501908536866358
vc76,Softube,UREI 1176,fet-1176,fet,10.0,release=1.0,attack,1000.0,9.070521223822572
vc76,Softube,UREI 1176,fet-1176,fet,10.0,release=1.0,attack,2.0,6.287035566369168
vc76,Softube,UREI 1176,fet-1176,fet,10.0,release=1.0,attack,20.0,8.307547097442152
vc76,Softube,UREI 1176,fet-1176,fet,10.0,release=1.0,attack,200.0,8.5886897562503
vc76,Softube,UREI 1176,fet-1176,fet,10.0,release=1.0,attack,2000.0,8.881428554460545
vc76,Softube,UREI 1176,fet-1176,fet,10.0,release=1.0,attack,5.0,7.606989676471414
vc76,Softube,UREI 1176,fet-1176,fet,10.0,release=1.0,attack,50.0,8.441941953536864
vc76,Softube,UREI 1176,fet-1176,fet,10.0,release=1.0,attack,500.0,8.807677975991119
vc76,Softube,UREI 1176,fet-1176,fet,10.0,release=1.0,attack,5000.0,0.6260629081682145
vc76,Softube,UREI 1176,fet-1176,fet,10.0,release=1.0,release,0.1,8.76112226508303
vc76,Softube,UREI 1176,fet-1176,fet,10.0,release=1.0,release,0.2,8.182457659977844
vc76,Softube,UREI 1176,fet-1176,fet,10.0,release=1.0,release,0.5,8.464762191215234
vc76,Softube,UREI 1176,fet-1176,fet,10.0,release=1.0,release,1.0,8.506956400142691
vc76,Softube,UREI 1176,fet-1176,fet,10.0,release=1.0,release,10.0,9.334499780002432
vc76,Softube,UREI 1176,fet-1176,fet,10.0,release=1.0,release,100.0,8.767101167372706
vc76,Softube,UREI 1176,fet-1176,fet,10.0,release=1.0,release,1000.0,4.573354923495449
vc76,Softube,UREI 1176,fet-1176,fet,10.0,release=1.0,release,2.0,9.35948425337828
vc76,Softube,UREI 1176,fet-1176,fet,10.0,release=1.0,release,20.0,9.276029070392303
vc76,Softube,UREI 1176,fet-1176,fet,10.0,release=1.0,release,200.0,8.230201309604288
vc76,Softube,UREI 1176,fet-1176,fet,10.0,release=1.0,release,2000.0,1.7854555687889597
vc76,Softube,UREI 1176,fet-1176,fet,10.0,release=1.0,release,5.0,9.306983571195042
vc76,Softube,UREI 1176,fet-1176,fet,10.0,release=1.0,release,50.0,9.057836780447134
vc76,Softube,UREI 1176,fet-1176,fet,10.0,release=1.0,release,500.0,6.71546157876973
vc76,Softube,UREI 1176,fet-1176,fet,10.0,release=1.0,release,5000.0,0.1684277059158097
vc76,Softube,UREI 1176,fet-1176,fet,10.0,release=2.0,attack,0.1,0.4423972574602635
vc76,Softube,UREI 1176,fet-1176,fet,10.0,release=2.0,attack,0.2,0.6671683213910802
vc76,Softube,UREI 1176,fet-1176,fet,10.0,release=2.0,attack,0.5,2.5056266405193046
vc76,Softube,UREI 1176,fet-1176,fet,10.0,release=2.0,attack,1.0,4.560201382621528
vc76,Softube,UREI 1176,fet-1176,fet,10.0,release=2.0,attack,10.0,8.044202357848409
vc76,Softube,UREI 1176,fet-1176,fet,10.0,release=2.0,attack,100.0,8.44062224555052
vc76,Softube,UREI 1176,fet-1176,fet,10.0,release=2.0,attack,1000.0,9.012513277595637
vc76,Softube,UREI 1176,fet-1176,fet,10.0,release=2.0,attack,2.0,6.229419046624384
vc76,Softube,UREI 1176,fet-1176,fet,10.0,release=2.0,attack,20.0,8.258223973862803
vc76,Softube,UREI 1176,fet-1176,fet,10.0,release=2.0,attack,200.0,8.52868065340942
vc76,Softube,UREI 1176,fet-1176,fet,10.0,release=2.0,attack,2000.0,8.825749986591665
vc76,Softube,UREI 1176,fet-1176,fet,10.0,release=2.0,attack,5.0,7.560220107791039
vc76,Softube,UREI 1176,fet-1176,fet,10.0,release=2.0,attack,50.0,8.381798846317905
vc76,Softube,UREI 1176,fet-1176,fet,10.0,release=2.0,attack,500.0,8.74972735776521
vc76,Softube,UREI 1176,fet-1176,fet,10.0,release=2.0,attack,5000.0,0.5021034044113906
vc76,Softube,UREI 1176,fet-1176,fet,10.0,release=2.0,release,0.1,8.705628033878194
vc76,Softube,UREI 1176,fet-1176,fet,10.0,release=2.0,release,0.2,8.126743881641215
vc76,Softube,UREI 1176,fet-1176,fet,10.0,release=2.0,release,0.5,8.408960377349521
vc76,Softube,UREI 1176,fet-1176,fet,10.0,release=2.0,release,1.0,8.450715630067695
vc76,Softube,UREI 1176,fet-1176,fet,10.0,release=2.0,release,10.0,9.268618250893992
vc76,Softube,UREI 1176,fet-1176,fet,10.0,release=2.0,release,100.0,8.603327975668304
vc76,Softube,UREI 1176,fet-1176,fet,10.0,release=2.0,release,1000.0,3.9639375841777333
vc76,Softube,UREI 1176,fet-1176,fet,10.0,release=2.0,release,2.0,9.301797757068856
vc76,Softube,UREI 1176,fet-1176,fet,10.0,release=2.0,release,20.0,9.199935401217802
vc76,Softube,UREI 1176,fet-1176,fet,10.0,release=2.0,release,200.0,7.979326926743498
vc76,Softube,UREI 1176,fet-1176,fet,10.0,release=2.0,release,2000.0,1.3233604779096106
vc76,Softube,UREI 1176,fet-1176,fet,10.0,release=2.0,release,5.0,9.246088786150919
vc76,Softube,UREI 1176,fet-1176,fet,10.0,release=2.0,release,50.0,8.953236687680304
vc76,Softube,UREI 1176,fet-1176,fet,10.0,release=2.0,release,500.0,6.2579764960814614
vc76,Softube,UREI 1176,fet-1176,fet,10.0,release=2.0,release,5000.0,0.13243460753608716
vc76,Softube,UREI 1176,fet-1176,fet,10.0,release=3.0,attack,0.1,0.4383672466307553
vc76,Softube,UREI 1176,fet-1176,fet,10.0,release=3.0,attack,0.2,0.6531386295687023
vc76,Softube,UREI 1176,fet-1176,fet,10.0,release=3.0,attack,0.5,2.4448163747334473
vc76,Softube,UREI 1176,fet-1176,fet,10.0,release=3.0,attack,1.0,4.489542178867904
vc76,Softube,UREI 1176,fet-1176,fet,10.0,release=3.0,attack,10.0,7.988260760229439
vc76,Softube,UREI 1176,fet-1176,fet,10.0,release=3.0,attack,100.0,8.364972077404213
vc76,Softube,UREI 1176,fet-1176,fet,10.0,release=3.0,attack,1000.0,8.940756443003156
vc76,Softube,UREI 1176,fet-1176,fet,10.0,release=3.0,attack,2.0,6.166804219723714
vc76,Softube,UREI 1176,fet-1176,fet,10.0,release=3.0,attack,20.0,8.203550685525876
vc76,Softube,UREI 1176,fet-1176,fet,10.0,release=3.0,attack,200.0,8.454030234575091
vc76,Softube,UREI 1176,fet-1176,fet,10.0,release=3.0,attack,2000.0,8.756546335932168
vc76,Softube,UREI 1176,fet-1176,fet,10.0,release=3.0,attack,5.0,7.509294656149947
vc76,Softube,UREI 1176,fet-1176,fet,10.0,release=3.0,attack,50.0,8.308982138419687
vc76,Softube,UREI 1176,fet-1176,fet,10.0,release=3.0,attack,500.0,8.677102310984107
vc76,Softube,UREI 1176,fet-1176,fet,10.0,release=3.0,attack,5000.0,0.38356286669875495
vc76,Softube,UREI 1176,fet-1176,fet,10.0,release=3.0,release,0.1,8.636693264983077
vc76,Softube,UREI 1176,fet-1176,fet,10.0,release=3.0,release,0.2,8.057486769693812
vc76,Softube,UREI 1176,fet-1176,fet,10.0,release=3.0,release,0.5,8.339573254004536
vc76,Softube,UREI 1176,fet-1176,fet,10.0,release=3.0,release,1.0,8.38066740830265
vc76,Softube,UREI 1176,fet-1176,fet,10.0,release=3.0,release,10.0,9.184007655348916
vc76,Softube,UREI 1176,fet-1176,fet,10.0,release=3.0,release,100.0,8.376939822919011
vc76,Softube,UREI 1176,fet-1176,fet,10.0,release=3.0,release,1000.0,3.2073605757546115
vc76,Softube,UREI 1176,fet-1176,fet,10.0,release=3.0,release,2.0,9.229766403935235
vc76,Softube,UREI 1176,fet-1176,fet,10.0,release=3.0,release,20.0,9.100288322126604
vc76,Softube,UREI 1176,fet-1176,fet,10.0,release=3.0,release,200.0,7.612534752354897
vc76,Softube,UREI 1176,fet-1176,fet,10.0,release=3.0,release,2000.0,0.9051243301986647
vc76,Softube,UREI 1176,fet-1176,fet,10.0,release=3.0,release,5.0,9.169562975715953
vc76,Softube,UREI 1176,fet-1176,fet,10.0,release=3.0,release,50.0,8.79661911940956
vc76,Softube,UREI 1176,fet-1176,fet,10.0,release=3.0,release,500.0,5.624754578212974
vc76,Softube,UREI 1176,fet-1176,fet,10.0,release=3.0,release,5000.0,0.10852778323451151
vc76,Softube,UREI 1176,fet-1176,fet,10.0,release=4.0,attack,0.1,0.43430305443622874
vc76,Softube,UREI 1176,fet-1176,fet,10.0,release=4.0,attack,0.2,0.6393387055498971
vc76,Softube,UREI 1176,fet-1176,fet,10.0,release=4.0,attack,0.5,2.384296169258316
vc76,Softube,UREI 1176,fet-1176,fet,10.0,release=4.0,attack,1.0,4.417951205394624
vc76,Softube,UREI 1176,fet-1176,fet,10.0,release=4.0,attack,10.0,7.928676160506729
vc76,Softube,UREI 1176,fet-1176,fet,10.0,release=4.0,attack,100.0,8.271660869030915
vc76,Softube,UREI 1176,fet-1176,fet,10.0,release=4.0,attack,1000.0,8.854480370607016
vc76,Softube,UREI 1176,fet-1176,fet,10.0,release=4.0,attack,2.0,6.103093891120656
vc76,Softube,UREI 1176,fet-1176,fet,10.0,release=4.0,attack,20.0,8.144945894820282
vc76,Softube,UREI 1176,fet-1176,fet,10.0,release=4.0,attack,200.0,8.361763580474836
vc76,Softube,UREI 1176,fet-1176,fet,10.0,release=4.0,attack,2000.0,8.672948402503982
vc76,Softube,UREI 1176,fet-1176,fet,10.0,release=4.0,attack,5.0,7.457695568943755
vc76,Softube,UREI 1176,fet-1176,fet,10.0,release=4.0,attack,50.0,8.219151254929647
vc76,Softube,UREI 1176,fet-1176,fet,10.0,release=4.0,attack,500.0,8.588808015095612
vc76,Softube,UREI 1176,fet-1176,fet,10.0,release=4.0,attack,5000.0,0.29586125143903086
vc76,Softube,UREI 1176,fet-1176,fet,10.0,release=4.0,release,0.1,8.553489297473838
vc76,Softube,UREI 1176,fet-1176,fet,10.0,release=4.0,release,0.2,7.97381315305805
vc76,Softube,UREI 1176,fet-1176,fet,10.0,release=4.0,release,0.5,8.255727092083559
vc76,Softube,UREI 1176,fet-1176,fet,10.0,release=4.0,release,1.0,8.295793778712486
vc76,Softube,UREI 1176,fet-1176,fet,10.0,release=4.0,release,10.0,9.077775735701946
vc76,Softube,UREI 1176,fet-1176,fet,10.0,release=4.0,release,100.0,8.072917717819566
vc76,Softube,UREI 1176,fet-1176,fet,10.0,release=4.0,release,1000.0,2.3903171848834157
vc76,Softube,UREI 1176,fet-1176,fet,10.0,release=4.0,release,2.0,9.141788749952047
vc76,Softube,UREI 1176,fet-1176,fet,10.0,release=4.0,release,20.0,8.969364448397979
vc76,Softube,UREI 1176,fet-1176,fet,10.0,release=4.0,release,200.0,7.12111306421108
vc76,Softube,UREI 1176,fet-1176,fet,10.0,release=4.0,release,2000.0,0.6104266021018079
vc76,Softube,UREI 1176,fet-1176,fet,10.0,release=4.0,release,5.0,9.074690486768919
vc76,Softube,UREI 1176,fet-1176,fet,10.0,release=4.0,release,50.0,8.586448385665532
vc76,Softube,UREI 1176,fet-1176,fet,10.0,release=4.0,release,500.0,4.8114684611323515
vc76,Softube,UREI 1176,fet-1176,fet,10.0,release=4.0,release,5000.0,0.09103050572393734
vc76,Softube,UREI 1176,fet-1176,fet,10.0,release=5.0,attack,0.1,0.4301944212948676
vc76,Softube,UREI 1176,fet-1176,fet,10.0,release=5.0,attack,0.2,0.6254304916180571
vc76,Softube,UREI 1176,fet-1176,fet,10.0,release=5.0,attack,0.5,2.3229625731536974
vc76,Softube,UREI 1176,fet-1176,fet,10.0,release=5.0,attack,1.0,4.3442085446868015
vc76,Softube,UREI 1176,fet-1176,fet,10.0,release=5.0,attack,10.0,7.857011185975959
vc76,Softube,UREI 1176,fet-1176,fet,10.0,release=5.0,attack,100.0,8.162956107239687
vc76,Softube,UREI 1176,fet-1176,fet,10.0,release=5.0,attack,1000.0,8.753251337192061
vc76,Softube,UREI 1176,fet-1176,fet,10.0,release=5.0,attack,2.0,6.036852234221802
vc76,Softube,UREI 1176,fet-1176,fet,10.0,release=5.0,attack,20.0,8.070216861108321
vc76,Softube,UREI 1176,fet-1176,fet,10.0,release=5.0,attack,200.0,8.253844979022375
vc76,Softube,UREI 1176,fet-1176,fet,10.0,release=5.0,attack,2000.0,8.5761620483737
vc76,Softube,UREI 1176,fet-1176,fet,10.0,release=5.0,attack,5.0,7.401625012525595
vc76,Softube,UREI 1176,fet-1176,fet,10.0,release=5.0,attack,50.0,8.116615750725916
vc76,Softube,UREI 1176,fet-1176,fet,10.0,release=5.0,attack,500.0,8.481819937966925
vc76,Softube,UREI 1176,fet-1176,fet,10.0,release=5.0,attack,5000.0,0.24485746974676648
vc76,Softube,UREI 1176,fet-1176,fet,10.0,release=5.0,release,0.1,8.457244097085994
vc76,Softube,UREI 1176,fet-1176,fet,10.0,release=5.0,release,0.2,7.877506306787116
vc76,Softube,UREI 1176,fet-1176,fet,10.0,release=5.0,release,0.5,8.15839985824607
vc76,Softube,UREI 1176,fet-1176,fet,10.0,release=5.0,release,1.0,8.196599434238383
vc76,Softube,UREI 1176,fet-1176,fet,10.0,release=5.0,release,10.0,8.928531050956064
vc76,Softube,UREI 1176,fet-1176,fet,10.0,release=5.0,release,100.0,7.529210799922347
vc76,Softube,UREI 1176,fet-1176,fet,10.0,release=5.0,release,1000.0,1.479470603076357
vc76,Softube,UREI 1176,fet-1176,fet,10.0,release=5.0,release,2.0,9.035897366045475
vc76,Softube,UREI 1176,fet-1176,fet,10.0,release=5.0,release,20.0,8.763330719031881
vc76,Softube,UREI 1176,fet-1176,fet,10.0,release=5.0,release,200.0,6.2768379808160075
vc76,Softube,UREI 1176,fet-1176,fet,10.0,release=5.0,release,2000.0,0.4558945627108191
vc76,Softube,UREI 1176,fet-1176,fet,10.0,release=5.0,release,5.0,8.955427515202459
vc76,Softube,UREI 1176,fet-1176,fet,10.0,release=5.0,release,50.0,8.256895624371378
vc76,Softube,UREI 1176,fet-1176,fet,10.0,release=5.0,release,500.0,3.6070475464708087
vc76,Softube,UREI 1176,fet-1176,fet,10.0,release=5.0,release,5000.0,0.07664486194111397
vc76,Softube,UREI 1176,fet-1176,fet,10.0,release=6.0,attack,0.1,0.42612448336938424
vc76,Softube,UREI 1176,fet-1176,fet,10.0,release=6.0,attack,0.2,0.6129101052813866
vc76,Softube,UREI 1176,fet-1176,fet,10.0,release=6.0,attack,0.5,2.260451853882672
vc76,Softube,UREI 1176,fet-1176,fet,10.0,release=6.0,attack,1.0,4.2682589946492655
vc76,Softube,UREI 1176,fet-1176,fet,10.0,release=6.0,attack,10.0,7.753776712039478
vc76,Softube,UREI 1176,fet-1176,fet,10.0,release=6.0,attack,100.0,8.044262911746825
vc76,Softube,UREI 1176,fet-1176,fet,10.0,release=6.0,attack,1000.0,8.639990459483547
vc76,Softube,UREI 1176,fet-1176,fet,10.0,release=6.0,attack,2.0,5.966600726312256
vc76,Softube,UREI 1176,fet-1176,fet,10.0,release=6.0,attack,20.0,7.947161398563916
vc76,Softube,UREI 1176,fet-1176,fet,10.0,release=6.0,attack,200.0,8.137416396810739
vc76,Softube,UREI 1176,fet-1176,fet,10.0,release=6.0,attack,2000.0,8.469012527319817
vc76,Softube,UREI 1176,fet-1176,fet,10.0,release=6.0,attack,5.0,7.3337295357086685
vc76,Softube,UREI 1176,fet-1176,fet,10.0,release=6.0,attack,50.0,7.995473209483745
vc76,Softube,UREI 1176,fet-1176,fet,10.0,release=6.0,attack,500.0,8.368224017156846
vc76,Softube,UREI 1176,fet-1176,fet,10.0,release=6.0,attack,5000.0,0.20569513189358446
vc76,Softube,UREI 1176,fet-1176,fet,10.0,release=6.0,release,0.1,8.350981737982133
vc76,Softube,UREI 1176,fet-1176,fet,10.0,release=6.0,release,0.2,7.771930717203427
vc76,Softube,UREI 1176,fet-1176,fet,10.0,release=6.0,release,0.5,8.048676441960463
vc76,Softube,UREI 1176,fet-1176,fet,10.0,release=6.0,release,1.0,8.081495285388689
vc76,Softube,UREI 1176,fet-1176,fet,10.0,release=6.0,release,10.0,8.689483222554125
vc76,Softube,UREI 1176,fet-1176,fet,10.0,release=6.0,release,100.0,6.452716446536078
vc76,Softube,UREI 1176,fet-1176,fet,10.0,release=6.0,release,1000.0,0.8138836124001614
vc76,Softube,UREI 1176,fet-1176,fet,10.0,release=6.0,release,2.0,8.900307488888117
vc76,Softube,UREI 1176,fet-1176,fet,10.0,release=6.0,release,20.0,8.413536541573805
vc76,Softube,UREI 1176,fet-1176,fet,10.0,release=6.0,release,200.0,4.701949799576351
vc76,Softube,UREI 1176,fet-1176,fet,10.0,release=6.0,release,2000.0,0.3810690389741769
vc76,Softube,UREI 1176,fet-1176,fet,10.0,release=6.0,release,5.0,8.778137988371142
vc76,Softube,UREI 1176,fet-1176,fet,10.0,release=6.0,release,50.0,7.587376128460852
vc76,Softube,UREI 1176,fet-1176,fet,10.0,release=6.0,release,500.0,2.0514221893241684
vc76,Softube,UREI 1176,fet-1176,fet,10.0,release=6.0,release,5000.0,0.06540280839673684
vc76,Softube,UREI 1176,fet-1176,fet,10.0,release=7.0,attack,0.1,0.422149790777282
vc76,Softube,UREI 1176,fet-1176,fet,10.0,release=7.0,attack,0.2,0.6000106205042872
vc76,Softube,UREI 1176,fet-1176,fet,10.0,release=7.0,attack,0.5,2.1902934168127492
vc76,Softube,UREI 1176,fet-1176,fet,10.0,release=7.0,attack,1.0,4.179056926803119
vc76,Softube,UREI 1176,fet-1176,fet,10.0,release=7.0,attack,10.0,7.422934932132899
vc76,Softube,UREI 1176,fet-1176,fet,10.0,release=7.0,attack,100.0,7.565926613343777
vc76,Softube,UREI 1176,fet-1176,fet,10.0,release=7.0,attack,1000.0,8.16840408495986
vc76,Softube,UREI 1176,fet-1176,fet,10.0,release=7.0,attack,2.0,5.866674305829914
vc76,Softube,UREI 1176,fet-1176,fet,10.0,release=7.0,attack,20.0,7.4840286825140705
vc76,Softube,UREI 1176,fet-1176,fet,10.0,release=7.0,attack,200.0,7.661141860181875
vc76,Softube,UREI 1176,fet-1176,fet,10.0,release=7.0,attack,2000.0,8.00494747385173
vc76,Softube,UREI 1176,fet-1176,fet,10.0,release=7.0,attack,5.0,7.1724552462888465
vc76,Softube,UREI 1176,fet-1176,fet,10.0,release=7.0,attack,50.0,7.5153619004412064
vc76,Softube,UREI 1176,fet-1176,fet,10.0,release=7.0,attack,500.0,7.902003022324871
vc76,Softube,UREI 1176,fet-1176,fet,10.0,release=7.0,attack,5000.0,0.17018323305847716
vc76,Softube,UREI 1176,fet-1176,fet,10.0,release=7.0,release,0.1,7.891139644723895
vc76,Softube,UREI 1176,fet-1176,fet,10.0,release=7.0,release,0.2,7.316804926515058
vc76,Softube,UREI 1176,fet-1176,fet,10.0,release=7.0,release,0.5,7.570792595680915
vc76,Softube,UREI 1176,fet-1176,fet,10.0,release=7.0,release,1.0,7.575911431783586
vc76,Softube,UREI 1176,fet-1176,fet,10.0,release=7.0,release,10.0,7.508120232604121
vc76,Softube,UREI 1176,fet-1176,fet,10.0,release=7.0,release,100.0,2.756769933812432
vc76,Softube,UREI 1176,fet-1176,fet,10.0,release=7.0,release,1000.0,0.5898218227026915
vc76,Softube,UREI 1176,fet-1176,fet,10.0,release=7.0,release,2.0,8.290955345456421
vc76,Softube,UREI 1176,fet-1176,fet,10.0,release=7.0,release,20.0,6.612967949258682
vc76,Softube,UREI 1176,fet-1176,fet,10.0,release=7.0,release,200.0,1.5584075483959117
vc76,Softube,UREI 1176,fet-1176,fet,10.0,release=7.0,release,2000.0,0.3135011537885477
vc76,Softube,UREI 1176,fet-1176,fet,10.0,release=7.0,release,5.0,7.950039065205882
vc76,Softube,UREI 1176,fet-1176,fet,10.0,release=7.0,release,50.0,4.560418088788824
vc76,Softube,UREI 1176,fet-1176,fet,10.0,release=7.0,release,500.0,0.9560608930865921
vc76,Softube,UREI 1176,fet-1176,fet,10.0,release=7.0,release,5000.0,0.054510405426876574
vc76,Softube,UREI 1176,fet-1176,fet,10.0,as_set,attack,0.1,0.4301944212948676
vc76,Softube,UREI 1176,fet-1176,fet,10.0,as_set,attack,0.2,0.6254304916180571
vc76,Softube,UREI 1176,fet-1176,fet,10.0,as_set,attack,0.5,2.3229625731536974
vc76,Softube,UREI 1176,fet-1176,fet,10.0,as_set,attack,1.0,4.3442085446868015
vc76,Softube,UREI 1176,fet-1176,fet,10.0,as_set,attack,10.0,7.857011185975959
vc76,Softube,UREI 1176,fet-1176,fet,10.0,as_set,attack,100.0,8.162956107239687
vc76,Softube,UREI 1176,fet-1176,fet,10.0,as_set,attack,1000.0,8.753251337192061
vc76,Softube,UREI 1176,fet-1176,fet,10.0,as_set,attack,2.0,6.036852234221802
vc76,Softube,UREI 1176,fet-1176,fet,10.0,as_set,attack,20.0,8.070216861108321
vc76,Softube,UREI 1176,fet-1176,fet,10.0,as_set,attack,200.0,8.253844979022375
vc76,Softube,UREI 1176,fet-1176,fet,10.0,as_set,attack,2000.0,8.5761620483737
vc76,Softube,UREI 1176,fet-1176,fet,10.0,as_set,attack,5.0,7.401625012525595
vc76,Softube,UREI 1176,fet-1176,fet,10.0,as_set,attack,50.0,8.116615750725916
vc76,Softube,UREI 1176,fet-1176,fet,10.0,as_set,attack,500.0,8.481819937966925
vc76,Softube,UREI 1176,fet-1176,fet,10.0,as_set,attack,5000.0,0.24485746974676648
vc76,Softube,UREI 1176,fet-1176,fet,10.0,as_set,release,0.1,8.457244097085994
vc76,Softube,UREI 1176,fet-1176,fet,10.0,as_set,release,0.2,7.877506306787116
vc76,Softube,UREI 1176,fet-1176,fet,10.0,as_set,release,0.5,8.15839985824607
vc76,Softube,UREI 1176,fet-1176,fet,10.0,as_set,release,1.0,8.196599434238383
vc76,Softube,UREI 1176,fet-1176,fet,10.0,as_set,release,10.0,8.928531050956064
vc76,Softube,UREI 1176,fet-1176,fet,10.0,as_set,release,100.0,7.529210799922347
vc76,Softube,UREI 1176,fet-1176,fet,10.0,as_set,release,1000.0,1.479470603076357
vc76,Softube,UREI 1176,fet-1176,fet,10.0,as_set,release,2.0,9.035897366045475
vc76,Softube,UREI 1176,fet-1176,fet,10.0,as_set,release,20.0,8.763330719031881
vc76,Softube,UREI 1176,fet-1176,fet,10.0,as_set,release,200.0,6.2768379808160075
vc76,Softube,UREI 1176,fet-1176,fet,10.0,as_set,release,2000.0,0.4558945627108191
vc76,Softube,UREI 1176,fet-1176,fet,10.0,as_set,release,5.0,8.955427515202459
vc76,Softube,UREI 1176,fet-1176,fet,10.0,as_set,release,50.0,8.256895624371378
vc76,Softube,UREI 1176,fet-1176,fet,10.0,as_set,release,500.0,3.6070475464708087
vc76,Softube,UREI 1176,fet-1176,fet,10.0,as_set,release,5000.0,0.07664486194111397
vc76,Softube,UREI 1176,fet-1176,fet,15.0,as_set,attack,0.1,2.26697641977997
vc76,Softube,UREI 1176,fet-1176,fet,15.0,as_set,attack,0.2,4.681054409167438
vc76,Softube,UREI 1176,fet-1176,fet,15.0,as_set,attack,0.5,10.16534980153292
vc76,Softube,UREI 1176,fet-1176,fet,15.0,as_set,attack,1.0,12.417921836659778
vc76,Softube,UREI 1176,fet-1176,fet,15.0,as_set,attack,10.0,15.429427231480478
vc76,Softube,UREI 1176,fet-1176,fet,15.0,as_set,attack,100.0,15.710123381318276
vc76,Softube,UREI 1176,fet-1176,fet,15.0,as_set,attack,1000.0,16.518383638119083
vc76,Softube,UREI 1176,fet-1176,fet,15.0,as_set,attack,2.0,13.789586619603591
vc76,Softube,UREI 1176,fet-1176,fet,15.0,as_set,attack,20.0,15.593098830237032
vc76,Softube,UREI 1176,fet-1176,fet,15.0,as_set,attack,200.0,15.834453810552029
vc76,Softube,UREI 1176,fet-1176,fet,15.0,as_set,attack,2000.0,16.441874591332645
vc76,Softube,UREI 1176,fet-1176,fet,15.0,as_set,attack,5.0,15.053294522253658
vc76,Softube,UREI 1176,fet-1176,fet,15.0,as_set,attack,50.0,15.64433883163607
vc76,Softube,UREI 1176,fet-1176,fet,15.0,as_set,attack,500.0,16.1510327122052
vc76,Softube,UREI 1176,fet-1176,fet,15.0,as_set,attack,5000.0,0.44249787480543024
vc76,Softube,UREI 1176,fet-1176,fet,15.0,as_set,release,0.1,16.324716963049006
vc76,Softube,UREI 1176,fet-1176,fet,15.0,as_set,release,0.2,15.744969217459312
vc76,Softube,UREI 1176,fet-1176,fet,15.0,as_set,release,0.5,16.02337398937992
vc76,Softube,UREI 1176,fet-1176,fet,15.0,as_set,release,1.0,16.061317439110187
vc76,Softube,UREI 1176,fet-1176,fet,15.0,as_set,release,10.0,16.736519432808976
vc76,Softube,UREI 1176,fet-1176,fet,15.0,as_set,release,100.0,14.847235683002603
vc76,Softube,UREI 1176,fet-1176,fet,15.0,as_set,release,1000.0,4.219054983145769
vc76,Softube,UREI 1176,fet-1176,fet,15.0,as_set,release,2.0,16.891437337764955
vc76,Softube,UREI 1176,fet-1176,fet,15.0,as_set,release,20.0,16.520692385572378
vc76,Softube,UREI 1176,fet-1176,fet,15.0,as_set,release,200.0,13.00749195491075
vc76,Softube,UREI 1176,fet-1176,fet,15.0,as_set,release,2000.0,1.0252112774807038
vc76,Softube,UREI 1176,fet-1176,fet,15.0,as_set,release,5.0,16.79134184113475
vc76,Softube,UREI 1176,fet-1176,fet,15.0,as_set,release,50.0,15.8463295606448
vc76,Softube,UREI 1176,fet-1176,fet,15.0,as_set,release,500.0,8.60381198419677
vc76,Softube,UREI 1176,fet-1176,fet,15.0,as_set,release,5000.0,0.1321845099733423
vc76,Softube,UREI 1176,fet-1176,fet,3.0,as_set,attack,0.1,0.16015683041495343
vc76,Softube,UREI 1176,fet-1176,fet,3.0,as_set,attack,0.2,0.048230012089574004
vc76,Softube,UREI 1176,fet-1176,fet,3.0,as_set,attack,0.5,0.17246526448730926
vc76,Softube,UREI 1176,fet-1176,fet,3.0,as_set,attack,1.0,0.20588360107832493
vc76,Softube,UREI 1176,fet-1176,fet,3.0,as_set,attack,10.0,0.6864774333325165
vc76,Softube,UREI 1176,fet-1176,fet,3.0,as_set,attack,100.0,1.201248196887997
vc76,Softube,UREI 1176,fet-1176,fet,3.0,as_set,attack,1000.0,1.457028270424317
vc76,Softube,UREI 1176,fet-1176,fet,3.0,as_set,attack,2.0,0.28285769584500997
vc76,Softube,UREI 1176,fet-1176,fet,3.0,as_set,attack,20.0,0.9637714287487107
vc76,Softube,UREI 1176,fet-1176,fet,3.0,as_set,attack,200.0,1.2414892025021729
vc76,Softube,UREI 1176,fet-1176,fet,3.0,as_set,attack,2000.0,1.1265655781794024
vc76,Softube,UREI 1176,fet-1176,fet,3.0,as_set,attack,5.0,0.5019403546453116
vc76,Softube,UREI 1176,fet-1176,fet,3.0,as_set,attack,50.0,1.144656470631011
vc76,Softube,UREI 1176,fet-1176,fet,3.0,as_set,attack,500.0,1.3338467564859258
vc76,Softube,UREI 1176,fet-1176,fet,3.0,as_set,attack,5000.0,0.08531069830167581
vc76,Softube,UREI 1176,fet-1176,fet,3.0,as_set,release,0.1,1.0045704051379651
vc76,Softube,UREI 1176,fet-1176,fet,3.0,as_set,release,0.2,0.4285715129081584
vc76,Softube,UREI 1176,fet-1176,fet,3.0,as_set,release,0.5,0.7097397013711699
vc76,Softube,UREI 1176,fet-1176,fet,3.0,as_set,release,1.0,0.750674560383068
vc76,Softube,UREI 1176,fet-1176,fet,3.0,as_set,release,10.0,1.593794591545386
vc76,Softube,UREI 1176,fet-1176,fet,3.0,as_set,release,100.0,1.189405947884742
vc76,Softube,UREI 1176,fet-1176,fet,3.0,as_set,release,1000.0,0.3476509279844695
vc76,Softube,UREI 1176,fet-1176,fet,3.0,as_set,release,2.0,1.6084553481033659
vc76,Softube,UREI 1176,fet-1176,fet,3.0,as_set,release,20.0,1.5505425899518244
vc76,Softube,UREI 1176,fet-1176,fet,3.0,as_set,release,200.0,0.9441519666359692
vc76,Softube,UREI 1176,fet-1176,fet,3.0,as_set,release,2000.0,0.16266135854540842
vc76,Softube,UREI 1176,fet-1176,fet,3.0,as_set,release,5.0,1.5588116111094728
vc76,Softube,UREI 1176,fet-1176,fet,3.0,as_set,release,50.0,1.3793882915568805
vc76,Softube,UREI 1176,fet-1176,fet,3.0,as_set,release,500.0,0.5711572346336897
vc76,Softube,UREI 1176,fet-1176,fet,3.0,as_set,release,5000.0,0.026167049631117933
vc76,Softube,UREI 1176,fet-1176,fet,6.0,as_set,attack,0.1,0.22574723121172013
vc76,Softube,UREI 1176,fet-1176,fet,6.0,as_set,attack,0.2,0.2183699062259894
vc76,Softube,UREI 1176,fet-1176,fet,6.0,as_set,attack,0.5,0.5791412436591479
vc76,Softube,UREI 1176,fet-1176,fet,6.0,as_set,attack,1.0,1.0693164309456655
vc76,Softube,UREI 1176,fet-1176,fet,6.0,as_set,attack,10.0,4.122506659399534
vc76,Softube,UREI 1176,fet-1176,fet,6.0,as_set,attack,100.0,4.52104192555765
vc76,Softube,UREI 1176,fet-1176,fet,6.0,as_set,attack,1000.0,4.9837381745084794
vc76,Softube,UREI 1176,fet-1176,fet,6.0,as_set,attack,2.0,2.2178487619876766
vc76,Softube,UREI 1176,fet-1176,fet,6.0,as_set,attack,20.0,4.406749024343489
vc76,Softube,UREI 1176,fet-1176,fet,6.0,as_set,attack,200.0,4.591940493989707
vc76,Softube,UREI 1176,fet-1176,fet,6.0,as_set,attack,2000.0,4.740277742807962
vc76,Softube,UREI 1176,fet-1176,fet,6.0,as_set,attack,5.0,3.59367447813759
vc76,Softube,UREI 1176,fet-1176,fet,6.0,as_set,attack,50.0,4.483877001881119
vc76,Softube,UREI 1176,fet-1176,fet,6.0,as_set,attack,500.0,4.771608486947777
vc76,Softube,UREI 1176,fet-1176,fet,6.0,as_set,attack,5000.0,0.16701497136762988
vc76,Softube,UREI 1176,fet-1176,fet,6.0,as_set,release,0.1,4.620133980407921
vc76,Softube,UREI 1176,fet-1176,fet,6.0,as_set,release,0.2,4.04146187848391
vc76,Softube,UREI 1176,fet-1176,fet,6.0,as_set,release,0.5,4.323017053058328
vc76,Softube,UREI 1176,fet-1176,fet,6.0,as_set,release,1.0,4.361775029687372
vc76,Softube,UREI 1176,fet-1176,fet,6.0,as_set,release,10.0,5.140218856269497
vc76,Softube,UREI 1176,fet-1176,fet,6.0,as_set,release,100.0,4.174219012757607
vc76,Softube,UREI 1176,fet-1176,fet,6.0,as_set,release,1000.0,0.7358538065165323
vc76,Softube,UREI 1176,fet-1176,fet,6.0,as_set,release,2.0,5.208185657603927
vc76,Softube,UREI 1176,fet-1176,fet,6.0,as_set,release,20.0,5.030751357225588
vc76,Softube,UREI 1176,fet-1176,fet,6.0,as_set,release,200.0,3.364966586668375
vc76,Softube,UREI 1176,fet-1176,fet,6.0,as_set,release,2000.0,0.32403939379602775
vc76,Softube,UREI 1176,fet-1176,fet,6.0,as_set,release,5.0,5.139324195186214
vc76,Softube,UREI 1176,fet-1176,fet,6.0,as_set,release,50.0,4.6676455461591395
vc76,Softube,UREI 1176,fet-1176,fet,6.0,as_set,release,500.0,1.785751129188812
vc76,Softube,UREI 1176,fet-1176,fet,6.0,as_set,release,5000.0,0.04763922798259301
