slug,maker,models,group,band,target_hz,actual_hz,marking,gain_label,hz,gain_db
api550a,Waves,API 550A,eq-api,high_bell,10000.0,10000.0,dB,+12,102.2,0.184
api550a,Waves,API 550A,eq-api,high_bell,10000.0,10000.0,dB,+12,1021.8,0.742
api550a,Waves,API 550A,eq-api,high_bell,10000.0,10000.0,dB,+12,10217.9,11.379
api550a,Waves,API 550A,eq-api,high_bell,10000.0,10000.0,dB,+12,112.5,0.18
api550a,Waves,API 550A,eq-api,high_bell,10000.0,10000.0,dB,+12,1124.7,0.858
api550a,Waves,API 550A,eq-api,high_bell,10000.0,10000.0,dB,+12,11246.8,10.925
api550a,Waves,API 550A,eq-api,high_bell,10000.0,10000.0,dB,+12,123.8,0.175
api550a,Waves,API 550A,eq-api,high_bell,10000.0,10000.0,dB,+12,1237.9,0.988
api550a,Waves,API 550A,eq-api,high_bell,10000.0,10000.0,dB,+12,12379.3,10.233
api550a,Waves,API 550A,eq-api,high_bell,10000.0,10000.0,dB,+12,136.3,0.173
api550a,Waves,API 550A,eq-api,high_bell,10000.0,10000.0,dB,+12,1362.6,1.132
api550a,Waves,API 550A,eq-api,high_bell,10000.0,10000.0,dB,+12,13625.8,9.402
api550a,Waves,API 550A,eq-api,high_bell,10000.0,10000.0,dB,+12,1499.8,1.331
api550a,Waves,API 550A,eq-api,high_bell,10000.0,10000.0,dB,+12,14997.9,8.529
api550a,Waves,API 550A,eq-api,high_bell,10000.0,10000.0,dB,+12,150.0,0.177
api550a,Waves,API 550A,eq-api,high_bell,10000.0,10000.0,dB,+12,165.1,0.187
api550a,Waves,API 550A,eq-api,high_bell,10000.0,10000.0,dB,+12,1650.8,1.534
api550a,Waves,API 550A,eq-api,high_bell,10000.0,10000.0,dB,+12,16508.1,7.673
api550a,Waves,API 550A,eq-api,high_bell,10000.0,10000.0,dB,+12,181.7,0.197
api550a,Waves,API 550A,eq-api,high_bell,10000.0,10000.0,dB,+12,1817.0,1.788
api550a,Waves,API 550A,eq-api,high_bell,10000.0,10000.0,dB,+12,18170.4,6.901
api550a,Waves,API 550A,eq-api,high_bell,10000.0,10000.0,dB,+12,20.0,0.173
api550a,Waves,API 550A,eq-api,high_bell,10000.0,10000.0,dB,+12,200.0,0.199
api550a,Waves,API 550A,eq-api,high_bell,10000.0,10000.0,dB,+12,2000.0,2.08
api550a,Waves,API 550A,eq-api,high_bell,10000.0,10000.0,dB,+12,20000.0,6.266
api550a,Waves,API 550A,eq-api,high_bell,10000.0,10000.0,dB,+12,22.0,0.171
api550a,Waves,API 550A,eq-api,high_bell,10000.0,10000.0,dB,+12,220.1,0.194
api550a,Waves,API 550A,eq-api,high_bell,10000.0,10000.0,dB,+12,2201.4,2.406
api550a,Waves,API 550A,eq-api,high_bell,10000.0,10000.0,dB,+12,24.2,0.17
api550a,Waves,API 550A,eq-api,high_bell,10000.0,10000.0,dB,+12,242.3,0.197
api550a,Waves,API 550A,eq-api,high_bell,10000.0,10000.0,dB,+12,2423.1,2.789
api550a,Waves,API 550A,eq-api,high_bell,10000.0,10000.0,dB,+12,26.7,0.167
api550a,Waves,API 550A,eq-api,high_bell,10000.0,10000.0,dB,+12,266.7,0.215
api550a,Waves,API 550A,eq-api,high_bell,10000.0,10000.0,dB,+12,2667.0,3.212
api550a,Waves,API 550A,eq-api,high_bell,10000.0,10000.0,dB,+12,29.4,0.167
api550a,Waves,API 550A,eq-api,high_bell,10000.0,10000.0,dB,+12,293.6,0.226
api550a,Waves,API 550A,eq-api,high_bell,10000.0,10000.0,dB,+12,2935.6,3.695
api550a,Waves,API 550A,eq-api,high_bell,10000.0,10000.0,dB,+12,32.3,0.165
api550a,Waves,API 550A,eq-api,high_bell,10000.0,10000.0,dB,+12,323.1,0.222
api550a,Waves,API 550A,eq-api,high_bell,10000.0,10000.0,dB,+12,3231.2,4.223
api550a,Waves,API 550A,eq-api,high_bell,10000.0,10000.0,dB,+12,35.6,0.165
api550a,Waves,API 550A,eq-api,high_bell,10000.0,10000.0,dB,+12,355.7,0.244
api550a,Waves,API 550A,eq-api,high_bell,10000.0,10000.0,dB,+12,3556.6,4.817
api550a,Waves,API 550A,eq-api,high_bell,10000.0,10000.0,dB,+12,39.1,0.163
api550a,Waves,API 550A,eq-api,high_bell,10000.0,10000.0,dB,+12,391.5,0.261
api550a,Waves,API 550A,eq-api,high_bell,10000.0,10000.0,dB,+12,3914.7,5.456
api550a,Waves,API 550A,eq-api,high_bell,10000.0,10000.0,dB,+12,43.1,0.163
api550a,Waves,API 550A,eq-api,high_bell,10000.0,10000.0,dB,+12,430.9,0.269
api550a,Waves,API 550A,eq-api,high_bell,10000.0,10000.0,dB,+12,4308.9,6.161
api550a,Waves,API 550A,eq-api,high_bell,10000.0,10000.0,dB,+12,47.4,0.163
api550a,Waves,API 550A,eq-api,high_bell,10000.0,10000.0,dB,+12,474.3,0.306
api550a,Waves,API 550A,eq-api,high_bell,10000.0,10000.0,dB,+12,4742.7,6.906
api550a,Waves,API 550A,eq-api,high_bell,10000.0,10000.0,dB,+12,52.2,0.164
api550a,Waves,API 550A,eq-api,high_bell,10000.0,10000.0,dB,+12,522.0,0.316
api550a,Waves,API 550A,eq-api,high_bell,10000.0,10000.0,dB,+12,5220.3,7.701
api550a,Waves,API 550A,eq-api,high_bell,10000.0,10000.0,dB,+12,57.5,0.167
api550a,Waves,API 550A,eq-api,high_bell,10000.0,10000.0,dB,+12,574.6,0.363
api550a,Waves,API 550A,eq-api,high_bell,10000.0,10000.0,dB,+12,5746.0,8.535
api550a,Waves,API 550A,eq-api,high_bell,10000.0,10000.0,dB,+12,63.2,0.169
api550a,Waves,API 550A,eq-api,high_bell,10000.0,10000.0,dB,+12,632.5,0.393
api550a,Waves,API 550A,eq-api,high_bell,10000.0,10000.0,dB,+12,6324.6,9.361
api550a,Waves,API 550A,eq-api,high_bell,10000.0,10000.0,dB,+12,69.6,0.173
api550a,Waves,API 550A,eq-api,high_bell,10000.0,10000.0,dB,+12,696.1,0.435
api550a,Waves,API 550A,eq-api,high_bell,10000.0,10000.0,dB,+12,6961.4,10.154
api550a,Waves,API 550A,eq-api,high_bell,10000.0,10000.0,dB,+12,76.6,0.177
api550a,Waves,API 550A,eq-api,high_bell,10000.0,10000.0,dB,+12,766.2,0.501
api550a,Waves,API 550A,eq-api,high_bell,10000.0,10000.0,dB,+12,7662.4,10.832
api550a,Waves,API 550A,eq-api,high_bell,10000.0,10000.0,dB,+12,84.3,0.182
api550a,Waves,API 550A,eq-api,high_bell,10000.0,10000.0,dB,+12,843.4,0.571
api550a,Waves,API 550A,eq-api,high_bell,10000.0,10000.0,dB,+12,8433.9,11.318
api550a,Waves,API 550A,eq-api,high_bell,10000.0,10000.0,dB,+12,92.8,0.183
api550a,Waves,API 550A,eq-api,high_bell,10000.0,10000.0,dB,+12,928.3,0.647
api550a,Waves,API 550A,eq-api,high_bell,10000.0,10000.0,dB,+12,9283.2,11.521
api550a,Waves,API 550A,eq-api,high_bell,10000.0,10000.0,dB,+4,102.2,0.196
api550a,Waves,API 550A,eq-api,high_bell,10000.0,10000.0,dB,+4,1021.8,0.486
api550a,Waves,API 550A,eq-api,high_bell,10000.0,10000.0,dB,+4,10217.9,4.074
api550a,Waves,API 550A,eq-api,high_bell,10000.0,10000.0,dB,+4,112.5,0.195
api550a,Waves,API 550A,eq-api,high_bell,10000.0,10000.0,dB,+4,1124.7,0.545
api550a,Waves,API 550A,eq-api,high_bell,10000.0,10000.0,dB,+4,11246.8,3.94
api550a,Waves,API 550A,eq-api,high_bell,10000.0,10000.0,dB,+4,123.8,0.193
api550a,Waves,API 550A,eq-api,high_bell,10000.0,10000.0,dB,+4,1237.9,0.611
api550a,Waves,API 550A,eq-api,high_bell,10000.0,10000.0,dB,+4,12379.3,3.749
api550a,Waves,API 550A,eq-api,high_bell,10000.0,10000.0,dB,+4,136.3,0.192
api550a,Waves,API 550A,eq-api,high_bell,10000.0,10000.0,dB,+4,1362.6,0.686
api550a,Waves,API 550A,eq-api,high_bell,10000.0,10000.0,dB,+4,13625.8,3.509
api550a,Waves,API 550A,eq-api,high_bell,10000.0,10000.0,dB,+4,1499.8,0.789
api550a,Waves,API 550A,eq-api,high_bell,10000.0,10000.0,dB,+4,14997.9,3.235
api550a,Waves,API 550A,eq-api,high_bell,10000.0,10000.0,dB,+4,150.0,0.194
api550a,Waves,API 550A,eq-api,high_bell,10000.0,10000.0,dB,+4,165.1,0.198
api550a,Waves,API 550A,eq-api,high_bell,10000.0,10000.0,dB,+4,1650.8,0.892
api550a,Waves,API 550A,eq-api,high_bell,10000.0,10000.0,dB,+4,16508.1,2.941
api550a,Waves,API 550A,eq-api,high_bell,10000.0,10000.0,dB,+4,181.7,0.203
api550a,Waves,API 550A,eq-api,high_bell,10000.0,10000.0,dB,+4,1817.0,1.019
api550a,Waves,API 550A,eq-api,high_bell,10000.0,10000.0,dB,+4,18170.4,2.653
api550a,Waves,API 550A,eq-api,high_bell,10000.0,10000.0,dB,+4,20.0,0.191
api550a,Waves,API 550A,eq-api,high_bell,10000.0,10000.0,dB,+4,200.0,0.204
api550a,Waves,API 550A,eq-api,high_bell,10000.0,10000.0,dB,+4,2000.0,1.165
api550a,Waves,API 550A,eq-api,high_bell,10000.0,10000.0,dB,+4,20000.0,2.399
api550a,Waves,API 550A,eq-api,high_bell,10000.0,10000.0,dB,+4,22.0,0.19
api550a,Waves,API 550A,eq-api,high_bell,10000.0,10000.0,dB,+4,220.1,0.202
api550a,Waves,API 550A,eq-api,high_bell,10000.0,10000.0,dB,+4,2201.4,1.328
api550a,Waves,API 550A,eq-api,high_bell,10000.0,10000.0,dB,+4,24.2,0.19
api550a,Waves,API 550A,eq-api,high_bell,10000.0,10000.0,dB,+4,242.3,0.204
api550a,Waves,API 550A,eq-api,high_bell,10000.0,10000.0,dB,+4,2423.1,1.515
api550a,Waves,API 550A,eq-api,high_bell,10000.0,10000.0,dB,+4,26.7,0.188
api550a,Waves,API 550A,eq-api,high_bell,10000.0,10000.0,dB,+4,266.7,0.213
api550a,Waves,API 550A,eq-api,high_bell,10000.0,10000.0,dB,+4,2667.0,1.716
api550a,Waves,API 550A,eq-api,high_bell,10000.0,10000.0,dB,+4,29.4,0.188
api550a,Waves,API 550A,eq-api,high_bell,10000.0,10000.0,dB,+4,293.6,0.218
api550a,Waves,API 550A,eq-api,high_bell,10000.0,10000.0,dB,+4,2935.6,1.941
api550a,Waves,API 550A,eq-api,high_bell,10000.0,10000.0,dB,+4,32.3,0.187
api550a,Waves,API 550A,eq-api,high_bell,10000.0,10000.0,dB,+4,323.1,0.217
api550a,Waves,API 550A,eq-api,high_bell,10000.0,10000.0,dB,+4,3231.2,2.176
api550a,Waves,API 550A,eq-api,high_bell,10000.0,10000.0,dB,+4,35.6,0.188
api550a,Waves,API 550A,eq-api,high_bell,10000.0,10000.0,dB,+4,355.7,0.228
api550a,Waves,API 550A,eq-api,high_bell,10000.0,10000.0,dB,+4,3556.6,2.429
api550a,Waves,API 550A,eq-api,high_bell,10000.0,10000.0,dB,+4,39.1,0.186
api550a,Waves,API 550A,eq-api,high_bell,10000.0,10000.0,dB,+4,391.5,0.236
api550a,Waves,API 550A,eq-api,high_bell,10000.0,10000.0,dB,+4,3914.7,2.686
api550a,Waves,API 550A,eq-api,high_bell,10000.0,10000.0,dB,+4,43.1,0.186
api550a,Waves,API 550A,eq-api,high_bell,10000.0,10000.0,dB,+4,430.9,0.242
api550a,Waves,API 550A,eq-api,high_bell,10000.0,10000.0,dB,+4,4308.9,2.95
api550a,Waves,API 550A,eq-api,high_bell,10000.0,10000.0,dB,+4,47.4,0.186
api550a,Waves,API 550A,eq-api,high_bell,10000.0,10000.0,dB,+4,474.3,0.259
api550a,Waves,API 550A,eq-api,high_bell,10000.0,10000.0,dB,+4,4742.7,3.202
api550a,Waves,API 550A,eq-api,high_bell,10000.0,10000.0,dB,+4,52.2,0.187
api550a,Waves,API 550A,eq-api,high_bell,10000.0,10000.0,dB,+4,522.0,0.266
api550a,Waves,API 550A,eq-api,high_bell,10000.0,10000.0,dB,+4,5220.3,3.445
api550a,Waves,API 550A,eq-api,high_bell,10000.0,10000.0,dB,+4,57.5,0.188
api550a,Waves,API 550A,eq-api,high_bell,10000.0,10000.0,dB,+4,574.6,0.289
api550a,Waves,API 550A,eq-api,high_bell,10000.0,10000.0,dB,+4,5746.0,3.67
api550a,Waves,API 550A,eq-api,high_bell,10000.0,10000.0,dB,+4,63.2,0.189
api550a,Waves,API 550A,eq-api,high_bell,10000.0,10000.0,dB,+4,632.5,0.305
api550a,Waves,API 550A,eq-api,high_bell,10000.0,10000.0,dB,+4,6324.6,3.859
api550a,Waves,API 550A,eq-api,high_bell,10000.0,10000.0,dB,+4,69.6,0.191
api550a,Waves,API 550A,eq-api,high_bell,10000.0,10000.0,dB,+4,696.1,0.327
api550a,Waves,API 550A,eq-api,high_bell,10000.0,10000.0,dB,+4,6961.4,4.009
api550a,Waves,API 550A,eq-api,high_bell,10000.0,10000.0,dB,+4,76.6,0.193
api550a,Waves,API 550A,eq-api,high_bell,10000.0,10000.0,dB,+4,766.2,0.36
api550a,Waves,API 550A,eq-api,high_bell,10000.0,10000.0,dB,+4,7662.4,4.109
api550a,Waves,API 550A,eq-api,high_bell,10000.0,10000.0,dB,+4,84.3,0.195
api550a,Waves,API 550A,eq-api,high_bell,10000.0,10000.0,dB,+4,843.4,0.397
api550a,Waves,API 550A,eq-api,high_bell,10000.0,10000.0,dB,+4,8433.9,4.157
api550a,Waves,API 550A,eq-api,high_bell,10000.0,10000.0,dB,+4,92.8,0.196
api550a,Waves,API 550A,eq-api,high_bell,10000.0,10000.0,dB,+4,928.3,0.436
api550a,Waves,API 550A,eq-api,high_bell,10000.0,10000.0,dB,+4,9283.2,4.148
api550a,Waves,API 550A,eq-api,high_bell,10000.0,10000.0,dB,+6,102.2,0.167
api550a,Waves,API 550A,eq-api,high_bell,10000.0,10000.0,dB,+6,1021.8,0.53
api550a,Waves,API 550A,eq-api,high_bell,10000.0,10000.0,dB,+6,10217.9,5.963
api550a,Waves,API 550A,eq-api,high_bell,10000.0,10000.0,dB,+6,112.5,0.166
api550a,Waves,API 550A,eq-api,high_bell,10000.0,10000.0,dB,+6,1124.7,0.605
api550a,Waves,API 550A,eq-api,high_bell,10000.0,10000.0,dB,+6,11246.8,5.726
api550a,Waves,API 550A,eq-api,high_bell,10000.0,10000.0,dB,+6,123.8,0.163
api550a,Waves,API 550A,eq-api,high_bell,10000.0,10000.0,dB,+6,1237.9,0.689
api550a,Waves,API 550A,eq-api,high_bell,10000.0,10000.0,dB,+6,12379.3,5.398
api550a,Waves,API 550A,eq-api,high_bell,10000.0,10000.0,dB,+6,136.3,0.162
api550a,Waves,API 550A,eq-api,high_bell,10000.0,10000.0,dB,+6,1362.6,0.784
api550a,Waves,API 550A,eq-api,high_bell,10000.0,10000.0,dB,+6,13625.8,4.998
api550a,Waves,API 550A,eq-api,high_bell,10000.0,10000.0,dB,+6,1499.8,0.915
api550a,Waves,API 550A,eq-api,high_bell,10000.0,10000.0,dB,+6,14997.9,4.557
api550a,Waves,API 550A,eq-api,high_bell,10000.0,10000.0,dB,+6,150.0,0.164
api550a,Waves,API 550A,eq-api,high_bell,10000.0,10000.0,dB,+6,165.1,0.17
api550a,Waves,API 550A,eq-api,high_bell,10000.0,10000.0,dB,+6,1650.8,1.049
api550a,Waves,API 550A,eq-api,high_bell,10000.0,10000.0,dB,+6,16508.1,4.098
api550a,Waves,API 550A,eq-api,high_bell,10000.0,10000.0,dB,+6,181.7,0.176
api550a,Waves,API 550A,eq-api,high_bell,10000.0,10000.0,dB,+6,1817.0,1.215
api550a,Waves,API 550A,eq-api,high_bell,10000.0,10000.0,dB,+6,18170.4,3.671
api550a,Waves,API 550A,eq-api,high_bell,10000.0,10000.0,dB,+6,20.0,0.162
api550a,Waves,API 550A,eq-api,high_bell,10000.0,10000.0,dB,+6,200.0,0.178
api550a,Waves,API 550A,eq-api,high_bell,10000.0,10000.0,dB,+6,2000.0,1.406
api550a,Waves,API 550A,eq-api,high_bell,10000.0,10000.0,dB,+6,20000.0,3.303
api550a,Waves,API 550A,eq-api,high_bell,10000.0,10000.0,dB,+6,22.0,0.16
api550a,Waves,API 550A,eq-api,high_bell,10000.0,10000.0,dB,+6,220.1,0.175
api550a,Waves,API 550A,eq-api,high_bell,10000.0,10000.0,dB,+6,2201.4,1.621
api550a,Waves,API 550A,eq-api,high_bell,10000.0,10000.0,dB,+6,24.2,0.16
api550a,Waves,API 550A,eq-api,high_bell,10000.0,10000.0,dB,+6,242.3,0.177
api550a,Waves,API 550A,eq-api,high_bell,10000.0,10000.0,dB,+6,2423.1,1.873
api550a,Waves,API 550A,eq-api,high_bell,10000.0,10000.0,dB,+6,26.7,0.158
api550a,Waves,API 550A,eq-api,high_bell,10000.0,10000.0,dB,+6,266.7,0.189
api550a,Waves,API 550A,eq-api,high_bell,10000.0,10000.0,dB,+6,2667.0,2.148
api550a,Waves,API 550A,eq-api,high_bell,10000.0,10000.0,dB,+6,29.4,0.157
api550a,Waves,API 550A,eq-api,high_bell,10000.0,10000.0,dB,+6,293.6,0.195
api550a,Waves,API 550A,eq-api,high_bell,10000.0,10000.0,dB,+6,2935.6,2.461
api550a,Waves,API 550A,eq-api,high_bell,10000.0,10000.0,dB,+6,32.3,0.156
api550a,Waves,API 550A,eq-api,high_bell,10000.0,10000.0,dB,+6,323.1,0.193
api550a,Waves,API 550A,eq-api,high_bell,10000.0,10000.0,dB,+6,3231.2,2.797
api550a,Waves,API 550A,eq-api,high_bell,10000.0,10000.0,dB,+6,35.6,0.156
api550a,Waves,API 550A,eq-api,high_bell,10000.0,10000.0,dB,+6,355.7,0.207
api550a,Waves,API 550A,eq-api,high_bell,10000.0,10000.0,dB,+6,3556.6,3.166
api550a,Waves,API 550A,eq-api,high_bell,10000.0,10000.0,dB,+6,39.1,0.155
api550a,Waves,API 550A,eq-api,high_bell,10000.0,10000.0,dB,+6,391.5,0.218
api550a,Waves,API 550A,eq-api,high_bell,10000.0,10000.0,dB,+6,3914.7,3.553
api550a,Waves,API 550A,eq-api,high_bell,10000.0,10000.0,dB,+6,43.1,0.155
api550a,Waves,API 550A,eq-api,high_bell,10000.0,10000.0,dB,+6,430.9,0.223
api550a,Waves,API 550A,eq-api,high_bell,10000.0,10000.0,dB,+6,4308.9,3.96
api550a,Waves,API 550A,eq-api,high_bell,10000.0,10000.0,dB,+6,47.4,0.155
api550a,Waves,API 550A,eq-api,high_bell,10000.0,10000.0,dB,+6,474.3,0.247
api550a,Waves,API 550A,eq-api,high_bell,10000.0,10000.0,dB,+6,4742.7,4.37
api550a,Waves,API 550A,eq-api,high_bell,10000.0,10000.0,dB,+6,52.2,0.156
api550a,Waves,API 550A,eq-api,high_bell,10000.0,10000.0,dB,+6,522.0,0.253
api550a,Waves,API 550A,eq-api,high_bell,10000.0,10000.0,dB,+6,5220.3,4.775
api550a,Waves,API 550A,eq-api,high_bell,10000.0,10000.0,dB,+6,57.5,0.157
api550a,Waves,API 550A,eq-api,high_bell,10000.0,10000.0,dB,+6,574.6,0.283
api550a,Waves,API 550A,eq-api,high_bell,10000.0,10000.0,dB,+6,5746.0,5.165
api550a,Waves,API 550A,eq-api,high_bell,10000.0,10000.0,dB,+6,63.2,0.158
api550a,Waves,API 550A,eq-api,high_bell,10000.0,10000.0,dB,+6,632.5,0.303
api550a,Waves,API 550A,eq-api,high_bell,10000.0,10000.0,dB,+6,6324.6,5.505
api550a,Waves,API 550A,eq-api,high_bell,10000.0,10000.0,dB,+6,69.6,0.161
api550a,Waves,API 550A,eq-api,high_bell,10000.0,10000.0,dB,+6,696.1,0.33
api550a,Waves,API 550A,eq-api,high_bell,10000.0,10000.0,dB,+6,6961.4,5.792
api550a,Waves,API 550A,eq-api,high_bell,10000.0,10000.0,dB,+6,76.6,0.164
api550a,Waves,API 550A,eq-api,high_bell,10000.0,10000.0,dB,+6,766.2,0.372
api550a,Waves,API 550A,eq-api,high_bell,10000.0,10000.0,dB,+6,7662.4,5.989
api550a,Waves,API 550A,eq-api,high_bell,10000.0,10000.0,dB,+6,84.3,0.166
api550a,Waves,API 550A,eq-api,high_bell,10000.0,10000.0,dB,+6,843.4,0.417
api550a,Waves,API 550A,eq-api,high_bell,10000.0,10000.0,dB,+6,8433.9,6.096
api550a,Waves,API 550A,eq-api,high_bell,10000.0,10000.0,dB,+6,92.8,0.167
api550a,Waves,API 550A,eq-api,high_bell,10000.0,10000.0,dB,+6,928.3,0.468
api550a,Waves,API 550A,eq-api,high_bell,10000.0,10000.0,dB,+6,9283.2,6.086
api550a,Waves,API 550A,eq-api,high_bell,10000.0,10000.0,dB,+9,102.2,0.181
api550a,Waves,API 550A,eq-api,high_bell,10000.0,10000.0,dB,+9,1021.8,0.619
api550a,Waves,API 550A,eq-api,high_bell,10000.0,10000.0,dB,+9,10217.9,8.658
api550a,Waves,API 550A,eq-api,high_bell,10000.0,10000.0,dB,+9,112.5,0.178
api550a,Waves,API 550A,eq-api,high_bell,10000.0,10000.0,dB,+9,1124.7,0.711
api550a,Waves,API 550A,eq-api,high_bell,10000.0,10000.0,dB,+9,11246.8,8.275
api550a,Waves,API 550A,eq-api,high_bell,10000.0,10000.0,dB,+9,123.8,0.174
api550a,Waves,API 550A,eq-api,high_bell,10000.0,10000.0,dB,+9,1237.9,0.814
api550a,Waves,API 550A,eq-api,high_bell,10000.0,10000.0,dB,+9,12379.3,7.736
api550a,Waves,API 550A,eq-api,high_bell,10000.0,10000.0,dB,+9,136.3,0.172
api550a,Waves,API 550A,eq-api,high_bell,10000.0,10000.0,dB,+9,1362.6,0.929
api550a,Waves,API 550A,eq-api,high_bell,10000.0,10000.0,dB,+9,13625.8,7.093
api550a,Waves,API 550A,eq-api,high_bell,10000.0,10000.0,dB,+9,1499.8,1.09
api550a,Waves,API 550A,eq-api,high_bell,10000.0,10000.0,dB,+9,14997.9,6.41
api550a,Waves,API 550A,eq-api,high_bell,10000.0,10000.0,dB,+9,150.0,0.176
api550a,Waves,API 550A,eq-api,high_bell,10000.0,10000.0,dB,+9,165.1,0.183
api550a,Waves,API 550A,eq-api,high_bell,10000.0,10000.0,dB,+9,1650.8,1.253
api550a,Waves,API 550A,eq-api,high_bell,10000.0,10000.0,dB,+9,16508.1,5.733
api550a,Waves,API 550A,eq-api,high_bell,10000.0,10000.0,dB,+9,181.7,0.191
api550a,Waves,API 550A,eq-api,high_bell,10000.0,10000.0,dB,+9,1817.0,1.459
api550a,Waves,API 550A,eq-api,high_bell,10000.0,10000.0,dB,+9,18170.4,5.111
api550a,Waves,API 550A,eq-api,high_bell,10000.0,10000.0,dB,+9,20.0,0.172
api550a,Waves,API 550A,eq-api,high_bell,10000.0,10000.0,dB,+9,200.0,0.193
api550a,Waves,API 550A,eq-api,high_bell,10000.0,10000.0,dB,+9,2000.0,1.698
api550a,Waves,API 550A,eq-api,high_bell,10000.0,10000.0,dB,+9,20000.0,4.598
api550a,Waves,API 550A,eq-api,high_bell,10000.0,10000.0,dB,+9,22.0,0.171
api550a,Waves,API 550A,eq-api,high_bell,10000.0,10000.0,dB,+9,220.1,0.188
api550a,Waves,API 550A,eq-api,high_bell,10000.0,10000.0,dB,+9,2201.4,1.966
api550a,Waves,API 550A,eq-api,high_bell,10000.0,10000.0,dB,+9,24.2,0.17
api550a,Waves,API 550A,eq-api,high_bell,10000.0,10000.0,dB,+9,242.3,0.191
api550a,Waves,API 550A,eq-api,high_bell,10000.0,10000.0,dB,+9,2423.1,2.283
api550a,Waves,API 550A,eq-api,high_bell,10000.0,10000.0,dB,+9,26.7,0.168
api550a,Waves,API 550A,eq-api,high_bell,10000.0,10000.0,dB,+9,266.7,0.205
api550a,Waves,API 550A,eq-api,high_bell,10000.0,10000.0,dB,+9,2667.0,2.634
api550a,Waves,API 550A,eq-api,high_bell,10000.0,10000.0,dB,+9,29.4,0.167
api550a,Waves,API 550A,eq-api,high_bell,10000.0,10000.0,dB,+9,293.6,0.214
api550a,Waves,API 550A,eq-api,high_bell,10000.0,10000.0,dB,+9,2935.6,3.037
api550a,Waves,API 550A,eq-api,high_bell,10000.0,10000.0,dB,+9,32.3,0.166
api550a,Waves,API 550A,eq-api,high_bell,10000.0,10000.0,dB,+9,323.1,0.21
api550a,Waves,API 550A,eq-api,high_bell,10000.0,10000.0,dB,+9,3231.2,3.478
api550a,Waves,API 550A,eq-api,high_bell,10000.0,10000.0,dB,+9,35.6,0.166
api550a,Waves,API 550A,eq-api,high_bell,10000.0,10000.0,dB,+9,355.7,0.227
api550a,Waves,API 550A,eq-api,high_bell,10000.0,10000.0,dB,+9,3556.6,3.974
api550a,Waves,API 550A,eq-api,high_bell,10000.0,10000.0,dB,+9,39.1,0.164
api550a,Waves,API 550A,eq-api,high_bell,10000.0,10000.0,dB,+9,391.5,0.241
api550a,Waves,API 550A,eq-api,high_bell,10000.0,10000.0,dB,+9,3914.7,4.505
api550a,Waves,API 550A,eq-api,high_bell,10000.0,10000.0,dB,+9,43.1,0.164
api550a,Waves,API 550A,eq-api,high_bell,10000.0,10000.0,dB,+9,430.9,0.247
api550a,Waves,API 550A,eq-api,high_bell,10000.0,10000.0,dB,+9,4308.9,5.086
api550a,Waves,API 550A,eq-api,high_bell,10000.0,10000.0,dB,+9,47.4,0.164
api550a,Waves,API 550A,eq-api,high_bell,10000.0,10000.0,dB,+9,474.3,0.276
api550a,Waves,API 550A,eq-api,high_bell,10000.0,10000.0,dB,+9,4742.7,5.69
api550a,Waves,API 550A,eq-api,high_bell,10000.0,10000.0,dB,+9,52.2,0.165
api550a,Waves,API 550A,eq-api,high_bell,10000.0,10000.0,dB,+9,522.0,0.283
api550a,Waves,API 550A,eq-api,high_bell,10000.0,10000.0,dB,+9,5220.3,6.32
api550a,Waves,API 550A,eq-api,high_bell,10000.0,10000.0,dB,+9,57.5,0.167
api550a,Waves,API 550A,eq-api,high_bell,10000.0,10000.0,dB,+9,574.6,0.321
api550a,Waves,API 550A,eq-api,high_bell,10000.0,10000.0,dB,+9,5746.0,6.961
api550a,Waves,API 550A,eq-api,high_bell,10000.0,10000.0,dB,+9,63.2,0.169
api550a,Waves,API 550A,eq-api,high_bell,10000.0,10000.0,dB,+9,632.5,0.344
api550a,Waves,API 550A,eq-api,high_bell,10000.0,10000.0,dB,+9,6324.6,7.564
api550a,Waves,API 550A,eq-api,high_bell,10000.0,10000.0,dB,+9,69.6,0.172
api550a,Waves,API 550A,eq-api,high_bell,10000.0,10000.0,dB,+9,696.1,0.376
api550a,Waves,API 550A,eq-api,high_bell,10000.0,10000.0,dB,+9,6961.4,8.105
api550a,Waves,API 550A,eq-api,high_bell,10000.0,10000.0,dB,+9,76.6,0.176
api550a,Waves,API 550A,eq-api,high_bell,10000.0,10000.0,dB,+9,766.2,0.429
api550a,Waves,API 550A,eq-api,high_bell,10000.0,10000.0,dB,+9,7662.4,8.528
api550a,Waves,API 550A,eq-api,high_bell,10000.0,10000.0,dB,+9,84.3,0.179
api550a,Waves,API 550A,eq-api,high_bell,10000.0,10000.0,dB,+9,843.4,0.484
api550a,Waves,API 550A,eq-api,high_bell,10000.0,10000.0,dB,+9,8433.9,8.786
api550a,Waves,API 550A,eq-api,high_bell,10000.0,10000.0,dB,+9,92.8,0.181
api550a,Waves,API 550A,eq-api,high_bell,10000.0,10000.0,dB,+9,928.3,0.544
api550a,Waves,API 550A,eq-api,high_bell,10000.0,10000.0,dB,+9,9283.2,8.833
api550a,Waves,API 550A,eq-api,high_bell,10000.0,10000.0,dB,-12,102.2,0.027
api550a,Waves,API 550A,eq-api,high_bell,10000.0,10000.0,dB,-12,1021.8,-0.531
api550a,Waves,API 550A,eq-api,high_bell,10000.0,10000.0,dB,-12,10217.9,-12.315
api550a,Waves,API 550A,eq-api,high_bell,10000.0,10000.0,dB,-12,112.5,0.03
api550a,Waves,API 550A,eq-api,high_bell,10000.0,10000.0,dB,-12,1124.7,-0.645
api550a,Waves,API 550A,eq-api,high_bell,10000.0,10000.0,dB,-12,11246.8,-11.966
api550a,Waves,API 550A,eq-api,high_bell,10000.0,10000.0,dB,-12,123.8,0.035
api550a,Waves,API 550A,eq-api,high_bell,10000.0,10000.0,dB,-12,1237.9,-0.771
api550a,Waves,API 550A,eq-api,high_bell,10000.0,10000.0,dB,-12,12379.3,-11.311
api550a,Waves,API 550A,eq-api,high_bell,10000.0,10000.0,dB,-12,136.3,0.038
api550a,Waves,API 550A,eq-api,high_bell,10000.0,10000.0,dB,-12,1362.6,-0.917
api550a,Waves,API 550A,eq-api,high_bell,10000.0,10000.0,dB,-12,13625.8,-10.466
api550a,Waves,API 550A,eq-api,high_bell,10000.0,10000.0,dB,-12,1499.8,-1.12
api550a,Waves,API 550A,eq-api,high_bell,10000.0,10000.0,dB,-12,14997.9,-9.556
api550a,Waves,API 550A,eq-api,high_bell,10000.0,10000.0,dB,-12,150.0,0.035
api550a,Waves,API 550A,eq-api,high_bell,10000.0,10000.0,dB,-12,165.1,0.024
api550a,Waves,API 550A,eq-api,high_bell,10000.0,10000.0,dB,-12,1650.8,-1.318
api550a,Waves,API 550A,eq-api,high_bell,10000.0,10000.0,dB,-12,16508.1,-8.669
api550a,Waves,API 550A,eq-api,high_bell,10000.0,10000.0,dB,-12,181.7,0.013
api550a,Waves,API 550A,eq-api,high_bell,10000.0,10000.0,dB,-12,1817.0,-1.57
api550a,Waves,API 550A,eq-api,high_bell,10000.0,10000.0,dB,-12,18170.4,-7.865
api550a,Waves,API 550A,eq-api,high_bell,10000.0,10000.0,dB,-12,20.0,0.038
api550a,Waves,API 550A,eq-api,high_bell,10000.0,10000.0,dB,-12,200.0,0.011
api550a,Waves,API 550A,eq-api,high_bell,10000.0,10000.0,dB,-12,2000.0,-1.861
api550a,Waves,API 550A,eq-api,high_bell,10000.0,10000.0,dB,-12,20000.0,-7.216
api550a,Waves,API 550A,eq-api,high_bell,10000.0,10000.0,dB,-12,22.0,0.039
api550a,Waves,API 550A,eq-api,high_bell,10000.0,10000.0,dB,-12,220.1,0.018
api550a,Waves,API 550A,eq-api,high_bell,10000.0,10000.0,dB,-12,2201.4,-2.188
api550a,Waves,API 550A,eq-api,high_bell,10000.0,10000.0,dB,-12,24.2,0.041
api550a,Waves,API 550A,eq-api,high_bell,10000.0,10000.0,dB,-12,242.3,0.014
api550a,Waves,API 550A,eq-api,high_bell,10000.0,10000.0,dB,-12,2423.1,-2.582
api550a,Waves,API 550A,eq-api,high_bell,10000.0,10000.0,dB,-12,26.7,0.043
api550a,Waves,API 550A,eq-api,high_bell,10000.0,10000.0,dB,-12,266.7,-0.005
api550a,Waves,API 550A,eq-api,high_bell,10000.0,10000.0,dB,-12,2667.0,-2.996
api550a,Waves,API 550A,eq-api,high_bell,10000.0,10000.0,dB,-12,29.4,0.044
api550a,Waves,API 550A,eq-api,high_bell,10000.0,10000.0,dB,-12,293.6,-0.014
api550a,Waves,API 550A,eq-api,high_bell,10000.0,10000.0,dB,-12,2935.6,-3.484
api550a,Waves,API 550A,eq-api,high_bell,10000.0,10000.0,dB,-12,32.3,0.045
api550a,Waves,API 550A,eq-api,high_bell,10000.0,10000.0,dB,-12,323.1,-0.011
api550a,Waves,API 550A,eq-api,high_bell,10000.0,10000.0,dB,-12,3231.2,-4.016
api550a,Waves,API 550A,eq-api,high_bell,10000.0,10000.0,dB,-12,35.6,0.047
api550a,Waves,API 550A,eq-api,high_bell,10000.0,10000.0,dB,-12,355.7,-0.034
api550a,Waves,API 550A,eq-api,high_bell,10000.0,10000.0,dB,-12,3556.6,-4.631
api550a,Waves,API 550A,eq-api,high_bell,10000.0,10000.0,dB,-12,39.1,0.047
api550a,Waves,API 550A,eq-api,high_bell,10000.0,10000.0,dB,-12,391.5,-0.051
api550a,Waves,API 550A,eq-api,high_bell,10000.0,10000.0,dB,-12,3914.7,-5.279
api550a,Waves,API 550A,eq-api,high_bell,10000.0,10000.0,dB,-12,43.1,0.047
api550a,Waves,API 550A,eq-api,high_bell,10000.0,10000.0,dB,-12,430.9,-0.057
api550a,Waves,API 550A,eq-api,high_bell,10000.0,10000.0,dB,-12,4308.9,-6.007
api550a,Waves,API 550A,eq-api,high_bell,10000.0,10000.0,dB,-12,47.4,0.047
api550a,Waves,API 550A,eq-api,high_bell,10000.0,10000.0,dB,-12,474.3,-0.095
api550a,Waves,API 550A,eq-api,high_bell,10000.0,10000.0,dB,-12,4742.7,-6.766
api550a,Waves,API 550A,eq-api,high_bell,10000.0,10000.0,dB,-12,52.2,0.046
api550a,Waves,API 550A,eq-api,high_bell,10000.0,10000.0,dB,-12,522.0,-0.105
api550a,Waves,API 550A,eq-api,high_bell,10000.0,10000.0,dB,-12,5220.3,-7.605
api550a,Waves,API 550A,eq-api,high_bell,10000.0,10000.0,dB,-12,57.5,0.044
api550a,Waves,API 550A,eq-api,high_bell,10000.0,10000.0,dB,-12,574.6,-0.151
api550a,Waves,API 550A,eq-api,high_bell,10000.0,10000.0,dB,-12,5746.0,-8.492
api550a,Waves,API 550A,eq-api,high_bell,10000.0,10000.0,dB,-12,63.2,0.04
api550a,Waves,API 550A,eq-api,high_bell,10000.0,10000.0,dB,-12,632.5,-0.183
api550a,Waves,API 550A,eq-api,high_bell,10000.0,10000.0,dB,-12,6324.6,-9.399
api550a,Waves,API 550A,eq-api,high_bell,10000.0,10000.0,dB,-12,69.6,0.038
api550a,Waves,API 550A,eq-api,high_bell,10000.0,10000.0,dB,-12,696.1,-0.221
api550a,Waves,API 550A,eq-api,high_bell,10000.0,10000.0,dB,-12,6961.4,-10.325
api550a,Waves,API 550A,eq-api,high_bell,10000.0,10000.0,dB,-12,76.6,0.033
api550a,Waves,API 550A,eq-api,high_bell,10000.0,10000.0,dB,-12,766.2,-0.289
api550a,Waves,API 550A,eq-api,high_bell,10000.0,10000.0,dB,-12,7662.4,-11.165
api550a,Waves,API 550A,eq-api,high_bell,10000.0,10000.0,dB,-12,84.3,0.03
api550a,Waves,API 550A,eq-api,high_bell,10000.0,10000.0,dB,-12,843.4,-0.36
api550a,Waves,API 550A,eq-api,high_bell,10000.0,10000.0,dB,-12,8433.9,-11.868
api550a,Waves,API 550A,eq-api,high_bell,10000.0,10000.0,dB,-12,92.8,0.026
api550a,Waves,API 550A,eq-api,high_bell,10000.0,10000.0,dB,-12,928.3,-0.437
api550a,Waves,API 550A,eq-api,high_bell,10000.0,10000.0,dB,-12,9283.2,-12.28
api550a,Waves,API 550A,eq-api,high_bell,10000.0,10000.0,dB,-4,102.2,0.003
api550a,Waves,API 550A,eq-api,high_bell,10000.0,10000.0,dB,-4,1021.8,-0.279
api550a,Waves,API 550A,eq-api,high_bell,10000.0,10000.0,dB,-4,10217.9,-4.328
api550a,Waves,API 550A,eq-api,high_bell,10000.0,10000.0,dB,-4,112.5,0.005
api550a,Waves,API 550A,eq-api,high_bell,10000.0,10000.0,dB,-4,1124.7,-0.336
api550a,Waves,API 550A,eq-api,high_bell,10000.0,10000.0,dB,-4,11246.8,-4.3
api550a,Waves,API 550A,eq-api,high_bell,10000.0,10000.0,dB,-4,123.8,0.007
api550a,Waves,API 550A,eq-api,high_bell,10000.0,10000.0,dB,-4,1237.9,-0.401
api550a,Waves,API 550A,eq-api,high_bell,10000.0,10000.0,dB,-4,12379.3,-4.217
api550a,Waves,API 550A,eq-api,high_bell,10000.0,10000.0,dB,-4,136.3,0.008
api550a,Waves,API 550A,eq-api,high_bell,10000.0,10000.0,dB,-4,1362.6,-0.475
api550a,Waves,API 550A,eq-api,high_bell,10000.0,10000.0,dB,-4,13625.8,-4.086
api550a,Waves,API 550A,eq-api,high_bell,10000.0,10000.0,dB,-4,1499.8,-0.575
api550a,Waves,API 550A,eq-api,high_bell,10000.0,10000.0,dB,-4,14997.9,-3.914
api550a,Waves,API 550A,eq-api,high_bell,10000.0,10000.0,dB,-4,150.0,0.007
api550a,Waves,API 550A,eq-api,high_bell,10000.0,10000.0,dB,-4,165.1,0.002
api550a,Waves,API 550A,eq-api,high_bell,10000.0,10000.0,dB,-4,1650.8,-0.676
api550a,Waves,API 550A,eq-api,high_bell,10000.0,10000.0,dB,-4,16508.1,-3.71
api550a,Waves,API 550A,eq-api,high_bell,10000.0,10000.0,dB,-4,181.7,-0.003
api550a,Waves,API 550A,eq-api,high_bell,10000.0,10000.0,dB,-4,1817.0,-0.802
api550a,Waves,API 550A,eq-api,high_bell,10000.0,10000.0,dB,-4,18170.4,-3.497
api550a,Waves,API 550A,eq-api,high_bell,10000.0,10000.0,dB,-4,20.0,0.009
api550a,Waves,API 550A,eq-api,high_bell,10000.0,10000.0,dB,-4,200.0,-0.005
api550a,Waves,API 550A,eq-api,high_bell,10000.0,10000.0,dB,-4,2000.0,-0.944
api550a,Waves,API 550A,eq-api,high_bell,10000.0,10000.0,dB,-4,20000.0,-3.301
api550a,Waves,API 550A,eq-api,high_bell,10000.0,10000.0,dB,-4,22.0,0.009
api550a,Waves,API 550A,eq-api,high_bell,10000.0,10000.0,dB,-4,220.1,-0.002
api550a,Waves,API 550A,eq-api,high_bell,10000.0,10000.0,dB,-4,2201.4,-1.104
api550a,Waves,API 550A,eq-api,high_bell,10000.0,10000.0,dB,-4,24.2,0.01
api550a,Waves,API 550A,eq-api,high_bell,10000.0,10000.0,dB,-4,242.3,-0.004
api550a,Waves,API 550A,eq-api,high_bell,10000.0,10000.0,dB,-4,2423.1,-1.29
api550a,Waves,API 550A,eq-api,high_bell,10000.0,10000.0,dB,-4,26.7,0.011
api550a,Waves,API 550A,eq-api,high_bell,10000.0,10000.0,dB,-4,266.7,-0.013
api550a,Waves,API 550A,eq-api,high_bell,10000.0,10000.0,dB,-4,2667.0,-1.488
api550a,Waves,API 550A,eq-api,high_bell,10000.0,10000.0,dB,-4,29.4,0.011
api550a,Waves,API 550A,eq-api,high_bell,10000.0,10000.0,dB,-4,293.6,-0.017
api550a,Waves,API 550A,eq-api,high_bell,10000.0,10000.0,dB,-4,2935.6,-1.712
api550a,Waves,API 550A,eq-api,high_bell,10000.0,10000.0,dB,-4,32.3,0.011
api550a,Waves,API 550A,eq-api,high_bell,10000.0,10000.0,dB,-4,323.1,-0.016
api550a,Waves,API 550A,eq-api,high_bell,10000.0,10000.0,dB,-4,3231.2,-1.947
api550a,Waves,API 550A,eq-api,high_bell,10000.0,10000.0,dB,-4,35.6,0.013
api550a,Waves,API 550A,eq-api,high_bell,10000.0,10000.0,dB,-4,355.7,-0.027
api550a,Waves,API 550A,eq-api,high_bell,10000.0,10000.0,dB,-4,3556.6,-2.206
api550a,Waves,API 550A,eq-api,high_bell,10000.0,10000.0,dB,-4,39.1,0.013
api550a,Waves,API 550A,eq-api,high_bell,10000.0,10000.0,dB,-4,391.5,-0.037
api550a,Waves,API 550A,eq-api,high_bell,10000.0,10000.0,dB,-4,3914.7,-2.466
api550a,Waves,API 550A,eq-api,high_bell,10000.0,10000.0,dB,-4,43.1,0.013
api550a,Waves,API 550A,eq-api,high_bell,10000.0,10000.0,dB,-4,430.9,-0.04
api550a,Waves,API 550A,eq-api,high_bell,10000.0,10000.0,dB,-4,4308.9,-2.741
api550a,Waves,API 550A,eq-api,high_bell,10000.0,10000.0,dB,-4,47.4,0.012
api550a,Waves,API 550A,eq-api,high_bell,10000.0,10000.0,dB,-4,474.3,-0.058
api550a,Waves,API 550A,eq-api,high_bell,10000.0,10000.0,dB,-4,4742.7,-3.003
api550a,Waves,API 550A,eq-api,high_bell,10000.0,10000.0,dB,-4,52.2,0.012
api550a,Waves,API 550A,eq-api,high_bell,10000.0,10000.0,dB,-4,522.0,-0.065
api550a,Waves,API 550A,eq-api,high_bell,10000.0,10000.0,dB,-4,5220.3,-3.267
api550a,Waves,API 550A,eq-api,high_bell,10000.0,10000.0,dB,-4,57.5,0.012
api550a,Waves,API 550A,eq-api,high_bell,10000.0,10000.0,dB,-4,574.6,-0.087
api550a,Waves,API 550A,eq-api,high_bell,10000.0,10000.0,dB,-4,5746.0,-3.519
api550a,Waves,API 550A,eq-api,high_bell,10000.0,10000.0,dB,-4,63.2,0.009
api550a,Waves,API 550A,eq-api,high_bell,10000.0,10000.0,dB,-4,632.5,-0.104
api550a,Waves,API 550A,eq-api,high_bell,10000.0,10000.0,dB,-4,6324.6,-3.742
api550a,Waves,API 550A,eq-api,high_bell,10000.0,10000.0,dB,-4,69.6,0.008
api550a,Waves,API 550A,eq-api,high_bell,10000.0,10000.0,dB,-4,696.1,-0.123
api550a,Waves,API 550A,eq-api,high_bell,10000.0,10000.0,dB,-4,6961.4,-3.946
api550a,Waves,API 550A,eq-api,high_bell,10000.0,10000.0,dB,-4,76.6,0.007
api550a,Waves,API 550A,eq-api,high_bell,10000.0,10000.0,dB,-4,766.2,-0.158
api550a,Waves,API 550A,eq-api,high_bell,10000.0,10000.0,dB,-4,7662.4,-4.107
api550a,Waves,API 550A,eq-api,high_bell,10000.0,10000.0,dB,-4,84.3,0.005
api550a,Waves,API 550A,eq-api,high_bell,10000.0,10000.0,dB,-4,843.4,-0.192
api550a,Waves,API 550A,eq-api,high_bell,10000.0,10000.0,dB,-4,8433.9,-4.231
api550a,Waves,API 550A,eq-api,high_bell,10000.0,10000.0,dB,-4,92.8,0.003
api550a,Waves,API 550A,eq-api,high_bell,10000.0,10000.0,dB,-4,928.3,-0.232
api550a,Waves,API 550A,eq-api,high_bell,10000.0,10000.0,dB,-4,9283.2,-4.304
api550a,Waves,API 550A,eq-api,high_bell,10000.0,10000.0,dB,-6,102.2,0.012
api550a,Waves,API 550A,eq-api,high_bell,10000.0,10000.0,dB,-6,1021.8,-0.33
api550a,Waves,API 550A,eq-api,high_bell,10000.0,10000.0,dB,-6,10217.9,-6.406
api550a,Waves,API 550A,eq-api,high_bell,10000.0,10000.0,dB,-6,112.5,0.014
api550a,Waves,API 550A,eq-api,high_bell,10000.0,10000.0,dB,-6,1124.7,-0.401
api550a,Waves,API 550A,eq-api,high_bell,10000.0,10000.0,dB,-6,11246.8,-6.303
api550a,Waves,API 550A,eq-api,high_bell,10000.0,10000.0,dB,-6,123.8,0.017
api550a,Waves,API 550A,eq-api,high_bell,10000.0,10000.0,dB,-6,1237.9,-0.48
api550a,Waves,API 550A,eq-api,high_bell,10000.0,10000.0,dB,-6,12379.3,-6.096
api550a,Waves,API 550A,eq-api,high_bell,10000.0,10000.0,dB,-6,136.3,0.019
api550a,Waves,API 550A,eq-api,high_bell,10000.0,10000.0,dB,-6,1362.6,-0.572
api550a,Waves,API 550A,eq-api,high_bell,10000.0,10000.0,dB,-6,13625.8,-5.8
api550a,Waves,API 550A,eq-api,high_bell,10000.0,10000.0,dB,-6,1499.8,-0.696
api550a,Waves,API 550A,eq-api,high_bell,10000.0,10000.0,dB,-6,14997.9,-5.443
api550a,Waves,API 550A,eq-api,high_bell,10000.0,10000.0,dB,-6,150.0,0.017
api550a,Waves,API 550A,eq-api,high_bell,10000.0,10000.0,dB,-6,165.1,0.011
api550a,Waves,API 550A,eq-api,high_bell,10000.0,10000.0,dB,-6,1650.8,-0.823
api550a,Waves,API 550A,eq-api,high_bell,10000.0,10000.0,dB,-6,16508.1,-5.059
api550a,Waves,API 550A,eq-api,high_bell,10000.0,10000.0,dB,-6,181.7,0.004
api550a,Waves,API 550A,eq-api,high_bell,10000.0,10000.0,dB,-6,1817.0,-0.983
api550a,Waves,API 550A,eq-api,high_bell,10000.0,10000.0,dB,-6,18170.4,-4.679
api550a,Waves,API 550A,eq-api,high_bell,10000.0,10000.0,dB,-6,20.0,0.019
api550a,Waves,API 550A,eq-api,high_bell,10000.0,10000.0,dB,-6,200.0,0.002
api550a,Waves,API 550A,eq-api,high_bell,10000.0,10000.0,dB,-6,2000.0,-1.166
api550a,Waves,API 550A,eq-api,high_bell,10000.0,10000.0,dB,-6,20000.0,-4.357
api550a,Waves,API 550A,eq-api,high_bell,10000.0,10000.0,dB,-6,22.0,0.02
api550a,Waves,API 550A,eq-api,high_bell,10000.0,10000.0,dB,-6,220.1,0.007
api550a,Waves,API 550A,eq-api,high_bell,10000.0,10000.0,dB,-6,2201.4,-1.374
api550a,Waves,API 550A,eq-api,high_bell,10000.0,10000.0,dB,-6,24.2,0.021
api550a,Waves,API 550A,eq-api,high_bell,10000.0,10000.0,dB,-6,242.3,0.004
api550a,Waves,API 550A,eq-api,high_bell,10000.0,10000.0,dB,-6,2423.1,-1.622
api550a,Waves,API 550A,eq-api,high_bell,10000.0,10000.0,dB,-6,26.7,0.022
api550a,Waves,API 550A,eq-api,high_bell,10000.0,10000.0,dB,-6,266.7,-0.007
api550a,Waves,API 550A,eq-api,high_bell,10000.0,10000.0,dB,-6,2667.0,-1.886
api550a,Waves,API 550A,eq-api,high_bell,10000.0,10000.0,dB,-6,29.4,0.022
api550a,Waves,API 550A,eq-api,high_bell,10000.0,10000.0,dB,-6,293.6,-0.013
api550a,Waves,API 550A,eq-api,high_bell,10000.0,10000.0,dB,-6,2935.6,-2.193
api550a,Waves,API 550A,eq-api,high_bell,10000.0,10000.0,dB,-6,32.3,0.023
api550a,Waves,API 550A,eq-api,high_bell,10000.0,10000.0,dB,-6,323.1,-0.011
api550a,Waves,API 550A,eq-api,high_bell,10000.0,10000.0,dB,-6,3231.2,-2.524
api550a,Waves,API 550A,eq-api,high_bell,10000.0,10000.0,dB,-6,35.6,0.025
api550a,Waves,API 550A,eq-api,high_bell,10000.0,10000.0,dB,-6,355.7,-0.025
api550a,Waves,API 550A,eq-api,high_bell,10000.0,10000.0,dB,-6,3556.6,-2.901
api550a,Waves,API 550A,eq-api,high_bell,10000.0,10000.0,dB,-6,39.1,0.024
api550a,Waves,API 550A,eq-api,high_bell,10000.0,10000.0,dB,-6,391.5,-0.036
api550a,Waves,API 550A,eq-api,high_bell,10000.0,10000.0,dB,-6,3914.7,-3.285
api550a,Waves,API 550A,eq-api,high_bell,10000.0,10000.0,dB,-6,43.1,0.024
api550a,Waves,API 550A,eq-api,high_bell,10000.0,10000.0,dB,-6,430.9,-0.039
api550a,Waves,API 550A,eq-api,high_bell,10000.0,10000.0,dB,-6,4308.9,-3.706
api550a,Waves,API 550A,eq-api,high_bell,10000.0,10000.0,dB,-6,47.4,0.024
api550a,Waves,API 550A,eq-api,high_bell,10000.0,10000.0,dB,-6,474.3,-0.062
api550a,Waves,API 550A,eq-api,high_bell,10000.0,10000.0,dB,-6,4742.7,-4.127
api550a,Waves,API 550A,eq-api,high_bell,10000.0,10000.0,dB,-6,52.2,0.023
api550a,Waves,API 550A,eq-api,high_bell,10000.0,10000.0,dB,-6,522.0,-0.069
api550a,Waves,API 550A,eq-api,high_bell,10000.0,10000.0,dB,-6,5220.3,-4.564
api550a,Waves,API 550A,eq-api,high_bell,10000.0,10000.0,dB,-6,57.5,0.023
api550a,Waves,API 550A,eq-api,high_bell,10000.0,10000.0,dB,-6,574.6,-0.096
api550a,Waves,API 550A,eq-api,high_bell,10000.0,10000.0,dB,-6,5746.0,-4.994
api550a,Waves,API 550A,eq-api,high_bell,10000.0,10000.0,dB,-6,63.2,0.02
api550a,Waves,API 550A,eq-api,high_bell,10000.0,10000.0,dB,-6,632.5,-0.116
api550a,Waves,API 550A,eq-api,high_bell,10000.0,10000.0,dB,-6,6324.6,-5.393
api550a,Waves,API 550A,eq-api,high_bell,10000.0,10000.0,dB,-6,69.6,0.018
api550a,Waves,API 550A,eq-api,high_bell,10000.0,10000.0,dB,-6,696.1,-0.14
api550a,Waves,API 550A,eq-api,high_bell,10000.0,10000.0,dB,-6,6961.4,-5.761
api550a,Waves,API 550A,eq-api,high_bell,10000.0,10000.0,dB,-6,76.6,0.016
api550a,Waves,API 550A,eq-api,high_bell,10000.0,10000.0,dB,-6,766.2,-0.182
api550a,Waves,API 550A,eq-api,high_bell,10000.0,10000.0,dB,-6,7662.4,-6.057
api550a,Waves,API 550A,eq-api,high_bell,10000.0,10000.0,dB,-6,84.3,0.014
api550a,Waves,API 550A,eq-api,high_bell,10000.0,10000.0,dB,-6,843.4,-0.224
api550a,Waves,API 550A,eq-api,high_bell,10000.0,10000.0,dB,-6,8433.9,-6.281
api550a,Waves,API 550A,eq-api,high_bell,10000.0,10000.0,dB,-6,92.8,0.012
api550a,Waves,API 550A,eq-api,high_bell,10000.0,10000.0,dB,-6,928.3,-0.272
api550a,Waves,API 550A,eq-api,high_bell,10000.0,10000.0,dB,-6,9283.2,-6.398
api550a,Waves,API 550A,eq-api,high_bell,10000.0,10000.0,dB,-9,102.2,0.019
api550a,Waves,API 550A,eq-api,high_bell,10000.0,10000.0,dB,-9,1021.8,-0.416
api550a,Waves,API 550A,eq-api,high_bell,10000.0,10000.0,dB,-9,10217.9,-9.317
api550a,Waves,API 550A,eq-api,high_bell,10000.0,10000.0,dB,-9,112.5,0.023
api550a,Waves,API 550A,eq-api,high_bell,10000.0,10000.0,dB,-9,1124.7,-0.506
api550a,Waves,API 550A,eq-api,high_bell,10000.0,10000.0,dB,-9,11246.8,-9.09
api550a,Waves,API 550A,eq-api,high_bell,10000.0,10000.0,dB,-9,123.8,0.027
api550a,Waves,API 550A,eq-api,high_bell,10000.0,10000.0,dB,-9,1237.9,-0.607
api550a,Waves,API 550A,eq-api,high_bell,10000.0,10000.0,dB,-9,12379.3,-8.674
api550a,Waves,API 550A,eq-api,high_bell,10000.0,10000.0,dB,-9,136.3,0.029
api550a,Waves,API 550A,eq-api,high_bell,10000.0,10000.0,dB,-9,1362.6,-0.724
api550a,Waves,API 550A,eq-api,high_bell,10000.0,10000.0,dB,-9,13625.8,-8.115
api550a,Waves,API 550A,eq-api,high_bell,10000.0,10000.0,dB,-9,1499.8,-0.884
api550a,Waves,API 550A,eq-api,high_bell,10000.0,10000.0,dB,-9,14997.9,-7.486
api550a,Waves,API 550A,eq-api,high_bell,10000.0,10000.0,dB,-9,150.0,0.026
api550a,Waves,API 550A,eq-api,high_bell,10000.0,10000.0,dB,-9,165.1,0.018
api550a,Waves,API 550A,eq-api,high_bell,10000.0,10000.0,dB,-9,1650.8,-1.044
api550a,Waves,API 550A,eq-api,high_bell,10000.0,10000.0,dB,-9,16508.1,-6.847
api550a,Waves,API 550A,eq-api,high_bell,10000.0,10000.0,dB,-9,181.7,0.01
api550a,Waves,API 550A,eq-api,high_bell,10000.0,10000.0,dB,-9,1817.0,-1.248
api550a,Waves,API 550A,eq-api,high_bell,10000.0,10000.0,dB,-9,18170.4,-6.246
api550a,Waves,API 550A,eq-api,high_bell,10000.0,10000.0,dB,-9,20.0,0.029
api550a,Waves,API 550A,eq-api,high_bell,10000.0,10000.0,dB,-9,200.0,0.008
api550a,Waves,API 550A,eq-api,high_bell,10000.0,10000.0,dB,-9,2000.0,-1.484
api550a,Waves,API 550A,eq-api,high_bell,10000.0,10000.0,dB,-9,20000.0,-5.749
api550a,Waves,API 550A,eq-api,high_bell,10000.0,10000.0,dB,-9,22.0,0.03
api550a,Waves,API 550A,eq-api,high_bell,10000.0,10000.0,dB,-9,220.1,0.014
api550a,Waves,API 550A,eq-api,high_bell,10000.0,10000.0,dB,-9,2201.4,-1.75
api550a,Waves,API 550A,eq-api,high_bell,10000.0,10000.0,dB,-9,24.2,0.032
api550a,Waves,API 550A,eq-api,high_bell,10000.0,10000.0,dB,-9,242.3,0.011
api550a,Waves,API 550A,eq-api,high_bell,10000.0,10000.0,dB,-9,2423.1,-2.072
api550a,Waves,API 550A,eq-api,high_bell,10000.0,10000.0,dB,-9,26.7,0.032
api550a,Waves,API 550A,eq-api,high_bell,10000.0,10000.0,dB,-9,266.7,-0.004
api550a,Waves,API 550A,eq-api,high_bell,10000.0,10000.0,dB,-9,2667.0,-2.414
api550a,Waves,API 550A,eq-api,high_bell,10000.0,10000.0,dB,-9,29.4,0.034
api550a,Waves,API 550A,eq-api,high_bell,10000.0,10000.0,dB,-9,293.6,-0.012
api550a,Waves,API 550A,eq-api,high_bell,10000.0,10000.0,dB,-9,2935.6,-2.817
api550a,Waves,API 550A,eq-api,high_bell,10000.0,10000.0,dB,-9,32.3,0.034
api550a,Waves,API 550A,eq-api,high_bell,10000.0,10000.0,dB,-9,323.1,-0.009
api550a,Waves,API 550A,eq-api,high_bell,10000.0,10000.0,dB,-9,3231.2,-3.256
api550a,Waves,API 550A,eq-api,high_bell,10000.0,10000.0,dB,-9,35.6,0.037
api550a,Waves,API 550A,eq-api,high_bell,10000.0,10000.0,dB,-9,355.7,-0.027
api550a,Waves,API 550A,eq-api,high_bell,10000.0,10000.0,dB,-9,3556.6,-3.764
api550a,Waves,API 550A,eq-api,high_bell,10000.0,10000.0,dB,-9,39.1,0.036
api550a,Waves,API 550A,eq-api,high_bell,10000.0,10000.0,dB,-9,391.5,-0.041
api550a,Waves,API 550A,eq-api,high_bell,10000.0,10000.0,dB,-9,3914.7,-4.295
api550a,Waves,API 550A,eq-api,high_bell,10000.0,10000.0,dB,-9,43.1,0.036
api550a,Waves,API 550A,eq-api,high_bell,10000.0,10000.0,dB,-9,430.9,-0.045
api550a,Waves,API 550A,eq-api,high_bell,10000.0,10000.0,dB,-9,4308.9,-4.888
api550a,Waves,API 550A,eq-api,high_bell,10000.0,10000.0,dB,-9,47.4,0.036
api550a,Waves,API 550A,eq-api,high_bell,10000.0,10000.0,dB,-9,474.3,-0.075
api550a,Waves,API 550A,eq-api,high_bell,10000.0,10000.0,dB,-9,4742.7,-5.497
api550a,Waves,API 550A,eq-api,high_bell,10000.0,10000.0,dB,-9,52.2,0.035
api550a,Waves,API 550A,eq-api,high_bell,10000.0,10000.0,dB,-9,522.0,-0.083
api550a,Waves,API 550A,eq-api,high_bell,10000.0,10000.0,dB,-9,5220.3,-6.156
api550a,Waves,API 550A,eq-api,high_bell,10000.0,10000.0,dB,-9,57.5,0.034
api550a,Waves,API 550A,eq-api,high_bell,10000.0,10000.0,dB,-9,574.6,-0.118
api550a,Waves,API 550A,eq-api,high_bell,10000.0,10000.0,dB,-9,5746.0,-6.829
api550a,Waves,API 550A,eq-api,high_bell,10000.0,10000.0,dB,-9,63.2,0.03
api550a,Waves,API 550A,eq-api,high_bell,10000.0,10000.0,dB,-9,632.5,-0.143
api550a,Waves,API 550A,eq-api,high_bell,10000.0,10000.0,dB,-9,6324.6,-7.49
api550a,Waves,API 550A,eq-api,high_bell,10000.0,10000.0,dB,-9,69.6,0.029
api550a,Waves,API 550A,eq-api,high_bell,10000.0,10000.0,dB,-9,696.1,-0.172
api550a,Waves,API 550A,eq-api,high_bell,10000.0,10000.0,dB,-9,6961.4,-8.128
api550a,Waves,API 550A,eq-api,high_bell,10000.0,10000.0,dB,-9,76.6,0.025
api550a,Waves,API 550A,eq-api,high_bell,10000.0,10000.0,dB,-9,766.2,-0.226
api550a,Waves,API 550A,eq-api,high_bell,10000.0,10000.0,dB,-9,7662.4,-8.666
api550a,Waves,API 550A,eq-api,high_bell,10000.0,10000.0,dB,-9,84.3,0.023
api550a,Waves,API 550A,eq-api,high_bell,10000.0,10000.0,dB,-9,843.4,-0.281
api550a,Waves,API 550A,eq-api,high_bell,10000.0,10000.0,dB,-9,8433.9,-9.09
api550a,Waves,API 550A,eq-api,high_bell,10000.0,10000.0,dB,-9,92.8,0.02
api550a,Waves,API 550A,eq-api,high_bell,10000.0,10000.0,dB,-9,928.3,-0.343
api550a,Waves,API 550A,eq-api,high_bell,10000.0,10000.0,dB,-9,9283.2,-9.313
api550a,Waves,API 550A,eq-api,high_shelf,10000.0,10000.0,dB,+12,102.2,-0.01
api550a,Waves,API 550A,eq-api,high_shelf,10000.0,10000.0,dB,+12,1021.8,1.423
api550a,Waves,API 550A,eq-api,high_shelf,10000.0,10000.0,dB,+12,10217.9,11.315
api550a,Waves,API 550A,eq-api,high_shelf,10000.0,10000.0,dB,+12,112.5,-0.013
api550a,Waves,API 550A,eq-api,high_shelf,10000.0,10000.0,dB,+12,1124.7,1.676
api550a,Waves,API 550A,eq-api,high_shelf,10000.0,10000.0,dB,+12,11246.8,11.531
api550a,Waves,API 550A,eq-api,high_shelf,10000.0,10000.0,dB,+12,123.8,-0.019
api550a,Waves,API 550A,eq-api,high_shelf,10000.0,10000.0,dB,+12,1237.9,1.954
api550a,Waves,API 550A,eq-api,high_shelf,10000.0,10000.0,dB,+12,12379.3,11.716
api550a,Waves,API 550A,eq-api,high_shelf,10000.0,10000.0,dB,+12,136.3,-0.022
api550a,Waves,API 550A,eq-api,high_shelf,10000.0,10000.0,dB,+12,1362.6,2.248
api550a,Waves,API 550A,eq-api,high_shelf,10000.0,10000.0,dB,+12,13625.8,11.867
api550a,Waves,API 550A,eq-api,high_shelf,10000.0,10000.0,dB,+12,1499.8,2.612
api550a,Waves,API 550A,eq-api,high_shelf,10000.0,10000.0,dB,+12,14997.9,11.989
api550a,Waves,API 550A,eq-api,high_shelf,10000.0,10000.0,dB,+12,150.0,-0.013
api550a,Waves,API 550A,eq-api,high_shelf,10000.0,10000.0,dB,+12,165.1,0.007
api550a,Waves,API 550A,eq-api,high_shelf,10000.0,10000.0,dB,+12,1650.8,2.975
api550a,Waves,API 550A,eq-api,high_shelf,10000.0,10000.0,dB,+12,16508.1,12.072
api550a,Waves,API 550A,eq-api,high_shelf,10000.0,10000.0,dB,+12,181.7,0.029
api550a,Waves,API 550A,eq-api,high_shelf,10000.0,10000.0,dB,+12,1817.0,3.394
api550a,Waves,API 550A,eq-api,high_shelf,10000.0,10000.0,dB,+12,18170.4,12.098
api550a,Waves,API 550A,eq-api,high_shelf,10000.0,10000.0,dB,+12,20.0,-0.035
api550a,Waves,API 550A,eq-api,high_shelf,10000.0,10000.0,dB,+12,200.0,0.038
api550a,Waves,API 550A,eq-api,high_shelf,10000.0,10000.0,dB,+12,2000.0,3.836
api550a,Waves,API 550A,eq-api,high_shelf,10000.0,10000.0,dB,+12,20000.0,11.994
api550a,Waves,API 550A,eq-api,high_shelf,10000.0,10000.0,dB,+12,22.0,-0.038
api550a,Waves,API 550A,eq-api,high_shelf,10000.0,10000.0,dB,+12,220.1,0.035
api550a,Waves,API 550A,eq-api,high_shelf,10000.0,10000.0,dB,+12,2201.4,4.295
api550a,Waves,API 550A,eq-api,high_shelf,10000.0,10000.0,dB,+12,24.2,-0.04
api550a,Waves,API 550A,eq-api,high_shelf,10000.0,10000.0,dB,+12,242.3,0.046
api550a,Waves,API 550A,eq-api,high_shelf,10000.0,10000.0,dB,+12,2423.1,4.788
api550a,Waves,API 550A,eq-api,high_shelf,10000.0,10000.0,dB,+12,26.7,-0.044
api550a,Waves,API 550A,eq-api,high_shelf,10000.0,10000.0,dB,+12,266.7,0.085
api550a,Waves,API 550A,eq-api,high_shelf,10000.0,10000.0,dB,+12,2667.0,5.291
api550a,Waves,API 550A,eq-api,high_shelf,10000.0,10000.0,dB,+12,29.4,-0.045
api550a,Waves,API 550A,eq-api,high_shelf,10000.0,10000.0,dB,+12,293.6,0.116
api550a,Waves,API 550A,eq-api,high_shelf,10000.0,10000.0,dB,+12,2935.6,5.814
api550a,Waves,API 550A,eq-api,high_shelf,10000.0,10000.0,dB,+12,32.3,-0.048
api550a,Waves,API 550A,eq-api,high_shelf,10000.0,10000.0,dB,+12,323.1,0.121
api550a,Waves,API 550A,eq-api,high_shelf,10000.0,10000.0,dB,+12,3231.2,6.333
api550a,Waves,API 550A,eq-api,high_shelf,10000.0,10000.0,dB,+12,35.6,-0.048
api550a,Waves,API 550A,eq-api,high_shelf,10000.0,10000.0,dB,+12,355.7,0.17
api550a,Waves,API 550A,eq-api,high_shelf,10000.0,10000.0,dB,+12,3556.6,6.863
api550a,Waves,API 550A,eq-api,high_shelf,10000.0,10000.0,dB,+12,39.1,-0.051
api550a,Waves,API 550A,eq-api,high_shelf,10000.0,10000.0,dB,+12,391.5,0.22
api550a,Waves,API 550A,eq-api,high_shelf,10000.0,10000.0,dB,+12,3914.7,7.377
api550a,Waves,API 550A,eq-api,high_shelf,10000.0,10000.0,dB,+12,43.1,-0.05
api550a,Waves,API 550A,eq-api,high_shelf,10000.0,10000.0,dB,+12,430.9,0.251
api550a,Waves,API 550A,eq-api,high_shelf,10000.0,10000.0,dB,+12,4308.9,7.891
api550a,Waves,API 550A,eq-api,high_shelf,10000.0,10000.0,dB,+12,47.4,-0.05
api550a,Waves,API 550A,eq-api,high_shelf,10000.0,10000.0,dB,+12,474.3,0.338
api550a,Waves,API 550A,eq-api,high_shelf,10000.0,10000.0,dB,+12,4742.7,8.378
api550a,Waves,API 550A,eq-api,high_shelf,10000.0,10000.0,dB,+12,52.2,-0.047
api550a,Waves,API 550A,eq-api,high_shelf,10000.0,10000.0,dB,+12,522.0,0.383
api550a,Waves,API 550A,eq-api,high_shelf,10000.0,10000.0,dB,+12,5220.3,8.85
api550a,Waves,API 550A,eq-api,high_shelf,10000.0,10000.0,dB,+12,57.5,-0.043
api550a,Waves,API 550A,eq-api,high_shelf,10000.0,10000.0,dB,+12,574.6,0.496
api550a,Waves,API 550A,eq-api,high_shelf,10000.0,10000.0,dB,+12,5746.0,9.304
api550a,Waves,API 550A,eq-api,high_shelf,10000.0,10000.0,dB,+12,63.2,-0.039
api550a,Waves,API 550A,eq-api,high_shelf,10000.0,10000.0,dB,+12,632.5,0.581
api550a,Waves,API 550A,eq-api,high_shelf,10000.0,10000.0,dB,+12,6324.6,9.72
api550a,Waves,API 550A,eq-api,high_shelf,10000.0,10000.0,dB,+12,69.6,-0.032
api550a,Waves,API 550A,eq-api,high_shelf,10000.0,10000.0,dB,+12,696.1,0.697
api550a,Waves,API 550A,eq-api,high_shelf,10000.0,10000.0,dB,+12,6961.4,10.108
api550a,Waves,API 550A,eq-api,high_shelf,10000.0,10000.0,dB,+12,76.6,-0.024
api550a,Waves,API 550A,eq-api,high_shelf,10000.0,10000.0,dB,+12,766.2,0.856
api550a,Waves,API 550A,eq-api,high_shelf,10000.0,10000.0,dB,+12,7662.4,10.458
api550a,Waves,API 550A,eq-api,high_shelf,10000.0,10000.0,dB,+12,84.3,-0.016
api550a,Waves,API 550A,eq-api,high_shelf,10000.0,10000.0,dB,+12,843.4,1.022
api550a,Waves,API 550A,eq-api,high_shelf,10000.0,10000.0,dB,+12,8433.9,10.778
api550a,Waves,API 550A,eq-api,high_shelf,10000.0,10000.0,dB,+12,92.8,-0.012
api550a,Waves,API 550A,eq-api,high_shelf,10000.0,10000.0,dB,+12,928.3,1.206
api550a,Waves,API 550A,eq-api,high_shelf,10000.0,10000.0,dB,+12,9283.2,11.065
api550a,Waves,API 550A,eq-api,high_shelf,10000.0,10000.0,dB,+4,102.2,-0.013
api550a,Waves,API 550A,eq-api,high_shelf,10000.0,10000.0,dB,+4,1021.8,0.816
api550a,Waves,API 550A,eq-api,high_shelf,10000.0,10000.0,dB,+4,10217.9,3.627
api550a,Waves,API 550A,eq-api,high_shelf,10000.0,10000.0,dB,+4,112.5,-0.014
api550a,Waves,API 550A,eq-api,high_shelf,10000.0,10000.0,dB,+4,1124.7,0.949
api550a,Waves,API 550A,eq-api,high_shelf,10000.0,10000.0,dB,+4,11246.8,3.646
api550a,Waves,API 550A,eq-api,high_shelf,10000.0,10000.0,dB,+4,123.8,-0.017
api550a,Waves,API 550A,eq-api,high_shelf,10000.0,10000.0,dB,+4,1237.9,1.092
api550a,Waves,API 550A,eq-api,high_shelf,10000.0,10000.0,dB,+4,12379.3,3.66
api550a,Waves,API 550A,eq-api,high_shelf,10000.0,10000.0,dB,+4,136.3,-0.017
api550a,Waves,API 550A,eq-api,high_shelf,10000.0,10000.0,dB,+4,1362.6,1.238
api550a,Waves,API 550A,eq-api,high_shelf,10000.0,10000.0,dB,+4,13625.8,3.671
api550a,Waves,API 550A,eq-api,high_shelf,10000.0,10000.0,dB,+4,1499.8,1.411
api550a,Waves,API 550A,eq-api,high_shelf,10000.0,10000.0,dB,+4,14997.9,3.676
api550a,Waves,API 550A,eq-api,high_shelf,10000.0,10000.0,dB,+4,150.0,-0.011
api550a,Waves,API 550A,eq-api,high_shelf,10000.0,10000.0,dB,+4,165.1,-0.001
api550a,Waves,API 550A,eq-api,high_shelf,10000.0,10000.0,dB,+4,1650.8,1.576
api550a,Waves,API 550A,eq-api,high_shelf,10000.0,10000.0,dB,+4,16508.1,3.671
api550a,Waves,API 550A,eq-api,high_shelf,10000.0,10000.0,dB,+4,181.7,0.01
api550a,Waves,API 550A,eq-api,high_shelf,10000.0,10000.0,dB,+4,1817.0,1.757
api550a,Waves,API 550A,eq-api,high_shelf,10000.0,10000.0,dB,+4,18170.4,3.645
api550a,Waves,API 550A,eq-api,high_shelf,10000.0,10000.0,dB,+4,20.0,-0.027
api550a,Waves,API 550A,eq-api,high_shelf,10000.0,10000.0,dB,+4,200.0,0.016
api550a,Waves,API 550A,eq-api,high_shelf,10000.0,10000.0,dB,+4,2000.0,1.938
api550a,Waves,API 550A,eq-api,high_shelf,10000.0,10000.0,dB,+4,20000.0,3.56
api550a,Waves,API 550A,eq-api,high_shelf,10000.0,10000.0,dB,+4,22.0,-0.029
api550a,Waves,API 550A,eq-api,high_shelf,10000.0,10000.0,dB,+4,220.1,0.017
api550a,Waves,API 550A,eq-api,high_shelf,10000.0,10000.0,dB,+4,2201.4,2.113
api550a,Waves,API 550A,eq-api,high_shelf,10000.0,10000.0,dB,+4,24.2,-0.03
api550a,Waves,API 550A,eq-api,high_shelf,10000.0,10000.0,dB,+4,242.3,0.025
api550a,Waves,API 550A,eq-api,high_shelf,10000.0,10000.0,dB,+4,2423.1,2.288
api550a,Waves,API 550A,eq-api,high_shelf,10000.0,10000.0,dB,+4,26.7,-0.032
api550a,Waves,API 550A,eq-api,high_shelf,10000.0,10000.0,dB,+4,266.7,0.046
api550a,Waves,API 550A,eq-api,high_shelf,10000.0,10000.0,dB,+4,2667.0,2.454
api550a,Waves,API 550A,eq-api,high_shelf,10000.0,10000.0,dB,+4,29.4,-0.033
api550a,Waves,API 550A,eq-api,high_shelf,10000.0,10000.0,dB,+4,293.6,0.064
api550a,Waves,API 550A,eq-api,high_shelf,10000.0,10000.0,dB,+4,2935.6,2.614
api550a,Waves,API 550A,eq-api,high_shelf,10000.0,10000.0,dB,+4,32.3,-0.034
api550a,Waves,API 550A,eq-api,high_shelf,10000.0,10000.0,dB,+4,323.1,0.071
api550a,Waves,API 550A,eq-api,high_shelf,10000.0,10000.0,dB,+4,3231.2,2.758
api550a,Waves,API 550A,eq-api,high_shelf,10000.0,10000.0,dB,+4,35.6,-0.034
api550a,Waves,API 550A,eq-api,high_shelf,10000.0,10000.0,dB,+4,355.7,0.099
api550a,Waves,API 550A,eq-api,high_shelf,10000.0,10000.0,dB,+4,3556.6,2.892
api550a,Waves,API 550A,eq-api,high_shelf,10000.0,10000.0,dB,+4,39.1,-0.035
api550a,Waves,API 550A,eq-api,high_shelf,10000.0,10000.0,dB,+4,391.5,0.128
api550a,Waves,API 550A,eq-api,high_shelf,10000.0,10000.0,dB,+4,3914.7,3.013
api550a,Waves,API 550A,eq-api,high_shelf,10000.0,10000.0,dB,+4,43.1,-0.035
api550a,Waves,API 550A,eq-api,high_shelf,10000.0,10000.0,dB,+4,430.9,0.15
api550a,Waves,API 550A,eq-api,high_shelf,10000.0,10000.0,dB,+4,4308.9,3.122
api550a,Waves,API 550A,eq-api,high_shelf,10000.0,10000.0,dB,+4,47.4,-0.035
api550a,Waves,API 550A,eq-api,high_shelf,10000.0,10000.0,dB,+4,474.3,0.199
api550a,Waves,API 550A,eq-api,high_shelf,10000.0,10000.0,dB,+4,4742.7,3.215
api550a,Waves,API 550A,eq-api,high_shelf,10000.0,10000.0,dB,+4,52.2,-0.033
api550a,Waves,API 550A,eq-api,high_shelf,10000.0,10000.0,dB,+4,522.0,0.229
api550a,Waves,API 550A,eq-api,high_shelf,10000.0,10000.0,dB,+4,5220.3,3.298
api550a,Waves,API 550A,eq-api,high_shelf,10000.0,10000.0,dB,+4,57.5,-0.031
api550a,Waves,API 550A,eq-api,high_shelf,10000.0,10000.0,dB,+4,574.6,0.293
api550a,Waves,API 550A,eq-api,high_shelf,10000.0,10000.0,dB,+4,5746.0,3.374
api550a,Waves,API 550A,eq-api,high_shelf,10000.0,10000.0,dB,+4,63.2,-0.029
api550a,Waves,API 550A,eq-api,high_shelf,10000.0,10000.0,dB,+4,632.5,0.345
api550a,Waves,API 550A,eq-api,high_shelf,10000.0,10000.0,dB,+4,6324.6,3.433
api550a,Waves,API 550A,eq-api,high_shelf,10000.0,10000.0,dB,+4,69.6,-0.025
api550a,Waves,API 550A,eq-api,high_shelf,10000.0,10000.0,dB,+4,696.1,0.413
api550a,Waves,API 550A,eq-api,high_shelf,10000.0,10000.0,dB,+4,6961.4,3.488
api550a,Waves,API 550A,eq-api,high_shelf,10000.0,10000.0,dB,+4,76.6,-0.022
api550a,Waves,API 550A,eq-api,high_shelf,10000.0,10000.0,dB,+4,766.2,0.501
api550a,Waves,API 550A,eq-api,high_shelf,10000.0,10000.0,dB,+4,7662.4,3.532
api550a,Waves,API 550A,eq-api,high_shelf,10000.0,10000.0,dB,+4,84.3,-0.018
api550a,Waves,API 550A,eq-api,high_shelf,10000.0,10000.0,dB,+4,843.4,0.595
api550a,Waves,API 550A,eq-api,high_shelf,10000.0,10000.0,dB,+4,8433.9,3.569
api550a,Waves,API 550A,eq-api,high_shelf,10000.0,10000.0,dB,+4,92.8,-0.015
api550a,Waves,API 550A,eq-api,high_shelf,10000.0,10000.0,dB,+4,928.3,0.698
api550a,Waves,API 550A,eq-api,high_shelf,10000.0,10000.0,dB,+4,9283.2,3.602
api550a,Waves,API 550A,eq-api,high_shelf,10000.0,10000.0,dB,+6,102.2,-0.012
api550a,Waves,API 550A,eq-api,high_shelf,10000.0,10000.0,dB,+6,1021.8,0.879
api550a,Waves,API 550A,eq-api,high_shelf,10000.0,10000.0,dB,+6,10217.9,5.745
api550a,Waves,API 550A,eq-api,high_shelf,10000.0,10000.0,dB,+6,112.5,-0.014
api550a,Waves,API 550A,eq-api,high_shelf,10000.0,10000.0,dB,+6,1124.7,1.037
api550a,Waves,API 550A,eq-api,high_shelf,10000.0,10000.0,dB,+6,11246.8,5.803
api550a,Waves,API 550A,eq-api,high_shelf,10000.0,10000.0,dB,+6,123.8,-0.018
api550a,Waves,API 550A,eq-api,high_shelf,10000.0,10000.0,dB,+6,1237.9,1.211
api550a,Waves,API 550A,eq-api,high_shelf,10000.0,10000.0,dB,+6,12379.3,5.851
api550a,Waves,API 550A,eq-api,high_shelf,10000.0,10000.0,dB,+6,136.3,-0.019
api550a,Waves,API 550A,eq-api,high_shelf,10000.0,10000.0,dB,+6,1362.6,1.394
api550a,Waves,API 550A,eq-api,high_shelf,10000.0,10000.0,dB,+6,13625.8,5.885
api550a,Waves,API 550A,eq-api,high_shelf,10000.0,10000.0,dB,+6,1499.8,1.619
api550a,Waves,API 550A,eq-api,high_shelf,10000.0,10000.0,dB,+6,14997.9,5.907
api550a,Waves,API 550A,eq-api,high_shelf,10000.0,10000.0,dB,+6,150.0,-0.013
api550a,Waves,API 550A,eq-api,high_shelf,10000.0,10000.0,dB,+6,165.1,-0.002
api550a,Waves,API 550A,eq-api,high_shelf,10000.0,10000.0,dB,+6,1650.8,1.842
api550a,Waves,API 550A,eq-api,high_shelf,10000.0,10000.0,dB,+6,16508.1,5.915
api550a,Waves,API 550A,eq-api,high_shelf,10000.0,10000.0,dB,+6,181.7,0.011
api550a,Waves,API 550A,eq-api,high_shelf,10000.0,10000.0,dB,+6,1817.0,2.097
api550a,Waves,API 550A,eq-api,high_shelf,10000.0,10000.0,dB,+6,18170.4,5.89
api550a,Waves,API 550A,eq-api,high_shelf,10000.0,10000.0,dB,+6,20.0,-0.027
api550a,Waves,API 550A,eq-api,high_shelf,10000.0,10000.0,dB,+6,200.0,0.017
api550a,Waves,API 550A,eq-api,high_shelf,10000.0,10000.0,dB,+6,2000.0,2.363
api550a,Waves,API 550A,eq-api,high_shelf,10000.0,10000.0,dB,+6,20000.0,5.772
api550a,Waves,API 550A,eq-api,high_shelf,10000.0,10000.0,dB,+6,22.0,-0.029
api550a,Waves,API 550A,eq-api,high_shelf,10000.0,10000.0,dB,+6,220.1,0.016
api550a,Waves,API 550A,eq-api,high_shelf,10000.0,10000.0,dB,+6,2201.4,2.635
api550a,Waves,API 550A,eq-api,high_shelf,10000.0,10000.0,dB,+6,24.2,-0.03
api550a,Waves,API 550A,eq-api,high_shelf,10000.0,10000.0,dB,+6,242.3,0.023
api550a,Waves,API 550A,eq-api,high_shelf,10000.0,10000.0,dB,+6,2423.1,2.919
api550a,Waves,API 550A,eq-api,high_shelf,10000.0,10000.0,dB,+6,26.7,-0.033
api550a,Waves,API 550A,eq-api,high_shelf,10000.0,10000.0,dB,+6,266.7,0.047
api550a,Waves,API 550A,eq-api,high_shelf,10000.0,10000.0,dB,+6,2667.0,3.201
api550a,Waves,API 550A,eq-api,high_shelf,10000.0,10000.0,dB,+6,29.4,-0.034
api550a,Waves,API 550A,eq-api,high_shelf,10000.0,10000.0,dB,+6,293.6,0.065
api550a,Waves,API 550A,eq-api,high_shelf,10000.0,10000.0,dB,+6,2935.6,3.487
api550a,Waves,API 550A,eq-api,high_shelf,10000.0,10000.0,dB,+6,32.3,-0.035
api550a,Waves,API 550A,eq-api,high_shelf,10000.0,10000.0,dB,+6,323.1,0.069
api550a,Waves,API 550A,eq-api,high_shelf,10000.0,10000.0,dB,+6,3231.2,3.758
api550a,Waves,API 550A,eq-api,high_shelf,10000.0,10000.0,dB,+6,35.6,-0.035
api550a,Waves,API 550A,eq-api,high_shelf,10000.0,10000.0,dB,+6,355.7,0.099
api550a,Waves,API 550A,eq-api,high_shelf,10000.0,10000.0,dB,+6,3556.6,4.024
api550a,Waves,API 550A,eq-api,high_shelf,10000.0,10000.0,dB,+6,39.1,-0.036
api550a,Waves,API 550A,eq-api,high_shelf,10000.0,10000.0,dB,+6,391.5,0.129
api550a,Waves,API 550A,eq-api,high_shelf,10000.0,10000.0,dB,+6,3914.7,4.271
api550a,Waves,API 550A,eq-api,high_shelf,10000.0,10000.0,dB,+6,43.1,-0.036
api550a,Waves,API 550A,eq-api,high_shelf,10000.0,10000.0,dB,+6,430.9,0.15
api550a,Waves,API 550A,eq-api,high_shelf,10000.0,10000.0,dB,+6,4308.9,4.507
api550a,Waves,API 550A,eq-api,high_shelf,10000.0,10000.0,dB,+6,47.4,-0.036
api550a,Waves,API 550A,eq-api,high_shelf,10000.0,10000.0,dB,+6,474.3,0.202
api550a,Waves,API 550A,eq-api,high_shelf,10000.0,10000.0,dB,+6,4742.7,4.714
api550a,Waves,API 550A,eq-api,high_shelf,10000.0,10000.0,dB,+6,52.2,-0.035
api550a,Waves,API 550A,eq-api,high_shelf,10000.0,10000.0,dB,+6,522.0,0.231
api550a,Waves,API 550A,eq-api,high_shelf,10000.0,10000.0,dB,+6,5220.3,4.907
api550a,Waves,API 550A,eq-api,high_shelf,10000.0,10000.0,dB,+6,57.5,-0.032
api550a,Waves,API 550A,eq-api,high_shelf,10000.0,10000.0,dB,+6,574.6,0.3
api550a,Waves,API 550A,eq-api,high_shelf,10000.0,10000.0,dB,+6,5746.0,5.088
api550a,Waves,API 550A,eq-api,high_shelf,10000.0,10000.0,dB,+6,63.2,-0.03
api550a,Waves,API 550A,eq-api,high_shelf,10000.0,10000.0,dB,+6,632.5,0.354
api550a,Waves,API 550A,eq-api,high_shelf,10000.0,10000.0,dB,+6,6324.6,5.238
api550a,Waves,API 550A,eq-api,high_shelf,10000.0,10000.0,dB,+6,69.6,-0.026
api550a,Waves,API 550A,eq-api,high_shelf,10000.0,10000.0,dB,+6,696.1,0.426
api550a,Waves,API 550A,eq-api,high_shelf,10000.0,10000.0,dB,+6,6961.4,5.373
api550a,Waves,API 550A,eq-api,high_shelf,10000.0,10000.0,dB,+6,76.6,-0.021
api550a,Waves,API 550A,eq-api,high_shelf,10000.0,10000.0,dB,+6,766.2,0.524
api550a,Waves,API 550A,eq-api,high_shelf,10000.0,10000.0,dB,+6,7662.4,5.487
api550a,Waves,API 550A,eq-api,high_shelf,10000.0,10000.0,dB,+6,84.3,-0.016
api550a,Waves,API 550A,eq-api,high_shelf,10000.0,10000.0,dB,+6,843.4,0.628
api550a,Waves,API 550A,eq-api,high_shelf,10000.0,10000.0,dB,+6,8433.9,5.589
api550a,Waves,API 550A,eq-api,high_shelf,10000.0,10000.0,dB,+6,92.8,-0.014
api550a,Waves,API 550A,eq-api,high_shelf,10000.0,10000.0,dB,+6,928.3,0.743
api550a,Waves,API 550A,eq-api,high_shelf,10000.0,10000.0,dB,+6,9283.2,5.675
api550a,Waves,API 550A,eq-api,high_shelf,10000.0,10000.0,dB,+9,102.2,0.003
api550a,Waves,API 550A,eq-api,high_shelf,10000.0,10000.0,dB,+9,1021.8,1.105
api550a,Waves,API 550A,eq-api,high_shelf,10000.0,10000.0,dB,+9,10217.9,8.502
api550a,Waves,API 550A,eq-api,high_shelf,10000.0,10000.0,dB,+9,112.5,0.0
api550a,Waves,API 550A,eq-api,high_shelf,10000.0,10000.0,dB,+9,1124.7,1.304
api550a,Waves,API 550A,eq-api,high_shelf,10000.0,10000.0,dB,+9,11246.8,8.627
api550a,Waves,API 550A,eq-api,high_shelf,10000.0,10000.0,dB,+9,123.8,-0.005
api550a,Waves,API 550A,eq-api,high_shelf,10000.0,10000.0,dB,+9,1237.9,1.523
api550a,Waves,API 550A,eq-api,high_shelf,10000.0,10000.0,dB,+9,12379.3,8.731
api550a,Waves,API 550A,eq-api,high_shelf,10000.0,10000.0,dB,+9,136.3,-0.007
api550a,Waves,API 550A,eq-api,high_shelf,10000.0,10000.0,dB,+9,1362.6,1.757
api550a,Waves,API 550A,eq-api,high_shelf,10000.0,10000.0,dB,+9,13625.8,8.813
api550a,Waves,API 550A,eq-api,high_shelf,10000.0,10000.0,dB,+9,1499.8,2.048
api550a,Waves,API 550A,eq-api,high_shelf,10000.0,10000.0,dB,+9,14997.9,8.877
api550a,Waves,API 550A,eq-api,high_shelf,10000.0,10000.0,dB,+9,150.0,0.0
api550a,Waves,API 550A,eq-api,high_shelf,10000.0,10000.0,dB,+9,165.1,0.015
api550a,Waves,API 550A,eq-api,high_shelf,10000.0,10000.0,dB,+9,1650.8,2.338
api550a,Waves,API 550A,eq-api,high_shelf,10000.0,10000.0,dB,+9,16508.1,8.91
api550a,Waves,API 550A,eq-api,high_shelf,10000.0,10000.0,dB,+9,181.7,0.031
api550a,Waves,API 550A,eq-api,high_shelf,10000.0,10000.0,dB,+9,1817.0,2.672
api550a,Waves,API 550A,eq-api,high_shelf,10000.0,10000.0,dB,+9,18170.4,8.899
api550a,Waves,API 550A,eq-api,high_shelf,10000.0,10000.0,dB,+9,20.0,-0.016
api550a,Waves,API 550A,eq-api,high_shelf,10000.0,10000.0,dB,+9,200.0,0.038
api550a,Waves,API 550A,eq-api,high_shelf,10000.0,10000.0,dB,+9,2000.0,3.03
api550a,Waves,API 550A,eq-api,high_shelf,10000.0,10000.0,dB,+9,20000.0,8.759
api550a,Waves,API 550A,eq-api,high_shelf,10000.0,10000.0,dB,+9,22.0,-0.019
api550a,Waves,API 550A,eq-api,high_shelf,10000.0,10000.0,dB,+9,220.1,0.036
api550a,Waves,API 550A,eq-api,high_shelf,10000.0,10000.0,dB,+9,2201.4,3.398
api550a,Waves,API 550A,eq-api,high_shelf,10000.0,10000.0,dB,+9,24.2,-0.02
api550a,Waves,API 550A,eq-api,high_shelf,10000.0,10000.0,dB,+9,242.3,0.044
api550a,Waves,API 550A,eq-api,high_shelf,10000.0,10000.0,dB,+9,2423.1,3.793
api550a,Waves,API 550A,eq-api,high_shelf,10000.0,10000.0,dB,+9,26.7,-0.024
api550a,Waves,API 550A,eq-api,high_shelf,10000.0,10000.0,dB,+9,266.7,0.074
api550a,Waves,API 550A,eq-api,high_shelf,10000.0,10000.0,dB,+9,2667.0,4.195
api550a,Waves,API 550A,eq-api,high_shelf,10000.0,10000.0,dB,+9,29.4,-0.025
api550a,Waves,API 550A,eq-api,high_shelf,10000.0,10000.0,dB,+9,293.6,0.097
api550a,Waves,API 550A,eq-api,high_shelf,10000.0,10000.0,dB,+9,2935.6,4.609
api550a,Waves,API 550A,eq-api,high_shelf,10000.0,10000.0,dB,+9,32.3,-0.027
api550a,Waves,API 550A,eq-api,high_shelf,10000.0,10000.0,dB,+9,323.1,0.101
api550a,Waves,API 550A,eq-api,high_shelf,10000.0,10000.0,dB,+9,3231.2,5.015
api550a,Waves,API 550A,eq-api,high_shelf,10000.0,10000.0,dB,+9,35.6,-0.027
api550a,Waves,API 550A,eq-api,high_shelf,10000.0,10000.0,dB,+9,355.7,0.138
api550a,Waves,API 550A,eq-api,high_shelf,10000.0,10000.0,dB,+9,3556.6,5.424
api550a,Waves,API 550A,eq-api,high_shelf,10000.0,10000.0,dB,+9,39.1,-0.029
api550a,Waves,API 550A,eq-api,high_shelf,10000.0,10000.0,dB,+9,391.5,0.176
api550a,Waves,API 550A,eq-api,high_shelf,10000.0,10000.0,dB,+9,3914.7,5.815
api550a,Waves,API 550A,eq-api,high_shelf,10000.0,10000.0,dB,+9,43.1,-0.029
api550a,Waves,API 550A,eq-api,high_shelf,10000.0,10000.0,dB,+9,430.9,0.199
api550a,Waves,API 550A,eq-api,high_shelf,10000.0,10000.0,dB,+9,4308.9,6.2
api550a,Waves,API 550A,eq-api,high_shelf,10000.0,10000.0,dB,+9,47.4,-0.029
api550a,Waves,API 550A,eq-api,high_shelf,10000.0,10000.0,dB,+9,474.3,0.266
api550a,Waves,API 550A,eq-api,high_shelf,10000.0,10000.0,dB,+9,4742.7,6.555
api550a,Waves,API 550A,eq-api,high_shelf,10000.0,10000.0,dB,+9,52.2,-0.027
api550a,Waves,API 550A,eq-api,high_shelf,10000.0,10000.0,dB,+9,522.0,0.299
api550a,Waves,API 550A,eq-api,high_shelf,10000.0,10000.0,dB,+9,5220.3,6.891
api550a,Waves,API 550A,eq-api,high_shelf,10000.0,10000.0,dB,+9,57.5,-0.024
api550a,Waves,API 550A,eq-api,high_shelf,10000.0,10000.0,dB,+9,574.6,0.385
api550a,Waves,API 550A,eq-api,high_shelf,10000.0,10000.0,dB,+9,5746.0,7.21
api550a,Waves,API 550A,eq-api,high_shelf,10000.0,10000.0,dB,+9,63.2,-0.02
api550a,Waves,API 550A,eq-api,high_shelf,10000.0,10000.0,dB,+9,632.5,0.451
api550a,Waves,API 550A,eq-api,high_shelf,10000.0,10000.0,dB,+9,6324.6,7.491
api550a,Waves,API 550A,eq-api,high_shelf,10000.0,10000.0,dB,+9,69.6,-0.014
api550a,Waves,API 550A,eq-api,high_shelf,10000.0,10000.0,dB,+9,696.1,0.54
api550a,Waves,API 550A,eq-api,high_shelf,10000.0,10000.0,dB,+9,6961.4,7.751
api550a,Waves,API 550A,eq-api,high_shelf,10000.0,10000.0,dB,+9,76.6,-0.009
api550a,Waves,API 550A,eq-api,high_shelf,10000.0,10000.0,dB,+9,766.2,0.662
api550a,Waves,API 550A,eq-api,high_shelf,10000.0,10000.0,dB,+9,7662.4,7.973
api550a,Waves,API 550A,eq-api,high_shelf,10000.0,10000.0,dB,+9,84.3,-0.002
api550a,Waves,API 550A,eq-api,high_shelf,10000.0,10000.0,dB,+9,843.4,0.792
api550a,Waves,API 550A,eq-api,high_shelf,10000.0,10000.0,dB,+9,8433.9,8.176
api550a,Waves,API 550A,eq-api,high_shelf,10000.0,10000.0,dB,+9,92.8,0.001
api550a,Waves,API 550A,eq-api,high_shelf,10000.0,10000.0,dB,+9,928.3,0.935
api550a,Waves,API 550A,eq-api,high_shelf,10000.0,10000.0,dB,+9,9283.2,8.352
api550a,Waves,API 550A,eq-api,high_shelf,10000.0,10000.0,dB,-12,102.2,-0.056
api550a,Waves,API 550A,eq-api,high_shelf,10000.0,10000.0,dB,-12,1021.8,-1.272
api550a,Waves,API 550A,eq-api,high_shelf,10000.0,10000.0,dB,-12,10217.9,-11.409
api550a,Waves,API 550A,eq-api,high_shelf,10000.0,10000.0,dB,-12,112.5,-0.052
api550a,Waves,API 550A,eq-api,high_shelf,10000.0,10000.0,dB,-12,1124.7,-1.493
api550a,Waves,API 550A,eq-api,high_shelf,10000.0,10000.0,dB,-12,11246.8,-11.681
api550a,Waves,API 550A,eq-api,high_shelf,10000.0,10000.0,dB,-12,123.8,-0.045
api550a,Waves,API 550A,eq-api,high_shelf,10000.0,10000.0,dB,-12,1237.9,-1.732
api550a,Waves,API 550A,eq-api,high_shelf,10000.0,10000.0,dB,-12,12379.3,-11.921
api550a,Waves,API 550A,eq-api,high_shelf,10000.0,10000.0,dB,-12,136.3,-0.043
api550a,Waves,API 550A,eq-api,high_shelf,10000.0,10000.0,dB,-12,1362.6,-1.996
api550a,Waves,API 550A,eq-api,high_shelf,10000.0,10000.0,dB,-12,13625.8,-12.118
api550a,Waves,API 550A,eq-api,high_shelf,10000.0,10000.0,dB,-12,1499.8,-2.334
api550a,Waves,API 550A,eq-api,high_shelf,10000.0,10000.0,dB,-12,14997.9,-12.304
api550a,Waves,API 550A,eq-api,high_shelf,10000.0,10000.0,dB,-12,150.0,-0.05
api550a,Waves,API 550A,eq-api,high_shelf,10000.0,10000.0,dB,-12,165.1,-0.068
api550a,Waves,API 550A,eq-api,high_shelf,10000.0,10000.0,dB,-12,1650.8,-2.657
api550a,Waves,API 550A,eq-api,high_shelf,10000.0,10000.0,dB,-12,16508.1,-12.45
api550a,Waves,API 550A,eq-api,high_shelf,10000.0,10000.0,dB,-12,181.7,-0.088
api550a,Waves,API 550A,eq-api,high_shelf,10000.0,10000.0,dB,-12,1817.0,-3.041
api550a,Waves,API 550A,eq-api,high_shelf,10000.0,10000.0,dB,-12,18170.4,-12.575
api550a,Waves,API 550A,eq-api,high_shelf,10000.0,10000.0,dB,-12,20.0,-0.034
api550a,Waves,API 550A,eq-api,high_shelf,10000.0,10000.0,dB,-12,200.0,-0.095
api550a,Waves,API 550A,eq-api,high_shelf,10000.0,10000.0,dB,-12,2000.0,-3.457
api550a,Waves,API 550A,eq-api,high_shelf,10000.0,10000.0,dB,-12,20000.0,-12.689
api550a,Waves,API 550A,eq-api,high_shelf,10000.0,10000.0,dB,-12,22.0,-0.032
api550a,Waves,API 550A,eq-api,high_shelf,10000.0,10000.0,dB,-12,220.1,-0.089
api550a,Waves,API 550A,eq-api,high_shelf,10000.0,10000.0,dB,-12,2201.4,-3.892
api550a,Waves,API 550A,eq-api,high_shelf,10000.0,10000.0,dB,-12,24.2,-0.029
api550a,Waves,API 550A,eq-api,high_shelf,10000.0,10000.0,dB,-12,242.3,-0.099
api550a,Waves,API 550A,eq-api,high_shelf,10000.0,10000.0,dB,-12,2423.1,-4.382
api550a,Waves,API 550A,eq-api,high_shelf,10000.0,10000.0,dB,-12,26.7,-0.027
api550a,Waves,API 550A,eq-api,high_shelf,10000.0,10000.0,dB,-12,266.7,-0.134
api550a,Waves,API 550A,eq-api,high_shelf,10000.0,10000.0,dB,-12,2667.0,-4.859
api550a,Waves,API 550A,eq-api,high_shelf,10000.0,10000.0,dB,-12,29.4,-0.025
api550a,Waves,API 550A,eq-api,high_shelf,10000.0,10000.0,dB,-12,293.6,-0.157
api550a,Waves,API 550A,eq-api,high_shelf,10000.0,10000.0,dB,-12,2935.6,-5.38
api550a,Waves,API 550A,eq-api,high_shelf,10000.0,10000.0,dB,-12,32.3,-0.023
api550a,Waves,API 550A,eq-api,high_shelf,10000.0,10000.0,dB,-12,323.1,-0.16
api550a,Waves,API 550A,eq-api,high_shelf,10000.0,10000.0,dB,-12,3231.2,-5.898
api550a,Waves,API 550A,eq-api,high_shelf,10000.0,10000.0,dB,-12,35.6,-0.02
api550a,Waves,API 550A,eq-api,high_shelf,10000.0,10000.0,dB,-12,355.7,-0.205
api550a,Waves,API 550A,eq-api,high_shelf,10000.0,10000.0,dB,-12,3556.6,-6.457
api550a,Waves,API 550A,eq-api,high_shelf,10000.0,10000.0,dB,-12,39.1,-0.02
api550a,Waves,API 550A,eq-api,high_shelf,10000.0,10000.0,dB,-12,391.5,-0.244
api550a,Waves,API 550A,eq-api,high_shelf,10000.0,10000.0,dB,-12,3914.7,-6.982
api550a,Waves,API 550A,eq-api,high_shelf,10000.0,10000.0,dB,-12,43.1,-0.02
api550a,Waves,API 550A,eq-api,high_shelf,10000.0,10000.0,dB,-12,430.9,-0.269
api550a,Waves,API 550A,eq-api,high_shelf,10000.0,10000.0,dB,-12,4308.9,-7.531
api550a,Waves,API 550A,eq-api,high_shelf,10000.0,10000.0,dB,-12,47.4,-0.021
api550a,Waves,API 550A,eq-api,high_shelf,10000.0,10000.0,dB,-12,474.3,-0.343
api550a,Waves,API 550A,eq-api,high_shelf,10000.0,10000.0,dB,-12,4742.7,-8.035
api550a,Waves,API 550A,eq-api,high_shelf,10000.0,10000.0,dB,-12,52.2,-0.023
api550a,Waves,API 550A,eq-api,high_shelf,10000.0,10000.0,dB,-12,522.0,-0.379
api550a,Waves,API 550A,eq-api,high_shelf,10000.0,10000.0,dB,-12,5220.3,-8.553
api550a,Waves,API 550A,eq-api,high_shelf,10000.0,10000.0,dB,-12,57.5,-0.026
api550a,Waves,API 550A,eq-api,high_shelf,10000.0,10000.0,dB,-12,574.6,-0.473
api550a,Waves,API 550A,eq-api,high_shelf,10000.0,10000.0,dB,-12,5746.0,-9.051
api550a,Waves,API 550A,eq-api,high_shelf,10000.0,10000.0,dB,-12,63.2,-0.032
api550a,Waves,API 550A,eq-api,high_shelf,10000.0,10000.0,dB,-12,632.5,-0.549
api550a,Waves,API 550A,eq-api,high_shelf,10000.0,10000.0,dB,-12,6324.6,-9.512
api550a,Waves,API 550A,eq-api,high_shelf,10000.0,10000.0,dB,-12,69.6,-0.037
api550a,Waves,API 550A,eq-api,high_shelf,10000.0,10000.0,dB,-12,696.1,-0.639
api550a,Waves,API 550A,eq-api,high_shelf,10000.0,10000.0,dB,-12,6961.4,-9.965
api550a,Waves,API 550A,eq-api,high_shelf,10000.0,10000.0,dB,-12,76.6,-0.043
api550a,Waves,API 550A,eq-api,high_shelf,10000.0,10000.0,dB,-12,766.2,-0.778
api550a,Waves,API 550A,eq-api,high_shelf,10000.0,10000.0,dB,-12,7662.4,-10.368
api550a,Waves,API 550A,eq-api,high_shelf,10000.0,10000.0,dB,-12,84.3,-0.05
api550a,Waves,API 550A,eq-api,high_shelf,10000.0,10000.0,dB,-12,843.4,-0.924
api550a,Waves,API 550A,eq-api,high_shelf,10000.0,10000.0,dB,-12,8433.9,-10.759
api550a,Waves,API 550A,eq-api,high_shelf,10000.0,10000.0,dB,-12,92.8,-0.056
api550a,Waves,API 550A,eq-api,high_shelf,10000.0,10000.0,dB,-12,928.3,-1.085
api550a,Waves,API 550A,eq-api,high_shelf,10000.0,10000.0,dB,-12,9283.2,-11.102
api550a,Waves,API 550A,eq-api,high_shelf,10000.0,10000.0,dB,-4,102.2,-0.044
api550a,Waves,API 550A,eq-api,high_shelf,10000.0,10000.0,dB,-4,1021.8,-0.719
api550a,Waves,API 550A,eq-api,high_shelf,10000.0,10000.0,dB,-4,10217.9,-3.841
api550a,Waves,API 550A,eq-api,high_shelf,10000.0,10000.0,dB,-4,112.5,-0.042
api550a,Waves,API 550A,eq-api,high_shelf,10000.0,10000.0,dB,-4,1124.7,-0.835
api550a,Waves,API 550A,eq-api,high_shelf,10000.0,10000.0,dB,-4,11246.8,-3.875
api550a,Waves,API 550A,eq-api,high_shelf,10000.0,10000.0,dB,-4,123.8,-0.04
api550a,Waves,API 550A,eq-api,high_shelf,10000.0,10000.0,dB,-4,1237.9,-0.961
api550a,Waves,API 550A,eq-api,high_shelf,10000.0,10000.0,dB,-4,12379.3,-3.903
api550a,Waves,API 550A,eq-api,high_shelf,10000.0,10000.0,dB,-4,136.3,-0.039
api550a,Waves,API 550A,eq-api,high_shelf,10000.0,10000.0,dB,-4,1362.6,-1.096
api550a,Waves,API 550A,eq-api,high_shelf,10000.0,10000.0,dB,-4,13625.8,-3.926
api550a,Waves,API 550A,eq-api,high_shelf,10000.0,10000.0,dB,-4,1499.8,-1.26
api550a,Waves,API 550A,eq-api,high_shelf,10000.0,10000.0,dB,-4,14997.9,-3.947
api550a,Waves,API 550A,eq-api,high_shelf,10000.0,10000.0,dB,-4,150.0,-0.042
api550a,Waves,API 550A,eq-api,high_shelf,10000.0,10000.0,dB,-4,165.1,-0.052
api550a,Waves,API 550A,eq-api,high_shelf,10000.0,10000.0,dB,-4,1650.8,-1.416
api550a,Waves,API 550A,eq-api,high_shelf,10000.0,10000.0,dB,-4,16508.1,-3.975
api550a,Waves,API 550A,eq-api,high_shelf,10000.0,10000.0,dB,-4,181.7,-0.061
api550a,Waves,API 550A,eq-api,high_shelf,10000.0,10000.0,dB,-4,1817.0,-1.596
api550a,Waves,API 550A,eq-api,high_shelf,10000.0,10000.0,dB,-4,18170.4,-4.003
api550a,Waves,API 550A,eq-api,high_shelf,10000.0,10000.0,dB,-4,20.0,-0.031
api550a,Waves,API 550A,eq-api,high_shelf,10000.0,10000.0,dB,-4,200.0,-0.067
api550a,Waves,API 550A,eq-api,high_shelf,10000.0,10000.0,dB,-4,2000.0,-1.781
api550a,Waves,API 550A,eq-api,high_shelf,10000.0,10000.0,dB,-4,20000.0,-4.066
api550a,Waves,API 550A,eq-api,high_shelf,10000.0,10000.0,dB,-4,22.0,-0.03
api550a,Waves,API 550A,eq-api,high_shelf,10000.0,10000.0,dB,-4,220.1,-0.065
api550a,Waves,API 550A,eq-api,high_shelf,10000.0,10000.0,dB,-4,2201.4,-1.964
api550a,Waves,API 550A,eq-api,high_shelf,10000.0,10000.0,dB,-4,24.2,-0.029
api550a,Waves,API 550A,eq-api,high_shelf,10000.0,10000.0,dB,-4,242.3,-0.071
api550a,Waves,API 550A,eq-api,high_shelf,10000.0,10000.0,dB,-4,2423.1,-2.157
api550a,Waves,API 550A,eq-api,high_shelf,10000.0,10000.0,dB,-4,26.7,-0.029
api550a,Waves,API 550A,eq-api,high_shelf,10000.0,10000.0,dB,-4,266.7,-0.089
api550a,Waves,API 550A,eq-api,high_shelf,10000.0,10000.0,dB,-4,2667.0,-2.339
api550a,Waves,API 550A,eq-api,high_shelf,10000.0,10000.0,dB,-4,29.4,-0.028
api550a,Waves,API 550A,eq-api,high_shelf,10000.0,10000.0,dB,-4,293.6,-0.102
api550a,Waves,API 550A,eq-api,high_shelf,10000.0,10000.0,dB,-4,2935.6,-2.525
api550a,Waves,API 550A,eq-api,high_shelf,10000.0,10000.0,dB,-4,32.3,-0.027
api550a,Waves,API 550A,eq-api,high_shelf,10000.0,10000.0,dB,-4,323.1,-0.106
api550a,Waves,API 550A,eq-api,high_shelf,10000.0,10000.0,dB,-4,3231.2,-2.694
api550a,Waves,API 550A,eq-api,high_shelf,10000.0,10000.0,dB,-4,35.6,-0.025
api550a,Waves,API 550A,eq-api,high_shelf,10000.0,10000.0,dB,-4,355.7,-0.13
api550a,Waves,API 550A,eq-api,high_shelf,10000.0,10000.0,dB,-4,3556.6,-2.862
api550a,Waves,API 550A,eq-api,high_shelf,10000.0,10000.0,dB,-4,39.1,-0.026
api550a,Waves,API 550A,eq-api,high_shelf,10000.0,10000.0,dB,-4,391.5,-0.153
api550a,Waves,API 550A,eq-api,high_shelf,10000.0,10000.0,dB,-4,3914.7,-3.008
api550a,Waves,API 550A,eq-api,high_shelf,10000.0,10000.0,dB,-4,43.1,-0.026
api550a,Waves,API 550A,eq-api,high_shelf,10000.0,10000.0,dB,-4,430.9,-0.168
api550a,Waves,API 550A,eq-api,high_shelf,10000.0,10000.0,dB,-4,4308.9,-3.15
api550a,Waves,API 550A,eq-api,high_shelf,10000.0,10000.0,dB,-4,47.4,-0.027
api550a,Waves,API 550A,eq-api,high_shelf,10000.0,10000.0,dB,-4,474.3,-0.208
api550a,Waves,API 550A,eq-api,high_shelf,10000.0,10000.0,dB,-4,4742.7,-3.27
api550a,Waves,API 550A,eq-api,high_shelf,10000.0,10000.0,dB,-4,52.2,-0.027
api550a,Waves,API 550A,eq-api,high_shelf,10000.0,10000.0,dB,-4,522.0,-0.231
api550a,Waves,API 550A,eq-api,high_shelf,10000.0,10000.0,dB,-4,5220.3,-3.38
api550a,Waves,API 550A,eq-api,high_shelf,10000.0,10000.0,dB,-4,57.5,-0.028
api550a,Waves,API 550A,eq-api,high_shelf,10000.0,10000.0,dB,-4,574.6,-0.282
api550a,Waves,API 550A,eq-api,high_shelf,10000.0,10000.0,dB,-4,5746.0,-3.481
api550a,Waves,API 550A,eq-api,high_shelf,10000.0,10000.0,dB,-4,63.2,-0.032
api550a,Waves,API 550A,eq-api,high_shelf,10000.0,10000.0,dB,-4,632.5,-0.324
api550a,Waves,API 550A,eq-api,high_shelf,10000.0,10000.0,dB,-4,6324.6,-3.563
api550a,Waves,API 550A,eq-api,high_shelf,10000.0,10000.0,dB,-4,69.6,-0.033
api550a,Waves,API 550A,eq-api,high_shelf,10000.0,10000.0,dB,-4,696.1,-0.377
api550a,Waves,API 550A,eq-api,high_shelf,10000.0,10000.0,dB,-4,6961.4,-3.639
api550a,Waves,API 550A,eq-api,high_shelf,10000.0,10000.0,dB,-4,76.6,-0.037
api550a,Waves,API 550A,eq-api,high_shelf,10000.0,10000.0,dB,-4,766.2,-0.453
api550a,Waves,API 550A,eq-api,high_shelf,10000.0,10000.0,dB,-4,7662.4,-3.699
api550a,Waves,API 550A,eq-api,high_shelf,10000.0,10000.0,dB,-4,84.3,-0.04
api550a,Waves,API 550A,eq-api,high_shelf,10000.0,10000.0,dB,-4,843.4,-0.531
api550a,Waves,API 550A,eq-api,high_shelf,10000.0,10000.0,dB,-4,8433.9,-3.757
api550a,Waves,API 550A,eq-api,high_shelf,10000.0,10000.0,dB,-4,92.8,-0.043
api550a,Waves,API 550A,eq-api,high_shelf,10000.0,10000.0,dB,-4,928.3,-0.618
api550a,Waves,API 550A,eq-api,high_shelf,10000.0,10000.0,dB,-4,9283.2,-3.8
api550a,Waves,API 550A,eq-api,high_shelf,10000.0,10000.0,dB,-6,102.2,-0.066
api550a,Waves,API 550A,eq-api,high_shelf,10000.0,10000.0,dB,-6,1021.8,-0.894
api550a,Waves,API 550A,eq-api,high_shelf,10000.0,10000.0,dB,-6,10217.9,-5.982
api550a,Waves,API 550A,eq-api,high_shelf,10000.0,10000.0,dB,-6,112.5,-0.064
api550a,Waves,API 550A,eq-api,high_shelf,10000.0,10000.0,dB,-6,1124.7,-1.044
api550a,Waves,API 550A,eq-api,high_shelf,10000.0,10000.0,dB,-6,11246.8,-6.055
api550a,Waves,API 550A,eq-api,high_shelf,10000.0,10000.0,dB,-6,123.8,-0.061
api550a,Waves,API 550A,eq-api,high_shelf,10000.0,10000.0,dB,-6,1237.9,-1.207
api550a,Waves,API 550A,eq-api,high_shelf,10000.0,10000.0,dB,-6,12379.3,-6.116
api550a,Waves,API 550A,eq-api,high_shelf,10000.0,10000.0,dB,-6,136.3,-0.059
api550a,Waves,API 550A,eq-api,high_shelf,10000.0,10000.0,dB,-6,1362.6,-1.384
api550a,Waves,API 550A,eq-api,high_shelf,10000.0,10000.0,dB,-6,13625.8,-6.163
api550a,Waves,API 550A,eq-api,high_shelf,10000.0,10000.0,dB,-6,1499.8,-1.605
api550a,Waves,API 550A,eq-api,high_shelf,10000.0,10000.0,dB,-6,14997.9,-6.205
api550a,Waves,API 550A,eq-api,high_shelf,10000.0,10000.0,dB,-6,150.0,-0.064
api550a,Waves,API 550A,eq-api,high_shelf,10000.0,10000.0,dB,-6,165.1,-0.075
api550a,Waves,API 550A,eq-api,high_shelf,10000.0,10000.0,dB,-6,1650.8,-1.819
api550a,Waves,API 550A,eq-api,high_shelf,10000.0,10000.0,dB,-6,16508.1,-6.239
api550a,Waves,API 550A,eq-api,high_shelf,10000.0,10000.0,dB,-6,181.7,-0.088
api550a,Waves,API 550A,eq-api,high_shelf,10000.0,10000.0,dB,-6,1817.0,-2.07
api550a,Waves,API 550A,eq-api,high_shelf,10000.0,10000.0,dB,-6,18170.4,-6.265
api550a,Waves,API 550A,eq-api,high_shelf,10000.0,10000.0,dB,-6,20.0,-0.052
api550a,Waves,API 550A,eq-api,high_shelf,10000.0,10000.0,dB,-6,200.0,-0.093
api550a,Waves,API 550A,eq-api,high_shelf,10000.0,10000.0,dB,-6,2000.0,-2.335
api550a,Waves,API 550A,eq-api,high_shelf,10000.0,10000.0,dB,-6,20000.0,-6.288
api550a,Waves,API 550A,eq-api,high_shelf,10000.0,10000.0,dB,-6,22.0,-0.05
api550a,Waves,API 550A,eq-api,high_shelf,10000.0,10000.0,dB,-6,220.1,-0.09
api550a,Waves,API 550A,eq-api,high_shelf,10000.0,10000.0,dB,-6,2201.4,-2.607
api550a,Waves,API 550A,eq-api,high_shelf,10000.0,10000.0,dB,-6,24.2,-0.049
api550a,Waves,API 550A,eq-api,high_shelf,10000.0,10000.0,dB,-6,242.3,-0.098
api550a,Waves,API 550A,eq-api,high_shelf,10000.0,10000.0,dB,-6,2423.1,-2.901
api550a,Waves,API 550A,eq-api,high_shelf,10000.0,10000.0,dB,-6,26.7,-0.048
api550a,Waves,API 550A,eq-api,high_shelf,10000.0,10000.0,dB,-6,266.7,-0.12
api550a,Waves,API 550A,eq-api,high_shelf,10000.0,10000.0,dB,-6,2667.0,-3.188
api550a,Waves,API 550A,eq-api,high_shelf,10000.0,10000.0,dB,-6,29.4,-0.046
api550a,Waves,API 550A,eq-api,high_shelf,10000.0,10000.0,dB,-6,293.6,-0.135
api550a,Waves,API 550A,eq-api,high_shelf,10000.0,10000.0,dB,-6,2935.6,-3.485
api550a,Waves,API 550A,eq-api,high_shelf,10000.0,10000.0,dB,-6,32.3,-0.046
api550a,Waves,API 550A,eq-api,high_shelf,10000.0,10000.0,dB,-6,323.1,-0.139
api550a,Waves,API 550A,eq-api,high_shelf,10000.0,10000.0,dB,-6,3231.2,-3.768
api550a,Waves,API 550A,eq-api,high_shelf,10000.0,10000.0,dB,-6,35.6,-0.043
api550a,Waves,API 550A,eq-api,high_shelf,10000.0,10000.0,dB,-6,355.7,-0.169
api550a,Waves,API 550A,eq-api,high_shelf,10000.0,10000.0,dB,-6,3556.6,-4.059
api550a,Waves,API 550A,eq-api,high_shelf,10000.0,10000.0,dB,-6,39.1,-0.044
api550a,Waves,API 550A,eq-api,high_shelf,10000.0,10000.0,dB,-6,391.5,-0.196
api550a,Waves,API 550A,eq-api,high_shelf,10000.0,10000.0,dB,-6,3914.7,-4.319
api550a,Waves,API 550A,eq-api,high_shelf,10000.0,10000.0,dB,-6,43.1,-0.043
api550a,Waves,API 550A,eq-api,high_shelf,10000.0,10000.0,dB,-6,430.9,-0.213
api550a,Waves,API 550A,eq-api,high_shelf,10000.0,10000.0,dB,-6,4308.9,-4.579
api550a,Waves,API 550A,eq-api,high_shelf,10000.0,10000.0,dB,-6,47.4,-0.044
api550a,Waves,API 550A,eq-api,high_shelf,10000.0,10000.0,dB,-6,474.3,-0.263
api550a,Waves,API 550A,eq-api,high_shelf,10000.0,10000.0,dB,-6,4742.7,-4.805
api550a,Waves,API 550A,eq-api,high_shelf,10000.0,10000.0,dB,-6,52.2,-0.046
api550a,Waves,API 550A,eq-api,high_shelf,10000.0,10000.0,dB,-6,522.0,-0.289
api550a,Waves,API 550A,eq-api,high_shelf,10000.0,10000.0,dB,-6,5220.3,-5.022
api550a,Waves,API 550A,eq-api,high_shelf,10000.0,10000.0,dB,-6,57.5,-0.047
api550a,Waves,API 550A,eq-api,high_shelf,10000.0,10000.0,dB,-6,574.6,-0.352
api550a,Waves,API 550A,eq-api,high_shelf,10000.0,10000.0,dB,-6,5746.0,-5.221
api550a,Waves,API 550A,eq-api,high_shelf,10000.0,10000.0,dB,-6,63.2,-0.051
api550a,Waves,API 550A,eq-api,high_shelf,10000.0,10000.0,dB,-6,632.5,-0.403
api550a,Waves,API 550A,eq-api,high_shelf,10000.0,10000.0,dB,-6,6324.6,-5.389
api550a,Waves,API 550A,eq-api,high_shelf,10000.0,10000.0,dB,-6,69.6,-0.054
api550a,Waves,API 550A,eq-api,high_shelf,10000.0,10000.0,dB,-6,696.1,-0.467
api550a,Waves,API 550A,eq-api,high_shelf,10000.0,10000.0,dB,-6,6961.4,-5.547
api550a,Waves,API 550A,eq-api,high_shelf,10000.0,10000.0,dB,-6,76.6,-0.058
api550a,Waves,API 550A,eq-api,high_shelf,10000.0,10000.0,dB,-6,766.2,-0.56
api550a,Waves,API 550A,eq-api,high_shelf,10000.0,10000.0,dB,-6,7662.4,-5.676
api550a,Waves,API 550A,eq-api,high_shelf,10000.0,10000.0,dB,-6,84.3,-0.062
api550a,Waves,API 550A,eq-api,high_shelf,10000.0,10000.0,dB,-6,843.4,-0.658
api550a,Waves,API 550A,eq-api,high_shelf,10000.0,10000.0,dB,-6,8433.9,-5.796
api550a,Waves,API 550A,eq-api,high_shelf,10000.0,10000.0,dB,-6,92.8,-0.066
api550a,Waves,API 550A,eq-api,high_shelf,10000.0,10000.0,dB,-6,928.3,-0.768
api550a,Waves,API 550A,eq-api,high_shelf,10000.0,10000.0,dB,-6,9283.2,-5.898
api550a,Waves,API 550A,eq-api,high_shelf,10000.0,10000.0,dB,-9,102.2,-0.054
api550a,Waves,API 550A,eq-api,high_shelf,10000.0,10000.0,dB,-9,1021.8,-1.254
api550a,Waves,API 550A,eq-api,high_shelf,10000.0,10000.0,dB,-9,10217.9,-8.767
api550a,Waves,API 550A,eq-api,high_shelf,10000.0,10000.0,dB,-9,112.5,-0.051
api550a,Waves,API 550A,eq-api,high_shelf,10000.0,10000.0,dB,-9,1124.7,-1.465
api550a,Waves,API 550A,eq-api,high_shelf,10000.0,10000.0,dB,-9,11246.8,-8.895
api550a,Waves,API 550A,eq-api,high_shelf,10000.0,10000.0,dB,-9,123.8,-0.046
api550a,Waves,API 550A,eq-api,high_shelf,10000.0,10000.0,dB,-9,1237.9,-1.694
api550a,Waves,API 550A,eq-api,high_shelf,10000.0,10000.0,dB,-9,12379.3,-9.004
api550a,Waves,API 550A,eq-api,high_shelf,10000.0,10000.0,dB,-9,136.3,-0.044
api550a,Waves,API 550A,eq-api,high_shelf,10000.0,10000.0,dB,-9,1362.6,-1.943
api550a,Waves,API 550A,eq-api,high_shelf,10000.0,10000.0,dB,-9,13625.8,-9.088
api550a,Waves,API 550A,eq-api,high_shelf,10000.0,10000.0,dB,-9,1499.8,-2.255
api550a,Waves,API 550A,eq-api,high_shelf,10000.0,10000.0,dB,-9,14997.9,-9.167
api550a,Waves,API 550A,eq-api,high_shelf,10000.0,10000.0,dB,-9,150.0,-0.051
api550a,Waves,API 550A,eq-api,high_shelf,10000.0,10000.0,dB,-9,165.1,-0.068
api550a,Waves,API 550A,eq-api,high_shelf,10000.0,10000.0,dB,-9,1650.8,-2.554
api550a,Waves,API 550A,eq-api,high_shelf,10000.0,10000.0,dB,-9,16508.1,-9.232
api550a,Waves,API 550A,eq-api,high_shelf,10000.0,10000.0,dB,-9,181.7,-0.086
api550a,Waves,API 550A,eq-api,high_shelf,10000.0,10000.0,dB,-9,1817.0,-2.903
api550a,Waves,API 550A,eq-api,high_shelf,10000.0,10000.0,dB,-9,18170.4,-9.285
api550a,Waves,API 550A,eq-api,high_shelf,10000.0,10000.0,dB,-9,20.0,-0.033
api550a,Waves,API 550A,eq-api,high_shelf,10000.0,10000.0,dB,-9,200.0,-0.094
api550a,Waves,API 550A,eq-api,high_shelf,10000.0,10000.0,dB,-9,2000.0,-3.272
api550a,Waves,API 550A,eq-api,high_shelf,10000.0,10000.0,dB,-9,20000.0,-9.344
api550a,Waves,API 550A,eq-api,high_shelf,10000.0,10000.0,dB,-9,22.0,-0.031
api550a,Waves,API 550A,eq-api,high_shelf,10000.0,10000.0,dB,-9,220.1,-0.09
api550a,Waves,API 550A,eq-api,high_shelf,10000.0,10000.0,dB,-9,2201.4,-3.653
api550a,Waves,API 550A,eq-api,high_shelf,10000.0,10000.0,dB,-9,24.2,-0.029
api550a,Waves,API 550A,eq-api,high_shelf,10000.0,10000.0,dB,-9,242.3,-0.101
api550a,Waves,API 550A,eq-api,high_shelf,10000.0,10000.0,dB,-9,2423.1,-4.068
api550a,Waves,API 550A,eq-api,high_shelf,10000.0,10000.0,dB,-9,26.7,-0.027
api550a,Waves,API 550A,eq-api,high_shelf,10000.0,10000.0,dB,-9,266.7,-0.133
api550a,Waves,API 550A,eq-api,high_shelf,10000.0,10000.0,dB,-9,2667.0,-4.468
api550a,Waves,API 550A,eq-api,high_shelf,10000.0,10000.0,dB,-9,29.4,-0.025
api550a,Waves,API 550A,eq-api,high_shelf,10000.0,10000.0,dB,-9,293.6,-0.156
api550a,Waves,API 550A,eq-api,high_shelf,10000.0,10000.0,dB,-9,2935.6,-4.893
api550a,Waves,API 550A,eq-api,high_shelf,10000.0,10000.0,dB,-9,32.3,-0.024
api550a,Waves,API 550A,eq-api,high_shelf,10000.0,10000.0,dB,-9,323.1,-0.162
api550a,Waves,API 550A,eq-api,high_shelf,10000.0,10000.0,dB,-9,3231.2,-5.301
api550a,Waves,API 550A,eq-api,high_shelf,10000.0,10000.0,dB,-9,35.6,-0.021
api550a,Waves,API 550A,eq-api,high_shelf,10000.0,10000.0,dB,-9,355.7,-0.205
api550a,Waves,API 550A,eq-api,high_shelf,10000.0,10000.0,dB,-9,3556.6,-5.726
api550a,Waves,API 550A,eq-api,high_shelf,10000.0,10000.0,dB,-9,39.1,-0.021
api550a,Waves,API 550A,eq-api,high_shelf,10000.0,10000.0,dB,-9,391.5,-0.244
api550a,Waves,API 550A,eq-api,high_shelf,10000.0,10000.0,dB,-9,3914.7,-6.112
api550a,Waves,API 550A,eq-api,high_shelf,10000.0,10000.0,dB,-9,43.1,-0.021
api550a,Waves,API 550A,eq-api,high_shelf,10000.0,10000.0,dB,-9,430.9,-0.27
api550a,Waves,API 550A,eq-api,high_shelf,10000.0,10000.0,dB,-9,4308.9,-6.501
api550a,Waves,API 550A,eq-api,high_shelf,10000.0,10000.0,dB,-9,47.4,-0.022
api550a,Waves,API 550A,eq-api,high_shelf,10000.0,10000.0,dB,-9,474.3,-0.343
api550a,Waves,API 550A,eq-api,high_shelf,10000.0,10000.0,dB,-9,4742.7,-6.844
api550a,Waves,API 550A,eq-api,high_shelf,10000.0,10000.0,dB,-9,52.2,-0.024
api550a,Waves,API 550A,eq-api,high_shelf,10000.0,10000.0,dB,-9,522.0,-0.381
api550a,Waves,API 550A,eq-api,high_shelf,10000.0,10000.0,dB,-9,5220.3,-7.18
api550a,Waves,API 550A,eq-api,high_shelf,10000.0,10000.0,dB,-9,57.5,-0.026
api550a,Waves,API 550A,eq-api,high_shelf,10000.0,10000.0,dB,-9,574.6,-0.472
api550a,Waves,API 550A,eq-api,high_shelf,10000.0,10000.0,dB,-9,5746.0,-7.495
api550a,Waves,API 550A,eq-api,high_shelf,10000.0,10000.0,dB,-9,63.2,-0.032
api550a,Waves,API 550A,eq-api,high_shelf,10000.0,10000.0,dB,-9,632.5,-0.548
api550a,Waves,API 550A,eq-api,high_shelf,10000.0,10000.0,dB,-9,6324.6,-7.767
api550a,Waves,API 550A,eq-api,high_shelf,10000.0,10000.0,dB,-9,69.6,-0.036
api550a,Waves,API 550A,eq-api,high_shelf,10000.0,10000.0,dB,-9,696.1,-0.639
api550a,Waves,API 550A,eq-api,high_shelf,10000.0,10000.0,dB,-9,6961.4,-8.026
api550a,Waves,API 550A,eq-api,high_shelf,10000.0,10000.0,dB,-9,76.6,-0.042
api550a,Waves,API 550A,eq-api,high_shelf,10000.0,10000.0,dB,-9,766.2,-0.774
api550a,Waves,API 550A,eq-api,high_shelf,10000.0,10000.0,dB,-9,7662.4,-8.242
api550a,Waves,API 550A,eq-api,high_shelf,10000.0,10000.0,dB,-9,84.3,-0.048
api550a,Waves,API 550A,eq-api,high_shelf,10000.0,10000.0,dB,-9,843.4,-0.915
api550a,Waves,API 550A,eq-api,high_shelf,10000.0,10000.0,dB,-9,8433.9,-8.449
api550a,Waves,API 550A,eq-api,high_shelf,10000.0,10000.0,dB,-9,92.8,-0.054
api550a,Waves,API 550A,eq-api,high_shelf,10000.0,10000.0,dB,-9,928.3,-1.071
api550a,Waves,API 550A,eq-api,high_shelf,10000.0,10000.0,dB,-9,9283.2,-8.621
api550a,Waves,API 550A,eq-api,himid_bell,3300.0,3000.0,dB,+12,102.2,0.002
api550a,Waves,API 550A,eq-api,himid_bell,3300.0,3000.0,dB,+12,1021.8,3.581
api550a,Waves,API 550A,eq-api,himid_bell,3300.0,3000.0,dB,+12,10217.9,3.157
api550a,Waves,API 550A,eq-api,himid_bell,3300.0,3000.0,dB,+12,112.5,0.0
api550a,Waves,API 550A,eq-api,himid_bell,3300.0,3000.0,dB,+12,1124.7,4.152
api550a,Waves,API 550A,eq-api,himid_bell,3300.0,3000.0,dB,+12,11246.8,2.699
api550a,Waves,API 550A,eq-api,himid_bell,3300.0,3000.0,dB,+12,123.8,-0.005
api550a,Waves,API 550A,eq-api,himid_bell,3300.0,3000.0,dB,+12,1237.9,4.781
api550a,Waves,API 550A,eq-api,himid_bell,3300.0,3000.0,dB,+12,12379.3,2.296
api550a,Waves,API 550A,eq-api,himid_bell,3300.0,3000.0,dB,+12,136.3,-0.004
api550a,Waves,API 550A,eq-api,himid_bell,3300.0,3000.0,dB,+12,1362.6,5.447
api550a,Waves,API 550A,eq-api,himid_bell,3300.0,3000.0,dB,+12,13625.8,1.956
api550a,Waves,API 550A,eq-api,himid_bell,3300.0,3000.0,dB,+12,1499.8,6.218
api550a,Waves,API 550A,eq-api,himid_bell,3300.0,3000.0,dB,+12,14997.9,1.663
api550a,Waves,API 550A,eq-api,himid_bell,3300.0,3000.0,dB,+12,150.0,0.018
api550a,Waves,API 550A,eq-api,himid_bell,3300.0,3000.0,dB,+12,165.1,0.058
api550a,Waves,API 550A,eq-api,himid_bell,3300.0,3000.0,dB,+12,1650.8,7.017
api550a,Waves,API 550A,eq-api,himid_bell,3300.0,3000.0,dB,+12,16508.1,1.424
api550a,Waves,API 550A,eq-api,himid_bell,3300.0,3000.0,dB,+12,181.7,0.106
api550a,Waves,API 550A,eq-api,himid_bell,3300.0,3000.0,dB,+12,1817.0,7.898
api550a,Waves,API 550A,eq-api,himid_bell,3300.0,3000.0,dB,+12,18170.4,1.229
api550a,Waves,API 550A,eq-api,himid_bell,3300.0,3000.0,dB,+12,20.0,-0.061
api550a,Waves,API 550A,eq-api,himid_bell,3300.0,3000.0,dB,+12,200.0,0.138
api550a,Waves,API 550A,eq-api,himid_bell,3300.0,3000.0,dB,+12,2000.0,8.805
api550a,Waves,API 550A,eq-api,himid_bell,3300.0,3000.0,dB,+12,20000.0,1.088
api550a,Waves,API 550A,eq-api,himid_bell,3300.0,3000.0,dB,+12,22.0,-0.066
api550a,Waves,API 550A,eq-api,himid_bell,3300.0,3000.0,dB,+12,220.1,0.149
api550a,Waves,API 550A,eq-api,himid_bell,3300.0,3000.0,dB,+12,2201.4,9.701
api550a,Waves,API 550A,eq-api,himid_bell,3300.0,3000.0,dB,+12,24.2,-0.069
api550a,Waves,API 550A,eq-api,himid_bell,3300.0,3000.0,dB,+12,242.3,0.184
api550a,Waves,API 550A,eq-api,himid_bell,3300.0,3000.0,dB,+12,2423.1,10.542
api550a,Waves,API 550A,eq-api,himid_bell,3300.0,3000.0,dB,+12,26.7,-0.075
api550a,Waves,API 550A,eq-api,himid_bell,3300.0,3000.0,dB,+12,266.7,0.27
api550a,Waves,API 550A,eq-api,himid_bell,3300.0,3000.0,dB,+12,2667.0,11.234
api550a,Waves,API 550A,eq-api,himid_bell,3300.0,3000.0,dB,+12,29.4,-0.078
api550a,Waves,API 550A,eq-api,himid_bell,3300.0,3000.0,dB,+12,293.6,0.352
api550a,Waves,API 550A,eq-api,himid_bell,3300.0,3000.0,dB,+12,2935.6,11.655
api550a,Waves,API 550A,eq-api,himid_bell,3300.0,3000.0,dB,+12,32.3,-0.081
api550a,Waves,API 550A,eq-api,himid_bell,3300.0,3000.0,dB,+12,323.1,0.393
api550a,Waves,API 550A,eq-api,himid_bell,3300.0,3000.0,dB,+12,3231.2,11.701
api550a,Waves,API 550A,eq-api,himid_bell,3300.0,3000.0,dB,+12,35.6,-0.082
api550a,Waves,API 550A,eq-api,himid_bell,3300.0,3000.0,dB,+12,355.7,0.507
api550a,Waves,API 550A,eq-api,himid_bell,3300.0,3000.0,dB,+12,3556.6,11.371
api550a,Waves,API 550A,eq-api,himid_bell,3300.0,3000.0,dB,+12,39.1,-0.086
api550a,Waves,API 550A,eq-api,himid_bell,3300.0,3000.0,dB,+12,391.5,0.64
api550a,Waves,API 550A,eq-api,himid_bell,3300.0,3000.0,dB,+12,3914.7,10.739
api550a,Waves,API 550A,eq-api,himid_bell,3300.0,3000.0,dB,+12,43.1,-0.085
api550a,Waves,API 550A,eq-api,himid_bell,3300.0,3000.0,dB,+12,430.9,0.74
api550a,Waves,API 550A,eq-api,himid_bell,3300.0,3000.0,dB,+12,4308.9,9.927
api550a,Waves,API 550A,eq-api,himid_bell,3300.0,3000.0,dB,+12,47.4,-0.083
api550a,Waves,API 550A,eq-api,himid_bell,3300.0,3000.0,dB,+12,474.3,0.944
api550a,Waves,API 550A,eq-api,himid_bell,3300.0,3000.0,dB,+12,4742.7,9.025
api550a,Waves,API 550A,eq-api,himid_bell,3300.0,3000.0,dB,+12,52.2,-0.079
api550a,Waves,API 550A,eq-api,himid_bell,3300.0,3000.0,dB,+12,522.0,1.089
api550a,Waves,API 550A,eq-api,himid_bell,3300.0,3000.0,dB,+12,5220.3,8.108
api550a,Waves,API 550A,eq-api,himid_bell,3300.0,3000.0,dB,+12,57.5,-0.071
api550a,Waves,API 550A,eq-api,himid_bell,3300.0,3000.0,dB,+12,574.6,1.354
api550a,Waves,API 550A,eq-api,himid_bell,3300.0,3000.0,dB,+12,5746.0,7.231
api550a,Waves,API 550A,eq-api,himid_bell,3300.0,3000.0,dB,+12,63.2,-0.062
api550a,Waves,API 550A,eq-api,himid_bell,3300.0,3000.0,dB,+12,632.5,1.581
api550a,Waves,API 550A,eq-api,himid_bell,3300.0,3000.0,dB,+12,6324.6,6.393
api550a,Waves,API 550A,eq-api,himid_bell,3300.0,3000.0,dB,+12,69.6,-0.049
api550a,Waves,API 550A,eq-api,himid_bell,3300.0,3000.0,dB,+12,696.1,1.883
api550a,Waves,API 550A,eq-api,himid_bell,3300.0,3000.0,dB,+12,6961.4,5.618
api550a,Waves,API 550A,eq-api,himid_bell,3300.0,3000.0,dB,+12,76.6,-0.034
api550a,Waves,API 550A,eq-api,himid_bell,3300.0,3000.0,dB,+12,766.2,2.252
api550a,Waves,API 550A,eq-api,himid_bell,3300.0,3000.0,dB,+12,7662.4,4.902
api550a,Waves,API 550A,eq-api,himid_bell,3300.0,3000.0,dB,+12,84.3,-0.018
api550a,Waves,API 550A,eq-api,himid_bell,3300.0,3000.0,dB,+12,843.4,2.643
api550a,Waves,API 550A,eq-api,himid_bell,3300.0,3000.0,dB,+12,8433.9,4.256
api550a,Waves,API 550A,eq-api,himid_bell,3300.0,3000.0,dB,+12,92.8,-0.006
api550a,Waves,API 550A,eq-api,himid_bell,3300.0,3000.0,dB,+12,928.3,3.079
api550a,Waves,API 550A,eq-api,himid_bell,3300.0,3000.0,dB,+12,9283.2,3.677
api550a,Waves,API 550A,eq-api,himid_bell,3300.0,3000.0,dB,+4,102.2,-0.031
api550a,Waves,API 550A,eq-api,himid_bell,3300.0,3000.0,dB,+4,1021.8,1.815
api550a,Waves,API 550A,eq-api,himid_bell,3300.0,3000.0,dB,+4,10217.9,1.505
api550a,Waves,API 550A,eq-api,himid_bell,3300.0,3000.0,dB,+4,112.5,-0.031
api550a,Waves,API 550A,eq-api,himid_bell,3300.0,3000.0,dB,+4,1124.7,2.066
api550a,Waves,API 550A,eq-api,himid_bell,3300.0,3000.0,dB,+4,11246.8,1.274
api550a,Waves,API 550A,eq-api,himid_bell,3300.0,3000.0,dB,+4,123.8,-0.032
api550a,Waves,API 550A,eq-api,himid_bell,3300.0,3000.0,dB,+4,1237.9,2.326
api550a,Waves,API 550A,eq-api,himid_bell,3300.0,3000.0,dB,+4,12379.3,1.067
api550a,Waves,API 550A,eq-api,himid_bell,3300.0,3000.0,dB,+4,136.3,-0.03
api550a,Waves,API 550A,eq-api,himid_bell,3300.0,3000.0,dB,+4,1362.6,2.576
api550a,Waves,API 550A,eq-api,himid_bell,3300.0,3000.0,dB,+4,13625.8,0.882
api550a,Waves,API 550A,eq-api,himid_bell,3300.0,3000.0,dB,+4,1499.8,2.848
api550a,Waves,API 550A,eq-api,himid_bell,3300.0,3000.0,dB,+4,14997.9,0.722
api550a,Waves,API 550A,eq-api,himid_bell,3300.0,3000.0,dB,+4,150.0,-0.018
api550a,Waves,API 550A,eq-api,himid_bell,3300.0,3000.0,dB,+4,165.1,0.003
api550a,Waves,API 550A,eq-api,himid_bell,3300.0,3000.0,dB,+4,1650.8,3.096
api550a,Waves,API 550A,eq-api,himid_bell,3300.0,3000.0,dB,+4,16508.1,0.589
api550a,Waves,API 550A,eq-api,himid_bell,3300.0,3000.0,dB,+4,181.7,0.028
api550a,Waves,API 550A,eq-api,himid_bell,3300.0,3000.0,dB,+4,1817.0,3.343
api550a,Waves,API 550A,eq-api,himid_bell,3300.0,3000.0,dB,+4,18170.4,0.479
api550a,Waves,API 550A,eq-api,himid_bell,3300.0,3000.0,dB,+4,20.0,-0.065
api550a,Waves,API 550A,eq-api,himid_bell,3300.0,3000.0,dB,+4,200.0,0.046
api550a,Waves,API 550A,eq-api,himid_bell,3300.0,3000.0,dB,+4,2000.0,3.563
api550a,Waves,API 550A,eq-api,himid_bell,3300.0,3000.0,dB,+4,20000.0,0.397
api550a,Waves,API 550A,eq-api,himid_bell,3300.0,3000.0,dB,+4,22.0,-0.067
api550a,Waves,API 550A,eq-api,himid_bell,3300.0,3000.0,dB,+4,220.1,0.055
api550a,Waves,API 550A,eq-api,himid_bell,3300.0,3000.0,dB,+4,2201.4,3.745
api550a,Waves,API 550A,eq-api,himid_bell,3300.0,3000.0,dB,+4,24.2,-0.069
api550a,Waves,API 550A,eq-api,himid_bell,3300.0,3000.0,dB,+4,242.3,0.076
api550a,Waves,API 550A,eq-api,himid_bell,3300.0,3000.0,dB,+4,2423.1,3.892
api550a,Waves,API 550A,eq-api,himid_bell,3300.0,3000.0,dB,+4,26.7,-0.072
api550a,Waves,API 550A,eq-api,himid_bell,3300.0,3000.0,dB,+4,266.7,0.122
api550a,Waves,API 550A,eq-api,himid_bell,3300.0,3000.0,dB,+4,2667.0,3.998
api550a,Waves,API 550A,eq-api,himid_bell,3300.0,3000.0,dB,+4,29.4,-0.073
api550a,Waves,API 550A,eq-api,himid_bell,3300.0,3000.0,dB,+4,293.6,0.166
api550a,Waves,API 550A,eq-api,himid_bell,3300.0,3000.0,dB,+4,2935.6,4.057
api550a,Waves,API 550A,eq-api,himid_bell,3300.0,3000.0,dB,+4,32.3,-0.075
api550a,Waves,API 550A,eq-api,himid_bell,3300.0,3000.0,dB,+4,323.1,0.192
api550a,Waves,API 550A,eq-api,himid_bell,3300.0,3000.0,dB,+4,3231.2,4.057
api550a,Waves,API 550A,eq-api,himid_bell,3300.0,3000.0,dB,+4,35.6,-0.075
api550a,Waves,API 550A,eq-api,himid_bell,3300.0,3000.0,dB,+4,355.7,0.255
api550a,Waves,API 550A,eq-api,himid_bell,3300.0,3000.0,dB,+4,3556.6,4.007
api550a,Waves,API 550A,eq-api,himid_bell,3300.0,3000.0,dB,+4,39.1,-0.077
api550a,Waves,API 550A,eq-api,himid_bell,3300.0,3000.0,dB,+4,391.5,0.326
api550a,Waves,API 550A,eq-api,himid_bell,3300.0,3000.0,dB,+4,3914.7,3.907
api550a,Waves,API 550A,eq-api,himid_bell,3300.0,3000.0,dB,+4,43.1,-0.076
api550a,Waves,API 550A,eq-api,himid_bell,3300.0,3000.0,dB,+4,430.9,0.384
api550a,Waves,API 550A,eq-api,himid_bell,3300.0,3000.0,dB,+4,4308.9,3.763
api550a,Waves,API 550A,eq-api,himid_bell,3300.0,3000.0,dB,+4,47.4,-0.075
api550a,Waves,API 550A,eq-api,himid_bell,3300.0,3000.0,dB,+4,474.3,0.492
api550a,Waves,API 550A,eq-api,himid_bell,3300.0,3000.0,dB,+4,4742.7,3.576
api550a,Waves,API 550A,eq-api,himid_bell,3300.0,3000.0,dB,+4,52.2,-0.073
api550a,Waves,API 550A,eq-api,himid_bell,3300.0,3000.0,dB,+4,522.0,0.574
api550a,Waves,API 550A,eq-api,himid_bell,3300.0,3000.0,dB,+4,5220.3,3.354
api550a,Waves,API 550A,eq-api,himid_bell,3300.0,3000.0,dB,+4,57.5,-0.069
api550a,Waves,API 550A,eq-api,himid_bell,3300.0,3000.0,dB,+4,574.6,0.714
api550a,Waves,API 550A,eq-api,himid_bell,3300.0,3000.0,dB,+4,5746.0,3.112
api550a,Waves,API 550A,eq-api,himid_bell,3300.0,3000.0,dB,+4,63.2,-0.064
api550a,Waves,API 550A,eq-api,himid_bell,3300.0,3000.0,dB,+4,632.5,0.836
api550a,Waves,API 550A,eq-api,himid_bell,3300.0,3000.0,dB,+4,6324.6,2.844
api550a,Waves,API 550A,eq-api,himid_bell,3300.0,3000.0,dB,+4,69.6,-0.057
api550a,Waves,API 550A,eq-api,himid_bell,3300.0,3000.0,dB,+4,696.1,0.992
api550a,Waves,API 550A,eq-api,himid_bell,3300.0,3000.0,dB,+4,6961.4,2.569
api550a,Waves,API 550A,eq-api,himid_bell,3300.0,3000.0,dB,+4,76.6,-0.05
api550a,Waves,API 550A,eq-api,himid_bell,3300.0,3000.0,dB,+4,766.2,1.18
api550a,Waves,API 550A,eq-api,himid_bell,3300.0,3000.0,dB,+4,7662.4,2.289
api550a,Waves,API 550A,eq-api,himid_bell,3300.0,3000.0,dB,+4,84.3,-0.042
api550a,Waves,API 550A,eq-api,himid_bell,3300.0,3000.0,dB,+4,843.4,1.374
api550a,Waves,API 550A,eq-api,himid_bell,3300.0,3000.0,dB,+4,8433.9,2.015
api550a,Waves,API 550A,eq-api,himid_bell,3300.0,3000.0,dB,+4,92.8,-0.035
api550a,Waves,API 550A,eq-api,himid_bell,3300.0,3000.0,dB,+4,928.3,1.584
api550a,Waves,API 550A,eq-api,himid_bell,3300.0,3000.0,dB,+4,9283.2,1.752
api550a,Waves,API 550A,eq-api,himid_bell,3300.0,3000.0,dB,+6,102.2,-0.014
api550a,Waves,API 550A,eq-api,himid_bell,3300.0,3000.0,dB,+6,1021.8,2.311
api550a,Waves,API 550A,eq-api,himid_bell,3300.0,3000.0,dB,+6,10217.9,1.838
api550a,Waves,API 550A,eq-api,himid_bell,3300.0,3000.0,dB,+6,112.5,-0.015
api550a,Waves,API 550A,eq-api,himid_bell,3300.0,3000.0,dB,+6,1124.7,2.667
api550a,Waves,API 550A,eq-api,himid_bell,3300.0,3000.0,dB,+6,11246.8,1.543
api550a,Waves,API 550A,eq-api,himid_bell,3300.0,3000.0,dB,+6,123.8,-0.018
api550a,Waves,API 550A,eq-api,himid_bell,3300.0,3000.0,dB,+6,1237.9,3.048
api550a,Waves,API 550A,eq-api,himid_bell,3300.0,3000.0,dB,+6,12379.3,1.288
api550a,Waves,API 550A,eq-api,himid_bell,3300.0,3000.0,dB,+6,136.3,-0.016
api550a,Waves,API 550A,eq-api,himid_bell,3300.0,3000.0,dB,+6,1362.6,3.435
api550a,Waves,API 550A,eq-api,himid_bell,3300.0,3000.0,dB,+6,13625.8,1.064
api550a,Waves,API 550A,eq-api,himid_bell,3300.0,3000.0,dB,+6,1499.8,3.866
api550a,Waves,API 550A,eq-api,himid_bell,3300.0,3000.0,dB,+6,14997.9,0.877
api550a,Waves,API 550A,eq-api,himid_bell,3300.0,3000.0,dB,+6,150.0,-0.002
api550a,Waves,API 550A,eq-api,himid_bell,3300.0,3000.0,dB,+6,165.1,0.024
api550a,Waves,API 550A,eq-api,himid_bell,3300.0,3000.0,dB,+6,1650.8,4.28
api550a,Waves,API 550A,eq-api,himid_bell,3300.0,3000.0,dB,+6,16508.1,0.719
api550a,Waves,API 550A,eq-api,himid_bell,3300.0,3000.0,dB,+6,181.7,0.054
api550a,Waves,API 550A,eq-api,himid_bell,3300.0,3000.0,dB,+6,1817.0,4.708
api550a,Waves,API 550A,eq-api,himid_bell,3300.0,3000.0,dB,+6,18170.4,0.597
api550a,Waves,API 550A,eq-api,himid_bell,3300.0,3000.0,dB,+6,20.0,-0.055
api550a,Waves,API 550A,eq-api,himid_bell,3300.0,3000.0,dB,+6,200.0,0.074
api550a,Waves,API 550A,eq-api,himid_bell,3300.0,3000.0,dB,+6,2000.0,5.107
api550a,Waves,API 550A,eq-api,himid_bell,3300.0,3000.0,dB,+6,20000.0,0.503
api550a,Waves,API 550A,eq-api,himid_bell,3300.0,3000.0,dB,+6,22.0,-0.057
api550a,Waves,API 550A,eq-api,himid_bell,3300.0,3000.0,dB,+6,220.1,0.082
api550a,Waves,API 550A,eq-api,himid_bell,3300.0,3000.0,dB,+6,2201.4,5.453
api550a,Waves,API 550A,eq-api,himid_bell,3300.0,3000.0,dB,+6,24.2,-0.059
api550a,Waves,API 550A,eq-api,himid_bell,3300.0,3000.0,dB,+6,242.3,0.106
api550a,Waves,API 550A,eq-api,himid_bell,3300.0,3000.0,dB,+6,2423.1,5.74
api550a,Waves,API 550A,eq-api,himid_bell,3300.0,3000.0,dB,+6,26.7,-0.063
api550a,Waves,API 550A,eq-api,himid_bell,3300.0,3000.0,dB,+6,266.7,0.161
api550a,Waves,API 550A,eq-api,himid_bell,3300.0,3000.0,dB,+6,2667.0,5.948
api550a,Waves,API 550A,eq-api,himid_bell,3300.0,3000.0,dB,+6,29.4,-0.065
api550a,Waves,API 550A,eq-api,himid_bell,3300.0,3000.0,dB,+6,293.6,0.213
api550a,Waves,API 550A,eq-api,himid_bell,3300.0,3000.0,dB,+6,2935.6,6.055
api550a,Waves,API 550A,eq-api,himid_bell,3300.0,3000.0,dB,+6,32.3,-0.067
api550a,Waves,API 550A,eq-api,himid_bell,3300.0,3000.0,dB,+6,323.1,0.242
api550a,Waves,API 550A,eq-api,himid_bell,3300.0,3000.0,dB,+6,3231.2,6.045
api550a,Waves,API 550A,eq-api,himid_bell,3300.0,3000.0,dB,+6,35.6,-0.067
api550a,Waves,API 550A,eq-api,himid_bell,3300.0,3000.0,dB,+6,355.7,0.316
api550a,Waves,API 550A,eq-api,himid_bell,3300.0,3000.0,dB,+6,3556.6,5.926
api550a,Waves,API 550A,eq-api,himid_bell,3300.0,3000.0,dB,+6,39.1,-0.069
api550a,Waves,API 550A,eq-api,himid_bell,3300.0,3000.0,dB,+6,391.5,0.401
api550a,Waves,API 550A,eq-api,himid_bell,3300.0,3000.0,dB,+6,3914.7,5.705
api550a,Waves,API 550A,eq-api,himid_bell,3300.0,3000.0,dB,+6,43.1,-0.069
api550a,Waves,API 550A,eq-api,himid_bell,3300.0,3000.0,dB,+6,430.9,0.468
api550a,Waves,API 550A,eq-api,himid_bell,3300.0,3000.0,dB,+6,4308.9,5.404
api550a,Waves,API 550A,eq-api,himid_bell,3300.0,3000.0,dB,+6,47.4,-0.067
api550a,Waves,API 550A,eq-api,himid_bell,3300.0,3000.0,dB,+6,474.3,0.601
api550a,Waves,API 550A,eq-api,himid_bell,3300.0,3000.0,dB,+6,4742.7,5.037
api550a,Waves,API 550A,eq-api,himid_bell,3300.0,3000.0,dB,+6,52.2,-0.065
api550a,Waves,API 550A,eq-api,himid_bell,3300.0,3000.0,dB,+6,522.0,0.697
api550a,Waves,API 550A,eq-api,himid_bell,3300.0,3000.0,dB,+6,5220.3,4.627
api550a,Waves,API 550A,eq-api,himid_bell,3300.0,3000.0,dB,+6,57.5,-0.06
api550a,Waves,API 550A,eq-api,himid_bell,3300.0,3000.0,dB,+6,574.6,0.87
api550a,Waves,API 550A,eq-api,himid_bell,3300.0,3000.0,dB,+6,5746.0,4.199
api550a,Waves,API 550A,eq-api,himid_bell,3300.0,3000.0,dB,+6,63.2,-0.055
api550a,Waves,API 550A,eq-api,himid_bell,3300.0,3000.0,dB,+6,632.5,1.02
api550a,Waves,API 550A,eq-api,himid_bell,3300.0,3000.0,dB,+6,6324.6,3.759
api550a,Waves,API 550A,eq-api,himid_bell,3300.0,3000.0,dB,+6,69.6,-0.046
api550a,Waves,API 550A,eq-api,himid_bell,3300.0,3000.0,dB,+6,696.1,1.216
api550a,Waves,API 550A,eq-api,himid_bell,3300.0,3000.0,dB,+6,6961.4,3.328
api550a,Waves,API 550A,eq-api,himid_bell,3300.0,3000.0,dB,+6,76.6,-0.037
api550a,Waves,API 550A,eq-api,himid_bell,3300.0,3000.0,dB,+6,766.2,1.457
api550a,Waves,API 550A,eq-api,himid_bell,3300.0,3000.0,dB,+6,7662.4,2.911
api550a,Waves,API 550A,eq-api,himid_bell,3300.0,3000.0,dB,+6,84.3,-0.027
api550a,Waves,API 550A,eq-api,himid_bell,3300.0,3000.0,dB,+6,843.4,1.712
api550a,Waves,API 550A,eq-api,himid_bell,3300.0,3000.0,dB,+6,8433.9,2.522
api550a,Waves,API 550A,eq-api,himid_bell,3300.0,3000.0,dB,+6,92.8,-0.019
api550a,Waves,API 550A,eq-api,himid_bell,3300.0,3000.0,dB,+6,928.3,1.993
api550a,Waves,API 550A,eq-api,himid_bell,3300.0,3000.0,dB,+6,9283.2,2.164
api550a,Waves,API 550A,eq-api,himid_bell,3300.0,3000.0,dB,+9,102.2,-0.004
api550a,Waves,API 550A,eq-api,himid_bell,3300.0,3000.0,dB,+9,1021.8,2.92
api550a,Waves,API 550A,eq-api,himid_bell,3300.0,3000.0,dB,+9,10217.9,2.397
api550a,Waves,API 550A,eq-api,himid_bell,3300.0,3000.0,dB,+9,112.5,-0.005
api550a,Waves,API 550A,eq-api,himid_bell,3300.0,3000.0,dB,+9,1124.7,3.393
api550a,Waves,API 550A,eq-api,himid_bell,3300.0,3000.0,dB,+9,11246.8,2.023
api550a,Waves,API 550A,eq-api,himid_bell,3300.0,3000.0,dB,+9,123.8,-0.009
api550a,Waves,API 550A,eq-api,himid_bell,3300.0,3000.0,dB,+9,1237.9,3.91
api550a,Waves,API 550A,eq-api,himid_bell,3300.0,3000.0,dB,+9,12379.3,1.701
api550a,Waves,API 550A,eq-api,himid_bell,3300.0,3000.0,dB,+9,136.3,-0.008
api550a,Waves,API 550A,eq-api,himid_bell,3300.0,3000.0,dB,+9,1362.6,4.453
api550a,Waves,API 550A,eq-api,himid_bell,3300.0,3000.0,dB,+9,13625.8,1.424
api550a,Waves,API 550A,eq-api,himid_bell,3300.0,3000.0,dB,+9,1499.8,5.074
api550a,Waves,API 550A,eq-api,himid_bell,3300.0,3000.0,dB,+9,14997.9,1.191
api550a,Waves,API 550A,eq-api,himid_bell,3300.0,3000.0,dB,+9,150.0,0.009
api550a,Waves,API 550A,eq-api,himid_bell,3300.0,3000.0,dB,+9,165.1,0.041
api550a,Waves,API 550A,eq-api,himid_bell,3300.0,3000.0,dB,+9,1650.8,5.699
api550a,Waves,API 550A,eq-api,himid_bell,3300.0,3000.0,dB,+9,16508.1,0.997
api550a,Waves,API 550A,eq-api,himid_bell,3300.0,3000.0,dB,+9,181.7,0.079
api550a,Waves,API 550A,eq-api,himid_bell,3300.0,3000.0,dB,+9,1817.0,6.373
api550a,Waves,API 550A,eq-api,himid_bell,3300.0,3000.0,dB,+9,18170.4,0.847
api550a,Waves,API 550A,eq-api,himid_bell,3300.0,3000.0,dB,+9,20.0,-0.054
api550a,Waves,API 550A,eq-api,himid_bell,3300.0,3000.0,dB,+9,200.0,0.104
api550a,Waves,API 550A,eq-api,himid_bell,3300.0,3000.0,dB,+9,2000.0,7.036
api550a,Waves,API 550A,eq-api,himid_bell,3300.0,3000.0,dB,+9,20000.0,0.731
api550a,Waves,API 550A,eq-api,himid_bell,3300.0,3000.0,dB,+9,22.0,-0.057
api550a,Waves,API 550A,eq-api,himid_bell,3300.0,3000.0,dB,+9,220.1,0.113
api550a,Waves,API 550A,eq-api,himid_bell,3300.0,3000.0,dB,+9,2201.4,7.653
api550a,Waves,API 550A,eq-api,himid_bell,3300.0,3000.0,dB,+9,24.2,-0.06
api550a,Waves,API 550A,eq-api,himid_bell,3300.0,3000.0,dB,+9,242.3,0.141
api550a,Waves,API 550A,eq-api,himid_bell,3300.0,3000.0,dB,+9,2423.1,8.195
api550a,Waves,API 550A,eq-api,himid_bell,3300.0,3000.0,dB,+9,26.7,-0.065
api550a,Waves,API 550A,eq-api,himid_bell,3300.0,3000.0,dB,+9,266.7,0.21
api550a,Waves,API 550A,eq-api,himid_bell,3300.0,3000.0,dB,+9,2667.0,8.608
api550a,Waves,API 550A,eq-api,himid_bell,3300.0,3000.0,dB,+9,29.4,-0.067
api550a,Waves,API 550A,eq-api,himid_bell,3300.0,3000.0,dB,+9,293.6,0.274
api550a,Waves,API 550A,eq-api,himid_bell,3300.0,3000.0,dB,+9,2935.6,8.832
api550a,Waves,API 550A,eq-api,himid_bell,3300.0,3000.0,dB,+9,32.3,-0.07
api550a,Waves,API 550A,eq-api,himid_bell,3300.0,3000.0,dB,+9,323.1,0.307
api550a,Waves,API 550A,eq-api,himid_bell,3300.0,3000.0,dB,+9,3231.2,8.823
api550a,Waves,API 550A,eq-api,himid_bell,3300.0,3000.0,dB,+9,35.6,-0.071
api550a,Waves,API 550A,eq-api,himid_bell,3300.0,3000.0,dB,+9,355.7,0.398
api550a,Waves,API 550A,eq-api,himid_bell,3300.0,3000.0,dB,+9,3556.6,8.595
api550a,Waves,API 550A,eq-api,himid_bell,3300.0,3000.0,dB,+9,39.1,-0.073
api550a,Waves,API 550A,eq-api,himid_bell,3300.0,3000.0,dB,+9,391.5,0.505
api550a,Waves,API 550A,eq-api,himid_bell,3300.0,3000.0,dB,+9,3914.7,8.177
api550a,Waves,API 550A,eq-api,himid_bell,3300.0,3000.0,dB,+9,43.1,-0.072
api550a,Waves,API 550A,eq-api,himid_bell,3300.0,3000.0,dB,+9,430.9,0.586
api550a,Waves,API 550A,eq-api,himid_bell,3300.0,3000.0,dB,+9,4308.9,7.628
api550a,Waves,API 550A,eq-api,himid_bell,3300.0,3000.0,dB,+9,47.4,-0.071
api550a,Waves,API 550A,eq-api,himid_bell,3300.0,3000.0,dB,+9,474.3,0.75
api550a,Waves,API 550A,eq-api,himid_bell,3300.0,3000.0,dB,+9,4742.7,6.994
api550a,Waves,API 550A,eq-api,himid_bell,3300.0,3000.0,dB,+9,52.2,-0.067
api550a,Waves,API 550A,eq-api,himid_bell,3300.0,3000.0,dB,+9,522.0,0.868
api550a,Waves,API 550A,eq-api,himid_bell,3300.0,3000.0,dB,+9,5220.3,6.321
api550a,Waves,API 550A,eq-api,himid_bell,3300.0,3000.0,dB,+9,57.5,-0.061
api550a,Waves,API 550A,eq-api,himid_bell,3300.0,3000.0,dB,+9,574.6,1.084
api550a,Waves,API 550A,eq-api,himid_bell,3300.0,3000.0,dB,+9,5746.0,5.658
api550a,Waves,API 550A,eq-api,himid_bell,3300.0,3000.0,dB,+9,63.2,-0.054
api550a,Waves,API 550A,eq-api,himid_bell,3300.0,3000.0,dB,+9,632.5,1.27
api550a,Waves,API 550A,eq-api,himid_bell,3300.0,3000.0,dB,+9,6324.6,5.003
api550a,Waves,API 550A,eq-api,himid_bell,3300.0,3000.0,dB,+9,69.6,-0.044
api550a,Waves,API 550A,eq-api,himid_bell,3300.0,3000.0,dB,+9,696.1,1.516
api550a,Waves,API 550A,eq-api,himid_bell,3300.0,3000.0,dB,+9,6961.4,4.39
api550a,Waves,API 550A,eq-api,himid_bell,3300.0,3000.0,dB,+9,76.6,-0.032
api550a,Waves,API 550A,eq-api,himid_bell,3300.0,3000.0,dB,+9,766.2,1.82
api550a,Waves,API 550A,eq-api,himid_bell,3300.0,3000.0,dB,+9,7662.4,3.814
api550a,Waves,API 550A,eq-api,himid_bell,3300.0,3000.0,dB,+9,84.3,-0.019
api550a,Waves,API 550A,eq-api,himid_bell,3300.0,3000.0,dB,+9,843.4,2.143
api550a,Waves,API 550A,eq-api,himid_bell,3300.0,3000.0,dB,+9,8433.9,3.29
api550a,Waves,API 550A,eq-api,himid_bell,3300.0,3000.0,dB,+9,92.8,-0.01
api550a,Waves,API 550A,eq-api,himid_bell,3300.0,3000.0,dB,+9,928.3,2.505
api550a,Waves,API 550A,eq-api,himid_bell,3300.0,3000.0,dB,+9,9283.2,2.82
api550a,Waves,API 550A,eq-api,himid_bell,3300.0,3000.0,dB,-12,102.2,-0.117
api550a,Waves,API 550A,eq-api,himid_bell,3300.0,3000.0,dB,-12,1021.8,-3.528
api550a,Waves,API 550A,eq-api,himid_bell,3300.0,3000.0,dB,-12,10217.9,-3.421
api550a,Waves,API 550A,eq-api,himid_bell,3300.0,3000.0,dB,-12,112.5,-0.114
api550a,Waves,API 550A,eq-api,himid_bell,3300.0,3000.0,dB,-12,1124.7,-4.083
api550a,Waves,API 550A,eq-api,himid_bell,3300.0,3000.0,dB,-12,11246.8,-2.989
api550a,Waves,API 550A,eq-api,himid_bell,3300.0,3000.0,dB,-12,123.8,-0.107
api550a,Waves,API 550A,eq-api,himid_bell,3300.0,3000.0,dB,-12,1237.9,-4.685
api550a,Waves,API 550A,eq-api,himid_bell,3300.0,3000.0,dB,-12,12379.3,-2.617
api550a,Waves,API 550A,eq-api,himid_bell,3300.0,3000.0,dB,-12,136.3,-0.11
api550a,Waves,API 550A,eq-api,himid_bell,3300.0,3000.0,dB,-12,1362.6,-5.327
api550a,Waves,API 550A,eq-api,himid_bell,3300.0,3000.0,dB,-12,13625.8,-2.298
api550a,Waves,API 550A,eq-api,himid_bell,3300.0,3000.0,dB,-12,1499.8,-6.122
api550a,Waves,API 550A,eq-api,himid_bell,3300.0,3000.0,dB,-12,14997.9,-2.025
api550a,Waves,API 550A,eq-api,himid_bell,3300.0,3000.0,dB,-12,150.0,-0.13
api550a,Waves,API 550A,eq-api,himid_bell,3300.0,3000.0,dB,-12,165.1,-0.171
api550a,Waves,API 550A,eq-api,himid_bell,3300.0,3000.0,dB,-12,1650.8,-6.885
api550a,Waves,API 550A,eq-api,himid_bell,3300.0,3000.0,dB,-12,16508.1,-1.807
api550a,Waves,API 550A,eq-api,himid_bell,3300.0,3000.0,dB,-12,181.7,-0.216
api550a,Waves,API 550A,eq-api,himid_bell,3300.0,3000.0,dB,-12,1817.0,-7.777
api550a,Waves,API 550A,eq-api,himid_bell,3300.0,3000.0,dB,-12,18170.4,-1.634
api550a,Waves,API 550A,eq-api,himid_bell,3300.0,3000.0,dB,-12,20.0,-0.057
api550a,Waves,API 550A,eq-api,himid_bell,3300.0,3000.0,dB,-12,200.0,-0.242
api550a,Waves,API 550A,eq-api,himid_bell,3300.0,3000.0,dB,-12,2000.0,-8.706
api550a,Waves,API 550A,eq-api,himid_bell,3300.0,3000.0,dB,-12,20000.0,-1.505
api550a,Waves,API 550A,eq-api,himid_bell,3300.0,3000.0,dB,-12,22.0,-0.053
api550a,Waves,API 550A,eq-api,himid_bell,3300.0,3000.0,dB,-12,220.1,-0.248
api550a,Waves,API 550A,eq-api,himid_bell,3300.0,3000.0,dB,-12,2201.4,-9.615
api550a,Waves,API 550A,eq-api,himid_bell,3300.0,3000.0,dB,-12,24.2,-0.049
api550a,Waves,API 550A,eq-api,himid_bell,3300.0,3000.0,dB,-12,242.3,-0.285
api550a,Waves,API 550A,eq-api,himid_bell,3300.0,3000.0,dB,-12,2423.1,-10.514
api550a,Waves,API 550A,eq-api,himid_bell,3300.0,3000.0,dB,-12,26.7,-0.045
api550a,Waves,API 550A,eq-api,himid_bell,3300.0,3000.0,dB,-12,266.7,-0.369
api550a,Waves,API 550A,eq-api,himid_bell,3300.0,3000.0,dB,-12,2667.0,-11.25
api550a,Waves,API 550A,eq-api,himid_bell,3300.0,3000.0,dB,-12,29.4,-0.042
api550a,Waves,API 550A,eq-api,himid_bell,3300.0,3000.0,dB,-12,293.6,-0.437
api550a,Waves,API 550A,eq-api,himid_bell,3300.0,3000.0,dB,-12,2935.6,-11.75
api550a,Waves,API 550A,eq-api,himid_bell,3300.0,3000.0,dB,-12,32.3,-0.039
api550a,Waves,API 550A,eq-api,himid_bell,3300.0,3000.0,dB,-12,323.1,-0.474
api550a,Waves,API 550A,eq-api,himid_bell,3300.0,3000.0,dB,-12,3231.2,-11.828
api550a,Waves,API 550A,eq-api,himid_bell,3300.0,3000.0,dB,-12,35.6,-0.036
api550a,Waves,API 550A,eq-api,himid_bell,3300.0,3000.0,dB,-12,355.7,-0.591
api550a,Waves,API 550A,eq-api,himid_bell,3300.0,3000.0,dB,-12,3556.6,-11.519
api550a,Waves,API 550A,eq-api,himid_bell,3300.0,3000.0,dB,-12,39.1,-0.036
api550a,Waves,API 550A,eq-api,himid_bell,3300.0,3000.0,dB,-12,391.5,-0.707
api550a,Waves,API 550A,eq-api,himid_bell,3300.0,3000.0,dB,-12,3914.7,-10.883
api550a,Waves,API 550A,eq-api,himid_bell,3300.0,3000.0,dB,-12,43.1,-0.035
api550a,Waves,API 550A,eq-api,himid_bell,3300.0,3000.0,dB,-12,430.9,-0.802
api550a,Waves,API 550A,eq-api,himid_bell,3300.0,3000.0,dB,-12,4308.9,-10.074
api550a,Waves,API 550A,eq-api,himid_bell,3300.0,3000.0,dB,-12,47.4,-0.038
api550a,Waves,API 550A,eq-api,himid_bell,3300.0,3000.0,dB,-12,474.3,-0.996
api550a,Waves,API 550A,eq-api,himid_bell,3300.0,3000.0,dB,-12,4742.7,-9.173
api550a,Waves,API 550A,eq-api,himid_bell,3300.0,3000.0,dB,-12,52.2,-0.043
api550a,Waves,API 550A,eq-api,himid_bell,3300.0,3000.0,dB,-12,522.0,-1.129
api550a,Waves,API 550A,eq-api,himid_bell,3300.0,3000.0,dB,-12,5220.3,-8.253
api550a,Waves,API 550A,eq-api,himid_bell,3300.0,3000.0,dB,-12,57.5,-0.048
api550a,Waves,API 550A,eq-api,himid_bell,3300.0,3000.0,dB,-12,574.6,-1.379
api550a,Waves,API 550A,eq-api,himid_bell,3300.0,3000.0,dB,-12,5746.0,-7.381
api550a,Waves,API 550A,eq-api,himid_bell,3300.0,3000.0,dB,-12,63.2,-0.06
api550a,Waves,API 550A,eq-api,himid_bell,3300.0,3000.0,dB,-12,632.5,-1.602
api550a,Waves,API 550A,eq-api,himid_bell,3300.0,3000.0,dB,-12,6324.6,-6.551
api550a,Waves,API 550A,eq-api,himid_bell,3300.0,3000.0,dB,-12,69.6,-0.071
api550a,Waves,API 550A,eq-api,himid_bell,3300.0,3000.0,dB,-12,696.1,-1.87
api550a,Waves,API 550A,eq-api,himid_bell,3300.0,3000.0,dB,-12,6961.4,-5.791
api550a,Waves,API 550A,eq-api,himid_bell,3300.0,3000.0,dB,-12,76.6,-0.085
api550a,Waves,API 550A,eq-api,himid_bell,3300.0,3000.0,dB,-12,766.2,-2.233
api550a,Waves,API 550A,eq-api,himid_bell,3300.0,3000.0,dB,-12,7662.4,-5.089
api550a,Waves,API 550A,eq-api,himid_bell,3300.0,3000.0,dB,-12,84.3,-0.099
api550a,Waves,API 550A,eq-api,himid_bell,3300.0,3000.0,dB,-12,843.4,-2.619
api550a,Waves,API 550A,eq-api,himid_bell,3300.0,3000.0,dB,-12,8433.9,-4.468
api550a,Waves,API 550A,eq-api,himid_bell,3300.0,3000.0,dB,-12,92.8,-0.111
api550a,Waves,API 550A,eq-api,himid_bell,3300.0,3000.0,dB,-12,928.3,-3.042
api550a,Waves,API 550A,eq-api,himid_bell,3300.0,3000.0,dB,-12,9283.2,-3.912
api550a,Waves,API 550A,eq-api,himid_bell,3300.0,3000.0,dB,-4,102.2,-0.086
api550a,Waves,API 550A,eq-api,himid_bell,3300.0,3000.0,dB,-4,1021.8,-1.809
api550a,Waves,API 550A,eq-api,himid_bell,3300.0,3000.0,dB,-4,10217.9,-1.814
api550a,Waves,API 550A,eq-api,himid_bell,3300.0,3000.0,dB,-4,112.5,-0.086
api550a,Waves,API 550A,eq-api,himid_bell,3300.0,3000.0,dB,-4,1124.7,-2.044
api550a,Waves,API 550A,eq-api,himid_bell,3300.0,3000.0,dB,-4,11246.8,-1.608
api550a,Waves,API 550A,eq-api,himid_bell,3300.0,3000.0,dB,-4,123.8,-0.084
api550a,Waves,API 550A,eq-api,himid_bell,3300.0,3000.0,dB,-4,1237.9,-2.286
api550a,Waves,API 550A,eq-api,himid_bell,3300.0,3000.0,dB,-4,12379.3,-1.424
api550a,Waves,API 550A,eq-api,himid_bell,3300.0,3000.0,dB,-4,136.3,-0.087
api550a,Waves,API 550A,eq-api,himid_bell,3300.0,3000.0,dB,-4,1362.6,-2.521
api550a,Waves,API 550A,eq-api,himid_bell,3300.0,3000.0,dB,-4,13625.8,-1.26
api550a,Waves,API 550A,eq-api,himid_bell,3300.0,3000.0,dB,-4,1499.8,-2.783
api550a,Waves,API 550A,eq-api,himid_bell,3300.0,3000.0,dB,-4,14997.9,-1.117
api550a,Waves,API 550A,eq-api,himid_bell,3300.0,3000.0,dB,-4,150.0,-0.097
api550a,Waves,API 550A,eq-api,himid_bell,3300.0,3000.0,dB,-4,165.1,-0.118
api550a,Waves,API 550A,eq-api,himid_bell,3300.0,3000.0,dB,-4,1650.8,-3.012
api550a,Waves,API 550A,eq-api,himid_bell,3300.0,3000.0,dB,-4,16508.1,-0.999
api550a,Waves,API 550A,eq-api,himid_bell,3300.0,3000.0,dB,-4,181.7,-0.141
api550a,Waves,API 550A,eq-api,himid_bell,3300.0,3000.0,dB,-4,1817.0,-3.252
api550a,Waves,API 550A,eq-api,himid_bell,3300.0,3000.0,dB,-4,18170.4,-0.902
api550a,Waves,API 550A,eq-api,himid_bell,3300.0,3000.0,dB,-4,20.0,-0.053
api550a,Waves,API 550A,eq-api,himid_bell,3300.0,3000.0,dB,-4,200.0,-0.157
api550a,Waves,API 550A,eq-api,himid_bell,3300.0,3000.0,dB,-4,2000.0,-3.465
api550a,Waves,API 550A,eq-api,himid_bell,3300.0,3000.0,dB,-4,20000.0,-0.83
api550a,Waves,API 550A,eq-api,himid_bell,3300.0,3000.0,dB,-4,22.0,-0.052
api550a,Waves,API 550A,eq-api,himid_bell,3300.0,3000.0,dB,-4,220.1,-0.164
api550a,Waves,API 550A,eq-api,himid_bell,3300.0,3000.0,dB,-4,2201.4,-3.64
api550a,Waves,API 550A,eq-api,himid_bell,3300.0,3000.0,dB,-4,24.2,-0.05
api550a,Waves,API 550A,eq-api,himid_bell,3300.0,3000.0,dB,-4,242.3,-0.184
api550a,Waves,API 550A,eq-api,himid_bell,3300.0,3000.0,dB,-4,2423.1,-3.789
api550a,Waves,API 550A,eq-api,himid_bell,3300.0,3000.0,dB,-4,26.7,-0.048
api550a,Waves,API 550A,eq-api,himid_bell,3300.0,3000.0,dB,-4,266.7,-0.228
api550a,Waves,API 550A,eq-api,himid_bell,3300.0,3000.0,dB,-4,2667.0,-3.9
api550a,Waves,API 550A,eq-api,himid_bell,3300.0,3000.0,dB,-4,29.4,-0.047
api550a,Waves,API 550A,eq-api,himid_bell,3300.0,3000.0,dB,-4,293.6,-0.267
api550a,Waves,API 550A,eq-api,himid_bell,3300.0,3000.0,dB,-4,2935.6,-3.97
api550a,Waves,API 550A,eq-api,himid_bell,3300.0,3000.0,dB,-4,32.3,-0.046
api550a,Waves,API 550A,eq-api,himid_bell,3300.0,3000.0,dB,-4,323.1,-0.291
api550a,Waves,API 550A,eq-api,himid_bell,3300.0,3000.0,dB,-4,3231.2,-3.985
api550a,Waves,API 550A,eq-api,himid_bell,3300.0,3000.0,dB,-4,35.6,-0.044
api550a,Waves,API 550A,eq-api,himid_bell,3300.0,3000.0,dB,-4,355.7,-0.352
api550a,Waves,API 550A,eq-api,himid_bell,3300.0,3000.0,dB,-4,3556.6,-3.958
api550a,Waves,API 550A,eq-api,himid_bell,3300.0,3000.0,dB,-4,39.1,-0.045
api550a,Waves,API 550A,eq-api,himid_bell,3300.0,3000.0,dB,-4,391.5,-0.417
api550a,Waves,API 550A,eq-api,himid_bell,3300.0,3000.0,dB,-4,3914.7,-3.882
api550a,Waves,API 550A,eq-api,himid_bell,3300.0,3000.0,dB,-4,43.1,-0.044
api550a,Waves,API 550A,eq-api,himid_bell,3300.0,3000.0,dB,-4,430.9,-0.47
api550a,Waves,API 550A,eq-api,himid_bell,3300.0,3000.0,dB,-4,4308.9,-3.771
api550a,Waves,API 550A,eq-api,himid_bell,3300.0,3000.0,dB,-4,47.4,-0.046
api550a,Waves,API 550A,eq-api,himid_bell,3300.0,3000.0,dB,-4,474.3,-0.572
api550a,Waves,API 550A,eq-api,himid_bell,3300.0,3000.0,dB,-4,4742.7,-3.616
api550a,Waves,API 550A,eq-api,himid_bell,3300.0,3000.0,dB,-4,52.2,-0.048
api550a,Waves,API 550A,eq-api,himid_bell,3300.0,3000.0,dB,-4,522.0,-0.647
api550a,Waves,API 550A,eq-api,himid_bell,3300.0,3000.0,dB,-4,5220.3,-3.431
api550a,Waves,API 550A,eq-api,himid_bell,3300.0,3000.0,dB,-4,57.5,-0.051
api550a,Waves,API 550A,eq-api,himid_bell,3300.0,3000.0,dB,-4,574.6,-0.777
api550a,Waves,API 550A,eq-api,himid_bell,3300.0,3000.0,dB,-4,5746.0,-3.223
api550a,Waves,API 550A,eq-api,himid_bell,3300.0,3000.0,dB,-4,63.2,-0.057
api550a,Waves,API 550A,eq-api,himid_bell,3300.0,3000.0,dB,-4,632.5,-0.893
api550a,Waves,API 550A,eq-api,himid_bell,3300.0,3000.0,dB,-4,6324.6,-2.993
api550a,Waves,API 550A,eq-api,himid_bell,3300.0,3000.0,dB,-4,69.6,-0.062
api550a,Waves,API 550A,eq-api,himid_bell,3300.0,3000.0,dB,-4,696.1,-1.034
api550a,Waves,API 550A,eq-api,himid_bell,3300.0,3000.0,dB,-4,6961.4,-2.755
api550a,Waves,API 550A,eq-api,himid_bell,3300.0,3000.0,dB,-4,76.6,-0.069
api550a,Waves,API 550A,eq-api,himid_bell,3300.0,3000.0,dB,-4,766.2,-1.213
api550a,Waves,API 550A,eq-api,himid_bell,3300.0,3000.0,dB,-4,7662.4,-2.506
api550a,Waves,API 550A,eq-api,himid_bell,3300.0,3000.0,dB,-4,84.3,-0.075
api550a,Waves,API 550A,eq-api,himid_bell,3300.0,3000.0,dB,-4,843.4,-1.396
api550a,Waves,API 550A,eq-api,himid_bell,3300.0,3000.0,dB,-4,8433.9,-2.268
api550a,Waves,API 550A,eq-api,himid_bell,3300.0,3000.0,dB,-4,92.8,-0.082
api550a,Waves,API 550A,eq-api,himid_bell,3300.0,3000.0,dB,-4,928.3,-1.593
api550a,Waves,API 550A,eq-api,himid_bell,3300.0,3000.0,dB,-4,9283.2,-2.034
api550a,Waves,API 550A,eq-api,himid_bell,3300.0,3000.0,dB,-6,102.2,-0.1
api550a,Waves,API 550A,eq-api,himid_bell,3300.0,3000.0,dB,-6,1021.8,-2.206
api550a,Waves,API 550A,eq-api,himid_bell,3300.0,3000.0,dB,-6,10217.9,-2.129
api550a,Waves,API 550A,eq-api,himid_bell,3300.0,3000.0,dB,-6,112.5,-0.099
api550a,Waves,API 550A,eq-api,himid_bell,3300.0,3000.0,dB,-6,1124.7,-2.544
api550a,Waves,API 550A,eq-api,himid_bell,3300.0,3000.0,dB,-6,11246.8,-1.884
api550a,Waves,API 550A,eq-api,himid_bell,3300.0,3000.0,dB,-6,123.8,-0.096
api550a,Waves,API 550A,eq-api,himid_bell,3300.0,3000.0,dB,-6,1237.9,-2.906
api550a,Waves,API 550A,eq-api,himid_bell,3300.0,3000.0,dB,-6,12379.3,-1.671
api550a,Waves,API 550A,eq-api,himid_bell,3300.0,3000.0,dB,-6,136.3,-0.097
api550a,Waves,API 550A,eq-api,himid_bell,3300.0,3000.0,dB,-6,1362.6,-3.28
api550a,Waves,API 550A,eq-api,himid_bell,3300.0,3000.0,dB,-6,13625.8,-1.488
api550a,Waves,API 550A,eq-api,himid_bell,3300.0,3000.0,dB,-6,1499.8,-3.717
api550a,Waves,API 550A,eq-api,himid_bell,3300.0,3000.0,dB,-6,14997.9,-1.337
api550a,Waves,API 550A,eq-api,himid_bell,3300.0,3000.0,dB,-6,150.0,-0.109
api550a,Waves,API 550A,eq-api,himid_bell,3300.0,3000.0,dB,-6,165.1,-0.133
api550a,Waves,API 550A,eq-api,himid_bell,3300.0,3000.0,dB,-6,1650.8,-4.122
api550a,Waves,API 550A,eq-api,himid_bell,3300.0,3000.0,dB,-6,16508.1,-1.209
api550a,Waves,API 550A,eq-api,himid_bell,3300.0,3000.0,dB,-6,181.7,-0.16
api550a,Waves,API 550A,eq-api,himid_bell,3300.0,3000.0,dB,-6,1817.0,-4.564
api550a,Waves,API 550A,eq-api,himid_bell,3300.0,3000.0,dB,-6,18170.4,-1.111
api550a,Waves,API 550A,eq-api,himid_bell,3300.0,3000.0,dB,-6,20.0,-0.064
api550a,Waves,API 550A,eq-api,himid_bell,3300.0,3000.0,dB,-6,200.0,-0.176
api550a,Waves,API 550A,eq-api,himid_bell,3300.0,3000.0,dB,-6,2000.0,-4.98
api550a,Waves,API 550A,eq-api,himid_bell,3300.0,3000.0,dB,-6,20000.0,-1.041
api550a,Waves,API 550A,eq-api,himid_bell,3300.0,3000.0,dB,-6,22.0,-0.062
api550a,Waves,API 550A,eq-api,himid_bell,3300.0,3000.0,dB,-6,220.1,-0.181
api550a,Waves,API 550A,eq-api,himid_bell,3300.0,3000.0,dB,-6,2201.4,-5.343
api550a,Waves,API 550A,eq-api,himid_bell,3300.0,3000.0,dB,-6,24.2,-0.06
api550a,Waves,API 550A,eq-api,himid_bell,3300.0,3000.0,dB,-6,242.3,-0.203
api550a,Waves,API 550A,eq-api,himid_bell,3300.0,3000.0,dB,-6,2423.1,-5.657
api550a,Waves,API 550A,eq-api,himid_bell,3300.0,3000.0,dB,-6,26.7,-0.058
api550a,Waves,API 550A,eq-api,himid_bell,3300.0,3000.0,dB,-6,266.7,-0.253
api550a,Waves,API 550A,eq-api,himid_bell,3300.0,3000.0,dB,-6,2667.0,-5.887
api550a,Waves,API 550A,eq-api,himid_bell,3300.0,3000.0,dB,-6,29.4,-0.056
api550a,Waves,API 550A,eq-api,himid_bell,3300.0,3000.0,dB,-6,293.6,-0.295
api550a,Waves,API 550A,eq-api,himid_bell,3300.0,3000.0,dB,-6,2935.6,-6.019
api550a,Waves,API 550A,eq-api,himid_bell,3300.0,3000.0,dB,-6,32.3,-0.055
api550a,Waves,API 550A,eq-api,himid_bell,3300.0,3000.0,dB,-6,323.1,-0.319
api550a,Waves,API 550A,eq-api,himid_bell,3300.0,3000.0,dB,-6,3231.2,-6.019
api550a,Waves,API 550A,eq-api,himid_bell,3300.0,3000.0,dB,-6,35.6,-0.052
api550a,Waves,API 550A,eq-api,himid_bell,3300.0,3000.0,dB,-6,355.7,-0.388
api550a,Waves,API 550A,eq-api,himid_bell,3300.0,3000.0,dB,-6,3556.6,-5.91
api550a,Waves,API 550A,eq-api,himid_bell,3300.0,3000.0,dB,-6,39.1,-0.052
api550a,Waves,API 550A,eq-api,himid_bell,3300.0,3000.0,dB,-6,391.5,-0.461
api550a,Waves,API 550A,eq-api,himid_bell,3300.0,3000.0,dB,-6,3914.7,-5.693
api550a,Waves,API 550A,eq-api,himid_bell,3300.0,3000.0,dB,-6,43.1,-0.052
api550a,Waves,API 550A,eq-api,himid_bell,3300.0,3000.0,dB,-6,430.9,-0.519
api550a,Waves,API 550A,eq-api,himid_bell,3300.0,3000.0,dB,-6,4308.9,-5.403
api550a,Waves,API 550A,eq-api,himid_bell,3300.0,3000.0,dB,-6,47.4,-0.054
api550a,Waves,API 550A,eq-api,himid_bell,3300.0,3000.0,dB,-6,474.3,-0.638
api550a,Waves,API 550A,eq-api,himid_bell,3300.0,3000.0,dB,-6,4742.7,-5.048
api550a,Waves,API 550A,eq-api,himid_bell,3300.0,3000.0,dB,-6,52.2,-0.056
api550a,Waves,API 550A,eq-api,himid_bell,3300.0,3000.0,dB,-6,522.0,-0.721
api550a,Waves,API 550A,eq-api,himid_bell,3300.0,3000.0,dB,-6,5220.3,-4.651
api550a,Waves,API 550A,eq-api,himid_bell,3300.0,3000.0,dB,-6,57.5,-0.06
api550a,Waves,API 550A,eq-api,himid_bell,3300.0,3000.0,dB,-6,574.6,-0.875
api550a,Waves,API 550A,eq-api,himid_bell,3300.0,3000.0,dB,-6,5746.0,-4.249
api550a,Waves,API 550A,eq-api,himid_bell,3300.0,3000.0,dB,-6,63.2,-0.066
api550a,Waves,API 550A,eq-api,himid_bell,3300.0,3000.0,dB,-6,632.5,-1.013
api550a,Waves,API 550A,eq-api,himid_bell,3300.0,3000.0,dB,-6,6324.6,-3.837
api550a,Waves,API 550A,eq-api,himid_bell,3300.0,3000.0,dB,-6,69.6,-0.073
api550a,Waves,API 550A,eq-api,himid_bell,3300.0,3000.0,dB,-6,696.1,-1.183
api550a,Waves,API 550A,eq-api,himid_bell,3300.0,3000.0,dB,-6,6961.4,-3.442
api550a,Waves,API 550A,eq-api,himid_bell,3300.0,3000.0,dB,-6,76.6,-0.081
api550a,Waves,API 550A,eq-api,himid_bell,3300.0,3000.0,dB,-6,766.2,-1.408
api550a,Waves,API 550A,eq-api,himid_bell,3300.0,3000.0,dB,-6,7662.4,-3.064
api550a,Waves,API 550A,eq-api,himid_bell,3300.0,3000.0,dB,-6,84.3,-0.089
api550a,Waves,API 550A,eq-api,himid_bell,3300.0,3000.0,dB,-6,843.4,-1.645
api550a,Waves,API 550A,eq-api,himid_bell,3300.0,3000.0,dB,-6,8433.9,-2.721
api550a,Waves,API 550A,eq-api,himid_bell,3300.0,3000.0,dB,-6,92.8,-0.097
api550a,Waves,API 550A,eq-api,himid_bell,3300.0,3000.0,dB,-6,928.3,-1.908
api550a,Waves,API 550A,eq-api,himid_bell,3300.0,3000.0,dB,-6,9283.2,-2.408
api550a,Waves,API 550A,eq-api,himid_bell,3300.0,3000.0,dB,-9,102.2,-0.112
api550a,Waves,API 550A,eq-api,himid_bell,3300.0,3000.0,dB,-9,1021.8,-2.868
api550a,Waves,API 550A,eq-api,himid_bell,3300.0,3000.0,dB,-9,10217.9,-2.715
api550a,Waves,API 550A,eq-api,himid_bell,3300.0,3000.0,dB,-9,112.5,-0.11
api550a,Waves,API 550A,eq-api,himid_bell,3300.0,3000.0,dB,-9,1124.7,-3.325
api550a,Waves,API 550A,eq-api,himid_bell,3300.0,3000.0,dB,-9,11246.8,-2.375
api550a,Waves,API 550A,eq-api,himid_bell,3300.0,3000.0,dB,-9,123.8,-0.105
api550a,Waves,API 550A,eq-api,himid_bell,3300.0,3000.0,dB,-9,1237.9,-3.82
api550a,Waves,API 550A,eq-api,himid_bell,3300.0,3000.0,dB,-9,12379.3,-2.081
api550a,Waves,API 550A,eq-api,himid_bell,3300.0,3000.0,dB,-9,136.3,-0.107
api550a,Waves,API 550A,eq-api,himid_bell,3300.0,3000.0,dB,-9,1362.6,-4.342
api550a,Waves,API 550A,eq-api,himid_bell,3300.0,3000.0,dB,-9,13625.8,-1.833
api550a,Waves,API 550A,eq-api,himid_bell,3300.0,3000.0,dB,-9,1499.8,-4.976
api550a,Waves,API 550A,eq-api,himid_bell,3300.0,3000.0,dB,-9,14997.9,-1.622
api550a,Waves,API 550A,eq-api,himid_bell,3300.0,3000.0,dB,-9,150.0,-0.122
api550a,Waves,API 550A,eq-api,himid_bell,3300.0,3000.0,dB,-9,165.1,-0.154
api550a,Waves,API 550A,eq-api,himid_bell,3300.0,3000.0,dB,-9,1650.8,-5.58
api550a,Waves,API 550A,eq-api,himid_bell,3300.0,3000.0,dB,-9,16508.1,-1.452
api550a,Waves,API 550A,eq-api,himid_bell,3300.0,3000.0,dB,-9,181.7,-0.189
api550a,Waves,API 550A,eq-api,himid_bell,3300.0,3000.0,dB,-9,1817.0,-6.265
api550a,Waves,API 550A,eq-api,himid_bell,3300.0,3000.0,dB,-9,18170.4,-1.316
api550a,Waves,API 550A,eq-api,himid_bell,3300.0,3000.0,dB,-9,20.0,-0.066
api550a,Waves,API 550A,eq-api,himid_bell,3300.0,3000.0,dB,-9,200.0,-0.21
api550a,Waves,API 550A,eq-api,himid_bell,3300.0,3000.0,dB,-9,2000.0,-6.945
api550a,Waves,API 550A,eq-api,himid_bell,3300.0,3000.0,dB,-9,20000.0,-1.221
api550a,Waves,API 550A,eq-api,himid_bell,3300.0,3000.0,dB,-9,22.0,-0.062
api550a,Waves,API 550A,eq-api,himid_bell,3300.0,3000.0,dB,-9,220.1,-0.215
api550a,Waves,API 550A,eq-api,himid_bell,3300.0,3000.0,dB,-9,2201.4,-7.576
api550a,Waves,API 550A,eq-api,himid_bell,3300.0,3000.0,dB,-9,24.2,-0.059
api550a,Waves,API 550A,eq-api,himid_bell,3300.0,3000.0,dB,-9,242.3,-0.244
api550a,Waves,API 550A,eq-api,himid_bell,3300.0,3000.0,dB,-9,2423.1,-8.155
api550a,Waves,API 550A,eq-api,himid_bell,3300.0,3000.0,dB,-9,26.7,-0.056
api550a,Waves,API 550A,eq-api,himid_bell,3300.0,3000.0,dB,-9,266.7,-0.31
api550a,Waves,API 550A,eq-api,himid_bell,3300.0,3000.0,dB,-9,2667.0,-8.6
api550a,Waves,API 550A,eq-api,himid_bell,3300.0,3000.0,dB,-9,29.4,-0.054
api550a,Waves,API 550A,eq-api,himid_bell,3300.0,3000.0,dB,-9,293.6,-0.364
api550a,Waves,API 550A,eq-api,himid_bell,3300.0,3000.0,dB,-9,2935.6,-8.87
api550a,Waves,API 550A,eq-api,himid_bell,3300.0,3000.0,dB,-9,32.3,-0.052
api550a,Waves,API 550A,eq-api,himid_bell,3300.0,3000.0,dB,-9,323.1,-0.393
api550a,Waves,API 550A,eq-api,himid_bell,3300.0,3000.0,dB,-9,3231.2,-8.882
api550a,Waves,API 550A,eq-api,himid_bell,3300.0,3000.0,dB,-9,35.6,-0.049
api550a,Waves,API 550A,eq-api,himid_bell,3300.0,3000.0,dB,-9,355.7,-0.485
api550a,Waves,API 550A,eq-api,himid_bell,3300.0,3000.0,dB,-9,3556.6,-8.672
api550a,Waves,API 550A,eq-api,himid_bell,3300.0,3000.0,dB,-9,39.1,-0.049
api550a,Waves,API 550A,eq-api,himid_bell,3300.0,3000.0,dB,-9,391.5,-0.577
api550a,Waves,API 550A,eq-api,himid_bell,3300.0,3000.0,dB,-9,3914.7,-8.263
api550a,Waves,API 550A,eq-api,himid_bell,3300.0,3000.0,dB,-9,43.1,-0.049
api550a,Waves,API 550A,eq-api,himid_bell,3300.0,3000.0,dB,-9,430.9,-0.653
api550a,Waves,API 550A,eq-api,himid_bell,3300.0,3000.0,dB,-9,4308.9,-7.729
api550a,Waves,API 550A,eq-api,himid_bell,3300.0,3000.0,dB,-9,47.4,-0.051
api550a,Waves,API 550A,eq-api,himid_bell,3300.0,3000.0,dB,-9,474.3,-0.807
api550a,Waves,API 550A,eq-api,himid_bell,3300.0,3000.0,dB,-9,4742.7,-7.108
api550a,Waves,API 550A,eq-api,himid_bell,3300.0,3000.0,dB,-9,52.2,-0.054
api550a,Waves,API 550A,eq-api,himid_bell,3300.0,3000.0,dB,-9,522.0,-0.914
api550a,Waves,API 550A,eq-api,himid_bell,3300.0,3000.0,dB,-9,5220.3,-6.447
api550a,Waves,API 550A,eq-api,himid_bell,3300.0,3000.0,dB,-9,57.5,-0.059
api550a,Waves,API 550A,eq-api,himid_bell,3300.0,3000.0,dB,-9,574.6,-1.115
api550a,Waves,API 550A,eq-api,himid_bell,3300.0,3000.0,dB,-9,5746.0,-5.802
api550a,Waves,API 550A,eq-api,himid_bell,3300.0,3000.0,dB,-9,63.2,-0.068
api550a,Waves,API 550A,eq-api,himid_bell,3300.0,3000.0,dB,-9,632.5,-1.295
api550a,Waves,API 550A,eq-api,himid_bell,3300.0,3000.0,dB,-9,6324.6,-5.17
api550a,Waves,API 550A,eq-api,himid_bell,3300.0,3000.0,dB,-9,69.6,-0.076
api550a,Waves,API 550A,eq-api,himid_bell,3300.0,3000.0,dB,-9,696.1,-1.514
api550a,Waves,API 550A,eq-api,himid_bell,3300.0,3000.0,dB,-9,6961.4,-4.58
api550a,Waves,API 550A,eq-api,himid_bell,3300.0,3000.0,dB,-9,76.6,-0.087
api550a,Waves,API 550A,eq-api,himid_bell,3300.0,3000.0,dB,-9,766.2,-1.809
api550a,Waves,API 550A,eq-api,himid_bell,3300.0,3000.0,dB,-9,7662.4,-4.032
api550a,Waves,API 550A,eq-api,himid_bell,3300.0,3000.0,dB,-9,84.3,-0.098
api550a,Waves,API 550A,eq-api,himid_bell,3300.0,3000.0,dB,-9,843.4,-2.123
api550a,Waves,API 550A,eq-api,himid_bell,3300.0,3000.0,dB,-9,8433.9,-3.541
api550a,Waves,API 550A,eq-api,himid_bell,3300.0,3000.0,dB,-9,92.8,-0.108
api550a,Waves,API 550A,eq-api,himid_bell,3300.0,3000.0,dB,-9,928.3,-2.47
api550a,Waves,API 550A,eq-api,himid_bell,3300.0,3000.0,dB,-9,9283.2,-3.101
api550a,Waves,API 550A,eq-api,lomid_bell,500.0,400.0,dB,+12,102.2,2.453
api550a,Waves,API 550A,eq-api,lomid_bell,500.0,400.0,dB,+12,1021.8,4.603
api550a,Waves,API 550A,eq-api,lomid_bell,500.0,400.0,dB,+12,10217.9,0.235
api550a,Waves,API 550A,eq-api,lomid_bell,500.0,400.0,dB,+12,112.5,2.85
api550a,Waves,API 550A,eq-api,lomid_bell,500.0,400.0,dB,+12,1124.7,4.015
api550a,Waves,API 550A,eq-api,lomid_bell,500.0,400.0,dB,+12,11246.8,0.223
api550a,Waves,API 550A,eq-api,lomid_bell,500.0,400.0,dB,+12,123.8,3.246
api550a,Waves,API 550A,eq-api,lomid_bell,500.0,400.0,dB,+12,1237.9,3.5
api550a,Waves,API 550A,eq-api,lomid_bell,500.0,400.0,dB,+12,12379.3,0.215
api550a,Waves,API 550A,eq-api,lomid_bell,500.0,400.0,dB,+12,136.3,3.675
api550a,Waves,API 550A,eq-api,lomid_bell,500.0,400.0,dB,+12,1362.6,3.023
api550a,Waves,API 550A,eq-api,lomid_bell,500.0,400.0,dB,+12,13625.8,0.209
api550a,Waves,API 550A,eq-api,lomid_bell,500.0,400.0,dB,+12,1499.8,2.598
api550a,Waves,API 550A,eq-api,lomid_bell,500.0,400.0,dB,+12,14997.9,0.204
api550a,Waves,API 550A,eq-api,lomid_bell,500.0,400.0,dB,+12,150.0,4.214
api550a,Waves,API 550A,eq-api,lomid_bell,500.0,400.0,dB,+12,165.1,4.894
api550a,Waves,API 550A,eq-api,lomid_bell,500.0,400.0,dB,+12,1650.8,2.241
api550a,Waves,API 550A,eq-api,lomid_bell,500.0,400.0,dB,+12,16508.1,0.199
api550a,Waves,API 550A,eq-api,lomid_bell,500.0,400.0,dB,+12,181.7,5.716
api550a,Waves,API 550A,eq-api,lomid_bell,500.0,400.0,dB,+12,1817.0,1.931
api550a,Waves,API 550A,eq-api,lomid_bell,500.0,400.0,dB,+12,18170.4,0.197
api550a,Waves,API 550A,eq-api,lomid_bell,500.0,400.0,dB,+12,20.0,0.057
api550a,Waves,API 550A,eq-api,lomid_bell,500.0,400.0,dB,+12,200.0,6.597
api550a,Waves,API 550A,eq-api,lomid_bell,500.0,400.0,dB,+12,2000.0,1.658
api550a,Waves,API 550A,eq-api,lomid_bell,500.0,400.0,dB,+12,20000.0,0.191
api550a,Waves,API 550A,eq-api,lomid_bell,500.0,400.0,dB,+12,22.0,0.044
api550a,Waves,API 550A,eq-api,lomid_bell,500.0,400.0,dB,+12,220.1,7.412
api550a,Waves,API 550A,eq-api,lomid_bell,500.0,400.0,dB,+12,2201.4,1.422
api550a,Waves,API 550A,eq-api,lomid_bell,500.0,400.0,dB,+12,24.2,0.049
api550a,Waves,API 550A,eq-api,lomid_bell,500.0,400.0,dB,+12,242.3,8.213
api550a,Waves,API 550A,eq-api,lomid_bell,500.0,400.0,dB,+12,2423.1,1.213
api550a,Waves,API 550A,eq-api,lomid_bell,500.0,400.0,dB,+12,26.7,0.04
api550a,Waves,API 550A,eq-api,lomid_bell,500.0,400.0,dB,+12,266.7,9.158
api550a,Waves,API 550A,eq-api,lomid_bell,500.0,400.0,dB,+12,2667.0,1.05
api550a,Waves,API 550A,eq-api,lomid_bell,500.0,400.0,dB,+12,29.4,0.054
api550a,Waves,API 550A,eq-api,lomid_bell,500.0,400.0,dB,+12,293.6,10.202
api550a,Waves,API 550A,eq-api,lomid_bell,500.0,400.0,dB,+12,2935.6,0.906
api550a,Waves,API 550A,eq-api,lomid_bell,500.0,400.0,dB,+12,32.3,0.075
api550a,Waves,API 550A,eq-api,lomid_bell,500.0,400.0,dB,+12,323.1,10.963
api550a,Waves,API 550A,eq-api,lomid_bell,500.0,400.0,dB,+12,3231.2,0.784
api550a,Waves,API 550A,eq-api,lomid_bell,500.0,400.0,dB,+12,35.6,0.104
api550a,Waves,API 550A,eq-api,lomid_bell,500.0,400.0,dB,+12,355.7,11.497
api550a,Waves,API 550A,eq-api,lomid_bell,500.0,400.0,dB,+12,3556.6,0.677
api550a,Waves,API 550A,eq-api,lomid_bell,500.0,400.0,dB,+12,39.1,0.15
api550a,Waves,API 550A,eq-api,lomid_bell,500.0,400.0,dB,+12,391.5,11.866
api550a,Waves,API 550A,eq-api,lomid_bell,500.0,400.0,dB,+12,3914.7,0.592
api550a,Waves,API 550A,eq-api,lomid_bell,500.0,400.0,dB,+12,43.1,0.22
api550a,Waves,API 550A,eq-api,lomid_bell,500.0,400.0,dB,+12,430.9,11.642
api550a,Waves,API 550A,eq-api,lomid_bell,500.0,400.0,dB,+12,4308.9,0.52
api550a,Waves,API 550A,eq-api,lomid_bell,500.0,400.0,dB,+12,47.4,0.306
api550a,Waves,API 550A,eq-api,lomid_bell,500.0,400.0,dB,+12,474.3,11.174
api550a,Waves,API 550A,eq-api,lomid_bell,500.0,400.0,dB,+12,4742.7,0.462
api550a,Waves,API 550A,eq-api,lomid_bell,500.0,400.0,dB,+12,52.2,0.436
api550a,Waves,API 550A,eq-api,lomid_bell,500.0,400.0,dB,+12,522.0,10.388
api550a,Waves,API 550A,eq-api,lomid_bell,500.0,400.0,dB,+12,5220.3,0.411
api550a,Waves,API 550A,eq-api,lomid_bell,500.0,400.0,dB,+12,57.5,0.591
api550a,Waves,API 550A,eq-api,lomid_bell,500.0,400.0,dB,+12,574.6,9.528
api550a,Waves,API 550A,eq-api,lomid_bell,500.0,400.0,dB,+12,5746.0,0.371
api550a,Waves,API 550A,eq-api,lomid_bell,500.0,400.0,dB,+12,63.2,0.795
api550a,Waves,API 550A,eq-api,lomid_bell,500.0,400.0,dB,+12,632.5,8.546
api550a,Waves,API 550A,eq-api,lomid_bell,500.0,400.0,dB,+12,6324.6,0.338
api550a,Waves,API 550A,eq-api,lomid_bell,500.0,400.0,dB,+12,69.6,1.036
api550a,Waves,API 550A,eq-api,lomid_bell,500.0,400.0,dB,+12,696.1,7.689
api550a,Waves,API 550A,eq-api,lomid_bell,500.0,400.0,dB,+12,6961.4,0.308
api550a,Waves,API 550A,eq-api,lomid_bell,500.0,400.0,dB,+12,76.6,1.328
api550a,Waves,API 550A,eq-api,lomid_bell,500.0,400.0,dB,+12,766.2,6.828
api550a,Waves,API 550A,eq-api,lomid_bell,500.0,400.0,dB,+12,7662.4,0.284
api550a,Waves,API 550A,eq-api,lomid_bell,500.0,400.0,dB,+12,84.3,1.669
api550a,Waves,API 550A,eq-api,lomid_bell,500.0,400.0,dB,+12,843.4,6.001
api550a,Waves,API 550A,eq-api,lomid_bell,500.0,400.0,dB,+12,8433.9,0.264
api550a,Waves,API 550A,eq-api,lomid_bell,500.0,400.0,dB,+12,92.8,2.045
api550a,Waves,API 550A,eq-api,lomid_bell,500.0,400.0,dB,+12,928.3,5.262
api550a,Waves,API 550A,eq-api,lomid_bell,500.0,400.0,dB,+12,9283.2,0.248
api550a,Waves,API 550A,eq-api,lomid_bell,500.0,400.0,dB,+4,102.2,1.311
api550a,Waves,API 550A,eq-api,lomid_bell,500.0,400.0,dB,+4,1021.8,2.224
api550a,Waves,API 550A,eq-api,lomid_bell,500.0,400.0,dB,+4,10217.9,0.067
api550a,Waves,API 550A,eq-api,lomid_bell,500.0,400.0,dB,+4,112.5,1.51
api550a,Waves,API 550A,eq-api,lomid_bell,500.0,400.0,dB,+4,1124.7,1.982
api550a,Waves,API 550A,eq-api,lomid_bell,500.0,400.0,dB,+4,11246.8,0.058
api550a,Waves,API 550A,eq-api,lomid_bell,500.0,400.0,dB,+4,123.8,1.699
api550a,Waves,API 550A,eq-api,lomid_bell,500.0,400.0,dB,+4,1237.9,1.756
api550a,Waves,API 550A,eq-api,lomid_bell,500.0,400.0,dB,+4,12379.3,0.056
api550a,Waves,API 550A,eq-api,lomid_bell,500.0,400.0,dB,+4,136.3,1.891
api550a,Waves,API 550A,eq-api,lomid_bell,500.0,400.0,dB,+4,1362.6,1.535
api550a,Waves,API 550A,eq-api,lomid_bell,500.0,400.0,dB,+4,13625.8,0.05
api550a,Waves,API 550A,eq-api,lomid_bell,500.0,400.0,dB,+4,1499.8,1.331
api550a,Waves,API 550A,eq-api,lomid_bell,500.0,400.0,dB,+4,14997.9,0.05
api550a,Waves,API 550A,eq-api,lomid_bell,500.0,400.0,dB,+4,150.0,2.121
api550a,Waves,API 550A,eq-api,lomid_bell,500.0,400.0,dB,+4,165.1,2.395
api550a,Waves,API 550A,eq-api,lomid_bell,500.0,400.0,dB,+4,1650.8,1.153
api550a,Waves,API 550A,eq-api,lomid_bell,500.0,400.0,dB,+4,16508.1,0.047
api550a,Waves,API 550A,eq-api,lomid_bell,500.0,400.0,dB,+4,181.7,2.708
api550a,Waves,API 550A,eq-api,lomid_bell,500.0,400.0,dB,+4,1817.0,0.994
api550a,Waves,API 550A,eq-api,lomid_bell,500.0,400.0,dB,+4,18170.4,0.045
api550a,Waves,API 550A,eq-api,lomid_bell,500.0,400.0,dB,+4,20.0,-0.031
api550a,Waves,API 550A,eq-api,lomid_bell,500.0,400.0,dB,+4,200.0,3.012
api550a,Waves,API 550A,eq-api,lomid_bell,500.0,400.0,dB,+4,2000.0,0.851
api550a,Waves,API 550A,eq-api,lomid_bell,500.0,400.0,dB,+4,20000.0,0.041
api550a,Waves,API 550A,eq-api,lomid_bell,500.0,400.0,dB,+4,22.0,-0.035
api550a,Waves,API 550A,eq-api,lomid_bell,500.0,400.0,dB,+4,220.1,3.237
api550a,Waves,API 550A,eq-api,lomid_bell,500.0,400.0,dB,+4,2201.4,0.726
api550a,Waves,API 550A,eq-api,lomid_bell,500.0,400.0,dB,+4,24.2,-0.03
api550a,Waves,API 550A,eq-api,lomid_bell,500.0,400.0,dB,+4,242.3,3.408
api550a,Waves,API 550A,eq-api,lomid_bell,500.0,400.0,dB,+4,2423.1,0.615
api550a,Waves,API 550A,eq-api,lomid_bell,500.0,400.0,dB,+4,26.7,-0.03
api550a,Waves,API 550A,eq-api,lomid_bell,500.0,400.0,dB,+4,266.7,3.613
api550a,Waves,API 550A,eq-api,lomid_bell,500.0,400.0,dB,+4,2667.0,0.525
api550a,Waves,API 550A,eq-api,lomid_bell,500.0,400.0,dB,+4,29.4,-0.019
api550a,Waves,API 550A,eq-api,lomid_bell,500.0,400.0,dB,+4,293.6,3.838
api550a,Waves,API 550A,eq-api,lomid_bell,500.0,400.0,dB,+4,2935.6,0.444
api550a,Waves,API 550A,eq-api,lomid_bell,500.0,400.0,dB,+4,32.3,-0.003
api550a,Waves,API 550A,eq-api,lomid_bell,500.0,400.0,dB,+4,323.1,3.933
api550a,Waves,API 550A,eq-api,lomid_bell,500.0,400.0,dB,+4,3231.2,0.377
api550a,Waves,API 550A,eq-api,lomid_bell,500.0,400.0,dB,+4,35.6,0.019
api550a,Waves,API 550A,eq-api,lomid_bell,500.0,400.0,dB,+4,355.7,3.975
api550a,Waves,API 550A,eq-api,lomid_bell,500.0,400.0,dB,+4,3556.6,0.317
api550a,Waves,API 550A,eq-api,lomid_bell,500.0,400.0,dB,+4,39.1,0.049
api550a,Waves,API 550A,eq-api,lomid_bell,500.0,400.0,dB,+4,391.5,4.056
api550a,Waves,API 550A,eq-api,lomid_bell,500.0,400.0,dB,+4,3914.7,0.27
api550a,Waves,API 550A,eq-api,lomid_bell,500.0,400.0,dB,+4,43.1,0.093
api550a,Waves,API 550A,eq-api,lomid_bell,500.0,400.0,dB,+4,430.9,3.992
api550a,Waves,API 550A,eq-api,lomid_bell,500.0,400.0,dB,+4,4308.9,0.228
api550a,Waves,API 550A,eq-api,lomid_bell,500.0,400.0,dB,+4,47.4,0.144
api550a,Waves,API 550A,eq-api,lomid_bell,500.0,400.0,dB,+4,474.3,3.94
api550a,Waves,API 550A,eq-api,lomid_bell,500.0,400.0,dB,+4,4742.7,0.196
api550a,Waves,API 550A,eq-api,lomid_bell,500.0,400.0,dB,+4,52.2,0.22
api550a,Waves,API 550A,eq-api,lomid_bell,500.0,400.0,dB,+4,522.0,3.808
api550a,Waves,API 550A,eq-api,lomid_bell,500.0,400.0,dB,+4,5220.3,0.165
api550a,Waves,API 550A,eq-api,lomid_bell,500.0,400.0,dB,+4,57.5,0.31
api550a,Waves,API 550A,eq-api,lomid_bell,500.0,400.0,dB,+4,574.6,3.665
api550a,Waves,API 550A,eq-api,lomid_bell,500.0,400.0,dB,+4,5746.0,0.145
api550a,Waves,API 550A,eq-api,lomid_bell,500.0,400.0,dB,+4,63.2,0.424
api550a,Waves,API 550A,eq-api,lomid_bell,500.0,400.0,dB,+4,632.5,3.443
api550a,Waves,API 550A,eq-api,lomid_bell,500.0,400.0,dB,+4,6324.6,0.124
api550a,Waves,API 550A,eq-api,lomid_bell,500.0,400.0,dB,+4,69.6,0.559
api550a,Waves,API 550A,eq-api,lomid_bell,500.0,400.0,dB,+4,696.1,3.247
api550a,Waves,API 550A,eq-api,lomid_bell,500.0,400.0,dB,+4,6961.4,0.108
api550a,Waves,API 550A,eq-api,lomid_bell,500.0,400.0,dB,+4,76.6,0.717
api550a,Waves,API 550A,eq-api,lomid_bell,500.0,400.0,dB,+4,766.2,3.004
api550a,Waves,API 550A,eq-api,lomid_bell,500.0,400.0,dB,+4,7662.4,0.096
api550a,Waves,API 550A,eq-api,lomid_bell,500.0,400.0,dB,+4,84.3,0.901
api550a,Waves,API 550A,eq-api,lomid_bell,500.0,400.0,dB,+4,843.4,2.738
api550a,Waves,API 550A,eq-api,lomid_bell,500.0,400.0,dB,+4,8433.9,0.082
api550a,Waves,API 550A,eq-api,lomid_bell,500.0,400.0,dB,+4,92.8,1.099
api550a,Waves,API 550A,eq-api,lomid_bell,500.0,400.0,dB,+4,928.3,2.477
api550a,Waves,API 550A,eq-api,lomid_bell,500.0,400.0,dB,+4,9283.2,0.075
api550a,Waves,API 550A,eq-api,lomid_bell,500.0,400.0,dB,+6,102.2,1.601
api550a,Waves,API 550A,eq-api,lomid_bell,500.0,400.0,dB,+6,1021.8,2.817
api550a,Waves,API 550A,eq-api,lomid_bell,500.0,400.0,dB,+6,10217.9,0.098
api550a,Waves,API 550A,eq-api,lomid_bell,500.0,400.0,dB,+6,112.5,1.86
api550a,Waves,API 550A,eq-api,lomid_bell,500.0,400.0,dB,+6,1124.7,2.468
api550a,Waves,API 550A,eq-api,lomid_bell,500.0,400.0,dB,+6,11246.8,0.092
api550a,Waves,API 550A,eq-api,lomid_bell,500.0,400.0,dB,+6,123.8,2.116
api550a,Waves,API 550A,eq-api,lomid_bell,500.0,400.0,dB,+6,1237.9,2.156
api550a,Waves,API 550A,eq-api,lomid_bell,500.0,400.0,dB,+6,12379.3,0.085
api550a,Waves,API 550A,eq-api,lomid_bell,500.0,400.0,dB,+6,136.3,2.388
api550a,Waves,API 550A,eq-api,lomid_bell,500.0,400.0,dB,+6,1362.6,1.861
api550a,Waves,API 550A,eq-api,lomid_bell,500.0,400.0,dB,+6,13625.8,0.082
api550a,Waves,API 550A,eq-api,lomid_bell,500.0,400.0,dB,+6,1499.8,1.595
api550a,Waves,API 550A,eq-api,lomid_bell,500.0,400.0,dB,+6,14997.9,0.079
api550a,Waves,API 550A,eq-api,lomid_bell,500.0,400.0,dB,+6,150.0,2.722
api550a,Waves,API 550A,eq-api,lomid_bell,500.0,400.0,dB,+6,165.1,3.133
api550a,Waves,API 550A,eq-api,lomid_bell,500.0,400.0,dB,+6,1650.8,1.371
api550a,Waves,API 550A,eq-api,lomid_bell,500.0,400.0,dB,+6,16508.1,0.075
api550a,Waves,API 550A,eq-api,lomid_bell,500.0,400.0,dB,+6,181.7,3.613
api550a,Waves,API 550A,eq-api,lomid_bell,500.0,400.0,dB,+6,1817.0,1.174
api550a,Waves,API 550A,eq-api,lomid_bell,500.0,400.0,dB,+6,18170.4,0.076
api550a,Waves,API 550A,eq-api,lomid_bell,500.0,400.0,dB,+6,20.0,-0.013
api550a,Waves,API 550A,eq-api,lomid_bell,500.0,400.0,dB,+6,200.0,4.097
api550a,Waves,API 550A,eq-api,lomid_bell,500.0,400.0,dB,+6,2000.0,1.0
api550a,Waves,API 550A,eq-api,lomid_bell,500.0,400.0,dB,+6,20000.0,0.07
api550a,Waves,API 550A,eq-api,lomid_bell,500.0,400.0,dB,+6,22.0,-0.02
api550a,Waves,API 550A,eq-api,lomid_bell,500.0,400.0,dB,+6,220.1,4.494
api550a,Waves,API 550A,eq-api,lomid_bell,500.0,400.0,dB,+6,2201.4,0.851
api550a,Waves,API 550A,eq-api,lomid_bell,500.0,400.0,dB,+6,24.2,-0.016
api550a,Waves,API 550A,eq-api,lomid_bell,500.0,400.0,dB,+6,242.3,4.833
api550a,Waves,API 550A,eq-api,lomid_bell,500.0,400.0,dB,+6,2423.1,0.719
api550a,Waves,API 550A,eq-api,lomid_bell,500.0,400.0,dB,+6,26.7,-0.02
api550a,Waves,API 550A,eq-api,lomid_bell,500.0,400.0,dB,+6,266.7,5.22
api550a,Waves,API 550A,eq-api,lomid_bell,500.0,400.0,dB,+6,2667.0,0.614
api550a,Waves,API 550A,eq-api,lomid_bell,500.0,400.0,dB,+6,29.4,-0.009
api550a,Waves,API 550A,eq-api,lomid_bell,500.0,400.0,dB,+6,293.6,5.627
api550a,Waves,API 550A,eq-api,lomid_bell,500.0,400.0,dB,+6,2935.6,0.522
api550a,Waves,API 550A,eq-api,lomid_bell,500.0,400.0,dB,+6,32.3,0.006
api550a,Waves,API 550A,eq-api,lomid_bell,500.0,400.0,dB,+6,323.1,5.84
api550a,Waves,API 550A,eq-api,lomid_bell,500.0,400.0,dB,+6,3231.2,0.446
api550a,Waves,API 550A,eq-api,lomid_bell,500.0,400.0,dB,+6,35.6,0.029
api550a,Waves,API 550A,eq-api,lomid_bell,500.0,400.0,dB,+6,355.7,5.951
api550a,Waves,API 550A,eq-api,lomid_bell,500.0,400.0,dB,+6,3556.6,0.377
api550a,Waves,API 550A,eq-api,lomid_bell,500.0,400.0,dB,+6,39.1,0.06
api550a,Waves,API 550A,eq-api,lomid_bell,500.0,400.0,dB,+6,391.5,6.074
api550a,Waves,API 550A,eq-api,lomid_bell,500.0,400.0,dB,+6,3914.7,0.324
api550a,Waves,API 550A,eq-api,lomid_bell,500.0,400.0,dB,+6,43.1,0.11
api550a,Waves,API 550A,eq-api,lomid_bell,500.0,400.0,dB,+6,430.9,5.961
api550a,Waves,API 550A,eq-api,lomid_bell,500.0,400.0,dB,+6,4308.9,0.278
api550a,Waves,API 550A,eq-api,lomid_bell,500.0,400.0,dB,+6,47.4,0.169
api550a,Waves,API 550A,eq-api,lomid_bell,500.0,400.0,dB,+6,474.3,5.823
api550a,Waves,API 550A,eq-api,lomid_bell,500.0,400.0,dB,+6,4742.7,0.24
api550a,Waves,API 550A,eq-api,lomid_bell,500.0,400.0,dB,+6,52.2,0.257
api550a,Waves,API 550A,eq-api,lomid_bell,500.0,400.0,dB,+6,522.0,5.552
api550a,Waves,API 550A,eq-api,lomid_bell,500.0,400.0,dB,+6,5220.3,0.209
api550a,Waves,API 550A,eq-api,lomid_bell,500.0,400.0,dB,+6,57.5,0.363
api550a,Waves,API 550A,eq-api,lomid_bell,500.0,400.0,dB,+6,574.6,5.245
api550a,Waves,API 550A,eq-api,lomid_bell,500.0,400.0,dB,+6,5746.0,0.184
api550a,Waves,API 550A,eq-api,lomid_bell,500.0,400.0,dB,+6,63.2,0.499
api550a,Waves,API 550A,eq-api,lomid_bell,500.0,400.0,dB,+6,632.5,4.833
api550a,Waves,API 550A,eq-api,lomid_bell,500.0,400.0,dB,+6,6324.6,0.163
api550a,Waves,API 550A,eq-api,lomid_bell,500.0,400.0,dB,+6,69.6,0.661
api550a,Waves,API 550A,eq-api,lomid_bell,500.0,400.0,dB,+6,696.1,4.46
api550a,Waves,API 550A,eq-api,lomid_bell,500.0,400.0,dB,+6,6961.4,0.143
api550a,Waves,API 550A,eq-api,lomid_bell,500.0,400.0,dB,+6,76.6,0.856
api550a,Waves,API 550A,eq-api,lomid_bell,500.0,400.0,dB,+6,766.2,4.038
api550a,Waves,API 550A,eq-api,lomid_bell,500.0,400.0,dB,+6,7662.4,0.13
api550a,Waves,API 550A,eq-api,lomid_bell,500.0,400.0,dB,+6,84.3,1.083
api550a,Waves,API 550A,eq-api,lomid_bell,500.0,400.0,dB,+6,843.4,3.603
api550a,Waves,API 550A,eq-api,lomid_bell,500.0,400.0,dB,+6,8433.9,0.117
api550a,Waves,API 550A,eq-api,lomid_bell,500.0,400.0,dB,+6,92.8,1.332
api550a,Waves,API 550A,eq-api,lomid_bell,500.0,400.0,dB,+6,928.3,3.195
api550a,Waves,API 550A,eq-api,lomid_bell,500.0,400.0,dB,+6,9283.2,0.107
api550a,Waves,API 550A,eq-api,lomid_bell,500.0,400.0,dB,+9,102.2,1.992
api550a,Waves,API 550A,eq-api,lomid_bell,500.0,400.0,dB,+9,1021.8,3.639
api550a,Waves,API 550A,eq-api,lomid_bell,500.0,400.0,dB,+9,10217.9,0.154
api550a,Waves,API 550A,eq-api,lomid_bell,500.0,400.0,dB,+9,112.5,2.321
api550a,Waves,API 550A,eq-api,lomid_bell,500.0,400.0,dB,+9,1124.7,3.166
api550a,Waves,API 550A,eq-api,lomid_bell,500.0,400.0,dB,+9,11246.8,0.147
api550a,Waves,API 550A,eq-api,lomid_bell,500.0,400.0,dB,+9,123.8,2.65
api550a,Waves,API 550A,eq-api,lomid_bell,500.0,400.0,dB,+9,1237.9,2.751
api550a,Waves,API 550A,eq-api,lomid_bell,500.0,400.0,dB,+9,12379.3,0.14
api550a,Waves,API 550A,eq-api,lomid_bell,500.0,400.0,dB,+9,136.3,3.007
api550a,Waves,API 550A,eq-api,lomid_bell,500.0,400.0,dB,+9,1362.6,2.367
api550a,Waves,API 550A,eq-api,lomid_bell,500.0,400.0,dB,+9,13625.8,0.136
api550a,Waves,API 550A,eq-api,lomid_bell,500.0,400.0,dB,+9,1499.8,2.023
api550a,Waves,API 550A,eq-api,lomid_bell,500.0,400.0,dB,+9,14997.9,0.13
api550a,Waves,API 550A,eq-api,lomid_bell,500.0,400.0,dB,+9,150.0,3.456
api550a,Waves,API 550A,eq-api,lomid_bell,500.0,400.0,dB,+9,165.1,4.018
api550a,Waves,API 550A,eq-api,lomid_bell,500.0,400.0,dB,+9,1650.8,1.737
api550a,Waves,API 550A,eq-api,lomid_bell,500.0,400.0,dB,+9,16508.1,0.126
api550a,Waves,API 550A,eq-api,lomid_bell,500.0,400.0,dB,+9,181.7,4.69
api550a,Waves,API 550A,eq-api,lomid_bell,500.0,400.0,dB,+9,1817.0,1.488
api550a,Waves,API 550A,eq-api,lomid_bell,500.0,400.0,dB,+9,18170.4,0.125
api550a,Waves,API 550A,eq-api,lomid_bell,500.0,400.0,dB,+9,20.0,0.016
api550a,Waves,API 550A,eq-api,lomid_bell,500.0,400.0,dB,+9,200.0,5.395
api550a,Waves,API 550A,eq-api,lomid_bell,500.0,400.0,dB,+9,2000.0,1.27
api550a,Waves,API 550A,eq-api,lomid_bell,500.0,400.0,dB,+9,20000.0,0.123
api550a,Waves,API 550A,eq-api,lomid_bell,500.0,400.0,dB,+9,22.0,0.006
api550a,Waves,API 550A,eq-api,lomid_bell,500.0,400.0,dB,+9,220.1,6.02
api550a,Waves,API 550A,eq-api,lomid_bell,500.0,400.0,dB,+9,2201.4,1.084
api550a,Waves,API 550A,eq-api,lomid_bell,500.0,400.0,dB,+9,24.2,0.01
api550a,Waves,API 550A,eq-api,lomid_bell,500.0,400.0,dB,+9,242.3,6.603
api550a,Waves,API 550A,eq-api,lomid_bell,500.0,400.0,dB,+9,2423.1,0.917
api550a,Waves,API 550A,eq-api,lomid_bell,500.0,400.0,dB,+9,26.7,0.003
api550a,Waves,API 550A,eq-api,lomid_bell,500.0,400.0,dB,+9,266.7,7.274
api550a,Waves,API 550A,eq-api,lomid_bell,500.0,400.0,dB,+9,2667.0,0.79
api550a,Waves,API 550A,eq-api,lomid_bell,500.0,400.0,dB,+9,29.4,0.014
api550a,Waves,API 550A,eq-api,lomid_bell,500.0,400.0,dB,+9,293.6,7.987
api550a,Waves,API 550A,eq-api,lomid_bell,500.0,400.0,dB,+9,2935.6,0.676
api550a,Waves,API 550A,eq-api,lomid_bell,500.0,400.0,dB,+9,32.3,0.03
api550a,Waves,API 550A,eq-api,lomid_bell,500.0,400.0,dB,+9,323.1,8.437
api550a,Waves,API 550A,eq-api,lomid_bell,500.0,400.0,dB,+9,3231.2,0.581
api550a,Waves,API 550A,eq-api,lomid_bell,500.0,400.0,dB,+9,35.6,0.055
api550a,Waves,API 550A,eq-api,lomid_bell,500.0,400.0,dB,+9,355.7,8.712
api550a,Waves,API 550A,eq-api,lomid_bell,500.0,400.0,dB,+9,3556.6,0.497
api550a,Waves,API 550A,eq-api,lomid_bell,500.0,400.0,dB,+9,39.1,0.092
api550a,Waves,API 550A,eq-api,lomid_bell,500.0,400.0,dB,+9,391.5,8.924
api550a,Waves,API 550A,eq-api,lomid_bell,500.0,400.0,dB,+9,3914.7,0.432
api550a,Waves,API 550A,eq-api,lomid_bell,500.0,400.0,dB,+9,43.1,0.15
api550a,Waves,API 550A,eq-api,lomid_bell,500.0,400.0,dB,+9,430.9,8.742
api550a,Waves,API 550A,eq-api,lomid_bell,500.0,400.0,dB,+9,4308.9,0.375
api550a,Waves,API 550A,eq-api,lomid_bell,500.0,400.0,dB,+9,47.4,0.221
api550a,Waves,API 550A,eq-api,lomid_bell,500.0,400.0,dB,+9,474.3,8.451
api550a,Waves,API 550A,eq-api,lomid_bell,500.0,400.0,dB,+9,4742.7,0.33
api550a,Waves,API 550A,eq-api,lomid_bell,500.0,400.0,dB,+9,52.2,0.327
api550a,Waves,API 550A,eq-api,lomid_bell,500.0,400.0,dB,+9,522.0,7.94
api550a,Waves,API 550A,eq-api,lomid_bell,500.0,400.0,dB,+9,5220.3,0.29
api550a,Waves,API 550A,eq-api,lomid_bell,500.0,400.0,dB,+9,57.5,0.455
api550a,Waves,API 550A,eq-api,lomid_bell,500.0,400.0,dB,+9,574.6,7.367
api550a,Waves,API 550A,eq-api,lomid_bell,500.0,400.0,dB,+9,5746.0,0.26
api550a,Waves,API 550A,eq-api,lomid_bell,500.0,400.0,dB,+9,63.2,0.623
api550a,Waves,API 550A,eq-api,lomid_bell,500.0,400.0,dB,+9,632.5,6.669
api550a,Waves,API 550A,eq-api,lomid_bell,500.0,400.0,dB,+9,6324.6,0.234
api550a,Waves,API 550A,eq-api,lomid_bell,500.0,400.0,dB,+9,69.6,0.822
api550a,Waves,API 550A,eq-api,lomid_bell,500.0,400.0,dB,+9,696.1,6.047
api550a,Waves,API 550A,eq-api,lomid_bell,500.0,400.0,dB,+9,6961.4,0.211
api550a,Waves,API 550A,eq-api,lomid_bell,500.0,400.0,dB,+9,76.6,1.062
api550a,Waves,API 550A,eq-api,lomid_bell,500.0,400.0,dB,+9,766.2,5.393
api550a,Waves,API 550A,eq-api,lomid_bell,500.0,400.0,dB,+9,7662.4,0.193
api550a,Waves,API 550A,eq-api,lomid_bell,500.0,400.0,dB,+9,84.3,1.344
api550a,Waves,API 550A,eq-api,lomid_bell,500.0,400.0,dB,+9,843.4,4.75
api550a,Waves,API 550A,eq-api,lomid_bell,500.0,400.0,dB,+9,8433.9,0.176
api550a,Waves,API 550A,eq-api,lomid_bell,500.0,400.0,dB,+9,92.8,1.654
api550a,Waves,API 550A,eq-api,lomid_bell,500.0,400.0,dB,+9,928.3,4.165
api550a,Waves,API 550A,eq-api,lomid_bell,500.0,400.0,dB,+9,9283.2,0.165
api550a,Waves,API 550A,eq-api,lomid_bell,500.0,400.0,dB,-12,102.2,-2.586
api550a,Waves,API 550A,eq-api,lomid_bell,500.0,400.0,dB,-12,1021.8,-4.463
api550a,Waves,API 550A,eq-api,lomid_bell,500.0,400.0,dB,-12,10217.9,-0.083
api550a,Waves,API 550A,eq-api,lomid_bell,500.0,400.0,dB,-12,112.5,-2.904
api550a,Waves,API 550A,eq-api,lomid_bell,500.0,400.0,dB,-12,1124.7,-3.868
api550a,Waves,API 550A,eq-api,lomid_bell,500.0,400.0,dB,-12,11246.8,-0.074
api550a,Waves,API 550A,eq-api,lomid_bell,500.0,400.0,dB,-12,123.8,-3.222
api550a,Waves,API 550A,eq-api,lomid_bell,500.0,400.0,dB,-12,1237.9,-3.355
api550a,Waves,API 550A,eq-api,lomid_bell,500.0,400.0,dB,-12,12379.3,-0.066
api550a,Waves,API 550A,eq-api,lomid_bell,500.0,400.0,dB,-12,136.3,-3.615
api550a,Waves,API 550A,eq-api,lomid_bell,500.0,400.0,dB,-12,1362.6,-2.893
api550a,Waves,API 550A,eq-api,lomid_bell,500.0,400.0,dB,-12,13625.8,-0.059
api550a,Waves,API 550A,eq-api,lomid_bell,500.0,400.0,dB,-12,1499.8,-2.45
api550a,Waves,API 550A,eq-api,lomid_bell,500.0,400.0,dB,-12,14997.9,-0.051
api550a,Waves,API 550A,eq-api,lomid_bell,500.0,400.0,dB,-12,150.0,-4.182
api550a,Waves,API 550A,eq-api,lomid_bell,500.0,400.0,dB,-12,165.1,-4.939
api550a,Waves,API 550A,eq-api,lomid_bell,500.0,400.0,dB,-12,1650.8,-2.102
api550a,Waves,API 550A,eq-api,lomid_bell,500.0,400.0,dB,-12,16508.1,-0.047
api550a,Waves,API 550A,eq-api,lomid_bell,500.0,400.0,dB,-12,181.7,-5.835
api550a,Waves,API 550A,eq-api,lomid_bell,500.0,400.0,dB,-12,1817.0,-1.788
api550a,Waves,API 550A,eq-api,lomid_bell,500.0,400.0,dB,-12,18170.4,-0.044
api550a,Waves,API 550A,eq-api,lomid_bell,500.0,400.0,dB,-12,20.0,-0.275
api550a,Waves,API 550A,eq-api,lomid_bell,500.0,400.0,dB,-12,200.0,-6.685
api550a,Waves,API 550A,eq-api,lomid_bell,500.0,400.0,dB,-12,2000.0,-1.511
api550a,Waves,API 550A,eq-api,lomid_bell,500.0,400.0,dB,-12,20000.0,-0.042
api550a,Waves,API 550A,eq-api,lomid_bell,500.0,400.0,dB,-12,22.0,-0.261
api550a,Waves,API 550A,eq-api,lomid_bell,500.0,400.0,dB,-12,220.1,-7.327
api550a,Waves,API 550A,eq-api,lomid_bell,500.0,400.0,dB,-12,2201.4,-1.277
api550a,Waves,API 550A,eq-api,lomid_bell,500.0,400.0,dB,-12,24.2,-0.259
api550a,Waves,API 550A,eq-api,lomid_bell,500.0,400.0,dB,-12,242.3,-8.05
api550a,Waves,API 550A,eq-api,lomid_bell,500.0,400.0,dB,-12,2423.1,-1.067
api550a,Waves,API 550A,eq-api,lomid_bell,500.0,400.0,dB,-12,26.7,-0.251
api550a,Waves,API 550A,eq-api,lomid_bell,500.0,400.0,dB,-12,266.7,-9.15
api550a,Waves,API 550A,eq-api,lomid_bell,500.0,400.0,dB,-12,2667.0,-0.902
api550a,Waves,API 550A,eq-api,lomid_bell,500.0,400.0,dB,-12,29.4,-0.263
api550a,Waves,API 550A,eq-api,lomid_bell,500.0,400.0,dB,-12,293.6,-10.364
api550a,Waves,API 550A,eq-api,lomid_bell,500.0,400.0,dB,-12,2935.6,-0.757
api550a,Waves,API 550A,eq-api,lomid_bell,500.0,400.0,dB,-12,32.3,-0.282
api550a,Waves,API 550A,eq-api,lomid_bell,500.0,400.0,dB,-12,323.1,-10.926
api550a,Waves,API 550A,eq-api,lomid_bell,500.0,400.0,dB,-12,3231.2,-0.635
api550a,Waves,API 550A,eq-api,lomid_bell,500.0,400.0,dB,-12,35.6,-0.308
api550a,Waves,API 550A,eq-api,lomid_bell,500.0,400.0,dB,-12,355.7,-11.397
api550a,Waves,API 550A,eq-api,lomid_bell,500.0,400.0,dB,-12,3556.6,-0.529
api550a,Waves,API 550A,eq-api,lomid_bell,500.0,400.0,dB,-12,39.1,-0.358
api550a,Waves,API 550A,eq-api,lomid_bell,500.0,400.0,dB,-12,391.5,-12.052
api550a,Waves,API 550A,eq-api,lomid_bell,500.0,400.0,dB,-12,3914.7,-0.443
api550a,Waves,API 550A,eq-api,lomid_bell,500.0,400.0,dB,-12,43.1,-0.429
api550a,Waves,API 550A,eq-api,lomid_bell,500.0,400.0,dB,-12,430.9,-11.62
api550a,Waves,API 550A,eq-api,lomid_bell,500.0,400.0,dB,-12,4308.9,-0.372
api550a,Waves,API 550A,eq-api,lomid_bell,500.0,400.0,dB,-12,47.4,-0.518
api550a,Waves,API 550A,eq-api,lomid_bell,500.0,400.0,dB,-12,474.3,-11.168
api550a,Waves,API 550A,eq-api,lomid_bell,500.0,400.0,dB,-12,4742.7,-0.314
api550a,Waves,API 550A,eq-api,lomid_bell,500.0,400.0,dB,-12,52.2,-0.651
api550a,Waves,API 550A,eq-api,lomid_bell,500.0,400.0,dB,-12,522.0,-10.403
api550a,Waves,API 550A,eq-api,lomid_bell,500.0,400.0,dB,-12,5220.3,-0.264
api550a,Waves,API 550A,eq-api,lomid_bell,500.0,400.0,dB,-12,57.5,-0.808
api550a,Waves,API 550A,eq-api,lomid_bell,500.0,400.0,dB,-12,574.6,-9.474
api550a,Waves,API 550A,eq-api,lomid_bell,500.0,400.0,dB,-12,5746.0,-0.221
api550a,Waves,API 550A,eq-api,lomid_bell,500.0,400.0,dB,-12,63.2,-1.017
api550a,Waves,API 550A,eq-api,lomid_bell,500.0,400.0,dB,-12,632.5,-8.457
api550a,Waves,API 550A,eq-api,lomid_bell,500.0,400.0,dB,-12,6324.6,-0.187
api550a,Waves,API 550A,eq-api,lomid_bell,500.0,400.0,dB,-12,69.6,-1.258
api550a,Waves,API 550A,eq-api,lomid_bell,500.0,400.0,dB,-12,696.1,-7.652
api550a,Waves,API 550A,eq-api,lomid_bell,500.0,400.0,dB,-12,6961.4,-0.159
api550a,Waves,API 550A,eq-api,lomid_bell,500.0,400.0,dB,-12,76.6,-1.548
api550a,Waves,API 550A,eq-api,lomid_bell,500.0,400.0,dB,-12,766.2,-6.716
api550a,Waves,API 550A,eq-api,lomid_bell,500.0,400.0,dB,-12,7662.4,-0.134
api550a,Waves,API 550A,eq-api,lomid_bell,500.0,400.0,dB,-12,84.3,-1.879
api550a,Waves,API 550A,eq-api,lomid_bell,500.0,400.0,dB,-12,843.4,-5.861
api550a,Waves,API 550A,eq-api,lomid_bell,500.0,400.0,dB,-12,8433.9,-0.115
api550a,Waves,API 550A,eq-api,lomid_bell,500.0,400.0,dB,-12,92.8,-2.231
api550a,Waves,API 550A,eq-api,lomid_bell,500.0,400.0,dB,-12,928.3,-5.126
api550a,Waves,API 550A,eq-api,lomid_bell,500.0,400.0,dB,-12,9283.2,-0.098
api550a,Waves,API 550A,eq-api,lomid_bell,500.0,400.0,dB,-4,102.2,-1.296
api550a,Waves,API 550A,eq-api,lomid_bell,500.0,400.0,dB,-4,1021.8,-2.023
api550a,Waves,API 550A,eq-api,lomid_bell,500.0,400.0,dB,-4,10217.9,-0.101
api550a,Waves,API 550A,eq-api,lomid_bell,500.0,400.0,dB,-4,112.5,-1.456
api550a,Waves,API 550A,eq-api,lomid_bell,500.0,400.0,dB,-4,1124.7,-1.785
api550a,Waves,API 550A,eq-api,lomid_bell,500.0,400.0,dB,-4,11246.8,-0.096
api550a,Waves,API 550A,eq-api,lomid_bell,500.0,400.0,dB,-4,123.8,-1.61
api550a,Waves,API 550A,eq-api,lomid_bell,500.0,400.0,dB,-4,1237.9,-1.571
api550a,Waves,API 550A,eq-api,lomid_bell,500.0,400.0,dB,-4,12379.3,-0.092
api550a,Waves,API 550A,eq-api,lomid_bell,500.0,400.0,dB,-4,136.3,-1.779
api550a,Waves,API 550A,eq-api,lomid_bell,500.0,400.0,dB,-4,1362.6,-1.37
api550a,Waves,API 550A,eq-api,lomid_bell,500.0,400.0,dB,-4,13625.8,-0.089
api550a,Waves,API 550A,eq-api,lomid_bell,500.0,400.0,dB,-4,1499.8,-1.178
api550a,Waves,API 550A,eq-api,lomid_bell,500.0,400.0,dB,-4,14997.9,-0.084
api550a,Waves,API 550A,eq-api,lomid_bell,500.0,400.0,dB,-4,150.0,-1.998
api550a,Waves,API 550A,eq-api,lomid_bell,500.0,400.0,dB,-4,165.1,-2.275
api550a,Waves,API 550A,eq-api,lomid_bell,500.0,400.0,dB,-4,1650.8,-1.02
api550a,Waves,API 550A,eq-api,lomid_bell,500.0,400.0,dB,-4,16508.1,-0.083
api550a,Waves,API 550A,eq-api,lomid_bell,500.0,400.0,dB,-4,181.7,-2.596
api550a,Waves,API 550A,eq-api,lomid_bell,500.0,400.0,dB,-4,1817.0,-0.879
api550a,Waves,API 550A,eq-api,lomid_bell,500.0,400.0,dB,-4,18170.4,-0.082
api550a,Waves,API 550A,eq-api,lomid_bell,500.0,400.0,dB,-4,20.0,-0.216
api550a,Waves,API 550A,eq-api,lomid_bell,500.0,400.0,dB,-4,200.0,-2.9
api550a,Waves,API 550A,eq-api,lomid_bell,500.0,400.0,dB,-4,2000.0,-0.754
api550a,Waves,API 550A,eq-api,lomid_bell,500.0,400.0,dB,-4,20000.0,-0.081
api550a,Waves,API 550A,eq-api,lomid_bell,500.0,400.0,dB,-4,22.0,-0.211
api550a,Waves,API 550A,eq-api,lomid_bell,500.0,400.0,dB,-4,220.1,-3.114
api550a,Waves,API 550A,eq-api,lomid_bell,500.0,400.0,dB,-4,2201.4,-0.647
api550a,Waves,API 550A,eq-api,lomid_bell,500.0,400.0,dB,-4,24.2,-0.213
api550a,Waves,API 550A,eq-api,lomid_bell,500.0,400.0,dB,-4,242.3,-3.29
api550a,Waves,API 550A,eq-api,lomid_bell,500.0,400.0,dB,-4,2423.1,-0.551
api550a,Waves,API 550A,eq-api,lomid_bell,500.0,400.0,dB,-4,26.7,-0.212
api550a,Waves,API 550A,eq-api,lomid_bell,500.0,400.0,dB,-4,266.7,-3.53
api550a,Waves,API 550A,eq-api,lomid_bell,500.0,400.0,dB,-4,2667.0,-0.477
api550a,Waves,API 550A,eq-api,lomid_bell,500.0,400.0,dB,-4,29.4,-0.219
api550a,Waves,API 550A,eq-api,lomid_bell,500.0,400.0,dB,-4,293.6,-3.793
api550a,Waves,API 550A,eq-api,lomid_bell,500.0,400.0,dB,-4,2935.6,-0.409
api550a,Waves,API 550A,eq-api,lomid_bell,500.0,400.0,dB,-4,32.3,-0.23
api550a,Waves,API 550A,eq-api,lomid_bell,500.0,400.0,dB,-4,323.1,-3.888
api550a,Waves,API 550A,eq-api,lomid_bell,500.0,400.0,dB,-4,3231.2,-0.354
api550a,Waves,API 550A,eq-api,lomid_bell,500.0,400.0,dB,-4,35.6,-0.244
api550a,Waves,API 550A,eq-api,lomid_bell,500.0,400.0,dB,-4,355.7,-3.93
api550a,Waves,API 550A,eq-api,lomid_bell,500.0,400.0,dB,-4,3556.6,-0.304
api550a,Waves,API 550A,eq-api,lomid_bell,500.0,400.0,dB,-4,39.1,-0.268
api550a,Waves,API 550A,eq-api,lomid_bell,500.0,400.0,dB,-4,391.5,-4.038
api550a,Waves,API 550A,eq-api,lomid_bell,500.0,400.0,dB,-4,3914.7,-0.265
api550a,Waves,API 550A,eq-api,lomid_bell,500.0,400.0,dB,-4,43.1,-0.301
api550a,Waves,API 550A,eq-api,lomid_bell,500.0,400.0,dB,-4,430.9,-3.95
api550a,Waves,API 550A,eq-api,lomid_bell,500.0,400.0,dB,-4,4308.9,-0.232
api550a,Waves,API 550A,eq-api,lomid_bell,500.0,400.0,dB,-4,47.4,-0.343
api550a,Waves,API 550A,eq-api,lomid_bell,500.0,400.0,dB,-4,474.3,-3.886
api550a,Waves,API 550A,eq-api,lomid_bell,500.0,400.0,dB,-4,4742.7,-0.207
api550a,Waves,API 550A,eq-api,lomid_bell,500.0,400.0,dB,-4,52.2,-0.403
api550a,Waves,API 550A,eq-api,lomid_bell,500.0,400.0,dB,-4,522.0,-3.736
api550a,Waves,API 550A,eq-api,lomid_bell,500.0,400.0,dB,-4,5220.3,-0.183
api550a,Waves,API 550A,eq-api,lomid_bell,500.0,400.0,dB,-4,57.5,-0.474
api550a,Waves,API 550A,eq-api,lomid_bell,500.0,400.0,dB,-4,574.6,-3.563
api550a,Waves,API 550A,eq-api,lomid_bell,500.0,400.0,dB,-4,5746.0,-0.162
api550a,Waves,API 550A,eq-api,lomid_bell,500.0,400.0,dB,-4,63.2,-0.569
api550a,Waves,API 550A,eq-api,lomid_bell,500.0,400.0,dB,-4,632.5,-3.312
api550a,Waves,API 550A,eq-api,lomid_bell,500.0,400.0,dB,-4,6324.6,-0.148
api550a,Waves,API 550A,eq-api,lomid_bell,500.0,400.0,dB,-4,69.6,-0.678
api550a,Waves,API 550A,eq-api,lomid_bell,500.0,400.0,dB,-4,696.1,-3.099
api550a,Waves,API 550A,eq-api,lomid_bell,500.0,400.0,dB,-4,6961.4,-0.134
api550a,Waves,API 550A,eq-api,lomid_bell,500.0,400.0,dB,-4,76.6,-0.809
api550a,Waves,API 550A,eq-api,lomid_bell,500.0,400.0,dB,-4,766.2,-2.829
api550a,Waves,API 550A,eq-api,lomid_bell,500.0,400.0,dB,-4,7662.4,-0.124
api550a,Waves,API 550A,eq-api,lomid_bell,500.0,400.0,dB,-4,84.3,-0.96
api550a,Waves,API 550A,eq-api,lomid_bell,500.0,400.0,dB,-4,843.4,-2.544
api550a,Waves,API 550A,eq-api,lomid_bell,500.0,400.0,dB,-4,8433.9,-0.115
api550a,Waves,API 550A,eq-api,lomid_bell,500.0,400.0,dB,-4,92.8,-1.125
api550a,Waves,API 550A,eq-api,lomid_bell,500.0,400.0,dB,-4,928.3,-2.278
api550a,Waves,API 550A,eq-api,lomid_bell,500.0,400.0,dB,-4,9283.2,-0.107
api550a,Waves,API 550A,eq-api,lomid_bell,500.0,400.0,dB,-6,102.2,-1.655
api550a,Waves,API 550A,eq-api,lomid_bell,500.0,400.0,dB,-6,1021.8,-2.661
api550a,Waves,API 550A,eq-api,lomid_bell,500.0,400.0,dB,-6,10217.9,-0.086
api550a,Waves,API 550A,eq-api,lomid_bell,500.0,400.0,dB,-6,112.5,-1.869
api550a,Waves,API 550A,eq-api,lomid_bell,500.0,400.0,dB,-6,1124.7,-2.317
api550a,Waves,API 550A,eq-api,lomid_bell,500.0,400.0,dB,-6,11246.8,-0.08
api550a,Waves,API 550A,eq-api,lomid_bell,500.0,400.0,dB,-6,123.8,-2.08
api550a,Waves,API 550A,eq-api,lomid_bell,500.0,400.0,dB,-6,1237.9,-2.014
api550a,Waves,API 550A,eq-api,lomid_bell,500.0,400.0,dB,-6,12379.3,-0.076
api550a,Waves,API 550A,eq-api,lomid_bell,500.0,400.0,dB,-6,136.3,-2.323
api550a,Waves,API 550A,eq-api,lomid_bell,500.0,400.0,dB,-6,1362.6,-1.738
api550a,Waves,API 550A,eq-api,lomid_bell,500.0,400.0,dB,-6,13625.8,-0.071
api550a,Waves,API 550A,eq-api,lomid_bell,500.0,400.0,dB,-6,1499.8,-1.476
api550a,Waves,API 550A,eq-api,lomid_bell,500.0,400.0,dB,-6,14997.9,-0.065
api550a,Waves,API 550A,eq-api,lomid_bell,500.0,400.0,dB,-6,150.0,-2.651
api550a,Waves,API 550A,eq-api,lomid_bell,500.0,400.0,dB,-6,165.1,-3.074
api550a,Waves,API 550A,eq-api,lomid_bell,500.0,400.0,dB,-6,1650.8,-1.267
api550a,Waves,API 550A,eq-api,lomid_bell,500.0,400.0,dB,-6,16508.1,-0.064
api550a,Waves,API 550A,eq-api,lomid_bell,500.0,400.0,dB,-6,181.7,-3.57
api550a,Waves,API 550A,eq-api,lomid_bell,500.0,400.0,dB,-6,1817.0,-1.082
api550a,Waves,API 550A,eq-api,lomid_bell,500.0,400.0,dB,-6,18170.4,-0.062
api550a,Waves,API 550A,eq-api,lomid_bell,500.0,400.0,dB,-6,20.0,-0.218
api550a,Waves,API 550A,eq-api,lomid_bell,500.0,400.0,dB,-6,200.0,-4.047
api550a,Waves,API 550A,eq-api,lomid_bell,500.0,400.0,dB,-6,2000.0,-0.917
api550a,Waves,API 550A,eq-api,lomid_bell,500.0,400.0,dB,-6,20000.0,-0.06
api550a,Waves,API 550A,eq-api,lomid_bell,500.0,400.0,dB,-6,22.0,-0.211
api550a,Waves,API 550A,eq-api,lomid_bell,500.0,400.0,dB,-6,220.1,-4.397
api550a,Waves,API 550A,eq-api,lomid_bell,500.0,400.0,dB,-6,2201.4,-0.778
api550a,Waves,API 550A,eq-api,lomid_bell,500.0,400.0,dB,-6,24.2,-0.211
api550a,Waves,API 550A,eq-api,lomid_bell,500.0,400.0,dB,-6,242.3,-4.714
api550a,Waves,API 550A,eq-api,lomid_bell,500.0,400.0,dB,-6,2423.1,-0.655
api550a,Waves,API 550A,eq-api,lomid_bell,500.0,400.0,dB,-6,26.7,-0.208
api550a,Waves,API 550A,eq-api,lomid_bell,500.0,400.0,dB,-6,266.7,-5.149
api550a,Waves,API 550A,eq-api,lomid_bell,500.0,400.0,dB,-6,2667.0,-0.559
api550a,Waves,API 550A,eq-api,lomid_bell,500.0,400.0,dB,-6,29.4,-0.216
api550a,Waves,API 550A,eq-api,lomid_bell,500.0,400.0,dB,-6,293.6,-5.619
api550a,Waves,API 550A,eq-api,lomid_bell,500.0,400.0,dB,-6,2935.6,-0.474
api550a,Waves,API 550A,eq-api,lomid_bell,500.0,400.0,dB,-6,32.3,-0.228
api550a,Waves,API 550A,eq-api,lomid_bell,500.0,400.0,dB,-6,323.1,-5.802
api550a,Waves,API 550A,eq-api,lomid_bell,500.0,400.0,dB,-6,3231.2,-0.403
api550a,Waves,API 550A,eq-api,lomid_bell,500.0,400.0,dB,-6,35.6,-0.245
api550a,Waves,API 550A,eq-api,lomid_bell,500.0,400.0,dB,-6,355.7,-5.896
api550a,Waves,API 550A,eq-api,lomid_bell,500.0,400.0,dB,-6,3556.6,-0.342
api550a,Waves,API 550A,eq-api,lomid_bell,500.0,400.0,dB,-6,39.1,-0.276
api550a,Waves,API 550A,eq-api,lomid_bell,500.0,400.0,dB,-6,391.5,-6.086
api550a,Waves,API 550A,eq-api,lomid_bell,500.0,400.0,dB,-6,3914.7,-0.292
api550a,Waves,API 550A,eq-api,lomid_bell,500.0,400.0,dB,-6,43.1,-0.319
api550a,Waves,API 550A,eq-api,lomid_bell,500.0,400.0,dB,-6,430.9,-5.922
api550a,Waves,API 550A,eq-api,lomid_bell,500.0,400.0,dB,-6,4308.9,-0.25
api550a,Waves,API 550A,eq-api,lomid_bell,500.0,400.0,dB,-6,47.4,-0.373
api550a,Waves,API 550A,eq-api,lomid_bell,500.0,400.0,dB,-6,474.3,-5.779
api550a,Waves,API 550A,eq-api,lomid_bell,500.0,400.0,dB,-6,4742.7,-0.217
api550a,Waves,API 550A,eq-api,lomid_bell,500.0,400.0,dB,-6,52.2,-0.453
api550a,Waves,API 550A,eq-api,lomid_bell,500.0,400.0,dB,-6,522.0,-5.495
api550a,Waves,API 550A,eq-api,lomid_bell,500.0,400.0,dB,-6,5220.3,-0.188
api550a,Waves,API 550A,eq-api,lomid_bell,500.0,400.0,dB,-6,57.5,-0.548
api550a,Waves,API 550A,eq-api,lomid_bell,500.0,400.0,dB,-6,574.6,-5.158
api550a,Waves,API 550A,eq-api,lomid_bell,500.0,400.0,dB,-6,5746.0,-0.164
api550a,Waves,API 550A,eq-api,lomid_bell,500.0,400.0,dB,-6,63.2,-0.674
api550a,Waves,API 550A,eq-api,lomid_bell,500.0,400.0,dB,-6,632.5,-4.716
api550a,Waves,API 550A,eq-api,lomid_bell,500.0,400.0,dB,-6,6324.6,-0.143
api550a,Waves,API 550A,eq-api,lomid_bell,500.0,400.0,dB,-6,69.6,-0.82
api550a,Waves,API 550A,eq-api,lomid_bell,500.0,400.0,dB,-6,696.1,-4.346
api550a,Waves,API 550A,eq-api,lomid_bell,500.0,400.0,dB,-6,6961.4,-0.129
api550a,Waves,API 550A,eq-api,lomid_bell,500.0,400.0,dB,-6,76.6,-0.997
api550a,Waves,API 550A,eq-api,lomid_bell,500.0,400.0,dB,-6,766.2,-3.895
api550a,Waves,API 550A,eq-api,lomid_bell,500.0,400.0,dB,-6,7662.4,-0.114
api550a,Waves,API 550A,eq-api,lomid_bell,500.0,400.0,dB,-6,84.3,-1.202
api550a,Waves,API 550A,eq-api,lomid_bell,500.0,400.0,dB,-6,843.4,-3.445
api550a,Waves,API 550A,eq-api,lomid_bell,500.0,400.0,dB,-6,8433.9,-0.104
api550a,Waves,API 550A,eq-api,lomid_bell,500.0,400.0,dB,-6,92.8,-1.424
api550a,Waves,API 550A,eq-api,lomid_bell,500.0,400.0,dB,-6,928.3,-3.038
api550a,Waves,API 550A,eq-api,lomid_bell,500.0,400.0,dB,-6,9283.2,-0.095
api550a,Waves,API 550A,eq-api,lomid_bell,500.0,400.0,dB,-9,102.2,-2.037
api550a,Waves,API 550A,eq-api,lomid_bell,500.0,400.0,dB,-9,1021.8,-3.417
api550a,Waves,API 550A,eq-api,lomid_bell,500.0,400.0,dB,-9,10217.9,-0.081
api550a,Waves,API 550A,eq-api,lomid_bell,500.0,400.0,dB,-9,112.5,-2.301
api550a,Waves,API 550A,eq-api,lomid_bell,500.0,400.0,dB,-9,1124.7,-2.949
api550a,Waves,API 550A,eq-api,lomid_bell,500.0,400.0,dB,-9,11246.8,-0.075
api550a,Waves,API 550A,eq-api,lomid_bell,500.0,400.0,dB,-9,123.8,-2.566
api550a,Waves,API 550A,eq-api,lomid_bell,500.0,400.0,dB,-9,1237.9,-2.546
api550a,Waves,API 550A,eq-api,lomid_bell,500.0,400.0,dB,-9,12379.3,-0.068
api550a,Waves,API 550A,eq-api,lomid_bell,500.0,400.0,dB,-9,136.3,-2.887
api550a,Waves,API 550A,eq-api,lomid_bell,500.0,400.0,dB,-9,1362.6,-2.185
api550a,Waves,API 550A,eq-api,lomid_bell,500.0,400.0,dB,-9,13625.8,-0.063
api550a,Waves,API 550A,eq-api,lomid_bell,500.0,400.0,dB,-9,1499.8,-1.842
api550a,Waves,API 550A,eq-api,lomid_bell,500.0,400.0,dB,-9,14997.9,-0.057
api550a,Waves,API 550A,eq-api,lomid_bell,500.0,400.0,dB,-9,150.0,-3.339
api550a,Waves,API 550A,eq-api,lomid_bell,500.0,400.0,dB,-9,165.1,-3.937
api550a,Waves,API 550A,eq-api,lomid_bell,500.0,400.0,dB,-9,1650.8,-1.574
api550a,Waves,API 550A,eq-api,lomid_bell,500.0,400.0,dB,-9,16508.1,-0.055
api550a,Waves,API 550A,eq-api,lomid_bell,500.0,400.0,dB,-9,181.7,-4.646
api550a,Waves,API 550A,eq-api,lomid_bell,500.0,400.0,dB,-9,1817.0,-1.336
api550a,Waves,API 550A,eq-api,lomid_bell,500.0,400.0,dB,-9,18170.4,-0.052
api550a,Waves,API 550A,eq-api,lomid_bell,500.0,400.0,dB,-9,20.0,-0.239
api550a,Waves,API 550A,eq-api,lomid_bell,500.0,400.0,dB,-9,200.0,-5.332
api550a,Waves,API 550A,eq-api,lomid_bell,500.0,400.0,dB,-9,2000.0,-1.127
api550a,Waves,API 550A,eq-api,lomid_bell,500.0,400.0,dB,-9,20000.0,-0.05
api550a,Waves,API 550A,eq-api,lomid_bell,500.0,400.0,dB,-9,22.0,-0.227
api550a,Waves,API 550A,eq-api,lomid_bell,500.0,400.0,dB,-9,220.1,-5.859
api550a,Waves,API 550A,eq-api,lomid_bell,500.0,400.0,dB,-9,2201.4,-0.952
api550a,Waves,API 550A,eq-api,lomid_bell,500.0,400.0,dB,-9,24.2,-0.226
api550a,Waves,API 550A,eq-api,lomid_bell,500.0,400.0,dB,-9,242.3,-6.401
api550a,Waves,API 550A,eq-api,lomid_bell,500.0,400.0,dB,-9,2423.1,-0.794
api550a,Waves,API 550A,eq-api,lomid_bell,500.0,400.0,dB,-9,26.7,-0.22
api550a,Waves,API 550A,eq-api,lomid_bell,500.0,400.0,dB,-9,266.7,-7.174
api550a,Waves,API 550A,eq-api,lomid_bell,500.0,400.0,dB,-9,2667.0,-0.675
api550a,Waves,API 550A,eq-api,lomid_bell,500.0,400.0,dB,-9,29.4,-0.228
api550a,Waves,API 550A,eq-api,lomid_bell,500.0,400.0,dB,-9,293.6,-8.013
api550a,Waves,API 550A,eq-api,lomid_bell,500.0,400.0,dB,-9,2935.6,-0.568
api550a,Waves,API 550A,eq-api,lomid_bell,500.0,400.0,dB,-9,32.3,-0.242
api550a,Waves,API 550A,eq-api,lomid_bell,500.0,400.0,dB,-9,323.1,-8.384
api550a,Waves,API 550A,eq-api,lomid_bell,500.0,400.0,dB,-9,3231.2,-0.478
api550a,Waves,API 550A,eq-api,lomid_bell,500.0,400.0,dB,-9,35.6,-0.261
api550a,Waves,API 550A,eq-api,lomid_bell,500.0,400.0,dB,-9,355.7,-8.629
api550a,Waves,API 550A,eq-api,lomid_bell,500.0,400.0,dB,-9,3556.6,-0.401
api550a,Waves,API 550A,eq-api,lomid_bell,500.0,400.0,dB,-9,39.1,-0.298
api550a,Waves,API 550A,eq-api,lomid_bell,500.0,400.0,dB,-9,391.5,-8.998
api550a,Waves,API 550A,eq-api,lomid_bell,500.0,400.0,dB,-9,3914.7,-0.339
api550a,Waves,API 550A,eq-api,lomid_bell,500.0,400.0,dB,-9,43.1,-0.352
api550a,Waves,API 550A,eq-api,lomid_bell,500.0,400.0,dB,-9,430.9,-8.702
api550a,Waves,API 550A,eq-api,lomid_bell,500.0,400.0,dB,-9,4308.9,-0.288
api550a,Waves,API 550A,eq-api,lomid_bell,500.0,400.0,dB,-9,47.4,-0.419
api550a,Waves,API 550A,eq-api,lomid_bell,500.0,400.0,dB,-9,474.3,-8.399
api550a,Waves,API 550A,eq-api,lomid_bell,500.0,400.0,dB,-9,4742.7,-0.246
api550a,Waves,API 550A,eq-api,lomid_bell,500.0,400.0,dB,-9,52.2,-0.52
api550a,Waves,API 550A,eq-api,lomid_bell,500.0,400.0,dB,-9,522.0,-7.872
api550a,Waves,API 550A,eq-api,lomid_bell,500.0,400.0,dB,-9,5220.3,-0.211
api550a,Waves,API 550A,eq-api,lomid_bell,500.0,400.0,dB,-9,57.5,-0.639
api550a,Waves,API 550A,eq-api,lomid_bell,500.0,400.0,dB,-9,574.6,-7.238
api550a,Waves,API 550A,eq-api,lomid_bell,500.0,400.0,dB,-9,5746.0,-0.178
api550a,Waves,API 550A,eq-api,lomid_bell,500.0,400.0,dB,-9,63.2,-0.8
api550a,Waves,API 550A,eq-api,lomid_bell,500.0,400.0,dB,-9,632.5,-6.497
api550a,Waves,API 550A,eq-api,lomid_bell,500.0,400.0,dB,-9,6324.6,-0.155
api550a,Waves,API 550A,eq-api,lomid_bell,500.0,400.0,dB,-9,69.6,-0.986
api550a,Waves,API 550A,eq-api,lomid_bell,500.0,400.0,dB,-9,696.1,-5.89
api550a,Waves,API 550A,eq-api,lomid_bell,500.0,400.0,dB,-9,6961.4,-0.133
api550a,Waves,API 550A,eq-api,lomid_bell,500.0,400.0,dB,-9,76.6,-1.211
api550a,Waves,API 550A,eq-api,lomid_bell,500.0,400.0,dB,-9,766.2,-5.183
api550a,Waves,API 550A,eq-api,lomid_bell,500.0,400.0,dB,-9,7662.4,-0.116
api550a,Waves,API 550A,eq-api,lomid_bell,500.0,400.0,dB,-9,84.3,-1.471
api550a,Waves,API 550A,eq-api,lomid_bell,500.0,400.0,dB,-9,843.4,-4.519
api550a,Waves,API 550A,eq-api,lomid_bell,500.0,400.0,dB,-9,8433.9,-0.105
api550a,Waves,API 550A,eq-api,lomid_bell,500.0,400.0,dB,-9,92.8,-1.75
api550a,Waves,API 550A,eq-api,lomid_bell,500.0,400.0,dB,-9,928.3,-3.94
api550a,Waves,API 550A,eq-api,lomid_bell,500.0,400.0,dB,-9,9283.2,-0.091
api550a,Waves,API 550A,eq-api,low_bell,100.0,100.0,dB,+12,102.2,11.935
api550a,Waves,API 550A,eq-api,low_bell,100.0,100.0,dB,+12,1021.8,0.365
api550a,Waves,API 550A,eq-api,low_bell,100.0,100.0,dB,+12,10217.9,-0.044
api550a,Waves,API 550A,eq-api,low_bell,100.0,100.0,dB,+12,112.5,11.752
api550a,Waves,API 550A,eq-api,low_bell,100.0,100.0,dB,+12,1124.7,0.295
api550a,Waves,API 550A,eq-api,low_bell,100.0,100.0,dB,+12,11246.8,-0.045
api550a,Waves,API 550A,eq-api,low_bell,100.0,100.0,dB,+12,123.8,11.137
api550a,Waves,API 550A,eq-api,low_bell,100.0,100.0,dB,+12,1237.9,0.24
api550a,Waves,API 550A,eq-api,low_bell,100.0,100.0,dB,+12,12379.3,-0.046
api550a,Waves,API 550A,eq-api,low_bell,100.0,100.0,dB,+12,136.3,10.221
api550a,Waves,API 550A,eq-api,low_bell,100.0,100.0,dB,+12,1362.6,0.194
api550a,Waves,API 550A,eq-api,low_bell,100.0,100.0,dB,+12,13625.8,-0.047
api550a,Waves,API 550A,eq-api,low_bell,100.0,100.0,dB,+12,1499.8,0.146
api550a,Waves,API 550A,eq-api,low_bell,100.0,100.0,dB,+12,14997.9,-0.042
api550a,Waves,API 550A,eq-api,low_bell,100.0,100.0,dB,+12,150.0,9.165
api550a,Waves,API 550A,eq-api,low_bell,100.0,100.0,dB,+12,165.1,8.167
api550a,Waves,API 550A,eq-api,low_bell,100.0,100.0,dB,+12,1650.8,0.118
api550a,Waves,API 550A,eq-api,low_bell,100.0,100.0,dB,+12,16508.1,-0.046
api550a,Waves,API 550A,eq-api,low_bell,100.0,100.0,dB,+12,181.7,7.309
api550a,Waves,API 550A,eq-api,low_bell,100.0,100.0,dB,+12,1817.0,0.088
api550a,Waves,API 550A,eq-api,low_bell,100.0,100.0,dB,+12,18170.4,-0.047
api550a,Waves,API 550A,eq-api,low_bell,100.0,100.0,dB,+12,20.0,1.822
api550a,Waves,API 550A,eq-api,low_bell,100.0,100.0,dB,+12,200.0,6.568
api550a,Waves,API 550A,eq-api,low_bell,100.0,100.0,dB,+12,2000.0,0.064
api550a,Waves,API 550A,eq-api,low_bell,100.0,100.0,dB,+12,20000.0,-0.049
api550a,Waves,API 550A,eq-api,low_bell,100.0,100.0,dB,+12,22.0,1.988
api550a,Waves,API 550A,eq-api,low_bell,100.0,100.0,dB,+12,220.1,5.826
api550a,Waves,API 550A,eq-api,low_bell,100.0,100.0,dB,+12,2201.4,0.046
api550a,Waves,API 550A,eq-api,low_bell,100.0,100.0,dB,+12,24.2,2.283
api550a,Waves,API 550A,eq-api,low_bell,100.0,100.0,dB,+12,242.3,5.01
api550a,Waves,API 550A,eq-api,low_bell,100.0,100.0,dB,+12,2423.1,0.027
api550a,Waves,API 550A,eq-api,low_bell,100.0,100.0,dB,+12,26.7,2.574
api550a,Waves,API 550A,eq-api,low_bell,100.0,100.0,dB,+12,266.7,4.294
api550a,Waves,API 550A,eq-api,low_bell,100.0,100.0,dB,+12,2667.0,0.016
api550a,Waves,API 550A,eq-api,low_bell,100.0,100.0,dB,+12,29.4,2.912
api550a,Waves,API 550A,eq-api,low_bell,100.0,100.0,dB,+12,293.6,3.775
api550a,Waves,API 550A,eq-api,low_bell,100.0,100.0,dB,+12,2935.6,0.004
api550a,Waves,API 550A,eq-api,low_bell,100.0,100.0,dB,+12,32.3,3.329
api550a,Waves,API 550A,eq-api,low_bell,100.0,100.0,dB,+12,323.1,3.289
api550a,Waves,API 550A,eq-api,low_bell,100.0,100.0,dB,+12,3231.2,-0.005
api550a,Waves,API 550A,eq-api,low_bell,100.0,100.0,dB,+12,35.6,3.803
api550a,Waves,API 550A,eq-api,low_bell,100.0,100.0,dB,+12,355.7,2.738
api550a,Waves,API 550A,eq-api,low_bell,100.0,100.0,dB,+12,3556.6,-0.014
api550a,Waves,API 550A,eq-api,low_bell,100.0,100.0,dB,+12,39.1,4.345
api550a,Waves,API 550A,eq-api,low_bell,100.0,100.0,dB,+12,391.5,2.372
api550a,Waves,API 550A,eq-api,low_bell,100.0,100.0,dB,+12,3914.7,-0.019
api550a,Waves,API 550A,eq-api,low_bell,100.0,100.0,dB,+12,43.1,4.965
api550a,Waves,API 550A,eq-api,low_bell,100.0,100.0,dB,+12,430.9,2.012
api550a,Waves,API 550A,eq-api,low_bell,100.0,100.0,dB,+12,4308.9,-0.026
api550a,Waves,API 550A,eq-api,low_bell,100.0,100.0,dB,+12,47.4,5.6
api550a,Waves,API 550A,eq-api,low_bell,100.0,100.0,dB,+12,474.3,1.676
api550a,Waves,API 550A,eq-api,low_bell,100.0,100.0,dB,+12,4742.7,-0.028
api550a,Waves,API 550A,eq-api,low_bell,100.0,100.0,dB,+12,52.2,6.416
api550a,Waves,API 550A,eq-api,low_bell,100.0,100.0,dB,+12,522.0,1.434
api550a,Waves,API 550A,eq-api,low_bell,100.0,100.0,dB,+12,5220.3,-0.034
api550a,Waves,API 550A,eq-api,low_bell,100.0,100.0,dB,+12,57.5,7.254
api550a,Waves,API 550A,eq-api,low_bell,100.0,100.0,dB,+12,574.6,1.184
api550a,Waves,API 550A,eq-api,low_bell,100.0,100.0,dB,+12,5746.0,-0.034
api550a,Waves,API 550A,eq-api,low_bell,100.0,100.0,dB,+12,63.2,8.19
api550a,Waves,API 550A,eq-api,low_bell,100.0,100.0,dB,+12,632.5,0.983
api550a,Waves,API 550A,eq-api,low_bell,100.0,100.0,dB,+12,6324.6,-0.039
api550a,Waves,API 550A,eq-api,low_bell,100.0,100.0,dB,+12,69.6,9.15
api550a,Waves,API 550A,eq-api,low_bell,100.0,100.0,dB,+12,696.1,0.835
api550a,Waves,API 550A,eq-api,low_bell,100.0,100.0,dB,+12,6961.4,-0.04
api550a,Waves,API 550A,eq-api,low_bell,100.0,100.0,dB,+12,76.6,10.12
api550a,Waves,API 550A,eq-api,low_bell,100.0,100.0,dB,+12,766.2,0.676
api550a,Waves,API 550A,eq-api,low_bell,100.0,100.0,dB,+12,7662.4,-0.042
api550a,Waves,API 550A,eq-api,low_bell,100.0,100.0,dB,+12,84.3,11.001
api550a,Waves,API 550A,eq-api,low_bell,100.0,100.0,dB,+12,843.4,0.548
api550a,Waves,API 550A,eq-api,low_bell,100.0,100.0,dB,+12,8433.9,-0.043
api550a,Waves,API 550A,eq-api,low_bell,100.0,100.0,dB,+12,92.8,11.651
api550a,Waves,API 550A,eq-api,low_bell,100.0,100.0,dB,+12,928.3,0.447
api550a,Waves,API 550A,eq-api,low_bell,100.0,100.0,dB,+12,9283.2,-0.043
api550a,Waves,API 550A,eq-api,low_bell,100.0,100.0,dB,+4,102.2,3.961
api550a,Waves,API 550A,eq-api,low_bell,100.0,100.0,dB,+4,1021.8,0.152
api550a,Waves,API 550A,eq-api,low_bell,100.0,100.0,dB,+4,10217.9,-0.068
api550a,Waves,API 550A,eq-api,low_bell,100.0,100.0,dB,+4,112.5,3.952
api550a,Waves,API 550A,eq-api,low_bell,100.0,100.0,dB,+4,1124.7,0.116
api550a,Waves,API 550A,eq-api,low_bell,100.0,100.0,dB,+4,11246.8,-0.069
api550a,Waves,API 550A,eq-api,low_bell,100.0,100.0,dB,+4,123.8,3.851
api550a,Waves,API 550A,eq-api,low_bell,100.0,100.0,dB,+4,1237.9,0.087
api550a,Waves,API 550A,eq-api,low_bell,100.0,100.0,dB,+4,12379.3,-0.07
api550a,Waves,API 550A,eq-api,low_bell,100.0,100.0,dB,+4,136.3,3.665
api550a,Waves,API 550A,eq-api,low_bell,100.0,100.0,dB,+4,1362.6,0.06
api550a,Waves,API 550A,eq-api,low_bell,100.0,100.0,dB,+4,13625.8,-0.068
api550a,Waves,API 550A,eq-api,low_bell,100.0,100.0,dB,+4,1499.8,0.036
api550a,Waves,API 550A,eq-api,low_bell,100.0,100.0,dB,+4,14997.9,-0.067
api550a,Waves,API 550A,eq-api,low_bell,100.0,100.0,dB,+4,150.0,3.426
api550a,Waves,API 550A,eq-api,low_bell,100.0,100.0,dB,+4,165.1,3.191
api550a,Waves,API 550A,eq-api,low_bell,100.0,100.0,dB,+4,1650.8,0.019
api550a,Waves,API 550A,eq-api,low_bell,100.0,100.0,dB,+4,16508.1,-0.07
api550a,Waves,API 550A,eq-api,low_bell,100.0,100.0,dB,+4,181.7,2.988
api550a,Waves,API 550A,eq-api,low_bell,100.0,100.0,dB,+4,1817.0,0.003
api550a,Waves,API 550A,eq-api,low_bell,100.0,100.0,dB,+4,18170.4,-0.069
api550a,Waves,API 550A,eq-api,low_bell,100.0,100.0,dB,+4,20.0,0.751
api550a,Waves,API 550A,eq-api,low_bell,100.0,100.0,dB,+4,200.0,2.804
api550a,Waves,API 550A,eq-api,low_bell,100.0,100.0,dB,+4,2000.0,-0.009
api550a,Waves,API 550A,eq-api,low_bell,100.0,100.0,dB,+4,20000.0,-0.069
api550a,Waves,API 550A,eq-api,low_bell,100.0,100.0,dB,+4,22.0,0.863
api550a,Waves,API 550A,eq-api,low_bell,100.0,100.0,dB,+4,220.1,2.577
api550a,Waves,API 550A,eq-api,low_bell,100.0,100.0,dB,+4,2201.4,-0.02
api550a,Waves,API 550A,eq-api,low_bell,100.0,100.0,dB,+4,24.2,1.042
api550a,Waves,API 550A,eq-api,low_bell,100.0,100.0,dB,+4,242.3,2.276
api550a,Waves,API 550A,eq-api,low_bell,100.0,100.0,dB,+4,2423.1,-0.03
api550a,Waves,API 550A,eq-api,low_bell,100.0,100.0,dB,+4,26.7,1.218
api550a,Waves,API 550A,eq-api,low_bell,100.0,100.0,dB,+4,266.7,1.998
api550a,Waves,API 550A,eq-api,low_bell,100.0,100.0,dB,+4,2667.0,-0.037
api550a,Waves,API 550A,eq-api,low_bell,100.0,100.0,dB,+4,29.4,1.404
api550a,Waves,API 550A,eq-api,low_bell,100.0,100.0,dB,+4,293.6,1.796
api550a,Waves,API 550A,eq-api,low_bell,100.0,100.0,dB,+4,2935.6,-0.042
api550a,Waves,API 550A,eq-api,low_bell,100.0,100.0,dB,+4,32.3,1.621
api550a,Waves,API 550A,eq-api,low_bell,100.0,100.0,dB,+4,323.1,1.587
api550a,Waves,API 550A,eq-api,low_bell,100.0,100.0,dB,+4,3231.2,-0.046
api550a,Waves,API 550A,eq-api,low_bell,100.0,100.0,dB,+4,35.6,1.851
api550a,Waves,API 550A,eq-api,low_bell,100.0,100.0,dB,+4,355.7,1.336
api550a,Waves,API 550A,eq-api,low_bell,100.0,100.0,dB,+4,3556.6,-0.053
api550a,Waves,API 550A,eq-api,low_bell,100.0,100.0,dB,+4,39.1,2.088
api550a,Waves,API 550A,eq-api,low_bell,100.0,100.0,dB,+4,391.5,1.168
api550a,Waves,API 550A,eq-api,low_bell,100.0,100.0,dB,+4,3914.7,-0.055
api550a,Waves,API 550A,eq-api,low_bell,100.0,100.0,dB,+4,43.1,2.333
api550a,Waves,API 550A,eq-api,low_bell,100.0,100.0,dB,+4,430.9,0.993
api550a,Waves,API 550A,eq-api,low_bell,100.0,100.0,dB,+4,4308.9,-0.058
api550a,Waves,API 550A,eq-api,low_bell,100.0,100.0,dB,+4,47.4,2.556
api550a,Waves,API 550A,eq-api,low_bell,100.0,100.0,dB,+4,474.3,0.831
api550a,Waves,API 550A,eq-api,low_bell,100.0,100.0,dB,+4,4742.7,-0.061
api550a,Waves,API 550A,eq-api,low_bell,100.0,100.0,dB,+4,52.2,2.807
api550a,Waves,API 550A,eq-api,low_bell,100.0,100.0,dB,+4,522.0,0.706
api550a,Waves,API 550A,eq-api,low_bell,100.0,100.0,dB,+4,5220.3,-0.063
api550a,Waves,API 550A,eq-api,low_bell,100.0,100.0,dB,+4,57.5,3.035
api550a,Waves,API 550A,eq-api,low_bell,100.0,100.0,dB,+4,574.6,0.582
api550a,Waves,API 550A,eq-api,low_bell,100.0,100.0,dB,+4,5746.0,-0.062
api550a,Waves,API 550A,eq-api,low_bell,100.0,100.0,dB,+4,63.2,3.252
api550a,Waves,API 550A,eq-api,low_bell,100.0,100.0,dB,+4,632.5,0.476
api550a,Waves,API 550A,eq-api,low_bell,100.0,100.0,dB,+4,6324.6,-0.064
api550a,Waves,API 550A,eq-api,low_bell,100.0,100.0,dB,+4,69.6,3.45
api550a,Waves,API 550A,eq-api,low_bell,100.0,100.0,dB,+4,696.1,0.4
api550a,Waves,API 550A,eq-api,low_bell,100.0,100.0,dB,+4,6961.4,-0.065
api550a,Waves,API 550A,eq-api,low_bell,100.0,100.0,dB,+4,76.6,3.626
api550a,Waves,API 550A,eq-api,low_bell,100.0,100.0,dB,+4,766.2,0.318
api550a,Waves,API 550A,eq-api,low_bell,100.0,100.0,dB,+4,7662.4,-0.065
api550a,Waves,API 550A,eq-api,low_bell,100.0,100.0,dB,+4,84.3,3.778
api550a,Waves,API 550A,eq-api,low_bell,100.0,100.0,dB,+4,843.4,0.25
api550a,Waves,API 550A,eq-api,low_bell,100.0,100.0,dB,+4,8433.9,-0.067
api550a,Waves,API 550A,eq-api,low_bell,100.0,100.0,dB,+4,92.8,3.893
api550a,Waves,API 550A,eq-api,low_bell,100.0,100.0,dB,+4,928.3,0.196
api550a,Waves,API 550A,eq-api,low_bell,100.0,100.0,dB,+4,9283.2,-0.067
api550a,Waves,API 550A,eq-api,low_bell,100.0,100.0,dB,+6,102.2,6.005
api550a,Waves,API 550A,eq-api,low_bell,100.0,100.0,dB,+6,1021.8,0.193
api550a,Waves,API 550A,eq-api,low_bell,100.0,100.0,dB,+6,10217.9,-0.056
api550a,Waves,API 550A,eq-api,low_bell,100.0,100.0,dB,+6,112.5,5.95
api550a,Waves,API 550A,eq-api,low_bell,100.0,100.0,dB,+6,1124.7,0.15
api550a,Waves,API 550A,eq-api,low_bell,100.0,100.0,dB,+6,11246.8,-0.055
api550a,Waves,API 550A,eq-api,low_bell,100.0,100.0,dB,+6,123.8,5.738
api550a,Waves,API 550A,eq-api,low_bell,100.0,100.0,dB,+6,1237.9,0.118
api550a,Waves,API 550A,eq-api,low_bell,100.0,100.0,dB,+6,12379.3,-0.055
api550a,Waves,API 550A,eq-api,low_bell,100.0,100.0,dB,+6,136.3,5.388
api550a,Waves,API 550A,eq-api,low_bell,100.0,100.0,dB,+6,1362.6,0.089
api550a,Waves,API 550A,eq-api,low_bell,100.0,100.0,dB,+6,13625.8,-0.056
api550a,Waves,API 550A,eq-api,low_bell,100.0,100.0,dB,+6,1499.8,0.061
api550a,Waves,API 550A,eq-api,low_bell,100.0,100.0,dB,+6,14997.9,-0.055
api550a,Waves,API 550A,eq-api,low_bell,100.0,100.0,dB,+6,150.0,4.952
api550a,Waves,API 550A,eq-api,low_bell,100.0,100.0,dB,+6,165.1,4.521
api550a,Waves,API 550A,eq-api,low_bell,100.0,100.0,dB,+6,1650.8,0.043
api550a,Waves,API 550A,eq-api,low_bell,100.0,100.0,dB,+6,16508.1,-0.056
api550a,Waves,API 550A,eq-api,low_bell,100.0,100.0,dB,+6,181.7,4.14
api550a,Waves,API 550A,eq-api,low_bell,100.0,100.0,dB,+6,1817.0,0.025
api550a,Waves,API 550A,eq-api,low_bell,100.0,100.0,dB,+6,18170.4,-0.054
api550a,Waves,API 550A,eq-api,low_bell,100.0,100.0,dB,+6,20.0,0.977
api550a,Waves,API 550A,eq-api,low_bell,100.0,100.0,dB,+6,200.0,3.799
api550a,Waves,API 550A,eq-api,low_bell,100.0,100.0,dB,+6,2000.0,0.011
api550a,Waves,API 550A,eq-api,low_bell,100.0,100.0,dB,+6,20000.0,-0.055
api550a,Waves,API 550A,eq-api,low_bell,100.0,100.0,dB,+6,22.0,1.105
api550a,Waves,API 550A,eq-api,low_bell,100.0,100.0,dB,+6,220.1,3.423
api550a,Waves,API 550A,eq-api,low_bell,100.0,100.0,dB,+6,2201.4,0.0
api550a,Waves,API 550A,eq-api,low_bell,100.0,100.0,dB,+6,24.2,1.321
api550a,Waves,API 550A,eq-api,low_bell,100.0,100.0,dB,+6,242.3,2.969
api550a,Waves,API 550A,eq-api,low_bell,100.0,100.0,dB,+6,2423.1,-0.012
api550a,Waves,API 550A,eq-api,low_bell,100.0,100.0,dB,+6,26.7,1.537
api550a,Waves,API 550A,eq-api,low_bell,100.0,100.0,dB,+6,266.7,2.558
api550a,Waves,API 550A,eq-api,low_bell,100.0,100.0,dB,+6,2667.0,-0.019
api550a,Waves,API 550A,eq-api,low_bell,100.0,100.0,dB,+6,29.4,1.777
api550a,Waves,API 550A,eq-api,low_bell,100.0,100.0,dB,+6,293.6,2.26
api550a,Waves,API 550A,eq-api,low_bell,100.0,100.0,dB,+6,2935.6,-0.025
api550a,Waves,API 550A,eq-api,low_bell,100.0,100.0,dB,+6,32.3,2.067
api550a,Waves,API 550A,eq-api,low_bell,100.0,100.0,dB,+6,323.1,1.974
api550a,Waves,API 550A,eq-api,low_bell,100.0,100.0,dB,+6,3231.2,-0.03
api550a,Waves,API 550A,eq-api,low_bell,100.0,100.0,dB,+6,35.6,2.387
api550a,Waves,API 550A,eq-api,low_bell,100.0,100.0,dB,+6,355.7,1.64
api550a,Waves,API 550A,eq-api,low_bell,100.0,100.0,dB,+6,3556.6,-0.036
api550a,Waves,API 550A,eq-api,low_bell,100.0,100.0,dB,+6,39.1,2.737
api550a,Waves,API 550A,eq-api,low_bell,100.0,100.0,dB,+6,391.5,1.419
api550a,Waves,API 550A,eq-api,low_bell,100.0,100.0,dB,+6,3914.7,-0.04
api550a,Waves,API 550A,eq-api,low_bell,100.0,100.0,dB,+6,43.1,3.116
api550a,Waves,API 550A,eq-api,low_bell,100.0,100.0,dB,+6,430.9,1.199
api550a,Waves,API 550A,eq-api,low_bell,100.0,100.0,dB,+6,4308.9,-0.044
api550a,Waves,API 550A,eq-api,low_bell,100.0,100.0,dB,+6,47.4,3.481
api550a,Waves,API 550A,eq-api,low_bell,100.0,100.0,dB,+6,474.3,0.994
api550a,Waves,API 550A,eq-api,low_bell,100.0,100.0,dB,+6,4742.7,-0.045
api550a,Waves,API 550A,eq-api,low_bell,100.0,100.0,dB,+6,52.2,3.914
api550a,Waves,API 550A,eq-api,low_bell,100.0,100.0,dB,+6,522.0,0.845
api550a,Waves,API 550A,eq-api,low_bell,100.0,100.0,dB,+6,5220.3,-0.048
api550a,Waves,API 550A,eq-api,low_bell,100.0,100.0,dB,+6,57.5,4.322
api550a,Waves,API 550A,eq-api,low_bell,100.0,100.0,dB,+6,574.6,0.693
api550a,Waves,API 550A,eq-api,low_bell,100.0,100.0,dB,+6,5746.0,-0.049
api550a,Waves,API 550A,eq-api,low_bell,100.0,100.0,dB,+6,63.2,4.73
api550a,Waves,API 550A,eq-api,low_bell,100.0,100.0,dB,+6,632.5,0.568
api550a,Waves,API 550A,eq-api,low_bell,100.0,100.0,dB,+6,6324.6,-0.049
api550a,Waves,API 550A,eq-api,low_bell,100.0,100.0,dB,+6,69.6,5.107
api550a,Waves,API 550A,eq-api,low_bell,100.0,100.0,dB,+6,696.1,0.479
api550a,Waves,API 550A,eq-api,low_bell,100.0,100.0,dB,+6,6961.4,-0.052
api550a,Waves,API 550A,eq-api,low_bell,100.0,100.0,dB,+6,76.6,5.444
api550a,Waves,API 550A,eq-api,low_bell,100.0,100.0,dB,+6,766.2,0.383
api550a,Waves,API 550A,eq-api,low_bell,100.0,100.0,dB,+6,7662.4,-0.052
api550a,Waves,API 550A,eq-api,low_bell,100.0,100.0,dB,+6,84.3,5.723
api550a,Waves,API 550A,eq-api,low_bell,100.0,100.0,dB,+6,843.4,0.304
api550a,Waves,API 550A,eq-api,low_bell,100.0,100.0,dB,+6,8433.9,-0.056
api550a,Waves,API 550A,eq-api,low_bell,100.0,100.0,dB,+6,92.8,5.917
api550a,Waves,API 550A,eq-api,low_bell,100.0,100.0,dB,+6,928.3,0.243
api550a,Waves,API 550A,eq-api,low_bell,100.0,100.0,dB,+6,9283.2,-0.054
api550a,Waves,API 550A,eq-api,low_bell,100.0,100.0,dB,+9,102.2,8.895
api550a,Waves,API 550A,eq-api,low_bell,100.0,100.0,dB,+9,1021.8,0.258
api550a,Waves,API 550A,eq-api,low_bell,100.0,100.0,dB,+9,10217.9,-0.056
api550a,Waves,API 550A,eq-api,low_bell,100.0,100.0,dB,+9,112.5,8.772
api550a,Waves,API 550A,eq-api,low_bell,100.0,100.0,dB,+9,1124.7,0.204
api550a,Waves,API 550A,eq-api,low_bell,100.0,100.0,dB,+9,11246.8,-0.056
api550a,Waves,API 550A,eq-api,low_bell,100.0,100.0,dB,+9,123.8,8.378
api550a,Waves,API 550A,eq-api,low_bell,100.0,100.0,dB,+9,1237.9,0.162
api550a,Waves,API 550A,eq-api,low_bell,100.0,100.0,dB,+9,12379.3,-0.059
api550a,Waves,API 550A,eq-api,low_bell,100.0,100.0,dB,+9,136.3,7.768
api550a,Waves,API 550A,eq-api,low_bell,100.0,100.0,dB,+9,1362.6,0.126
api550a,Waves,API 550A,eq-api,low_bell,100.0,100.0,dB,+9,13625.8,-0.058
api550a,Waves,API 550A,eq-api,low_bell,100.0,100.0,dB,+9,1499.8,0.09
api550a,Waves,API 550A,eq-api,low_bell,100.0,100.0,dB,+9,14997.9,-0.055
api550a,Waves,API 550A,eq-api,low_bell,100.0,100.0,dB,+9,150.0,7.036
api550a,Waves,API 550A,eq-api,low_bell,100.0,100.0,dB,+9,165.1,6.325
api550a,Waves,API 550A,eq-api,low_bell,100.0,100.0,dB,+9,1650.8,0.068
api550a,Waves,API 550A,eq-api,low_bell,100.0,100.0,dB,+9,16508.1,-0.058
api550a,Waves,API 550A,eq-api,low_bell,100.0,100.0,dB,+9,181.7,5.701
api550a,Waves,API 550A,eq-api,low_bell,100.0,100.0,dB,+9,1817.0,0.045
api550a,Waves,API 550A,eq-api,low_bell,100.0,100.0,dB,+9,18170.4,-0.056
api550a,Waves,API 550A,eq-api,low_bell,100.0,100.0,dB,+9,20.0,1.331
api550a,Waves,API 550A,eq-api,low_bell,100.0,100.0,dB,+9,200.0,5.155
api550a,Waves,API 550A,eq-api,low_bell,100.0,100.0,dB,+9,2000.0,0.027
api550a,Waves,API 550A,eq-api,low_bell,100.0,100.0,dB,+9,20000.0,-0.061
api550a,Waves,API 550A,eq-api,low_bell,100.0,100.0,dB,+9,22.0,1.478
api550a,Waves,API 550A,eq-api,low_bell,100.0,100.0,dB,+9,220.1,4.587
api550a,Waves,API 550A,eq-api,low_bell,100.0,100.0,dB,+9,2201.4,0.013
api550a,Waves,API 550A,eq-api,low_bell,100.0,100.0,dB,+9,24.2,1.735
api550a,Waves,API 550A,eq-api,low_bell,100.0,100.0,dB,+9,242.3,3.944
api550a,Waves,API 550A,eq-api,low_bell,100.0,100.0,dB,+9,2423.1,-0.001
api550a,Waves,API 550A,eq-api,low_bell,100.0,100.0,dB,+9,26.7,1.992
api550a,Waves,API 550A,eq-api,low_bell,100.0,100.0,dB,+9,266.7,3.372
api550a,Waves,API 550A,eq-api,low_bell,100.0,100.0,dB,+9,2667.0,-0.01
api550a,Waves,API 550A,eq-api,low_bell,100.0,100.0,dB,+9,29.4,2.287
api550a,Waves,API 550A,eq-api,low_bell,100.0,100.0,dB,+9,293.6,2.959
api550a,Waves,API 550A,eq-api,low_bell,100.0,100.0,dB,+9,2935.6,-0.02
api550a,Waves,API 550A,eq-api,low_bell,100.0,100.0,dB,+9,32.3,2.65
api550a,Waves,API 550A,eq-api,low_bell,100.0,100.0,dB,+9,323.1,2.572
api550a,Waves,API 550A,eq-api,low_bell,100.0,100.0,dB,+9,3231.2,-0.025
api550a,Waves,API 550A,eq-api,low_bell,100.0,100.0,dB,+9,35.6,3.06
api550a,Waves,API 550A,eq-api,low_bell,100.0,100.0,dB,+9,355.7,2.13
api550a,Waves,API 550A,eq-api,low_bell,100.0,100.0,dB,+9,3556.6,-0.033
api550a,Waves,API 550A,eq-api,low_bell,100.0,100.0,dB,+9,39.1,3.522
api550a,Waves,API 550A,eq-api,low_bell,100.0,100.0,dB,+9,391.5,1.838
api550a,Waves,API 550A,eq-api,low_bell,100.0,100.0,dB,+9,3914.7,-0.038
api550a,Waves,API 550A,eq-api,low_bell,100.0,100.0,dB,+9,43.1,4.043
api550a,Waves,API 550A,eq-api,low_bell,100.0,100.0,dB,+9,430.9,1.552
api550a,Waves,API 550A,eq-api,low_bell,100.0,100.0,dB,+9,4308.9,-0.042
api550a,Waves,API 550A,eq-api,low_bell,100.0,100.0,dB,+9,47.4,4.566
api550a,Waves,API 550A,eq-api,low_bell,100.0,100.0,dB,+9,474.3,1.284
api550a,Waves,API 550A,eq-api,low_bell,100.0,100.0,dB,+9,4742.7,-0.045
api550a,Waves,API 550A,eq-api,low_bell,100.0,100.0,dB,+9,52.2,5.217
api550a,Waves,API 550A,eq-api,low_bell,100.0,100.0,dB,+9,522.0,1.093
api550a,Waves,API 550A,eq-api,low_bell,100.0,100.0,dB,+9,5220.3,-0.048
api550a,Waves,API 550A,eq-api,low_bell,100.0,100.0,dB,+9,57.5,5.862
api550a,Waves,API 550A,eq-api,low_bell,100.0,100.0,dB,+9,574.6,0.896
api550a,Waves,API 550A,eq-api,low_bell,100.0,100.0,dB,+9,5746.0,-0.049
api550a,Waves,API 550A,eq-api,low_bell,100.0,100.0,dB,+9,63.2,6.548
api550a,Waves,API 550A,eq-api,low_bell,100.0,100.0,dB,+9,632.5,0.738
api550a,Waves,API 550A,eq-api,low_bell,100.0,100.0,dB,+9,6324.6,-0.05
api550a,Waves,API 550A,eq-api,low_bell,100.0,100.0,dB,+9,69.6,7.214
api550a,Waves,API 550A,eq-api,low_bell,100.0,100.0,dB,+9,696.1,0.623
api550a,Waves,API 550A,eq-api,low_bell,100.0,100.0,dB,+9,6961.4,-0.053
api550a,Waves,API 550A,eq-api,low_bell,100.0,100.0,dB,+9,76.6,7.842
api550a,Waves,API 550A,eq-api,low_bell,100.0,100.0,dB,+9,766.2,0.5
api550a,Waves,API 550A,eq-api,low_bell,100.0,100.0,dB,+9,7662.4,-0.054
api550a,Waves,API 550A,eq-api,low_bell,100.0,100.0,dB,+9,84.3,8.376
api550a,Waves,API 550A,eq-api,low_bell,100.0,100.0,dB,+9,843.4,0.4
api550a,Waves,API 550A,eq-api,low_bell,100.0,100.0,dB,+9,8433.9,-0.055
api550a,Waves,API 550A,eq-api,low_bell,100.0,100.0,dB,+9,92.8,8.745
api550a,Waves,API 550A,eq-api,low_bell,100.0,100.0,dB,+9,928.3,0.322
api550a,Waves,API 550A,eq-api,low_bell,100.0,100.0,dB,+9,9283.2,-0.055
api550a,Waves,API 550A,eq-api,low_bell,100.0,100.0,dB,-12,102.2,-12.137
api550a,Waves,API 550A,eq-api,low_bell,100.0,100.0,dB,-12,1021.8,-0.298
api550a,Waves,API 550A,eq-api,low_bell,100.0,100.0,dB,-12,10217.9,0.103
api550a,Waves,API 550A,eq-api,low_bell,100.0,100.0,dB,-12,112.5,-12.119
api550a,Waves,API 550A,eq-api,low_bell,100.0,100.0,dB,-12,1124.7,-0.227
api550a,Waves,API 550A,eq-api,low_bell,100.0,100.0,dB,-12,11246.8,0.104
api550a,Waves,API 550A,eq-api,low_bell,100.0,100.0,dB,-12,123.8,-11.545
api550a,Waves,API 550A,eq-api,low_bell,100.0,100.0,dB,-12,1237.9,-0.169
api550a,Waves,API 550A,eq-api,low_bell,100.0,100.0,dB,-12,12379.3,0.104
api550a,Waves,API 550A,eq-api,low_bell,100.0,100.0,dB,-12,136.3,-10.518
api550a,Waves,API 550A,eq-api,low_bell,100.0,100.0,dB,-12,1362.6,-0.13
api550a,Waves,API 550A,eq-api,low_bell,100.0,100.0,dB,-12,13625.8,0.107
api550a,Waves,API 550A,eq-api,low_bell,100.0,100.0,dB,-12,1499.8,-0.082
api550a,Waves,API 550A,eq-api,low_bell,100.0,100.0,dB,-12,14997.9,0.107
api550a,Waves,API 550A,eq-api,low_bell,100.0,100.0,dB,-12,150.0,-9.265
api550a,Waves,API 550A,eq-api,low_bell,100.0,100.0,dB,-12,165.1,-8.085
api550a,Waves,API 550A,eq-api,low_bell,100.0,100.0,dB,-12,1650.8,-0.055
api550a,Waves,API 550A,eq-api,low_bell,100.0,100.0,dB,-12,16508.1,0.106
api550a,Waves,API 550A,eq-api,low_bell,100.0,100.0,dB,-12,181.7,-7.116
api550a,Waves,API 550A,eq-api,low_bell,100.0,100.0,dB,-12,1817.0,-0.026
api550a,Waves,API 550A,eq-api,low_bell,100.0,100.0,dB,-12,18170.4,0.106
api550a,Waves,API 550A,eq-api,low_bell,100.0,100.0,dB,-12,20.0,-2.105
api550a,Waves,API 550A,eq-api,low_bell,100.0,100.0,dB,-12,200.0,-6.395
api550a,Waves,API 550A,eq-api,low_bell,100.0,100.0,dB,-12,2000.0,-0.001
api550a,Waves,API 550A,eq-api,low_bell,100.0,100.0,dB,-12,20000.0,0.106
api550a,Waves,API 550A,eq-api,low_bell,100.0,100.0,dB,-12,22.0,-2.209
api550a,Waves,API 550A,eq-api,low_bell,100.0,100.0,dB,-12,220.1,-5.768
api550a,Waves,API 550A,eq-api,low_bell,100.0,100.0,dB,-12,2201.4,0.016
api550a,Waves,API 550A,eq-api,low_bell,100.0,100.0,dB,-12,24.2,-2.413
api550a,Waves,API 550A,eq-api,low_bell,100.0,100.0,dB,-12,242.3,-4.991
api550a,Waves,API 550A,eq-api,low_bell,100.0,100.0,dB,-12,2423.1,0.032
api550a,Waves,API 550A,eq-api,low_bell,100.0,100.0,dB,-12,26.7,-2.625
api550a,Waves,API 550A,eq-api,low_bell,100.0,100.0,dB,-12,266.7,-4.194
api550a,Waves,API 550A,eq-api,low_bell,100.0,100.0,dB,-12,2667.0,0.045
api550a,Waves,API 550A,eq-api,low_bell,100.0,100.0,dB,-12,29.4,-2.892
api550a,Waves,API 550A,eq-api,low_bell,100.0,100.0,dB,-12,293.6,-3.618
api550a,Waves,API 550A,eq-api,low_bell,100.0,100.0,dB,-12,2935.6,0.058
api550a,Waves,API 550A,eq-api,low_bell,100.0,100.0,dB,-12,32.3,-3.231
api550a,Waves,API 550A,eq-api,low_bell,100.0,100.0,dB,-12,323.1,-3.2
api550a,Waves,API 550A,eq-api,low_bell,100.0,100.0,dB,-12,3231.2,0.065
api550a,Waves,API 550A,eq-api,low_bell,100.0,100.0,dB,-12,35.6,-3.63
api550a,Waves,API 550A,eq-api,low_bell,100.0,100.0,dB,-12,355.7,-2.657
api550a,Waves,API 550A,eq-api,low_bell,100.0,100.0,dB,-12,3556.6,0.072
api550a,Waves,API 550A,eq-api,low_bell,100.0,100.0,dB,-12,39.1,-4.111
api550a,Waves,API 550A,eq-api,low_bell,100.0,100.0,dB,-12,391.5,-2.244
api550a,Waves,API 550A,eq-api,low_bell,100.0,100.0,dB,-12,3914.7,0.077
api550a,Waves,API 550A,eq-api,low_bell,100.0,100.0,dB,-12,43.1,-4.678
api550a,Waves,API 550A,eq-api,low_bell,100.0,100.0,dB,-12,430.9,-1.934
api550a,Waves,API 550A,eq-api,low_bell,100.0,100.0,dB,-12,4308.9,0.084
api550a,Waves,API 550A,eq-api,low_bell,100.0,100.0,dB,-12,47.4,-5.274
api550a,Waves,API 550A,eq-api,low_bell,100.0,100.0,dB,-12,474.3,-1.57
api550a,Waves,API 550A,eq-api,low_bell,100.0,100.0,dB,-12,4742.7,0.085
api550a,Waves,API 550A,eq-api,low_bell,100.0,100.0,dB,-12,52.2,-6.051
api550a,Waves,API 550A,eq-api,low_bell,100.0,100.0,dB,-12,522.0,-1.355
api550a,Waves,API 550A,eq-api,low_bell,100.0,100.0,dB,-12,5220.3,0.09
api550a,Waves,API 550A,eq-api,low_bell,100.0,100.0,dB,-12,57.5,-6.87
api550a,Waves,API 550A,eq-api,low_bell,100.0,100.0,dB,-12,574.6,-1.086
api550a,Waves,API 550A,eq-api,low_bell,100.0,100.0,dB,-12,5746.0,0.095
api550a,Waves,API 550A,eq-api,low_bell,100.0,100.0,dB,-12,63.2,-7.812
api550a,Waves,API 550A,eq-api,low_bell,100.0,100.0,dB,-12,632.5,-0.912
api550a,Waves,API 550A,eq-api,low_bell,100.0,100.0,dB,-12,6324.6,0.096
api550a,Waves,API 550A,eq-api,low_bell,100.0,100.0,dB,-12,69.6,-8.799
api550a,Waves,API 550A,eq-api,low_bell,100.0,100.0,dB,-12,696.1,-0.752
api550a,Waves,API 550A,eq-api,low_bell,100.0,100.0,dB,-12,6961.4,0.098
api550a,Waves,API 550A,eq-api,low_bell,100.0,100.0,dB,-12,76.6,-9.83
api550a,Waves,API 550A,eq-api,low_bell,100.0,100.0,dB,-12,766.2,-0.594
api550a,Waves,API 550A,eq-api,low_bell,100.0,100.0,dB,-12,7662.4,0.099
api550a,Waves,API 550A,eq-api,low_bell,100.0,100.0,dB,-12,84.3,-10.826
api550a,Waves,API 550A,eq-api,low_bell,100.0,100.0,dB,-12,843.4,-0.475
api550a,Waves,API 550A,eq-api,low_bell,100.0,100.0,dB,-12,8433.9,0.1
api550a,Waves,API 550A,eq-api,low_bell,100.0,100.0,dB,-12,92.8,-11.644
api550a,Waves,API 550A,eq-api,low_bell,100.0,100.0,dB,-12,928.3,-0.381
api550a,Waves,API 550A,eq-api,low_bell,100.0,100.0,dB,-12,9283.2,0.103
api550a,Waves,API 550A,eq-api,low_bell,100.0,100.0,dB,-4,102.2,-4.148
api550a,Waves,API 550A,eq-api,low_bell,100.0,100.0,dB,-4,1021.8,-0.189
api550a,Waves,API 550A,eq-api,low_bell,100.0,100.0,dB,-4,10217.9,0.021
api550a,Waves,API 550A,eq-api,low_bell,100.0,100.0,dB,-4,112.5,-4.145
api550a,Waves,API 550A,eq-api,low_bell,100.0,100.0,dB,-4,1124.7,-0.153
api550a,Waves,API 550A,eq-api,low_bell,100.0,100.0,dB,-4,11246.8,0.018
api550a,Waves,API 550A,eq-api,low_bell,100.0,100.0,dB,-4,123.8,-4.02
api550a,Waves,API 550A,eq-api,low_bell,100.0,100.0,dB,-4,1237.9,-0.127
api550a,Waves,API 550A,eq-api,low_bell,100.0,100.0,dB,-4,12379.3,0.02
api550a,Waves,API 550A,eq-api,low_bell,100.0,100.0,dB,-4,136.3,-3.78
api550a,Waves,API 550A,eq-api,low_bell,100.0,100.0,dB,-4,1362.6,-0.103
api550a,Waves,API 550A,eq-api,low_bell,100.0,100.0,dB,-4,13625.8,0.023
api550a,Waves,API 550A,eq-api,low_bell,100.0,100.0,dB,-4,1499.8,-0.079
api550a,Waves,API 550A,eq-api,low_bell,100.0,100.0,dB,-4,14997.9,0.021
api550a,Waves,API 550A,eq-api,low_bell,100.0,100.0,dB,-4,150.0,-3.475
api550a,Waves,API 550A,eq-api,low_bell,100.0,100.0,dB,-4,165.1,-3.193
api550a,Waves,API 550A,eq-api,low_bell,100.0,100.0,dB,-4,1650.8,-0.063
api550a,Waves,API 550A,eq-api,low_bell,100.0,100.0,dB,-4,16508.1,0.021
api550a,Waves,API 550A,eq-api,low_bell,100.0,100.0,dB,-4,181.7,-2.975
api550a,Waves,API 550A,eq-api,low_bell,100.0,100.0,dB,-4,1817.0,-0.051
api550a,Waves,API 550A,eq-api,low_bell,100.0,100.0,dB,-4,18170.4,0.023
api550a,Waves,API 550A,eq-api,low_bell,100.0,100.0,dB,-4,20.0,-0.742
api550a,Waves,API 550A,eq-api,low_bell,100.0,100.0,dB,-4,200.0,-2.809
api550a,Waves,API 550A,eq-api,low_bell,100.0,100.0,dB,-4,2000.0,-0.038
api550a,Waves,API 550A,eq-api,low_bell,100.0,100.0,dB,-4,20000.0,0.019
api550a,Waves,API 550A,eq-api,low_bell,100.0,100.0,dB,-4,22.0,-0.871
api550a,Waves,API 550A,eq-api,low_bell,100.0,100.0,dB,-4,220.1,-2.599
api550a,Waves,API 550A,eq-api,low_bell,100.0,100.0,dB,-4,2201.4,-0.027
api550a,Waves,API 550A,eq-api,low_bell,100.0,100.0,dB,-4,24.2,-1.074
api550a,Waves,API 550A,eq-api,low_bell,100.0,100.0,dB,-4,242.3,-2.283
api550a,Waves,API 550A,eq-api,low_bell,100.0,100.0,dB,-4,2423.1,-0.018
api550a,Waves,API 550A,eq-api,low_bell,100.0,100.0,dB,-4,26.7,-1.274
api550a,Waves,API 550A,eq-api,low_bell,100.0,100.0,dB,-4,266.7,-1.98
api550a,Waves,API 550A,eq-api,low_bell,100.0,100.0,dB,-4,2667.0,-0.011
api550a,Waves,API 550A,eq-api,low_bell,100.0,100.0,dB,-4,29.4,-1.479
api550a,Waves,API 550A,eq-api,low_bell,100.0,100.0,dB,-4,293.6,-1.783
api550a,Waves,API 550A,eq-api,low_bell,100.0,100.0,dB,-4,2935.6,-0.006
api550a,Waves,API 550A,eq-api,low_bell,100.0,100.0,dB,-4,32.3,-1.718
api550a,Waves,API 550A,eq-api,low_bell,100.0,100.0,dB,-4,323.1,-1.593
api550a,Waves,API 550A,eq-api,low_bell,100.0,100.0,dB,-4,3231.2,-0.002
api550a,Waves,API 550A,eq-api,low_bell,100.0,100.0,dB,-4,35.6,-1.965
api550a,Waves,API 550A,eq-api,low_bell,100.0,100.0,dB,-4,355.7,-1.332
api550a,Waves,API 550A,eq-api,low_bell,100.0,100.0,dB,-4,3556.6,0.002
api550a,Waves,API 550A,eq-api,low_bell,100.0,100.0,dB,-4,39.1,-2.221
api550a,Waves,API 550A,eq-api,low_bell,100.0,100.0,dB,-4,391.5,-1.171
api550a,Waves,API 550A,eq-api,low_bell,100.0,100.0,dB,-4,3914.7,0.007
api550a,Waves,API 550A,eq-api,low_bell,100.0,100.0,dB,-4,43.1,-2.476
api550a,Waves,API 550A,eq-api,low_bell,100.0,100.0,dB,-4,430.9,-1.003
api550a,Waves,API 550A,eq-api,low_bell,100.0,100.0,dB,-4,4308.9,0.009
api550a,Waves,API 550A,eq-api,low_bell,100.0,100.0,dB,-4,47.4,-2.707
api550a,Waves,API 550A,eq-api,low_bell,100.0,100.0,dB,-4,474.3,-0.839
api550a,Waves,API 550A,eq-api,low_bell,100.0,100.0,dB,-4,4742.7,0.011
api550a,Waves,API 550A,eq-api,low_bell,100.0,100.0,dB,-4,52.2,-2.96
api550a,Waves,API 550A,eq-api,low_bell,100.0,100.0,dB,-4,522.0,-0.725
api550a,Waves,API 550A,eq-api,low_bell,100.0,100.0,dB,-4,5220.3,0.011
api550a,Waves,API 550A,eq-api,low_bell,100.0,100.0,dB,-4,57.5,-3.189
api550a,Waves,API 550A,eq-api,low_bell,100.0,100.0,dB,-4,574.6,-0.601
api550a,Waves,API 550A,eq-api,low_bell,100.0,100.0,dB,-4,5746.0,0.015
api550a,Waves,API 550A,eq-api,low_bell,100.0,100.0,dB,-4,63.2,-3.405
api550a,Waves,API 550A,eq-api,low_bell,100.0,100.0,dB,-4,632.5,-0.5
api550a,Waves,API 550A,eq-api,low_bell,100.0,100.0,dB,-4,6324.6,0.016
api550a,Waves,API 550A,eq-api,low_bell,100.0,100.0,dB,-4,69.6,-3.6
api550a,Waves,API 550A,eq-api,low_bell,100.0,100.0,dB,-4,696.1,-0.428
api550a,Waves,API 550A,eq-api,low_bell,100.0,100.0,dB,-4,6961.4,0.018
api550a,Waves,API 550A,eq-api,low_bell,100.0,100.0,dB,-4,76.6,-3.776
api550a,Waves,API 550A,eq-api,low_bell,100.0,100.0,dB,-4,766.2,-0.35
api550a,Waves,API 550A,eq-api,low_bell,100.0,100.0,dB,-4,7662.4,0.017
api550a,Waves,API 550A,eq-api,low_bell,100.0,100.0,dB,-4,84.3,-3.933
api550a,Waves,API 550A,eq-api,low_bell,100.0,100.0,dB,-4,843.4,-0.284
api550a,Waves,API 550A,eq-api,low_bell,100.0,100.0,dB,-4,8433.9,0.019
api550a,Waves,API 550A,eq-api,low_bell,100.0,100.0,dB,-4,92.8,-4.063
api550a,Waves,API 550A,eq-api,low_bell,100.0,100.0,dB,-4,928.3,-0.233
api550a,Waves,API 550A,eq-api,low_bell,100.0,100.0,dB,-4,9283.2,0.02
api550a,Waves,API 550A,eq-api,low_bell,100.0,100.0,dB,-6,102.2,-6.127
api550a,Waves,API 550A,eq-api,low_bell,100.0,100.0,dB,-6,1021.8,-0.199
api550a,Waves,API 550A,eq-api,low_bell,100.0,100.0,dB,-6,10217.9,0.035
api550a,Waves,API 550A,eq-api,low_bell,100.0,100.0,dB,-6,112.5,-6.124
api550a,Waves,API 550A,eq-api,low_bell,100.0,100.0,dB,-6,1124.7,-0.157
api550a,Waves,API 550A,eq-api,low_bell,100.0,100.0,dB,-6,11246.8,0.036
api550a,Waves,API 550A,eq-api,low_bell,100.0,100.0,dB,-6,123.8,-5.931
api550a,Waves,API 550A,eq-api,low_bell,100.0,100.0,dB,-6,1237.9,-0.124
api550a,Waves,API 550A,eq-api,low_bell,100.0,100.0,dB,-6,12379.3,0.036
api550a,Waves,API 550A,eq-api,low_bell,100.0,100.0,dB,-6,136.3,-5.558
api550a,Waves,API 550A,eq-api,low_bell,100.0,100.0,dB,-6,1362.6,-0.101
api550a,Waves,API 550A,eq-api,low_bell,100.0,100.0,dB,-6,13625.8,0.034
api550a,Waves,API 550A,eq-api,low_bell,100.0,100.0,dB,-6,1499.8,-0.073
api550a,Waves,API 550A,eq-api,low_bell,100.0,100.0,dB,-6,14997.9,0.038
api550a,Waves,API 550A,eq-api,low_bell,100.0,100.0,dB,-6,150.0,-5.067
api550a,Waves,API 550A,eq-api,low_bell,100.0,100.0,dB,-6,165.1,-4.571
api550a,Waves,API 550A,eq-api,low_bell,100.0,100.0,dB,-6,1650.8,-0.057
api550a,Waves,API 550A,eq-api,low_bell,100.0,100.0,dB,-6,16508.1,0.037
api550a,Waves,API 550A,eq-api,low_bell,100.0,100.0,dB,-6,181.7,-4.136
api550a,Waves,API 550A,eq-api,low_bell,100.0,100.0,dB,-6,1817.0,-0.04
api550a,Waves,API 550A,eq-api,low_bell,100.0,100.0,dB,-6,18170.4,0.038
api550a,Waves,API 550A,eq-api,low_bell,100.0,100.0,dB,-6,20.0,-1.447
api550a,Waves,API 550A,eq-api,low_bell,100.0,100.0,dB,-6,200.0,-3.779
api550a,Waves,API 550A,eq-api,low_bell,100.0,100.0,dB,-6,2000.0,-0.025
api550a,Waves,API 550A,eq-api,low_bell,100.0,100.0,dB,-6,20000.0,0.036
api550a,Waves,API 550A,eq-api,low_bell,100.0,100.0,dB,-6,22.0,-1.523
api550a,Waves,API 550A,eq-api,low_bell,100.0,100.0,dB,-6,220.1,-3.424
api550a,Waves,API 550A,eq-api,low_bell,100.0,100.0,dB,-6,2201.4,-0.015
api550a,Waves,API 550A,eq-api,low_bell,100.0,100.0,dB,-6,24.2,-1.66
api550a,Waves,API 550A,eq-api,low_bell,100.0,100.0,dB,-6,242.3,-2.978
api550a,Waves,API 550A,eq-api,low_bell,100.0,100.0,dB,-6,2423.1,-0.005
api550a,Waves,API 550A,eq-api,low_bell,100.0,100.0,dB,-6,26.7,-1.802
api550a,Waves,API 550A,eq-api,low_bell,100.0,100.0,dB,-6,266.7,-2.53
api550a,Waves,API 550A,eq-api,low_bell,100.0,100.0,dB,-6,2667.0,0.001
api550a,Waves,API 550A,eq-api,low_bell,100.0,100.0,dB,-6,29.4,-1.973
api550a,Waves,API 550A,eq-api,low_bell,100.0,100.0,dB,-6,293.6,-2.2
api550a,Waves,API 550A,eq-api,low_bell,100.0,100.0,dB,-6,2935.6,0.008
api550a,Waves,API 550A,eq-api,low_bell,100.0,100.0,dB,-6,32.3,-2.188
api550a,Waves,API 550A,eq-api,low_bell,100.0,100.0,dB,-6,323.1,-1.94
api550a,Waves,API 550A,eq-api,low_bell,100.0,100.0,dB,-6,3231.2,0.013
api550a,Waves,API 550A,eq-api,low_bell,100.0,100.0,dB,-6,35.6,-2.433
api550a,Waves,API 550A,eq-api,low_bell,100.0,100.0,dB,-6,355.7,-1.614
api550a,Waves,API 550A,eq-api,low_bell,100.0,100.0,dB,-6,3556.6,0.017
api550a,Waves,API 550A,eq-api,low_bell,100.0,100.0,dB,-6,39.1,-2.72
api550a,Waves,API 550A,eq-api,low_bell,100.0,100.0,dB,-6,391.5,-1.37
api550a,Waves,API 550A,eq-api,low_bell,100.0,100.0,dB,-6,3914.7,0.021
api550a,Waves,API 550A,eq-api,low_bell,100.0,100.0,dB,-6,43.1,-3.045
api550a,Waves,API 550A,eq-api,low_bell,100.0,100.0,dB,-6,430.9,-1.176
api550a,Waves,API 550A,eq-api,low_bell,100.0,100.0,dB,-6,4308.9,0.024
api550a,Waves,API 550A,eq-api,low_bell,100.0,100.0,dB,-6,47.4,-3.372
api550a,Waves,API 550A,eq-api,low_bell,100.0,100.0,dB,-6,474.3,-0.96
api550a,Waves,API 550A,eq-api,low_bell,100.0,100.0,dB,-6,4742.7,0.025
api550a,Waves,API 550A,eq-api,low_bell,100.0,100.0,dB,-6,52.2,-3.775
api550a,Waves,API 550A,eq-api,low_bell,100.0,100.0,dB,-6,522.0,-0.828
api550a,Waves,API 550A,eq-api,low_bell,100.0,100.0,dB,-6,5220.3,0.027
api550a,Waves,API 550A,eq-api,low_bell,100.0,100.0,dB,-6,57.5,-4.172
api550a,Waves,API 550A,eq-api,low_bell,100.0,100.0,dB,-6,574.6,-0.668
api550a,Waves,API 550A,eq-api,low_bell,100.0,100.0,dB,-6,5746.0,0.03
api550a,Waves,API 550A,eq-api,low_bell,100.0,100.0,dB,-6,63.2,-4.592
api550a,Waves,API 550A,eq-api,low_bell,100.0,100.0,dB,-6,632.5,-0.563
api550a,Waves,API 550A,eq-api,low_bell,100.0,100.0,dB,-6,6324.6,0.031
api550a,Waves,API 550A,eq-api,low_bell,100.0,100.0,dB,-6,69.6,-4.993
api550a,Waves,API 550A,eq-api,low_bell,100.0,100.0,dB,-6,696.1,-0.468
api550a,Waves,API 550A,eq-api,low_bell,100.0,100.0,dB,-6,6961.4,0.032
api550a,Waves,API 550A,eq-api,low_bell,100.0,100.0,dB,-6,76.6,-5.373
api550a,Waves,API 550A,eq-api,low_bell,100.0,100.0,dB,-6,766.2,-0.374
api550a,Waves,API 550A,eq-api,low_bell,100.0,100.0,dB,-6,7662.4,0.031
api550a,Waves,API 550A,eq-api,low_bell,100.0,100.0,dB,-6,84.3,-5.709
api550a,Waves,API 550A,eq-api,low_bell,100.0,100.0,dB,-6,843.4,-0.303
api550a,Waves,API 550A,eq-api,low_bell,100.0,100.0,dB,-6,8433.9,0.034
api550a,Waves,API 550A,eq-api,low_bell,100.0,100.0,dB,-6,92.8,-5.97
api550a,Waves,API 550A,eq-api,low_bell,100.0,100.0,dB,-6,928.3,-0.248
api550a,Waves,API 550A,eq-api,low_bell,100.0,100.0,dB,-6,9283.2,0.035
api550a,Waves,API 550A,eq-api,low_bell,100.0,100.0,dB,-9,102.2,-8.91
api550a,Waves,API 550A,eq-api,low_bell,100.0,100.0,dB,-9,1021.8,-0.034
api550a,Waves,API 550A,eq-api,low_bell,100.0,100.0,dB,-9,10217.9,0.272
api550a,Waves,API 550A,eq-api,low_bell,100.0,100.0,dB,-9,112.5,-8.902
api550a,Waves,API 550A,eq-api,low_bell,100.0,100.0,dB,-9,1124.7,0.021
api550a,Waves,API 550A,eq-api,low_bell,100.0,100.0,dB,-9,11246.8,0.273
api550a,Waves,API 550A,eq-api,low_bell,100.0,100.0,dB,-9,123.8,-8.536
api550a,Waves,API 550A,eq-api,low_bell,100.0,100.0,dB,-9,1237.9,0.064
api550a,Waves,API 550A,eq-api,low_bell,100.0,100.0,dB,-9,12379.3,0.272
api550a,Waves,API 550A,eq-api,low_bell,100.0,100.0,dB,-9,136.3,-7.857
api550a,Waves,API 550A,eq-api,low_bell,100.0,100.0,dB,-9,1362.6,0.093
api550a,Waves,API 550A,eq-api,low_bell,100.0,100.0,dB,-9,13625.8,0.273
api550a,Waves,API 550A,eq-api,low_bell,100.0,100.0,dB,-9,1499.8,0.131
api550a,Waves,API 550A,eq-api,low_bell,100.0,100.0,dB,-9,14997.9,0.275
api550a,Waves,API 550A,eq-api,low_bell,100.0,100.0,dB,-9,150.0,-6.998
api550a,Waves,API 550A,eq-api,low_bell,100.0,100.0,dB,-9,165.1,-6.163
api550a,Waves,API 550A,eq-api,low_bell,100.0,100.0,dB,-9,1650.8,0.151
api550a,Waves,API 550A,eq-api,low_bell,100.0,100.0,dB,-9,16508.1,0.274
api550a,Waves,API 550A,eq-api,low_bell,100.0,100.0,dB,-9,181.7,-5.456
api550a,Waves,API 550A,eq-api,low_bell,100.0,100.0,dB,-9,1817.0,0.173
api550a,Waves,API 550A,eq-api,low_bell,100.0,100.0,dB,-9,18170.4,0.274
api550a,Waves,API 550A,eq-api,low_bell,100.0,100.0,dB,-9,20.0,-1.442
api550a,Waves,API 550A,eq-api,low_bell,100.0,100.0,dB,-9,200.0,-4.909
api550a,Waves,API 550A,eq-api,low_bell,100.0,100.0,dB,-9,2000.0,0.192
api550a,Waves,API 550A,eq-api,low_bell,100.0,100.0,dB,-9,20000.0,0.272
api550a,Waves,API 550A,eq-api,low_bell,100.0,100.0,dB,-9,22.0,-1.534
api550a,Waves,API 550A,eq-api,low_bell,100.0,100.0,dB,-9,220.1,-4.402
api550a,Waves,API 550A,eq-api,low_bell,100.0,100.0,dB,-9,2201.4,0.205
api550a,Waves,API 550A,eq-api,low_bell,100.0,100.0,dB,-9,24.2,-1.711
api550a,Waves,API 550A,eq-api,low_bell,100.0,100.0,dB,-9,242.3,-3.771
api550a,Waves,API 550A,eq-api,low_bell,100.0,100.0,dB,-9,2423.1,0.219
api550a,Waves,API 550A,eq-api,low_bell,100.0,100.0,dB,-9,26.7,-1.893
api550a,Waves,API 550A,eq-api,low_bell,100.0,100.0,dB,-9,266.7,-3.136
api550a,Waves,API 550A,eq-api,low_bell,100.0,100.0,dB,-9,2667.0,0.227
api550a,Waves,API 550A,eq-api,low_bell,100.0,100.0,dB,-9,29.4,-2.121
api550a,Waves,API 550A,eq-api,low_bell,100.0,100.0,dB,-9,293.6,-2.68
api550a,Waves,API 550A,eq-api,low_bell,100.0,100.0,dB,-9,2935.6,0.237
api550a,Waves,API 550A,eq-api,low_bell,100.0,100.0,dB,-9,32.3,-2.409
api550a,Waves,API 550A,eq-api,low_bell,100.0,100.0,dB,-9,323.1,-2.336
api550a,Waves,API 550A,eq-api,low_bell,100.0,100.0,dB,-9,3231.2,0.244
api550a,Waves,API 550A,eq-api,low_bell,100.0,100.0,dB,-9,35.6,-2.745
api550a,Waves,API 550A,eq-api,low_bell,100.0,100.0,dB,-9,355.7,-1.897
api550a,Waves,API 550A,eq-api,low_bell,100.0,100.0,dB,-9,3556.6,0.249
api550a,Waves,API 550A,eq-api,low_bell,100.0,100.0,dB,-9,39.1,-3.147
api550a,Waves,API 550A,eq-api,low_bell,100.0,100.0,dB,-9,391.5,-1.57
api550a,Waves,API 550A,eq-api,low_bell,100.0,100.0,dB,-9,3914.7,0.253
api550a,Waves,API 550A,eq-api,low_bell,100.0,100.0,dB,-9,43.1,-3.614
api550a,Waves,API 550A,eq-api,low_bell,100.0,100.0,dB,-9,430.9,-1.318
api550a,Waves,API 550A,eq-api,low_bell,100.0,100.0,dB,-9,4308.9,0.258
api550a,Waves,API 550A,eq-api,low_bell,100.0,100.0,dB,-9,47.4,-4.098
api550a,Waves,API 550A,eq-api,low_bell,100.0,100.0,dB,-9,474.3,-1.03
api550a,Waves,API 550A,eq-api,low_bell,100.0,100.0,dB,-9,4742.7,0.258
api550a,Waves,API 550A,eq-api,low_bell,100.0,100.0,dB,-9,52.2,-4.716
api550a,Waves,API 550A,eq-api,low_bell,100.0,100.0,dB,-9,522.0,-0.859
api550a,Waves,API 550A,eq-api,low_bell,100.0,100.0,dB,-9,5220.3,0.261
api550a,Waves,API 550A,eq-api,low_bell,100.0,100.0,dB,-9,57.5,-5.35
api550a,Waves,API 550A,eq-api,low_bell,100.0,100.0,dB,-9,574.6,-0.648
api550a,Waves,API 550A,eq-api,low_bell,100.0,100.0,dB,-9,5746.0,0.266
api550a,Waves,API 550A,eq-api,low_bell,100.0,100.0,dB,-9,63.2,-6.052
api550a,Waves,API 550A,eq-api,low_bell,100.0,100.0,dB,-9,632.5,-0.51
api550a,Waves,API 550A,eq-api,low_bell,100.0,100.0,dB,-9,6324.6,0.267
api550a,Waves,API 550A,eq-api,low_bell,100.0,100.0,dB,-9,69.6,-6.756
api550a,Waves,API 550A,eq-api,low_bell,100.0,100.0,dB,-9,696.1,-0.386
api550a,Waves,API 550A,eq-api,low_bell,100.0,100.0,dB,-9,6961.4,0.269
api550a,Waves,API 550A,eq-api,low_bell,100.0,100.0,dB,-9,76.6,-7.456
api550a,Waves,API 550A,eq-api,low_bell,100.0,100.0,dB,-9,766.2,-0.263
api550a,Waves,API 550A,eq-api,low_bell,100.0,100.0,dB,-9,7662.4,0.27
api550a,Waves,API 550A,eq-api,low_bell,100.0,100.0,dB,-9,84.3,-8.098
api550a,Waves,API 550A,eq-api,low_bell,100.0,100.0,dB,-9,843.4,-0.17
api550a,Waves,API 550A,eq-api,low_bell,100.0,100.0,dB,-9,8433.9,0.269
api550a,Waves,API 550A,eq-api,low_bell,100.0,100.0,dB,-9,92.8,-8.607
api550a,Waves,API 550A,eq-api,low_bell,100.0,100.0,dB,-9,928.3,-0.097
api550a,Waves,API 550A,eq-api,low_bell,100.0,100.0,dB,-9,9283.2,0.272
api550a,Waves,API 550A,eq-api,low_shelf,100.0,100.0,dB,+12,102.2,11.842
api550a,Waves,API 550A,eq-api,low_shelf,100.0,100.0,dB,+12,1021.8,1.824
api550a,Waves,API 550A,eq-api,low_shelf,100.0,100.0,dB,+12,10217.9,-0.049
api550a,Waves,API 550A,eq-api,low_shelf,100.0,100.0,dB,+12,112.5,11.693
api550a,Waves,API 550A,eq-api,low_shelf,100.0,100.0,dB,+12,1124.7,1.522
api550a,Waves,API 550A,eq-api,low_shelf,100.0,100.0,dB,+12,11246.8,-0.053
api550a,Waves,API 550A,eq-api,low_shelf,100.0,100.0,dB,+12,123.8,11.521
api550a,Waves,API 550A,eq-api,low_shelf,100.0,100.0,dB,+12,1237.9,1.269
api550a,Waves,API 550A,eq-api,low_shelf,100.0,100.0,dB,+12,12379.3,-0.06
api550a,Waves,API 550A,eq-api,low_shelf,100.0,100.0,dB,+12,136.3,11.281
api550a,Waves,API 550A,eq-api,low_shelf,100.0,100.0,dB,+12,1362.6,1.153
api550a,Waves,API 550A,eq-api,low_shelf,100.0,100.0,dB,+12,13625.8,-0.053
api550a,Waves,API 550A,eq-api,low_shelf,100.0,100.0,dB,+12,1499.8,0.904
api550a,Waves,API 550A,eq-api,low_shelf,100.0,100.0,dB,+12,14997.9,-0.06
api550a,Waves,API 550A,eq-api,low_shelf,100.0,100.0,dB,+12,150.0,10.931
api550a,Waves,API 550A,eq-api,low_shelf,100.0,100.0,dB,+12,165.1,10.492
api550a,Waves,API 550A,eq-api,low_shelf,100.0,100.0,dB,+12,1650.8,0.818
api550a,Waves,API 550A,eq-api,low_shelf,100.0,100.0,dB,+12,16508.1,-0.063
api550a,Waves,API 550A,eq-api,low_shelf,100.0,100.0,dB,+12,181.7,10.026
api550a,Waves,API 550A,eq-api,low_shelf,100.0,100.0,dB,+12,1817.0,0.63
api550a,Waves,API 550A,eq-api,low_shelf,100.0,100.0,dB,+12,18170.4,-0.06
api550a,Waves,API 550A,eq-api,low_shelf,100.0,100.0,dB,+12,20.0,13.284
api550a,Waves,API 550A,eq-api,low_shelf,100.0,100.0,dB,+12,200.0,9.633
api550a,Waves,API 550A,eq-api,low_shelf,100.0,100.0,dB,+12,2000.0,0.505
api550a,Waves,API 550A,eq-api,low_shelf,100.0,100.0,dB,+12,20000.0,-0.058
api550a,Waves,API 550A,eq-api,low_shelf,100.0,100.0,dB,+12,22.0,13.291
api550a,Waves,API 550A,eq-api,low_shelf,100.0,100.0,dB,+12,220.1,9.321
api550a,Waves,API 550A,eq-api,low_shelf,100.0,100.0,dB,+12,2201.4,0.441
api550a,Waves,API 550A,eq-api,low_shelf,100.0,100.0,dB,+12,24.2,13.269
api550a,Waves,API 550A,eq-api,low_shelf,100.0,100.0,dB,+12,242.3,8.883
api550a,Waves,API 550A,eq-api,low_shelf,100.0,100.0,dB,+12,2423.1,0.36
api550a,Waves,API 550A,eq-api,low_shelf,100.0,100.0,dB,+12,26.7,13.263
api550a,Waves,API 550A,eq-api,low_shelf,100.0,100.0,dB,+12,266.7,8.258
api550a,Waves,API 550A,eq-api,low_shelf,100.0,100.0,dB,+12,2667.0,0.282
api550a,Waves,API 550A,eq-api,low_shelf,100.0,100.0,dB,+12,29.4,13.23
api550a,Waves,API 550A,eq-api,low_shelf,100.0,100.0,dB,+12,293.6,7.699
api550a,Waves,API 550A,eq-api,low_shelf,100.0,100.0,dB,+12,2935.6,0.2
api550a,Waves,API 550A,eq-api,low_shelf,100.0,100.0,dB,+12,32.3,13.192
api550a,Waves,API 550A,eq-api,low_shelf,100.0,100.0,dB,+12,323.1,7.346
api550a,Waves,API 550A,eq-api,low_shelf,100.0,100.0,dB,+12,3231.2,0.176
api550a,Waves,API 550A,eq-api,low_shelf,100.0,100.0,dB,+12,35.6,13.153
api550a,Waves,API 550A,eq-api,low_shelf,100.0,100.0,dB,+12,355.7,6.729
api550a,Waves,API 550A,eq-api,low_shelf,100.0,100.0,dB,+12,3556.6,0.127
api550a,Waves,API 550A,eq-api,low_shelf,100.0,100.0,dB,+12,39.1,13.099
api550a,Waves,API 550A,eq-api,low_shelf,100.0,100.0,dB,+12,391.5,6.119
api550a,Waves,API 550A,eq-api,low_shelf,100.0,100.0,dB,+12,3914.7,0.115
api550a,Waves,API 550A,eq-api,low_shelf,100.0,100.0,dB,+12,43.1,13.034
api550a,Waves,API 550A,eq-api,low_shelf,100.0,100.0,dB,+12,430.9,5.749
api550a,Waves,API 550A,eq-api,low_shelf,100.0,100.0,dB,+12,4308.9,0.064
api550a,Waves,API 550A,eq-api,low_shelf,100.0,100.0,dB,+12,47.4,12.962
api550a,Waves,API 550A,eq-api,low_shelf,100.0,100.0,dB,+12,474.3,5.045
api550a,Waves,API 550A,eq-api,low_shelf,100.0,100.0,dB,+12,4742.7,0.059
api550a,Waves,API 550A,eq-api,low_shelf,100.0,100.0,dB,+12,52.2,12.866
api550a,Waves,API 550A,eq-api,low_shelf,100.0,100.0,dB,+12,522.0,4.722
api550a,Waves,API 550A,eq-api,low_shelf,100.0,100.0,dB,+12,5220.3,0.04
api550a,Waves,API 550A,eq-api,low_shelf,100.0,100.0,dB,+12,57.5,12.764
api550a,Waves,API 550A,eq-api,low_shelf,100.0,100.0,dB,+12,574.6,4.06
api550a,Waves,API 550A,eq-api,low_shelf,100.0,100.0,dB,+12,5746.0,-0.001
api550a,Waves,API 550A,eq-api,low_shelf,100.0,100.0,dB,+12,63.2,12.634
api550a,Waves,API 550A,eq-api,low_shelf,100.0,100.0,dB,+12,632.5,3.729
api550a,Waves,API 550A,eq-api,low_shelf,100.0,100.0,dB,+12,6324.6,0.001
api550a,Waves,API 550A,eq-api,low_shelf,100.0,100.0,dB,+12,69.6,12.497
api550a,Waves,API 550A,eq-api,low_shelf,100.0,100.0,dB,+12,696.1,3.286
api550a,Waves,API 550A,eq-api,low_shelf,100.0,100.0,dB,+12,6961.4,-0.024
api550a,Waves,API 550A,eq-api,low_shelf,100.0,100.0,dB,+12,76.6,12.34
api550a,Waves,API 550A,eq-api,low_shelf,100.0,100.0,dB,+12,766.2,2.772
api550a,Waves,API 550A,eq-api,low_shelf,100.0,100.0,dB,+12,7662.4,-0.014
api550a,Waves,API 550A,eq-api,low_shelf,100.0,100.0,dB,+12,84.3,12.172
api550a,Waves,API 550A,eq-api,low_shelf,100.0,100.0,dB,+12,843.4,2.418
api550a,Waves,API 550A,eq-api,low_shelf,100.0,100.0,dB,+12,8433.9,-0.037
api550a,Waves,API 550A,eq-api,low_shelf,100.0,100.0,dB,+12,92.8,12.004
api550a,Waves,API 550A,eq-api,low_shelf,100.0,100.0,dB,+12,928.3,2.121
api550a,Waves,API 550A,eq-api,low_shelf,100.0,100.0,dB,+12,9283.2,-0.045
api550a,Waves,API 550A,eq-api,low_shelf,100.0,100.0,dB,+4,102.2,3.805
api550a,Waves,API 550A,eq-api,low_shelf,100.0,100.0,dB,+4,1021.8,0.592
api550a,Waves,API 550A,eq-api,low_shelf,100.0,100.0,dB,+4,10217.9,-0.073
api550a,Waves,API 550A,eq-api,low_shelf,100.0,100.0,dB,+4,112.5,3.791
api550a,Waves,API 550A,eq-api,low_shelf,100.0,100.0,dB,+4,1124.7,0.488
api550a,Waves,API 550A,eq-api,low_shelf,100.0,100.0,dB,+4,11246.8,-0.076
api550a,Waves,API 550A,eq-api,low_shelf,100.0,100.0,dB,+4,123.8,3.756
api550a,Waves,API 550A,eq-api,low_shelf,100.0,100.0,dB,+4,1237.9,0.399
api550a,Waves,API 550A,eq-api,low_shelf,100.0,100.0,dB,+4,12379.3,-0.076
api550a,Waves,API 550A,eq-api,low_shelf,100.0,100.0,dB,+4,136.3,3.69
api550a,Waves,API 550A,eq-api,low_shelf,100.0,100.0,dB,+4,1362.6,0.334
api550a,Waves,API 550A,eq-api,low_shelf,100.0,100.0,dB,+4,13625.8,-0.078
api550a,Waves,API 550A,eq-api,low_shelf,100.0,100.0,dB,+4,1499.8,0.26
api550a,Waves,API 550A,eq-api,low_shelf,100.0,100.0,dB,+4,14997.9,-0.076
api550a,Waves,API 550A,eq-api,low_shelf,100.0,100.0,dB,+4,150.0,3.598
api550a,Waves,API 550A,eq-api,low_shelf,100.0,100.0,dB,+4,165.1,3.494
api550a,Waves,API 550A,eq-api,low_shelf,100.0,100.0,dB,+4,1650.8,0.214
api550a,Waves,API 550A,eq-api,low_shelf,100.0,100.0,dB,+4,16508.1,-0.078
api550a,Waves,API 550A,eq-api,low_shelf,100.0,100.0,dB,+4,181.7,3.398
api550a,Waves,API 550A,eq-api,low_shelf,100.0,100.0,dB,+4,1817.0,0.159
api550a,Waves,API 550A,eq-api,low_shelf,100.0,100.0,dB,+4,18170.4,-0.076
api550a,Waves,API 550A,eq-api,low_shelf,100.0,100.0,dB,+4,20.0,4.182
api550a,Waves,API 550A,eq-api,low_shelf,100.0,100.0,dB,+4,200.0,3.317
api550a,Waves,API 550A,eq-api,low_shelf,100.0,100.0,dB,+4,2000.0,0.117
api550a,Waves,API 550A,eq-api,low_shelf,100.0,100.0,dB,+4,20000.0,-0.079
api550a,Waves,API 550A,eq-api,low_shelf,100.0,100.0,dB,+4,22.0,4.183
api550a,Waves,API 550A,eq-api,low_shelf,100.0,100.0,dB,+4,220.1,3.229
api550a,Waves,API 550A,eq-api,low_shelf,100.0,100.0,dB,+4,2201.4,0.088
api550a,Waves,API 550A,eq-api,low_shelf,100.0,100.0,dB,+4,24.2,4.162
api550a,Waves,API 550A,eq-api,low_shelf,100.0,100.0,dB,+4,242.3,3.089
api550a,Waves,API 550A,eq-api,low_shelf,100.0,100.0,dB,+4,2423.1,0.06
api550a,Waves,API 550A,eq-api,low_shelf,100.0,100.0,dB,+4,26.7,4.15
api550a,Waves,API 550A,eq-api,low_shelf,100.0,100.0,dB,+4,266.7,2.915
api550a,Waves,API 550A,eq-api,low_shelf,100.0,100.0,dB,+4,2667.0,0.035
api550a,Waves,API 550A,eq-api,low_shelf,100.0,100.0,dB,+4,29.4,4.124
api550a,Waves,API 550A,eq-api,low_shelf,100.0,100.0,dB,+4,293.6,2.763
api550a,Waves,API 550A,eq-api,low_shelf,100.0,100.0,dB,+4,2935.6,0.013
api550a,Waves,API 550A,eq-api,low_shelf,100.0,100.0,dB,+4,32.3,4.094
api550a,Waves,API 550A,eq-api,low_shelf,100.0,100.0,dB,+4,323.1,2.625
api550a,Waves,API 550A,eq-api,low_shelf,100.0,100.0,dB,+4,3231.2,0.0
api550a,Waves,API 550A,eq-api,low_shelf,100.0,100.0,dB,+4,35.6,4.067
api550a,Waves,API 550A,eq-api,low_shelf,100.0,100.0,dB,+4,355.7,2.42
api550a,Waves,API 550A,eq-api,low_shelf,100.0,100.0,dB,+4,3556.6,-0.017
api550a,Waves,API 550A,eq-api,low_shelf,100.0,100.0,dB,+4,39.1,4.035
api550a,Waves,API 550A,eq-api,low_shelf,100.0,100.0,dB,+4,391.5,2.229
api550a,Waves,API 550A,eq-api,low_shelf,100.0,100.0,dB,+4,3914.7,-0.025
api550a,Waves,API 550A,eq-api,low_shelf,100.0,100.0,dB,+4,43.1,4.002
api550a,Waves,API 550A,eq-api,low_shelf,100.0,100.0,dB,+4,430.9,2.061
api550a,Waves,API 550A,eq-api,low_shelf,100.0,100.0,dB,+4,4308.9,-0.038
api550a,Waves,API 550A,eq-api,low_shelf,100.0,100.0,dB,+4,47.4,3.972
api550a,Waves,API 550A,eq-api,low_shelf,100.0,100.0,dB,+4,474.3,1.838
api550a,Waves,API 550A,eq-api,low_shelf,100.0,100.0,dB,+4,4742.7,-0.043
api550a,Waves,API 550A,eq-api,low_shelf,100.0,100.0,dB,+4,52.2,3.939
api550a,Waves,API 550A,eq-api,low_shelf,100.0,100.0,dB,+4,522.0,1.678
api550a,Waves,API 550A,eq-api,low_shelf,100.0,100.0,dB,+4,5220.3,-0.051
api550a,Waves,API 550A,eq-api,low_shelf,100.0,100.0,dB,+4,57.5,3.911
api550a,Waves,API 550A,eq-api,low_shelf,100.0,100.0,dB,+4,574.6,1.464
api550a,Waves,API 550A,eq-api,low_shelf,100.0,100.0,dB,+4,5746.0,-0.057
api550a,Waves,API 550A,eq-api,low_shelf,100.0,100.0,dB,+4,63.2,3.88
api550a,Waves,API 550A,eq-api,low_shelf,100.0,100.0,dB,+4,632.5,1.305
api550a,Waves,API 550A,eq-api,low_shelf,100.0,100.0,dB,+4,6324.6,-0.06
api550a,Waves,API 550A,eq-api,low_shelf,100.0,100.0,dB,+4,69.6,3.857
api550a,Waves,API 550A,eq-api,low_shelf,100.0,100.0,dB,+4,696.1,1.139
api550a,Waves,API 550A,eq-api,low_shelf,100.0,100.0,dB,+4,6961.4,-0.065
api550a,Waves,API 550A,eq-api,low_shelf,100.0,100.0,dB,+4,76.6,3.837
api550a,Waves,API 550A,eq-api,low_shelf,100.0,100.0,dB,+4,766.2,0.966
api550a,Waves,API 550A,eq-api,low_shelf,100.0,100.0,dB,+4,7662.4,-0.066
api550a,Waves,API 550A,eq-api,low_shelf,100.0,100.0,dB,+4,84.3,3.823
api550a,Waves,API 550A,eq-api,low_shelf,100.0,100.0,dB,+4,843.4,0.827
api550a,Waves,API 550A,eq-api,low_shelf,100.0,100.0,dB,+4,8433.9,-0.072
api550a,Waves,API 550A,eq-api,low_shelf,100.0,100.0,dB,+4,92.8,3.813
api550a,Waves,API 550A,eq-api,low_shelf,100.0,100.0,dB,+4,928.3,0.704
api550a,Waves,API 550A,eq-api,low_shelf,100.0,100.0,dB,+4,9283.2,-0.072
api550a,Waves,API 550A,eq-api,low_shelf,100.0,100.0,dB,+6,102.2,5.799
api550a,Waves,API 550A,eq-api,low_shelf,100.0,100.0,dB,+6,1021.8,0.767
api550a,Waves,API 550A,eq-api,low_shelf,100.0,100.0,dB,+6,10217.9,-0.064
api550a,Waves,API 550A,eq-api,low_shelf,100.0,100.0,dB,+6,112.5,5.756
api550a,Waves,API 550A,eq-api,low_shelf,100.0,100.0,dB,+6,1124.7,0.63
api550a,Waves,API 550A,eq-api,low_shelf,100.0,100.0,dB,+6,11246.8,-0.067
api550a,Waves,API 550A,eq-api,low_shelf,100.0,100.0,dB,+6,123.8,5.681
api550a,Waves,API 550A,eq-api,low_shelf,100.0,100.0,dB,+6,1237.9,0.516
api550a,Waves,API 550A,eq-api,low_shelf,100.0,100.0,dB,+6,12379.3,-0.067
api550a,Waves,API 550A,eq-api,low_shelf,100.0,100.0,dB,+6,136.3,5.561
api550a,Waves,API 550A,eq-api,low_shelf,100.0,100.0,dB,+6,1362.6,0.443
api550a,Waves,API 550A,eq-api,low_shelf,100.0,100.0,dB,+6,13625.8,-0.068
api550a,Waves,API 550A,eq-api,low_shelf,100.0,100.0,dB,+6,1499.8,0.346
api550a,Waves,API 550A,eq-api,low_shelf,100.0,100.0,dB,+6,14997.9,-0.067
api550a,Waves,API 550A,eq-api,low_shelf,100.0,100.0,dB,+6,150.0,5.394
api550a,Waves,API 550A,eq-api,low_shelf,100.0,100.0,dB,+6,165.1,5.202
api550a,Waves,API 550A,eq-api,low_shelf,100.0,100.0,dB,+6,1650.8,0.294
api550a,Waves,API 550A,eq-api,low_shelf,100.0,100.0,dB,+6,16508.1,-0.071
api550a,Waves,API 550A,eq-api,low_shelf,100.0,100.0,dB,+6,181.7,5.016
api550a,Waves,API 550A,eq-api,low_shelf,100.0,100.0,dB,+6,1817.0,0.221
api550a,Waves,API 550A,eq-api,low_shelf,100.0,100.0,dB,+6,18170.4,-0.067
api550a,Waves,API 550A,eq-api,low_shelf,100.0,100.0,dB,+6,20.0,6.461
api550a,Waves,API 550A,eq-api,low_shelf,100.0,100.0,dB,+6,200.0,4.854
api550a,Waves,API 550A,eq-api,low_shelf,100.0,100.0,dB,+6,2000.0,0.169
api550a,Waves,API 550A,eq-api,low_shelf,100.0,100.0,dB,+6,20000.0,-0.067
api550a,Waves,API 550A,eq-api,low_shelf,100.0,100.0,dB,+6,22.0,6.464
api550a,Waves,API 550A,eq-api,low_shelf,100.0,100.0,dB,+6,220.1,4.691
api550a,Waves,API 550A,eq-api,low_shelf,100.0,100.0,dB,+6,2201.4,0.136
api550a,Waves,API 550A,eq-api,low_shelf,100.0,100.0,dB,+6,24.2,6.437
api550a,Waves,API 550A,eq-api,low_shelf,100.0,100.0,dB,+6,242.3,4.451
api550a,Waves,API 550A,eq-api,low_shelf,100.0,100.0,dB,+6,2423.1,0.103
api550a,Waves,API 550A,eq-api,low_shelf,100.0,100.0,dB,+6,26.7,6.422
api550a,Waves,API 550A,eq-api,low_shelf,100.0,100.0,dB,+6,266.7,4.153
api550a,Waves,API 550A,eq-api,low_shelf,100.0,100.0,dB,+6,2667.0,0.07
api550a,Waves,API 550A,eq-api,low_shelf,100.0,100.0,dB,+6,29.4,6.385
api550a,Waves,API 550A,eq-api,low_shelf,100.0,100.0,dB,+6,293.6,3.889
api550a,Waves,API 550A,eq-api,low_shelf,100.0,100.0,dB,+6,2935.6,0.041
api550a,Waves,API 550A,eq-api,low_shelf,100.0,100.0,dB,+6,32.3,6.344
api550a,Waves,API 550A,eq-api,low_shelf,100.0,100.0,dB,+6,323.1,3.667
api550a,Waves,API 550A,eq-api,low_shelf,100.0,100.0,dB,+6,3231.2,0.026
api550a,Waves,API 550A,eq-api,low_shelf,100.0,100.0,dB,+6,35.6,6.305
api550a,Waves,API 550A,eq-api,low_shelf,100.0,100.0,dB,+6,355.7,3.342
api550a,Waves,API 550A,eq-api,low_shelf,100.0,100.0,dB,+6,3556.6,0.007
api550a,Waves,API 550A,eq-api,low_shelf,100.0,100.0,dB,+6,39.1,6.258
api550a,Waves,API 550A,eq-api,low_shelf,100.0,100.0,dB,+6,391.5,3.039
api550a,Waves,API 550A,eq-api,low_shelf,100.0,100.0,dB,+6,3914.7,-0.002
api550a,Waves,API 550A,eq-api,low_shelf,100.0,100.0,dB,+6,43.1,6.209
api550a,Waves,API 550A,eq-api,low_shelf,100.0,100.0,dB,+6,430.9,2.794
api550a,Waves,API 550A,eq-api,low_shelf,100.0,100.0,dB,+6,4308.9,-0.02
api550a,Waves,API 550A,eq-api,low_shelf,100.0,100.0,dB,+6,47.4,6.161
api550a,Waves,API 550A,eq-api,low_shelf,100.0,100.0,dB,+6,474.3,2.456
api550a,Waves,API 550A,eq-api,low_shelf,100.0,100.0,dB,+6,4742.7,-0.024
api550a,Waves,API 550A,eq-api,low_shelf,100.0,100.0,dB,+6,52.2,6.107
api550a,Waves,API 550A,eq-api,low_shelf,100.0,100.0,dB,+6,522.0,2.235
api550a,Waves,API 550A,eq-api,low_shelf,100.0,100.0,dB,+6,5220.3,-0.032
api550a,Waves,API 550A,eq-api,low_shelf,100.0,100.0,dB,+6,57.5,6.059
api550a,Waves,API 550A,eq-api,low_shelf,100.0,100.0,dB,+6,574.6,1.923
api550a,Waves,API 550A,eq-api,low_shelf,100.0,100.0,dB,+6,5746.0,-0.043
api550a,Waves,API 550A,eq-api,low_shelf,100.0,100.0,dB,+6,63.2,6.004
api550a,Waves,API 550A,eq-api,low_shelf,100.0,100.0,dB,+6,632.5,1.713
api550a,Waves,API 550A,eq-api,low_shelf,100.0,100.0,dB,+6,6324.6,-0.047
api550a,Waves,API 550A,eq-api,low_shelf,100.0,100.0,dB,+6,69.6,5.958
api550a,Waves,API 550A,eq-api,low_shelf,100.0,100.0,dB,+6,696.1,1.485
api550a,Waves,API 550A,eq-api,low_shelf,100.0,100.0,dB,+6,6961.4,-0.054
api550a,Waves,API 550A,eq-api,low_shelf,100.0,100.0,dB,+6,76.6,5.912
api550a,Waves,API 550A,eq-api,low_shelf,100.0,100.0,dB,+6,766.2,1.248
api550a,Waves,API 550A,eq-api,low_shelf,100.0,100.0,dB,+6,7662.4,-0.051
api550a,Waves,API 550A,eq-api,low_shelf,100.0,100.0,dB,+6,84.3,5.87
api550a,Waves,API 550A,eq-api,low_shelf,100.0,100.0,dB,+6,843.4,1.066
api550a,Waves,API 550A,eq-api,low_shelf,100.0,100.0,dB,+6,8433.9,-0.059
api550a,Waves,API 550A,eq-api,low_shelf,100.0,100.0,dB,+6,92.8,5.834
api550a,Waves,API 550A,eq-api,low_shelf,100.0,100.0,dB,+6,928.3,0.91
api550a,Waves,API 550A,eq-api,low_shelf,100.0,100.0,dB,+6,9283.2,-0.062
api550a,Waves,API 550A,eq-api,low_shelf,100.0,100.0,dB,+9,102.2,8.768
api550a,Waves,API 550A,eq-api,low_shelf,100.0,100.0,dB,+9,1021.8,1.271
api550a,Waves,API 550A,eq-api,low_shelf,100.0,100.0,dB,+9,10217.9,-0.061
api550a,Waves,API 550A,eq-api,low_shelf,100.0,100.0,dB,+9,112.5,8.68
api550a,Waves,API 550A,eq-api,low_shelf,100.0,100.0,dB,+9,1124.7,1.053
api550a,Waves,API 550A,eq-api,low_shelf,100.0,100.0,dB,+9,11246.8,-0.063
api550a,Waves,API 550A,eq-api,low_shelf,100.0,100.0,dB,+9,123.8,8.568
api550a,Waves,API 550A,eq-api,low_shelf,100.0,100.0,dB,+9,1237.9,0.869
api550a,Waves,API 550A,eq-api,low_shelf,100.0,100.0,dB,+9,12379.3,-0.067
api550a,Waves,API 550A,eq-api,low_shelf,100.0,100.0,dB,+9,136.3,8.404
api550a,Waves,API 550A,eq-api,low_shelf,100.0,100.0,dB,+9,1362.6,0.77
api550a,Waves,API 550A,eq-api,low_shelf,100.0,100.0,dB,+9,13625.8,-0.064
api550a,Waves,API 550A,eq-api,low_shelf,100.0,100.0,dB,+9,1499.8,0.605
api550a,Waves,API 550A,eq-api,low_shelf,100.0,100.0,dB,+9,14997.9,-0.068
api550a,Waves,API 550A,eq-api,low_shelf,100.0,100.0,dB,+9,150.0,8.164
api550a,Waves,API 550A,eq-api,low_shelf,100.0,100.0,dB,+9,165.1,7.866
api550a,Waves,API 550A,eq-api,low_shelf,100.0,100.0,dB,+9,1650.8,0.532
api550a,Waves,API 550A,eq-api,low_shelf,100.0,100.0,dB,+9,16508.1,-0.071
api550a,Waves,API 550A,eq-api,low_shelf,100.0,100.0,dB,+9,181.7,7.551
api550a,Waves,API 550A,eq-api,low_shelf,100.0,100.0,dB,+9,1817.0,0.407
api550a,Waves,API 550A,eq-api,low_shelf,100.0,100.0,dB,+9,18170.4,-0.068
api550a,Waves,API 550A,eq-api,low_shelf,100.0,100.0,dB,+9,20.0,9.707
api550a,Waves,API 550A,eq-api,low_shelf,100.0,100.0,dB,+9,200.0,7.277
api550a,Waves,API 550A,eq-api,low_shelf,100.0,100.0,dB,+9,2000.0,0.321
api550a,Waves,API 550A,eq-api,low_shelf,100.0,100.0,dB,+9,20000.0,-0.067
api550a,Waves,API 550A,eq-api,low_shelf,100.0,100.0,dB,+9,22.0,9.712
api550a,Waves,API 550A,eq-api,low_shelf,100.0,100.0,dB,+9,220.1,7.041
api550a,Waves,API 550A,eq-api,low_shelf,100.0,100.0,dB,+9,2201.4,0.271
api550a,Waves,API 550A,eq-api,low_shelf,100.0,100.0,dB,+9,24.2,9.689
api550a,Waves,API 550A,eq-api,low_shelf,100.0,100.0,dB,+9,242.3,6.71
api550a,Waves,API 550A,eq-api,low_shelf,100.0,100.0,dB,+9,2423.1,0.216
api550a,Waves,API 550A,eq-api,low_shelf,100.0,100.0,dB,+9,26.7,9.681
api550a,Waves,API 550A,eq-api,low_shelf,100.0,100.0,dB,+9,266.7,6.256
api550a,Waves,API 550A,eq-api,low_shelf,100.0,100.0,dB,+9,2667.0,0.162
api550a,Waves,API 550A,eq-api,low_shelf,100.0,100.0,dB,+9,29.4,9.651
api550a,Waves,API 550A,eq-api,low_shelf,100.0,100.0,dB,+9,293.6,5.84
api550a,Waves,API 550A,eq-api,low_shelf,100.0,100.0,dB,+9,2935.6,0.11
api550a,Waves,API 550A,eq-api,low_shelf,100.0,100.0,dB,+9,32.3,9.617
api550a,Waves,API 550A,eq-api,low_shelf,100.0,100.0,dB,+9,323.1,5.544
api550a,Waves,API 550A,eq-api,low_shelf,100.0,100.0,dB,+9,3231.2,0.09
api550a,Waves,API 550A,eq-api,low_shelf,100.0,100.0,dB,+9,35.6,9.583
api550a,Waves,API 550A,eq-api,low_shelf,100.0,100.0,dB,+9,355.7,5.075
api550a,Waves,API 550A,eq-api,low_shelf,100.0,100.0,dB,+9,3556.6,0.058
api550a,Waves,API 550A,eq-api,low_shelf,100.0,100.0,dB,+9,39.1,9.54
api550a,Waves,API 550A,eq-api,low_shelf,100.0,100.0,dB,+9,391.5,4.61
api550a,Waves,API 550A,eq-api,low_shelf,100.0,100.0,dB,+9,3914.7,0.046
api550a,Waves,API 550A,eq-api,low_shelf,100.0,100.0,dB,+9,43.1,9.49
api550a,Waves,API 550A,eq-api,low_shelf,100.0,100.0,dB,+9,430.9,4.291
api550a,Waves,API 550A,eq-api,low_shelf,100.0,100.0,dB,+9,4308.9,0.015
api550a,Waves,API 550A,eq-api,low_shelf,100.0,100.0,dB,+9,47.4,9.439
api550a,Waves,API 550A,eq-api,low_shelf,100.0,100.0,dB,+9,474.3,3.768
api550a,Waves,API 550A,eq-api,low_shelf,100.0,100.0,dB,+9,4742.7,0.009
api550a,Waves,API 550A,eq-api,low_shelf,100.0,100.0,dB,+9,52.2,9.373
api550a,Waves,API 550A,eq-api,low_shelf,100.0,100.0,dB,+9,522.0,3.48
api550a,Waves,API 550A,eq-api,low_shelf,100.0,100.0,dB,+9,5220.3,-0.004
api550a,Waves,API 550A,eq-api,low_shelf,100.0,100.0,dB,+9,57.5,9.306
api550a,Waves,API 550A,eq-api,low_shelf,100.0,100.0,dB,+9,574.6,2.992
api550a,Waves,API 550A,eq-api,low_shelf,100.0,100.0,dB,+9,5746.0,-0.028
api550a,Waves,API 550A,eq-api,low_shelf,100.0,100.0,dB,+9,63.2,9.223
api550a,Waves,API 550A,eq-api,low_shelf,100.0,100.0,dB,+9,632.5,2.712
api550a,Waves,API 550A,eq-api,low_shelf,100.0,100.0,dB,+9,6324.6,-0.029
api550a,Waves,API 550A,eq-api,low_shelf,100.0,100.0,dB,+9,69.6,9.14
api550a,Waves,API 550A,eq-api,low_shelf,100.0,100.0,dB,+9,696.1,2.366
api550a,Waves,API 550A,eq-api,low_shelf,100.0,100.0,dB,+9,6961.4,-0.045
api550a,Waves,API 550A,eq-api,low_shelf,100.0,100.0,dB,+9,76.6,9.048
api550a,Waves,API 550A,eq-api,low_shelf,100.0,100.0,dB,+9,766.2,1.992
api550a,Waves,API 550A,eq-api,low_shelf,100.0,100.0,dB,+9,7662.4,-0.039
api550a,Waves,API 550A,eq-api,low_shelf,100.0,100.0,dB,+9,84.3,8.952
api550a,Waves,API 550A,eq-api,low_shelf,100.0,100.0,dB,+9,843.4,1.723
api550a,Waves,API 550A,eq-api,low_shelf,100.0,100.0,dB,+9,8433.9,-0.054
api550a,Waves,API 550A,eq-api,low_shelf,100.0,100.0,dB,+9,92.8,8.857
api550a,Waves,API 550A,eq-api,low_shelf,100.0,100.0,dB,+9,928.3,1.493
api550a,Waves,API 550A,eq-api,low_shelf,100.0,100.0,dB,+9,9283.2,-0.057
api550a,Waves,API 550A,eq-api,low_shelf,100.0,100.0,dB,-12,102.2,-11.783
api550a,Waves,API 550A,eq-api,low_shelf,100.0,100.0,dB,-12,1021.8,-1.763
api550a,Waves,API 550A,eq-api,low_shelf,100.0,100.0,dB,-12,10217.9,0.074
api550a,Waves,API 550A,eq-api,low_shelf,100.0,100.0,dB,-12,112.5,-11.56
api550a,Waves,API 550A,eq-api,low_shelf,100.0,100.0,dB,-12,1124.7,-1.492
api550a,Waves,API 550A,eq-api,low_shelf,100.0,100.0,dB,-12,11246.8,0.078
api550a,Waves,API 550A,eq-api,low_shelf,100.0,100.0,dB,-12,123.8,-11.352
api550a,Waves,API 550A,eq-api,low_shelf,100.0,100.0,dB,-12,1237.9,-1.249
api550a,Waves,API 550A,eq-api,low_shelf,100.0,100.0,dB,-12,12379.3,0.083
api550a,Waves,API 550A,eq-api,low_shelf,100.0,100.0,dB,-12,136.3,-11.124
api550a,Waves,API 550A,eq-api,low_shelf,100.0,100.0,dB,-12,1362.6,-1.074
api550a,Waves,API 550A,eq-api,low_shelf,100.0,100.0,dB,-12,13625.8,0.083
api550a,Waves,API 550A,eq-api,low_shelf,100.0,100.0,dB,-12,1499.8,-0.888
api550a,Waves,API 550A,eq-api,low_shelf,100.0,100.0,dB,-12,14997.9,0.087
api550a,Waves,API 550A,eq-api,low_shelf,100.0,100.0,dB,-12,150.0,-10.811
api550a,Waves,API 550A,eq-api,low_shelf,100.0,100.0,dB,-12,165.1,-10.393
api550a,Waves,API 550A,eq-api,low_shelf,100.0,100.0,dB,-12,1650.8,-0.749
api550a,Waves,API 550A,eq-api,low_shelf,100.0,100.0,dB,-12,16508.1,0.087
api550a,Waves,API 550A,eq-api,low_shelf,100.0,100.0,dB,-12,181.7,-9.889
api550a,Waves,API 550A,eq-api,low_shelf,100.0,100.0,dB,-12,1817.0,-0.601
api550a,Waves,API 550A,eq-api,low_shelf,100.0,100.0,dB,-12,18170.4,0.091
api550a,Waves,API 550A,eq-api,low_shelf,100.0,100.0,dB,-12,20.0,-13.252
api550a,Waves,API 550A,eq-api,low_shelf,100.0,100.0,dB,-12,200.0,-9.387
api550a,Waves,API 550A,eq-api,low_shelf,100.0,100.0,dB,-12,2000.0,-0.486
api550a,Waves,API 550A,eq-api,low_shelf,100.0,100.0,dB,-12,20000.0,0.085
api550a,Waves,API 550A,eq-api,low_shelf,100.0,100.0,dB,-12,22.0,-13.268
api550a,Waves,API 550A,eq-api,low_shelf,100.0,100.0,dB,-12,220.1,-8.983
api550a,Waves,API 550A,eq-api,low_shelf,100.0,100.0,dB,-12,2201.4,-0.4
api550a,Waves,API 550A,eq-api,low_shelf,100.0,100.0,dB,-12,24.2,-13.27
api550a,Waves,API 550A,eq-api,low_shelf,100.0,100.0,dB,-12,242.3,-8.588
api550a,Waves,API 550A,eq-api,low_shelf,100.0,100.0,dB,-12,2423.1,-0.324
api550a,Waves,API 550A,eq-api,low_shelf,100.0,100.0,dB,-12,26.7,-13.286
api550a,Waves,API 550A,eq-api,low_shelf,100.0,100.0,dB,-12,266.7,-8.043
api550a,Waves,API 550A,eq-api,low_shelf,100.0,100.0,dB,-12,2667.0,-0.248
api550a,Waves,API 550A,eq-api,low_shelf,100.0,100.0,dB,-12,29.4,-13.283
api550a,Waves,API 550A,eq-api,low_shelf,100.0,100.0,dB,-12,293.6,-7.42
api550a,Waves,API 550A,eq-api,low_shelf,100.0,100.0,dB,-12,2935.6,-0.184
api550a,Waves,API 550A,eq-api,low_shelf,100.0,100.0,dB,-12,32.3,-13.277
api550a,Waves,API 550A,eq-api,low_shelf,100.0,100.0,dB,-12,323.1,-6.975
api550a,Waves,API 550A,eq-api,low_shelf,100.0,100.0,dB,-12,3231.2,-0.142
api550a,Waves,API 550A,eq-api,low_shelf,100.0,100.0,dB,-12,35.6,-13.265
api550a,Waves,API 550A,eq-api,low_shelf,100.0,100.0,dB,-12,355.7,-6.48
api550a,Waves,API 550A,eq-api,low_shelf,100.0,100.0,dB,-12,3556.6,-0.102
api550a,Waves,API 550A,eq-api,low_shelf,100.0,100.0,dB,-12,39.1,-13.243
api550a,Waves,API 550A,eq-api,low_shelf,100.0,100.0,dB,-12,391.5,-5.855
api550a,Waves,API 550A,eq-api,low_shelf,100.0,100.0,dB,-12,3914.7,-0.074
api550a,Waves,API 550A,eq-api,low_shelf,100.0,100.0,dB,-12,43.1,-13.203
api550a,Waves,API 550A,eq-api,low_shelf,100.0,100.0,dB,-12,430.9,-5.433
api550a,Waves,API 550A,eq-api,low_shelf,100.0,100.0,dB,-12,4308.9,-0.039
api550a,Waves,API 550A,eq-api,low_shelf,100.0,100.0,dB,-12,47.4,-13.151
api550a,Waves,API 550A,eq-api,low_shelf,100.0,100.0,dB,-12,474.3,-4.86
api550a,Waves,API 550A,eq-api,low_shelf,100.0,100.0,dB,-12,4742.7,-0.022
api550a,Waves,API 550A,eq-api,low_shelf,100.0,100.0,dB,-12,52.2,-13.07
api550a,Waves,API 550A,eq-api,low_shelf,100.0,100.0,dB,-12,522.0,-4.436
api550a,Waves,API 550A,eq-api,low_shelf,100.0,100.0,dB,-12,5220.3,-0.002
api550a,Waves,API 550A,eq-api,low_shelf,100.0,100.0,dB,-12,57.5,-12.97
api550a,Waves,API 550A,eq-api,low_shelf,100.0,100.0,dB,-12,574.6,-3.907
api550a,Waves,API 550A,eq-api,low_shelf,100.0,100.0,dB,-12,5746.0,0.023
api550a,Waves,API 550A,eq-api,low_shelf,100.0,100.0,dB,-12,63.2,-12.837
api550a,Waves,API 550A,eq-api,low_shelf,100.0,100.0,dB,-12,632.5,-3.537
api550a,Waves,API 550A,eq-api,low_shelf,100.0,100.0,dB,-12,6324.6,0.031
api550a,Waves,API 550A,eq-api,low_shelf,100.0,100.0,dB,-12,69.6,-12.678
api550a,Waves,API 550A,eq-api,low_shelf,100.0,100.0,dB,-12,696.1,-3.087
api550a,Waves,API 550A,eq-api,low_shelf,100.0,100.0,dB,-12,6961.4,0.047
api550a,Waves,API 550A,eq-api,low_shelf,100.0,100.0,dB,-12,76.6,-12.487
api550a,Waves,API 550A,eq-api,low_shelf,100.0,100.0,dB,-12,766.2,-2.685
api550a,Waves,API 550A,eq-api,low_shelf,100.0,100.0,dB,-12,7662.4,0.049
api550a,Waves,API 550A,eq-api,low_shelf,100.0,100.0,dB,-12,84.3,-12.265
api550a,Waves,API 550A,eq-api,low_shelf,100.0,100.0,dB,-12,843.4,-2.356
api550a,Waves,API 550A,eq-api,low_shelf,100.0,100.0,dB,-12,8433.9,0.062
api550a,Waves,API 550A,eq-api,low_shelf,100.0,100.0,dB,-12,92.8,-12.028
api550a,Waves,API 550A,eq-api,low_shelf,100.0,100.0,dB,-12,928.3,-2.052
api550a,Waves,API 550A,eq-api,low_shelf,100.0,100.0,dB,-12,9283.2,0.07
api550a,Waves,API 550A,eq-api,low_shelf,100.0,100.0,dB,-4,102.2,-3.92
api550a,Waves,API 550A,eq-api,low_shelf,100.0,100.0,dB,-4,1021.8,-0.694
api550a,Waves,API 550A,eq-api,low_shelf,100.0,100.0,dB,-4,10217.9,0.015
api550a,Waves,API 550A,eq-api,low_shelf,100.0,100.0,dB,-4,112.5,-3.883
api550a,Waves,API 550A,eq-api,low_shelf,100.0,100.0,dB,-4,1124.7,-0.584
api550a,Waves,API 550A,eq-api,low_shelf,100.0,100.0,dB,-4,11246.8,0.015
api550a,Waves,API 550A,eq-api,low_shelf,100.0,100.0,dB,-4,123.8,-3.849
api550a,Waves,API 550A,eq-api,low_shelf,100.0,100.0,dB,-4,1237.9,-0.488
api550a,Waves,API 550A,eq-api,low_shelf,100.0,100.0,dB,-4,12379.3,0.016
api550a,Waves,API 550A,eq-api,low_shelf,100.0,100.0,dB,-4,136.3,-3.805
api550a,Waves,API 550A,eq-api,low_shelf,100.0,100.0,dB,-4,1362.6,-0.422
api550a,Waves,API 550A,eq-api,low_shelf,100.0,100.0,dB,-4,13625.8,0.017
api550a,Waves,API 550A,eq-api,low_shelf,100.0,100.0,dB,-4,1499.8,-0.346
api550a,Waves,API 550A,eq-api,low_shelf,100.0,100.0,dB,-4,14997.9,0.02
api550a,Waves,API 550A,eq-api,low_shelf,100.0,100.0,dB,-4,150.0,-3.731
api550a,Waves,API 550A,eq-api,low_shelf,100.0,100.0,dB,-4,165.1,-3.627
api550a,Waves,API 550A,eq-api,low_shelf,100.0,100.0,dB,-4,1650.8,-0.294
api550a,Waves,API 550A,eq-api,low_shelf,100.0,100.0,dB,-4,16508.1,0.02
api550a,Waves,API 550A,eq-api,low_shelf,100.0,100.0,dB,-4,181.7,-3.501
api550a,Waves,API 550A,eq-api,low_shelf,100.0,100.0,dB,-4,1817.0,-0.237
api550a,Waves,API 550A,eq-api,low_shelf,100.0,100.0,dB,-4,18170.4,0.021
api550a,Waves,API 550A,eq-api,low_shelf,100.0,100.0,dB,-4,20.0,-4.188
api550a,Waves,API 550A,eq-api,low_shelf,100.0,100.0,dB,-4,200.0,-3.381
api550a,Waves,API 550A,eq-api,low_shelf,100.0,100.0,dB,-4,2000.0,-0.192
api550a,Waves,API 550A,eq-api,low_shelf,100.0,100.0,dB,-4,20000.0,0.019
api550a,Waves,API 550A,eq-api,low_shelf,100.0,100.0,dB,-4,22.0,-4.193
api550a,Waves,API 550A,eq-api,low_shelf,100.0,100.0,dB,-4,220.1,-3.287
api550a,Waves,API 550A,eq-api,low_shelf,100.0,100.0,dB,-4,2201.4,-0.161
api550a,Waves,API 550A,eq-api,low_shelf,100.0,100.0,dB,-4,24.2,-4.195
api550a,Waves,API 550A,eq-api,low_shelf,100.0,100.0,dB,-4,242.3,-3.177
api550a,Waves,API 550A,eq-api,low_shelf,100.0,100.0,dB,-4,2423.1,-0.132
api550a,Waves,API 550A,eq-api,low_shelf,100.0,100.0,dB,-4,26.7,-4.201
api550a,Waves,API 550A,eq-api,low_shelf,100.0,100.0,dB,-4,266.7,-3.007
api550a,Waves,API 550A,eq-api,low_shelf,100.0,100.0,dB,-4,2667.0,-0.104
api550a,Waves,API 550A,eq-api,low_shelf,100.0,100.0,dB,-4,29.4,-4.202
api550a,Waves,API 550A,eq-api,low_shelf,100.0,100.0,dB,-4,293.6,-2.821
api550a,Waves,API 550A,eq-api,low_shelf,100.0,100.0,dB,-4,2935.6,-0.08
api550a,Waves,API 550A,eq-api,low_shelf,100.0,100.0,dB,-4,32.3,-4.203
api550a,Waves,API 550A,eq-api,low_shelf,100.0,100.0,dB,-4,323.1,-2.692
api550a,Waves,API 550A,eq-api,low_shelf,100.0,100.0,dB,-4,3231.2,-0.065
api550a,Waves,API 550A,eq-api,low_shelf,100.0,100.0,dB,-4,35.6,-4.202
api550a,Waves,API 550A,eq-api,low_shelf,100.0,100.0,dB,-4,355.7,-2.516
api550a,Waves,API 550A,eq-api,low_shelf,100.0,100.0,dB,-4,3556.6,-0.051
api550a,Waves,API 550A,eq-api,low_shelf,100.0,100.0,dB,-4,39.1,-4.2
api550a,Waves,API 550A,eq-api,low_shelf,100.0,100.0,dB,-4,391.5,-2.302
api550a,Waves,API 550A,eq-api,low_shelf,100.0,100.0,dB,-4,3914.7,-0.041
api550a,Waves,API 550A,eq-api,low_shelf,100.0,100.0,dB,-4,43.1,-4.193
api550a,Waves,API 550A,eq-api,low_shelf,100.0,100.0,dB,-4,430.9,-2.155
api550a,Waves,API 550A,eq-api,low_shelf,100.0,100.0,dB,-4,4308.9,-0.026
api550a,Waves,API 550A,eq-api,low_shelf,100.0,100.0,dB,-4,47.4,-4.185
api550a,Waves,API 550A,eq-api,low_shelf,100.0,100.0,dB,-4,474.3,-1.933
api550a,Waves,API 550A,eq-api,low_shelf,100.0,100.0,dB,-4,4742.7,-0.021
api550a,Waves,API 550A,eq-api,low_shelf,100.0,100.0,dB,-4,52.2,-4.169
api550a,Waves,API 550A,eq-api,low_shelf,100.0,100.0,dB,-4,522.0,-1.779
api550a,Waves,API 550A,eq-api,low_shelf,100.0,100.0,dB,-4,5220.3,-0.016
api550a,Waves,API 550A,eq-api,low_shelf,100.0,100.0,dB,-4,57.5,-4.15
api550a,Waves,API 550A,eq-api,low_shelf,100.0,100.0,dB,-4,574.6,-1.564
api550a,Waves,API 550A,eq-api,low_shelf,100.0,100.0,dB,-4,5746.0,-0.004
api550a,Waves,API 550A,eq-api,low_shelf,100.0,100.0,dB,-4,63.2,-4.124
api550a,Waves,API 550A,eq-api,low_shelf,100.0,100.0,dB,-4,632.5,-1.418
api550a,Waves,API 550A,eq-api,low_shelf,100.0,100.0,dB,-4,6324.6,0.0
api550a,Waves,API 550A,eq-api,low_shelf,100.0,100.0,dB,-4,69.6,-4.091
api550a,Waves,API 550A,eq-api,low_shelf,100.0,100.0,dB,-4,696.1,-1.239
api550a,Waves,API 550A,eq-api,low_shelf,100.0,100.0,dB,-4,6961.4,0.005
api550a,Waves,API 550A,eq-api,low_shelf,100.0,100.0,dB,-4,76.6,-4.053
api550a,Waves,API 550A,eq-api,low_shelf,100.0,100.0,dB,-4,766.2,-1.071
api550a,Waves,API 550A,eq-api,low_shelf,100.0,100.0,dB,-4,7662.4,0.006
api550a,Waves,API 550A,eq-api,low_shelf,100.0,100.0,dB,-4,84.3,-4.009
api550a,Waves,API 550A,eq-api,low_shelf,100.0,100.0,dB,-4,843.4,-0.935
api550a,Waves,API 550A,eq-api,low_shelf,100.0,100.0,dB,-4,8433.9,0.009
api550a,Waves,API 550A,eq-api,low_shelf,100.0,100.0,dB,-4,92.8,-3.964
api550a,Waves,API 550A,eq-api,low_shelf,100.0,100.0,dB,-4,928.3,-0.812
api550a,Waves,API 550A,eq-api,low_shelf,100.0,100.0,dB,-4,9283.2,0.013
api550a,Waves,API 550A,eq-api,low_shelf,100.0,100.0,dB,-6,102.2,-5.863
api550a,Waves,API 550A,eq-api,low_shelf,100.0,100.0,dB,-6,1021.8,-0.874
api550a,Waves,API 550A,eq-api,low_shelf,100.0,100.0,dB,-6,10217.9,0.044
api550a,Waves,API 550A,eq-api,low_shelf,100.0,100.0,dB,-6,112.5,-5.788
api550a,Waves,API 550A,eq-api,low_shelf,100.0,100.0,dB,-6,1124.7,-0.731
api550a,Waves,API 550A,eq-api,low_shelf,100.0,100.0,dB,-6,11246.8,0.045
api550a,Waves,API 550A,eq-api,low_shelf,100.0,100.0,dB,-6,123.8,-5.718
api550a,Waves,API 550A,eq-api,low_shelf,100.0,100.0,dB,-6,1237.9,-0.604
api550a,Waves,API 550A,eq-api,low_shelf,100.0,100.0,dB,-6,12379.3,0.046
api550a,Waves,API 550A,eq-api,low_shelf,100.0,100.0,dB,-6,136.3,-5.631
api550a,Waves,API 550A,eq-api,low_shelf,100.0,100.0,dB,-6,1362.6,-0.519
api550a,Waves,API 550A,eq-api,low_shelf,100.0,100.0,dB,-6,13625.8,0.048
api550a,Waves,API 550A,eq-api,low_shelf,100.0,100.0,dB,-6,1499.8,-0.422
api550a,Waves,API 550A,eq-api,low_shelf,100.0,100.0,dB,-6,14997.9,0.049
api550a,Waves,API 550A,eq-api,low_shelf,100.0,100.0,dB,-6,150.0,-5.497
api550a,Waves,API 550A,eq-api,low_shelf,100.0,100.0,dB,-6,165.1,-5.311
api550a,Waves,API 550A,eq-api,low_shelf,100.0,100.0,dB,-6,1650.8,-0.355
api550a,Waves,API 550A,eq-api,low_shelf,100.0,100.0,dB,-6,16508.1,0.051
api550a,Waves,API 550A,eq-api,low_shelf,100.0,100.0,dB,-6,181.7,-5.085
api550a,Waves,API 550A,eq-api,low_shelf,100.0,100.0,dB,-6,1817.0,-0.28
api550a,Waves,API 550A,eq-api,low_shelf,100.0,100.0,dB,-6,18170.4,0.05
api550a,Waves,API 550A,eq-api,low_shelf,100.0,100.0,dB,-6,20.0,-6.378
api550a,Waves,API 550A,eq-api,low_shelf,100.0,100.0,dB,-6,200.0,-4.867
api550a,Waves,API 550A,eq-api,low_shelf,100.0,100.0,dB,-6,2000.0,-0.223
api550a,Waves,API 550A,eq-api,low_shelf,100.0,100.0,dB,-6,20000.0,0.049
api550a,Waves,API 550A,eq-api,low_shelf,100.0,100.0,dB,-6,22.0,-6.385
api550a,Waves,API 550A,eq-api,low_shelf,100.0,100.0,dB,-6,220.1,-4.693
api550a,Waves,API 550A,eq-api,low_shelf,100.0,100.0,dB,-6,2201.4,-0.182
api550a,Waves,API 550A,eq-api,low_shelf,100.0,100.0,dB,-6,24.2,-6.388
api550a,Waves,API 550A,eq-api,low_shelf,100.0,100.0,dB,-6,242.3,-4.503
api550a,Waves,API 550A,eq-api,low_shelf,100.0,100.0,dB,-6,2423.1,-0.145
api550a,Waves,API 550A,eq-api,low_shelf,100.0,100.0,dB,-6,26.7,-6.397
api550a,Waves,API 550A,eq-api,low_shelf,100.0,100.0,dB,-6,266.7,-4.223
api550a,Waves,API 550A,eq-api,low_shelf,100.0,100.0,dB,-6,2667.0,-0.108
api550a,Waves,API 550A,eq-api,low_shelf,100.0,100.0,dB,-6,29.4,-6.398
api550a,Waves,API 550A,eq-api,low_shelf,100.0,100.0,dB,-6,293.6,-3.914
api550a,Waves,API 550A,eq-api,low_shelf,100.0,100.0,dB,-6,2935.6,-0.078
api550a,Waves,API 550A,eq-api,low_shelf,100.0,100.0,dB,-6,32.3,-6.399
api550a,Waves,API 550A,eq-api,low_shelf,100.0,100.0,dB,-6,323.1,-3.698
api550a,Waves,API 550A,eq-api,low_shelf,100.0,100.0,dB,-6,3231.2,-0.059
api550a,Waves,API 550A,eq-api,low_shelf,100.0,100.0,dB,-6,35.6,-6.396
api550a,Waves,API 550A,eq-api,low_shelf,100.0,100.0,dB,-6,355.7,-3.428
api550a,Waves,API 550A,eq-api,low_shelf,100.0,100.0,dB,-6,3556.6,-0.04
api550a,Waves,API 550A,eq-api,low_shelf,100.0,100.0,dB,-6,39.1,-6.391
api550a,Waves,API 550A,eq-api,low_shelf,100.0,100.0,dB,-6,391.5,-3.097
api550a,Waves,API 550A,eq-api,low_shelf,100.0,100.0,dB,-6,3914.7,-0.026
api550a,Waves,API 550A,eq-api,low_shelf,100.0,100.0,dB,-6,43.1,-6.378
api550a,Waves,API 550A,eq-api,low_shelf,100.0,100.0,dB,-6,430.9,-2.877
api550a,Waves,API 550A,eq-api,low_shelf,100.0,100.0,dB,-6,4308.9,-0.011
api550a,Waves,API 550A,eq-api,low_shelf,100.0,100.0,dB,-6,47.4,-6.361
api550a,Waves,API 550A,eq-api,low_shelf,100.0,100.0,dB,-6,474.3,-2.556
api550a,Waves,API 550A,eq-api,low_shelf,100.0,100.0,dB,-6,4742.7,-0.003
api550a,Waves,API 550A,eq-api,low_shelf,100.0,100.0,dB,-6,52.2,-6.332
api550a,Waves,API 550A,eq-api,low_shelf,100.0,100.0,dB,-6,522.0,-2.334
api550a,Waves,API 550A,eq-api,low_shelf,100.0,100.0,dB,-6,5220.3,0.006
api550a,Waves,API 550A,eq-api,low_shelf,100.0,100.0,dB,-6,57.5,-6.296
api550a,Waves,API 550A,eq-api,low_shelf,100.0,100.0,dB,-6,574.6,-2.035
api550a,Waves,API 550A,eq-api,low_shelf,100.0,100.0,dB,-6,5746.0,0.019
api550a,Waves,API 550A,eq-api,low_shelf,100.0,100.0,dB,-6,63.2,-6.248
api550a,Waves,API 550A,eq-api,low_shelf,100.0,100.0,dB,-6,632.5,-1.838
api550a,Waves,API 550A,eq-api,low_shelf,100.0,100.0,dB,-6,6324.6,0.024
api550a,Waves,API 550A,eq-api,low_shelf,100.0,100.0,dB,-6,69.6,-6.189
api550a,Waves,API 550A,eq-api,low_shelf,100.0,100.0,dB,-6,696.1,-1.591
api550a,Waves,API 550A,eq-api,low_shelf,100.0,100.0,dB,-6,6961.4,0.03
api550a,Waves,API 550A,eq-api,low_shelf,100.0,100.0,dB,-6,76.6,-6.118
api550a,Waves,API 550A,eq-api,low_shelf,100.0,100.0,dB,-6,766.2,-1.367
api550a,Waves,API 550A,eq-api,low_shelf,100.0,100.0,dB,-6,7662.4,0.032
api550a,Waves,API 550A,eq-api,low_shelf,100.0,100.0,dB,-6,84.3,-6.036
api550a,Waves,API 550A,eq-api,low_shelf,100.0,100.0,dB,-6,843.4,-1.19
api550a,Waves,API 550A,eq-api,low_shelf,100.0,100.0,dB,-6,8433.9,0.037
api550a,Waves,API 550A,eq-api,low_shelf,100.0,100.0,dB,-6,92.8,-5.95
api550a,Waves,API 550A,eq-api,low_shelf,100.0,100.0,dB,-6,928.3,-1.028
api550a,Waves,API 550A,eq-api,low_shelf,100.0,100.0,dB,-6,9283.2,0.042
api550a,Waves,API 550A,eq-api,low_shelf,100.0,100.0,dB,-9,102.2,-8.763
api550a,Waves,API 550A,eq-api,low_shelf,100.0,100.0,dB,-9,1021.8,-1.203
api550a,Waves,API 550A,eq-api,low_shelf,100.0,100.0,dB,-9,10217.9,0.06
api550a,Waves,API 550A,eq-api,low_shelf,100.0,100.0,dB,-9,112.5,-8.623
api550a,Waves,API 550A,eq-api,low_shelf,100.0,100.0,dB,-9,1124.7,-1.006
api550a,Waves,API 550A,eq-api,low_shelf,100.0,100.0,dB,-9,11246.8,0.063
api550a,Waves,API 550A,eq-api,low_shelf,100.0,100.0,dB,-9,123.8,-8.49
api550a,Waves,API 550A,eq-api,low_shelf,100.0,100.0,dB,-9,1237.9,-0.831
api550a,Waves,API 550A,eq-api,low_shelf,100.0,100.0,dB,-9,12379.3,0.064
api550a,Waves,API 550A,eq-api,low_shelf,100.0,100.0,dB,-9,136.3,-8.337
api550a,Waves,API 550A,eq-api,low_shelf,100.0,100.0,dB,-9,1362.6,-0.712
api550a,Waves,API 550A,eq-api,low_shelf,100.0,100.0,dB,-9,13625.8,0.065
api550a,Waves,API 550A,eq-api,low_shelf,100.0,100.0,dB,-9,1499.8,-0.58
api550a,Waves,API 550A,eq-api,low_shelf,100.0,100.0,dB,-9,14997.9,0.069
api550a,Waves,API 550A,eq-api,low_shelf,100.0,100.0,dB,-9,150.0,-8.115
api550a,Waves,API 550A,eq-api,low_shelf,100.0,100.0,dB,-9,165.1,-7.81
api550a,Waves,API 550A,eq-api,low_shelf,100.0,100.0,dB,-9,1650.8,-0.486
api550a,Waves,API 550A,eq-api,low_shelf,100.0,100.0,dB,-9,16508.1,0.068
api550a,Waves,API 550A,eq-api,low_shelf,100.0,100.0,dB,-9,181.7,-7.442
api550a,Waves,API 550A,eq-api,low_shelf,100.0,100.0,dB,-9,1817.0,-0.384
api550a,Waves,API 550A,eq-api,low_shelf,100.0,100.0,dB,-9,18170.4,0.072
api550a,Waves,API 550A,eq-api,low_shelf,100.0,100.0,dB,-9,20.0,-9.693
api550a,Waves,API 550A,eq-api,low_shelf,100.0,100.0,dB,-9,200.0,-7.079
api550a,Waves,API 550A,eq-api,low_shelf,100.0,100.0,dB,-9,2000.0,-0.306
api550a,Waves,API 550A,eq-api,low_shelf,100.0,100.0,dB,-9,20000.0,0.07
api550a,Waves,API 550A,eq-api,low_shelf,100.0,100.0,dB,-9,22.0,-9.704
api550a,Waves,API 550A,eq-api,low_shelf,100.0,100.0,dB,-9,220.1,-6.787
api550a,Waves,API 550A,eq-api,low_shelf,100.0,100.0,dB,-9,2201.4,-0.25
api550a,Waves,API 550A,eq-api,low_shelf,100.0,100.0,dB,-9,24.2,-9.709
api550a,Waves,API 550A,eq-api,low_shelf,100.0,100.0,dB,-9,242.3,-6.487
api550a,Waves,API 550A,eq-api,low_shelf,100.0,100.0,dB,-9,2423.1,-0.2
api550a,Waves,API 550A,eq-api,low_shelf,100.0,100.0,dB,-9,26.7,-9.721
api550a,Waves,API 550A,eq-api,low_shelf,100.0,100.0,dB,-9,266.7,-6.061
api550a,Waves,API 550A,eq-api,low_shelf,100.0,100.0,dB,-9,2667.0,-0.15
api550a,Waves,API 550A,eq-api,low_shelf,100.0,100.0,dB,-9,29.4,-9.721
api550a,Waves,API 550A,eq-api,low_shelf,100.0,100.0,dB,-9,293.6,-5.581
api550a,Waves,API 550A,eq-api,low_shelf,100.0,100.0,dB,-9,2935.6,-0.106
api550a,Waves,API 550A,eq-api,low_shelf,100.0,100.0,dB,-9,32.3,-9.72
api550a,Waves,API 550A,eq-api,low_shelf,100.0,100.0,dB,-9,323.1,-5.241
api550a,Waves,API 550A,eq-api,low_shelf,100.0,100.0,dB,-9,3231.2,-0.08
api550a,Waves,API 550A,eq-api,low_shelf,100.0,100.0,dB,-9,35.6,-9.714
api550a,Waves,API 550A,eq-api,low_shelf,100.0,100.0,dB,-9,355.7,-4.846
api550a,Waves,API 550A,eq-api,low_shelf,100.0,100.0,dB,-9,3556.6,-0.055
api550a,Waves,API 550A,eq-api,low_shelf,100.0,100.0,dB,-9,39.1,-9.703
api550a,Waves,API 550A,eq-api,low_shelf,100.0,100.0,dB,-9,391.5,-4.354
api550a,Waves,API 550A,eq-api,low_shelf,100.0,100.0,dB,-9,3914.7,-0.036
api550a,Waves,API 550A,eq-api,low_shelf,100.0,100.0,dB,-9,43.1,-9.678
api550a,Waves,API 550A,eq-api,low_shelf,100.0,100.0,dB,-9,430.9,-4.026
api550a,Waves,API 550A,eq-api,low_shelf,100.0,100.0,dB,-9,4308.9,-0.014
api550a,Waves,API 550A,eq-api,low_shelf,100.0,100.0,dB,-9,47.4,-9.647
api550a,Waves,API 550A,eq-api,low_shelf,100.0,100.0,dB,-9,474.3,-3.567
api550a,Waves,API 550A,eq-api,low_shelf,100.0,100.0,dB,-9,4742.7,-0.002
api550a,Waves,API 550A,eq-api,low_shelf,100.0,100.0,dB,-9,52.2,-9.596
api550a,Waves,API 550A,eq-api,low_shelf,100.0,100.0,dB,-9,522.0,-3.242
api550a,Waves,API 550A,eq-api,low_shelf,100.0,100.0,dB,-9,5220.3,0.009
api550a,Waves,API 550A,eq-api,low_shelf,100.0,100.0,dB,-9,57.5,-9.532
api550a,Waves,API 550A,eq-api,low_shelf,100.0,100.0,dB,-9,574.6,-2.822
api550a,Waves,API 550A,eq-api,low_shelf,100.0,100.0,dB,-9,5746.0,0.028
api550a,Waves,API 550A,eq-api,low_shelf,100.0,100.0,dB,-9,63.2,-9.446
api550a,Waves,API 550A,eq-api,low_shelf,100.0,100.0,dB,-9,632.5,-2.541
api550a,Waves,API 550A,eq-api,low_shelf,100.0,100.0,dB,-9,6324.6,0.032
api550a,Waves,API 550A,eq-api,low_shelf,100.0,100.0,dB,-9,69.6,-9.343
api550a,Waves,API 550A,eq-api,low_shelf,100.0,100.0,dB,-9,696.1,-2.194
api550a,Waves,API 550A,eq-api,low_shelf,100.0,100.0,dB,-9,6961.4,0.042
api550a,Waves,API 550A,eq-api,low_shelf,100.0,100.0,dB,-9,76.6,-9.218
api550a,Waves,API 550A,eq-api,low_shelf,100.0,100.0,dB,-9,766.2,-1.884
api550a,Waves,API 550A,eq-api,low_shelf,100.0,100.0,dB,-9,7662.4,0.044
api550a,Waves,API 550A,eq-api,low_shelf,100.0,100.0,dB,-9,84.3,-9.074
api550a,Waves,API 550A,eq-api,low_shelf,100.0,100.0,dB,-9,843.4,-1.638
api550a,Waves,API 550A,eq-api,low_shelf,100.0,100.0,dB,-9,8433.9,0.052
api550a,Waves,API 550A,eq-api,low_shelf,100.0,100.0,dB,-9,92.8,-8.92
api550a,Waves,API 550A,eq-api,low_shelf,100.0,100.0,dB,-9,928.3,-1.414
api550a,Waves,API 550A,eq-api,low_shelf,100.0,100.0,dB,-9,9283.2,0.058
api550a,Waves,API 550A,eq-api,mid_bell,1000.0,800.0,dB,+12,102.2,0.674
api550a,Waves,API 550A,eq-api,mid_bell,1000.0,800.0,dB,+12,1021.8,10.701
api550a,Waves,API 550A,eq-api,mid_bell,1000.0,800.0,dB,+12,10217.9,0.374
api550a,Waves,API 550A,eq-api,mid_bell,1000.0,800.0,dB,+12,112.5,0.785
api550a,Waves,API 550A,eq-api,mid_bell,1000.0,800.0,dB,+12,1124.7,9.875
api550a,Waves,API 550A,eq-api,mid_bell,1000.0,800.0,dB,+12,11246.8,0.326
api550a,Waves,API 550A,eq-api,mid_bell,1000.0,800.0,dB,+12,123.8,0.89
api550a,Waves,API 550A,eq-api,mid_bell,1000.0,800.0,dB,+12,1237.9,8.986
api550a,Waves,API 550A,eq-api,mid_bell,1000.0,800.0,dB,+12,12379.3,0.29
api550a,Waves,API 550A,eq-api,mid_bell,1000.0,800.0,dB,+12,136.3,1.021
api550a,Waves,API 550A,eq-api,mid_bell,1000.0,800.0,dB,+12,1362.6,8.054
api550a,Waves,API 550A,eq-api,mid_bell,1000.0,800.0,dB,+12,13625.8,0.259
api550a,Waves,API 550A,eq-api,mid_bell,1000.0,800.0,dB,+12,1499.8,7.175
api550a,Waves,API 550A,eq-api,mid_bell,1000.0,800.0,dB,+12,14997.9,0.236
api550a,Waves,API 550A,eq-api,mid_bell,1000.0,800.0,dB,+12,150.0,1.229
api550a,Waves,API 550A,eq-api,mid_bell,1000.0,800.0,dB,+12,165.1,1.529
api550a,Waves,API 550A,eq-api,mid_bell,1000.0,800.0,dB,+12,1650.8,6.351
api550a,Waves,API 550A,eq-api,mid_bell,1000.0,800.0,dB,+12,16508.1,0.215
api550a,Waves,API 550A,eq-api,mid_bell,1000.0,800.0,dB,+12,181.7,1.902
api550a,Waves,API 550A,eq-api,mid_bell,1000.0,800.0,dB,+12,1817.0,5.603
api550a,Waves,API 550A,eq-api,mid_bell,1000.0,800.0,dB,+12,18170.4,0.2
api550a,Waves,API 550A,eq-api,mid_bell,1000.0,800.0,dB,+12,20.0,-0.049
api550a,Waves,API 550A,eq-api,mid_bell,1000.0,800.0,dB,+12,200.0,2.286
api550a,Waves,API 550A,eq-api,mid_bell,1000.0,800.0,dB,+12,2000.0,4.912
api550a,Waves,API 550A,eq-api,mid_bell,1000.0,800.0,dB,+12,20000.0,0.189
api550a,Waves,API 550A,eq-api,mid_bell,1000.0,800.0,dB,+12,22.0,-0.062
api550a,Waves,API 550A,eq-api,mid_bell,1000.0,800.0,dB,+12,220.1,2.62
api550a,Waves,API 550A,eq-api,mid_bell,1000.0,800.0,dB,+12,2201.4,4.279
api550a,Waves,API 550A,eq-api,mid_bell,1000.0,800.0,dB,+12,24.2,-0.068
api550a,Waves,API 550A,eq-api,mid_bell,1000.0,800.0,dB,+12,242.3,3.0
api550a,Waves,API 550A,eq-api,mid_bell,1000.0,800.0,dB,+12,2423.1,3.703
api550a,Waves,API 550A,eq-api,mid_bell,1000.0,800.0,dB,+12,26.7,-0.083
api550a,Waves,API 550A,eq-api,mid_bell,1000.0,800.0,dB,+12,266.7,3.55
api550a,Waves,API 550A,eq-api,mid_bell,1000.0,800.0,dB,+12,2667.0,3.213
api550a,Waves,API 550A,eq-api,mid_bell,1000.0,800.0,dB,+12,29.4,-0.085
api550a,Waves,API 550A,eq-api,mid_bell,1000.0,800.0,dB,+12,293.6,4.204
api550a,Waves,API 550A,eq-api,mid_bell,1000.0,800.0,dB,+12,2935.6,2.769
api550a,Waves,API 550A,eq-api,mid_bell,1000.0,800.0,dB,+12,32.3,-0.088
api550a,Waves,API 550A,eq-api,mid_bell,1000.0,800.0,dB,+12,323.1,4.756
api550a,Waves,API 550A,eq-api,mid_bell,1000.0,800.0,dB,+12,3231.2,2.376
api550a,Waves,API 550A,eq-api,mid_bell,1000.0,800.0,dB,+12,35.6,-0.087
api550a,Waves,API 550A,eq-api,mid_bell,1000.0,800.0,dB,+12,355.7,5.432
api550a,Waves,API 550A,eq-api,mid_bell,1000.0,800.0,dB,+12,3556.6,2.028
api550a,Waves,API 550A,eq-api,mid_bell,1000.0,800.0,dB,+12,39.1,-0.082
api550a,Waves,API 550A,eq-api,mid_bell,1000.0,800.0,dB,+12,391.5,6.287
api550a,Waves,API 550A,eq-api,mid_bell,1000.0,800.0,dB,+12,3914.7,1.732
api550a,Waves,API 550A,eq-api,mid_bell,1000.0,800.0,dB,+12,43.1,-0.065
api550a,Waves,API 550A,eq-api,mid_bell,1000.0,800.0,dB,+12,430.9,7.027
api550a,Waves,API 550A,eq-api,mid_bell,1000.0,800.0,dB,+12,4308.9,1.476
api550a,Waves,API 550A,eq-api,mid_bell,1000.0,800.0,dB,+12,47.4,-0.042
api550a,Waves,API 550A,eq-api,mid_bell,1000.0,800.0,dB,+12,474.3,7.976
api550a,Waves,API 550A,eq-api,mid_bell,1000.0,800.0,dB,+12,4742.7,1.26
api550a,Waves,API 550A,eq-api,mid_bell,1000.0,800.0,dB,+12,52.2,-0.003
api550a,Waves,API 550A,eq-api,mid_bell,1000.0,800.0,dB,+12,522.0,8.836
api550a,Waves,API 550A,eq-api,mid_bell,1000.0,800.0,dB,+12,5220.3,1.071
api550a,Waves,API 550A,eq-api,mid_bell,1000.0,800.0,dB,+12,57.5,0.048
api550a,Waves,API 550A,eq-api,mid_bell,1000.0,800.0,dB,+12,574.6,9.818
api550a,Waves,API 550A,eq-api,mid_bell,1000.0,800.0,dB,+12,5746.0,0.916
api550a,Waves,API 550A,eq-api,mid_bell,1000.0,800.0,dB,+12,63.2,0.117
api550a,Waves,API 550A,eq-api,mid_bell,1000.0,800.0,dB,+12,632.5,10.604
api550a,Waves,API 550A,eq-api,mid_bell,1000.0,800.0,dB,+12,6324.6,0.781
api550a,Waves,API 550A,eq-api,mid_bell,1000.0,800.0,dB,+12,69.6,0.201
api550a,Waves,API 550A,eq-api,mid_bell,1000.0,800.0,dB,+12,696.1,11.334
api550a,Waves,API 550A,eq-api,mid_bell,1000.0,800.0,dB,+12,6961.4,0.668
api550a,Waves,API 550A,eq-api,mid_bell,1000.0,800.0,dB,+12,76.6,0.303
api550a,Waves,API 550A,eq-api,mid_bell,1000.0,800.0,dB,+12,766.2,11.747
api550a,Waves,API 550A,eq-api,mid_bell,1000.0,800.0,dB,+12,7662.4,0.572
api550a,Waves,API 550A,eq-api,mid_bell,1000.0,800.0,dB,+12,84.3,0.422
api550a,Waves,API 550A,eq-api,mid_bell,1000.0,800.0,dB,+12,843.4,11.74
api550a,Waves,API 550A,eq-api,mid_bell,1000.0,800.0,dB,+12,8433.9,0.492
api550a,Waves,API 550A,eq-api,mid_bell,1000.0,800.0,dB,+12,92.8,0.547
api550a,Waves,API 550A,eq-api,mid_bell,1000.0,800.0,dB,+12,928.3,11.36
api550a,Waves,API 550A,eq-api,mid_bell,1000.0,800.0,dB,+12,9283.2,0.427
api550a,Waves,API 550A,eq-api,mid_bell,1000.0,800.0,dB,+4,102.2,0.342
api550a,Waves,API 550A,eq-api,mid_bell,1000.0,800.0,dB,+4,1021.8,3.863
api550a,Waves,API 550A,eq-api,mid_bell,1000.0,800.0,dB,+4,10217.9,0.119
api550a,Waves,API 550A,eq-api,mid_bell,1000.0,800.0,dB,+4,112.5,0.406
api550a,Waves,API 550A,eq-api,mid_bell,1000.0,800.0,dB,+4,1124.7,3.724
api550a,Waves,API 550A,eq-api,mid_bell,1000.0,800.0,dB,+4,11246.8,0.093
api550a,Waves,API 550A,eq-api,mid_bell,1000.0,800.0,dB,+4,123.8,0.469
api550a,Waves,API 550A,eq-api,mid_bell,1000.0,800.0,dB,+4,1237.9,3.551
api550a,Waves,API 550A,eq-api,mid_bell,1000.0,800.0,dB,+4,12379.3,0.073
api550a,Waves,API 550A,eq-api,mid_bell,1000.0,800.0,dB,+4,136.3,0.546
api550a,Waves,API 550A,eq-api,mid_bell,1000.0,800.0,dB,+4,1362.6,3.329
api550a,Waves,API 550A,eq-api,mid_bell,1000.0,800.0,dB,+4,13625.8,0.057
api550a,Waves,API 550A,eq-api,mid_bell,1000.0,800.0,dB,+4,1499.8,3.092
api550a,Waves,API 550A,eq-api,mid_bell,1000.0,800.0,dB,+4,14997.9,0.043
api550a,Waves,API 550A,eq-api,mid_bell,1000.0,800.0,dB,+4,150.0,0.662
api550a,Waves,API 550A,eq-api,mid_bell,1000.0,800.0,dB,+4,165.1,0.821
api550a,Waves,API 550A,eq-api,mid_bell,1000.0,800.0,dB,+4,1650.8,2.84
api550a,Waves,API 550A,eq-api,mid_bell,1000.0,800.0,dB,+4,16508.1,0.032
api550a,Waves,API 550A,eq-api,mid_bell,1000.0,800.0,dB,+4,181.7,1.015
api550a,Waves,API 550A,eq-api,mid_bell,1000.0,800.0,dB,+4,1817.0,2.586
api550a,Waves,API 550A,eq-api,mid_bell,1000.0,800.0,dB,+4,18170.4,0.022
api550a,Waves,API 550A,eq-api,mid_bell,1000.0,800.0,dB,+4,20.0,-0.068
api550a,Waves,API 550A,eq-api,mid_bell,1000.0,800.0,dB,+4,200.0,1.211
api550a,Waves,API 550A,eq-api,mid_bell,1000.0,800.0,dB,+4,2000.0,2.326
api550a,Waves,API 550A,eq-api,mid_bell,1000.0,800.0,dB,+4,20000.0,0.014
api550a,Waves,API 550A,eq-api,mid_bell,1000.0,800.0,dB,+4,22.0,-0.074
api550a,Waves,API 550A,eq-api,mid_bell,1000.0,800.0,dB,+4,220.1,1.378
api550a,Waves,API 550A,eq-api,mid_bell,1000.0,800.0,dB,+4,2201.4,2.07
api550a,Waves,API 550A,eq-api,mid_bell,1000.0,800.0,dB,+4,24.2,-0.076
api550a,Waves,API 550A,eq-api,mid_bell,1000.0,800.0,dB,+4,242.3,1.561
api550a,Waves,API 550A,eq-api,mid_bell,1000.0,800.0,dB,+4,2423.1,1.821
api550a,Waves,API 550A,eq-api,mid_bell,1000.0,800.0,dB,+4,26.7,-0.082
api550a,Waves,API 550A,eq-api,mid_bell,1000.0,800.0,dB,+4,266.7,1.818
api550a,Waves,API 550A,eq-api,mid_bell,1000.0,800.0,dB,+4,2667.0,1.598
api550a,Waves,API 550A,eq-api,mid_bell,1000.0,800.0,dB,+4,29.4,-0.082
api550a,Waves,API 550A,eq-api,mid_bell,1000.0,800.0,dB,+4,293.6,2.107
api550a,Waves,API 550A,eq-api,mid_bell,1000.0,800.0,dB,+4,2935.6,1.387
api550a,Waves,API 550A,eq-api,mid_bell,1000.0,800.0,dB,+4,32.3,-0.082
api550a,Waves,API 550A,eq-api,mid_bell,1000.0,800.0,dB,+4,323.1,2.325
api550a,Waves,API 550A,eq-api,mid_bell,1000.0,800.0,dB,+4,3231.2,1.193
api550a,Waves,API 550A,eq-api,mid_bell,1000.0,800.0,dB,+4,35.6,-0.079
api550a,Waves,API 550A,eq-api,mid_bell,1000.0,800.0,dB,+4,355.7,2.578
api550a,Waves,API 550A,eq-api,mid_bell,1000.0,800.0,dB,+4,3556.6,1.016
api550a,Waves,API 550A,eq-api,mid_bell,1000.0,800.0,dB,+4,39.1,-0.076
api550a,Waves,API 550A,eq-api,mid_bell,1000.0,800.0,dB,+4,391.5,2.883
api550a,Waves,API 550A,eq-api,mid_bell,1000.0,800.0,dB,+4,3914.7,0.861
api550a,Waves,API 550A,eq-api,mid_bell,1000.0,800.0,dB,+4,43.1,-0.065
api550a,Waves,API 550A,eq-api,mid_bell,1000.0,800.0,dB,+4,430.9,3.092
api550a,Waves,API 550A,eq-api,mid_bell,1000.0,800.0,dB,+4,4308.9,0.728
api550a,Waves,API 550A,eq-api,mid_bell,1000.0,800.0,dB,+4,47.4,-0.051
api550a,Waves,API 550A,eq-api,mid_bell,1000.0,800.0,dB,+4,474.3,3.363
api550a,Waves,API 550A,eq-api,mid_bell,1000.0,800.0,dB,+4,4742.7,0.611
api550a,Waves,API 550A,eq-api,mid_bell,1000.0,800.0,dB,+4,52.2,-0.029
api550a,Waves,API 550A,eq-api,mid_bell,1000.0,800.0,dB,+4,522.0,3.545
api550a,Waves,API 550A,eq-api,mid_bell,1000.0,800.0,dB,+4,5220.3,0.508
api550a,Waves,API 550A,eq-api,mid_bell,1000.0,800.0,dB,+4,57.5,-0.001
api550a,Waves,API 550A,eq-api,mid_bell,1000.0,800.0,dB,+4,574.6,3.756
api550a,Waves,API 550A,eq-api,mid_bell,1000.0,800.0,dB,+4,5746.0,0.424
api550a,Waves,API 550A,eq-api,mid_bell,1000.0,800.0,dB,+4,63.2,0.037
api550a,Waves,API 550A,eq-api,mid_bell,1000.0,800.0,dB,+4,632.5,3.864
api550a,Waves,API 550A,eq-api,mid_bell,1000.0,800.0,dB,+4,6324.6,0.349
api550a,Waves,API 550A,eq-api,mid_bell,1000.0,800.0,dB,+4,69.6,0.083
api550a,Waves,API 550A,eq-api,mid_bell,1000.0,800.0,dB,+4,696.1,3.982
api550a,Waves,API 550A,eq-api,mid_bell,1000.0,800.0,dB,+4,6961.4,0.286
api550a,Waves,API 550A,eq-api,mid_bell,1000.0,800.0,dB,+4,76.6,0.138
api550a,Waves,API 550A,eq-api,mid_bell,1000.0,800.0,dB,+4,766.2,4.038
api550a,Waves,API 550A,eq-api,mid_bell,1000.0,800.0,dB,+4,7662.4,0.231
api550a,Waves,API 550A,eq-api,mid_bell,1000.0,800.0,dB,+4,84.3,0.203
api550a,Waves,API 550A,eq-api,mid_bell,1000.0,800.0,dB,+4,843.4,4.023
api550a,Waves,API 550A,eq-api,mid_bell,1000.0,800.0,dB,+4,8433.9,0.186
api550a,Waves,API 550A,eq-api,mid_bell,1000.0,800.0,dB,+4,92.8,0.272
api550a,Waves,API 550A,eq-api,mid_bell,1000.0,800.0,dB,+4,928.3,3.963
api550a,Waves,API 550A,eq-api,mid_bell,1000.0,800.0,dB,+4,9283.2,0.151
api550a,Waves,API 550A,eq-api,mid_bell,1000.0,800.0,dB,+6,102.2,0.413
api550a,Waves,API 550A,eq-api,mid_bell,1000.0,800.0,dB,+6,1021.8,5.668
api550a,Waves,API 550A,eq-api,mid_bell,1000.0,800.0,dB,+6,10217.9,0.158
api550a,Waves,API 550A,eq-api,mid_bell,1000.0,800.0,dB,+6,112.5,0.486
api550a,Waves,API 550A,eq-api,mid_bell,1000.0,800.0,dB,+6,1124.7,5.371
api550a,Waves,API 550A,eq-api,mid_bell,1000.0,800.0,dB,+6,11246.8,0.131
api550a,Waves,API 550A,eq-api,mid_bell,1000.0,800.0,dB,+6,123.8,0.557
api550a,Waves,API 550A,eq-api,mid_bell,1000.0,800.0,dB,+6,1237.9,5.021
api550a,Waves,API 550A,eq-api,mid_bell,1000.0,800.0,dB,+6,12379.3,0.109
api550a,Waves,API 550A,eq-api,mid_bell,1000.0,800.0,dB,+6,136.3,0.647
api550a,Waves,API 550A,eq-api,mid_bell,1000.0,800.0,dB,+6,1362.6,4.608
api550a,Waves,API 550A,eq-api,mid_bell,1000.0,800.0,dB,+6,13625.8,0.091
api550a,Waves,API 550A,eq-api,mid_bell,1000.0,800.0,dB,+6,1499.8,4.186
api550a,Waves,API 550A,eq-api,mid_bell,1000.0,800.0,dB,+6,14997.9,0.076
api550a,Waves,API 550A,eq-api,mid_bell,1000.0,800.0,dB,+6,150.0,0.787
api550a,Waves,API 550A,eq-api,mid_bell,1000.0,800.0,dB,+6,165.1,0.985
api550a,Waves,API 550A,eq-api,mid_bell,1000.0,800.0,dB,+6,1650.8,3.762
api550a,Waves,API 550A,eq-api,mid_bell,1000.0,800.0,dB,+6,16508.1,0.062
api550a,Waves,API 550A,eq-api,mid_bell,1000.0,800.0,dB,+6,181.7,1.23
api550a,Waves,API 550A,eq-api,mid_bell,1000.0,800.0,dB,+6,1817.0,3.356
api550a,Waves,API 550A,eq-api,mid_bell,1000.0,800.0,dB,+6,18170.4,0.055
api550a,Waves,API 550A,eq-api,mid_bell,1000.0,800.0,dB,+6,20.0,-0.062
api550a,Waves,API 550A,eq-api,mid_bell,1000.0,800.0,dB,+6,200.0,1.479
api550a,Waves,API 550A,eq-api,mid_bell,1000.0,800.0,dB,+6,2000.0,2.961
api550a,Waves,API 550A,eq-api,mid_bell,1000.0,800.0,dB,+6,20000.0,0.044
api550a,Waves,API 550A,eq-api,mid_bell,1000.0,800.0,dB,+6,22.0,-0.07
api550a,Waves,API 550A,eq-api,mid_bell,1000.0,800.0,dB,+6,220.1,1.697
api550a,Waves,API 550A,eq-api,mid_bell,1000.0,800.0,dB,+6,2201.4,2.589
api550a,Waves,API 550A,eq-api,mid_bell,1000.0,800.0,dB,+6,24.2,-0.073
api550a,Waves,API 550A,eq-api,mid_bell,1000.0,800.0,dB,+6,242.3,1.944
api550a,Waves,API 550A,eq-api,mid_bell,1000.0,800.0,dB,+6,2423.1,2.241
api550a,Waves,API 550A,eq-api,mid_bell,1000.0,800.0,dB,+6,26.7,-0.082
api550a,Waves,API 550A,eq-api,mid_bell,1000.0,800.0,dB,+6,266.7,2.298
api550a,Waves,API 550A,eq-api,mid_bell,1000.0,800.0,dB,+6,2667.0,1.941
api550a,Waves,API 550A,eq-api,mid_bell,1000.0,800.0,dB,+6,29.4,-0.083
api550a,Waves,API 550A,eq-api,mid_bell,1000.0,800.0,dB,+6,293.6,2.706
api550a,Waves,API 550A,eq-api,mid_bell,1000.0,800.0,dB,+6,2935.6,1.664
api550a,Waves,API 550A,eq-api,mid_bell,1000.0,800.0,dB,+6,32.3,-0.084
api550a,Waves,API 550A,eq-api,mid_bell,1000.0,800.0,dB,+6,323.1,3.035
api550a,Waves,API 550A,eq-api,mid_bell,1000.0,800.0,dB,+6,3231.2,1.419
api550a,Waves,API 550A,eq-api,mid_bell,1000.0,800.0,dB,+6,35.6,-0.083
api550a,Waves,API 550A,eq-api,mid_bell,1000.0,800.0,dB,+6,355.7,3.429
api550a,Waves,API 550A,eq-api,mid_bell,1000.0,800.0,dB,+6,3556.6,1.199
api550a,Waves,API 550A,eq-api,mid_bell,1000.0,800.0,dB,+6,39.1,-0.079
api550a,Waves,API 550A,eq-api,mid_bell,1000.0,800.0,dB,+6,391.5,3.911
api550a,Waves,API 550A,eq-api,mid_bell,1000.0,800.0,dB,+6,3914.7,1.013
api550a,Waves,API 550A,eq-api,mid_bell,1000.0,800.0,dB,+6,43.1,-0.067
api550a,Waves,API 550A,eq-api,mid_bell,1000.0,800.0,dB,+6,430.9,4.28
api550a,Waves,API 550A,eq-api,mid_bell,1000.0,800.0,dB,+6,4308.9,0.852
api550a,Waves,API 550A,eq-api,mid_bell,1000.0,800.0,dB,+6,47.4,-0.052
api550a,Waves,API 550A,eq-api,mid_bell,1000.0,800.0,dB,+6,474.3,4.746
api550a,Waves,API 550A,eq-api,mid_bell,1000.0,800.0,dB,+6,4742.7,0.715
api550a,Waves,API 550A,eq-api,mid_bell,1000.0,800.0,dB,+6,52.2,-0.026
api550a,Waves,API 550A,eq-api,mid_bell,1000.0,800.0,dB,+6,522.0,5.101
api550a,Waves,API 550A,eq-api,mid_bell,1000.0,800.0,dB,+6,5220.3,0.597
api550a,Waves,API 550A,eq-api,mid_bell,1000.0,800.0,dB,+6,57.5,0.007
api550a,Waves,API 550A,eq-api,mid_bell,1000.0,800.0,dB,+6,574.6,5.493
api550a,Waves,API 550A,eq-api,mid_bell,1000.0,800.0,dB,+6,5746.0,0.499
api550a,Waves,API 550A,eq-api,mid_bell,1000.0,800.0,dB,+6,63.2,0.051
api550a,Waves,API 550A,eq-api,mid_bell,1000.0,800.0,dB,+6,632.5,5.731
api550a,Waves,API 550A,eq-api,mid_bell,1000.0,800.0,dB,+6,6324.6,0.415
api550a,Waves,API 550A,eq-api,mid_bell,1000.0,800.0,dB,+6,69.6,0.107
api550a,Waves,API 550A,eq-api,mid_bell,1000.0,800.0,dB,+6,696.1,5.956
api550a,Waves,API 550A,eq-api,mid_bell,1000.0,800.0,dB,+6,6961.4,0.344
api550a,Waves,API 550A,eq-api,mid_bell,1000.0,800.0,dB,+6,76.6,0.173
api550a,Waves,API 550A,eq-api,mid_bell,1000.0,800.0,dB,+6,766.2,6.06
api550a,Waves,API 550A,eq-api,mid_bell,1000.0,800.0,dB,+6,7662.4,0.283
api550a,Waves,API 550A,eq-api,mid_bell,1000.0,800.0,dB,+6,84.3,0.249
api550a,Waves,API 550A,eq-api,mid_bell,1000.0,800.0,dB,+6,843.4,6.026
api550a,Waves,API 550A,eq-api,mid_bell,1000.0,800.0,dB,+6,8433.9,0.234
api550a,Waves,API 550A,eq-api,mid_bell,1000.0,800.0,dB,+6,92.8,0.33
api550a,Waves,API 550A,eq-api,mid_bell,1000.0,800.0,dB,+6,928.3,5.891
api550a,Waves,API 550A,eq-api,mid_bell,1000.0,800.0,dB,+6,9283.2,0.194
api550a,Waves,API 550A,eq-api,mid_bell,1000.0,800.0,dB,+9,102.2,0.529
api550a,Waves,API 550A,eq-api,mid_bell,1000.0,800.0,dB,+9,1021.8,8.158
api550a,Waves,API 550A,eq-api,mid_bell,1000.0,800.0,dB,+9,10217.9,0.22
api550a,Waves,API 550A,eq-api,mid_bell,1000.0,800.0,dB,+9,112.5,0.617
api550a,Waves,API 550A,eq-api,mid_bell,1000.0,800.0,dB,+9,1124.7,7.611
api550a,Waves,API 550A,eq-api,mid_bell,1000.0,800.0,dB,+9,11246.8,0.184
api550a,Waves,API 550A,eq-api,mid_bell,1000.0,800.0,dB,+9,123.8,0.701
api550a,Waves,API 550A,eq-api,mid_bell,1000.0,800.0,dB,+9,1237.9,6.996
api550a,Waves,API 550A,eq-api,mid_bell,1000.0,800.0,dB,+9,12379.3,0.156
api550a,Waves,API 550A,eq-api,mid_bell,1000.0,800.0,dB,+9,136.3,0.809
api550a,Waves,API 550A,eq-api,mid_bell,1000.0,800.0,dB,+9,1362.6,6.318
api550a,Waves,API 550A,eq-api,mid_bell,1000.0,800.0,dB,+9,13625.8,0.132
api550a,Waves,API 550A,eq-api,mid_bell,1000.0,800.0,dB,+9,1499.8,5.654
api550a,Waves,API 550A,eq-api,mid_bell,1000.0,800.0,dB,+9,14997.9,0.113
api550a,Waves,API 550A,eq-api,mid_bell,1000.0,800.0,dB,+9,150.0,0.981
api550a,Waves,API 550A,eq-api,mid_bell,1000.0,800.0,dB,+9,165.1,1.228
api550a,Waves,API 550A,eq-api,mid_bell,1000.0,800.0,dB,+9,1650.8,5.017
api550a,Waves,API 550A,eq-api,mid_bell,1000.0,800.0,dB,+9,16508.1,0.097
api550a,Waves,API 550A,eq-api,mid_bell,1000.0,800.0,dB,+9,181.7,1.536
api550a,Waves,API 550A,eq-api,mid_bell,1000.0,800.0,dB,+9,1817.0,4.426
api550a,Waves,API 550A,eq-api,mid_bell,1000.0,800.0,dB,+9,18170.4,0.087
api550a,Waves,API 550A,eq-api,mid_bell,1000.0,800.0,dB,+9,20.0,-0.052
api550a,Waves,API 550A,eq-api,mid_bell,1000.0,800.0,dB,+9,200.0,1.85
api550a,Waves,API 550A,eq-api,mid_bell,1000.0,800.0,dB,+9,2000.0,3.873
api550a,Waves,API 550A,eq-api,mid_bell,1000.0,800.0,dB,+9,20000.0,0.077
api550a,Waves,API 550A,eq-api,mid_bell,1000.0,800.0,dB,+9,22.0,-0.062
api550a,Waves,API 550A,eq-api,mid_bell,1000.0,800.0,dB,+9,220.1,2.125
api550a,Waves,API 550A,eq-api,mid_bell,1000.0,800.0,dB,+9,2201.4,3.361
api550a,Waves,API 550A,eq-api,mid_bell,1000.0,800.0,dB,+9,24.2,-0.067
api550a,Waves,API 550A,eq-api,mid_bell,1000.0,800.0,dB,+9,242.3,2.442
api550a,Waves,API 550A,eq-api,mid_bell,1000.0,800.0,dB,+9,2423.1,2.894
api550a,Waves,API 550A,eq-api,mid_bell,1000.0,800.0,dB,+9,26.7,-0.079
api550a,Waves,API 550A,eq-api,mid_bell,1000.0,800.0,dB,+9,266.7,2.901
api550a,Waves,API 550A,eq-api,mid_bell,1000.0,800.0,dB,+9,2667.0,2.495
api550a,Waves,API 550A,eq-api,mid_bell,1000.0,800.0,dB,+9,29.4,-0.081
api550a,Waves,API 550A,eq-api,mid_bell,1000.0,800.0,dB,+9,293.6,3.441
api550a,Waves,API 550A,eq-api,mid_bell,1000.0,800.0,dB,+9,2935.6,2.134
api550a,Waves,API 550A,eq-api,mid_bell,1000.0,800.0,dB,+9,32.3,-0.083
api550a,Waves,API 550A,eq-api,mid_bell,1000.0,800.0,dB,+9,323.1,3.891
api550a,Waves,API 550A,eq-api,mid_bell,1000.0,800.0,dB,+9,3231.2,1.815
api550a,Waves,API 550A,eq-api,mid_bell,1000.0,800.0,dB,+9,35.6,-0.082
api550a,Waves,API 550A,eq-api,mid_bell,1000.0,800.0,dB,+9,355.7,4.444
api550a,Waves,API 550A,eq-api,mid_bell,1000.0,800.0,dB,+9,3556.6,1.535
api550a,Waves,API 550A,eq-api,mid_bell,1000.0,800.0,dB,+9,39.1,-0.078
api550a,Waves,API 550A,eq-api,mid_bell,1000.0,800.0,dB,+9,391.5,5.132
api550a,Waves,API 550A,eq-api,mid_bell,1000.0,800.0,dB,+9,3914.7,1.296
api550a,Waves,API 550A,eq-api,mid_bell,1000.0,800.0,dB,+9,43.1,-0.065
api550a,Waves,API 550A,eq-api,mid_bell,1000.0,800.0,dB,+9,430.9,5.704
api550a,Waves,API 550A,eq-api,mid_bell,1000.0,800.0,dB,+9,4308.9,1.093
api550a,Waves,API 550A,eq-api,mid_bell,1000.0,800.0,dB,+9,47.4,-0.046
api550a,Waves,API 550A,eq-api,mid_bell,1000.0,800.0,dB,+9,474.3,6.43
api550a,Waves,API 550A,eq-api,mid_bell,1000.0,800.0,dB,+9,4742.7,0.919
api550a,Waves,API 550A,eq-api,mid_bell,1000.0,800.0,dB,+9,52.2,-0.015
api550a,Waves,API 550A,eq-api,mid_bell,1000.0,800.0,dB,+9,522.0,7.044
api550a,Waves,API 550A,eq-api,mid_bell,1000.0,800.0,dB,+9,5220.3,0.769
api550a,Waves,API 550A,eq-api,mid_bell,1000.0,800.0,dB,+9,57.5,0.026
api550a,Waves,API 550A,eq-api,mid_bell,1000.0,800.0,dB,+9,574.6,7.726
api550a,Waves,API 550A,eq-api,mid_bell,1000.0,800.0,dB,+9,5746.0,0.646
api550a,Waves,API 550A,eq-api,mid_bell,1000.0,800.0,dB,+9,63.2,0.081
api550a,Waves,API 550A,eq-api,mid_bell,1000.0,800.0,dB,+9,632.5,8.211
api550a,Waves,API 550A,eq-api,mid_bell,1000.0,800.0,dB,+9,6324.6,0.54
api550a,Waves,API 550A,eq-api,mid_bell,1000.0,800.0,dB,+9,69.6,0.149
api550a,Waves,API 550A,eq-api,mid_bell,1000.0,800.0,dB,+9,696.1,8.651
api550a,Waves,API 550A,eq-api,mid_bell,1000.0,800.0,dB,+9,6961.4,0.451
api550a,Waves,API 550A,eq-api,mid_bell,1000.0,800.0,dB,+9,76.6,0.231
api550a,Waves,API 550A,eq-api,mid_bell,1000.0,800.0,dB,+9,766.2,8.871
api550a,Waves,API 550A,eq-api,mid_bell,1000.0,800.0,dB,+9,7662.4,0.377
api550a,Waves,API 550A,eq-api,mid_bell,1000.0,800.0,dB,+9,84.3,0.327
api550a,Waves,API 550A,eq-api,mid_bell,1000.0,800.0,dB,+9,843.4,8.833
api550a,Waves,API 550A,eq-api,mid_bell,1000.0,800.0,dB,+9,8433.9,0.313
api550a,Waves,API 550A,eq-api,mid_bell,1000.0,800.0,dB,+9,92.8,0.427
api550a,Waves,API 550A,eq-api,mid_bell,1000.0,800.0,dB,+9,928.3,8.581
api550a,Waves,API 550A,eq-api,mid_bell,1000.0,800.0,dB,+9,9283.2,0.261
api550a,Waves,API 550A,eq-api,mid_bell,1000.0,800.0,dB,-12,102.2,-0.806
api550a,Waves,API 550A,eq-api,mid_bell,1000.0,800.0,dB,-12,1021.8,-10.663
api550a,Waves,API 550A,eq-api,mid_bell,1000.0,800.0,dB,-12,10217.9,-0.345
api550a,Waves,API 550A,eq-api,mid_bell,1000.0,800.0,dB,-12,112.5,-0.89
api550a,Waves,API 550A,eq-api,mid_bell,1000.0,800.0,dB,-12,1124.7,-9.814
api550a,Waves,API 550A,eq-api,mid_bell,1000.0,800.0,dB,-12,11246.8,-0.3
api550a,Waves,API 550A,eq-api,mid_bell,1000.0,800.0,dB,-12,123.8,-0.975
api550a,Waves,API 550A,eq-api,mid_bell,1000.0,800.0,dB,-12,1237.9,-8.93
api550a,Waves,API 550A,eq-api,mid_bell,1000.0,800.0,dB,-12,12379.3,-0.264
api550a,Waves,API 550A,eq-api,mid_bell,1000.0,800.0,dB,-12,136.3,-1.103
api550a,Waves,API 550A,eq-api,mid_bell,1000.0,800.0,dB,-12,1362.6,-7.989
api550a,Waves,API 550A,eq-api,mid_bell,1000.0,800.0,dB,-12,13625.8,-0.237
api550a,Waves,API 550A,eq-api,mid_bell,1000.0,800.0,dB,-12,1499.8,-7.05
api550a,Waves,API 550A,eq-api,mid_bell,1000.0,800.0,dB,-12,14997.9,-0.21
api550a,Waves,API 550A,eq-api,mid_bell,1000.0,800.0,dB,-12,150.0,-1.323
api550a,Waves,API 550A,eq-api,mid_bell,1000.0,800.0,dB,-12,165.1,-1.636
api550a,Waves,API 550A,eq-api,mid_bell,1000.0,800.0,dB,-12,1650.8,-6.246
api550a,Waves,API 550A,eq-api,mid_bell,1000.0,800.0,dB,-12,16508.1,-0.194
api550a,Waves,API 550A,eq-api,mid_bell,1000.0,800.0,dB,-12,181.7,-2.002
api550a,Waves,API 550A,eq-api,mid_bell,1000.0,800.0,dB,-12,1817.0,-5.495
api550a,Waves,API 550A,eq-api,mid_bell,1000.0,800.0,dB,-12,18170.4,-0.178
api550a,Waves,API 550A,eq-api,mid_bell,1000.0,800.0,dB,-12,20.0,-0.129
api550a,Waves,API 550A,eq-api,mid_bell,1000.0,800.0,dB,-12,200.0,-2.332
api550a,Waves,API 550A,eq-api,mid_bell,1000.0,800.0,dB,-12,2000.0,-4.796
api550a,Waves,API 550A,eq-api,mid_bell,1000.0,800.0,dB,-12,20000.0,-0.169
api550a,Waves,API 550A,eq-api,mid_bell,1000.0,800.0,dB,-12,22.0,-0.117
api550a,Waves,API 550A,eq-api,mid_bell,1000.0,800.0,dB,-12,220.1,-2.601
api550a,Waves,API 550A,eq-api,mid_bell,1000.0,800.0,dB,-12,2201.4,-4.169
api550a,Waves,API 550A,eq-api,mid_bell,1000.0,800.0,dB,-12,24.2,-0.109
api550a,Waves,API 550A,eq-api,mid_bell,1000.0,800.0,dB,-12,242.3,-2.989
api550a,Waves,API 550A,eq-api,mid_bell,1000.0,800.0,dB,-12,2423.1,-3.589
api550a,Waves,API 550A,eq-api,mid_bell,1000.0,800.0,dB,-12,26.7,-0.097
api550a,Waves,API 550A,eq-api,mid_bell,1000.0,800.0,dB,-12,266.7,-3.591
api550a,Waves,API 550A,eq-api,mid_bell,1000.0,800.0,dB,-12,2667.0,-3.112
api550a,Waves,API 550A,eq-api,mid_bell,1000.0,800.0,dB,-12,29.4,-0.094
api550a,Waves,API 550A,eq-api,mid_bell,1000.0,800.0,dB,-12,293.6,-4.206
api550a,Waves,API 550A,eq-api,mid_bell,1000.0,800.0,dB,-12,2935.6,-2.671
api550a,Waves,API 550A,eq-api,mid_bell,1000.0,800.0,dB,-12,32.3,-0.092
api550a,Waves,API 550A,eq-api,mid_bell,1000.0,800.0,dB,-12,323.1,-4.663
api550a,Waves,API 550A,eq-api,mid_bell,1000.0,800.0,dB,-12,3231.2,-2.287
api550a,Waves,API 550A,eq-api,mid_bell,1000.0,800.0,dB,-12,35.6,-0.09
api550a,Waves,API 550A,eq-api,mid_bell,1000.0,800.0,dB,-12,355.7,-5.416
api550a,Waves,API 550A,eq-api,mid_bell,1000.0,800.0,dB,-12,3556.6,-1.945
api550a,Waves,API 550A,eq-api,mid_bell,1000.0,800.0,dB,-12,39.1,-0.1
api550a,Waves,API 550A,eq-api,mid_bell,1000.0,800.0,dB,-12,391.5,-6.272
api550a,Waves,API 550A,eq-api,mid_bell,1000.0,800.0,dB,-12,3914.7,-1.658
api550a,Waves,API 550A,eq-api,mid_bell,1000.0,800.0,dB,-12,43.1,-0.116
api550a,Waves,API 550A,eq-api,mid_bell,1000.0,800.0,dB,-12,430.9,-6.92
api550a,Waves,API 550A,eq-api,mid_bell,1000.0,800.0,dB,-12,4308.9,-1.41
api550a,Waves,API 550A,eq-api,mid_bell,1000.0,800.0,dB,-12,47.4,-0.141
api550a,Waves,API 550A,eq-api,mid_bell,1000.0,800.0,dB,-12,474.3,-8.014
api550a,Waves,API 550A,eq-api,mid_bell,1000.0,800.0,dB,-12,4742.7,-1.201
api550a,Waves,API 550A,eq-api,mid_bell,1000.0,800.0,dB,-12,52.2,-0.181
api550a,Waves,API 550A,eq-api,mid_bell,1000.0,800.0,dB,-12,522.0,-8.739
api550a,Waves,API 550A,eq-api,mid_bell,1000.0,800.0,dB,-12,5220.3,-1.02
api550a,Waves,API 550A,eq-api,mid_bell,1000.0,800.0,dB,-12,57.5,-0.23
api550a,Waves,API 550A,eq-api,mid_bell,1000.0,800.0,dB,-12,574.6,-9.904
api550a,Waves,API 550A,eq-api,mid_bell,1000.0,800.0,dB,-12,5746.0,-0.866
api550a,Waves,API 550A,eq-api,mid_bell,1000.0,800.0,dB,-12,63.2,-0.301
api550a,Waves,API 550A,eq-api,mid_bell,1000.0,800.0,dB,-12,632.5,-10.579
api550a,Waves,API 550A,eq-api,mid_bell,1000.0,800.0,dB,-12,6324.6,-0.739
api550a,Waves,API 550A,eq-api,mid_bell,1000.0,800.0,dB,-12,69.6,-0.381
api550a,Waves,API 550A,eq-api,mid_bell,1000.0,800.0,dB,-12,696.1,-11.401
api550a,Waves,API 550A,eq-api,mid_bell,1000.0,800.0,dB,-12,6961.4,-0.628
api550a,Waves,API 550A,eq-api,mid_bell,1000.0,800.0,dB,-12,76.6,-0.48
api550a,Waves,API 550A,eq-api,mid_bell,1000.0,800.0,dB,-12,766.2,-11.915
api550a,Waves,API 550A,eq-api,mid_bell,1000.0,800.0,dB,-12,7662.4,-0.536
api550a,Waves,API 550A,eq-api,mid_bell,1000.0,800.0,dB,-12,84.3,-0.589
api550a,Waves,API 550A,eq-api,mid_bell,1000.0,800.0,dB,-12,843.4,-11.816
api550a,Waves,API 550A,eq-api,mid_bell,1000.0,800.0,dB,-12,8433.9,-0.458
api550a,Waves,API 550A,eq-api,mid_bell,1000.0,800.0,dB,-12,92.8,-0.703
api550a,Waves,API 550A,eq-api,mid_bell,1000.0,800.0,dB,-12,928.3,-11.364
api550a,Waves,API 550A,eq-api,mid_bell,1000.0,800.0,dB,-12,9283.2,-0.397
api550a,Waves,API 550A,eq-api,mid_bell,1000.0,800.0,dB,-4,102.2,-0.451
api550a,Waves,API 550A,eq-api,mid_bell,1000.0,800.0,dB,-4,1021.8,-3.797
api550a,Waves,API 550A,eq-api,mid_bell,1000.0,800.0,dB,-4,10217.9,-0.253
api550a,Waves,API 550A,eq-api,mid_bell,1000.0,800.0,dB,-4,112.5,-0.497
api550a,Waves,API 550A,eq-api,mid_bell,1000.0,800.0,dB,-4,1124.7,-3.634
api550a,Waves,API 550A,eq-api,mid_bell,1000.0,800.0,dB,-4,11246.8,-0.234
api550a,Waves,API 550A,eq-api,mid_bell,1000.0,800.0,dB,-4,123.8,-0.543
api550a,Waves,API 550A,eq-api,mid_bell,1000.0,800.0,dB,-4,1237.9,-3.441
api550a,Waves,API 550A,eq-api,mid_bell,1000.0,800.0,dB,-4,12379.3,-0.218
api550a,Waves,API 550A,eq-api,mid_bell,1000.0,800.0,dB,-4,136.3,-0.606
api550a,Waves,API 550A,eq-api,mid_bell,1000.0,800.0,dB,-4,1362.6,-3.198
api550a,Waves,API 550A,eq-api,mid_bell,1000.0,800.0,dB,-4,13625.8,-0.203
api550a,Waves,API 550A,eq-api,mid_bell,1000.0,800.0,dB,-4,1499.8,-2.935
api550a,Waves,API 550A,eq-api,mid_bell,1000.0,800.0,dB,-4,14997.9,-0.191
api550a,Waves,API 550A,eq-api,mid_bell,1000.0,800.0,dB,-4,150.0,-0.706
api550a,Waves,API 550A,eq-api,mid_bell,1000.0,800.0,dB,-4,165.1,-0.847
api550a,Waves,API 550A,eq-api,mid_bell,1000.0,800.0,dB,-4,1650.8,-2.675
api550a,Waves,API 550A,eq-api,mid_bell,1000.0,800.0,dB,-4,16508.1,-0.187
api550a,Waves,API 550A,eq-api,mid_bell,1000.0,800.0,dB,-4,181.7,-1.016
api550a,Waves,API 550A,eq-api,mid_bell,1000.0,800.0,dB,-4,1817.0,-2.42
api550a,Waves,API 550A,eq-api,mid_bell,1000.0,800.0,dB,-4,18170.4,-0.179
api550a,Waves,API 550A,eq-api,mid_bell,1000.0,800.0,dB,-4,20.0,-0.124
api550a,Waves,API 550A,eq-api,mid_bell,1000.0,800.0,dB,-4,200.0,-1.18
api550a,Waves,API 550A,eq-api,mid_bell,1000.0,800.0,dB,-4,2000.0,-2.163
api550a,Waves,API 550A,eq-api,mid_bell,1000.0,800.0,dB,-4,20000.0,-0.176
api550a,Waves,API 550A,eq-api,mid_bell,1000.0,800.0,dB,-4,22.0,-0.119
api550a,Waves,API 550A,eq-api,mid_bell,1000.0,800.0,dB,-4,220.1,-1.315
api550a,Waves,API 550A,eq-api,mid_bell,1000.0,800.0,dB,-4,2201.4,-1.917
api550a,Waves,API 550A,eq-api,mid_bell,1000.0,800.0,dB,-4,24.2,-0.116
api550a,Waves,API 550A,eq-api,mid_bell,1000.0,800.0,dB,-4,242.3,-1.483
api550a,Waves,API 550A,eq-api,mid_bell,1000.0,800.0,dB,-4,2423.1,-1.682
api550a,Waves,API 550A,eq-api,mid_bell,1000.0,800.0,dB,-4,26.7,-0.112
api550a,Waves,API 550A,eq-api,mid_bell,1000.0,800.0,dB,-4,266.7,-1.732
api550a,Waves,API 550A,eq-api,mid_bell,1000.0,800.0,dB,-4,2667.0,-1.481
api550a,Waves,API 550A,eq-api,mid_bell,1000.0,800.0,dB,-4,29.4,-0.111
api550a,Waves,API 550A,eq-api,mid_bell,1000.0,800.0,dB,-4,293.6,-2.002
api550a,Waves,API 550A,eq-api,mid_bell,1000.0,800.0,dB,-4,2935.6,-1.292
api550a,Waves,API 550A,eq-api,mid_bell,1000.0,800.0,dB,-4,32.3,-0.111
api550a,Waves,API 550A,eq-api,mid_bell,1000.0,800.0,dB,-4,323.1,-2.198
api550a,Waves,API 550A,eq-api,mid_bell,1000.0,800.0,dB,-4,3231.2,-1.125
api550a,Waves,API 550A,eq-api,mid_bell,1000.0,800.0,dB,-4,35.6,-0.11
api550a,Waves,API 550A,eq-api,mid_bell,1000.0,800.0,dB,-4,355.7,-2.462
api550a,Waves,API 550A,eq-api,mid_bell,1000.0,800.0,dB,-4,3556.6,-0.974
api550a,Waves,API 550A,eq-api,mid_bell,1000.0,800.0,dB,-4,39.1,-0.116
api550a,Waves,API 550A,eq-api,mid_bell,1000.0,800.0,dB,-4,391.5,-2.776
api550a,Waves,API 550A,eq-api,mid_bell,1000.0,800.0,dB,-4,3914.7,-0.845
api550a,Waves,API 550A,eq-api,mid_bell,1000.0,800.0,dB,-4,43.1,-0.123
api550a,Waves,API 550A,eq-api,mid_bell,1000.0,800.0,dB,-4,430.9,-2.978
api550a,Waves,API 550A,eq-api,mid_bell,1000.0,800.0,dB,-4,4308.9,-0.735
api550a,Waves,API 550A,eq-api,mid_bell,1000.0,800.0,dB,-4,47.4,-0.136
api550a,Waves,API 550A,eq-api,mid_bell,1000.0,800.0,dB,-4,474.3,-3.284
api550a,Waves,API 550A,eq-api,mid_bell,1000.0,800.0,dB,-4,4742.7,-0.641
api550a,Waves,API 550A,eq-api,mid_bell,1000.0,800.0,dB,-4,52.2,-0.154
api550a,Waves,API 550A,eq-api,mid_bell,1000.0,800.0,dB,-4,522.0,-3.468
api550a,Waves,API 550A,eq-api,mid_bell,1000.0,800.0,dB,-4,5220.3,-0.56
api550a,Waves,API 550A,eq-api,mid_bell,1000.0,800.0,dB,-4,57.5,-0.176
api550a,Waves,API 550A,eq-api,mid_bell,1000.0,800.0,dB,-4,574.6,-3.715
api550a,Waves,API 550A,eq-api,mid_bell,1000.0,800.0,dB,-4,5746.0,-0.488
api550a,Waves,API 550A,eq-api,mid_bell,1000.0,800.0,dB,-4,63.2,-0.209
api550a,Waves,API 550A,eq-api,mid_bell,1000.0,800.0,dB,-4,632.5,-3.823
api550a,Waves,API 550A,eq-api,mid_bell,1000.0,800.0,dB,-4,6324.6,-0.433
api550a,Waves,API 550A,eq-api,mid_bell,1000.0,800.0,dB,-4,69.6,-0.245
api550a,Waves,API 550A,eq-api,mid_bell,1000.0,800.0,dB,-4,696.1,-3.961
api550a,Waves,API 550A,eq-api,mid_bell,1000.0,800.0,dB,-4,6961.4,-0.382
api550a,Waves,API 550A,eq-api,mid_bell,1000.0,800.0,dB,-4,76.6,-0.291
api550a,Waves,API 550A,eq-api,mid_bell,1000.0,800.0,dB,-4,766.2,-4.027
api550a,Waves,API 550A,eq-api,mid_bell,1000.0,800.0,dB,-4,7662.4,-0.34
api550a,Waves,API 550A,eq-api,mid_bell,1000.0,800.0,dB,-4,84.3,-0.342
api550a,Waves,API 550A,eq-api,mid_bell,1000.0,800.0,dB,-4,843.4,-3.998
api550a,Waves,API 550A,eq-api,mid_bell,1000.0,800.0,dB,-4,8433.9,-0.307
api550a,Waves,API 550A,eq-api,mid_bell,1000.0,800.0,dB,-4,92.8,-0.397
api550a,Waves,API 550A,eq-api,mid_bell,1000.0,800.0,dB,-4,928.3,-3.92
api550a,Waves,API 550A,eq-api,mid_bell,1000.0,800.0,dB,-4,9283.2,-0.277
api550a,Waves,API 550A,eq-api,mid_bell,1000.0,800.0,dB,-6,102.2,-0.541
api550a,Waves,API 550A,eq-api,mid_bell,1000.0,800.0,dB,-6,1021.8,-5.598
api550a,Waves,API 550A,eq-api,mid_bell,1000.0,800.0,dB,-6,10217.9,-0.265
api550a,Waves,API 550A,eq-api,mid_bell,1000.0,800.0,dB,-6,112.5,-0.598
api550a,Waves,API 550A,eq-api,mid_bell,1000.0,800.0,dB,-6,1124.7,-5.286
api550a,Waves,API 550A,eq-api,mid_bell,1000.0,800.0,dB,-6,11246.8,-0.239
api550a,Waves,API 550A,eq-api,mid_bell,1000.0,800.0,dB,-6,123.8,-0.655
api550a,Waves,API 550A,eq-api,mid_bell,1000.0,800.0,dB,-6,1237.9,-4.928
api550a,Waves,API 550A,eq-api,mid_bell,1000.0,800.0,dB,-6,12379.3,-0.219
api550a,Waves,API 550A,eq-api,mid_bell,1000.0,800.0,dB,-6,136.3,-0.736
api550a,Waves,API 550A,eq-api,mid_bell,1000.0,800.0,dB,-6,1362.6,-4.504
api550a,Waves,API 550A,eq-api,mid_bell,1000.0,800.0,dB,-6,13625.8,-0.203
api550a,Waves,API 550A,eq-api,mid_bell,1000.0,800.0,dB,-6,1499.8,-4.061
api550a,Waves,API 550A,eq-api,mid_bell,1000.0,800.0,dB,-6,14997.9,-0.19
api550a,Waves,API 550A,eq-api,mid_bell,1000.0,800.0,dB,-6,150.0,-0.869
api550a,Waves,API 550A,eq-api,mid_bell,1000.0,800.0,dB,-6,165.1,-1.06
api550a,Waves,API 550A,eq-api,mid_bell,1000.0,800.0,dB,-6,1650.8,-3.644
api550a,Waves,API 550A,eq-api,mid_bell,1000.0,800.0,dB,-6,16508.1,-0.179
api550a,Waves,API 550A,eq-api,mid_bell,1000.0,800.0,dB,-6,181.7,-1.288
api550a,Waves,API 550A,eq-api,mid_bell,1000.0,800.0,dB,-6,1817.0,-3.244
api550a,Waves,API 550A,eq-api,mid_bell,1000.0,800.0,dB,-6,18170.4,-0.17
api550a,Waves,API 550A,eq-api,mid_bell,1000.0,800.0,dB,-6,20.0,-0.12
api550a,Waves,API 550A,eq-api,mid_bell,1000.0,800.0,dB,-6,200.0,-1.505
api550a,Waves,API 550A,eq-api,mid_bell,1000.0,800.0,dB,-6,2000.0,-2.856
api550a,Waves,API 550A,eq-api,mid_bell,1000.0,800.0,dB,-6,20000.0,-0.164
api550a,Waves,API 550A,eq-api,mid_bell,1000.0,800.0,dB,-6,22.0,-0.114
api550a,Waves,API 550A,eq-api,mid_bell,1000.0,800.0,dB,-6,220.1,-1.686
api550a,Waves,API 550A,eq-api,mid_bell,1000.0,800.0,dB,-6,2201.4,-2.497
api550a,Waves,API 550A,eq-api,mid_bell,1000.0,800.0,dB,-6,24.2,-0.109
api550a,Waves,API 550A,eq-api,mid_bell,1000.0,800.0,dB,-6,242.3,-1.922
api550a,Waves,API 550A,eq-api,mid_bell,1000.0,800.0,dB,-6,2423.1,-2.162
api550a,Waves,API 550A,eq-api,mid_bell,1000.0,800.0,dB,-6,26.7,-0.103
api550a,Waves,API 550A,eq-api,mid_bell,1000.0,800.0,dB,-6,266.7,-2.28
api550a,Waves,API 550A,eq-api,mid_bell,1000.0,800.0,dB,-6,2667.0,-1.881
api550a,Waves,API 550A,eq-api,mid_bell,1000.0,800.0,dB,-6,29.4,-0.101
api550a,Waves,API 550A,eq-api,mid_bell,1000.0,800.0,dB,-6,293.6,-2.664
api550a,Waves,API 550A,eq-api,mid_bell,1000.0,800.0,dB,-6,2935.6,-1.622
api550a,Waves,API 550A,eq-api,mid_bell,1000.0,800.0,dB,-6,32.3,-0.1
api550a,Waves,API 550A,eq-api,mid_bell,1000.0,800.0,dB,-6,323.1,-2.951
api550a,Waves,API 550A,eq-api,mid_bell,1000.0,800.0,dB,-6,3231.2,-1.395
api550a,Waves,API 550A,eq-api,mid_bell,1000.0,800.0,dB,-6,35.6,-0.1
api550a,Waves,API 550A,eq-api,mid_bell,1000.0,800.0,dB,-6,355.7,-3.363
api550a,Waves,API 550A,eq-api,mid_bell,1000.0,800.0,dB,-6,3556.6,-1.194
api550a,Waves,API 550A,eq-api,mid_bell,1000.0,800.0,dB,-6,39.1,-0.106
api550a,Waves,API 550A,eq-api,mid_bell,1000.0,800.0,dB,-6,391.5,-3.848
api550a,Waves,API 550A,eq-api,mid_bell,1000.0,800.0,dB,-6,3914.7,-1.025
api550a,Waves,API 550A,eq-api,mid_bell,1000.0,800.0,dB,-6,43.1,-0.116
api550a,Waves,API 550A,eq-api,mid_bell,1000.0,800.0,dB,-6,430.9,-4.184
api550a,Waves,API 550A,eq-api,mid_bell,1000.0,800.0,dB,-6,4308.9,-0.881
api550a,Waves,API 550A,eq-api,mid_bell,1000.0,800.0,dB,-6,47.4,-0.131
api550a,Waves,API 550A,eq-api,mid_bell,1000.0,800.0,dB,-6,474.3,-4.699
api550a,Waves,API 550A,eq-api,mid_bell,1000.0,800.0,dB,-6,4742.7,-0.758
api550a,Waves,API 550A,eq-api,mid_bell,1000.0,800.0,dB,-6,52.2,-0.155
api550a,Waves,API 550A,eq-api,mid_bell,1000.0,800.0,dB,-6,522.0,-5.023
api550a,Waves,API 550A,eq-api,mid_bell,1000.0,800.0,dB,-6,5220.3,-0.653
api550a,Waves,API 550A,eq-api,mid_bell,1000.0,800.0,dB,-6,57.5,-0.184
api550a,Waves,API 550A,eq-api,mid_bell,1000.0,800.0,dB,-6,574.6,-5.471
api550a,Waves,API 550A,eq-api,mid_bell,1000.0,800.0,dB,-6,5746.0,-0.564
api550a,Waves,API 550A,eq-api,mid_bell,1000.0,800.0,dB,-6,63.2,-0.227
api550a,Waves,API 550A,eq-api,mid_bell,1000.0,800.0,dB,-6,632.5,-5.683
api550a,Waves,API 550A,eq-api,mid_bell,1000.0,800.0,dB,-6,6324.6,-0.489
api550a,Waves,API 550A,eq-api,mid_bell,1000.0,800.0,dB,-6,69.6,-0.275
api550a,Waves,API 550A,eq-api,mid_bell,1000.0,800.0,dB,-6,696.1,-5.938
api550a,Waves,API 550A,eq-api,mid_bell,1000.0,800.0,dB,-6,6961.4,-0.426
api550a,Waves,API 550A,eq-api,mid_bell,1000.0,800.0,dB,-6,76.6,-0.335
api550a,Waves,API 550A,eq-api,mid_bell,1000.0,800.0,dB,-6,766.2,-6.06
api550a,Waves,API 550A,eq-api,mid_bell,1000.0,800.0,dB,-6,7662.4,-0.373
api550a,Waves,API 550A,eq-api,mid_bell,1000.0,800.0,dB,-6,84.3,-0.402
api550a,Waves,API 550A,eq-api,mid_bell,1000.0,800.0,dB,-6,843.4,-6.0
api550a,Waves,API 550A,eq-api,mid_bell,1000.0,800.0,dB,-6,8433.9,-0.331
api550a,Waves,API 550A,eq-api,mid_bell,1000.0,800.0,dB,-6,92.8,-0.473
api550a,Waves,API 550A,eq-api,mid_bell,1000.0,800.0,dB,-6,928.3,-5.842
api550a,Waves,API 550A,eq-api,mid_bell,1000.0,800.0,dB,-6,9283.2,-0.293
api550a,Waves,API 550A,eq-api,mid_bell,1000.0,800.0,dB,-9,102.2,-0.642
api550a,Waves,API 550A,eq-api,mid_bell,1000.0,800.0,dB,-9,1021.8,-8.073
api550a,Waves,API 550A,eq-api,mid_bell,1000.0,800.0,dB,-9,10217.9,-0.292
api550a,Waves,API 550A,eq-api,mid_bell,1000.0,800.0,dB,-9,112.5,-0.707
api550a,Waves,API 550A,eq-api,mid_bell,1000.0,800.0,dB,-9,1124.7,-7.489
api550a,Waves,API 550A,eq-api,mid_bell,1000.0,800.0,dB,-9,11246.8,-0.26
api550a,Waves,API 550A,eq-api,mid_bell,1000.0,800.0,dB,-9,123.8,-0.773
api550a,Waves,API 550A,eq-api,mid_bell,1000.0,800.0,dB,-9,1237.9,-6.857
api550a,Waves,API 550A,eq-api,mid_bell,1000.0,800.0,dB,-9,12379.3,-0.236
api550a,Waves,API 550A,eq-api,mid_bell,1000.0,800.0,dB,-9,136.3,-0.872
api550a,Waves,API 550A,eq-api,mid_bell,1000.0,800.0,dB,-9,1362.6,-6.158
api550a,Waves,API 550A,eq-api,mid_bell,1000.0,800.0,dB,-9,13625.8,-0.214
api550a,Waves,API 550A,eq-api,mid_bell,1000.0,800.0,dB,-9,1499.8,-5.453
api550a,Waves,API 550A,eq-api,mid_bell,1000.0,800.0,dB,-9,14997.9,-0.196
api550a,Waves,API 550A,eq-api,mid_bell,1000.0,800.0,dB,-9,150.0,-1.041
api550a,Waves,API 550A,eq-api,mid_bell,1000.0,800.0,dB,-9,165.1,-1.284
api550a,Waves,API 550A,eq-api,mid_bell,1000.0,800.0,dB,-9,1650.8,-4.826
api550a,Waves,API 550A,eq-api,mid_bell,1000.0,800.0,dB,-9,16508.1,-0.184
api550a,Waves,API 550A,eq-api,mid_bell,1000.0,800.0,dB,-9,181.7,-1.572
api550a,Waves,API 550A,eq-api,mid_bell,1000.0,800.0,dB,-9,1817.0,-4.241
api550a,Waves,API 550A,eq-api,mid_bell,1000.0,800.0,dB,-9,18170.4,-0.172
api550a,Waves,API 550A,eq-api,mid_bell,1000.0,800.0,dB,-9,20.0,-0.127
api550a,Waves,API 550A,eq-api,mid_bell,1000.0,800.0,dB,-9,200.0,-1.839
api550a,Waves,API 550A,eq-api,mid_bell,1000.0,800.0,dB,-9,2000.0,-3.692
api550a,Waves,API 550A,eq-api,mid_bell,1000.0,800.0,dB,-9,20000.0,-0.166
api550a,Waves,API 550A,eq-api,mid_bell,1000.0,800.0,dB,-9,22.0,-0.118
api550a,Waves,API 550A,eq-api,mid_bell,1000.0,800.0,dB,-9,220.1,-2.06
api550a,Waves,API 550A,eq-api,mid_bell,1000.0,800.0,dB,-9,2201.4,-3.198
api550a,Waves,API 550A,eq-api,mid_bell,1000.0,800.0,dB,-9,24.2,-0.112
api550a,Waves,API 550A,eq-api,mid_bell,1000.0,800.0,dB,-9,242.3,-2.369
api550a,Waves,API 550A,eq-api,mid_bell,1000.0,800.0,dB,-9,2423.1,-2.745
api550a,Waves,API 550A,eq-api,mid_bell,1000.0,800.0,dB,-9,26.7,-0.102
api550a,Waves,API 550A,eq-api,mid_bell,1000.0,800.0,dB,-9,266.7,-2.846
api550a,Waves,API 550A,eq-api,mid_bell,1000.0,800.0,dB,-9,2667.0,-2.371
api550a,Waves,API 550A,eq-api,mid_bell,1000.0,800.0,dB,-9,29.4,-0.099
api550a,Waves,API 550A,eq-api,mid_bell,1000.0,800.0,dB,-9,293.6,-3.349
api550a,Waves,API 550A,eq-api,mid_bell,1000.0,800.0,dB,-9,2935.6,-2.031
api550a,Waves,API 550A,eq-api,mid_bell,1000.0,800.0,dB,-9,32.3,-0.098
api550a,Waves,API 550A,eq-api,mid_bell,1000.0,800.0,dB,-9,323.1,-3.733
api550a,Waves,API 550A,eq-api,mid_bell,1000.0,800.0,dB,-9,3231.2,-1.735
api550a,Waves,API 550A,eq-api,mid_bell,1000.0,800.0,dB,-9,35.6,-0.096
api550a,Waves,API 550A,eq-api,mid_bell,1000.0,800.0,dB,-9,355.7,-4.326
api550a,Waves,API 550A,eq-api,mid_bell,1000.0,800.0,dB,-9,3556.6,-1.475
api550a,Waves,API 550A,eq-api,mid_bell,1000.0,800.0,dB,-9,39.1,-0.103
api550a,Waves,API 550A,eq-api,mid_bell,1000.0,800.0,dB,-9,391.5,-5.016
api550a,Waves,API 550A,eq-api,mid_bell,1000.0,800.0,dB,-9,3914.7,-1.258
api550a,Waves,API 550A,eq-api,mid_bell,1000.0,800.0,dB,-9,43.1,-0.115
api550a,Waves,API 550A,eq-api,mid_bell,1000.0,800.0,dB,-9,430.9,-5.534
api550a,Waves,API 550A,eq-api,mid_bell,1000.0,800.0,dB,-9,4308.9,-1.071
api550a,Waves,API 550A,eq-api,mid_bell,1000.0,800.0,dB,-9,47.4,-0.134
api550a,Waves,API 550A,eq-api,mid_bell,1000.0,800.0,dB,-9,474.3,-6.359
api550a,Waves,API 550A,eq-api,mid_bell,1000.0,800.0,dB,-9,4742.7,-0.917
api550a,Waves,API 550A,eq-api,mid_bell,1000.0,800.0,dB,-9,52.2,-0.164
api550a,Waves,API 550A,eq-api,mid_bell,1000.0,800.0,dB,-9,522.0,-6.91
api550a,Waves,API 550A,eq-api,mid_bell,1000.0,800.0,dB,-9,5220.3,-0.783
api550a,Waves,API 550A,eq-api,mid_bell,1000.0,800.0,dB,-9,57.5,-0.201
api550a,Waves,API 550A,eq-api,mid_bell,1000.0,800.0,dB,-9,574.6,-7.718
api550a,Waves,API 550A,eq-api,mid_bell,1000.0,800.0,dB,-9,5746.0,-0.67
api550a,Waves,API 550A,eq-api,mid_bell,1000.0,800.0,dB,-9,63.2,-0.254
api550a,Waves,API 550A,eq-api,mid_bell,1000.0,800.0,dB,-9,632.5,-8.157
api550a,Waves,API 550A,eq-api,mid_bell,1000.0,800.0,dB,-9,6324.6,-0.575
api550a,Waves,API 550A,eq-api,mid_bell,1000.0,800.0,dB,-9,69.6,-0.315
api550a,Waves,API 550A,eq-api,mid_bell,1000.0,800.0,dB,-9,696.1,-8.668
api550a,Waves,API 550A,eq-api,mid_bell,1000.0,800.0,dB,-9,6961.4,-0.494
api550a,Waves,API 550A,eq-api,mid_bell,1000.0,800.0,dB,-9,76.6,-0.39
api550a,Waves,API 550A,eq-api,mid_bell,1000.0,800.0,dB,-9,766.2,-8.943
api550a,Waves,API 550A,eq-api,mid_bell,1000.0,800.0,dB,-9,7662.4,-0.429
api550a,Waves,API 550A,eq-api,mid_bell,1000.0,800.0,dB,-9,84.3,-0.474
api550a,Waves,API 550A,eq-api,mid_bell,1000.0,800.0,dB,-9,843.4,-8.848
api550a,Waves,API 550A,eq-api,mid_bell,1000.0,800.0,dB,-9,8433.9,-0.375
api550a,Waves,API 550A,eq-api,mid_bell,1000.0,800.0,dB,-9,92.8,-0.562
api550a,Waves,API 550A,eq-api,mid_bell,1000.0,800.0,dB,-9,928.3,-8.543
api550a,Waves,API 550A,eq-api,mid_bell,1000.0,800.0,dB,-9,9283.2,-0.327
api550a,Waves,API 550A,eq-api,extra,,,,analog_off,102.2,0.674
api550a,Waves,API 550A,eq-api,extra,,,,analog_off,1021.8,10.701
api550a,Waves,API 550A,eq-api,extra,,,,analog_off,10217.9,0.372
api550a,Waves,API 550A,eq-api,extra,,,,analog_off,112.5,0.785
api550a,Waves,API 550A,eq-api,extra,,,,analog_off,1124.7,9.875
api550a,Waves,API 550A,eq-api,extra,,,,analog_off,11246.8,0.326
api550a,Waves,API 550A,eq-api,extra,,,,analog_off,123.8,0.89
api550a,Waves,API 550A,eq-api,extra,,,,analog_off,1237.9,8.985
api550a,Waves,API 550A,eq-api,extra,,,,analog_off,12379.3,0.289
api550a,Waves,API 550A,eq-api,extra,,,,analog_off,136.3,1.021
api550a,Waves,API 550A,eq-api,extra,,,,analog_off,1362.6,8.054
api550a,Waves,API 550A,eq-api,extra,,,,analog_off,13625.8,0.26
api550a,Waves,API 550A,eq-api,extra,,,,analog_off,1499.8,7.175
api550a,Waves,API 550A,eq-api,extra,,,,analog_off,14997.9,0.236
api550a,Waves,API 550A,eq-api,extra,,,,analog_off,150.0,1.229
api550a,Waves,API 550A,eq-api,extra,,,,analog_off,165.1,1.528
api550a,Waves,API 550A,eq-api,extra,,,,analog_off,1650.8,6.351
api550a,Waves,API 550A,eq-api,extra,,,,analog_off,16508.1,0.216
api550a,Waves,API 550A,eq-api,extra,,,,analog_off,181.7,1.902
api550a,Waves,API 550A,eq-api,extra,,,,analog_off,1817.0,5.603
api550a,Waves,API 550A,eq-api,extra,,,,analog_off,18170.4,0.201
api550a,Waves,API 550A,eq-api,extra,,,,analog_off,20.0,-0.049
api550a,Waves,API 550A,eq-api,extra,,,,analog_off,200.0,2.286
api550a,Waves,API 550A,eq-api,extra,,,,analog_off,2000.0,4.911
api550a,Waves,API 550A,eq-api,extra,,,,analog_off,20000.0,0.189
api550a,Waves,API 550A,eq-api,extra,,,,analog_off,22.0,-0.062
api550a,Waves,API 550A,eq-api,extra,,,,analog_off,220.1,2.62
api550a,Waves,API 550A,eq-api,extra,,,,analog_off,2201.4,4.279
api550a,Waves,API 550A,eq-api,extra,,,,analog_off,24.2,-0.068
api550a,Waves,API 550A,eq-api,extra,,,,analog_off,242.3,3.0
api550a,Waves,API 550A,eq-api,extra,,,,analog_off,2423.1,3.704
api550a,Waves,API 550A,eq-api,extra,,,,analog_off,26.7,-0.083
api550a,Waves,API 550A,eq-api,extra,,,,analog_off,266.7,3.55
api550a,Waves,API 550A,eq-api,extra,,,,analog_off,2667.0,3.213
api550a,Waves,API 550A,eq-api,extra,,,,analog_off,29.4,-0.085
api550a,Waves,API 550A,eq-api,extra,,,,analog_off,293.6,4.204
api550a,Waves,API 550A,eq-api,extra,,,,analog_off,2935.6,2.769
api550a,Waves,API 550A,eq-api,extra,,,,analog_off,32.3,-0.088
api550a,Waves,API 550A,eq-api,extra,,,,analog_off,323.1,4.756
api550a,Waves,API 550A,eq-api,extra,,,,analog_off,3231.2,2.376
api550a,Waves,API 550A,eq-api,extra,,,,analog_off,35.6,-0.087
api550a,Waves,API 550A,eq-api,extra,,,,analog_off,355.7,5.432
api550a,Waves,API 550A,eq-api,extra,,,,analog_off,3556.6,2.027
api550a,Waves,API 550A,eq-api,extra,,,,analog_off,39.1,-0.082
api550a,Waves,API 550A,eq-api,extra,,,,analog_off,391.5,6.287
api550a,Waves,API 550A,eq-api,extra,,,,analog_off,3914.7,1.732
api550a,Waves,API 550A,eq-api,extra,,,,analog_off,43.1,-0.065
api550a,Waves,API 550A,eq-api,extra,,,,analog_off,430.9,7.027
api550a,Waves,API 550A,eq-api,extra,,,,analog_off,4308.9,1.477
api550a,Waves,API 550A,eq-api,extra,,,,analog_off,47.4,-0.042
api550a,Waves,API 550A,eq-api,extra,,,,analog_off,474.3,7.976
api550a,Waves,API 550A,eq-api,extra,,,,analog_off,4742.7,1.26
api550a,Waves,API 550A,eq-api,extra,,,,analog_off,52.2,-0.003
api550a,Waves,API 550A,eq-api,extra,,,,analog_off,522.0,8.837
api550a,Waves,API 550A,eq-api,extra,,,,analog_off,5220.3,1.071
api550a,Waves,API 550A,eq-api,extra,,,,analog_off,57.5,0.048
api550a,Waves,API 550A,eq-api,extra,,,,analog_off,574.6,9.819
api550a,Waves,API 550A,eq-api,extra,,,,analog_off,5746.0,0.916
api550a,Waves,API 550A,eq-api,extra,,,,analog_off,63.2,0.116
api550a,Waves,API 550A,eq-api,extra,,,,analog_off,632.5,10.605
api550a,Waves,API 550A,eq-api,extra,,,,analog_off,6324.6,0.781
api550a,Waves,API 550A,eq-api,extra,,,,analog_off,69.6,0.201
api550a,Waves,API 550A,eq-api,extra,,,,analog_off,696.1,11.334
api550a,Waves,API 550A,eq-api,extra,,,,analog_off,6961.4,0.668
api550a,Waves,API 550A,eq-api,extra,,,,analog_off,76.6,0.303
api550a,Waves,API 550A,eq-api,extra,,,,analog_off,766.2,11.746
api550a,Waves,API 550A,eq-api,extra,,,,analog_off,7662.4,0.572
api550a,Waves,API 550A,eq-api,extra,,,,analog_off,84.3,0.422
api550a,Waves,API 550A,eq-api,extra,,,,analog_off,843.4,11.739
api550a,Waves,API 550A,eq-api,extra,,,,analog_off,8433.9,0.492
api550a,Waves,API 550A,eq-api,extra,,,,analog_off,92.8,0.547
api550a,Waves,API 550A,eq-api,extra,,,,analog_off,928.3,11.36
api550a,Waves,API 550A,eq-api,extra,,,,analog_off,9283.2,0.428
