slug,maker,models,group,band,gain_label,hz,level_dbfs,thd_pct,h2,h3,h4,h5,h6,h7,h8
api550a,Waves,API 550A,eq-api,flat,flat,100.0,-12.0,0.006938053166663112,-83.3312556532116,-97.7001292588667,-143.37175042678552,-140.91908722533216,-142.66805499061678,-139.6860093186806,-160.3121509555874
api550a,Waves,API 550A,eq-api,flat,flat,100.0,-18.0,0.0034346654838037526,-89.31892454482809,-110.09027111373685,-144.11577401402275,-133.64489354150257,-139.73801579533588,-138.17276876642956,-134.38358151707465
api550a,Waves,API 550A,eq-api,flat,flat,100.0,-6.0,0.014303375563933497,-77.41879697324038,-86.30851180789351,-127.16598785947717,-123.93926680988308,-149.66915308152596,-155.188847066177,-158.95844457036395
api550a,Waves,API 550A,eq-api,flat,flat,1000.0,-12.0,0.006784992146378728,-83.37114539130695,-116.50719007692445,-139.64195816958699,-156.54401013122387,-140.74277894171306,-166.02090795059883,-142.79201675565585
api550a,Waves,API 550A,eq-api,flat,flat,1000.0,-18.0,0.0034055295485826897,-89.35735201948714,-128.75167809980402,-138.53275277659628,-136.45778747915708,-137.3409801722216,-132.490055976694,-134.64522609821978
api550a,Waves,API 550A,eq-api,flat,flat,1000.0,-6.0,0.013429907284802367,-77.44614665759633,-105.03858825317188,-126.75704242826359,-142.38616401575803,-154.0086037795268,-145.18766617618306,-151.33905734967846
api550a,Waves,API 550A,eq-api,flat,flat,10000.0,-12.0,0.006785360253836705,-83.36854178956185,,,,,,
api550a,Waves,API 550A,eq-api,flat,flat,10000.0,-18.0,0.003414812047346932,-89.33266390141432,,,,,,
api550a,Waves,API 550A,eq-api,flat,flat,10000.0,-6.0,0.013406812506497326,-77.45348928321776,,,,,,
api550a,Waves,API 550A,eq-api,flat,flat,125.0,-12.0,0.006898426636336533,-83.33698519560052,-99.1692506489621,-133.79837851121584,-150.3690711367679,-140.1986833934411,-140.84862776020486,-153.83933444760962
api550a,Waves,API 550A,eq-api,flat,flat,125.0,-18.0,0.003429069858557023,-89.3212042244289,-111.80753503362533,-142.19503962682003,-149.2698463804358,-142.96784480151783,-135.0497644186799,-134.21966279901363
api550a,Waves,API 550A,eq-api,flat,flat,125.0,-6.0,0.014052432085641952,-77.42697992484815,-87.79296807095399,-126.171378225022,-126.021177595571,-146.74349420503307,-147.27354412425018,-153.77677304615423
api550a,Waves,API 550A,eq-api,flat,flat,1250.0,-12.0,0.006790951184719368,-83.36278617394447,-118.47219596824068,-142.1982789528374,-137.80491977522212,-137.29055426292047,-139.6520452029428,-139.61295282004284
api550a,Waves,API 550A,eq-api,flat,flat,1250.0,-18.0,0.00342123774411892,-89.31723928952444,-133.19176410908324,-132.3633704739425,-132.89355143904675,-134.23333682302007,-143.26359489459742,-133.57275150839865
api550a,Waves,API 550A,eq-api,flat,flat,1250.0,-6.0,0.013419775835537776,-77.45003970131333,-106.93554473577258,-126.3601539292714,-144.52508205061088,-142.3600080494705,-147.0044234839919,-158.01766018184904
api550a,Waves,API 550A,eq-api,flat,flat,160.0,-12.0,0.006870148580729828,-83.33455738796118,-100.99129060027109,-139.886902188568,-145.1828401935877,-150.48358930678734,-141.69685928974158,-158.98697650476421
api550a,Waves,API 550A,eq-api,flat,flat,160.0,-18.0,0.003432976600064196,-89.30556168007402,-113.06676540057451,-132.94535623724,-132.0613414413595,-134.40247886813503,-133.60366029071162,-139.7308450494855
api550a,Waves,API 550A,eq-api,flat,flat,160.0,-6.0,0.013840365569036226,-77.43632494401142,-89.547849373483,-126.48218259478283,-127.50451258348377,-150.69802455995924,-158.62525769652493,-145.17928256390468
api550a,Waves,API 550A,eq-api,flat,flat,1600.0,-12.0,0.006800119866073151,-83.35064838734195,-119.88387657621983,-144.07416458062977,-144.32439405066043,-146.8657624022958,-142.8287193259524,-149.6069637967536
api550a,Waves,API 550A,eq-api,flat,flat,1600.0,-18.0,0.003408790527306905,-89.34837253651688,-139.3769411070094,-135.94117294449742,-139.2951477993693,-158.3407306791526,-135.40376052018848,-136.26641198468744
api550a,Waves,API 550A,eq-api,flat,flat,1600.0,-6.0,0.013422956246698012,-77.44597646731381,-109.22626165540812,-126.18595395632867,-158.37470730064157,-157.32454854003097,-154.66692789235958,-148.58910551110944
api550a,Waves,API 550A,eq-api,flat,flat,200.0,-12.0,0.0068431572174909834,-83.34431484755757,-102.75706247753482,-143.2289711690757,-143.6584234346934,-155.32745009469573,-157.65581428926822,-148.65269585841352
api550a,Waves,API 550A,eq-api,flat,flat,200.0,-18.0,0.003411055652690962,-89.35700185583337,-114.25934022395387,-132.9177690636596,-142.93658542857006,-129.82332783465495,-138.54900683632698,-135.5449642000268
api550a,Waves,API 550A,eq-api,flat,flat,200.0,-6.0,0.013703466673763197,-77.4389515688554,-91.28640828119968,-126.72426739487976,-129.3372517302514,-154.96011218838055,-147.5636031707902,-143.7305258381117
api550a,Waves,API 550A,eq-api,flat,flat,2000.0,-12.0,0.006801349644194428,-83.34885496270735,-121.06393825093905,-141.46718666581916,-145.20810786674488,-140.9636117253626,-143.34056199133673,-151.40375976801548
api550a,Waves,API 550A,eq-api,flat,flat,2000.0,-18.0,0.003422252479156777,-89.31455637655232,-132.87305943434026,-134.08806436987925,-143.9825044746216,-131.94606445829916,-137.2217044999818,-134.25538922956937
api550a,Waves,API 550A,eq-api,flat,flat,2000.0,-6.0,0.013420390829639958,-77.44652128732172,-111.34756650882848,-126.53651944807072,-144.99505318943878,-145.31078278045788,-145.59179488479637,-147.33903860678504
api550a,Waves,API 550A,eq-api,flat,flat,250.0,-12.0,0.006819172462288995,-83.35902934622234,-104.4598688329543,-136.69459407408618,-144.33843784798117,-138.8034886799917,-133.18410285381657,-141.32483355374512
api550a,Waves,API 550A,eq-api,flat,flat,250.0,-18.0,0.0034057395059320698,-89.36504076753748,-116.23531975112795,-136.44906675272654,-136.1715584567637,-135.00364595569755,-146.07615462577928,-138.9529892070737
api550a,Waves,API 550A,eq-api,flat,flat,250.0,-6.0,0.013610020734306859,-77.43971187702004,-93.0833398804768,-127.4940100781634,-132.9210731802082,-150.88857434733592,-153.93581208898775,-149.19615061204559
api550a,Waves,API 550A,eq-api,flat,flat,2500.0,-12.0,0.006789248714123782,-83.36385833481172,-125.46381396855065,-144.66556890070328,-141.57816695120198,-145.62227091165133,-140.27058472669103,-144.02813993869097
api550a,Waves,API 550A,eq-api,flat,flat,2500.0,-18.0,0.0034145116886376736,-89.33380372458048,-137.55716952613722,-136.37330500364567,-140.73698568606855,-145.5202721358263,-141.22235536097008,-133.82059153298525
api550a,Waves,API 550A,eq-api,flat,flat,2500.0,-6.0,0.013417819751892154,-77.44749499386562,-113.48961141812431,-126.65917571134152,-144.27016649440446,-150.84643169441642,-146.39922572786534,-153.26145256442913
api550a,Waves,API 550A,eq-api,flat,flat,31.5,-12.0,0.007368531049916444,-83.08947940656967,-92.84139801127638,-137.8849172882842,-142.30119682062465,-144.6810545990868,-149.99760965535165,-145.96841156091784
api550a,Waves,API 550A,eq-api,flat,flat,31.5,-18.0,0.003557873403923965,-89.1024832709032,-104.42144504342707,-132.7041801303608,-134.1180610749539,-134.37632238354433,-137.4346616267342,-143.10833861891214
api550a,Waves,API 550A,eq-api,flat,flat,31.5,-6.0,0.016194757831086697,-77.2038861914384,-81.43448455520124,-126.1429371409169,-116.68676658222472,-152.20259826729824,-154.197204510294,-150.63508532518802
api550a,Waves,API 550A,eq-api,flat,flat,315.0,-12.0,0.006816705941456431,-83.349865315797,-106.42593925601824,-144.19183358483343,-149.96619535993,-145.96270233845328,-138.59154998679966,-150.2662892277159
api550a,Waves,API 550A,eq-api,flat,flat,315.0,-18.0,0.0034190478282934192,-89.327423785437,-118.83646066856686,-131.048327415336,-133.8595141438268,-135.99430836023754,-140.08973175595682,-136.02401971163388
api550a,Waves,API 550A,eq-api,flat,flat,315.0,-6.0,0.01354749214592356,-77.43823926872173,-95.00715665101313,-126.5958685886132,-134.3644327306904,-154.16613700421058,-156.615636952027,-146.350749798177
api550a,Waves,API 550A,eq-api,flat,flat,3150.0,-12.0,0.006802397088116665,-83.34689115968683,-129.5509787800278,-141.28326857318015,-151.92592528790559,-141.27136387367818,-138.8997629994069,
api550a,Waves,API 550A,eq-api,flat,flat,3150.0,-18.0,0.003413250452016501,-89.33722847178154,-130.89234783578607,-147.2371925417409,-137.01015133121967,-139.61196364691287,-133.5130720055131,
api550a,Waves,API 550A,eq-api,flat,flat,3150.0,-6.0,0.013420348146623233,-77.44540557430555,-115.8644476313887,-126.34524741609815,-172.14471055557297,-152.6725475959331,-150.98785751080453,
api550a,Waves,API 550A,eq-api,flat,flat,40.0,-12.0,0.007224922048295979,-83.20893451844515,-93.53153953377053,-138.08335344607045,-140.06648882184507,-156.84252220766137,-141.16873522152332,-151.14573973827416
api550a,Waves,API 550A,eq-api,flat,flat,40.0,-18.0,0.0035417198305316205,-89.10519419016566,-105.930226678037,-138.75984368901027,-144.50199233206516,-140.5861948973854,-138.93298901222724,-138.05756034142533
api550a,Waves,API 550A,eq-api,flat,flat,40.0,-6.0,0.015758501756916073,-77.28748673329486,-82.10661146003885,-126.26331787858055,-117.87977487825522,-155.44180395782055,-160.2734721713228,-154.6737107545443
api550a,Waves,API 550A,eq-api,flat,flat,400.0,-12.0,0.006803671632899865,-83.35863271853286,-108.43792930698962,-136.1656790956211,-146.1297881501852,-142.39875045681197,-143.1480351167493,-152.915508645653
api550a,Waves,API 550A,eq-api,flat,flat,400.0,-18.0,0.003411938967183057,-89.3456345105681,-118.63145118903398,-130.91662629416862,-143.80134527073335,-137.16093949655684,-145.04618572742982,-134.18462685682664
api550a,Waves,API 550A,eq-api,flat,flat,400.0,-6.0,0.013493548733162075,-77.44461872573042,-97.07081395891423,-125.90283597238516,-138.47033654299136,-151.15502253089022,-146.76354893403783,-163.09790398139285
api550a,Waves,API 550A,eq-api,flat,flat,4000.0,-12.0,0.006798093728668332,-83.3523701554396,-130.88714837527309,-134.29786448850453,-147.76400965950128,-190.48308327169656,,
api550a,Waves,API 550A,eq-api,flat,flat,4000.0,-18.0,0.0034112041091980514,-89.34193076581445,-141.477472283396,-140.02958559907628,-142.4597498896893,-166.88294880327564,,
api550a,Waves,API 550A,eq-api,flat,flat,4000.0,-6.0,0.01341862331685857,-77.44621047235155,-118.88268524825536,-126.21396157788519,-156.28241898381182,-186.06647662014473,,
api550a,Waves,API 550A,eq-api,flat,flat,50.0,-12.0,0.0071687038993630365,-83.22617898357453,-94.18531588489563,-140.614058110512,-143.04361699357324,-149.97044567040143,-167.78141844085263,-144.38304712793104
api550a,Waves,API 550A,eq-api,flat,flat,50.0,-18.0,0.0034824471715245824,-89.24536013431299,-106.4043953782179,-138.62908739495919,-139.7509778297738,-138.47874266971985,-136.34019617886833,-136.20875468839776
api550a,Waves,API 550A,eq-api,flat,flat,50.0,-6.0,0.015389065102226636,-77.34212606858077,-82.80684404975074,-125.87970251548344,-119.44704511820007,-152.40952033043646,-147.78328303337673,-148.7975450077366
api550a,Waves,API 550A,eq-api,flat,flat,500.0,-12.0,0.0068084022402305315,-83.34749177458573,-110.49122038210842,-140.2895342454403,-145.64605967249233,-148.27236403611053,-142.79418159480656,-144.79405665919026
api550a,Waves,API 550A,eq-api,flat,flat,500.0,-18.0,0.0034250681890544204,-89.30965052561737,-121.44367512140491,-135.47902628537457,-135.48941288366893,-135.34682148506965,-139.98601204368984,-141.85299808868308
api550a,Waves,API 550A,eq-api,flat,flat,500.0,-6.0,0.01346220709947705,-77.44837353454427,-98.9487719401653,-126.06072068072926,-137.71165762261134,-154.4681658245741,-145.85659318693,-151.17234329940652
api550a,Waves,API 550A,eq-api,flat,flat,5000.0,-12.0,0.006793102440843046,-83.35871622462335,-132.52997714438968,-135.4322416991382,,,,
api550a,Waves,API 550A,eq-api,flat,flat,5000.0,-18.0,0.0033917595325623677,-89.39179225398195,-132.69798287900184,-136.20297274445767,,,,
api550a,Waves,API 550A,eq-api,flat,flat,5000.0,-6.0,0.013418744785702746,-77.44593863931973,-122.9446279335533,-126.49457454576012,,,,
api550a,Waves,API 550A,eq-api,flat,flat,63.0,-12.0,0.007068344436013907,-83.28699096925853,-95.16105227653213,-146.56041094069425,-137.4996393664792,-142.4896543296787,-148.4138290967137,-136.30144150503352
api550a,Waves,API 550A,eq-api,flat,flat,63.0,-18.0,0.00348178380561971,-89.23398311991684,-107.14041384311484,-145.795752601017,-140.77976913977656,-135.92122786669367,-135.56242734669877,-142.13849990128028
api550a,Waves,API 550A,eq-api,flat,flat,63.0,-6.0,0.014994625483850077,-77.37831312447861,-83.77294657664109,-126.80463497919365,-120.86876474241518,-146.18916501475934,-149.17654146192223,-148.95313310319122
api550a,Waves,API 550A,eq-api,flat,flat,630.0,-12.0,0.006801329738213392,-83.35371596161671,-112.27387089082924,-139.62556750531039,-145.28322189460684,-152.81740600493544,-139.1207137806815,-146.21064194442334
api550a,Waves,API 550A,eq-api,flat,flat,630.0,-18.0,0.0034231803322250986,-89.31385875909614,-122.7055282183325,-144.700411568696,-139.05804453809998,-133.12334244466905,-134.93783129180042,-135.3629431438483
api550a,Waves,API 550A,eq-api,flat,flat,630.0,-6.0,0.013448942571366859,-77.44572269709178,-100.928244519217,-127.08341560853626,-138.27230707226644,-147.63721949977696,-148.86036276094356,-149.3747714021791
api550a,Waves,API 550A,eq-api,flat,flat,6300.0,-12.0,0.006792249539581679,-83.35974144402223,-138.24403635678564,,,,,
api550a,Waves,API 550A,eq-api,flat,flat,6300.0,-18.0,0.003411996983694522,-89.33997525004588,-134.01449993419612,,,,,
api550a,Waves,API 550A,eq-api,flat,flat,6300.0,-6.0,0.013415091584524752,-77.44816344753627,-128.22856530684322,,,,,
api550a,Waves,API 550A,eq-api,flat,flat,80.0,-12.0,0.0069926756502991985,-83.31617820351605,-96.38710730087658,-141.70186614220148,-145.5940546760026,-151.2737835903082,-139.0044535771406,-151.67232715058176
api550a,Waves,API 550A,eq-api,flat,flat,80.0,-18.0,0.0034606406781161657,-89.27236802665824,-108.22100110667351,-136.87616091599457,-140.6920675086867,-139.09170944702188,-130.91715668780213,-136.61974986560415
api550a,Waves,API 550A,eq-api,flat,flat,80.0,-6.0,0.014625090560501954,-77.40109599728434,-84.95376891346285,-126.18474548942086,-122.63126286816458,-145.8894384781774,-150.50105726565053,-153.54497727611414
api550a,Waves,API 550A,eq-api,flat,flat,800.0,-12.0,0.006789230766493552,-83.36652509636627,-115.10274185163247,-149.54315915902743,-143.164577556369,-144.71395004124926,-137.759975780557,-149.2485187338215
api550a,Waves,API 550A,eq-api,flat,flat,800.0,-18.0,0.0034258866022278626,-89.306165351675,-125.3315448631168,-141.30043536556235,-130.23058854834815,-137.99565886109255,-135.7628872769775,-148.36604591889503
api550a,Waves,API 550A,eq-api,flat,flat,800.0,-6.0,0.013436535640960185,-77.44643190750305,-102.98221338051435,-126.66323367287758,-139.31584514186088,-152.13787411321965,-148.9896031551205,-150.22406646221677
api550a,Waves,API 550A,eq-api,flat,flat,8000.0,-12.0,0.006791676410327893,-83.36046028495463,,,,,,
api550a,Waves,API 550A,eq-api,flat,flat,8000.0,-18.0,0.0034255954778487597,-89.30527846728552,,,,,,
api550a,Waves,API 550A,eq-api,flat,flat,8000.0,-6.0,0.013408199142038288,-77.45259096824066,,,,,,
api550a,Waves,API 550A,eq-api,high_bell,+12,100.0,-12.0,0.007088807006948562,-83.14840953348222,-97.40906857262596,-137.45077213321352,-143.9727060841417,-142.28480189143303,-146.11662505858055,-153.05095475313584
api550a,Waves,API 550A,eq-api,high_bell,+12,100.0,-18.0,0.0034989500060090928,-89.16257572764222,-109.38570276167924,-142.2034611183002,-134.94083851513435,-137.31639192108227,-137.845734451392,-144.88822059316243
api550a,Waves,API 550A,eq-api,high_bell,+12,100.0,-6.0,0.014620520965564477,-77.24503113556904,-85.99071463156692,-125.98700562957296,-124.1258439244575,-144.5563195676556,-165.5895046982743,-144.03690431830773
api550a,Waves,API 550A,eq-api,high_bell,+12,1000.0,-12.0,0.007371470134711908,-82.65157983326773,-115.03304679888303,-135.0431975817352,-139.70005176093105,-143.61516591941702,-135.0990239908667,-129.4267075883369
api550a,Waves,API 550A,eq-api,high_bell,+12,1000.0,-18.0,0.0037190659522749916,-88.59496932193764,-124.49892114405294,-126.40535268525925,-127.73911162849998,-126.29727113569855,-127.77147079026982,-141.33297525380644
api550a,Waves,API 550A,eq-api,high_bell,+12,1000.0,-6.0,0.01454556623689018,-76.7540779532,-103.77876236108199,-124.39575849571207,-141.37029474794846,-144.5023805432999,-137.0134123934986,-140.0624508493222
api550a,Waves,API 550A,eq-api,high_bell,+12,10000.0,-12.0,0.02419877187388956,-72.3241334919015,,,,,,
api550a,Waves,API 550A,eq-api,high_bell,+12,10000.0,-18.0,0.01257938993691231,-78.00680840747647,,,,,,
api550a,Waves,API 550A,eq-api,high_bell,+12,10000.0,-6.0,0.04102656300855606,-67.73869728870982,,,,,,
api550a,Waves,API 550A,eq-api,high_bell,+12,125.0,-12.0,0.007037307064873016,-83.16784181516773,-98.8458941256228,-138.31482343060313,-138.3996887270155,-143.68480791016447,-139.72442025968488,-139.41703717070635
api550a,Waves,API 550A,eq-api,high_bell,+12,125.0,-18.0,0.0035055580310282657,-89.13601658418763,-110.61646488840123,-134.86652133176204,-144.08657181304167,-136.51575568078013,-134.51712297617053,-138.33147234501783
api550a,Waves,API 550A,eq-api,high_bell,+12,125.0,-6.0,0.014358484180489607,-77.253948908024,-87.45532792541114,-125.90821695498201,-125.06628164877773,-150.34360156406595,-150.9037733033408,-153.70844216107517
api550a,Waves,API 550A,eq-api,high_bell,+12,1250.0,-12.0,0.007622468558224256,-82.36013001462048,-115.80929595478722,-143.73978083835374,-141.5370655898806,-137.70591008681015,-155.79729764967325,-131.00919307261196
api550a,Waves,API 550A,eq-api,high_bell,+12,1250.0,-18.0,0.003813855875945625,-88.37574363674187,-123.48287304391638,-135.5204038281135,-127.94340370627965,-126.50836951559235,-130.06768180457922,-132.57875331038667
api550a,Waves,API 550A,eq-api,high_bell,+12,1250.0,-6.0,0.015007692427836736,-76.47961838470978,-105.2007341185166,-125.09123410720348,-138.76065434422745,-138.07284852180334,-137.53925851192542,-139.90112527426427
api550a,Waves,API 550A,eq-api,high_bell,+12,160.0,-12.0,0.007005342817389557,-83.16987902329844,-100.56222508703114,-141.7320182527296,-143.5343769309328,-148.32184584923579,-155.80660901925373,-153.31795560811452
api550a,Waves,API 550A,eq-api,high_bell,+12,160.0,-18.0,0.0035171352813501535,-89.09645394672907,-112.50996417082222,-132.35095850544522,-137.18328497038078,-136.77334151234072,-137.10025693120554,-136.5793771342406
api550a,Waves,API 550A,eq-api,high_bell,+12,160.0,-6.0,0.014147041507644415,-77.25517297548154,-89.21039765515756,-126.24720894189842,-127.4278357259042,-151.41230182146944,-159.8643483133584,-146.49583833011968
api550a,Waves,API 550A,eq-api,high_bell,+12,1600.0,-12.0,0.008035600169179025,-81.90091075344529,-118.01685919318803,-131.58549523419117,-126.90361746626073,-139.52549872561582,-140.6804702307213,-135.73591563829424
api550a,Waves,API 550A,eq-api,high_bell,+12,1600.0,-18.0,0.004057189437729949,-87.83950311407666,-134.92986279171075,-132.94863891035385,-126.78174162824577,-128.14723015599685,-123.24179689159985,-122.22697518616891
api550a,Waves,API 550A,eq-api,high_bell,+12,1600.0,-6.0,0.0158045211256083,-76.02814428435534,-106.74837218195725,-123.3141470781925,-138.90853288897543,-142.2518168825033,-133.09790197418297,-145.01431585067206
api550a,Waves,API 550A,eq-api,high_bell,+12,200.0,-12.0,0.006984730931188683,-83.17082699606485,-102.21600948281821,-135.90994919349066,-150.11602100301917,-138.9492780039277,-145.85308318221473,-139.95922201562212
api550a,Waves,API 550A,eq-api,high_bell,+12,200.0,-18.0,0.00351427170819577,-89.09490454030974,-114.91260669944134,-137.20177089600787,-138.04240097161363,-149.59158792430972,-135.06018723788546,-144.0670793498931
api550a,Waves,API 550A,eq-api,high_bell,+12,200.0,-6.0,0.014013142635155929,-77.2514839957432,-90.9346555980541,-126.07757244785488,-128.86797840783314,-147.56112253876935,-152.99833873077938,-139.13086232971511
api550a,Waves,API 550A,eq-api,high_bell,+12,2000.0,-12.0,0.008604980069433794,-81.30575849897755,-119.72271788904692,-132.82769019983985,-134.6030484481334,-131.30955025252013,-134.13632783265612,-136.31658279136838
api550a,Waves,API 550A,eq-api,high_bell,+12,2000.0,-18.0,0.004322386820764847,-87.28810202552323,-126.28799625352133,-125.31004280553374,-135.245498551962,-127.11133379988294,-126.25337414673285,-129.3391890654141
api550a,Waves,API 550A,eq-api,high_bell,+12,2000.0,-6.0,0.016908906950345824,-75.44034317096605,-107.84265022302407,-120.0995305818846,-134.99998175325564,-149.93060771650272,-139.4278133435372,-139.65025381265357
api550a,Waves,API 550A,eq-api,high_bell,+12,250.0,-12.0,0.0069928968718741425,-83.14041054198498,-104.24885303862555,-150.26953039998654,-145.38909882343123,-141.1407520835197,-145.28825653989406,-135.81003053559823
api550a,Waves,API 550A,eq-api,high_bell,+12,250.0,-18.0,0.0035171685719210047,-89.08501109797746,-116.18352269172524,-139.7918126420464,-140.2164710154482,-141.98446880671068,-130.51290070286774,-146.64210749596685
api550a,Waves,API 550A,eq-api,high_bell,+12,250.0,-6.0,0.013928434175941914,-77.24375735226293,-92.70643129564172,-126.7059591612383,-130.66027407314385,-147.46327557974357,-153.63709523923436,-145.60092180712184
api550a,Waves,API 550A,eq-api,high_bell,+12,2500.0,-12.0,0.009490009922663604,-80.4551054745569,-120.54157246218602,-143.27247774157803,-139.6879649637241,-142.97730058560174,-143.08476763881106,-147.58190694318904
api550a,Waves,API 550A,eq-api,high_bell,+12,2500.0,-18.0,0.004805547220723628,-86.36589060967913,-132.58684528712794,-139.12449640935344,-128.40712784410653,-129.32909735586162,-134.1415754766265,-135.14393276748314
api550a,Waves,API 550A,eq-api,high_bell,+12,2500.0,-6.0,0.018531777164364306,-74.64374332414648,-108.3137209455659,-117.63334809313753,-149.6636687753444,-144.79519920943142,-147.89369485585223,-141.9715566258727
api550a,Waves,API 550A,eq-api,high_bell,+12,31.5,-12.0,0.007519770665609789,-82.94040911994091,-92.41444098972119,-134.29488237173987,-141.6383534552511,-143.33307850910342,-152.63521244068886,-153.82085862173292
api550a,Waves,API 550A,eq-api,high_bell,+12,31.5,-18.0,0.003596718041180323,-88.99921155754946,-104.63948774926548,-129.92610885992292,-140.85282482847933,-142.03747465291252,-141.17494022613027,-153.80377526015167
api550a,Waves,API 550A,eq-api,high_bell,+12,31.5,-6.0,0.016579886696813633,-77.03941528190308,-81.12712771086457,-124.63897938052796,-116.15311449646201,-151.63120762950865,-149.13473390569902,-151.68607751370536
api550a,Waves,API 550A,eq-api,high_bell,+12,315.0,-12.0,0.006991791395226684,-83.13090928975335,-105.95779474596694,-136.57970530358955,-134.24828050597452,-140.32001278383416,-141.1994724497259,-136.9230059221181
api550a,Waves,API 550A,eq-api,high_bell,+12,315.0,-18.0,0.0035057836482799503,-89.11116607081476,-117.6669521212282,-133.36580486246643,-134.79939880862986,-133.37936358880657,-133.7743212261778,-131.94337705461913
api550a,Waves,API 550A,eq-api,high_bell,+12,315.0,-6.0,0.013890094461644789,-77.22444335659016,-94.61584520523095,-125.84286422527504,-131.72330119591197,-145.30505877994756,-144.7255401709391,-151.10726581085493
api550a,Waves,API 550A,eq-api,high_bell,+12,3150.0,-12.0,0.010810421610329954,-79.32356794060628,-119.97839022958617,-129.9220498664161,-143.77475110323306,-138.7748271020576,-141.28495150937087,
api550a,Waves,API 550A,eq-api,high_bell,+12,3150.0,-18.0,0.005461223950577261,-85.25521834126353,-134.67846061933142,-124.03558243262134,-129.94343972075623,-129.2614413763303,-132.98351412975518,
api550a,Waves,API 550A,eq-api,high_bell,+12,3150.0,-6.0,0.020998414681222516,-73.55782613733014,-109.30149214188353,-113.94889325700106,-137.59788921274523,-151.8956756358894,-141.6225816079092,
api550a,Waves,API 550A,eq-api,high_bell,+12,40.0,-12.0,0.00739791064957216,-83.0201138361675,-93.15013011900477,-139.00777614072436,-139.29333667280446,-150.82151912792733,-141.44746891528098,-144.09001347358395
api550a,Waves,API 550A,eq-api,high_bell,+12,40.0,-18.0,0.0036078752744999085,-88.96096984737386,-105.04083052401464,-141.8611352992668,-141.51089553410628,-136.8014064126389,-136.55699679696917,-145.88701732937201
api550a,Waves,API 550A,eq-api,high_bell,+12,40.0,-6.0,0.016125489831306912,-77.1247760938976,-81.7957104701906,-125.28416290029924,-117.31515879621226,-156.50380828751358,-153.94899042295876,-152.63651139522295
api550a,Waves,API 550A,eq-api,high_bell,+12,400.0,-12.0,0.007014869527037256,-83.09381813273141,-107.94526727546642,-139.56360489642773,-157.56920949119814,-151.6393148700411,-139.12903410502116,-152.43753363344783
api550a,Waves,API 550A,eq-api,high_bell,+12,400.0,-18.0,0.0034964410631656163,-89.13311433006471,-118.47630404150439,-135.10664038006482,-140.579882801813,-139.98400424434868,-129.75118967832654,-139.83569398171824
api550a,Waves,API 550A,eq-api,high_bell,+12,400.0,-6.0,0.013899942946907422,-77.18979417701865,-96.55447047315873,-126.0638601861455,-133.5782695085726,-145.53131170620293,-135.96253143027184,-146.28711988676213
api550a,Waves,API 550A,eq-api,high_bell,+12,4000.0,-12.0,0.012845205113242518,-77.82565066983544,-117.89994971613132,-128.1052065659398,-138.27546965971462,-181.56316831470036,,
api550a,Waves,API 550A,eq-api,high_bell,+12,4000.0,-18.0,0.006533378648064616,-83.69777761107842,-125.65605074071786,-126.00973021713577,-146.12531933093425,-163.80229458247427,,
api550a,Waves,API 550A,eq-api,high_bell,+12,4000.0,-6.0,0.024664381563820257,-72.16004318531046,-110.1858024661734,-109.71139825363686,-140.9291251598717,-193.62167641984763,,
api550a,Waves,API 550A,eq-api,high_bell,+12,50.0,-12.0,0.007310946114469929,-83.0675623497414,-93.86719014223445,-151.33262772277308,-147.034919316305,-141.8409515068887,-156.27129027832189,-141.3821430854057
api550a,Waves,API 550A,eq-api,high_bell,+12,50.0,-18.0,0.003580516140253189,-89.01369936860735,-105.68636867755019,-143.0390783916114,-149.03907527817117,-143.97187681035848,-135.51001578096174,-139.6807054050529
api550a,Waves,API 550A,eq-api,high_bell,+12,50.0,-6.0,0.015759192842653136,-77.16474880044103,-82.49974409393273,-125.94158944167759,-118.81601809089446,-149.51052408030966,-157.04671256719303,-148.94749255183618
api550a,Waves,API 550A,eq-api,high_bell,+12,500.0,-12.0,0.007041243302032959,-83.05652563350621,-109.68217121083867,-134.41173309072678,-139.8455546805422,-154.4340922353735,-138.2661355814972,-135.74085088946043
api550a,Waves,API 550A,eq-api,high_bell,+12,500.0,-18.0,0.0035531769921784357,-88.98980838062513,-122.93424170148259,-137.79020981333878,-133.64038198813893,-151.8005062699154,-141.3479837098981,-133.30155327062522
api550a,Waves,API 550A,eq-api,high_bell,+12,500.0,-6.0,0.013951170937348604,-77.14066919323369,-98.34194794108747,-125.768436260658,-133.11728813805976,-153.89195578841884,-143.10968152419653,-146.0468677798136
api550a,Waves,API 550A,eq-api,high_bell,+12,5000.0,-12.0,0.015587718606278273,-76.14461287262567,-120.50139865080206,-122.32030195633185,,,,
api550a,Waves,API 550A,eq-api,high_bell,+12,5000.0,-18.0,0.00789805335769404,-82.04970158692933,-129.49720368247608,-134.50275620295196,,,,
api550a,Waves,API 550A,eq-api,high_bell,+12,5000.0,-6.0,0.02932425623026155,-70.65750553600598,-112.50351652717306,-104.57474980457006,,,,
api550a,Waves,API 550A,eq-api,high_bell,+12,63.0,-12.0,0.007224278194330058,-83.10761478000308,-94.8176155898234,-141.21286563980328,-151.42461491482538,-153.51479768981832,-144.47106241426116,-140.74629809744235
api550a,Waves,API 550A,eq-api,high_bell,+12,63.0,-18.0,0.003548814304529252,-89.07371446876049,-106.65460147802244,-143.40024155162337,-136.08175322689337,-136.6283628866268,-139.40221445735403,-143.9035028758167
api550a,Waves,API 550A,eq-api,high_bell,+12,63.0,-6.0,0.01533597485266148,-77.20899139763297,-83.46511051699406,-126.7894986870385,-120.28183719597553,-169.62136944566484,-146.57773938787173,-161.544612733091
api550a,Waves,API 550A,eq-api,high_bell,+12,630.0,-12.0,0.007116603969792211,-82.9606646794258,-111.55490476460983,-136.90439745389062,-139.82119487034086,-136.7770866952114,-132.37103440265705,-134.8929707822609
api550a,Waves,API 550A,eq-api,high_bell,+12,630.0,-18.0,0.0035451908792836734,-89.00822111418493,-126.93667412529437,-138.329190276906,-141.17269340014897,-149.77350092249776,-142.37185696859302,-132.09956208400374
api550a,Waves,API 550A,eq-api,high_bell,+12,630.0,-6.0,0.014055423712865528,-77.06411346258415,-100.22529518993178,-125.77036837135906,-139.4462700813546,-142.23361430274863,-137.5664921570499,-137.8106790813123
api550a,Waves,API 550A,eq-api,high_bell,+12,6300.0,-12.0,0.019364704777924742,-74.25986112796944,-121.675941002858,,,,,
api550a,Waves,API 550A,eq-api,high_bell,+12,6300.0,-18.0,0.00995570229746308,-80.03857576026107,-135.0203959245393,,,,,
api550a,Waves,API 550A,eq-api,high_bell,+12,6300.0,-6.0,0.03512537732972268,-69.08761632938041,-119.86695347925789,,,,,
api550a,Waves,API 550A,eq-api,high_bell,+12,80.0,-12.0,0.007134738057305709,-83.15134961661582,-96.01729935020556,-142.16553421219663,-146.88440611986772,-137.43673564383576,-143.89996869501044,-140.40273517116586
api550a,Waves,API 550A,eq-api,high_bell,+12,80.0,-18.0,0.003523057824224746,-89.12138617762662,-107.72478360586918,-133.9519612825434,-139.25563419418378,-137.97516174758246,-143.4239775954699,-140.06782675769676
api550a,Waves,API 550A,eq-api,high_bell,+12,80.0,-6.0,0.014947476789665314,-77.23338435085209,-84.6431638015188,-126.39370609335698,-121.55056574466965,-165.5249688712778,-143.97751625412633,-160.8804995981163
api550a,Waves,API 550A,eq-api,high_bell,+12,800.0,-12.0,0.007216608605215454,-82.83762364924922,-113.08787247842037,-136.24783257884775,-143.85300818844223,-134.4922262799313,-131.4544991962523,-130.38430958074875
api550a,Waves,API 550A,eq-api,high_bell,+12,800.0,-18.0,0.0036268425906180665,-88.81275157028719,-124.77473500149213,-132.0865227865637,-127.14007948156889,-130.10194371919732,-133.2422046589631,-125.62686801251908
api550a,Waves,API 550A,eq-api,high_bell,+12,800.0,-6.0,0.01424806534008835,-76.938319467778,-102.05283961250572,-124.74975937065372,-135.96212478520147,-143.49476484160877,-161.09817129975647,-137.57117228374767
api550a,Waves,API 550A,eq-api,high_bell,+12,8000.0,-12.0,0.02332910810638717,-72.64203728745858,,,,,,
api550a,Waves,API 550A,eq-api,high_bell,+12,8000.0,-18.0,0.012087876887994545,-78.35299943654557,,,,,,
api550a,Waves,API 550A,eq-api,high_bell,+12,8000.0,-6.0,0.040123560998968084,-67.93201059898836,,,,,,
api550a,Waves,API 550A,eq-api,high_shelf,+12,100.0,-12.0,0.006924015188821997,-83.34796679244116,-97.7418791317576,-141.73867704306207,-147.62569296425792,-139.48592970343523,-143.22622464394288,-143.81234102276719
api550a,Waves,API 550A,eq-api,high_shelf,+12,100.0,-18.0,0.003422890618582813,-89.35464075838257,-109.47364076229859,-149.65464671793188,-134.31699089933937,-136.7989555716489,-135.44051904941102,-134.71310227840075
api550a,Waves,API 550A,eq-api,high_shelf,+12,100.0,-6.0,0.014267508374842799,-77.43857373483108,-86.34614069541406,-125.95323365441628,-124.33458110294565,-149.0491774019799,-153.85623214797718,-150.8933282952623
api550a,Waves,API 550A,eq-api,high_shelf,+12,1000.0,-12.0,0.007949215730977881,-81.99640340211835,-113.83967049658298,-145.07350716069186,-134.52895287965666,-139.2923329216701,-140.64798132002161,-138.96817727288604
api550a,Waves,API 550A,eq-api,high_shelf,+12,1000.0,-18.0,0.003974977847014646,-88.01492397669335,-140.42928394270123,-144.10924981311467,-137.29841765729148,-146.77094225087228,-127.02122167245545,-124.48053868646879
api550a,Waves,API 550A,eq-api,high_shelf,+12,1000.0,-6.0,0.015643782138734078,-76.12340995872111,-102.4513866160465,-121.68189942103365,-131.4006722272831,-137.73002797627936,-138.49250668944143,-138.37178533747982
api550a,Waves,API 550A,eq-api,high_shelf,+12,10000.0,-12.0,0.023752391511560812,-72.48585313721536,,,,,,
api550a,Waves,API 550A,eq-api,high_shelf,+12,10000.0,-18.0,0.01234639292012757,-78.16919811723422,,,,,,
api550a,Waves,API 550A,eq-api,high_shelf,+12,10000.0,-6.0,0.04057458304064863,-67.83491868897529,,,,,,
api550a,Waves,API 550A,eq-api,high_shelf,+12,125.0,-12.0,0.0068877496398012435,-83.34832081158915,-99.26454107409879,-135.39123456242802,-139.66967187406613,-144.24766033843258,-139.24068352616553,-145.4467568034836
api550a,Waves,API 550A,eq-api,high_shelf,+12,125.0,-18.0,0.0034338878979168434,-89.31327772063327,-111.11989102465873,-131.696978396368,-145.99293389649344,-134.49071276206226,-146.95696984384188,-138.9110954514112
api550a,Waves,API 550A,eq-api,high_shelf,+12,125.0,-6.0,0.014031675807580668,-77.4396547160803,-87.80752893741732,-127.19722308707846,-125.65185283294831,-145.2308912223581,-151.42357527409143,-145.5717966652541
api550a,Waves,API 550A,eq-api,high_shelf,+12,1250.0,-12.0,0.008524059204183372,-81.38894315725601,-115.60924493492581,-133.77171336783704,-132.199695194835,-127.30965821040184,-132.10273702892079,-134.7136900955325
api550a,Waves,API 550A,eq-api,high_shelf,+12,1250.0,-18.0,0.0042857061989186405,-87.36096714059896,-134.22878915639748,-133.0384333226369,-129.36557993811374,-141.0466011289355,-125.3252731146961,-130.2726199450965
api550a,Waves,API 550A,eq-api,high_shelf,+12,1250.0,-6.0,0.01671878215146136,-75.54295274828296,-103.50968443808173,-121.47068399410901,-142.01616869873027,-140.2274212394664,-140.52851833546003,-145.31487787387843
api550a,Waves,API 550A,eq-api,high_shelf,+12,160.0,-12.0,0.00686088639923474,-83.34754402048455,-100.9298978224406,-142.82117908701565,-150.5322666830549,-149.32853323513004,-140.49275516101542,-140.53103807737554
api550a,Waves,API 550A,eq-api,high_shelf,+12,160.0,-18.0,0.0034305913932924184,-89.31286762141708,-112.83419210409721,-138.0001296098833,-135.8000209275073,-137.9195632640501,-127.96051822182028,-133.10229240166834
api550a,Waves,API 550A,eq-api,high_shelf,+12,160.0,-6.0,0.013849252309776114,-77.43078784086582,-89.54145304371772,-127.38123526245406,-127.80952254418503,-152.04200001799705,-143.90142139721155,-145.44187139434078
api550a,Waves,API 550A,eq-api,high_shelf,+12,1600.0,-12.0,0.009407819037200974,-80.53164386818402,-115.56433566172959,-131.53316925029782,-138.5070856394048,-139.28170978629518,-144.26913424461372,-136.45407317592668
api550a,Waves,API 550A,eq-api,high_shelf,+12,1600.0,-18.0,0.004738625031707639,-86.48782430860372,-127.62946456782522,-127.88304184165352,-142.59461915511613,-131.0489442509174,-135.25054823305507,-149.6763073851373
api550a,Waves,API 550A,eq-api,high_shelf,+12,1600.0,-6.0,0.01840929625587752,-74.70414523113384,-104.36481824350786,-118.36279386387652,-133.03938223300509,-146.06293719873167,-140.2894937249429,-141.4632698680354
api550a,Waves,API 550A,eq-api,high_shelf,+12,200.0,-12.0,0.0068658677920582474,-83.31793234222658,-102.52723306415629,-136.9945259902008,-138.29517602468042,-146.41797337267167,-145.095962414151,-138.79966591828511
api550a,Waves,API 550A,eq-api,high_shelf,+12,200.0,-18.0,0.0034254933259578943,-89.3188908188573,-114.65202272796165,-132.97586530551993,-138.56080578440339,-139.45620378159754,-133.89126234741408,-132.23499251529287
api550a,Waves,API 550A,eq-api,high_shelf,+12,200.0,-6.0,0.01374812524414478,-77.41238284880133,-91.21742826382933,-126.5258146946988,-128.99054670554426,-144.38918375401488,-154.14591463687185,-143.57624593015458
api550a,Waves,API 550A,eq-api,high_shelf,+12,2000.0,-12.0,0.01052094076881101,-79.56015384874267,-115.26960875015938,-140.64400863825108,-142.12050416169572,-140.9496895309218,-128.08760271133673,-136.27310706774244
api550a,Waves,API 550A,eq-api,high_shelf,+12,2000.0,-18.0,0.0053209532876481724,-85.48198830218445,-124.92153534909306,-126.0149776799259,-129.74562656183673,-134.93085023842107,-130.18220959011077,-124.53452795355082
api550a,Waves,API 550A,eq-api,high_shelf,+12,2000.0,-6.0,0.020461217910425936,-73.78517836850042,-104.80448467415515,-114.48174213797245,-135.1198884992721,-144.97278212601495,-143.4782570736612,-139.02094759661085
api550a,Waves,API 550A,eq-api,high_shelf,+12,250.0,-12.0,0.006880890072441754,-83.27990592449915,-104.48891581326029,-137.2139157904398,-137.59139795572437,-152.39657009476502,-139.20248294977424,-150.2875725357617
api550a,Waves,API 550A,eq-api,high_shelf,+12,250.0,-18.0,0.0034421662691555754,-89.2725809291052,-116.30267013763822,-136.1564519575224,-137.103854163204,-132.38451036477213,-135.05127489793057,-134.3584984983234
api550a,Waves,API 550A,eq-api,high_shelf,+12,250.0,-6.0,0.013711192219631949,-77.37670657911352,-92.97142081651408,-125.99247237604786,-132.91480136802906,-144.0586195877699,-148.3960349618642,-143.69106301081763
api550a,Waves,API 550A,eq-api,high_shelf,+12,2500.0,-12.0,0.011936830866912383,-78.46321819406458,-115.48556956851073,-126.67700554115358,-133.01359154414163,-144.1396506325193,-133.8250658678528,-128.56063771901202
api550a,Waves,API 550A,eq-api,high_shelf,+12,2500.0,-18.0,0.0060352917283105255,-84.38674351292255,-126.08837628906824,-129.0773469890614,-131.19526444919356,-137.8097329110072,-131.71213611503833,-131.8866679330524
api550a,Waves,API 550A,eq-api,high_shelf,+12,2500.0,-6.0,0.023029379001009587,-72.75714165759886,-105.58259175400921,-111.9964793688348,-135.11631563020697,-142.63183074913525,-144.64358673478483,-141.95590530789812
api550a,Waves,API 550A,eq-api,high_shelf,+12,31.5,-12.0,0.0073140685129282,-83.15957327375733,-92.85350627907039,-130.20512690602555,-139.08291730505925,-144.2741333192327,-146.70015592339894,-146.6372978780036
api550a,Waves,API 550A,eq-api,high_shelf,+12,31.5,-18.0,0.0034789229484639885,-89.28790426175024,-104.94963870936351,-132.0048018295045,-137.93158355262057,-135.57097459838295,-139.057096628657,-142.82385893045551
api550a,Waves,API 550A,eq-api,high_shelf,+12,31.5,-6.0,0.01611881804078161,-77.23340190521685,-81.50539359829824,-126.08102781415703,-116.79895440438186,-166.09025520777365,-145.3398744636934,-159.47977254166022
api550a,Waves,API 550A,eq-api,high_shelf,+12,315.0,-12.0,0.006908124730569767,-83.23660646245877,-105.84070216028195,-162.33175635878177,-143.84647761167557,-140.3473092626303,-137.98640356996106,-142.9159998113113
api550a,Waves,API 550A,eq-api,high_shelf,+12,315.0,-18.0,0.003456745974717847,-89.23278337302182,-118.46858008872168,-131.2464145706466,-143.00725922818842,-134.17129755727802,-133.96138336661352,-129.7939400085303
api550a,Waves,API 550A,eq-api,high_shelf,+12,315.0,-6.0,0.013731054563997478,-77.32344332258698,-94.77265128725358,-125.6734057941958,-134.01289122718413,-145.42431208268036,-151.70698832398995,-136.4350414307113
api550a,Waves,API 550A,eq-api,high_shelf,+12,3150.0,-12.0,0.013708175703830972,-77.26102796656312,-116.8062091734482,-122.41803388221335,-141.11077114395096,-137.92717173906584,-143.47006281934472,
api550a,Waves,API 550A,eq-api,high_shelf,+12,3150.0,-18.0,0.006945332688906175,-83.16662444450715,-124.02184643930276,-141.24325872477684,-134.63641442052028,-132.20535811917168,-133.86618287843214,
api550a,Waves,API 550A,eq-api,high_shelf,+12,3150.0,-6.0,0.026183450078811878,-71.64183418108718,-106.75214273534021,-107.89904873418925,-132.75401727393216,-136.90735563334,-140.9012971950718,
api550a,Waves,API 550A,eq-api,high_shelf,+12,40.0,-12.0,0.007228169712267712,-83.1989643556816,-93.59349724190359,-144.53520879178836,-141.28668285766287,-147.73400850877374,-137.42070636865574,-151.96895437615046
api550a,Waves,API 550A,eq-api,high_shelf,+12,40.0,-18.0,0.0035443377495257963,-89.10890133171236,-105.46294137191609,-141.48575255028243,-140.57773332730906,-142.33747440481216,-138.47624267473122,-136.58120995972547
api550a,Waves,API 550A,eq-api,high_shelf,+12,40.0,-6.0,0.01568342710731496,-77.32111585524117,-82.1718885709417,-126.08997210696839,-118.36329197280284,-148.3029377928872,-154.67382533024693,-145.04913563678141
api550a,Waves,API 550A,eq-api,high_shelf,+12,400.0,-12.0,0.006987181500440376,-83.1277111874623,-108.14582996285834,-142.57596299318814,-131.2958306382189,-139.1315045693718,-141.25942835404035,-140.29854791472553
api550a,Waves,API 550A,eq-api,high_shelf,+12,400.0,-18.0,0.003503130966809572,-89.1156671191934,-119.78274435864373,-131.5006929831183,-132.22072987790327,-132.34184176422224,-133.6200215107126,-131.53356597911733
api550a,Waves,API 550A,eq-api,high_shelf,+12,400.0,-6.0,0.01383864810189657,-77.22799608888224,-96.60871830795705,-125.72494399939634,-136.0040144865665,-149.99092661980956,-143.7164298663664,-138.87919190877972
api550a,Waves,API 550A,eq-api,high_shelf,+12,4000.0,-12.0,0.015863342524334696,-75.99253748355214,-117.74950602420051,-120.95049406508913,-137.4929173087387,-182.95093559570097,,
api550a,Waves,API 550A,eq-api,high_shelf,+12,4000.0,-18.0,0.008052836866176551,-81.88138453454359,-127.45327794025853,-133.54973672012147,-124.98353065506251,-172.1609389024678,,
api550a,Waves,API 550A,eq-api,high_shelf,+12,4000.0,-6.0,0.02976638272796305,-70.52802513952665,-108.76724110144345,-104.13419227242146,-132.72353228789657,-194.25089124960638,,
api550a,Waves,API 550A,eq-api,high_shelf,+12,50.0,-12.0,0.007134796545407016,-83.26517677311429,-94.25373516415448,-144.68644417780828,-144.6462304219603,-161.79271071635742,-146.95554293684825,-146.6401683719609
api550a,Waves,API 550A,eq-api,high_shelf,+12,50.0,-18.0,0.003475942575858824,-89.26711520666893,-106.15295396502427,-140.62512067484556,-139.14926084506152,-132.91197286972954,-132.17428846839525,-141.05369920343477
api550a,Waves,API 550A,eq-api,high_shelf,+12,50.0,-6.0,0.015315655066356085,-77.37588102196267,-82.87581856135914,-125.86956423165482,-119.7096616789748,-147.98695674039007,-163.56639068153498,-149.05596439012865
api550a,Waves,API 550A,eq-api,high_shelf,+12,500.0,-12.0,0.007088414112393195,-82.99804526437856,-109.88104300508978,-143.45373893736283,-138.5475480805732,-133.06501849986222,-138.9168656287656,-131.28336786941443
api550a,Waves,API 550A,eq-api,high_shelf,+12,500.0,-18.0,0.0035272155257326135,-89.05561793700991,-120.73516871171469,-137.21870764646775,-139.22325046723037,-125.59844155869514,-133.1686309183202,-136.94130739591347
api550a,Waves,API 550A,eq-api,high_shelf,+12,500.0,-6.0,0.014028719299729106,-77.09286860119539,-98.24737679044748,-125.75268233732876,-136.7951821718729,-150.06889037158334,-148.01319645509312,-145.02789932262124
api550a,Waves,API 550A,eq-api,high_shelf,+12,5000.0,-12.0,0.017980313940310057,-74.90448956602043,-117.35135849817674,-118.54614494469062,,,,
api550a,Waves,API 550A,eq-api,high_shelf,+12,5000.0,-18.0,0.009186898285639258,-80.73667348672589,-133.1009015400662,-132.89026312824456,,,,
api550a,Waves,API 550A,eq-api,high_shelf,+12,5000.0,-6.0,0.03311624641062558,-69.60276440028805,-113.04244240244793,-100.67696521764131,,,,
api550a,Waves,API 550A,eq-api,high_shelf,+12,63.0,-12.0,0.007051574629634858,-83.30383715094327,-95.24063851962991,-140.8634615485076,-137.72777016552828,-142.35389986989128,-146.64943791290287,-134.6437756813533
api550a,Waves,API 550A,eq-api,high_shelf,+12,63.0,-18.0,0.0034678905754062296,-89.27107994163549,-107.03405298556603,-147.37455969302647,-144.4360744685784,-151.00988268175126,-133.07107184862855,-135.72214494602505
api550a,Waves,API 550A,eq-api,high_shelf,+12,63.0,-6.0,0.014936288784942206,-77.40589875620638,-83.83420166453917,-126.6337810966992,-121.2680618554816,-149.0207676151028,-153.47344816801413,-144.14016915845966
api550a,Waves,API 550A,eq-api,high_shelf,+12,630.0,-12.0,0.007271352757953271,-82.77429440675189,-111.01723933319934,-143.28325116994418,-133.6462542683002,-142.13607328224637,-142.59846848543992,-132.51240650790328
api550a,Waves,API 550A,eq-api,high_shelf,+12,630.0,-18.0,0.0036517967855752742,-88.75198039401481,-125.45504176595131,-133.59067096180758,-132.40710324904842,-131.43480379042927,-128.5532673262088,-132.91314858006734
api550a,Waves,API 550A,eq-api,high_shelf,+12,630.0,-6.0,0.01435271919325844,-76.88323600121373,-99.85929776931782,-124.32897864935686,-136.6393199779846,-138.69440382607212,-146.78511394013066,-139.31514564202277
api550a,Waves,API 550A,eq-api,high_shelf,+12,6300.0,-12.0,0.020170549655534147,-73.90570422584376,-122.58330251451206,,,,,
api550a,Waves,API 550A,eq-api,high_shelf,+12,6300.0,-18.0,0.01037016309299822,-79.6843595482557,-127.5324105443852,,,,,
api550a,Waves,API 550A,eq-api,high_shelf,+12,6300.0,-6.0,0.03622978687982501,-68.81870414565219,-122.24480032258776,,,,,
api550a,Waves,API 550A,eq-api,high_shelf,+12,80.0,-12.0,0.0069740279145323655,-83.33833355124865,-96.43142109154128,-143.7116904727652,-140.90573490135614,-149.54890934660412,-146.28525534561834,-141.22484496321917
api550a,Waves,API 550A,eq-api,high_shelf,+12,80.0,-18.0,0.003452645324224771,-89.29585463505796,-107.96063572573013,-140.7618824118831,-133.68716613223086,-142.94805649658167,-142.6190124259869,-148.29978095096635
api550a,Waves,API 550A,eq-api,high_shelf,+12,80.0,-6.0,0.014570043087584025,-77.42935717928991,-85.01211697119075,-127.2022567247285,-122.72571455098436,-148.35204163258612,-152.71584718242616,-142.3526902185726
api550a,Waves,API 550A,eq-api,high_shelf,+12,800.0,-12.0,0.007557101164172703,-82.43754756001708,-112.26176343314296,-136.84382566724793,-134.22674520211484,-138.48999525169737,-130.9583499402679,-136.74803516464772
api550a,Waves,API 550A,eq-api,high_shelf,+12,800.0,-18.0,0.0037676461027412646,-88.47968102253303,-127.59891120401917,-134.44752397715024,-129.1833594733927,-145.10467941658223,-138.53177814514459,-141.91758358935948
api550a,Waves,API 550A,eq-api,high_shelf,+12,800.0,-6.0,0.014889124902386091,-76.55687883985605,-101.4180353263783,-122.94704745504387,-136.26258522583387,-145.50214198170428,-160.49536571010538,-142.68448412335155
api550a,Waves,API 550A,eq-api,high_shelf,+12,8000.0,-12.0,0.02219318469545581,-73.07560745114895,,,,,,
api550a,Waves,API 550A,eq-api,high_shelf,+12,8000.0,-18.0,0.011475624817674458,-78.80447317902832,,,,,,
api550a,Waves,API 550A,eq-api,high_shelf,+12,8000.0,-6.0,0.038829840173431385,-68.21668794078631,,,,,,
api550a,Waves,API 550A,eq-api,himid_bell,+12,100.0,-12.0,0.006930402093250746,-83.3411426698271,-97.70126229740349,-140.2435619493197,-152.42114484253625,-142.18881340388054,-146.80080128585777,-143.8061191351318
api550a,Waves,API 550A,eq-api,himid_bell,+12,100.0,-18.0,0.0034386725700510015,-89.3154939089143,-109.33109192712452,-142.69983839626693,-136.73992383525382,-148.78162303551244,-137.4349054696426,-136.50557408387172
api550a,Waves,API 550A,eq-api,himid_bell,+12,100.0,-6.0,0.014269207559569315,-77.43731603861279,-86.34664936011367,-128.00559934153281,-124.45421584930128,-159.4101967004336,-147.95420996494363,-145.18451171326694
api550a,Waves,API 550A,eq-api,himid_bell,+12,1000.0,-12.0,0.010077930206822735,-79.93753650744394,-109.40821900272,-129.91228826942228,-140.068796849231,-141.7772909907982,-138.71531651296496,-140.39549612638456
api550a,Waves,API 550A,eq-api,himid_bell,+12,1000.0,-18.0,0.005088441942901137,-85.87036670964467,-120.61517575208356,-126.77531141913612,-129.4844845792985,-140.85964271917425,-142.1652951097103,-136.04986384995286
api550a,Waves,API 550A,eq-api,himid_bell,+12,1000.0,-6.0,0.019667100098002707,-74.13930890527419,-99.10150368210554,-116.18268486648182,-129.5859777471664,-144.41419809797026,-151.67116694931,-142.8137010079987
api550a,Waves,API 550A,eq-api,himid_bell,+12,10000.0,-12.0,0.009849903502489495,-80.13136048353329,,,,,,
api550a,Waves,API 550A,eq-api,himid_bell,+12,10000.0,-18.0,0.004965791475352731,-86.08023042782825,,,,,,
api550a,Waves,API 550A,eq-api,himid_bell,+12,10000.0,-6.0,0.019221570650117915,-74.32422255519207,,,,,,
api550a,Waves,API 550A,eq-api,himid_bell,+12,125.0,-12.0,0.006906087710003525,-83.32604102249746,-99.20868198960872,-140.35482439224845,-148.42172223023942,-139.60126317871845,-143.5806396483187,-144.87090231199932
api550a,Waves,API 550A,eq-api,himid_bell,+12,125.0,-18.0,0.0034344150143280233,-89.31568025065259,-110.60185760406276,-139.3066808212571,-134.27385109713643,-132.7405798060824,-134.1986724200598,-139.51878690992717
api550a,Waves,API 550A,eq-api,himid_bell,+12,125.0,-6.0,0.014064856233640273,-77.42094831352692,-87.76725035884637,-126.8787014711868,-126.7290258104771,-147.7328307423949,-145.58556518593565,-150.1801174384176
api550a,Waves,API 550A,eq-api,himid_bell,+12,1250.0,-12.0,0.01177002242283663,-78.58884166727202,-108.58089487572147,-130.34838710539327,-137.8942769209856,-140.14674320337295,-149.76822809160146,-143.61064380027892
api550a,Waves,API 550A,eq-api,himid_bell,+12,1250.0,-18.0,0.005960104799250124,-84.4961966971056,-120.87039521128885,-131.61880325485023,-133.6407576034086,-134.20814371965588,-137.39412444679692,-132.5392753349724
api550a,Waves,API 550A,eq-api,himid_bell,+12,1250.0,-6.0,0.022772329566480138,-72.86260059839248,-99.16027373561028,-111.81526784804478,-125.50199108180306,-149.90502768663208,-147.83384857082913,-146.26762191375923
api550a,Waves,API 550A,eq-api,himid_bell,+12,160.0,-12.0,0.006909103569559487,-83.28705176309145,-100.8528617179522,-139.30360761463268,-142.7670199776797,-137.80482413791245,-135.48617337927087,-136.62342376225484
api550a,Waves,API 550A,eq-api,himid_bell,+12,160.0,-18.0,0.0034252292773740522,-89.3231874295725,-113.50096138306515,-136.69274011878338,-132.48271027695245,-141.0610988662428,-138.57084349779998,-138.94896361127286
api550a,Waves,API 550A,eq-api,himid_bell,+12,160.0,-6.0,0.0139252501921238,-77.38597672256796,-89.44982640055747,-127.06436016839653,-128.73580702513928,-143.93839522219494,-156.8110956321578,-141.4452866697783
api550a,Waves,API 550A,eq-api,himid_bell,+12,1600.0,-12.0,0.014601270207170903,-76.71559073214412,-107.89843039292144,-123.28347801254337,-144.13789599090703,-146.03083981041084,-149.17897033430012,-155.139426088922
api550a,Waves,API 550A,eq-api,himid_bell,+12,1600.0,-18.0,0.007415846784828704,-82.59785431989756,-118.79574896888371,-141.6498926721394,-144.19640041615293,-141.36714684095563,-140.04402112521157,-141.88027093658437
api550a,Waves,API 550A,eq-api,himid_bell,+12,1600.0,-6.0,0.027712818299216697,-71.15422370396462,-99.40128042594395,-106.3814754946425,-121.6463251475902,-151.49311498126983,-154.29780776606887,-157.6915852302167
api550a,Waves,API 550A,eq-api,himid_bell,+12,200.0,-12.0,0.006931591698757446,-83.23472414267567,-102.48427780907465,-136.15631786942134,-135.52557438258765,-141.08776267140829,-139.80173273990064,-144.85277558377905
api550a,Waves,API 550A,eq-api,himid_bell,+12,200.0,-18.0,0.0034587797262708646,-89.23558920493727,-114.36687006001304,-139.03287198848238,-133.77221857981883,-138.68711028648949,-131.62290752605858,-131.68369280060128
api550a,Waves,API 550A,eq-api,himid_bell,+12,200.0,-6.0,0.01389524199359884,-77.32264192276772,-91.06014265898787,-125.83560743640666,-132.3539996346417,-149.42664515324424,-149.46036041979642,-142.49881206794475
api550a,Waves,API 550A,eq-api,himid_bell,+12,2000.0,-12.0,0.018295494880234298,-74.75607548138451,-106.72022975551805,-118.22276509875978,-141.30597235556766,-152.41633627396513,-151.07228668411548,-148.83606818812157
api550a,Waves,API 550A,eq-api,himid_bell,+12,2000.0,-18.0,0.009350829128557551,-80.58402647114502,-117.03904599041786,-131.11618075348852,-147.86436360398318,-139.7421917799794,-157.6615978979086,-143.87233126206075
api550a,Waves,API 550A,eq-api,himid_bell,+12,2000.0,-6.0,0.03358857304412732,-69.48232693951655,-102.09728399356356,-100.18931193653529,-116.15467638064437,-159.88449339124256,-156.0973473016904,-160.07889525846534
api550a,Waves,API 550A,eq-api,himid_bell,+12,250.0,-12.0,0.007010127347861832,-83.11929353992662,-104.1961873390367,-146.86475209074754,-143.63477760783775,-137.95811720133236,-136.38367441241857,-138.9260127589441
api550a,Waves,API 550A,eq-api,himid_bell,+12,250.0,-18.0,0.0035259360624608927,-89.06532261054521,-116.08164387266748,-128.7599964735308,-140.62333211581227,-139.72516601710285,-128.04710838543227,-124.99263730452299
api550a,Waves,API 550A,eq-api,himid_bell,+12,250.0,-6.0,0.01395734041408261,-77.22619106925534,-92.67330714972493,-125.95591668926309,-132.78553040326116,-152.79825420184213,-137.80879388450725,-135.39092597465387
api550a,Waves,API 550A,eq-api,himid_bell,+12,2500.0,-12.0,0.022652319842181964,-72.9005328480568,-105.7233120185188,-112.13130550283147,-137.0683159841537,-154.07853843300154,-161.27407115242363,-163.13108985367776
api550a,Waves,API 550A,eq-api,himid_bell,+12,2500.0,-18.0,0.01171721653846122,-78.62425977409801,-116.49616897353735,-129.80073523928016,-142.3008411989788,-155.448454368087,-138.37656963653788,-149.33121268084793
api550a,Waves,API 550A,eq-api,himid_bell,+12,2500.0,-6.0,0.03940297737174286,-68.10026527020868,-122.16099590579775,-94.21924208846778,-110.89177743401638,-157.26790421146094,-166.58250721285538,-158.84087270233778
api550a,Waves,API 550A,eq-api,himid_bell,+12,31.5,-12.0,0.00730923279563943,-83.15193194814164,-92.98530330574269,-140.99785756748463,-138.51730604702672,-148.0056144307173,-145.18117364836885,-142.75404077631015
api550a,Waves,API 550A,eq-api,himid_bell,+12,31.5,-18.0,0.0035336496380828524,-89.15397991645348,-104.74801060837335,-136.22766681688097,-157.04893305131787,-135.15393950282512,-144.26614694042263,-135.88392089453222
api550a,Waves,API 550A,eq-api,himid_bell,+12,31.5,-6.0,0.016063638808461168,-77.25426419112563,-81.55903279486095,-126.77923109718338,-117.09540869703333,-159.27871518250512,-150.18540959995482,-147.03706275079068
api550a,Waves,API 550A,eq-api,himid_bell,+12,315.0,-12.0,0.007126249179457814,-82.96660507315373,-105.57101092893672,-149.19451191413305,-145.0766731663401,-135.4963153437659,-142.42657213232258,-137.3890379169134
api550a,Waves,API 550A,eq-api,himid_bell,+12,315.0,-18.0,0.003580601834091236,-88.93531156141448,-115.83801811331305,-124.69990399988129,-128.22721973221348,-136.98467307054725,-142.08726171830858,-119.46690673580977
api550a,Waves,API 550A,eq-api,himid_bell,+12,315.0,-6.0,0.014148985006226434,-77.06646983296275,-94.32599034919456,-124.44004169854693,-129.83138004159892,-140.46953856444665,-138.73783019526599,-143.23197417083944
api550a,Waves,API 550A,eq-api,himid_bell,+12,3150.0,-12.0,0.024955637407751474,-72.05876105689998,-107.15267244525072,-109.46721339056214,-135.0534228552471,-158.3594818171061,-179.53016175914223,
api550a,Waves,API 550A,eq-api,himid_bell,+12,3150.0,-18.0,0.012994055149790115,-77.72572842681822,-116.69814046512482,-125.59570572446665,-148.74159602598232,-152.77311137613222,-144.3079483448003,
api550a,Waves,API 550A,eq-api,himid_bell,+12,3150.0,-6.0,0.041828790606396056,-67.58981036677804,-103.06075483884285,-91.43146484599609,-111.0511278290007,-160.67098579068258,-161.05209679169445,
api550a,Waves,API 550A,eq-api,himid_bell,+12,40.0,-12.0,0.00716267475431789,-83.28817766135172,-93.56278348265654,-143.8213031330629,-153.85825067361648,-147.06177949006823,-141.36924192837702,-145.04388062836054
api550a,Waves,API 550A,eq-api,himid_bell,+12,40.0,-18.0,0.0035276542157362477,-89.15786842179797,-105.16906594599268,-139.05761248062245,-142.26626133100285,-139.0829141080427,-151.70800191790156,-145.07681342438784
api550a,Waves,API 550A,eq-api,himid_bell,+12,40.0,-6.0,0.015622399589880612,-77.35263393939255,-82.2130301350773,-125.01347252522973,-118.19444036371763,-147.91970742163934,-161.73165466226544,-151.27724779878005
api550a,Waves,API 550A,eq-api,himid_bell,+12,400.0,-12.0,0.0073294863301224325,-82.71422446808975,-107.19396302051453,-133.849372720773,-132.85594226507095,-134.29924104202118,-129.7050432027799,-132.12172142782268
api550a,Waves,API 550A,eq-api,himid_bell,+12,400.0,-18.0,0.003686645179258699,-88.67500871907674,-118.37479731531107,-125.65514712550672,-144.94179395433832,-123.5900718777491,-127.27518210671542,-134.7281098380899
api550a,Waves,API 550A,eq-api,himid_bell,+12,400.0,-6.0,0.0145263361166795,-76.81051292695975,-95.87511219670941,-124.52865847270195,-134.16488032502127,-136.37260347099615,-134.59898663259705,-134.9924736556881
api550a,Waves,API 550A,eq-api,himid_bell,+12,4000.0,-12.0,0.022122204005294306,-73.10452308622808,-111.52937514810674,-112.79112767806103,-148.49861168754524,-188.88873038114394,,
api550a,Waves,API 550A,eq-api,himid_bell,+12,4000.0,-18.0,0.011439939160424604,-78.83176182142583,-121.92396876184874,-131.7264994772452,-146.5637878720133,-173.8607078283786,,
api550a,Waves,API 550A,eq-api,himid_bell,+12,4000.0,-6.0,0.038787874091352835,-68.23547098508226,-129.83309013050018,-94.89053701568815,-122.554514773345,-180.1592424593266,,
api550a,Waves,API 550A,eq-api,himid_bell,+12,50.0,-12.0,0.007109113870217345,-83.2949994777202,-94.30403358589986,-151.02128429673334,-139.24294260443727,-147.93736081757794,-143.9922435596065,-148.81161938017303
api550a,Waves,API 550A,eq-api,himid_bell,+12,50.0,-18.0,0.0034337622585741343,-89.37462205226817,-106.1798170649636,-138.7070273363427,-138.82887677572353,-142.71495447205456,-135.1744715084867,-135.6101119972066
api550a,Waves,API 550A,eq-api,himid_bell,+12,50.0,-6.0,0.015285996898041387,-77.38637771142153,-82.91531010429881,-126.19327392453226,-119.26529441345481,-160.07313793596626,-148.22861239090048,-146.44004317478837
api550a,Waves,API 550A,eq-api,himid_bell,+12,500.0,-12.0,0.007649056075826294,-82.33945411662681,-108.13367375747298,-132.5109094473961,-137.9752301178643,-129.6147587003377,-133.09373086552446,-136.4701621234397
api550a,Waves,API 550A,eq-api,himid_bell,+12,500.0,-18.0,0.0038558523909986977,-88.28602095142877,-118.31113782371844,-129.1220105010606,-123.83531457152245,-124.56728107260395,-124.1315313950891,-128.66611326511767
api550a,Waves,API 550A,eq-api,himid_bell,+12,500.0,-6.0,0.015106839026045591,-76.45373928489545,-97.11606048488483,-124.78707332222734,-133.238127538913,-139.42957000990907,-137.67152647798017,-134.82574820554214
api550a,Waves,API 550A,eq-api,himid_bell,+12,5000.0,-12.0,0.01773915623507516,-75.02170921798425,-118.28820377310319,-119.25906474091565,,,,
api550a,Waves,API 550A,eq-api,himid_bell,+12,5000.0,-18.0,0.009046833669262712,-80.8701421109485,-130.8277300136517,-132.42365969521853,,,,
api550a,Waves,API 550A,eq-api,himid_bell,+12,5000.0,-6.0,0.03274981779985702,-69.6992248543277,-112.7447843923486,-101.04112218820731,,,,
api550a,Waves,API 550A,eq-api,himid_bell,+12,63.0,-12.0,0.007028465247300924,-83.33126907131015,-95.285365593043,-142.46159367338944,-148.05028608754097,-143.70532127170964,-156.95486191123368,-140.95107062879646
api550a,Waves,API 550A,eq-api,himid_bell,+12,63.0,-18.0,0.0034161286693284512,-89.40116661248888,-107.2149937150145,-139.0855996209638,-135.42971702466468,-153.66608728539512,-137.3977733757167,-130.01278249130738
api550a,Waves,API 550A,eq-api,himid_bell,+12,63.0,-6.0,0.014901388779160881,-77.42412613584219,-83.86364664758666,-127.15475466154348,-121.596243276473,-150.25558936943102,-146.3928117079697,-143.72978797165953
api550a,Waves,API 550A,eq-api,himid_bell,+12,630.0,-12.0,0.008134511750840243,-81.80122610706881,-109.27708293334663,-145.0122656181655,-139.12215550260564,-130.74328258726305,-136.35604066941175,-136.06646076514232
api550a,Waves,API 550A,eq-api,himid_bell,+12,630.0,-18.0,0.004105012792803247,-87.73761422270171,-121.71906396371475,-135.61840007820797,-126.54197476436637,-127.50537600766897,-124.13433410799396,-135.45726565443613
api550a,Waves,API 550A,eq-api,himid_bell,+12,630.0,-6.0,0.01604510550097677,-75.91932663230408,-98.12632679373365,-121.29487191255404,-143.64224489305,-148.33256566894767,-142.9627652865989,-137.91069649260757
api550a,Waves,API 550A,eq-api,himid_bell,+12,6300.0,-12.0,0.014061006817106435,-77.03971004530736,-127.57182139956922,,,,,
api550a,Waves,API 550A,eq-api,himid_bell,+12,6300.0,-18.0,0.0071315402304854055,-82.9363343383436,-149.02752184543343,,,,,
api550a,Waves,API 550A,eq-api,himid_bell,+12,6300.0,-6.0,0.02677394596681502,-71.44583237653633,-118.79119503064139,,,,,
api550a,Waves,API 550A,eq-api,himid_bell,+12,80.0,-12.0,0.006966214008564258,-83.34779362426224,-96.44696750270583,-145.63095752147365,-146.7774735447972,-142.6117506095555,-143.78182422724996,-137.75554810994788
api550a,Waves,API 550A,eq-api,himid_bell,+12,80.0,-18.0,0.0034439718174182443,-89.31242902573507,-108.39043180585618,-143.37591577726164,-135.6873904764552,-135.26150669707906,-143.08749604216908,-147.7015308149308
api550a,Waves,API 550A,eq-api,himid_bell,+12,80.0,-6.0,0.014552921052598929,-77.43830432451288,-85.02963524737821,-126.69557933245477,-122.63820827086323,-154.20363228256403,-152.15778395893258,-154.36314080150694
api550a,Waves,API 550A,eq-api,himid_bell,+12,800.0,-12.0,0.008962462475302064,-80.95715672558549,-109.86060251352073,-129.970411282779,-133.80128432355534,-141.38490574283088,-132.19970616876114,-141.90475983430377
api550a,Waves,API 550A,eq-api,himid_bell,+12,800.0,-18.0,0.004518842520779973,-86.90314635580818,-119.0254426741939,-132.52475340576493,-134.0579010304641,-125.5387541370864,-134.45884271300258,-131.39317597634286
api550a,Waves,API 550A,eq-api,himid_bell,+12,800.0,-6.0,0.01755133594575446,-75.13246936978368,-98.82143687299919,-120.35124021647027,-132.52030724833128,-144.75685811135764,-149.84330262999612,-142.58288052649783
api550a,Waves,API 550A,eq-api,himid_bell,+12,8000.0,-12.0,0.011470350578545334,-78.80846616333307,,,,,,
api550a,Waves,API 550A,eq-api,himid_bell,+12,8000.0,-18.0,0.005787219606666652,-84.75060074445562,,,,,,
api550a,Waves,API 550A,eq-api,himid_bell,+12,8000.0,-6.0,0.022185618219171373,-73.07856929663717,,,,,,
api550a,Waves,API 550A,eq-api,lomid_bell,+12,100.0,-12.0,0.009055557004608668,-81.11431303172651,-93.34211293675696,-138.2371671342127,-131.56843055372636,-134.08210514030307,-135.94707532245656,-139.9734049294205
api550a,Waves,API 550A,eq-api,lomid_bell,+12,100.0,-18.0,0.004459601028263572,-87.07561709784237,-105.62328941960541,-129.7477631721914,-129.16803131572684,-131.6191177746165,-135.87152313132242,-125.77142139813056
api550a,Waves,API 550A,eq-api,lomid_bell,+12,100.0,-6.0,0.01884930574254508,-75.26240203558044,-82.39833570924367,-119.41585881419344,-114.97749889684506,-145.00365326067498,-142.0069258865433,-152.31457138789244
api550a,Waves,API 550A,eq-api,lomid_bell,+12,1000.0,-12.0,0.011681204573433199,-78.65623860954116,-107.27944368361793,-130.0981264573234,-153.11982386916355,-146.56863834383333,-152.1212234571449,-153.54417171662232
api550a,Waves,API 550A,eq-api,lomid_bell,+12,1000.0,-18.0,0.0058938308315928285,-84.59391725903556,-118.349382555089,-138.31162427698598,-139.0796275910194,-144.58529162020957,-148.22186502291484,-148.56494782642525
api550a,Waves,API 550A,eq-api,lomid_bell,+12,1000.0,-6.0,0.022615199851750433,-72.9285778910831,-97.240954954843,-112.27625342178051,-125.55930921903519,-153.80577925270276,-155.2261317505432,-148.72255483708588
api550a,Waves,API 550A,eq-api,lomid_bell,+12,10000.0,-12.0,0.006987093986650522,-83.11406829618646,,,,,,
api550a,Waves,API 550A,eq-api,lomid_bell,+12,10000.0,-18.0,0.003522866769689949,-89.06207561938726,,,,,,
api550a,Waves,API 550A,eq-api,lomid_bell,+12,10000.0,-6.0,0.01376765525912226,-77.22280034480015,,,,,,
api550a,Waves,API 550A,eq-api,lomid_bell,+12,125.0,-12.0,0.01012344633109282,-80.11743488416107,-92.88346765253823,-125.2769423378872,-132.20327470930204,-147.41134719703084,-144.16215722195923,-137.63928559272773
api550a,Waves,API 550A,eq-api,lomid_bell,+12,125.0,-18.0,0.0049863577600582085,-86.10682029552717,-104.51228897567827,-139.03914374726074,-130.62519520892585,-151.66695732330356,-134.32079302393385,-148.03074608437285
api550a,Waves,API 550A,eq-api,lomid_bell,+12,125.0,-6.0,0.02075868621617969,-74.30668813793241,-82.22658681199233,-117.24630824383848,-112.80720987465943,-142.25364993784518,-145.51633295285205,-151.8065109891786
api550a,Waves,API 550A,eq-api,lomid_bell,+12,1250.0,-12.0,0.010062417851590589,-79.94867458406577,-112.0121195496413,-133.8655470398802,-150.23141283725408,-150.87518946969737,-141.79904912743697,-147.85322569287513
api550a,Waves,API 550A,eq-api,lomid_bell,+12,1250.0,-18.0,0.00506520566144995,-85.90891920720807,-124.01094111024847,-135.85613905554933,-139.6552909526759,-142.89144200815787,-133.67284876582426,-135.75759546340856
api550a,Waves,API 550A,eq-api,lomid_bell,+12,1250.0,-6.0,0.019625178763451653,-74.15269455531583,-101.13131695079412,-116.33338096722211,-133.3519242019872,-151.63955507452945,-157.9542013739792,-172.7817758427907
api550a,Waves,API 550A,eq-api,lomid_bell,+12,160.0,-12.0,0.011944443622493101,-78.66174061732096,-91.81903410912142,-132.05726523282902,-130.60946508477153,-136.6088573729492,-144.8905189500954,-144.4176920665013
api550a,Waves,API 550A,eq-api,lomid_bell,+12,160.0,-18.0,0.005948918957091719,-84.56415534245444,-103.6969972040575,-131.39634920544745,-136.39120680162614,-134.573394550577,-139.7714083629716,-135.17891675030742
api550a,Waves,API 550A,eq-api,lomid_bell,+12,160.0,-6.0,0.023974433623264162,-72.93090445504909,-81.8464432888147,-112.35798216621936,-109.06700985638052,-150.00386299532903,-159.1168641207968,-149.15607885768372
api550a,Waves,API 550A,eq-api,lomid_bell,+12,1600.0,-12.0,0.00888488900334448,-81.02821833313493,-116.50607938308428,-134.80427322689937,-142.98394247315395,-143.24653753125236,-157.81972800928472,-140.67113653132614
api550a,Waves,API 550A,eq-api,lomid_bell,+12,1600.0,-18.0,0.004467398950274249,-86.99913603692652,-131.45648220800928,-144.85583599638846,-136.2001622363426,-149.279414427599,-146.50900687916624,-144.11404204453618
api550a,Waves,API 550A,eq-api,lomid_bell,+12,1600.0,-6.0,0.017423613788760083,-75.1817660211921,-105.16372652034555,-119.24432934745427,-141.23766201196344,-154.72522217783535,-146.6441325496843,-148.04746979068167
api550a,Waves,API 550A,eq-api,lomid_bell,+12,200.0,-12.0,0.014524703355735975,-76.94974223953386,-90.40305833865452,-125.12222949212659,-127.9385242853493,-154.90273030218856,-160.64058812107203,-147.63604857230345
api550a,Waves,API 550A,eq-api,lomid_bell,+12,200.0,-18.0,0.007256735142592863,-82.84130884088746,-101.70323760888726,-139.61466010399906,-138.52743935547443,-136.06299911622042,-150.91192695342156,-137.22038291250342
api550a,Waves,API 550A,eq-api,lomid_bell,+12,200.0,-6.0,0.028256081943242528,-71.36509255921084,-81.7053079088496,-107.1227960472563,-103.93403155216535,-149.1416790667729,-147.51721495157156,-151.91536468881344
api550a,Waves,API 550A,eq-api,lomid_bell,+12,2000.0,-12.0,0.008202603670449492,-81.7217340019156,-119.43639479598018,-136.10789669233301,-139.35052500816877,-146.55345589816187,-144.16451224153067,-140.06505292380885
api550a,Waves,API 550A,eq-api,lomid_bell,+12,2000.0,-18.0,0.004107819899977255,-87.72801863508533,-135.56979232192015,-142.35313448823857,-142.27447197822767,-141.6235132814453,-134.84467577584093,-137.7851074821332
api550a,Waves,API 550A,eq-api,lomid_bell,+12,2000.0,-6.0,0.01612834523888895,-75.85071241603858,-108.43270824561196,-121.75427623712663,-144.20232517690891,-150.54980802171576,-148.9543617267785,-147.57908793163767
api550a,Waves,API 550A,eq-api,lomid_bell,+12,250.0,-12.0,0.018241236837625806,-74.9622668561253,-88.62136442769325,-119.14919622144365,-121.44348721406718,-154.25940591768645,-149.13885364688798,-146.38167074525117
api550a,Waves,API 550A,eq-api,lomid_bell,+12,250.0,-18.0,0.0091935465999708,-80.78926425970533,-99.43614392045879,-137.26615246308955,-146.16431994667562,-143.12132307003023,-139.62057570156566,-143.14720939945008
api550a,Waves,API 550A,eq-api,lomid_bell,+12,250.0,-6.0,0.033616574179182554,-69.65429852497947,-83.50010094225985,-100.85004129600335,-97.61980719994028,-155.6662588098035,-154.913787049051,-165.35008389641945
api550a,Waves,API 550A,eq-api,lomid_bell,+12,2500.0,-12.0,0.007755467403490541,-82.20833835928893,-121.80340339700116,-140.3095507191014,-148.88387858992508,-137.441290285749,-152.03491594115886,-160.66671151992767
api550a,Waves,API 550A,eq-api,lomid_bell,+12,2500.0,-18.0,0.003907124498708237,-88.16308727280077,-139.53113662758977,-137.9741282212092,-147.88358510545117,-143.06953723990856,-135.51360434001913,-137.010743138577
api550a,Waves,API 550A,eq-api,lomid_bell,+12,2500.0,-6.0,0.01526946790492306,-76.32493335061709,-111.50092010286316,-123.07398132597916,-146.8637027729019,-146.99933014681056,-155.70410942274685,-149.3672033759805
api550a,Waves,API 550A,eq-api,lomid_bell,+12,31.5,-12.0,0.007503316175899427,-82.95231635804312,-92.4972285777588,-140.2889418766012,-139.19068600424418,-136.53652792742992,-138.02469099641127,-139.21054409634135
api550a,Waves,API 550A,eq-api,lomid_bell,+12,31.5,-18.0,0.0036237087426717984,-88.95878718174998,-103.79887499044179,-129.29610802851278,-129.33554630814453,-132.82011311042044,-134.1642722283245,-127.56736544480758
api550a,Waves,API 550A,eq-api,lomid_bell,+12,31.5,-6.0,0.016490507079558292,-77.07687477324397,-81.19846165089663,-125.20369232304282,-116.28351260110617,-150.0001926354339,-139.9137094858594,-142.84498013688219
api550a,Waves,API 550A,eq-api,lomid_bell,+12,315.0,-12.0,0.022963173202667463,-72.93613255871777,-87.3037318354616,-112.29596261466745,-115.04110450075024,-150.66727677792875,-152.40585975996083,-157.43200873317997
api550a,Waves,API 550A,eq-api,lomid_bell,+12,315.0,-18.0,0.011736226418832521,-78.66852021084453,-97.30451599937945,-130.46081610617966,-137.3876375243645,-151.1678609425792,-144.4222256467192,-140.07856475897964
api550a,Waves,API 550A,eq-api,lomid_bell,+12,315.0,-6.0,0.039410429987728535,-68.12159942608736,-107.06903439388655,-94.32696790970446,-90.88284312351648,-164.13175692113816,-163.85727192625512,-160.38530012481579
api550a,Waves,API 550A,eq-api,lomid_bell,+12,3150.0,-12.0,0.007459818635356643,-82.5456587341231,-125.7787106956871,-146.67124569199348,-141.19338062139093,-139.13602178531997,-150.49231704341133,
api550a,Waves,API 550A,eq-api,lomid_bell,+12,3150.0,-18.0,0.003760924598846526,-88.49488830982024,-133.03453470754485,-132.0987560017921,-131.01758888608532,-136.4440387708999,-133.86146659175256,
api550a,Waves,API 550A,eq-api,lomid_bell,+12,3150.0,-6.0,0.014693963710458655,-76.6579780331553,-114.76301656899653,-123.74951420307261,-150.9219137013962,-151.20732528296952,-147.79300214504104,
api550a,Waves,API 550A,eq-api,lomid_bell,+12,40.0,-12.0,0.007526677284737047,-82.89062146488965,-92.79819971685609,-139.08278041168927,-129.3531982250703,-139.19787396949334,-131.2019004368825,-128.39254391062846
api550a,Waves,API 550A,eq-api,lomid_bell,+12,40.0,-18.0,0.0036689697485911736,-88.82755552737235,-104.45234336911363,-133.9875786899091,-137.37699965484146,-133.2252140425165,-130.1242421823699,-128.5677211782872
api550a,Waves,API 550A,eq-api,lomid_bell,+12,40.0,-6.0,0.016438593871528028,-76.98430457196605,-81.5519089427577,-123.98526901298412,-116.72993359773216,-144.21845094539384,-153.76260711420417,-145.3443854149716
api550a,Waves,API 550A,eq-api,lomid_bell,+12,400.0,-12.0,0.02551467257120484,-71.97133464107486,-88.04482600899554,-109.08610162827176,-112.74211784742306,-159.4787544200562,-153.15991385723865,-166.5828672557326
api550a,Waves,API 550A,eq-api,lomid_bell,+12,400.0,-18.0,0.013219154725989168,-77.62199671704163,-97.34802205257965,-126.74817099249738,-137.77571982443405,-147.37599926659294,-148.97638437626344,-153.08254066721747
api550a,Waves,API 550A,eq-api,lomid_bell,+12,400.0,-6.0,0.04281459003628549,-67.54141536128587,-82.97159272411173,-91.13843768873579,-88.68204736898056,-158.35733145525268,-167.29941939960105,-162.28429542131008
api550a,Waves,API 550A,eq-api,lomid_bell,+12,4000.0,-12.0,0.00726660089920839,-82.77345997700031,-130.19107075440255,-141.3016376432987,-147.90798361657477,-170.22745771962627,,
api550a,Waves,API 550A,eq-api,lomid_bell,+12,4000.0,-18.0,0.0036483232266782775,-88.75828141718173,-136.6186547214638,-138.7535833718349,-139.9539854224456,-168.32392414415526,,
api550a,Waves,API 550A,eq-api,lomid_bell,+12,4000.0,-6.0,0.014307741347108244,-76.88894390695998,-118.31026394942263,-126.07959342438372,-152.2273967136479,-180.37391824094493,,
api550a,Waves,API 550A,eq-api,lomid_bell,+12,50.0,-12.0,0.007640576067827323,-82.717634407633,-93.10734847129606,-142.77353937601075,-144.42211058537737,-140.57381431649497,-129.88843589513075,-126.7147810074517
api550a,Waves,API 550A,eq-api,lomid_bell,+12,50.0,-18.0,0.0037114237557766493,-88.70851104000957,-105.12679082941771,-137.7113410889432,-128.51039520254065,-126.78625956381866,-134.38720347895276,-135.52739681210875
api550a,Waves,API 550A,eq-api,lomid_bell,+12,50.0,-6.0,0.016544945382670245,-76.81175059347511,-81.84766984090592,-126.0260894178256,-117.16372114239732,-143.33187806240835,-148.85241329347815,-135.89043110408622
api550a,Waves,API 550A,eq-api,lomid_bell,+12,500.0,-12.0,0.02273772549099361,-72.92981052371616,-91.20308532505602,-112.38148456766952,-118.90414108039487,-172.68985290845305,-149.53443595375157,-151.0807341416875
api550a,Waves,API 550A,eq-api,lomid_bell,+12,500.0,-18.0,0.011713239597357374,-78.65022589780583,-101.26339725955128,-130.2113518702528,-137.35734697943386,-151.00068052378322,-148.14041621231735,-146.6038318589173
api550a,Waves,API 550A,eq-api,lomid_bell,+12,500.0,-6.0,0.03936279787733467,-68.11806042970349,-110.27632958089136,-94.31928536395182,-94.88385125207753,-154.27404091217807,-160.94730231453792,-161.05108429508607
api550a,Waves,API 550A,eq-api,lomid_bell,+12,5000.0,-12.0,0.0071337771195053605,-82.93363368793004,-135.67445498609868,-148.1243241549061,,,,
api550a,Waves,API 550A,eq-api,lomid_bell,+12,5000.0,-18.0,0.003592983381220845,-88.89106221677511,-134.8969152736476,-137.67630631112448,,,,
api550a,Waves,API 550A,eq-api,lomid_bell,+12,5000.0,-6.0,0.014081263368812092,-77.02738872616429,-121.30094541641712,-125.7100983501938,,,,
api550a,Waves,API 550A,eq-api,lomid_bell,+12,63.0,-12.0,0.007908064248972684,-82.3680526284104,-93.4059174117431,-135.04010520339298,-137.07660222695597,-127.00965697933101,-130.53400363446215,-132.36170232263427
api550a,Waves,API 550A,eq-api,lomid_bell,+12,63.0,-18.0,0.00386001614206844,-88.36419751334681,-105.05604053155977,-140.33725500033157,-137.2123107529296,-126.31830472437753,-120.27565972355056,-128.24054029114512
api550a,Waves,API 550A,eq-api,lomid_bell,+12,63.0,-6.0,0.016887108055812054,-76.49320701625572,-82.15176127039284,-124.7369162874806,-117.13278583396375,-145.84362711126715,-140.17382025796059,-142.6770146158682
api550a,Waves,API 550A,eq-api,lomid_bell,+12,630.0,-12.0,0.01799005558476991,-74.93034145497163,-96.40614511011421,-119.06254249953166,-129.10291091043968,-146.22209878379263,-154.986894318877,-147.5369713810643
api550a,Waves,API 550A,eq-api,lomid_bell,+12,630.0,-18.0,0.009175412576744741,-80.75719097513422,-107.2720921693232,-134.16581816224988,-141.76814548792584,-153.0508914337143,-149.84669353743664,-150.40960011706872
api550a,Waves,API 550A,eq-api,lomid_bell,+12,630.0,-6.0,0.033154901713850216,-69.62222599575804,-91.39935558376231,-100.76513823197465,-105.48918020497808,-155.27340531938358,-155.18391584377875,-159.39889469369953
api550a,Waves,API 550A,eq-api,lomid_bell,+12,6300.0,-12.0,0.007063451004332471,-83.01968477865607,-135.68330713472056,,,,,
api550a,Waves,API 550A,eq-api,lomid_bell,+12,6300.0,-18.0,0.0035461406015520293,-89.00510660850635,-131.84888778066917,,,,,
api550a,Waves,API 550A,eq-api,lomid_bell,+12,6300.0,-6.0,0.013927896570280712,-77.12232296041581,-128.23408157460352,,,,,
api550a,Waves,API 550A,eq-api,lomid_bell,+12,80.0,-12.0,0.008348813175158018,-81.85257713106067,-93.54016393421671,-133.68495470275974,-128.26134620002426,-136.38978846885792,-135.20003354121775,-136.92115603619715
api550a,Waves,API 550A,eq-api,lomid_bell,+12,80.0,-18.0,0.004097693994508066,-87.82729012631982,-105.3138310055044,-135.3169499097196,-127.28104088817643,-132.78853000147228,-126.37917059493356,-149.97443914813462
api550a,Waves,API 550A,eq-api,lomid_bell,+12,80.0,-6.0,0.01761125576224143,-75.9856389445995,-82.35758532386804,-122.37432783788734,-116.81448003653679,-138.72917020116918,-137.1322456520129,-149.39631948115564
api550a,Waves,API 550A,eq-api,lomid_bell,+12,800.0,-12.0,0.014116623271962933,-77.01866028678832,-102.18361042309755,-124.80072517931663,-139.57589455357072,-149.07095291462238,-150.7699098448572,-153.31200891815888
api550a,Waves,API 550A,eq-api,lomid_bell,+12,800.0,-18.0,0.007153628898238112,-82.91293943651674,-113.91531764923597,-142.40281866873215,-159.31748564303888,-139.35872839174786,-145.08381602048334,-143.6538287018018
api550a,Waves,API 550A,eq-api,lomid_bell,+12,800.0,-6.0,0.026927350032014005,-71.42434460850477,-93.48264349108022,-107.28506242508286,-116.1731214670285,-149.79555686213777,-157.81494701847674,-162.05295511292076
api550a,Waves,API 550A,eq-api,lomid_bell,+12,8000.0,-12.0,0.007022607250222318,-83.07003238941539,,,,,,
api550a,Waves,API 550A,eq-api,lomid_bell,+12,8000.0,-18.0,0.0035324224208629785,-89.03854734718803,,,,,,
api550a,Waves,API 550A,eq-api,lomid_bell,+12,8000.0,-6.0,0.013830391101685853,-77.18331077105687,,,,,,
api550a,Waves,API 550A,eq-api,low_bell,+12,100.0,-12.0,0.02872871919401404,-71.93695616701834,-77.34601789674359,-109.0666692863056,-101.04630296861009,-159.80461975868172,-163.01420092036975,-155.29858267312153
api550a,Waves,API 550A,eq-api,low_bell,+12,100.0,-18.0,0.014008439389758898,-77.58418052535318,-86.61227442665385,-126.30501083024988,-124.12138632412831,-147.81433720562003,-146.09371485297703,-152.1585783433523
api550a,Waves,API 550A,eq-api,low_bell,+12,100.0,-6.0,0.051129086096147254,-67.52263513728329,-71.94245078244707,-91.03114421743088,-77.03581102229202,-159.1091080909152,-156.88289049595443,-164.71626687319457
api550a,Waves,API 550A,eq-api,low_bell,+12,1000.0,-12.0,0.00711158767837871,-82.96325223836612,-115.2595012529111,-140.6353234737274,-141.6241621048962,-140.58639298083506,-147.45242101561354,-145.41135256405195
api550a,Waves,API 550A,eq-api,low_bell,+12,1000.0,-18.0,0.003582235811850866,-88.91776485053555,-127.8867886229058,-137.01837217332388,-133.6727400681703,-140.155974506137,-139.0142681586708,-145.29245422183513
api550a,Waves,API 550A,eq-api,low_bell,+12,1000.0,-6.0,0.014030629109672989,-77.06675007638128,-104.29331910723583,-124.76602738963251,-142.09480015833216,-146.48472318320648,-149.00413921259496,-151.83301121099927
api550a,Waves,API 550A,eq-api,low_bell,+12,10000.0,-12.0,0.0067609003703017955,-83.39990927697937,,,,,,
api550a,Waves,API 550A,eq-api,low_bell,+12,10000.0,-18.0,0.003392914547251531,-89.38854156409417,,,,,,
api550a,Waves,API 550A,eq-api,low_bell,+12,10000.0,-6.0,0.01334107320157949,-77.49618465759977,,,,,,
api550a,Waves,API 550A,eq-api,low_bell,+12,125.0,-12.0,0.02504347450252994,-72.80039273578686,-79.9086064308322,-111.77035406758773,-106.5291471003774,-161.34981651938136,-164.5012015617195,-166.75185781790668
api550a,Waves,API 550A,eq-api,low_bell,+12,125.0,-18.0,0.012288021989067664,-78.51984677968784,-89.83634555672843,-129.90005901596723,-131.54675848181398,-151.38960664692027,-146.60969356889595,-165.1444244054922
api550a,Waves,API 550A,eq-api,low_bell,+12,125.0,-6.0,0.04051588627863678,-68.03044935245029,-90.66670069584154,-93.90627115859915,-82.59067567661506,-155.6387112719023,-162.97750899156216,-154.74970828226222
api550a,Waves,API 550A,eq-api,low_bell,+12,1250.0,-12.0,0.0069918886441729805,-83.10977295022717,-117.36018302255273,-136.14654089796497,-141.90687079063895,-149.6106259104186,-148.27863033242838,-147.35164981587846
api550a,Waves,API 550A,eq-api,low_bell,+12,1250.0,-18.0,0.003526831983178617,-89.05279591683687,-131.1898242340447,-141.20497576399757,-142.37778636916454,-154.80351949988352,-135.9164034674651,-135.95548234846243
api550a,Waves,API 550A,eq-api,low_bell,+12,1250.0,-6.0,0.013783042745215232,-77.21819831612505,-106.56141220358592,-126.562804111969,-148.8423527952346,-158.79378922626915,-149.33666079922534,-149.15143353582368
api550a,Waves,API 550A,eq-api,low_bell,+12,160.0,-12.0,0.018809990884365625,-74.91794744639444,-85.01337615555842,-118.7177130359652,-117.54149497657662,-165.91160143256346,-146.51434070029387,-150.77495501009832
api550a,Waves,API 550A,eq-api,low_bell,+12,160.0,-18.0,0.009309359631216872,-80.75324978520933,-95.87132769511894,-139.41383826212197,-145.85923897584473,-146.84789317565793,-153.45780502677945,-149.035156992389
api550a,Waves,API 550A,eq-api,low_bell,+12,160.0,-6.0,0.03461930900464142,-69.60884456172917,-80.04033997957664,-100.72039605432428,-93.63862866745106,-153.18680547539756,-155.18654994319544,-154.0185103691677
api550a,Waves,API 550A,eq-api,low_bell,+12,1600.0,-12.0,0.006890474506073157,-83.2358021749128,-120.75379875846438,-154.7912558017223,-144.29503993388806,-142.11022424829144,-143.63707419900715,-145.7168073484018
api550a,Waves,API 550A,eq-api,low_bell,+12,1600.0,-18.0,0.0034637910056992864,-89.20934224286954,-133.46000368638533,-143.54497229125502,-135.41104440782524,-153.562593425232,-138.61275511489472,-139.44856439595367
api550a,Waves,API 550A,eq-api,low_bell,+12,1600.0,-6.0,0.013613908622829872,-77.32333135062241,-109.03602317416969,-125.92099830668644,-144.90529858491624,-154.8235070106543,-149.882989144081,-148.59779216287708
api550a,Waves,API 550A,eq-api,low_bell,+12,200.0,-12.0,0.014568177612252433,-76.92542391284904,-90.34104418991743,-124.98845926155383,-127.42334487125927,-149.66712078963366,-156.9997313829578,-150.57715575781435
api550a,Waves,API 550A,eq-api,low_bell,+12,200.0,-18.0,0.007272097492168588,-82.82291409485971,-101.68461834868269,-140.93497182461348,-144.07054039582334,-138.9082861255682,-149.82850777356646,-140.79437622260562
api550a,Waves,API 550A,eq-api,low_bell,+12,200.0,-6.0,0.028337425409372827,-71.34010623450811,-81.68118436194781,-107.00608498014658,-103.84382150002642,-159.70017681132884,-178.05667102595203,-156.4487124760286
api550a,Waves,API 550A,eq-api,low_bell,+12,2000.0,-12.0,0.006840141016930932,-83.29927592189236,-122.1627352367361,-144.24439526571396,-144.0444777396013,-144.40977614356345,-152.96604891249427,-146.94737737335637
api550a,Waves,API 550A,eq-api,low_bell,+12,2000.0,-18.0,0.003432271134072736,-89.2890810347167,-130.36173928643836,-137.33129940985555,-139.3995808697433,-138.1848046205952,-133.2109730287291,-140.74472597452277
api550a,Waves,API 550A,eq-api,low_bell,+12,2000.0,-6.0,0.013516310153176421,-77.38469047048712,-111.22491897330333,-126.01923753368018,-157.59409548891017,-156.49127025260262,-152.12283831383888,-147.97806937689205
api550a,Waves,API 550A,eq-api,low_bell,+12,250.0,-12.0,0.011856523999820158,-78.61279088406225,-95.31107653046972,-131.12991178038953,-139.24135300355235,-143.94776500375343,-142.89426545450345,-148.11867356559094
api550a,Waves,API 550A,eq-api,low_bell,+12,250.0,-18.0,0.005944225625055882,-84.5434610990889,-106.873168756437,-137.21046232372333,-141.42439463428838,-152.59647201228273,-143.28828828036055,-145.69366389408492
api550a,Waves,API 550A,eq-api,low_bell,+12,250.0,-6.0,0.02331853645125731,-72.88895035999383,-85.30602393549897,-112.14876230132653,-112.66992841600171,-155.61345703190452,-174.3820218388285,-158.32253679743562
api550a,Waves,API 550A,eq-api,low_bell,+12,2500.0,-12.0,0.006816447754232823,-83.32924035431604,-124.04427775079893,-139.60386474794743,-142.95311811889502,-144.74161302738165,-140.73540671704717,-140.56489543989818
api550a,Waves,API 550A,eq-api,low_bell,+12,2500.0,-18.0,0.003422998437230237,-89.31238290735413,-133.2398620690586,-133.2067347803694,-135.94467125926863,-141.23955782347488,-140.06284182461798,-148.46181480477412
api550a,Waves,API 550A,eq-api,low_bell,+12,2500.0,-6.0,0.013455387706952029,-77.4231805588553,-113.56125494703863,-127.07611685592272,-151.5622385433412,-148.9092627905197,-150.14760629804783,-146.71797408979054
api550a,Waves,API 550A,eq-api,low_bell,+12,31.5,-12.0,0.01097368781861587,-80.02243352550047,-86.79121757532941,-135.38608286638944,-128.40654956509357,-151.97748781955116,-144.285565303572,-148.88568480082102
api550a,Waves,API 550A,eq-api,low_bell,+12,31.5,-18.0,0.005166697599779015,-86.02218838528337,-97.69340622858165,-129.64655168557138,-130.28117379892703,-147.14549026175402,-130.53312909652217,-138.05433128001926
api550a,Waves,API 550A,eq-api,low_bell,+12,31.5,-6.0,0.024791113829983523,-74.24361527877106,-76.23746770024952,-116.57852727677187,-104.38542370705426,-149.59058271167135,-151.26301425210772,-146.968388432476
api550a,Waves,API 550A,eq-api,low_bell,+12,315.0,-12.0,0.010038608546676223,-80.01137373832796,-99.85212666657084,-132.87824688673336,-148.25787016163972,-147.0028243282904,-150.5232501745026,-148.43200134049113
api550a,Waves,API 550A,eq-api,low_bell,+12,315.0,-18.0,0.005037253244727371,-85.96832122810916,-111.49703267020189,-143.44934147337648,-151.89805514563486,-146.8138507835882,-139.6791837482814,-138.59344814114235
api550a,Waves,API 550A,eq-api,low_bell,+12,315.0,-6.0,0.019778441392055365,-74.21000281391508,-89.26623730504298,-116.48865728548756,-120.52982726537135,-154.55617588723132,-145.10428445662836,-154.85364576781228
api550a,Waves,API 550A,eq-api,low_bell,+12,3150.0,-12.0,0.006797543279320336,-83.35314707101142,-127.64841749700251,-137.01886706919896,-146.9728096250391,-148.46535984452237,-144.58197251194673,
api550a,Waves,API 550A,eq-api,low_bell,+12,3150.0,-18.0,0.003411239800352967,-89.34215805190806,-131.2234561607617,-143.29827622286263,-139.80181083849536,-151.13927077074152,-137.79224020320027,
api550a,Waves,API 550A,eq-api,low_bell,+12,3150.0,-6.0,0.013420680021408575,-77.445133946414,-116.28199412887142,-126.3893783616267,-147.44372193920722,-148.18113454140106,-146.22420698386313,
api550a,Waves,API 550A,eq-api,low_bell,+12,40.0,-12.0,0.0130902209102511,-78.61448263113063,-84.71477404503572,-128.2788780906331,-123.80348082584776,-171.16538871634867,-148.04814453648336,-153.3198837363505
api550a,Waves,API 550A,eq-api,low_bell,+12,40.0,-18.0,0.006065309566761261,-84.60992690454049,-96.5907453200446,-134.02524255449092,-136.0591157354985,-144.22767410305514,-147.62204708260134,-134.77815346407263
api550a,Waves,API 550A,eq-api,low_bell,+12,40.0,-6.0,0.029194677892906504,-72.92712665868208,-74.66584186626498,-112.36406965349866,-99.65181696061778,-151.32981478118327,-152.15364408684354,-153.09724355107295
api550a,Waves,API 550A,eq-api,low_bell,+12,400.0,-12.0,0.008835226946050472,-81.09795780632057,-103.98380602602872,-135.11304117463888,-142.9456834307928,-147.91879586550903,-147.8848540119879,-145.59047734713505
api550a,Waves,API 550A,eq-api,low_bell,+12,400.0,-18.0,0.0044380734988356055,-87.06206105644662,-115.81637311744404,-134.68749166430771,-140.44313677479073,-141.7560073502189,-136.15098520603834,-145.65323574788815
api550a,Waves,API 550A,eq-api,low_bell,+12,400.0,-6.0,0.01742316233157747,-75.24904927523286,-93.05366627923087,-119.74148392123209,-126.9869197676419,-158.7314397804817,-149.31280849614697,-148.5219584966666
api550a,Waves,API 550A,eq-api,low_bell,+12,4000.0,-12.0,0.006783009167258062,-83.37171808591955,-127.92379307277099,-138.51335052401643,-151.84451801785568,-176.09198112339487,,
api550a,Waves,API 550A,eq-api,low_bell,+12,4000.0,-18.0,0.003382628116461181,-89.4152484295082,-144.6904628093206,-131.64975304800268,-137.93871619576163,-176.94755915552315,,
api550a,Waves,API 550A,eq-api,low_bell,+12,4000.0,-6.0,0.013390780595431409,-77.46424361699462,-118.87457189176982,-127.08623900937773,-149.5833657830714,-172.95789679772503,,
api550a,Waves,API 550A,eq-api,low_bell,+12,50.0,-12.0,0.01596735648071314,-77.06345297085127,-82.34282018699061,-125.81332711695127,-118.24963345135025,-148.39403701064793,-153.5832400124408,-154.42196771869186
api550a,Waves,API 550A,eq-api,low_bell,+12,50.0,-18.0,0.007420980186378392,-82.9465731328942,-93.63367651972324,-141.45413642760008,-145.64749365564822,-136.57777144852648,-140.93939476435384,-148.02823735605716
api550a,Waves,API 550A,eq-api,low_bell,+12,50.0,-6.0,0.034055743868766405,-71.48097754178804,-73.51797090327527,-107.48071510818852,-94.29158766086944,-157.07293357381513,-153.14986992799956,-151.78449582120965
api550a,Waves,API 550A,eq-api,low_bell,+12,500.0,-12.0,0.00810886216647931,-81.83301518419819,-107.3430881554841,-136.62966861759583,-146.46024079230983,-149.6264157383702,-149.2923770821358,-146.09603133618592
api550a,Waves,API 550A,eq-api,low_bell,+12,500.0,-18.0,0.004083148404961744,-87.78366460398317,-118.99399054312583,-143.4149092626963,-137.11888416886728,-135.42547625255787,-134.50027436781673,-136.91884782285146
api550a,Waves,API 550A,eq-api,low_bell,+12,500.0,-6.0,0.016002620070540017,-75.95708620452298,-96.20893216727991,-121.9837986048845,-132.39627686337994,-152.66862869235285,-160.210047406105,-146.81180258576313
api550a,Waves,API 550A,eq-api,low_bell,+12,5000.0,-12.0,0.006771836595300432,-83.38591631679522,-135.18650520681098,-137.45218377804196,,,,
api550a,Waves,API 550A,eq-api,low_bell,+12,5000.0,-18.0,0.003404592574602256,-89.35886927437883,-135.8549359165348,-136.9909881808585,,,,
api550a,Waves,API 550A,eq-api,low_bell,+12,5000.0,-6.0,0.01337120210574545,-77.47676555140063,-122.7857823624849,-127.15998012507471,,,,
api550a,Waves,API 550A,eq-api,low_bell,+12,63.0,-12.0,0.020670742949785284,-75.00936713016378,-79.52165891731626,-118.90936971973788,-111.15945821339187,-142.92078020986563,-146.74436717145568,-152.69608507296516
api550a,Waves,API 550A,eq-api,low_bell,+12,63.0,-18.0,0.009536665414626994,-80.86776247334436,-90.4296342004784,-134.55000763327055,-131.55452900318025,-142.31356072427053,-139.89549924723838,-145.29602291007944
api550a,Waves,API 550A,eq-api,low_bell,+12,63.0,-6.0,0.03835796499066977,-69.687805680917,-74.24243176028838,-101.02796530993238,-87.09539735232624,-155.78684949704223,-162.8446771306443,-160.379245484291
api550a,Waves,API 550A,eq-api,low_bell,+12,630.0,-12.0,0.007624876084216869,-82.36183868987939,-110.62033413450013,-139.85460508267786,-149.9499871804638,-146.3848244934886,-146.9138278000015,-145.22605721076494
api550a,Waves,API 550A,eq-api,low_bell,+12,630.0,-18.0,0.0038213452490366306,-88.35764149703667,-122.51586978428432,-142.18835858742656,-142.00449368140443,-141.9072735410842,-135.05304228002453,-132.93072077913615
api550a,Waves,API 550A,eq-api,low_bell,+12,630.0,-6.0,0.01503883010879825,-76.47938569262537,-99.12155998890074,-123.40169727192803,-134.39185400383934,-149.74834367879023,-162.09985073624523,-148.2452876808804
api550a,Waves,API 550A,eq-api,low_bell,+12,6300.0,-12.0,0.006766119215162069,-83.39322260498513,-137.86331770113026,,,,,
api550a,Waves,API 550A,eq-api,low_bell,+12,6300.0,-18.0,0.003403896265610187,-89.36050072698434,-141.41583558549578,,,,,
api550a,Waves,API 550A,eq-api,low_bell,+12,6300.0,-6.0,0.01335282932018798,-77.48856824824352,-128.52570304960625,,,,,
api550a,Waves,API 550A,eq-api,low_bell,+12,80.0,-12.0,0.026379141477979342,-72.92666223867957,-77.31288433160216,-112.31380145219839,-103.75911590732075,-162.7196416074741,-146.1029451953274,-157.89450236677763
api550a,Waves,API 550A,eq-api,low_bell,+12,80.0,-18.0,0.0124472483356942,-78.65157680830806,-87.32290472739321,-132.21715252050123,-127.90619082986638,-146.01694712992116,-146.13610607674968,-146.86565982179619
api550a,Waves,API 550A,eq-api,low_bell,+12,80.0,-6.0,0.04070113410840402,-68.11227543169676,-96.52830322644016,-94.3223615781885,-79.73806659037763,-161.06657566823452,-161.23588874689904,-170.18670220997473
api550a,Waves,API 550A,eq-api,low_bell,+12,800.0,-12.0,0.007302711586401468,-82.73394152801883,-113.55001048723487,-139.41874315865843,-138.47279587005923,-144.6198683704923,-149.12253316582274,-145.4140899321341
api550a,Waves,API 550A,eq-api,low_bell,+12,800.0,-18.0,0.0036718132868276874,-88.70376728880915,-124.45545339807384,-150.76309941283094,-138.2458762984967,-143.44553106332316,-138.8582812265032,-134.40900295140096
api550a,Waves,API 550A,eq-api,low_bell,+12,800.0,-6.0,0.014408309287840508,-76.84131770282715,-101.90955381022417,-124.32292190969036,-140.74381531994098,-151.09116698486253,-149.0911461481073,-151.45726321987252
api550a,Waves,API 550A,eq-api,low_bell,+12,8000.0,-12.0,0.006755916630397812,-83.40631436728285,,,,,,
api550a,Waves,API 550A,eq-api,low_bell,+12,8000.0,-18.0,0.003387890947319288,-89.40141155206695,,,,,,
api550a,Waves,API 550A,eq-api,low_bell,+12,8000.0,-6.0,0.01334655878925096,-77.49261392417526,,,,,,
api550a,Waves,API 550A,eq-api,low_shelf,+12,100.0,-12.0,0.029200080104209013,-71.8027309092592,-77.1816130699821,-109.4405011705325,-100.47223998546957,-132.61486741393267,-132.96972369781923,-135.53331590815606
api550a,Waves,API 550A,eq-api,low_shelf,+12,100.0,-18.0,0.014298449810683692,-77.42193424897116,-86.31055530293624,-135.90954818248318,-123.06923636794635,-132.3529139855174,-132.03021314254715,-132.73031401255648
api550a,Waves,API 550A,eq-api,low_shelf,+12,100.0,-6.0,0.053880106816591965,-67.44867766980005,-70.60002263691858,-90.73610174318046,-76.49275067793833,-134.0212560773346,-134.44476674794367,-134.53467090770485
api550a,Waves,API 550A,eq-api,low_shelf,+12,1000.0,-12.0,0.008448549949876719,-81.46750162677196,-112.89198220769818,-144.10822151893518,-151.53810156689698,-138.51417360614587,-142.47878038321596,-143.10088515542205
api550a,Waves,API 550A,eq-api,low_shelf,+12,1000.0,-18.0,0.004245203499669423,-87.44270667465901,-126.48235114525616,-151.68904546358775,-136.1367684295071,-147.71580022636334,-138.13066706560238,-138.534066681236
api550a,Waves,API 550A,eq-api,low_shelf,+12,1000.0,-6.0,0.016588685195578573,-75.61459839021447,-101.6865235467724,-121.27630869351323,-137.1279540150653,-149.01323602598058,-158.80585160167436,-148.56333077451683
api550a,Waves,API 550A,eq-api,low_shelf,+12,10000.0,-12.0,0.0067613392469298254,-83.39934546002817,,,,,,
api550a,Waves,API 550A,eq-api,low_shelf,+12,10000.0,-18.0,0.003393918889360473,-89.38597082035564,,,,,,
api550a,Waves,API 550A,eq-api,low_shelf,+12,10000.0,-6.0,0.013341865467702203,-77.49566885713318,,,,,,
api550a,Waves,API 550A,eq-api,low_shelf,+12,125.0,-12.0,0.026613085471648784,-72.29635886073675,-79.26337502227403,-110.87799866799324,-104.5381005618301,-135.10169863181864,-140.5273291594685,-137.01901990574527
api550a,Waves,API 550A,eq-api,low_shelf,+12,125.0,-18.0,0.013140489882429447,-77.96595119629566,-88.88281847828802,-132.29728102479788,-130.21534461564843,-135.87338391895705,-136.3903901869823,-139.21353554006595
api550a,Waves,API 550A,eq-api,low_shelf,+12,125.0,-6.0,0.0439589763943037,-67.71759587451253,-78.3969177701775,-92.35783671585493,-80.43078107283348,-135.89506877024354,-138.5763667369882,-138.75337465833587
api550a,Waves,API 550A,eq-api,low_shelf,+12,1250.0,-12.0,0.007878683087471047,-82.07274472556593,-115.89850204462238,-141.233528839258,-146.75088202957338,-142.8122820247589,-141.23593407748612,-144.77839032168848
api550a,Waves,API 550A,eq-api,low_shelf,+12,1250.0,-18.0,0.003965648598481246,-88.03420852454201,-130.13548824262716,-137.9049129946691,-138.18200304004108,-142.5213341287294,-136.58177881038586,-136.449094349249
api550a,Waves,API 550A,eq-api,low_shelf,+12,1250.0,-6.0,0.01551769525109407,-76.18968318614277,-104.69532348106594,-122.42995843397176,-139.7345102474584,-154.30286822292595,-154.72935438804964,-150.855452246921
api550a,Waves,API 550A,eq-api,low_shelf,+12,160.0,-12.0,0.02363455602554583,-73.04864895729588,-82.01819276790832,-113.05855153655406,-109.73571776488447,-140.4381152628389,-141.2569561412752,-145.12470050185757
api550a,Waves,API 550A,eq-api,low_shelf,+12,160.0,-18.0,0.011750962360765678,-78.79512480208419,-92.13957300858573,-133.01193600215933,-132.75768219395448,-138.1772728974532,-141.0781777887967,-140.1362134675428
api550a,Waves,API 550A,eq-api,low_shelf,+12,160.0,-6.0,0.03933851617766693,-68.19170701332848,-112.00269506853766,-94.72432319437594,-85.58590785187788,-139.66512287380374,-140.20075157917944,-141.31143201596248
api550a,Waves,API 550A,eq-api,low_shelf,+12,1600.0,-12.0,0.007470983565521831,-82.5333102135092,-119.66197785284719,-137.54670467461762,-160.23158357497215,-141.11878163980674,-148.4273947542147,-143.1274255474301
api550a,Waves,API 550A,eq-api,low_shelf,+12,1600.0,-18.0,0.0037574663987038942,-88.50292012074378,-133.25930186378073,-132.09904539666425,-133.27084249794834,-145.8026225045511,-139.65186059994682,-130.09497894218495
api550a,Waves,API 550A,eq-api,low_shelf,+12,1600.0,-6.0,0.014716047948047253,-76.64762968600373,-107.75472253738701,-123.58910246694207,-148.6281051381646,-149.22342783721942,-148.55265249581146,-145.08740544115386
api550a,Waves,API 550A,eq-api,low_shelf,+12,200.0,-12.0,0.020978142652784134,-73.88501814140787,-85.05339401924559,-115.86043081659088,-114.9496091168271,-140.89942111870994,-144.84962666999294,-151.72731760344354
api550a,Waves,API 550A,eq-api,low_shelf,+12,200.0,-18.0,0.010539216531253521,-79.65498668229596,-95.5203663306886,-133.13028527783572,-131.64658020706696,-134.3719309523176,-147.65544985818133,-145.065260887747
api550a,Waves,API 550A,eq-api,low_shelf,+12,200.0,-6.0,0.03686405799631312,-68.79702899275952,-85.18511700803072,-97.48401366115797,-91.12848287192782,-141.33956487503036,-143.88939730544084,-144.0318664658748
api550a,Waves,API 550A,eq-api,low_shelf,+12,2000.0,-12.0,0.007199390969429225,-82.85467578272599,-121.66066927144757,-146.26745118784592,-150.44267755101097,-148.54134956283605,-137.43692130508546,-155.2330442105009
api550a,Waves,API 550A,eq-api,low_shelf,+12,2000.0,-18.0,0.003639542678617775,-88.77968919707055,-130.11065016629294,-151.83372332616187,-134.19947316969734,-139.484431207578,-143.8711286595335,-134.06150640498964
api550a,Waves,API 550A,eq-api,low_shelf,+12,2000.0,-6.0,0.014229589539724408,-76.93813792207393,-110.48526096419332,-125.09276438788076,-151.6612207348591,-152.0833691348449,-160.60276123968592,-152.38963064050952
api550a,Waves,API 550A,eq-api,low_shelf,+12,250.0,-12.0,0.01838258217440244,-74.89663553500033,-88.52217132357167,-118.88382863226266,-120.7300545472161,-151.18405108038354,-147.8079193142721,-144.98313892863086
api550a,Waves,API 550A,eq-api,low_shelf,+12,250.0,-18.0,0.009263071699874025,-80.72365309646412,-99.3834792103742,-135.14851383669512,-139.5344799486078,-145.20045130843806,-154.81455144064358,-149.56890543573772
api550a,Waves,API 550A,eq-api,low_shelf,+12,250.0,-6.0,0.033819810991186826,-69.59679037074801,-83.5866622952379,-100.71713521260855,-97.31171513921711,-144.72280408921318,-147.60499269673994,-147.76713213090466
api550a,Waves,API 550A,eq-api,low_shelf,+12,2500.0,-12.0,0.007047652694661136,-83.0395396068659,-123.41338538497783,-137.63523435494994,-145.54062015033372,-140.2476200476249,-146.72191701605612,-144.10157718898748
api550a,Waves,API 550A,eq-api,low_shelf,+12,2500.0,-18.0,0.003543313792113141,-89.01260911590656,-129.03657375255634,-138.55089604112172,-134.28976408985423,-139.40839477563057,-135.8839236497369,-137.3608637901867
api550a,Waves,API 550A,eq-api,low_shelf,+12,2500.0,-6.0,0.013905907000614651,-77.13721934228177,-112.93026798609927,-125.72724150579873,-152.71288888205723,-144.85298872639683,-151.9083860640198,-145.1024666779111
api550a,Waves,API 550A,eq-api,low_shelf,+12,31.5,-12.0,0.038871952087959606,-70.65145165839455,-71.97562761158021,-106.47021943327613,-88.09614608946188,-114.35156816654816,-115.47265099550066,-116.56665218706719
api550a,Waves,API 550A,eq-api,low_shelf,+12,31.5,-18.0,0.018655086302349647,-76.09485419524704,-79.9193316791737,-111.62036678455934,-106.588805519359,-114.33119415736283,-115.59417073561654,-116.41129624079747
api550a,Waves,API 550A,eq-api,low_shelf,+12,31.5,-6.0,0.17057983251029743,-66.99213044550491,-56.26681368804612,-87.22590683945548,-64.61243314198984,-113.86603502586668,-115.18697965360943,-116.49083382080087
api550a,Waves,API 550A,eq-api,low_shelf,+12,315.0,-12.0,0.015849558613422954,-76.09693204516921,-92.5516354624419,-122.57031296369561,-127.98424630315539,-143.00645831635086,-146.00180297873678,-161.29693403450247
api550a,Waves,API 550A,eq-api,low_shelf,+12,315.0,-18.0,0.008000729785601466,-81.96521585572273,-103.89257536131971,-148.40881591156884,-136.42701693982517,-136.54371060610774,-147.7253753620342,-180.7156962283388
api550a,Waves,API 550A,eq-api,low_shelf,+12,315.0,-6.0,0.030037659697871356,-70.60647859891958,-84.968093284666,-104.40253538936702,-104.23856783419582,-148.2203731731059,-149.2881990611051,-146.0992650817755
api550a,Waves,API 550A,eq-api,low_shelf,+12,3150.0,-12.0,0.006937189808975364,-83.17656335488809,-126.28125084659972,-143.85199415889875,-145.77898001933283,-154.98007422091206,-137.5019379208323,
api550a,Waves,API 550A,eq-api,low_shelf,+12,3150.0,-18.0,0.0034654465350890404,-89.20511909788104,-139.2413911572889,-134.62131542561423,-145.8252529090735,-138.04328082884908,-137.18782528351332,
api550a,Waves,API 550A,eq-api,low_shelf,+12,3150.0,-6.0,0.01369303724562416,-77.27071516428094,-115.47918151147579,-126.34827383119642,-145.63174657754124,-147.31848135264346,-150.8413842791098,
api550a,Waves,API 550A,eq-api,low_shelf,+12,40.0,-12.0,0.03743072438357118,-70.80556701963609,-72.5189807185606,-107.25930477624084,-89.89350168247475,-117.9687177158392,-119.47642226965189,-120.74547493721518
api550a,Waves,API 550A,eq-api,low_shelf,+12,40.0,-18.0,0.017947057599804868,-76.29193890925421,-80.60108960910875,-117.02425621271718,-109.52377139968857,-118.45918535669526,-119.70628534781497,-121.20838920158138
api550a,Waves,API 550A,eq-api,low_shelf,+12,40.0,-6.0,0.14388984527928314,-67.04414069863783,-57.86337587526017,-87.61993934465602,-66.27746994565494,-118.11965678126283,-119.59524925851585,-120.60811728075633
api550a,Waves,API 550A,eq-api,low_shelf,+12,400.0,-12.0,0.013592305790967651,-77.38207447680759,-96.93544262496657,-125.74705758967806,-137.57120296101073,-155.88253975137656,-141.92862978632172,-150.464717554682
api550a,Waves,API 550A,eq-api,low_shelf,+12,400.0,-18.0,0.006847196002538158,-83.30314545143183,-108.41575386470403,-138.38863319925588,-136.96669882413548,-147.23381667740807,-143.3997458870703,-149.20384233075342
api550a,Waves,API 550A,eq-api,low_shelf,+12,400.0,-6.0,0.026174241034416734,-71.75011108523988,-87.81217656412042,-108.33423030059393,-111.68176835744069,-151.92950901271675,-148.18185544846543,-154.3592782365327
api550a,Waves,API 550A,eq-api,low_shelf,+12,4000.0,-12.0,0.006863073677153001,-83.26972127037656,-130.68936385416174,-143.5381717148167,-138.9603759108787,-165.4345298398697,,
api550a,Waves,API 550A,eq-api,low_shelf,+12,4000.0,-18.0,0.0034494641655179606,-89.24503960416949,-139.5222913909567,-142.8139405966839,-144.64913770996253,-176.93488525454512,,
api550a,Waves,API 550A,eq-api,low_shelf,+12,4000.0,-6.0,0.013559469034454838,-77.35550517320989,-118.94270943010667,-126.1541870917879,-149.81848505646366,-173.74411449670572,,
api550a,Waves,API 550A,eq-api,low_shelf,+12,50.0,-12.0,0.03582302938290483,-71.01585624193774,-73.1416521596365,-107.44049870371411,-91.83328746778683,-121.87386159855492,-122.68665570593775,-124.60871874210709
api550a,Waves,API 550A,eq-api,low_shelf,+12,50.0,-18.0,0.017133365090887545,-76.56682678331637,-81.36513634177165,-121.98053883395083,-113.07772406324405,-121.40943414042428,-123.18118177793113,-124.63045371901146
api550a,Waves,API 550A,eq-api,low_shelf,+12,50.0,-6.0,0.1205614247869211,-67.1368913939884,-59.584787056813695,-88.0277718220517,-68.00605643530626,-121.96768244961243,-123.04471071481848,-124.2445076690626
api550a,Waves,API 550A,eq-api,low_shelf,+12,500.0,-12.0,0.011845710908401703,-78.55348652154169,-100.99500583063306,-131.3969308087328,-144.5289172952002,-144.28054430597808,-145.94051045416916,-146.7194524552981
api550a,Waves,API 550A,eq-api,low_shelf,+12,500.0,-18.0,0.005996141754763318,-84.45005952655599,-112.11604700068244,-137.79435507258984,-140.8598523981381,-139.6547867662049,-138.37201392137072,-140.94873277549706
api550a,Waves,API 550A,eq-api,low_shelf,+12,500.0,-6.0,0.022974041622695708,-72.84046176093784,-91.08512751950974,-112.01970184327571,-118.56302810877622,-147.90396205744193,-154.39470302775288,-145.8529084463203
api550a,Waves,API 550A,eq-api,low_shelf,+12,5000.0,-12.0,0.006829295010386123,-83.3125001546322,-137.61240161204017,-147.95161455976353,,,,
api550a,Waves,API 550A,eq-api,low_shelf,+12,5000.0,-18.0,0.0034177818483144403,-89.32513215087286,-144.1101574982769,-149.17181774914746,,,,
api550a,Waves,API 550A,eq-api,low_shelf,+12,5000.0,-6.0,0.01346274593167693,-77.4174942941062,-122.91437814812963,-127.28194286322172,,,,
api550a,Waves,API 550A,eq-api,low_shelf,+12,63.0,-12.0,0.033838291937092466,-71.20665487533041,-74.15770748869355,-107.75803447434909,-94.52224475803293,-124.88190105039772,-127.21737742969965,-128.64734635625518
api550a,Waves,API 550A,eq-api,low_shelf,+12,63.0,-18.0,0.01623808688778335,-76.80174825416134,-82.61087989088469,-128.2566220423399,-122.0049677703591,-126.95236702749482,-127.02933651858926,-128.08087092834742
api550a,Waves,API 550A,eq-api,low_shelf,+12,63.0,-6.0,0.09510751689360404,-67.19828287569634,-62.078223394213914,-88.63884382215772,-70.32174505363395,-125.89778985485383,-126.85560694494421,-128.26219858125603
api550a,Waves,API 550A,eq-api,low_shelf,+12,630.0,-12.0,0.01037313889478136,-79.69418499244996,-105.13956732086379,-136.6631082567938,-144.02841290548838,-147.6731830062564,-149.7389889414173,-155.89394865050042
api550a,Waves,API 550A,eq-api,low_shelf,+12,630.0,-18.0,0.005235524596402897,-85.62462807996172,-116.2892432861206,-145.99939774461254,-140.3105841883691,-136.22200626287437,-135.00408794925158,-155.24161163729008
api550a,Waves,API 550A,eq-api,low_shelf,+12,630.0,-6.0,0.020244528150254414,-73.91045752973653,-94.67311609289773,-115.52847902379916,-125.39765500124955,-157.0796269596384,-148.16049241529134,-146.36271300269317
api550a,Waves,API 550A,eq-api,low_shelf,+12,6300.0,-12.0,0.006785521318222911,-83.36835189242301,-137.63024377189763,,,,,
api550a,Waves,API 550A,eq-api,low_shelf,+12,6300.0,-18.0,0.0033953795478492807,-89.38239910922276,-133.56756092071657,,,,,
api550a,Waves,API 550A,eq-api,low_shelf,+12,6300.0,-6.0,0.01340752108955133,-77.45306985929273,-127.85014841913281,,,,,
api550a,Waves,API 550A,eq-api,low_shelf,+12,80.0,-12.0,0.031686118223335745,-71.43042226499891,-75.4884422147993,-108.55418857423005,-97.21459983003015,-128.82899450595755,-129.3281285485181,-131.72824798231784
api550a,Waves,API 550A,eq-api,low_shelf,+12,80.0,-18.0,0.015395878729499749,-77.00781140003764,-84.21885272185338,-135.19911221490526,-120.59129033917276,-129.42447887028698,-132.57934145377223,-133.72878557317748
api550a,Waves,API 550A,eq-api,low_shelf,+12,80.0,-6.0,0.0715031867195408,-67.27463883469756,-65.61559813597655,-89.52835327554581,-73.14967418401102,-129.571453854715,-130.3718689683558,-131.94029931334404
api550a,Waves,API 550A,eq-api,low_shelf,+12,800.0,-12.0,0.009219200080988164,-80.7124511799145,-109.093063311251,-139.37333102981012,-140.92046702143017,-146.35196997421173,-154.97188482870587,-141.48901148935443
api550a,Waves,API 550A,eq-api,low_shelf,+12,800.0,-18.0,0.004650660235354867,-86.65146738376718,-120.92659011193938,-138.32948122570892,-150.37804934337493,-148.336014098504,-138.2639639250781,-134.4019510967516
api550a,Waves,API 550A,eq-api,low_shelf,+12,800.0,-6.0,0.01807706151586479,-74.87681094433688,-98.41817001438804,-118.56383541141815,-131.51912015720956,-156.37540300330426,-147.31089032581258,-153.8758474423488
api550a,Waves,API 550A,eq-api,low_shelf,+12,8000.0,-12.0,0.006772533229549963,-83.38497710832547,,,,,,
api550a,Waves,API 550A,eq-api,low_shelf,+12,8000.0,-18.0,0.0034044421001809926,-89.35908095058645,,,,,,
api550a,Waves,API 550A,eq-api,low_shelf,+12,8000.0,-6.0,0.013365592339737501,-77.48023578614155,,,,,,
api550a,Waves,API 550A,eq-api,mid_bell,+12,100.0,-12.0,0.007416917359063239,-82.77167703454872,-96.60474559768767,-137.2504722100006,-136.38030749794945,-137.718512049034,-142.55363992365926,-132.80224590241377
api550a,Waves,API 550A,eq-api,mid_bell,+12,100.0,-18.0,0.0036837815143838048,-88.71842670354319,-108.82895918983608,-126.25008990675451,-146.70147263365172,-129.59043292940555,-125.29080267438044,-134.7787327276297
api550a,Waves,API 550A,eq-api,mid_bell,+12,100.0,-6.0,0.015339474895959776,-76.86659056613021,-85.29594203605069,-124.77856536707641,-122.71910501699728,-133.95143814945146,-139.2757893786122,-140.2996958390182
api550a,Waves,API 550A,eq-api,mid_bell,+12,1000.0,-12.0,0.022900601498259968,-72.81973247461023,-97.119761332035,-111.91139189989778,-124.22527250435999,-150.60162127759955,-160.05092532038714,-159.86313635208717
api550a,Waves,API 550A,eq-api,mid_bell,+12,1000.0,-18.0,0.01184243449043182,-78.53743129933802,-106.97451489367113,-130.63035768764627,-142.08284721004685,-155.64103129982402,-140.95540548232887,-151.61625494389125
api550a,Waves,API 550A,eq-api,mid_bell,+12,1000.0,-6.0,0.039666657500461104,-68.04541001682668,-108.42835824525889,-93.94866819156653,-100.63542400616,-162.28641762256143,-161.81541058694702,-158.39160230959942
api550a,Waves,API 550A,eq-api,mid_bell,+12,10000.0,-12.0,0.0070866895944010945,-82.99113178893808,,,,,,
api550a,Waves,API 550A,eq-api,mid_bell,+12,10000.0,-18.0,0.0035548210977968593,-88.98364501932951,,,,,,
api550a,Waves,API 550A,eq-api,mid_bell,+12,10000.0,-6.0,0.013991049901320027,-77.0829938885175,,,,,,
api550a,Waves,API 550A,eq-api,mid_bell,+12,125.0,-12.0,0.007678545139133928,-82.43298269917528,-97.32914771985588,-139.6421770489755,-133.5743042655386,-137.2839267216066,-133.20416360913197,-132.34576659964398
api550a,Waves,API 550A,eq-api,mid_bell,+12,125.0,-18.0,0.003805351554605068,-88.43206589805418,-109.01303723501749,-133.76348750435602,-133.32462639843317,-123.39298506264234,-143.62997947846583,-127.92986193501278
api550a,Waves,API 550A,eq-api,mid_bell,+12,125.0,-6.0,0.015678210676524005,-76.54461968588674,-86.1592278624707,-124.39573698357137,-124.3480092993918,-138.04709937760902,-136.4650437262565,-137.20161514704535
api550a,Waves,API 550A,eq-api,mid_bell,+12,1250.0,-12.0,0.018453033153188664,-74.6867450089374,-102.0909214851497,-117.90039415710746,-133.95062156866817,-150.40948710483315,-155.5101272841274,-155.97478692533016
api550a,Waves,API 550A,eq-api,mid_bell,+12,1250.0,-18.0,0.009434232872931837,-80.50831012839033,-113.0393540283896,-135.95421925896406,-140.8558478908697,-147.3616550357092,-151.95418509029503,-153.37399003384147
api550a,Waves,API 550A,eq-api,mid_bell,+12,1250.0,-6.0,0.033820605514301647,-69.42672676623103,-97.86316179145622,-99.98410911942928,-110.72884912542978,-153.56184733078626,-153.70301614842293,-159.5815277921143
api550a,Waves,API 550A,eq-api,mid_bell,+12,160.0,-12.0,0.008129377072694921,-81.89853345514257,-98.2520540463738,-125.73620905977812,-131.51180239275993,-134.89555113373308,-136.92621967122085,-139.50691976907098
api550a,Waves,API 550A,eq-api,mid_bell,+12,160.0,-18.0,0.004069253260414121,-87.83999614330784,-109.81471026967665,-131.88238340259474,-126.15963709866732,-124.67538379922962,-136.75568446709116,-123.93274448061646
api550a,Waves,API 550A,eq-api,mid_bell,+12,160.0,-6.0,0.01645014368612509,-76.01369294665648,-86.94780155326164,-121.82658626294413,-120.67747680530564,-145.81893496346788,-136.96688697212207,-140.91018189305356
api550a,Waves,API 550A,eq-api,mid_bell,+12,1600.0,-12.0,0.014374737388804903,-76.85128995090776,-108.14620223984119,-125.2552842081052,-140.3308781876993,-148.28401427971986,-142.8543138359161,-148.89660748180435
api550a,Waves,API 550A,eq-api,mid_bell,+12,1600.0,-18.0,0.00730190576416243,-82.73215464370587,-119.80903872151745,-155.92269267321666,-139.64113011687752,-148.89929577916382,-137.72798482046218,-143.05807258310972
api550a,Waves,API 550A,eq-api,mid_bell,+12,1600.0,-6.0,0.027320811769784972,-71.27779828151577,-99.5829361117689,-106.76487459414287,-122.44085147927501,-151.62364076460733,-160.34211509466712,-153.90024434660137
api550a,Waves,API 550A,eq-api,mid_bell,+12,200.0,-12.0,0.008846812459038862,-81.1477168865042,-98.27832095875173,-132.66307284905628,-127.83764161955918,-133.69021780867297,-140.56251732574003,-134.225603820892
api550a,Waves,API 550A,eq-api,mid_bell,+12,200.0,-18.0,0.004466788483357333,-87.02510773639875,-109.65294865507742,-125.72824342530805,-136.19581917235976,-132.99561454530345,-129.6567681891558,-127.50153466217765
api550a,Waves,API 550A,eq-api,mid_bell,+12,200.0,-6.0,0.01768611239206223,-75.30617045485899,-87.42876323404245,-119.04701702114151,-121.4302505890398,-147.1245788757547,-141.65765086759617,-144.55283231618543
api550a,Waves,API 550A,eq-api,mid_bell,+12,2000.0,-12.0,0.011865393425845609,-78.51594951231098,-112.98829900371801,-128.9842320987762,-148.92166696703492,-144.6307804692124,-146.20223440050364,-146.46358374945837
api550a,Waves,API 550A,eq-api,mid_bell,+12,2000.0,-18.0,0.0059988565642081155,-84.43916851204735,-123.8601277823982,-149.0798510666831,-141.17015828867522,-156.03428148427554,-142.4262447954112,-137.02376434392957
api550a,Waves,API 550A,eq-api,mid_bell,+12,2000.0,-6.0,0.02291195413209831,-72.80302914484793,-103.44514022346262,-112.01197516467337,-131.0345325229469,-154.4051871128333,-146.11100080508686,-164.8238407013436
api550a,Waves,API 550A,eq-api,mid_bell,+12,250.0,-12.0,0.009879535166425611,-80.17169702530096,-98.29771534109575,-129.33479173195198,-133.88961757818998,-142.21938839721824,-146.52699686578734,-149.01364633851665
api550a,Waves,API 550A,eq-api,mid_bell,+12,250.0,-18.0,0.004965120893637343,-86.0973270925081,-110.57037363276699,-134.53518459405697,-130.65926156928722,-136.51642559944744,-130.454521796259,-137.06349919537527
api550a,Waves,API 550A,eq-api,mid_bell,+12,250.0,-6.0,0.019592455754716978,-74.36058771356123,-87.5830619563351,-117.23261186832579,-119.42011303476224,-149.97749438809274,-144.33607606726733,-145.45048458414567
api550a,Waves,API 550A,eq-api,mid_bell,+12,2500.0,-12.0,0.010174180478109834,-79.85065239977837,-118.33590594174186,-132.65785868480722,-154.91390104593233,-151.64312109701027,-142.9414208035102,-150.9207816402115
api550a,Waves,API 550A,eq-api,mid_bell,+12,2500.0,-18.0,0.005132798699017934,-85.79327591092435,-128.53970659982025,-137.07458214808926,-141.56786546556998,-133.82808954313157,-142.56153067643106,-142.83904407558705
api550a,Waves,API 550A,eq-api,mid_bell,+12,2500.0,-6.0,0.019823153611178472,-74.05876682294404,-107.57639501224388,-115.83375351599352,-138.60214294860032,-159.06465034972268,-159.31599694773152,-150.0417167583543
api550a,Waves,API 550A,eq-api,mid_bell,+12,31.5,-12.0,0.007339267515894233,-83.12411618949002,-92.87518422624329,-142.57315260417394,-146.7361218582952,-151.68869668143816,-143.80034219552812,-142.49393684050568
api550a,Waves,API 550A,eq-api,mid_bell,+12,31.5,-18.0,0.0036317575151698085,-88.90688180660351,-104.86287004390555,-137.7190394633181,-132.76098394982748,-152.29540000107966,-137.10193804711534,-135.3312553482395
api550a,Waves,API 550A,eq-api,mid_bell,+12,31.5,-6.0,0.016098674926486027,-77.24727990433328,-81.50830745162867,-124.71467158487856,-116.63313505589669,-150.9716785362585,-147.59135367572011,-150.27381890263848
api550a,Waves,API 550A,eq-api,mid_bell,+12,315.0,-12.0,0.011535969492726178,-78.81584801606299,-97.61528695148473,-129.13097415269567,-138.14884355444204,-151.48618662903743,-155.09021467841498,-149.0075939140185
api550a,Waves,API 550A,eq-api,mid_bell,+12,315.0,-18.0,0.005803904693294776,-84.74151353864274,-109.10828813438104,-137.0548506765213,-138.23243901250393,-144.20660354307955,-149.306383718729,-142.3961426269036
api550a,Waves,API 550A,eq-api,mid_bell,+12,315.0,-6.0,0.0225995097417284,-73.07305961533109,-87.48734517563187,-113.02281938760403,-115.72293447800516,-149.1617604552204,-161.12233953674266,-145.64789460950325
api550a,Waves,API 550A,eq-api,mid_bell,+12,3150.0,-12.0,0.009011160164095687,-80.90470620679575,-122.56197645374242,-135.71382150280306,-138.89579745255745,-147.95043107629516,-144.80553224532176,
api550a,Waves,API 550A,eq-api,mid_bell,+12,3150.0,-18.0,0.004522855135004563,-86.89186584062485,-133.70522107037718,-142.95302465904945,-159.80039495857,-141.92351942034134,-146.9092781698853,
api550a,Waves,API 550A,eq-api,mid_bell,+12,3150.0,-6.0,0.017639915570648573,-75.07115365710311,-111.84933344883288,-119.10223380916685,-156.32575249059283,-156.92421449844997,-149.10662892096371,
api550a,Waves,API 550A,eq-api,mid_bell,+12,40.0,-12.0,0.007195230556290696,-83.24852239327168,-93.52680242799751,-137.33726364190096,-136.5618420163766,-136.24819444032676,-144.4117942744672,-140.7849734182045
api550a,Waves,API 550A,eq-api,mid_bell,+12,40.0,-18.0,0.0035469624558599664,-89.09892741231411,-105.63775657453506,-140.76594727086442,-138.47352778747916,-136.21802290908664,-133.946720818339,-128.8289097992582
api550a,Waves,API 550A,eq-api,mid_bell,+12,40.0,-6.0,0.015774553591355312,-77.28011232872255,-82.09331993729997,-125.77243793185892,-117.94587981671813,-150.77260018700304,-143.98773460105528,-150.86395169104912
api550a,Waves,API 550A,eq-api,mid_bell,+12,400.0,-12.0,0.014141264292694534,-77.04072238393367,-96.36733716142935,-126.05557809981224,-132.66950464620453,-149.7306181344066,-158.54197251120644,-141.06799076458046
api550a,Waves,API 550A,eq-api,mid_bell,+12,400.0,-18.0,0.007120142473515247,-82.96378286312255,-108.04395639723366,-140.18359054792788,-137.56717218334379,-132.69742073034482,-137.3841517746322,-139.26654716989316
api550a,Waves,API 550A,eq-api,mid_bell,+12,400.0,-6.0,0.02710134268794233,-71.44833106092617,-87.49793433388704,-107.44231554314032,-110.33327413674411,-147.1454288627105,-166.13359236154562,-148.27617720586318
api550a,Waves,API 550A,eq-api,mid_bell,+12,4000.0,-12.0,0.008228162176599071,-81.69407062554848,-127.46008675913427,-138.73140777654885,-142.3114749620332,-178.40563932799444,,
api550a,Waves,API 550A,eq-api,mid_bell,+12,4000.0,-18.0,0.004136245873672764,-87.6679739591468,-138.13181351255506,-137.49754334859804,-141.81953527780402,-177.797107771517,,
api550a,Waves,API 550A,eq-api,mid_bell,+12,4000.0,-6.0,0.01616178986951057,-75.83074934683889,-115.99229707974158,-121.41846188627042,-151.8630869852598,-184.28146318042099,,
api550a,Waves,API 550A,eq-api,mid_bell,+12,50.0,-12.0,0.007223516931649038,-83.16207976695429,-94.09461651475424,-145.80255560221661,-135.2977613288183,-140.78510483581158,-132.92555487050916,-135.98354551591132
api550a,Waves,API 550A,eq-api,mid_bell,+12,50.0,-18.0,0.003498432067140058,-89.21027098803278,-106.15454307175193,-141.76451821577047,-131.51293618308543,-134.89446623266977,-138.16665632143201,-129.48442661967252
api550a,Waves,API 550A,eq-api,mid_bell,+12,50.0,-6.0,0.015522655892653862,-77.27870022921383,-82.6911095213697,-126.46602754255126,-118.81579815597274,-150.96591154316428,-151.73986284415034,-155.25505952043198
api550a,Waves,API 550A,eq-api,mid_bell,+12,500.0,-12.0,0.017713280172613446,-75.08175805598842,-94.66177863824227,-119.85396036559615,-129.1353219804646,-155.83080859049878,-152.63670467202974,-146.86469688755471
api550a,Waves,API 550A,eq-api,mid_bell,+12,500.0,-18.0,0.009005834497605688,-80.92365744790824,-105.7976316988888,-139.81006175494716,-136.67731685707392,-142.6987961281791,-167.8170382988441,-145.00950293940687
api550a,Waves,API 550A,eq-api,mid_bell,+12,500.0,-6.0,0.03275194364609206,-69.74861267419666,-89.22611251521127,-101.19897628626781,-104.10804956753964,-152.15335390990538,-165.16664017134588,-162.87698532650523
api550a,Waves,API 550A,eq-api,mid_bell,+12,5000.0,-12.0,0.007748269156590725,-82.215957503477,-132.52976626302274,-138.1502748812365,,,,
api550a,Waves,API 550A,eq-api,mid_bell,+12,5000.0,-18.0,0.0038883977761950215,-88.20469763096332,-134.6942994194433,-143.15409896377446,,,,
api550a,Waves,API 550A,eq-api,mid_bell,+12,5000.0,-6.0,0.015259467706877257,-76.32947609796435,-120.30119459136371,-123.1760038012127,,,,
api550a,Waves,API 550A,eq-api,mid_bell,+12,63.0,-12.0,0.007198389803713973,-83.13897906041562,-94.84688468593527,-144.39293192083116,-139.80502852248523,-139.4872459195285,-137.4674856464981,-134.34512697875243
api550a,Waves,API 550A,eq-api,mid_bell,+12,63.0,-18.0,0.0035275136483093597,-89.13128223313224,-106.47519273453311,-137.531227047827,-134.82405459879718,-130.58933262144097,-131.42641318180213,-127.67218788987438
api550a,Waves,API 550A,eq-api,mid_bell,+12,63.0,-6.0,0.01532607685061961,-77.21284649821939,-83.47810169481554,-125.63355074240516,-120.8228165136515,-138.84511513253196,-157.6118488779294,-141.6746867509557
api550a,Waves,API 550A,eq-api,mid_bell,+12,630.0,-12.0,0.022303477223247,-73.07298760035494,-93.41989008451732,-112.77173952658075,-121.18448461693436,-155.0803606593914,-157.23528506501947,-155.35974626317113
api550a,Waves,API 550A,eq-api,mid_bell,+12,630.0,-18.0,0.01149251269019903,-78.80671226226565,-103.42340424882978,-130.39488690219503,-139.62127113065904,-143.306004232344,-142.64831650126982,-152.3655022191576
api550a,Waves,API 550A,eq-api,mid_bell,+12,630.0,-6.0,0.03890466558117626,-68.21466381074929,-115.39706026801113,-94.78163248180536,-97.54630986301316,-163.4062433467588,-164.81016338672478,-154.46254732195715
api550a,Waves,API 550A,eq-api,mid_bell,+12,6300.0,-12.0,0.0074331041312320325,-82.57662633415121,-134.08693200115982,,,,,
api550a,Waves,API 550A,eq-api,mid_bell,+12,6300.0,-18.0,0.0037429174269136977,-88.53594352146898,-133.19805367773245,,,,,
api550a,Waves,API 550A,eq-api,mid_bell,+12,6300.0,-6.0,0.014638985696564182,-76.6898231805647,-126.74211178601118,,,,,
api550a,Waves,API 550A,eq-api,mid_bell,+12,80.0,-12.0,0.00727178066436103,-82.99260772958473,-95.73082498188955,-136.83969128541895,-136.81539386703702,-128.7989174907151,-139.88878678985085,-134.50765520580754
api550a,Waves,API 550A,eq-api,mid_bell,+12,80.0,-18.0,0.003575758394810114,-88.99291111827523,-107.7625486335694,-143.82979587135674,-138.10354678611708,-127.01546367673855,-130.33547995380536,-122.42447671376968
api550a,Waves,API 550A,eq-api,mid_bell,+12,80.0,-6.0,0.015240911400411384,-77.0836897942337,-84.37029736996719,-126.40999570210485,-121.091228525642,-145.65631843035396,-143.406226387633,-138.1117533404735
api550a,Waves,API 550A,eq-api,mid_bell,+12,800.0,-12.0,0.025165817564167862,-72.01149193843627,-94.09175783369362,-109.26022619960017,-119.21456855686614,-157.8547131599258,-150.83848611679534,-153.9197243443496
api550a,Waves,API 550A,eq-api,mid_bell,+12,800.0,-18.0,0.01310666788285431,-77.66185827204231,-103.37058378305825,-126.83841268993336,-149.4154163329231,-152.50711952209707,-147.7372382702035,-144.63899975264872
api550a,Waves,API 550A,eq-api,mid_bell,+12,800.0,-6.0,0.042128702821287084,-67.56274272144088,-89.42144113767382,-91.2686274923391,-94.99963304572817,-156.5110368106906,-160.49116003726368,-166.23902038508646
api550a,Waves,API 550A,eq-api,mid_bell,+12,8000.0,-12.0,0.007221997670472728,-82.8268531199036,,,,,,
api550a,Waves,API 550A,eq-api,mid_bell,+12,8000.0,-18.0,0.003627002600159793,-88.80904266156669,,,,,,
api550a,Waves,API 550A,eq-api,mid_bell,+12,8000.0,-6.0,0.01423632833299263,-76.93204008804409,,,,,,
api550a,Waves,API 550A,eq-api,extra,analog_off,100.0,-12.0,1.8432673907012214e-07,-200.0,-196.62977074908463,-200.0,-189.02466111042418,-200.0,-174.88019525607473,-200.0
api550a,Waves,API 550A,eq-api,extra,analog_off,100.0,-18.0,6.343976118724657e-08,-200.0,-189.7515700891296,-200.0,-187.60885231446022,-200.0,-189.09576088707158,-200.0
api550a,Waves,API 550A,eq-api,extra,analog_off,100.0,-6.0,6.957459662745526e-08,-200.0,-192.18948173140032,-200.0,-185.59751324535742,-200.0,-188.29504306023267,-200.0
api550a,Waves,API 550A,eq-api,extra,analog_off,1000.0,-12.0,5.0752068326518316e-08,-200.0,-194.56046090782576,-200.0,-188.24317348212614,-200.0,-191.38301325952557,-200.0
api550a,Waves,API 550A,eq-api,extra,analog_off,1000.0,-18.0,1.633813991232782e-08,-200.0,-198.97796351395894,-200.0,-199.47112666778625,-200.0,-200.0,-200.0
api550a,Waves,API 550A,eq-api,extra,analog_off,1000.0,-6.0,3.532712517681078e-08,-200.0,-191.11856691809504,-200.0,-196.99650822144153,-200.0,-195.60062147675433,-200.0
api550a,Waves,API 550A,eq-api,extra,analog_off,10000.0,-12.0,2.702003668808829e-10,-200.0,,,,,,
api550a,Waves,API 550A,eq-api,extra,analog_off,10000.0,-18.0,2.8329839369369407e-10,-200.0,,,,,,
api550a,Waves,API 550A,eq-api,extra,analog_off,10000.0,-6.0,1.6656436346068434e-10,-200.0,,,,,,
api550a,Waves,API 550A,eq-api,extra,analog_off,125.0,-12.0,1.732841829897135e-07,-200.0,-189.40671559588554,-200.0,-186.99716386330823,-200.0,-175.70498637706766,-200.0
api550a,Waves,API 550A,eq-api,extra,analog_off,125.0,-18.0,7.034035135194226e-08,-200.0,-187.12557474831047,-200.0,-187.68756612737042,-200.0,-188.83971622310966,-200.0
api550a,Waves,API 550A,eq-api,extra,analog_off,125.0,-6.0,8.632291733993807e-08,-200.0,-191.38324503755936,-200.0,-182.3518862581105,-200.0,-190.42917175356183,-200.0
api550a,Waves,API 550A,eq-api,extra,analog_off,1250.0,-12.0,2.141150365409483e-08,-200.0,-197.40630510038034,-200.0,-200.0,-200.0,-197.19684643781665,-200.0
api550a,Waves,API 550A,eq-api,extra,analog_off,1250.0,-18.0,2.6737476714422173e-08,-200.0,-193.59313762634633,-200.0,-197.0466611373456,-200.0,-200.0,-200.0
api550a,Waves,API 550A,eq-api,extra,analog_off,1250.0,-6.0,3.4124220102370125e-08,-200.0,-200.0,-200.0,-189.78689876209788,-200.0,-200.0,-200.0
api550a,Waves,API 550A,eq-api,extra,analog_off,160.0,-12.0,1.0803021299504131e-07,-200.0,-193.77725078584362,-200.0,-184.80477376166408,-200.0,-180.99971986222346,-200.0
api550a,Waves,API 550A,eq-api,extra,analog_off,160.0,-18.0,5.310262266546254e-08,-200.0,-188.67221486428832,-200.0,-188.35749572796897,-200.0,-200.0,-200.0
api550a,Waves,API 550A,eq-api,extra,analog_off,160.0,-6.0,8.997212936853531e-08,-200.0,-191.06891253041806,-200.0,-181.58493085932656,-200.0,-194.30855618966308,-200.0
api550a,Waves,API 550A,eq-api,extra,analog_off,1600.0,-12.0,2.9280471985684478e-08,-200.0,-200.0,-200.0,-194.1441861477374,-200.0,-193.97148448735834,-200.0
api550a,Waves,API 550A,eq-api,extra,analog_off,1600.0,-18.0,7.76302678747166e-08,-200.0,-187.8618771946556,-200.0,-184.32331974106296,-200.0,-191.58081814933104,-200.0
api550a,Waves,API 550A,eq-api,extra,analog_off,1600.0,-6.0,3.244272078166252e-08,-200.0,-195.85433694733584,-200.0,-192.71440765612968,-200.0,-195.89188109587067,-200.0
api550a,Waves,API 550A,eq-api,extra,analog_off,200.0,-12.0,1.1773714434435224e-07,-200.0,-188.99848270296565,-200.0,-185.40261581270528,-200.0,-180.12316984580139,-200.0
api550a,Waves,API 550A,eq-api,extra,analog_off,200.0,-18.0,7.361837831052928e-08,-200.0,-187.67920394174038,-200.0,-188.68193315141673,-200.0,-186.27330208503037,-200.0
api550a,Waves,API 550A,eq-api,extra,analog_off,200.0,-6.0,5.931505815374174e-08,-200.0,-196.19537470364895,-200.0,-185.59742041548358,-200.0,-192.8210317813626,-200.0
api550a,Waves,API 550A,eq-api,extra,analog_off,2000.0,-12.0,3.94720253804592e-08,-200.0,-200.0,-200.0,-191.32856597901826,-200.0,-191.37830583190296,-200.0
api550a,Waves,API 550A,eq-api,extra,analog_off,2000.0,-18.0,3.7808490882904416e-08,-200.0,-192.98283325034632,-200.0,-196.5115364462435,-200.0,-191.53077694191262,-200.0
api550a,Waves,API 550A,eq-api,extra,analog_off,2000.0,-6.0,3.5893869509613685e-08,-200.0,-192.25406757489844,-200.0,-198.46418344851406,-200.0,-192.58973066460072,-200.0
api550a,Waves,API 550A,eq-api,extra,analog_off,250.0,-12.0,6.925732030927067e-08,-200.0,-192.7053246982971,-200.0,-190.25743224418207,-200.0,-184.79155557140078,-200.0
api550a,Waves,API 550A,eq-api,extra,analog_off,250.0,-18.0,8.660291437297695e-08,-200.0,-184.01380143427812,-200.0,-187.24582037739708,-200.0,-187.8352751863273,-200.0
api550a,Waves,API 550A,eq-api,extra,analog_off,250.0,-6.0,5.720135084535335e-08,-200.0,-196.14431588010854,-200.0,-185.2171008441411,-200.0,-200.0,-200.0
api550a,Waves,API 550A,eq-api,extra,analog_off,2500.0,-12.0,5.939312398083165e-08,-200.0,-193.79319097662562,-200.0,-194.5658879109444,-200.0,-185.59013725113027,-200.0
api550a,Waves,API 550A,eq-api,extra,analog_off,2500.0,-18.0,2.9700778069366798e-08,-200.0,-193.62281076535086,-200.0,-193.68936148041374,-200.0,-200.0,-200.0
api550a,Waves,API 550A,eq-api,extra,analog_off,2500.0,-6.0,3.0895549989451915e-08,-200.0,-200.0,-200.0,-199.36735608412886,-200.0,-190.93996333693514,-200.0
api550a,Waves,API 550A,eq-api,extra,analog_off,31.5,-12.0,6.998146655641066e-08,-200.0,-199.28317343491162,-200.0,-193.27004250867475,-200.0,-183.6567520332854,-200.0
api550a,Waves,API 550A,eq-api,extra,analog_off,31.5,-18.0,6.26378152286567e-08,-200.0,-186.64371639453105,-200.0,-187.90328300677254,-200.0,-198.6308483058229,-200.0
api550a,Waves,API 550A,eq-api,extra,analog_off,31.5,-6.0,3.5825484762168624e-08,-200.0,-195.68677623946698,-200.0,-196.2945697607891,-200.0,-191.08588048399454,-200.0
api550a,Waves,API 550A,eq-api,extra,analog_off,315.0,-12.0,5.873597683091605e-08,-200.0,-192.8235496925795,-200.0,-200.0,-200.0,-185.45548112865848,-200.0
api550a,Waves,API 550A,eq-api,extra,analog_off,315.0,-18.0,5.477527836892534e-08,-200.0,-191.93854095598113,-200.0,-188.9956412767988,-200.0,-189.58531604195568,-200.0
api550a,Waves,API 550A,eq-api,extra,analog_off,315.0,-6.0,6.01748006466996e-08,-200.0,-193.41883404371274,-200.0,-189.72022678514048,-200.0,-186.7791391363983,-200.0
api550a,Waves,API 550A,eq-api,extra,analog_off,3150.0,-12.0,4.452214508470787e-08,-200.0,-199.18757450300862,-200.0,-198.10765929650756,-200.0,-187.67912854091446,
api550a,Waves,API 550A,eq-api,extra,analog_off,3150.0,-18.0,4.170730778216032e-08,-200.0,-189.87951685902647,-200.0,-196.50431424313976,-200.0,-193.11830305567216,
api550a,Waves,API 550A,eq-api,extra,analog_off,3150.0,-6.0,3.778071205113268e-08,-200.0,-196.41537519583443,-200.0,-190.7655515701685,-200.0,-194.4289800911487,
api550a,Waves,API 550A,eq-api,extra,analog_off,40.0,-12.0,6.758534663526252e-08,-200.0,-194.29504413977537,-200.0,-194.5646232276205,-200.0,-184.14962851661352,-200.0
api550a,Waves,API 550A,eq-api,extra,analog_off,40.0,-18.0,5.692686314028513e-08,-200.0,-189.49183158661526,-200.0,-188.71327073356272,-200.0,-191.12557232739397,-200.0
api550a,Waves,API 550A,eq-api,extra,analog_off,40.0,-6.0,4.02779209115049e-08,-200.0,-197.21540747264154,-200.0,-190.89294261928575,-200.0,-192.08809753693686,-200.0
api550a,Waves,API 550A,eq-api,extra,analog_off,400.0,-12.0,6.648869054208736e-08,-200.0,-190.76356412827994,-200.0,-187.20354838550801,-200.0,-187.75189896588176,-200.0
api550a,Waves,API 550A,eq-api,extra,analog_off,400.0,-18.0,6.499438395094625e-08,-200.0,-186.6204918440855,-200.0,-189.02445909180048,-200.0,-190.99659308390994,-200.0
api550a,Waves,API 550A,eq-api,extra,analog_off,400.0,-6.0,2.7542174965566055e-08,-200.0,-193.46126164549537,-200.0,-200.0,-200.0,-196.68965116903098,-200.0
api550a,Waves,API 550A,eq-api,extra,analog_off,4000.0,-12.0,2.547527692642129e-08,-200.0,-200.0,-200.0,-192.18939992932096,-200.0,,
api550a,Waves,API 550A,eq-api,extra,analog_off,4000.0,-18.0,2.3935734711241874e-08,-200.0,-195.17350060336386,-200.0,-195.7051673398941,-200.0,,
api550a,Waves,API 550A,eq-api,extra,analog_off,4000.0,-6.0,3.705937019661574e-08,-200.0,-191.53591468120823,-200.0,-191.73105400017732,-200.0,,
api550a,Waves,API 550A,eq-api,extra,analog_off,50.0,-12.0,1.0748547523402761e-07,-200.0,-184.82659091988836,-200.0,-183.81921213012308,-200.0,-183.8597484098695,-200.0
api550a,Waves,API 550A,eq-api,extra,analog_off,50.0,-18.0,5.661407251768388e-08,-200.0,-199.10281626578882,-200.0,-186.19401674288542,-200.0,-191.67448921628508,-200.0
api550a,Waves,API 550A,eq-api,extra,analog_off,50.0,-6.0,9.19820517917255e-08,-200.0,-186.57385834228512,-200.0,-184.57151355183896,-200.0,-185.57592193238972,-200.0
api550a,Waves,API 550A,eq-api,extra,analog_off,500.0,-12.0,4.368488677826645e-08,-200.0,-200.0,-200.0,-191.45823057458242,-200.0,-189.50650401562876,-200.0
api550a,Waves,API 550A,eq-api,extra,analog_off,500.0,-18.0,4.662438990046167e-08,-200.0,-193.39590235270296,-200.0,-189.40568497216273,-200.0,-192.44382434895863,-200.0
api550a,Waves,API 550A,eq-api,extra,analog_off,500.0,-6.0,3.4360732734122224e-08,-200.0,-191.57265086744178,-200.0,-200.0,-200.0,-193.32724533336346,-200.0
api550a,Waves,API 550A,eq-api,extra,analog_off,5000.0,-12.0,9.512960774116605e-09,-200.0,-200.0,-200.0,,,,
api550a,Waves,API 550A,eq-api,extra,analog_off,5000.0,-18.0,6.364408171547593e-09,-200.0,-200.0,-200.0,,,,
api550a,Waves,API 550A,eq-api,extra,analog_off,5000.0,-6.0,2.206238267632282e-08,-200.0,-193.12740263826683,-200.0,,,,
api550a,Waves,API 550A,eq-api,extra,analog_off,63.0,-12.0,1.4005138114011213e-07,-200.0,-192.8645248924049,-200.0,-186.2787230154429,-200.0,-177.76203565765843,-200.0
api550a,Waves,API 550A,eq-api,extra,analog_off,63.0,-18.0,2.3062309903161616e-08,-200.0,-200.0,-200.0,-194.35128556347757,-200.0,-199.61181706205258,-200.0
api550a,Waves,API 550A,eq-api,extra,analog_off,63.0,-6.0,7.144558693213883e-08,-200.0,-200.0,-200.0,-183.47360868825234,-200.0,-192.8201104704058,-200.0
api550a,Waves,API 550A,eq-api,extra,analog_off,630.0,-12.0,5.558018060091639e-08,-200.0,-200.0,-200.0,-197.0302851443608,-200.0,-185.4481078247105,-200.0
api550a,Waves,API 550A,eq-api,extra,analog_off,630.0,-18.0,6.747852673366547e-08,-200.0,-191.80440943522098,-200.0,-190.18443726900125,-200.0,-185.3240555292496,-200.0
api550a,Waves,API 550A,eq-api,extra,analog_off,630.0,-6.0,5.812798017780485e-08,-200.0,-186.87086100186792,-200.0,-189.42102685659367,-200.0,-197.42871508829086,-200.0
api550a,Waves,API 550A,eq-api,extra,analog_off,6300.0,-12.0,5.010570567005349e-08,-200.0,-186.002473468512,,,,,
api550a,Waves,API 550A,eq-api,extra,analog_off,6300.0,-18.0,2.235207439048199e-08,-200.0,-193.01368256494854,,,,,
api550a,Waves,API 550A,eq-api,extra,analog_off,6300.0,-6.0,5.541889727125138e-08,-200.0,-185.1268816408642,,,,,
api550a,Waves,API 550A,eq-api,extra,analog_off,80.0,-12.0,1.6642250099806858e-07,-200.0,-190.58210643546343,-200.0,-187.6551631886984,-200.0,-176.0022209295886,-200.0
api550a,Waves,API 550A,eq-api,extra,analog_off,80.0,-18.0,6.649004787424422e-08,-200.0,-187.68032563712413,-200.0,-188.08810196949213,-200.0,-189.34828861359435,-200.0
api550a,Waves,API 550A,eq-api,extra,analog_off,80.0,-6.0,7.024403406608307e-08,-200.0,-192.724733451675,-200.0,-187.62700130031104,-200.0,-185.72966545559655,-200.0
api550a,Waves,API 550A,eq-api,extra,analog_off,800.0,-12.0,4.885048794548972e-08,-200.0,-189.09050605058,-200.0,-199.46176398708414,-200.0,-189.82876902686843,-200.0
api550a,Waves,API 550A,eq-api,extra,analog_off,800.0,-18.0,3.267568677099452e-08,-200.0,-197.92511322631321,-200.0,-200.0,-200.0,-190.63004416271986,-200.0
api550a,Waves,API 550A,eq-api,extra,analog_off,800.0,-6.0,5.863066798105641e-08,-200.0,-185.05602121717018,-200.0,-200.0,-200.0,-195.37270384991007,-200.0
api550a,Waves,API 550A,eq-api,extra,analog_off,8000.0,-12.0,3.0775194113154307e-10,-200.0,,,,,,
api550a,Waves,API 550A,eq-api,extra,analog_off,8000.0,-18.0,1.1119898235652761e-10,-200.0,,,,,,
api550a,Waves,API 550A,eq-api,extra,analog_off,8000.0,-6.0,1.7899070995042105e-10,-200.0,,,,,,
