slug,maker,models,family,group,state,condition,hz,level_dbfs
api2500,Waves,API 2500,comp,vca-api,off,silence,100.0,-200.0
api2500,Waves,API 2500,comp,vca-api,off,silence,1000.0,-200.0
api2500,Waves,API 2500,comp,vca-api,off,silence,10000.0,-200.0
api2500,Waves,API 2500,comp,vca-api,off,silence,125.0,-200.0
api2500,Waves,API 2500,comp,vca-api,off,silence,1250.0,-200.0
api2500,Waves,API 2500,comp,vca-api,off,silence,12500.0,-200.0
api2500,Waves,API 2500,comp,vca-api,off,silence,160.0,-200.0
api2500,Waves,API 2500,comp,vca-api,off,silence,1600.0,-200.0
api2500,Waves,API 2500,comp,vca-api,off,silence,16000.0,-200.0
api2500,Waves,API 2500,comp,vca-api,off,silence,20.0,-200.0
api2500,Waves,API 2500,comp,vca-api,off,silence,200.0,-200.0
api2500,Waves,API 2500,comp,vca-api,off,silence,2000.0,-200.0
api2500,Waves,API 2500,comp,vca-api,off,silence,20000.0,-200.0
api2500,Waves,API 2500,comp,vca-api,off,silence,25.0,-200.0
api2500,Waves,API 2500,comp,vca-api,off,silence,250.0,-200.0
api2500,Waves,API 2500,comp,vca-api,off,silence,2500.0,-200.0
api2500,Waves,API 2500,comp,vca-api,off,silence,31.5,-200.0
api2500,Waves,API 2500,comp,vca-api,off,silence,315.0,-200.0
api2500,Waves,API 2500,comp,vca-api,off,silence,3150.0,-200.0
api2500,Waves,API 2500,comp,vca-api,off,silence,40.0,-200.0
api2500,Waves,API 2500,comp,vca-api,off,silence,400.0,-200.0
api2500,Waves,API 2500,comp,vca-api,off,silence,4000.0,-200.0
api2500,Waves,API 2500,comp,vca-api,off,silence,50.0,-200.0
api2500,Waves,API 2500,comp,vca-api,off,silence,500.0,-200.0
api2500,Waves,API 2500,comp,vca-api,off,silence,5000.0,-200.0
api2500,Waves,API 2500,comp,vca-api,off,silence,63.0,-200.0
api2500,Waves,API 2500,comp,vca-api,off,silence,630.0,-200.0
api2500,Waves,API 2500,comp,vca-api,off,silence,6300.0,-200.0
api2500,Waves,API 2500,comp,vca-api,off,silence,80.0,-200.0
api2500,Waves,API 2500,comp,vca-api,off,silence,800.0,-200.0
api2500,Waves,API 2500,comp,vca-api,off,silence,8000.0,-200.0
api2500,Waves,API 2500,comp,vca-api,off,under_tone_-12,100.0,-200.0
api2500,Waves,API 2500,comp,vca-api,off,under_tone_-12,1000.0,-143.42
api2500,Waves,API 2500,comp,vca-api,off,under_tone_-12,10000.0,-173.84
api2500,Waves,API 2500,comp,vca-api,off,under_tone_-12,125.0,-200.0
api2500,Waves,API 2500,comp,vca-api,off,under_tone_-12,1250.0,-189.1
api2500,Waves,API 2500,comp,vca-api,off,under_tone_-12,12500.0,-176.76
api2500,Waves,API 2500,comp,vca-api,off,under_tone_-12,160.0,-200.0
api2500,Waves,API 2500,comp,vca-api,off,under_tone_-12,1600.0,-194.86
api2500,Waves,API 2500,comp,vca-api,off,under_tone_-12,16000.0,-174.44
api2500,Waves,API 2500,comp,vca-api,off,under_tone_-12,20.0,-200.0
api2500,Waves,API 2500,comp,vca-api,off,under_tone_-12,200.0,-200.0
api2500,Waves,API 2500,comp,vca-api,off,under_tone_-12,2000.0,-188.29
api2500,Waves,API 2500,comp,vca-api,off,under_tone_-12,20000.0,-173.76
api2500,Waves,API 2500,comp,vca-api,off,under_tone_-12,25.0,-200.0
api2500,Waves,API 2500,comp,vca-api,off,under_tone_-12,250.0,-200.0
api2500,Waves,API 2500,comp,vca-api,off,under_tone_-12,2500.0,-189.95
api2500,Waves,API 2500,comp,vca-api,off,under_tone_-12,31.5,-200.0
api2500,Waves,API 2500,comp,vca-api,off,under_tone_-12,315.0,-200.0
api2500,Waves,API 2500,comp,vca-api,off,under_tone_-12,3150.0,-175.78
api2500,Waves,API 2500,comp,vca-api,off,under_tone_-12,40.0,-200.0
api2500,Waves,API 2500,comp,vca-api,off,under_tone_-12,400.0,-200.0
api2500,Waves,API 2500,comp,vca-api,off,under_tone_-12,4000.0,-191.84
api2500,Waves,API 2500,comp,vca-api,off,under_tone_-12,50.0,-200.0
api2500,Waves,API 2500,comp,vca-api,off,under_tone_-12,500.0,-198.97
api2500,Waves,API 2500,comp,vca-api,off,under_tone_-12,5000.0,-176.06
api2500,Waves,API 2500,comp,vca-api,off,under_tone_-12,63.0,-200.0
api2500,Waves,API 2500,comp,vca-api,off,under_tone_-12,630.0,-196.04
api2500,Waves,API 2500,comp,vca-api,off,under_tone_-12,6300.0,-177.28
api2500,Waves,API 2500,comp,vca-api,off,under_tone_-12,80.0,-200.0
api2500,Waves,API 2500,comp,vca-api,off,under_tone_-12,800.0,-189.7
api2500,Waves,API 2500,comp,vca-api,off,under_tone_-12,8000.0,-179.93
api2500,Waves,API 2500,comp,vca-api,on,silence,100.0,-136.34
api2500,Waves,API 2500,comp,vca-api,on,silence,1000.0,-126.54
api2500,Waves,API 2500,comp,vca-api,on,silence,10000.0,-116.58
api2500,Waves,API 2500,comp,vca-api,on,silence,125.0,-135.9
api2500,Waves,API 2500,comp,vca-api,on,silence,1250.0,-125.83
api2500,Waves,API 2500,comp,vca-api,on,silence,12500.0,-115.71
api2500,Waves,API 2500,comp,vca-api,on,silence,160.0,-134.23
api2500,Waves,API 2500,comp,vca-api,on,silence,1600.0,-124.62
api2500,Waves,API 2500,comp,vca-api,on,silence,16000.0,-114.65
api2500,Waves,API 2500,comp,vca-api,on,silence,20.0,-142.82
api2500,Waves,API 2500,comp,vca-api,on,silence,200.0,-134.0
api2500,Waves,API 2500,comp,vca-api,on,silence,2000.0,-123.5
api2500,Waves,API 2500,comp,vca-api,on,silence,20000.0,-113.67
api2500,Waves,API 2500,comp,vca-api,on,silence,25.0,-141.85
api2500,Waves,API 2500,comp,vca-api,on,silence,250.0,-132.45
api2500,Waves,API 2500,comp,vca-api,on,silence,2500.0,-122.77
api2500,Waves,API 2500,comp,vca-api,on,silence,31.5,-141.85
api2500,Waves,API 2500,comp,vca-api,on,silence,315.0,-131.53
api2500,Waves,API 2500,comp,vca-api,on,silence,3150.0,-121.54
api2500,Waves,API 2500,comp,vca-api,on,silence,40.0,-140.42
api2500,Waves,API 2500,comp,vca-api,on,silence,400.0,-130.81
api2500,Waves,API 2500,comp,vca-api,on,silence,4000.0,-120.54
api2500,Waves,API 2500,comp,vca-api,on,silence,50.0,-140.06
api2500,Waves,API 2500,comp,vca-api,on,silence,500.0,-129.48
api2500,Waves,API 2500,comp,vca-api,on,silence,5000.0,-119.76
api2500,Waves,API 2500,comp,vca-api,on,silence,63.0,-139.51
api2500,Waves,API 2500,comp,vca-api,on,silence,630.0,-128.31
api2500,Waves,API 2500,comp,vca-api,on,silence,6300.0,-118.76
api2500,Waves,API 2500,comp,vca-api,on,silence,80.0,-138.31
api2500,Waves,API 2500,comp,vca-api,on,silence,800.0,-127.28
api2500,Waves,API 2500,comp,vca-api,on,silence,8000.0,-117.64
api2500,Waves,API 2500,comp,vca-api,on,under_tone_-12,100.0,-136.34
api2500,Waves,API 2500,comp,vca-api,on,under_tone_-12,1000.0,-126.8
api2500,Waves,API 2500,comp,vca-api,on,under_tone_-12,10000.0,-116.68
api2500,Waves,API 2500,comp,vca-api,on,under_tone_-12,125.0,-135.9
api2500,Waves,API 2500,comp,vca-api,on,under_tone_-12,1250.0,-125.83
api2500,Waves,API 2500,comp,vca-api,on,under_tone_-12,12500.0,-115.78
api2500,Waves,API 2500,comp,vca-api,on,under_tone_-12,160.0,-134.23
api2500,Waves,API 2500,comp,vca-api,on,under_tone_-12,1600.0,-124.62
api2500,Waves,API 2500,comp,vca-api,on,under_tone_-12,16000.0,-114.71
api2500,Waves,API 2500,comp,vca-api,on,under_tone_-12,20.0,-142.82
api2500,Waves,API 2500,comp,vca-api,on,under_tone_-12,200.0,-134.0
api2500,Waves,API 2500,comp,vca-api,on,under_tone_-12,2000.0,-123.62
api2500,Waves,API 2500,comp,vca-api,on,under_tone_-12,20000.0,-113.73
api2500,Waves,API 2500,comp,vca-api,on,under_tone_-12,25.0,-141.85
api2500,Waves,API 2500,comp,vca-api,on,under_tone_-12,250.0,-132.45
api2500,Waves,API 2500,comp,vca-api,on,under_tone_-12,2500.0,-122.77
api2500,Waves,API 2500,comp,vca-api,on,under_tone_-12,31.5,-141.85
api2500,Waves,API 2500,comp,vca-api,on,under_tone_-12,315.0,-131.53
api2500,Waves,API 2500,comp,vca-api,on,under_tone_-12,3150.0,-121.66
api2500,Waves,API 2500,comp,vca-api,on,under_tone_-12,40.0,-140.42
api2500,Waves,API 2500,comp,vca-api,on,under_tone_-12,400.0,-130.81
api2500,Waves,API 2500,comp,vca-api,on,under_tone_-12,4000.0,-120.64
api2500,Waves,API 2500,comp,vca-api,on,under_tone_-12,50.0,-140.07
api2500,Waves,API 2500,comp,vca-api,on,under_tone_-12,500.0,-129.48
api2500,Waves,API 2500,comp,vca-api,on,under_tone_-12,5000.0,-119.83
api2500,Waves,API 2500,comp,vca-api,on,under_tone_-12,63.0,-139.51
api2500,Waves,API 2500,comp,vca-api,on,under_tone_-12,630.0,-128.31
api2500,Waves,API 2500,comp,vca-api,on,under_tone_-12,6300.0,-118.86
api2500,Waves,API 2500,comp,vca-api,on,under_tone_-12,80.0,-138.31
api2500,Waves,API 2500,comp,vca-api,on,under_tone_-12,800.0,-127.28
api2500,Waves,API 2500,comp,vca-api,on,under_tone_-12,8000.0,-117.69
api550a,Waves,API 550A,eq,eq-api,off,silence,100.0,-200.0
api550a,Waves,API 550A,eq,eq-api,off,silence,1000.0,-200.0
api550a,Waves,API 550A,eq,eq-api,off,silence,10000.0,-200.0
api550a,Waves,API 550A,eq,eq-api,off,silence,125.0,-200.0
api550a,Waves,API 550A,eq,eq-api,off,silence,1250.0,-200.0
api550a,Waves,API 550A,eq,eq-api,off,silence,12500.0,-200.0
api550a,Waves,API 550A,eq,eq-api,off,silence,160.0,-200.0
api550a,Waves,API 550A,eq,eq-api,off,silence,1600.0,-200.0
api550a,Waves,API 550A,eq,eq-api,off,silence,16000.0,-200.0
api550a,Waves,API 550A,eq,eq-api,off,silence,20.0,-200.0
api550a,Waves,API 550A,eq,eq-api,off,silence,200.0,-200.0
api550a,Waves,API 550A,eq,eq-api,off,silence,2000.0,-200.0
api550a,Waves,API 550A,eq,eq-api,off,silence,20000.0,-200.0
api550a,Waves,API 550A,eq,eq-api,off,silence,25.0,-200.0
api550a,Waves,API 550A,eq,eq-api,off,silence,250.0,-200.0
api550a,Waves,API 550A,eq,eq-api,off,silence,2500.0,-200.0
api550a,Waves,API 550A,eq,eq-api,off,silence,31.5,-200.0
api550a,Waves,API 550A,eq,eq-api,off,silence,315.0,-200.0
api550a,Waves,API 550A,eq,eq-api,off,silence,3150.0,-200.0
api550a,Waves,API 550A,eq,eq-api,off,silence,40.0,-200.0
api550a,Waves,API 550A,eq,eq-api,off,silence,400.0,-200.0
api550a,Waves,API 550A,eq,eq-api,off,silence,4000.0,-200.0
api550a,Waves,API 550A,eq,eq-api,off,silence,50.0,-200.0
api550a,Waves,API 550A,eq,eq-api,off,silence,500.0,-200.0
api550a,Waves,API 550A,eq,eq-api,off,silence,5000.0,-200.0
api550a,Waves,API 550A,eq,eq-api,off,silence,63.0,-200.0
api550a,Waves,API 550A,eq,eq-api,off,silence,630.0,-200.0
api550a,Waves,API 550A,eq,eq-api,off,silence,6300.0,-200.0
api550a,Waves,API 550A,eq,eq-api,off,silence,80.0,-200.0
api550a,Waves,API 550A,eq,eq-api,off,silence,800.0,-200.0
api550a,Waves,API 550A,eq,eq-api,off,silence,8000.0,-200.0
api550a,Waves,API 550A,eq,eq-api,off,under_tone_-12,100.0,-200.0
api550a,Waves,API 550A,eq,eq-api,off,under_tone_-12,1000.0,-200.0
api550a,Waves,API 550A,eq,eq-api,off,under_tone_-12,10000.0,-200.0
api550a,Waves,API 550A,eq,eq-api,off,under_tone_-12,125.0,-200.0
api550a,Waves,API 550A,eq,eq-api,off,under_tone_-12,1250.0,-200.0
api550a,Waves,API 550A,eq,eq-api,off,under_tone_-12,12500.0,-200.0
api550a,Waves,API 550A,eq,eq-api,off,under_tone_-12,160.0,-200.0
api550a,Waves,API 550A,eq,eq-api,off,under_tone_-12,1600.0,-200.0
api550a,Waves,API 550A,eq,eq-api,off,under_tone_-12,16000.0,-200.0
api550a,Waves,API 550A,eq,eq-api,off,under_tone_-12,20.0,-200.0
api550a,Waves,API 550A,eq,eq-api,off,under_tone_-12,200.0,-200.0
api550a,Waves,API 550A,eq,eq-api,off,under_tone_-12,2000.0,-200.0
api550a,Waves,API 550A,eq,eq-api,off,under_tone_-12,20000.0,-179.2
api550a,Waves,API 550A,eq,eq-api,off,under_tone_-12,25.0,-200.0
api550a,Waves,API 550A,eq,eq-api,off,under_tone_-12,250.0,-200.0
api550a,Waves,API 550A,eq,eq-api,off,under_tone_-12,2500.0,-200.0
api550a,Waves,API 550A,eq,eq-api,off,under_tone_-12,31.5,-200.0
api550a,Waves,API 550A,eq,eq-api,off,under_tone_-12,315.0,-200.0
api550a,Waves,API 550A,eq,eq-api,off,under_tone_-12,3150.0,-200.0
api550a,Waves,API 550A,eq,eq-api,off,under_tone_-12,40.0,-200.0
api550a,Waves,API 550A,eq,eq-api,off,under_tone_-12,400.0,-200.0
api550a,Waves,API 550A,eq,eq-api,off,under_tone_-12,4000.0,-200.0
api550a,Waves,API 550A,eq,eq-api,off,under_tone_-12,50.0,-200.0
api550a,Waves,API 550A,eq,eq-api,off,under_tone_-12,500.0,-200.0
api550a,Waves,API 550A,eq,eq-api,off,under_tone_-12,5000.0,-200.0
api550a,Waves,API 550A,eq,eq-api,off,under_tone_-12,63.0,-200.0
api550a,Waves,API 550A,eq,eq-api,off,under_tone_-12,630.0,-200.0
api550a,Waves,API 550A,eq,eq-api,off,under_tone_-12,6300.0,-200.0
api550a,Waves,API 550A,eq,eq-api,off,under_tone_-12,80.0,-200.0
api550a,Waves,API 550A,eq,eq-api,off,under_tone_-12,800.0,-200.0
api550a,Waves,API 550A,eq,eq-api,off,under_tone_-12,8000.0,-200.0
api550a,Waves,API 550A,eq,eq-api,on,silence,100.0,-132.92
api550a,Waves,API 550A,eq,eq-api,on,silence,1000.0,-129.72
api550a,Waves,API 550A,eq,eq-api,on,silence,10000.0,-119.69
api550a,Waves,API 550A,eq,eq-api,on,silence,125.0,-134.56
api550a,Waves,API 550A,eq,eq-api,on,silence,1250.0,-128.64
api550a,Waves,API 550A,eq,eq-api,on,silence,12500.0,-118.71
api550a,Waves,API 550A,eq,eq-api,on,silence,160.0,-139.07
api550a,Waves,API 550A,eq,eq-api,on,silence,1600.0,-127.9
api550a,Waves,API 550A,eq,eq-api,on,silence,16000.0,-117.54
api550a,Waves,API 550A,eq,eq-api,on,silence,20.0,-139.08
api550a,Waves,API 550A,eq,eq-api,on,silence,200.0,-140.38
api550a,Waves,API 550A,eq,eq-api,on,silence,2000.0,-126.8
api550a,Waves,API 550A,eq,eq-api,on,silence,20000.0,-116.92
api550a,Waves,API 550A,eq,eq-api,on,silence,25.0,-134.62
api550a,Waves,API 550A,eq,eq-api,on,silence,250.0,-138.01
api550a,Waves,API 550A,eq,eq-api,on,silence,2500.0,-125.75
api550a,Waves,API 550A,eq,eq-api,on,silence,31.5,-134.97
api550a,Waves,API 550A,eq,eq-api,on,silence,315.0,-136.19
api550a,Waves,API 550A,eq,eq-api,on,silence,3150.0,-124.76
api550a,Waves,API 550A,eq,eq-api,on,silence,40.0,-133.95
api550a,Waves,API 550A,eq,eq-api,on,silence,400.0,-134.55
api550a,Waves,API 550A,eq,eq-api,on,silence,4000.0,-123.67
api550a,Waves,API 550A,eq,eq-api,on,silence,50.0,-133.17
api550a,Waves,API 550A,eq,eq-api,on,silence,500.0,-133.15
api550a,Waves,API 550A,eq,eq-api,on,silence,5000.0,-122.68
api550a,Waves,API 550A,eq,eq-api,on,silence,63.0,-132.37
api550a,Waves,API 550A,eq,eq-api,on,silence,630.0,-131.89
api550a,Waves,API 550A,eq,eq-api,on,silence,6300.0,-121.69
api550a,Waves,API 550A,eq,eq-api,on,silence,80.0,-130.44
api550a,Waves,API 550A,eq,eq-api,on,silence,800.0,-130.6
api550a,Waves,API 550A,eq,eq-api,on,silence,8000.0,-120.63
api550a,Waves,API 550A,eq,eq-api,on,under_tone_-12,100.0,-133.05
api550a,Waves,API 550A,eq,eq-api,on,under_tone_-12,1000.0,-129.85
api550a,Waves,API 550A,eq,eq-api,on,under_tone_-12,10000.0,-119.77
api550a,Waves,API 550A,eq,eq-api,on,under_tone_-12,125.0,-135.15
api550a,Waves,API 550A,eq,eq-api,on,under_tone_-12,1250.0,-128.89
api550a,Waves,API 550A,eq,eq-api,on,under_tone_-12,12500.0,-118.7
api550a,Waves,API 550A,eq,eq-api,on,under_tone_-12,160.0,-140.44
api550a,Waves,API 550A,eq,eq-api,on,under_tone_-12,1600.0,-127.59
api550a,Waves,API 550A,eq,eq-api,on,under_tone_-12,16000.0,-117.71
api550a,Waves,API 550A,eq,eq-api,on,under_tone_-12,20.0,-138.79
api550a,Waves,API 550A,eq,eq-api,on,under_tone_-12,200.0,-139.72
api550a,Waves,API 550A,eq,eq-api,on,under_tone_-12,2000.0,-126.75
api550a,Waves,API 550A,eq,eq-api,on,under_tone_-12,20000.0,-116.94
api550a,Waves,API 550A,eq,eq-api,on,under_tone_-12,25.0,-136.26
api550a,Waves,API 550A,eq,eq-api,on,under_tone_-12,250.0,-138.23
api550a,Waves,API 550A,eq,eq-api,on,under_tone_-12,2500.0,-125.69
api550a,Waves,API 550A,eq,eq-api,on,under_tone_-12,31.5,-135.01
api550a,Waves,API 550A,eq,eq-api,on,under_tone_-12,315.0,-135.23
api550a,Waves,API 550A,eq,eq-api,on,under_tone_-12,3150.0,-124.83
api550a,Waves,API 550A,eq,eq-api,on,under_tone_-12,40.0,-133.11
api550a,Waves,API 550A,eq,eq-api,on,under_tone_-12,400.0,-134.52
api550a,Waves,API 550A,eq,eq-api,on,under_tone_-12,4000.0,-123.7
api550a,Waves,API 550A,eq,eq-api,on,under_tone_-12,50.0,-133.04
api550a,Waves,API 550A,eq,eq-api,on,under_tone_-12,500.0,-132.93
api550a,Waves,API 550A,eq,eq-api,on,under_tone_-12,5000.0,-122.7
api550a,Waves,API 550A,eq,eq-api,on,under_tone_-12,63.0,-131.2
api550a,Waves,API 550A,eq,eq-api,on,under_tone_-12,630.0,-132.08
api550a,Waves,API 550A,eq,eq-api,on,under_tone_-12,6300.0,-121.76
api550a,Waves,API 550A,eq,eq-api,on,under_tone_-12,80.0,-132.0
api550a,Waves,API 550A,eq,eq-api,on,under_tone_-12,800.0,-131.22
api550a,Waves,API 550A,eq,eq-api,on,under_tone_-12,8000.0,-120.75
api550b,Waves,API 550B,eq,eq-api,off,silence,100.0,-200.0
api550b,Waves,API 550B,eq,eq-api,off,silence,1000.0,-200.0
api550b,Waves,API 550B,eq,eq-api,off,silence,10000.0,-200.0
api550b,Waves,API 550B,eq,eq-api,off,silence,125.0,-200.0
api550b,Waves,API 550B,eq,eq-api,off,silence,1250.0,-200.0
api550b,Waves,API 550B,eq,eq-api,off,silence,12500.0,-200.0
api550b,Waves,API 550B,eq,eq-api,off,silence,160.0,-200.0
api550b,Waves,API 550B,eq,eq-api,off,silence,1600.0,-200.0
api550b,Waves,API 550B,eq,eq-api,off,silence,16000.0,-200.0
api550b,Waves,API 550B,eq,eq-api,off,silence,20.0,-200.0
api550b,Waves,API 550B,eq,eq-api,off,silence,200.0,-200.0
api550b,Waves,API 550B,eq,eq-api,off,silence,2000.0,-200.0
api550b,Waves,API 550B,eq,eq-api,off,silence,20000.0,-200.0
api550b,Waves,API 550B,eq,eq-api,off,silence,25.0,-200.0
api550b,Waves,API 550B,eq,eq-api,off,silence,250.0,-200.0
api550b,Waves,API 550B,eq,eq-api,off,silence,2500.0,-200.0
api550b,Waves,API 550B,eq,eq-api,off,silence,31.5,-200.0
api550b,Waves,API 550B,eq,eq-api,off,silence,315.0,-200.0
api550b,Waves,API 550B,eq,eq-api,off,silence,3150.0,-200.0
api550b,Waves,API 550B,eq,eq-api,off,silence,40.0,-200.0
api550b,Waves,API 550B,eq,eq-api,off,silence,400.0,-200.0
api550b,Waves,API 550B,eq,eq-api,off,silence,4000.0,-200.0
api550b,Waves,API 550B,eq,eq-api,off,silence,50.0,-200.0
api550b,Waves,API 550B,eq,eq-api,off,silence,500.0,-200.0
api550b,Waves,API 550B,eq,eq-api,off,silence,5000.0,-200.0
api550b,Waves,API 550B,eq,eq-api,off,silence,63.0,-200.0
api550b,Waves,API 550B,eq,eq-api,off,silence,630.0,-200.0
api550b,Waves,API 550B,eq,eq-api,off,silence,6300.0,-200.0
api550b,Waves,API 550B,eq,eq-api,off,silence,80.0,-200.0
api550b,Waves,API 550B,eq,eq-api,off,silence,800.0,-200.0
api550b,Waves,API 550B,eq,eq-api,off,silence,8000.0,-200.0
api550b,Waves,API 550B,eq,eq-api,off,under_tone_-12,100.0,-200.0
api550b,Waves,API 550B,eq,eq-api,off,under_tone_-12,1000.0,-200.0
api550b,Waves,API 550B,eq,eq-api,off,under_tone_-12,10000.0,-200.0
api550b,Waves,API 550B,eq,eq-api,off,under_tone_-12,125.0,-200.0
api550b,Waves,API 550B,eq,eq-api,off,under_tone_-12,1250.0,-200.0
api550b,Waves,API 550B,eq,eq-api,off,under_tone_-12,12500.0,-200.0
api550b,Waves,API 550B,eq,eq-api,off,under_tone_-12,160.0,-200.0
api550b,Waves,API 550B,eq,eq-api,off,under_tone_-12,1600.0,-200.0
api550b,Waves,API 550B,eq,eq-api,off,under_tone_-12,16000.0,-200.0
api550b,Waves,API 550B,eq,eq-api,off,under_tone_-12,20.0,-200.0
api550b,Waves,API 550B,eq,eq-api,off,under_tone_-12,200.0,-200.0
api550b,Waves,API 550B,eq,eq-api,off,under_tone_-12,2000.0,-200.0
api550b,Waves,API 550B,eq,eq-api,off,under_tone_-12,20000.0,-179.3
api550b,Waves,API 550B,eq,eq-api,off,under_tone_-12,25.0,-200.0
api550b,Waves,API 550B,eq,eq-api,off,under_tone_-12,250.0,-200.0
api550b,Waves,API 550B,eq,eq-api,off,under_tone_-12,2500.0,-200.0
api550b,Waves,API 550B,eq,eq-api,off,under_tone_-12,31.5,-200.0
api550b,Waves,API 550B,eq,eq-api,off,under_tone_-12,315.0,-200.0
api550b,Waves,API 550B,eq,eq-api,off,under_tone_-12,3150.0,-200.0
api550b,Waves,API 550B,eq,eq-api,off,under_tone_-12,40.0,-200.0
api550b,Waves,API 550B,eq,eq-api,off,under_tone_-12,400.0,-200.0
api550b,Waves,API 550B,eq,eq-api,off,under_tone_-12,4000.0,-200.0
api550b,Waves,API 550B,eq,eq-api,off,under_tone_-12,50.0,-200.0
api550b,Waves,API 550B,eq,eq-api,off,under_tone_-12,500.0,-200.0
api550b,Waves,API 550B,eq,eq-api,off,under_tone_-12,5000.0,-200.0
api550b,Waves,API 550B,eq,eq-api,off,under_tone_-12,63.0,-200.0
api550b,Waves,API 550B,eq,eq-api,off,under_tone_-12,630.0,-200.0
api550b,Waves,API 550B,eq,eq-api,off,under_tone_-12,6300.0,-200.0
api550b,Waves,API 550B,eq,eq-api,off,under_tone_-12,80.0,-200.0
api550b,Waves,API 550B,eq,eq-api,off,under_tone_-12,800.0,-200.0
api550b,Waves,API 550B,eq,eq-api,off,under_tone_-12,8000.0,-200.0
api550b,Waves,API 550B,eq,eq-api,on,silence,100.0,-133.37
api550b,Waves,API 550B,eq,eq-api,on,silence,1000.0,-129.58
api550b,Waves,API 550B,eq,eq-api,on,silence,10000.0,-119.65
api550b,Waves,API 550B,eq,eq-api,on,silence,125.0,-136.01
api550b,Waves,API 550B,eq,eq-api,on,silence,1250.0,-128.7
api550b,Waves,API 550B,eq,eq-api,on,silence,12500.0,-118.56
api550b,Waves,API 550B,eq,eq-api,on,silence,160.0,-139.57
api550b,Waves,API 550B,eq,eq-api,on,silence,1600.0,-127.64
api550b,Waves,API 550B,eq,eq-api,on,silence,16000.0,-117.46
api550b,Waves,API 550B,eq,eq-api,on,silence,20.0,-137.69
api550b,Waves,API 550B,eq,eq-api,on,silence,200.0,-141.04
api550b,Waves,API 550B,eq,eq-api,on,silence,2000.0,-126.69
api550b,Waves,API 550B,eq,eq-api,on,silence,20000.0,-116.45
api550b,Waves,API 550B,eq,eq-api,on,silence,25.0,-134.9
api550b,Waves,API 550B,eq,eq-api,on,silence,250.0,-137.72
api550b,Waves,API 550B,eq,eq-api,on,silence,2500.0,-125.48
api550b,Waves,API 550B,eq,eq-api,on,silence,31.5,-136.6
api550b,Waves,API 550B,eq,eq-api,on,silence,315.0,-136.21
api550b,Waves,API 550B,eq,eq-api,on,silence,3150.0,-124.61
api550b,Waves,API 550B,eq,eq-api,on,silence,40.0,-134.71
api550b,Waves,API 550B,eq,eq-api,on,silence,400.0,-134.29
api550b,Waves,API 550B,eq,eq-api,on,silence,4000.0,-123.67
api550b,Waves,API 550B,eq,eq-api,on,silence,50.0,-133.58
api550b,Waves,API 550B,eq,eq-api,on,silence,500.0,-133.59
api550b,Waves,API 550B,eq,eq-api,on,silence,5000.0,-122.61
api550b,Waves,API 550B,eq,eq-api,on,silence,63.0,-131.66
api550b,Waves,API 550B,eq,eq-api,on,silence,630.0,-132.05
api550b,Waves,API 550B,eq,eq-api,on,silence,6300.0,-121.65
api550b,Waves,API 550B,eq,eq-api,on,silence,80.0,-130.92
api550b,Waves,API 550B,eq,eq-api,on,silence,800.0,-131.12
api550b,Waves,API 550B,eq,eq-api,on,silence,8000.0,-120.6
api550b,Waves,API 550B,eq,eq-api,on,under_tone_-12,100.0,-132.54
api550b,Waves,API 550B,eq,eq-api,on,under_tone_-12,1000.0,-130.13
api550b,Waves,API 550B,eq,eq-api,on,under_tone_-12,10000.0,-119.72
api550b,Waves,API 550B,eq,eq-api,on,under_tone_-12,125.0,-135.33
api550b,Waves,API 550B,eq,eq-api,on,under_tone_-12,1250.0,-128.77
api550b,Waves,API 550B,eq,eq-api,on,under_tone_-12,12500.0,-118.62
api550b,Waves,API 550B,eq,eq-api,on,under_tone_-12,160.0,-140.13
api550b,Waves,API 550B,eq,eq-api,on,under_tone_-12,1600.0,-127.81
api550b,Waves,API 550B,eq,eq-api,on,under_tone_-12,16000.0,-117.38
api550b,Waves,API 550B,eq,eq-api,on,under_tone_-12,20.0,-135.03
api550b,Waves,API 550B,eq,eq-api,on,under_tone_-12,200.0,-140.09
api550b,Waves,API 550B,eq,eq-api,on,under_tone_-12,2000.0,-126.86
api550b,Waves,API 550B,eq,eq-api,on,under_tone_-12,20000.0,-116.56
api550b,Waves,API 550B,eq,eq-api,on,under_tone_-12,25.0,-134.67
api550b,Waves,API 550B,eq,eq-api,on,under_tone_-12,250.0,-137.9
api550b,Waves,API 550B,eq,eq-api,on,under_tone_-12,2500.0,-125.73
api550b,Waves,API 550B,eq,eq-api,on,under_tone_-12,31.5,-134.35
api550b,Waves,API 550B,eq,eq-api,on,under_tone_-12,315.0,-136.5
api550b,Waves,API 550B,eq,eq-api,on,under_tone_-12,3150.0,-124.88
api550b,Waves,API 550B,eq,eq-api,on,under_tone_-12,40.0,-136.38
api550b,Waves,API 550B,eq,eq-api,on,under_tone_-12,400.0,-134.45
api550b,Waves,API 550B,eq,eq-api,on,under_tone_-12,4000.0,-123.84
api550b,Waves,API 550B,eq,eq-api,on,under_tone_-12,50.0,-132.02
api550b,Waves,API 550B,eq,eq-api,on,under_tone_-12,500.0,-133.47
api550b,Waves,API 550B,eq,eq-api,on,under_tone_-12,5000.0,-122.67
api550b,Waves,API 550B,eq,eq-api,on,under_tone_-12,63.0,-130.23
api550b,Waves,API 550B,eq,eq-api,on,under_tone_-12,630.0,-131.83
api550b,Waves,API 550B,eq,eq-api,on,under_tone_-12,6300.0,-121.85
api550b,Waves,API 550B,eq,eq-api,on,under_tone_-12,80.0,-131.28
api550b,Waves,API 550B,eq,eq-api,on,under_tone_-12,800.0,-130.56
api550b,Waves,API 550B,eq,eq-api,on,under_tone_-12,8000.0,-120.52
aw_ironoxide5,Airwindows,tape,tape,aw-tape,off,silence,100.0,-177.78
aw_ironoxide5,Airwindows,tape,tape,aw-tape,off,silence,1000.0,-166.15
aw_ironoxide5,Airwindows,tape,tape,aw-tape,off,silence,10000.0,-167.54
aw_ironoxide5,Airwindows,tape,tape,aw-tape,off,silence,125.0,-175.79
aw_ironoxide5,Airwindows,tape,tape,aw-tape,off,silence,1250.0,-165.62
aw_ironoxide5,Airwindows,tape,tape,aw-tape,off,silence,12500.0,-167.52
aw_ironoxide5,Airwindows,tape,tape,aw-tape,off,silence,160.0,-174.35
aw_ironoxide5,Airwindows,tape,tape,aw-tape,off,silence,1600.0,-164.79
aw_ironoxide5,Airwindows,tape,tape,aw-tape,off,silence,16000.0,-166.4
aw_ironoxide5,Airwindows,tape,tape,aw-tape,off,silence,20.0,-197.92
aw_ironoxide5,Airwindows,tape,tape,aw-tape,off,silence,200.0,-172.96
aw_ironoxide5,Airwindows,tape,tape,aw-tape,off,silence,2000.0,-164.83
aw_ironoxide5,Airwindows,tape,tape,aw-tape,off,silence,20000.0,-161.93
aw_ironoxide5,Airwindows,tape,tape,aw-tape,off,silence,25.0,-193.5
aw_ironoxide5,Airwindows,tape,tape,aw-tape,off,silence,250.0,-171.19
aw_ironoxide5,Airwindows,tape,tape,aw-tape,off,silence,2500.0,-164.87
aw_ironoxide5,Airwindows,tape,tape,aw-tape,off,silence,31.5,-190.68
aw_ironoxide5,Airwindows,tape,tape,aw-tape,off,silence,315.0,-170.5
aw_ironoxide5,Airwindows,tape,tape,aw-tape,off,silence,3150.0,-165.31
aw_ironoxide5,Airwindows,tape,tape,aw-tape,off,silence,40.0,-186.66
aw_ironoxide5,Airwindows,tape,tape,aw-tape,off,silence,400.0,-169.43
aw_ironoxide5,Airwindows,tape,tape,aw-tape,off,silence,4000.0,-165.43
aw_ironoxide5,Airwindows,tape,tape,aw-tape,off,silence,50.0,-184.02
aw_ironoxide5,Airwindows,tape,tape,aw-tape,off,silence,500.0,-168.97
aw_ironoxide5,Airwindows,tape,tape,aw-tape,off,silence,5000.0,-165.99
aw_ironoxide5,Airwindows,tape,tape,aw-tape,off,silence,63.0,-182.21
aw_ironoxide5,Airwindows,tape,tape,aw-tape,off,silence,630.0,-167.55
aw_ironoxide5,Airwindows,tape,tape,aw-tape,off,silence,6300.0,-166.58
aw_ironoxide5,Airwindows,tape,tape,aw-tape,off,silence,80.0,-180.85
aw_ironoxide5,Airwindows,tape,tape,aw-tape,off,silence,800.0,-166.68
aw_ironoxide5,Airwindows,tape,tape,aw-tape,off,silence,8000.0,-167.21
aw_ironoxide5,Airwindows,tape,tape,aw-tape,off,under_tone_-12,100.0,-126.71
aw_ironoxide5,Airwindows,tape,tape,aw-tape,off,under_tone_-12,1000.0,-37.58
aw_ironoxide5,Airwindows,tape,tape,aw-tape,off,under_tone_-12,10000.0,-136.4
aw_ironoxide5,Airwindows,tape,tape,aw-tape,off,under_tone_-12,125.0,-124.61
aw_ironoxide5,Airwindows,tape,tape,aw-tape,off,under_tone_-12,1250.0,-85.48
aw_ironoxide5,Airwindows,tape,tape,aw-tape,off,under_tone_-12,12500.0,-138.19
aw_ironoxide5,Airwindows,tape,tape,aw-tape,off,under_tone_-12,160.0,-122.49
aw_ironoxide5,Airwindows,tape,tape,aw-tape,off,under_tone_-12,1600.0,-106.79
aw_ironoxide5,Airwindows,tape,tape,aw-tape,off,under_tone_-12,16000.0,-139.0
aw_ironoxide5,Airwindows,tape,tape,aw-tape,off,under_tone_-12,20.0,-146.28
aw_ironoxide5,Airwindows,tape,tape,aw-tape,off,under_tone_-12,200.0,-120.61
aw_ironoxide5,Airwindows,tape,tape,aw-tape,off,under_tone_-12,2000.0,-115.79
aw_ironoxide5,Airwindows,tape,tape,aw-tape,off,under_tone_-12,20000.0,-137.66
aw_ironoxide5,Airwindows,tape,tape,aw-tape,off,under_tone_-12,25.0,-142.08
aw_ironoxide5,Airwindows,tape,tape,aw-tape,off,under_tone_-12,250.0,-118.22
aw_ironoxide5,Airwindows,tape,tape,aw-tape,off,under_tone_-12,2500.0,-117.03
aw_ironoxide5,Airwindows,tape,tape,aw-tape,off,under_tone_-12,31.5,-139.2
aw_ironoxide5,Airwindows,tape,tape,aw-tape,off,under_tone_-12,315.0,-115.86
aw_ironoxide5,Airwindows,tape,tape,aw-tape,off,under_tone_-12,3150.0,-61.89
aw_ironoxide5,Airwindows,tape,tape,aw-tape,off,under_tone_-12,40.0,-135.74
aw_ironoxide5,Airwindows,tape,tape,aw-tape,off,under_tone_-12,400.0,-112.44
aw_ironoxide5,Airwindows,tape,tape,aw-tape,off,under_tone_-12,4000.0,-129.14
aw_ironoxide5,Airwindows,tape,tape,aw-tape,off,under_tone_-12,50.0,-134.73
aw_ironoxide5,Airwindows,tape,tape,aw-tape,off,under_tone_-12,500.0,-108.11
aw_ironoxide5,Airwindows,tape,tape,aw-tape,off,under_tone_-12,5000.0,-97.87
aw_ironoxide5,Airwindows,tape,tape,aw-tape,off,under_tone_-12,63.0,-131.15
aw_ironoxide5,Airwindows,tape,tape,aw-tape,off,under_tone_-12,630.0,-101.1
aw_ironoxide5,Airwindows,tape,tape,aw-tape,off,under_tone_-12,6300.0,-132.72
aw_ironoxide5,Airwindows,tape,tape,aw-tape,off,under_tone_-12,80.0,-128.72
aw_ironoxide5,Airwindows,tape,tape,aw-tape,off,under_tone_-12,800.0,-82.71
aw_ironoxide5,Airwindows,tape,tape,aw-tape,off,under_tone_-12,8000.0,-138.27
aw_ironoxide5,Airwindows,tape,tape,aw-tape,on,silence,100.0,-178.37
aw_ironoxide5,Airwindows,tape,tape,aw-tape,on,silence,1000.0,-166.0
aw_ironoxide5,Airwindows,tape,tape,aw-tape,on,silence,10000.0,-167.46
aw_ironoxide5,Airwindows,tape,tape,aw-tape,on,silence,125.0,-176.73
aw_ironoxide5,Airwindows,tape,tape,aw-tape,on,silence,1250.0,-165.8
aw_ironoxide5,Airwindows,tape,tape,aw-tape,on,silence,12500.0,-167.4
aw_ironoxide5,Airwindows,tape,tape,aw-tape,on,silence,160.0,-174.82
aw_ironoxide5,Airwindows,tape,tape,aw-tape,on,silence,1600.0,-164.97
aw_ironoxide5,Airwindows,tape,tape,aw-tape,on,silence,16000.0,-166.24
aw_ironoxide5,Airwindows,tape,tape,aw-tape,on,silence,20.0,-195.79
aw_ironoxide5,Airwindows,tape,tape,aw-tape,on,silence,200.0,-172.49
aw_ironoxide5,Airwindows,tape,tape,aw-tape,on,silence,2000.0,-164.91
aw_ironoxide5,Airwindows,tape,tape,aw-tape,on,silence,20000.0,-161.77
aw_ironoxide5,Airwindows,tape,tape,aw-tape,on,silence,25.0,-192.91
aw_ironoxide5,Airwindows,tape,tape,aw-tape,on,silence,250.0,-171.68
aw_ironoxide5,Airwindows,tape,tape,aw-tape,on,silence,2500.0,-164.77
aw_ironoxide5,Airwindows,tape,tape,aw-tape,on,silence,31.5,-189.03
aw_ironoxide5,Airwindows,tape,tape,aw-tape,on,silence,315.0,-170.9
aw_ironoxide5,Airwindows,tape,tape,aw-tape,on,silence,3150.0,-165.12
aw_ironoxide5,Airwindows,tape,tape,aw-tape,on,silence,40.0,-187.86
aw_ironoxide5,Airwindows,tape,tape,aw-tape,on,silence,400.0,-169.18
aw_ironoxide5,Airwindows,tape,tape,aw-tape,on,silence,4000.0,-165.45
aw_ironoxide5,Airwindows,tape,tape,aw-tape,on,silence,50.0,-184.62
aw_ironoxide5,Airwindows,tape,tape,aw-tape,on,silence,500.0,-168.48
aw_ironoxide5,Airwindows,tape,tape,aw-tape,on,silence,5000.0,-166.13
aw_ironoxide5,Airwindows,tape,tape,aw-tape,on,silence,63.0,-182.95
aw_ironoxide5,Airwindows,tape,tape,aw-tape,on,silence,630.0,-167.29
aw_ironoxide5,Airwindows,tape,tape,aw-tape,on,silence,6300.0,-166.54
aw_ironoxide5,Airwindows,tape,tape,aw-tape,on,silence,80.0,-179.68
aw_ironoxide5,Airwindows,tape,tape,aw-tape,on,silence,800.0,-166.72
aw_ironoxide5,Airwindows,tape,tape,aw-tape,on,silence,8000.0,-167.27
aw_ironoxide5,Airwindows,tape,tape,aw-tape,on,under_tone_-12,100.0,-126.31
aw_ironoxide5,Airwindows,tape,tape,aw-tape,on,under_tone_-12,1000.0,-38.87
aw_ironoxide5,Airwindows,tape,tape,aw-tape,on,under_tone_-12,10000.0,-118.9
aw_ironoxide5,Airwindows,tape,tape,aw-tape,on,under_tone_-12,125.0,-124.83
aw_ironoxide5,Airwindows,tape,tape,aw-tape,on,under_tone_-12,1250.0,-86.17
aw_ironoxide5,Airwindows,tape,tape,aw-tape,on,under_tone_-12,12500.0,-117.88
aw_ironoxide5,Airwindows,tape,tape,aw-tape,on,under_tone_-12,160.0,-122.81
aw_ironoxide5,Airwindows,tape,tape,aw-tape,on,under_tone_-12,1600.0,-107.38
aw_ironoxide5,Airwindows,tape,tape,aw-tape,on,under_tone_-12,16000.0,-116.94
aw_ironoxide5,Airwindows,tape,tape,aw-tape,on,under_tone_-12,20.0,-142.34
aw_ironoxide5,Airwindows,tape,tape,aw-tape,on,under_tone_-12,200.0,-120.67
aw_ironoxide5,Airwindows,tape,tape,aw-tape,on,under_tone_-12,2000.0,-115.94
aw_ironoxide5,Airwindows,tape,tape,aw-tape,on,under_tone_-12,20000.0,-115.91
aw_ironoxide5,Airwindows,tape,tape,aw-tape,on,under_tone_-12,25.0,-140.54
aw_ironoxide5,Airwindows,tape,tape,aw-tape,on,under_tone_-12,250.0,-118.52
aw_ironoxide5,Airwindows,tape,tape,aw-tape,on,under_tone_-12,2500.0,-116.34
aw_ironoxide5,Airwindows,tape,tape,aw-tape,on,under_tone_-12,31.5,-138.15
aw_ironoxide5,Airwindows,tape,tape,aw-tape,on,under_tone_-12,315.0,-116.18
aw_ironoxide5,Airwindows,tape,tape,aw-tape,on,under_tone_-12,3150.0,-63.18
aw_ironoxide5,Airwindows,tape,tape,aw-tape,on,under_tone_-12,40.0,-136.01
aw_ironoxide5,Airwindows,tape,tape,aw-tape,on,under_tone_-12,400.0,-112.87
aw_ironoxide5,Airwindows,tape,tape,aw-tape,on,under_tone_-12,4000.0,-122.05
aw_ironoxide5,Airwindows,tape,tape,aw-tape,on,under_tone_-12,50.0,-132.97
aw_ironoxide5,Airwindows,tape,tape,aw-tape,on,under_tone_-12,500.0,-108.72
aw_ironoxide5,Airwindows,tape,tape,aw-tape,on,under_tone_-12,5000.0,-99.13
aw_ironoxide5,Airwindows,tape,tape,aw-tape,on,under_tone_-12,63.0,-131.57
aw_ironoxide5,Airwindows,tape,tape,aw-tape,on,under_tone_-12,630.0,-102.03
aw_ironoxide5,Airwindows,tape,tape,aw-tape,on,under_tone_-12,6300.0,-120.87
aw_ironoxide5,Airwindows,tape,tape,aw-tape,on,under_tone_-12,80.0,-128.33
aw_ironoxide5,Airwindows,tape,tape,aw-tape,on,under_tone_-12,800.0,-83.54
aw_ironoxide5,Airwindows,tape,tape,aw-tape,on,under_tone_-12,8000.0,-119.85
cla3a,Waves,UREI LA-3A,comp,opto-la2a,off,silence,100.0,-200.0
cla3a,Waves,UREI LA-3A,comp,opto-la2a,off,silence,1000.0,-200.0
cla3a,Waves,UREI LA-3A,comp,opto-la2a,off,silence,10000.0,-200.0
cla3a,Waves,UREI LA-3A,comp,opto-la2a,off,silence,125.0,-200.0
cla3a,Waves,UREI LA-3A,comp,opto-la2a,off,silence,1250.0,-200.0
cla3a,Waves,UREI LA-3A,comp,opto-la2a,off,silence,12500.0,-200.0
cla3a,Waves,UREI LA-3A,comp,opto-la2a,off,silence,160.0,-200.0
cla3a,Waves,UREI LA-3A,comp,opto-la2a,off,silence,1600.0,-200.0
cla3a,Waves,UREI LA-3A,comp,opto-la2a,off,silence,16000.0,-198.69
cla3a,Waves,UREI LA-3A,comp,opto-la2a,off,silence,20.0,-200.0
cla3a,Waves,UREI LA-3A,comp,opto-la2a,off,silence,200.0,-200.0
cla3a,Waves,UREI LA-3A,comp,opto-la2a,off,silence,2000.0,-200.0
cla3a,Waves,UREI LA-3A,comp,opto-la2a,off,silence,20000.0,-197.54
cla3a,Waves,UREI LA-3A,comp,opto-la2a,off,silence,25.0,-200.0
cla3a,Waves,UREI LA-3A,comp,opto-la2a,off,silence,250.0,-200.0
cla3a,Waves,UREI LA-3A,comp,opto-la2a,off,silence,2500.0,-200.0
cla3a,Waves,UREI LA-3A,comp,opto-la2a,off,silence,31.5,-200.0
cla3a,Waves,UREI LA-3A,comp,opto-la2a,off,silence,315.0,-200.0
cla3a,Waves,UREI LA-3A,comp,opto-la2a,off,silence,3150.0,-200.0
cla3a,Waves,UREI LA-3A,comp,opto-la2a,off,silence,40.0,-200.0
cla3a,Waves,UREI LA-3A,comp,opto-la2a,off,silence,400.0,-200.0
cla3a,Waves,UREI LA-3A,comp,opto-la2a,off,silence,4000.0,-200.0
cla3a,Waves,UREI LA-3A,comp,opto-la2a,off,silence,50.0,-200.0
cla3a,Waves,UREI LA-3A,comp,opto-la2a,off,silence,500.0,-200.0
cla3a,Waves,UREI LA-3A,comp,opto-la2a,off,silence,5000.0,-200.0
cla3a,Waves,UREI LA-3A,comp,opto-la2a,off,silence,63.0,-200.0
cla3a,Waves,UREI LA-3A,comp,opto-la2a,off,silence,630.0,-200.0
cla3a,Waves,UREI LA-3A,comp,opto-la2a,off,silence,6300.0,-200.0
cla3a,Waves,UREI LA-3A,comp,opto-la2a,off,silence,80.0,-200.0
cla3a,Waves,UREI LA-3A,comp,opto-la2a,off,silence,800.0,-200.0
cla3a,Waves,UREI LA-3A,comp,opto-la2a,off,silence,8000.0,-200.0
cla3a,Waves,UREI LA-3A,comp,opto-la2a,off,under_tone_-12,100.0,-200.0
cla3a,Waves,UREI LA-3A,comp,opto-la2a,off,under_tone_-12,1000.0,-121.13
cla3a,Waves,UREI LA-3A,comp,opto-la2a,off,under_tone_-12,10000.0,-190.16
cla3a,Waves,UREI LA-3A,comp,opto-la2a,off,under_tone_-12,125.0,-200.0
cla3a,Waves,UREI LA-3A,comp,opto-la2a,off,under_tone_-12,1250.0,-200.0
cla3a,Waves,UREI LA-3A,comp,opto-la2a,off,under_tone_-12,12500.0,-192.12
cla3a,Waves,UREI LA-3A,comp,opto-la2a,off,under_tone_-12,160.0,-200.0
cla3a,Waves,UREI LA-3A,comp,opto-la2a,off,under_tone_-12,1600.0,-200.0
cla3a,Waves,UREI LA-3A,comp,opto-la2a,off,under_tone_-12,16000.0,-192.17
cla3a,Waves,UREI LA-3A,comp,opto-la2a,off,under_tone_-12,20.0,-200.0
cla3a,Waves,UREI LA-3A,comp,opto-la2a,off,under_tone_-12,200.0,-200.0
cla3a,Waves,UREI LA-3A,comp,opto-la2a,off,under_tone_-12,2000.0,-166.66
cla3a,Waves,UREI LA-3A,comp,opto-la2a,off,under_tone_-12,20000.0,-173.48
cla3a,Waves,UREI LA-3A,comp,opto-la2a,off,under_tone_-12,25.0,-200.0
cla3a,Waves,UREI LA-3A,comp,opto-la2a,off,under_tone_-12,250.0,-200.0
cla3a,Waves,UREI LA-3A,comp,opto-la2a,off,under_tone_-12,2500.0,-200.0
cla3a,Waves,UREI LA-3A,comp,opto-la2a,off,under_tone_-12,31.5,-200.0
cla3a,Waves,UREI LA-3A,comp,opto-la2a,off,under_tone_-12,315.0,-200.0
cla3a,Waves,UREI LA-3A,comp,opto-la2a,off,under_tone_-12,3150.0,-175.15
cla3a,Waves,UREI LA-3A,comp,opto-la2a,off,under_tone_-12,40.0,-200.0
cla3a,Waves,UREI LA-3A,comp,opto-la2a,off,under_tone_-12,400.0,-200.0
cla3a,Waves,UREI LA-3A,comp,opto-la2a,off,under_tone_-12,4000.0,-180.56
cla3a,Waves,UREI LA-3A,comp,opto-la2a,off,under_tone_-12,50.0,-200.0
cla3a,Waves,UREI LA-3A,comp,opto-la2a,off,under_tone_-12,500.0,-200.0
cla3a,Waves,UREI LA-3A,comp,opto-la2a,off,under_tone_-12,5000.0,-184.52
cla3a,Waves,UREI LA-3A,comp,opto-la2a,off,under_tone_-12,63.0,-200.0
cla3a,Waves,UREI LA-3A,comp,opto-la2a,off,under_tone_-12,630.0,-200.0
cla3a,Waves,UREI LA-3A,comp,opto-la2a,off,under_tone_-12,6300.0,-185.81
cla3a,Waves,UREI LA-3A,comp,opto-la2a,off,under_tone_-12,80.0,-200.0
cla3a,Waves,UREI LA-3A,comp,opto-la2a,off,under_tone_-12,800.0,-200.0
cla3a,Waves,UREI LA-3A,comp,opto-la2a,off,under_tone_-12,8000.0,-191.27
cla3a,Waves,UREI LA-3A,comp,opto-la2a,on,silence,100.0,-104.25
cla3a,Waves,UREI LA-3A,comp,opto-la2a,on,silence,1000.0,-106.62
cla3a,Waves,UREI LA-3A,comp,opto-la2a,on,silence,10000.0,-97.04
cla3a,Waves,UREI LA-3A,comp,opto-la2a,on,silence,125.0,-112.98
cla3a,Waves,UREI LA-3A,comp,opto-la2a,on,silence,1250.0,-105.96
cla3a,Waves,UREI LA-3A,comp,opto-la2a,on,silence,12500.0,-96.03
cla3a,Waves,UREI LA-3A,comp,opto-la2a,on,silence,160.0,-105.14
cla3a,Waves,UREI LA-3A,comp,opto-la2a,on,silence,1600.0,-105.0
cla3a,Waves,UREI LA-3A,comp,opto-la2a,on,silence,16000.0,-95.01
cla3a,Waves,UREI LA-3A,comp,opto-la2a,on,silence,20.0,-99.79
cla3a,Waves,UREI LA-3A,comp,opto-la2a,on,silence,200.0,-111.73
cla3a,Waves,UREI LA-3A,comp,opto-la2a,on,silence,2000.0,-103.85
cla3a,Waves,UREI LA-3A,comp,opto-la2a,on,silence,20000.0,-93.98
cla3a,Waves,UREI LA-3A,comp,opto-la2a,on,silence,25.0,-104.46
cla3a,Waves,UREI LA-3A,comp,opto-la2a,on,silence,250.0,-111.55
cla3a,Waves,UREI LA-3A,comp,opto-la2a,on,silence,2500.0,-102.61
cla3a,Waves,UREI LA-3A,comp,opto-la2a,on,silence,31.5,-105.81
cla3a,Waves,UREI LA-3A,comp,opto-la2a,on,silence,315.0,-111.75
cla3a,Waves,UREI LA-3A,comp,opto-la2a,on,silence,3150.0,-101.9
cla3a,Waves,UREI LA-3A,comp,opto-la2a,on,silence,40.0,-108.97
cla3a,Waves,UREI LA-3A,comp,opto-la2a,on,silence,400.0,-110.36
cla3a,Waves,UREI LA-3A,comp,opto-la2a,on,silence,4000.0,-100.8
cla3a,Waves,UREI LA-3A,comp,opto-la2a,on,silence,50.0,-95.9
cla3a,Waves,UREI LA-3A,comp,opto-la2a,on,silence,500.0,-109.06
cla3a,Waves,UREI LA-3A,comp,opto-la2a,on,silence,5000.0,-99.89
cla3a,Waves,UREI LA-3A,comp,opto-la2a,on,silence,63.0,-111.13
cla3a,Waves,UREI LA-3A,comp,opto-la2a,on,silence,630.0,-108.19
cla3a,Waves,UREI LA-3A,comp,opto-la2a,on,silence,6300.0,-98.89
cla3a,Waves,UREI LA-3A,comp,opto-la2a,on,silence,80.0,-113.1
cla3a,Waves,UREI LA-3A,comp,opto-la2a,on,silence,800.0,-107.8
cla3a,Waves,UREI LA-3A,comp,opto-la2a,on,silence,8000.0,-97.84
cla3a,Waves,UREI LA-3A,comp,opto-la2a,on,under_tone_-12,100.0,-104.68
cla3a,Waves,UREI LA-3A,comp,opto-la2a,on,under_tone_-12,1000.0,-107.06
cla3a,Waves,UREI LA-3A,comp,opto-la2a,on,under_tone_-12,10000.0,-96.96
cla3a,Waves,UREI LA-3A,comp,opto-la2a,on,under_tone_-12,125.0,-113.09
cla3a,Waves,UREI LA-3A,comp,opto-la2a,on,under_tone_-12,1250.0,-105.7
cla3a,Waves,UREI LA-3A,comp,opto-la2a,on,under_tone_-12,12500.0,-96.17
cla3a,Waves,UREI LA-3A,comp,opto-la2a,on,under_tone_-12,160.0,-105.15
cla3a,Waves,UREI LA-3A,comp,opto-la2a,on,under_tone_-12,1600.0,-104.89
cla3a,Waves,UREI LA-3A,comp,opto-la2a,on,under_tone_-12,16000.0,-95.05
cla3a,Waves,UREI LA-3A,comp,opto-la2a,on,under_tone_-12,20.0,-98.59
cla3a,Waves,UREI LA-3A,comp,opto-la2a,on,under_tone_-12,200.0,-112.04
cla3a,Waves,UREI LA-3A,comp,opto-la2a,on,under_tone_-12,2000.0,-104.07
cla3a,Waves,UREI LA-3A,comp,opto-la2a,on,under_tone_-12,20000.0,-94.01
cla3a,Waves,UREI LA-3A,comp,opto-la2a,on,under_tone_-12,25.0,-102.89
cla3a,Waves,UREI LA-3A,comp,opto-la2a,on,under_tone_-12,250.0,-111.79
cla3a,Waves,UREI LA-3A,comp,opto-la2a,on,under_tone_-12,2500.0,-102.84
cla3a,Waves,UREI LA-3A,comp,opto-la2a,on,under_tone_-12,31.5,-105.57
cla3a,Waves,UREI LA-3A,comp,opto-la2a,on,under_tone_-12,315.0,-111.12
cla3a,Waves,UREI LA-3A,comp,opto-la2a,on,under_tone_-12,3150.0,-102.22
cla3a,Waves,UREI LA-3A,comp,opto-la2a,on,under_tone_-12,40.0,-109.8
cla3a,Waves,UREI LA-3A,comp,opto-la2a,on,under_tone_-12,400.0,-110.55
cla3a,Waves,UREI LA-3A,comp,opto-la2a,on,under_tone_-12,4000.0,-100.94
cla3a,Waves,UREI LA-3A,comp,opto-la2a,on,under_tone_-12,50.0,-96.37
cla3a,Waves,UREI LA-3A,comp,opto-la2a,on,under_tone_-12,500.0,-109.66
cla3a,Waves,UREI LA-3A,comp,opto-la2a,on,under_tone_-12,5000.0,-99.94
cla3a,Waves,UREI LA-3A,comp,opto-la2a,on,under_tone_-12,63.0,-111.89
cla3a,Waves,UREI LA-3A,comp,opto-la2a,on,under_tone_-12,630.0,-108.52
cla3a,Waves,UREI LA-3A,comp,opto-la2a,on,under_tone_-12,6300.0,-98.92
cla3a,Waves,UREI LA-3A,comp,opto-la2a,on,under_tone_-12,80.0,-112.2
cla3a,Waves,UREI LA-3A,comp,opto-la2a,on,under_tone_-12,800.0,-107.71
cla3a,Waves,UREI LA-3A,comp,opto-la2a,on,under_tone_-12,8000.0,-98.02
h_comp,Waves,"hybrid, analogue-modelled",comp,digital,off,silence,100.0,-200.0
h_comp,Waves,"hybrid, analogue-modelled",comp,digital,off,silence,1000.0,-200.0
h_comp,Waves,"hybrid, analogue-modelled",comp,digital,off,silence,10000.0,-200.0
h_comp,Waves,"hybrid, analogue-modelled",comp,digital,off,silence,125.0,-200.0
h_comp,Waves,"hybrid, analogue-modelled",comp,digital,off,silence,1250.0,-200.0
h_comp,Waves,"hybrid, analogue-modelled",comp,digital,off,silence,12500.0,-200.0
h_comp,Waves,"hybrid, analogue-modelled",comp,digital,off,silence,160.0,-200.0
h_comp,Waves,"hybrid, analogue-modelled",comp,digital,off,silence,1600.0,-200.0
h_comp,Waves,"hybrid, analogue-modelled",comp,digital,off,silence,16000.0,-200.0
h_comp,Waves,"hybrid, analogue-modelled",comp,digital,off,silence,20.0,-200.0
h_comp,Waves,"hybrid, analogue-modelled",comp,digital,off,silence,200.0,-200.0
h_comp,Waves,"hybrid, analogue-modelled",comp,digital,off,silence,2000.0,-200.0
h_comp,Waves,"hybrid, analogue-modelled",comp,digital,off,silence,20000.0,-200.0
h_comp,Waves,"hybrid, analogue-modelled",comp,digital,off,silence,25.0,-200.0
h_comp,Waves,"hybrid, analogue-modelled",comp,digital,off,silence,250.0,-200.0
h_comp,Waves,"hybrid, analogue-modelled",comp,digital,off,silence,2500.0,-200.0
h_comp,Waves,"hybrid, analogue-modelled",comp,digital,off,silence,31.5,-200.0
h_comp,Waves,"hybrid, analogue-modelled",comp,digital,off,silence,315.0,-200.0
h_comp,Waves,"hybrid, analogue-modelled",comp,digital,off,silence,3150.0,-200.0
h_comp,Waves,"hybrid, analogue-modelled",comp,digital,off,silence,40.0,-200.0
h_comp,Waves,"hybrid, analogue-modelled",comp,digital,off,silence,400.0,-200.0
h_comp,Waves,"hybrid, analogue-modelled",comp,digital,off,silence,4000.0,-200.0
h_comp,Waves,"hybrid, analogue-modelled",comp,digital,off,silence,50.0,-200.0
h_comp,Waves,"hybrid, analogue-modelled",comp,digital,off,silence,500.0,-200.0
h_comp,Waves,"hybrid, analogue-modelled",comp,digital,off,silence,5000.0,-200.0
h_comp,Waves,"hybrid, analogue-modelled",comp,digital,off,silence,63.0,-200.0
h_comp,Waves,"hybrid, analogue-modelled",comp,digital,off,silence,630.0,-200.0
h_comp,Waves,"hybrid, analogue-modelled",comp,digital,off,silence,6300.0,-200.0
h_comp,Waves,"hybrid, analogue-modelled",comp,digital,off,silence,80.0,-200.0
h_comp,Waves,"hybrid, analogue-modelled",comp,digital,off,silence,800.0,-200.0
h_comp,Waves,"hybrid, analogue-modelled",comp,digital,off,silence,8000.0,-200.0
h_comp,Waves,"hybrid, analogue-modelled",comp,digital,off,under_tone_-12,100.0,-200.0
h_comp,Waves,"hybrid, analogue-modelled",comp,digital,off,under_tone_-12,1000.0,-200.0
h_comp,Waves,"hybrid, analogue-modelled",comp,digital,off,under_tone_-12,10000.0,-200.0
h_comp,Waves,"hybrid, analogue-modelled",comp,digital,off,under_tone_-12,125.0,-200.0
h_comp,Waves,"hybrid, analogue-modelled",comp,digital,off,under_tone_-12,1250.0,-200.0
h_comp,Waves,"hybrid, analogue-modelled",comp,digital,off,under_tone_-12,12500.0,-200.0
h_comp,Waves,"hybrid, analogue-modelled",comp,digital,off,under_tone_-12,160.0,-200.0
h_comp,Waves,"hybrid, analogue-modelled",comp,digital,off,under_tone_-12,1600.0,-200.0
h_comp,Waves,"hybrid, analogue-modelled",comp,digital,off,under_tone_-12,16000.0,-200.0
h_comp,Waves,"hybrid, analogue-modelled",comp,digital,off,under_tone_-12,20.0,-200.0
h_comp,Waves,"hybrid, analogue-modelled",comp,digital,off,under_tone_-12,200.0,-200.0
h_comp,Waves,"hybrid, analogue-modelled",comp,digital,off,under_tone_-12,2000.0,-200.0
h_comp,Waves,"hybrid, analogue-modelled",comp,digital,off,under_tone_-12,20000.0,-181.96
h_comp,Waves,"hybrid, analogue-modelled",comp,digital,off,under_tone_-12,25.0,-200.0
h_comp,Waves,"hybrid, analogue-modelled",comp,digital,off,under_tone_-12,250.0,-200.0
h_comp,Waves,"hybrid, analogue-modelled",comp,digital,off,under_tone_-12,2500.0,-200.0
h_comp,Waves,"hybrid, analogue-modelled",comp,digital,off,under_tone_-12,31.5,-200.0
h_comp,Waves,"hybrid, analogue-modelled",comp,digital,off,under_tone_-12,315.0,-200.0
h_comp,Waves,"hybrid, analogue-modelled",comp,digital,off,under_tone_-12,3150.0,-200.0
h_comp,Waves,"hybrid, analogue-modelled",comp,digital,off,under_tone_-12,40.0,-200.0
h_comp,Waves,"hybrid, analogue-modelled",comp,digital,off,under_tone_-12,400.0,-200.0
h_comp,Waves,"hybrid, analogue-modelled",comp,digital,off,under_tone_-12,4000.0,-200.0
h_comp,Waves,"hybrid, analogue-modelled",comp,digital,off,under_tone_-12,50.0,-200.0
h_comp,Waves,"hybrid, analogue-modelled",comp,digital,off,under_tone_-12,500.0,-200.0
h_comp,Waves,"hybrid, analogue-modelled",comp,digital,off,under_tone_-12,5000.0,-200.0
h_comp,Waves,"hybrid, analogue-modelled",comp,digital,off,under_tone_-12,63.0,-200.0
h_comp,Waves,"hybrid, analogue-modelled",comp,digital,off,under_tone_-12,630.0,-200.0
h_comp,Waves,"hybrid, analogue-modelled",comp,digital,off,under_tone_-12,6300.0,-200.0
h_comp,Waves,"hybrid, analogue-modelled",comp,digital,off,under_tone_-12,80.0,-200.0
h_comp,Waves,"hybrid, analogue-modelled",comp,digital,off,under_tone_-12,800.0,-200.0
h_comp,Waves,"hybrid, analogue-modelled",comp,digital,off,under_tone_-12,8000.0,-200.0
h_comp,Waves,"hybrid, analogue-modelled",comp,digital,on,silence,100.0,-113.31
h_comp,Waves,"hybrid, analogue-modelled",comp,digital,on,silence,1000.0,-120.42
h_comp,Waves,"hybrid, analogue-modelled",comp,digital,on,silence,10000.0,-119.04
h_comp,Waves,"hybrid, analogue-modelled",comp,digital,on,silence,125.0,-113.48
h_comp,Waves,"hybrid, analogue-modelled",comp,digital,on,silence,1250.0,-120.5
h_comp,Waves,"hybrid, analogue-modelled",comp,digital,on,silence,12500.0,-119.86
h_comp,Waves,"hybrid, analogue-modelled",comp,digital,on,silence,160.0,-114.33
h_comp,Waves,"hybrid, analogue-modelled",comp,digital,on,silence,1600.0,-120.39
h_comp,Waves,"hybrid, analogue-modelled",comp,digital,on,silence,16000.0,-121.08
h_comp,Waves,"hybrid, analogue-modelled",comp,digital,on,silence,20.0,-111.72
h_comp,Waves,"hybrid, analogue-modelled",comp,digital,on,silence,200.0,-116.1
h_comp,Waves,"hybrid, analogue-modelled",comp,digital,on,silence,2000.0,-120.08
h_comp,Waves,"hybrid, analogue-modelled",comp,digital,on,silence,20000.0,-122.07
h_comp,Waves,"hybrid, analogue-modelled",comp,digital,on,silence,25.0,-111.52
h_comp,Waves,"hybrid, analogue-modelled",comp,digital,on,silence,250.0,-116.67
h_comp,Waves,"hybrid, analogue-modelled",comp,digital,on,silence,2500.0,-119.84
h_comp,Waves,"hybrid, analogue-modelled",comp,digital,on,silence,31.5,-110.63
h_comp,Waves,"hybrid, analogue-modelled",comp,digital,on,silence,315.0,-117.07
h_comp,Waves,"hybrid, analogue-modelled",comp,digital,on,silence,3150.0,-119.16
h_comp,Waves,"hybrid, analogue-modelled",comp,digital,on,silence,40.0,-111.74
h_comp,Waves,"hybrid, analogue-modelled",comp,digital,on,silence,400.0,-118.19
h_comp,Waves,"hybrid, analogue-modelled",comp,digital,on,silence,4000.0,-118.9
h_comp,Waves,"hybrid, analogue-modelled",comp,digital,on,silence,50.0,-112.32
h_comp,Waves,"hybrid, analogue-modelled",comp,digital,on,silence,500.0,-118.98
h_comp,Waves,"hybrid, analogue-modelled",comp,digital,on,silence,5000.0,-118.45
h_comp,Waves,"hybrid, analogue-modelled",comp,digital,on,silence,63.0,-111.39
h_comp,Waves,"hybrid, analogue-modelled",comp,digital,on,silence,630.0,-119.3
h_comp,Waves,"hybrid, analogue-modelled",comp,digital,on,silence,6300.0,-118.4
h_comp,Waves,"hybrid, analogue-modelled",comp,digital,on,silence,80.0,-112.13
h_comp,Waves,"hybrid, analogue-modelled",comp,digital,on,silence,800.0,-119.92
h_comp,Waves,"hybrid, analogue-modelled",comp,digital,on,silence,8000.0,-118.63
h_comp,Waves,"hybrid, analogue-modelled",comp,digital,on,under_tone_-12,100.0,-113.44
h_comp,Waves,"hybrid, analogue-modelled",comp,digital,on,under_tone_-12,1000.0,-120.71
h_comp,Waves,"hybrid, analogue-modelled",comp,digital,on,under_tone_-12,10000.0,-119.26
h_comp,Waves,"hybrid, analogue-modelled",comp,digital,on,under_tone_-12,125.0,-113.87
h_comp,Waves,"hybrid, analogue-modelled",comp,digital,on,under_tone_-12,1250.0,-120.36
h_comp,Waves,"hybrid, analogue-modelled",comp,digital,on,under_tone_-12,12500.0,-119.92
h_comp,Waves,"hybrid, analogue-modelled",comp,digital,on,under_tone_-12,160.0,-115.42
h_comp,Waves,"hybrid, analogue-modelled",comp,digital,on,under_tone_-12,1600.0,-120.2
h_comp,Waves,"hybrid, analogue-modelled",comp,digital,on,under_tone_-12,16000.0,-121.11
h_comp,Waves,"hybrid, analogue-modelled",comp,digital,on,under_tone_-12,20.0,-113.7
h_comp,Waves,"hybrid, analogue-modelled",comp,digital,on,under_tone_-12,200.0,-115.29
h_comp,Waves,"hybrid, analogue-modelled",comp,digital,on,under_tone_-12,2000.0,-120.08
h_comp,Waves,"hybrid, analogue-modelled",comp,digital,on,under_tone_-12,20000.0,-121.81
h_comp,Waves,"hybrid, analogue-modelled",comp,digital,on,under_tone_-12,25.0,-110.71
h_comp,Waves,"hybrid, analogue-modelled",comp,digital,on,under_tone_-12,250.0,-117.05
h_comp,Waves,"hybrid, analogue-modelled",comp,digital,on,under_tone_-12,2500.0,-119.47
h_comp,Waves,"hybrid, analogue-modelled",comp,digital,on,under_tone_-12,31.5,-111.84
h_comp,Waves,"hybrid, analogue-modelled",comp,digital,on,under_tone_-12,315.0,-117.56
h_comp,Waves,"hybrid, analogue-modelled",comp,digital,on,under_tone_-12,3150.0,-119.16
h_comp,Waves,"hybrid, analogue-modelled",comp,digital,on,under_tone_-12,40.0,-112.49
h_comp,Waves,"hybrid, analogue-modelled",comp,digital,on,under_tone_-12,400.0,-118.07
h_comp,Waves,"hybrid, analogue-modelled",comp,digital,on,under_tone_-12,4000.0,-118.86
h_comp,Waves,"hybrid, analogue-modelled",comp,digital,on,under_tone_-12,50.0,-111.87
h_comp,Waves,"hybrid, analogue-modelled",comp,digital,on,under_tone_-12,500.0,-119.18
h_comp,Waves,"hybrid, analogue-modelled",comp,digital,on,under_tone_-12,5000.0,-118.5
h_comp,Waves,"hybrid, analogue-modelled",comp,digital,on,under_tone_-12,63.0,-111.59
h_comp,Waves,"hybrid, analogue-modelled",comp,digital,on,under_tone_-12,630.0,-119.35
h_comp,Waves,"hybrid, analogue-modelled",comp,digital,on,under_tone_-12,6300.0,-118.54
h_comp,Waves,"hybrid, analogue-modelled",comp,digital,on,under_tone_-12,80.0,-112.98
h_comp,Waves,"hybrid, analogue-modelled",comp,digital,on,under_tone_-12,800.0,-120.09
h_comp,Waves,"hybrid, analogue-modelled",comp,digital,on,under_tone_-12,8000.0,-118.68
little_radiator,Soundtoys,Altec 1566A tube stage,colour,preamp-tube,off,silence,100.0,-200.0
little_radiator,Soundtoys,Altec 1566A tube stage,colour,preamp-tube,off,silence,1000.0,-200.0
little_radiator,Soundtoys,Altec 1566A tube stage,colour,preamp-tube,off,silence,10000.0,-200.0
little_radiator,Soundtoys,Altec 1566A tube stage,colour,preamp-tube,off,silence,125.0,-200.0
little_radiator,Soundtoys,Altec 1566A tube stage,colour,preamp-tube,off,silence,1250.0,-200.0
little_radiator,Soundtoys,Altec 1566A tube stage,colour,preamp-tube,off,silence,12500.0,-200.0
little_radiator,Soundtoys,Altec 1566A tube stage,colour,preamp-tube,off,silence,160.0,-200.0
little_radiator,Soundtoys,Altec 1566A tube stage,colour,preamp-tube,off,silence,1600.0,-200.0
little_radiator,Soundtoys,Altec 1566A tube stage,colour,preamp-tube,off,silence,16000.0,-200.0
little_radiator,Soundtoys,Altec 1566A tube stage,colour,preamp-tube,off,silence,20.0,-200.0
little_radiator,Soundtoys,Altec 1566A tube stage,colour,preamp-tube,off,silence,200.0,-200.0
little_radiator,Soundtoys,Altec 1566A tube stage,colour,preamp-tube,off,silence,2000.0,-200.0
little_radiator,Soundtoys,Altec 1566A tube stage,colour,preamp-tube,off,silence,20000.0,-200.0
little_radiator,Soundtoys,Altec 1566A tube stage,colour,preamp-tube,off,silence,25.0,-200.0
little_radiator,Soundtoys,Altec 1566A tube stage,colour,preamp-tube,off,silence,250.0,-200.0
little_radiator,Soundtoys,Altec 1566A tube stage,colour,preamp-tube,off,silence,2500.0,-200.0
little_radiator,Soundtoys,Altec 1566A tube stage,colour,preamp-tube,off,silence,31.5,-200.0
little_radiator,Soundtoys,Altec 1566A tube stage,colour,preamp-tube,off,silence,315.0,-200.0
little_radiator,Soundtoys,Altec 1566A tube stage,colour,preamp-tube,off,silence,3150.0,-200.0
little_radiator,Soundtoys,Altec 1566A tube stage,colour,preamp-tube,off,silence,40.0,-200.0
little_radiator,Soundtoys,Altec 1566A tube stage,colour,preamp-tube,off,silence,400.0,-200.0
little_radiator,Soundtoys,Altec 1566A tube stage,colour,preamp-tube,off,silence,4000.0,-200.0
little_radiator,Soundtoys,Altec 1566A tube stage,colour,preamp-tube,off,silence,50.0,-200.0
little_radiator,Soundtoys,Altec 1566A tube stage,colour,preamp-tube,off,silence,500.0,-200.0
little_radiator,Soundtoys,Altec 1566A tube stage,colour,preamp-tube,off,silence,5000.0,-200.0
little_radiator,Soundtoys,Altec 1566A tube stage,colour,preamp-tube,off,silence,63.0,-200.0
little_radiator,Soundtoys,Altec 1566A tube stage,colour,preamp-tube,off,silence,630.0,-200.0
little_radiator,Soundtoys,Altec 1566A tube stage,colour,preamp-tube,off,silence,6300.0,-200.0
little_radiator,Soundtoys,Altec 1566A tube stage,colour,preamp-tube,off,silence,80.0,-200.0
little_radiator,Soundtoys,Altec 1566A tube stage,colour,preamp-tube,off,silence,800.0,-200.0
little_radiator,Soundtoys,Altec 1566A tube stage,colour,preamp-tube,off,silence,8000.0,-200.0
little_radiator,Soundtoys,Altec 1566A tube stage,colour,preamp-tube,off,under_tone_-12,100.0,-200.0
little_radiator,Soundtoys,Altec 1566A tube stage,colour,preamp-tube,off,under_tone_-12,1000.0,-139.95
little_radiator,Soundtoys,Altec 1566A tube stage,colour,preamp-tube,off,under_tone_-12,10000.0,-153.01
little_radiator,Soundtoys,Altec 1566A tube stage,colour,preamp-tube,off,under_tone_-12,125.0,-200.0
little_radiator,Soundtoys,Altec 1566A tube stage,colour,preamp-tube,off,under_tone_-12,1250.0,-195.75
little_radiator,Soundtoys,Altec 1566A tube stage,colour,preamp-tube,off,under_tone_-12,12500.0,-153.47
little_radiator,Soundtoys,Altec 1566A tube stage,colour,preamp-tube,off,under_tone_-12,160.0,-200.0
little_radiator,Soundtoys,Altec 1566A tube stage,colour,preamp-tube,off,under_tone_-12,1600.0,-196.21
little_radiator,Soundtoys,Altec 1566A tube stage,colour,preamp-tube,off,under_tone_-12,16000.0,-152.58
little_radiator,Soundtoys,Altec 1566A tube stage,colour,preamp-tube,off,under_tone_-12,20.0,-180.93
little_radiator,Soundtoys,Altec 1566A tube stage,colour,preamp-tube,off,under_tone_-12,200.0,-200.0
little_radiator,Soundtoys,Altec 1566A tube stage,colour,preamp-tube,off,under_tone_-12,2000.0,-146.35
little_radiator,Soundtoys,Altec 1566A tube stage,colour,preamp-tube,off,under_tone_-12,20000.0,-118.0
little_radiator,Soundtoys,Altec 1566A tube stage,colour,preamp-tube,off,under_tone_-12,25.0,-185.53
little_radiator,Soundtoys,Altec 1566A tube stage,colour,preamp-tube,off,under_tone_-12,250.0,-200.0
little_radiator,Soundtoys,Altec 1566A tube stage,colour,preamp-tube,off,under_tone_-12,2500.0,-193.74
little_radiator,Soundtoys,Altec 1566A tube stage,colour,preamp-tube,off,under_tone_-12,31.5,-190.47
little_radiator,Soundtoys,Altec 1566A tube stage,colour,preamp-tube,off,under_tone_-12,315.0,-200.0
little_radiator,Soundtoys,Altec 1566A tube stage,colour,preamp-tube,off,under_tone_-12,3150.0,-149.37
little_radiator,Soundtoys,Altec 1566A tube stage,colour,preamp-tube,off,under_tone_-12,40.0,-195.11
little_radiator,Soundtoys,Altec 1566A tube stage,colour,preamp-tube,off,under_tone_-12,400.0,-200.0
little_radiator,Soundtoys,Altec 1566A tube stage,colour,preamp-tube,off,under_tone_-12,4000.0,-152.25
little_radiator,Soundtoys,Altec 1566A tube stage,colour,preamp-tube,off,under_tone_-12,50.0,-198.41
little_radiator,Soundtoys,Altec 1566A tube stage,colour,preamp-tube,off,under_tone_-12,500.0,-200.0
little_radiator,Soundtoys,Altec 1566A tube stage,colour,preamp-tube,off,under_tone_-12,5000.0,-154.11
little_radiator,Soundtoys,Altec 1566A tube stage,colour,preamp-tube,off,under_tone_-12,63.0,-200.0
little_radiator,Soundtoys,Altec 1566A tube stage,colour,preamp-tube,off,under_tone_-12,630.0,-199.76
little_radiator,Soundtoys,Altec 1566A tube stage,colour,preamp-tube,off,under_tone_-12,6300.0,-152.02
little_radiator,Soundtoys,Altec 1566A tube stage,colour,preamp-tube,off,under_tone_-12,80.0,-200.0
little_radiator,Soundtoys,Altec 1566A tube stage,colour,preamp-tube,off,under_tone_-12,800.0,-195.11
little_radiator,Soundtoys,Altec 1566A tube stage,colour,preamp-tube,off,under_tone_-12,8000.0,-156.69
little_radiator,Soundtoys,Altec 1566A tube stage,colour,preamp-tube,on,silence,100.0,-100.96
little_radiator,Soundtoys,Altec 1566A tube stage,colour,preamp-tube,on,silence,1000.0,-93.33
little_radiator,Soundtoys,Altec 1566A tube stage,colour,preamp-tube,on,silence,10000.0,-83.3
little_radiator,Soundtoys,Altec 1566A tube stage,colour,preamp-tube,on,silence,125.0,-100.99
little_radiator,Soundtoys,Altec 1566A tube stage,colour,preamp-tube,on,silence,1250.0,-92.07
little_radiator,Soundtoys,Altec 1566A tube stage,colour,preamp-tube,on,silence,12500.0,-82.22
little_radiator,Soundtoys,Altec 1566A tube stage,colour,preamp-tube,on,silence,160.0,-99.94
little_radiator,Soundtoys,Altec 1566A tube stage,colour,preamp-tube,on,silence,1600.0,-91.0
little_radiator,Soundtoys,Altec 1566A tube stage,colour,preamp-tube,on,silence,16000.0,-81.19
little_radiator,Soundtoys,Altec 1566A tube stage,colour,preamp-tube,on,silence,20.0,-98.4
little_radiator,Soundtoys,Altec 1566A tube stage,colour,preamp-tube,on,silence,200.0,-99.22
little_radiator,Soundtoys,Altec 1566A tube stage,colour,preamp-tube,on,silence,2000.0,-90.36
little_radiator,Soundtoys,Altec 1566A tube stage,colour,preamp-tube,on,silence,20000.0,-81.66
little_radiator,Soundtoys,Altec 1566A tube stage,colour,preamp-tube,on,silence,25.0,-98.81
little_radiator,Soundtoys,Altec 1566A tube stage,colour,preamp-tube,on,silence,250.0,-98.42
little_radiator,Soundtoys,Altec 1566A tube stage,colour,preamp-tube,on,silence,2500.0,-89.17
little_radiator,Soundtoys,Altec 1566A tube stage,colour,preamp-tube,on,silence,31.5,-99.53
little_radiator,Soundtoys,Altec 1566A tube stage,colour,preamp-tube,on,silence,315.0,-98.05
little_radiator,Soundtoys,Altec 1566A tube stage,colour,preamp-tube,on,silence,3150.0,-88.2
little_radiator,Soundtoys,Altec 1566A tube stage,colour,preamp-tube,on,silence,40.0,-98.63
little_radiator,Soundtoys,Altec 1566A tube stage,colour,preamp-tube,on,silence,400.0,-97.26
little_radiator,Soundtoys,Altec 1566A tube stage,colour,preamp-tube,on,silence,4000.0,-87.15
little_radiator,Soundtoys,Altec 1566A tube stage,colour,preamp-tube,on,silence,50.0,-100.44
little_radiator,Soundtoys,Altec 1566A tube stage,colour,preamp-tube,on,silence,500.0,-96.24
little_radiator,Soundtoys,Altec 1566A tube stage,colour,preamp-tube,on,silence,5000.0,-86.18
little_radiator,Soundtoys,Altec 1566A tube stage,colour,preamp-tube,on,silence,63.0,-98.88
little_radiator,Soundtoys,Altec 1566A tube stage,colour,preamp-tube,on,silence,630.0,-95.04
little_radiator,Soundtoys,Altec 1566A tube stage,colour,preamp-tube,on,silence,6300.0,-85.14
little_radiator,Soundtoys,Altec 1566A tube stage,colour,preamp-tube,on,silence,80.0,-100.24
little_radiator,Soundtoys,Altec 1566A tube stage,colour,preamp-tube,on,silence,800.0,-94.1
little_radiator,Soundtoys,Altec 1566A tube stage,colour,preamp-tube,on,silence,8000.0,-84.16
little_radiator,Soundtoys,Altec 1566A tube stage,colour,preamp-tube,on,under_tone_-12,100.0,-99.93
little_radiator,Soundtoys,Altec 1566A tube stage,colour,preamp-tube,on,under_tone_-12,1000.0,-94.5
little_radiator,Soundtoys,Altec 1566A tube stage,colour,preamp-tube,on,under_tone_-12,10000.0,-84.27
little_radiator,Soundtoys,Altec 1566A tube stage,colour,preamp-tube,on,under_tone_-12,125.0,-101.13
little_radiator,Soundtoys,Altec 1566A tube stage,colour,preamp-tube,on,under_tone_-12,1250.0,-92.98
little_radiator,Soundtoys,Altec 1566A tube stage,colour,preamp-tube,on,under_tone_-12,12500.0,-83.19
little_radiator,Soundtoys,Altec 1566A tube stage,colour,preamp-tube,on,under_tone_-12,160.0,-100.26
little_radiator,Soundtoys,Altec 1566A tube stage,colour,preamp-tube,on,under_tone_-12,1600.0,-92.1
little_radiator,Soundtoys,Altec 1566A tube stage,colour,preamp-tube,on,under_tone_-12,16000.0,-82.02
little_radiator,Soundtoys,Altec 1566A tube stage,colour,preamp-tube,on,under_tone_-12,20.0,-100.45
little_radiator,Soundtoys,Altec 1566A tube stage,colour,preamp-tube,on,under_tone_-12,200.0,-100.16
little_radiator,Soundtoys,Altec 1566A tube stage,colour,preamp-tube,on,under_tone_-12,2000.0,-91.07
little_radiator,Soundtoys,Altec 1566A tube stage,colour,preamp-tube,on,under_tone_-12,20000.0,-82.62
little_radiator,Soundtoys,Altec 1566A tube stage,colour,preamp-tube,on,under_tone_-12,25.0,-98.03
little_radiator,Soundtoys,Altec 1566A tube stage,colour,preamp-tube,on,under_tone_-12,250.0,-99.83
little_radiator,Soundtoys,Altec 1566A tube stage,colour,preamp-tube,on,under_tone_-12,2500.0,-90.18
little_radiator,Soundtoys,Altec 1566A tube stage,colour,preamp-tube,on,under_tone_-12,31.5,-100.29
little_radiator,Soundtoys,Altec 1566A tube stage,colour,preamp-tube,on,under_tone_-12,315.0,-99.08
little_radiator,Soundtoys,Altec 1566A tube stage,colour,preamp-tube,on,under_tone_-12,3150.0,-89.36
little_radiator,Soundtoys,Altec 1566A tube stage,colour,preamp-tube,on,under_tone_-12,40.0,-100.49
little_radiator,Soundtoys,Altec 1566A tube stage,colour,preamp-tube,on,under_tone_-12,400.0,-97.87
little_radiator,Soundtoys,Altec 1566A tube stage,colour,preamp-tube,on,under_tone_-12,4000.0,-88.22
little_radiator,Soundtoys,Altec 1566A tube stage,colour,preamp-tube,on,under_tone_-12,50.0,-100.91
little_radiator,Soundtoys,Altec 1566A tube stage,colour,preamp-tube,on,under_tone_-12,500.0,-96.57
little_radiator,Soundtoys,Altec 1566A tube stage,colour,preamp-tube,on,under_tone_-12,5000.0,-87.15
little_radiator,Soundtoys,Altec 1566A tube stage,colour,preamp-tube,on,under_tone_-12,63.0,-101.24
little_radiator,Soundtoys,Altec 1566A tube stage,colour,preamp-tube,on,under_tone_-12,630.0,-96.18
little_radiator,Soundtoys,Altec 1566A tube stage,colour,preamp-tube,on,under_tone_-12,6300.0,-86.34
little_radiator,Soundtoys,Altec 1566A tube stage,colour,preamp-tube,on,under_tone_-12,80.0,-102.11
little_radiator,Soundtoys,Altec 1566A tube stage,colour,preamp-tube,on,under_tone_-12,800.0,-95.19
little_radiator,Soundtoys,Altec 1566A tube stage,colour,preamp-tube,on,under_tone_-12,8000.0,-85.12
nls_mike,Waves,SSL 4000 G+ console channel,colour,console-ssl,off,silence,100.0,-200.0
nls_mike,Waves,SSL 4000 G+ console channel,colour,console-ssl,off,silence,1000.0,-200.0
nls_mike,Waves,SSL 4000 G+ console channel,colour,console-ssl,off,silence,10000.0,-200.0
nls_mike,Waves,SSL 4000 G+ console channel,colour,console-ssl,off,silence,125.0,-200.0
nls_mike,Waves,SSL 4000 G+ console channel,colour,console-ssl,off,silence,1250.0,-200.0
nls_mike,Waves,SSL 4000 G+ console channel,colour,console-ssl,off,silence,12500.0,-200.0
nls_mike,Waves,SSL 4000 G+ console channel,colour,console-ssl,off,silence,160.0,-200.0
nls_mike,Waves,SSL 4000 G+ console channel,colour,console-ssl,off,silence,1600.0,-200.0
nls_mike,Waves,SSL 4000 G+ console channel,colour,console-ssl,off,silence,16000.0,-200.0
nls_mike,Waves,SSL 4000 G+ console channel,colour,console-ssl,off,silence,20.0,-200.0
nls_mike,Waves,SSL 4000 G+ console channel,colour,console-ssl,off,silence,200.0,-200.0
nls_mike,Waves,SSL 4000 G+ console channel,colour,console-ssl,off,silence,2000.0,-200.0
nls_mike,Waves,SSL 4000 G+ console channel,colour,console-ssl,off,silence,20000.0,-200.0
nls_mike,Waves,SSL 4000 G+ console channel,colour,console-ssl,off,silence,25.0,-200.0
nls_mike,Waves,SSL 4000 G+ console channel,colour,console-ssl,off,silence,250.0,-200.0
nls_mike,Waves,SSL 4000 G+ console channel,colour,console-ssl,off,silence,2500.0,-200.0
nls_mike,Waves,SSL 4000 G+ console channel,colour,console-ssl,off,silence,31.5,-200.0
nls_mike,Waves,SSL 4000 G+ console channel,colour,console-ssl,off,silence,315.0,-200.0
nls_mike,Waves,SSL 4000 G+ console channel,colour,console-ssl,off,silence,3150.0,-200.0
nls_mike,Waves,SSL 4000 G+ console channel,colour,console-ssl,off,silence,40.0,-200.0
nls_mike,Waves,SSL 4000 G+ console channel,colour,console-ssl,off,silence,400.0,-200.0
nls_mike,Waves,SSL 4000 G+ console channel,colour,console-ssl,off,silence,4000.0,-200.0
nls_mike,Waves,SSL 4000 G+ console channel,colour,console-ssl,off,silence,50.0,-200.0
nls_mike,Waves,SSL 4000 G+ console channel,colour,console-ssl,off,silence,500.0,-200.0
nls_mike,Waves,SSL 4000 G+ console channel,colour,console-ssl,off,silence,5000.0,-200.0
nls_mike,Waves,SSL 4000 G+ console channel,colour,console-ssl,off,silence,63.0,-200.0
nls_mike,Waves,SSL 4000 G+ console channel,colour,console-ssl,off,silence,630.0,-200.0
nls_mike,Waves,SSL 4000 G+ console channel,colour,console-ssl,off,silence,6300.0,-200.0
nls_mike,Waves,SSL 4000 G+ console channel,colour,console-ssl,off,silence,80.0,-200.0
nls_mike,Waves,SSL 4000 G+ console channel,colour,console-ssl,off,silence,800.0,-200.0
nls_mike,Waves,SSL 4000 G+ console channel,colour,console-ssl,off,silence,8000.0,-200.0
nls_mike,Waves,SSL 4000 G+ console channel,colour,console-ssl,off,under_tone_-12,100.0,-200.0
nls_mike,Waves,SSL 4000 G+ console channel,colour,console-ssl,off,under_tone_-12,1000.0,-167.14
nls_mike,Waves,SSL 4000 G+ console channel,colour,console-ssl,off,under_tone_-12,10000.0,-168.18
nls_mike,Waves,SSL 4000 G+ console channel,colour,console-ssl,off,under_tone_-12,125.0,-200.0
nls_mike,Waves,SSL 4000 G+ console channel,colour,console-ssl,off,under_tone_-12,1250.0,-200.0
nls_mike,Waves,SSL 4000 G+ console channel,colour,console-ssl,off,under_tone_-12,12500.0,-171.8
nls_mike,Waves,SSL 4000 G+ console channel,colour,console-ssl,off,under_tone_-12,160.0,-200.0
nls_mike,Waves,SSL 4000 G+ console channel,colour,console-ssl,off,under_tone_-12,1600.0,-200.0
nls_mike,Waves,SSL 4000 G+ console channel,colour,console-ssl,off,under_tone_-12,16000.0,-171.24
nls_mike,Waves,SSL 4000 G+ console channel,colour,console-ssl,off,under_tone_-12,20.0,-200.0
nls_mike,Waves,SSL 4000 G+ console channel,colour,console-ssl,off,under_tone_-12,200.0,-200.0
nls_mike,Waves,SSL 4000 G+ console channel,colour,console-ssl,off,under_tone_-12,2000.0,-167.31
nls_mike,Waves,SSL 4000 G+ console channel,colour,console-ssl,off,under_tone_-12,20000.0,-117.36
nls_mike,Waves,SSL 4000 G+ console channel,colour,console-ssl,off,under_tone_-12,25.0,-200.0
nls_mike,Waves,SSL 4000 G+ console channel,colour,console-ssl,off,under_tone_-12,250.0,-200.0
nls_mike,Waves,SSL 4000 G+ console channel,colour,console-ssl,off,under_tone_-12,2500.0,-200.0
nls_mike,Waves,SSL 4000 G+ console channel,colour,console-ssl,off,under_tone_-12,31.5,-200.0
nls_mike,Waves,SSL 4000 G+ console channel,colour,console-ssl,off,under_tone_-12,315.0,-200.0
nls_mike,Waves,SSL 4000 G+ console channel,colour,console-ssl,off,under_tone_-12,3150.0,-167.58
nls_mike,Waves,SSL 4000 G+ console channel,colour,console-ssl,off,under_tone_-12,40.0,-200.0
nls_mike,Waves,SSL 4000 G+ console channel,colour,console-ssl,off,under_tone_-12,400.0,-200.0
nls_mike,Waves,SSL 4000 G+ console channel,colour,console-ssl,off,under_tone_-12,4000.0,-167.94
nls_mike,Waves,SSL 4000 G+ console channel,colour,console-ssl,off,under_tone_-12,50.0,-200.0
nls_mike,Waves,SSL 4000 G+ console channel,colour,console-ssl,off,under_tone_-12,500.0,-200.0
nls_mike,Waves,SSL 4000 G+ console channel,colour,console-ssl,off,under_tone_-12,5000.0,-168.49
nls_mike,Waves,SSL 4000 G+ console channel,colour,console-ssl,off,under_tone_-12,63.0,-200.0
nls_mike,Waves,SSL 4000 G+ console channel,colour,console-ssl,off,under_tone_-12,630.0,-200.0
nls_mike,Waves,SSL 4000 G+ console channel,colour,console-ssl,off,under_tone_-12,6300.0,-166.44
nls_mike,Waves,SSL 4000 G+ console channel,colour,console-ssl,off,under_tone_-12,80.0,-200.0
nls_mike,Waves,SSL 4000 G+ console channel,colour,console-ssl,off,under_tone_-12,800.0,-200.0
nls_mike,Waves,SSL 4000 G+ console channel,colour,console-ssl,off,under_tone_-12,8000.0,-170.77
nls_mike,Waves,SSL 4000 G+ console channel,colour,console-ssl,on,silence,100.0,-200.0
nls_mike,Waves,SSL 4000 G+ console channel,colour,console-ssl,on,silence,1000.0,-200.0
nls_mike,Waves,SSL 4000 G+ console channel,colour,console-ssl,on,silence,10000.0,-200.0
nls_mike,Waves,SSL 4000 G+ console channel,colour,console-ssl,on,silence,125.0,-200.0
nls_mike,Waves,SSL 4000 G+ console channel,colour,console-ssl,on,silence,1250.0,-200.0
nls_mike,Waves,SSL 4000 G+ console channel,colour,console-ssl,on,silence,12500.0,-200.0
nls_mike,Waves,SSL 4000 G+ console channel,colour,console-ssl,on,silence,160.0,-200.0
nls_mike,Waves,SSL 4000 G+ console channel,colour,console-ssl,on,silence,1600.0,-200.0
nls_mike,Waves,SSL 4000 G+ console channel,colour,console-ssl,on,silence,16000.0,-200.0
nls_mike,Waves,SSL 4000 G+ console channel,colour,console-ssl,on,silence,20.0,-200.0
nls_mike,Waves,SSL 4000 G+ console channel,colour,console-ssl,on,silence,200.0,-200.0
nls_mike,Waves,SSL 4000 G+ console channel,colour,console-ssl,on,silence,2000.0,-200.0
nls_mike,Waves,SSL 4000 G+ console channel,colour,console-ssl,on,silence,20000.0,-200.0
nls_mike,Waves,SSL 4000 G+ console channel,colour,console-ssl,on,silence,25.0,-200.0
nls_mike,Waves,SSL 4000 G+ console channel,colour,console-ssl,on,silence,250.0,-200.0
nls_mike,Waves,SSL 4000 G+ console channel,colour,console-ssl,on,silence,2500.0,-200.0
nls_mike,Waves,SSL 4000 G+ console channel,colour,console-ssl,on,silence,31.5,-200.0
nls_mike,Waves,SSL 4000 G+ console channel,colour,console-ssl,on,silence,315.0,-200.0
nls_mike,Waves,SSL 4000 G+ console channel,colour,console-ssl,on,silence,3150.0,-200.0
nls_mike,Waves,SSL 4000 G+ console channel,colour,console-ssl,on,silence,40.0,-200.0
nls_mike,Waves,SSL 4000 G+ console channel,colour,console-ssl,on,silence,400.0,-200.0
nls_mike,Waves,SSL 4000 G+ console channel,colour,console-ssl,on,silence,4000.0,-200.0
nls_mike,Waves,SSL 4000 G+ console channel,colour,console-ssl,on,silence,50.0,-200.0
nls_mike,Waves,SSL 4000 G+ console channel,colour,console-ssl,on,silence,500.0,-200.0
nls_mike,Waves,SSL 4000 G+ console channel,colour,console-ssl,on,silence,5000.0,-200.0
nls_mike,Waves,SSL 4000 G+ console channel,colour,console-ssl,on,silence,63.0,-200.0
nls_mike,Waves,SSL 4000 G+ console channel,colour,console-ssl,on,silence,630.0,-200.0
nls_mike,Waves,SSL 4000 G+ console channel,colour,console-ssl,on,silence,6300.0,-200.0
nls_mike,Waves,SSL 4000 G+ console channel,colour,console-ssl,on,silence,80.0,-200.0
nls_mike,Waves,SSL 4000 G+ console channel,colour,console-ssl,on,silence,800.0,-200.0
nls_mike,Waves,SSL 4000 G+ console channel,colour,console-ssl,on,silence,8000.0,-200.0
nls_mike,Waves,SSL 4000 G+ console channel,colour,console-ssl,on,under_tone_-12,100.0,-200.0
nls_mike,Waves,SSL 4000 G+ console channel,colour,console-ssl,on,under_tone_-12,1000.0,-167.14
nls_mike,Waves,SSL 4000 G+ console channel,colour,console-ssl,on,under_tone_-12,10000.0,-168.18
nls_mike,Waves,SSL 4000 G+ console channel,colour,console-ssl,on,under_tone_-12,125.0,-200.0
nls_mike,Waves,SSL 4000 G+ console channel,colour,console-ssl,on,under_tone_-12,1250.0,-200.0
nls_mike,Waves,SSL 4000 G+ console channel,colour,console-ssl,on,under_tone_-12,12500.0,-171.8
nls_mike,Waves,SSL 4000 G+ console channel,colour,console-ssl,on,under_tone_-12,160.0,-200.0
nls_mike,Waves,SSL 4000 G+ console channel,colour,console-ssl,on,under_tone_-12,1600.0,-200.0
nls_mike,Waves,SSL 4000 G+ console channel,colour,console-ssl,on,under_tone_-12,16000.0,-171.24
nls_mike,Waves,SSL 4000 G+ console channel,colour,console-ssl,on,under_tone_-12,20.0,-200.0
nls_mike,Waves,SSL 4000 G+ console channel,colour,console-ssl,on,under_tone_-12,200.0,-200.0
nls_mike,Waves,SSL 4000 G+ console channel,colour,console-ssl,on,under_tone_-12,2000.0,-167.31
nls_mike,Waves,SSL 4000 G+ console channel,colour,console-ssl,on,under_tone_-12,20000.0,-117.36
nls_mike,Waves,SSL 4000 G+ console channel,colour,console-ssl,on,under_tone_-12,25.0,-200.0
nls_mike,Waves,SSL 4000 G+ console channel,colour,console-ssl,on,under_tone_-12,250.0,-200.0
nls_mike,Waves,SSL 4000 G+ console channel,colour,console-ssl,on,under_tone_-12,2500.0,-200.0
nls_mike,Waves,SSL 4000 G+ console channel,colour,console-ssl,on,under_tone_-12,31.5,-200.0
nls_mike,Waves,SSL 4000 G+ console channel,colour,console-ssl,on,under_tone_-12,315.0,-200.0
nls_mike,Waves,SSL 4000 G+ console channel,colour,console-ssl,on,under_tone_-12,3150.0,-167.58
nls_mike,Waves,SSL 4000 G+ console channel,colour,console-ssl,on,under_tone_-12,40.0,-200.0
nls_mike,Waves,SSL 4000 G+ console channel,colour,console-ssl,on,under_tone_-12,400.0,-200.0
nls_mike,Waves,SSL 4000 G+ console channel,colour,console-ssl,on,under_tone_-12,4000.0,-167.94
nls_mike,Waves,SSL 4000 G+ console channel,colour,console-ssl,on,under_tone_-12,50.0,-200.0
nls_mike,Waves,SSL 4000 G+ console channel,colour,console-ssl,on,under_tone_-12,500.0,-200.0
nls_mike,Waves,SSL 4000 G+ console channel,colour,console-ssl,on,under_tone_-12,5000.0,-168.49
nls_mike,Waves,SSL 4000 G+ console channel,colour,console-ssl,on,under_tone_-12,63.0,-200.0
nls_mike,Waves,SSL 4000 G+ console channel,colour,console-ssl,on,under_tone_-12,630.0,-200.0
nls_mike,Waves,SSL 4000 G+ console channel,colour,console-ssl,on,under_tone_-12,6300.0,-166.44
nls_mike,Waves,SSL 4000 G+ console channel,colour,console-ssl,on,under_tone_-12,80.0,-200.0
nls_mike,Waves,SSL 4000 G+ console channel,colour,console-ssl,on,under_tone_-12,800.0,-200.0
nls_mike,Waves,SSL 4000 G+ console channel,colour,console-ssl,on,under_tone_-12,8000.0,-170.77
nls_nevo,Waves,Neve 5116 console channel,colour,console-neve,off,silence,100.0,-200.0
nls_nevo,Waves,Neve 5116 console channel,colour,console-neve,off,silence,1000.0,-200.0
nls_nevo,Waves,Neve 5116 console channel,colour,console-neve,off,silence,10000.0,-200.0
nls_nevo,Waves,Neve 5116 console channel,colour,console-neve,off,silence,125.0,-200.0
nls_nevo,Waves,Neve 5116 console channel,colour,console-neve,off,silence,1250.0,-200.0
nls_nevo,Waves,Neve 5116 console channel,colour,console-neve,off,silence,12500.0,-200.0
nls_nevo,Waves,Neve 5116 console channel,colour,console-neve,off,silence,160.0,-200.0
nls_nevo,Waves,Neve 5116 console channel,colour,console-neve,off,silence,1600.0,-200.0
nls_nevo,Waves,Neve 5116 console channel,colour,console-neve,off,silence,16000.0,-200.0
nls_nevo,Waves,Neve 5116 console channel,colour,console-neve,off,silence,20.0,-200.0
nls_nevo,Waves,Neve 5116 console channel,colour,console-neve,off,silence,200.0,-200.0
nls_nevo,Waves,Neve 5116 console channel,colour,console-neve,off,silence,2000.0,-200.0
nls_nevo,Waves,Neve 5116 console channel,colour,console-neve,off,silence,20000.0,-200.0
nls_nevo,Waves,Neve 5116 console channel,colour,console-neve,off,silence,25.0,-200.0
nls_nevo,Waves,Neve 5116 console channel,colour,console-neve,off,silence,250.0,-200.0
nls_nevo,Waves,Neve 5116 console channel,colour,console-neve,off,silence,2500.0,-200.0
nls_nevo,Waves,Neve 5116 console channel,colour,console-neve,off,silence,31.5,-200.0
nls_nevo,Waves,Neve 5116 console channel,colour,console-neve,off,silence,315.0,-200.0
nls_nevo,Waves,Neve 5116 console channel,colour,console-neve,off,silence,3150.0,-200.0
nls_nevo,Waves,Neve 5116 console channel,colour,console-neve,off,silence,40.0,-200.0
nls_nevo,Waves,Neve 5116 console channel,colour,console-neve,off,silence,400.0,-200.0
nls_nevo,Waves,Neve 5116 console channel,colour,console-neve,off,silence,4000.0,-200.0
nls_nevo,Waves,Neve 5116 console channel,colour,console-neve,off,silence,50.0,-200.0
nls_nevo,Waves,Neve 5116 console channel,colour,console-neve,off,silence,500.0,-200.0
nls_nevo,Waves,Neve 5116 console channel,colour,console-neve,off,silence,5000.0,-200.0
nls_nevo,Waves,Neve 5116 console channel,colour,console-neve,off,silence,63.0,-200.0
nls_nevo,Waves,Neve 5116 console channel,colour,console-neve,off,silence,630.0,-200.0
nls_nevo,Waves,Neve 5116 console channel,colour,console-neve,off,silence,6300.0,-200.0
nls_nevo,Waves,Neve 5116 console channel,colour,console-neve,off,silence,80.0,-200.0
nls_nevo,Waves,Neve 5116 console channel,colour,console-neve,off,silence,800.0,-200.0
nls_nevo,Waves,Neve 5116 console channel,colour,console-neve,off,silence,8000.0,-200.0
nls_nevo,Waves,Neve 5116 console channel,colour,console-neve,off,under_tone_-12,100.0,-200.0
nls_nevo,Waves,Neve 5116 console channel,colour,console-neve,off,under_tone_-12,1000.0,-166.6
nls_nevo,Waves,Neve 5116 console channel,colour,console-neve,off,under_tone_-12,10000.0,-167.59
nls_nevo,Waves,Neve 5116 console channel,colour,console-neve,off,under_tone_-12,125.0,-200.0
nls_nevo,Waves,Neve 5116 console channel,colour,console-neve,off,under_tone_-12,1250.0,-200.0
nls_nevo,Waves,Neve 5116 console channel,colour,console-neve,off,under_tone_-12,12500.0,-171.11
nls_nevo,Waves,Neve 5116 console channel,colour,console-neve,off,under_tone_-12,160.0,-200.0
nls_nevo,Waves,Neve 5116 console channel,colour,console-neve,off,under_tone_-12,1600.0,-200.0
nls_nevo,Waves,Neve 5116 console channel,colour,console-neve,off,under_tone_-12,16000.0,-169.78
nls_nevo,Waves,Neve 5116 console channel,colour,console-neve,off,under_tone_-12,20.0,-200.0
nls_nevo,Waves,Neve 5116 console channel,colour,console-neve,off,under_tone_-12,200.0,-200.0
nls_nevo,Waves,Neve 5116 console channel,colour,console-neve,off,under_tone_-12,2000.0,-166.77
nls_nevo,Waves,Neve 5116 console channel,colour,console-neve,off,under_tone_-12,20000.0,-158.89
nls_nevo,Waves,Neve 5116 console channel,colour,console-neve,off,under_tone_-12,25.0,-200.0
nls_nevo,Waves,Neve 5116 console channel,colour,console-neve,off,under_tone_-12,250.0,-200.0
nls_nevo,Waves,Neve 5116 console channel,colour,console-neve,off,under_tone_-12,2500.0,-199.73
nls_nevo,Waves,Neve 5116 console channel,colour,console-neve,off,under_tone_-12,31.5,-200.0
nls_nevo,Waves,Neve 5116 console channel,colour,console-neve,off,under_tone_-12,315.0,-200.0
nls_nevo,Waves,Neve 5116 console channel,colour,console-neve,off,under_tone_-12,3150.0,-167.07
nls_nevo,Waves,Neve 5116 console channel,colour,console-neve,off,under_tone_-12,40.0,-200.0
nls_nevo,Waves,Neve 5116 console channel,colour,console-neve,off,under_tone_-12,400.0,-200.0
nls_nevo,Waves,Neve 5116 console channel,colour,console-neve,off,under_tone_-12,4000.0,-167.51
nls_nevo,Waves,Neve 5116 console channel,colour,console-neve,off,under_tone_-12,50.0,-200.0
nls_nevo,Waves,Neve 5116 console channel,colour,console-neve,off,under_tone_-12,500.0,-200.0
nls_nevo,Waves,Neve 5116 console channel,colour,console-neve,off,under_tone_-12,5000.0,-167.9
nls_nevo,Waves,Neve 5116 console channel,colour,console-neve,off,under_tone_-12,63.0,-200.0
nls_nevo,Waves,Neve 5116 console channel,colour,console-neve,off,under_tone_-12,630.0,-200.0
nls_nevo,Waves,Neve 5116 console channel,colour,console-neve,off,under_tone_-12,6300.0,-165.87
nls_nevo,Waves,Neve 5116 console channel,colour,console-neve,off,under_tone_-12,80.0,-200.0
nls_nevo,Waves,Neve 5116 console channel,colour,console-neve,off,under_tone_-12,800.0,-200.0
nls_nevo,Waves,Neve 5116 console channel,colour,console-neve,off,under_tone_-12,8000.0,-170.4
nls_nevo,Waves,Neve 5116 console channel,colour,console-neve,on,silence,100.0,-200.0
nls_nevo,Waves,Neve 5116 console channel,colour,console-neve,on,silence,1000.0,-200.0
nls_nevo,Waves,Neve 5116 console channel,colour,console-neve,on,silence,10000.0,-200.0
nls_nevo,Waves,Neve 5116 console channel,colour,console-neve,on,silence,125.0,-200.0
nls_nevo,Waves,Neve 5116 console channel,colour,console-neve,on,silence,1250.0,-200.0
nls_nevo,Waves,Neve 5116 console channel,colour,console-neve,on,silence,12500.0,-200.0
nls_nevo,Waves,Neve 5116 console channel,colour,console-neve,on,silence,160.0,-200.0
nls_nevo,Waves,Neve 5116 console channel,colour,console-neve,on,silence,1600.0,-200.0
nls_nevo,Waves,Neve 5116 console channel,colour,console-neve,on,silence,16000.0,-200.0
nls_nevo,Waves,Neve 5116 console channel,colour,console-neve,on,silence,20.0,-200.0
nls_nevo,Waves,Neve 5116 console channel,colour,console-neve,on,silence,200.0,-200.0
nls_nevo,Waves,Neve 5116 console channel,colour,console-neve,on,silence,2000.0,-200.0
nls_nevo,Waves,Neve 5116 console channel,colour,console-neve,on,silence,20000.0,-200.0
nls_nevo,Waves,Neve 5116 console channel,colour,console-neve,on,silence,25.0,-200.0
nls_nevo,Waves,Neve 5116 console channel,colour,console-neve,on,silence,250.0,-200.0
nls_nevo,Waves,Neve 5116 console channel,colour,console-neve,on,silence,2500.0,-200.0
nls_nevo,Waves,Neve 5116 console channel,colour,console-neve,on,silence,31.5,-200.0
nls_nevo,Waves,Neve 5116 console channel,colour,console-neve,on,silence,315.0,-200.0
nls_nevo,Waves,Neve 5116 console channel,colour,console-neve,on,silence,3150.0,-200.0
nls_nevo,Waves,Neve 5116 console channel,colour,console-neve,on,silence,40.0,-200.0
nls_nevo,Waves,Neve 5116 console channel,colour,console-neve,on,silence,400.0,-200.0
nls_nevo,Waves,Neve 5116 console channel,colour,console-neve,on,silence,4000.0,-200.0
nls_nevo,Waves,Neve 5116 console channel,colour,console-neve,on,silence,50.0,-200.0
nls_nevo,Waves,Neve 5116 console channel,colour,console-neve,on,silence,500.0,-200.0
nls_nevo,Waves,Neve 5116 console channel,colour,console-neve,on,silence,5000.0,-200.0
nls_nevo,Waves,Neve 5116 console channel,colour,console-neve,on,silence,63.0,-200.0
nls_nevo,Waves,Neve 5116 console channel,colour,console-neve,on,silence,630.0,-200.0
nls_nevo,Waves,Neve 5116 console channel,colour,console-neve,on,silence,6300.0,-200.0
nls_nevo,Waves,Neve 5116 console channel,colour,console-neve,on,silence,80.0,-200.0
nls_nevo,Waves,Neve 5116 console channel,colour,console-neve,on,silence,800.0,-200.0
nls_nevo,Waves,Neve 5116 console channel,colour,console-neve,on,silence,8000.0,-200.0
nls_nevo,Waves,Neve 5116 console channel,colour,console-neve,on,under_tone_-12,100.0,-200.0
nls_nevo,Waves,Neve 5116 console channel,colour,console-neve,on,under_tone_-12,1000.0,-166.6
nls_nevo,Waves,Neve 5116 console channel,colour,console-neve,on,under_tone_-12,10000.0,-167.59
nls_nevo,Waves,Neve 5116 console channel,colour,console-neve,on,under_tone_-12,125.0,-200.0
nls_nevo,Waves,Neve 5116 console channel,colour,console-neve,on,under_tone_-12,1250.0,-200.0
nls_nevo,Waves,Neve 5116 console channel,colour,console-neve,on,under_tone_-12,12500.0,-171.11
nls_nevo,Waves,Neve 5116 console channel,colour,console-neve,on,under_tone_-12,160.0,-200.0
nls_nevo,Waves,Neve 5116 console channel,colour,console-neve,on,under_tone_-12,1600.0,-200.0
nls_nevo,Waves,Neve 5116 console channel,colour,console-neve,on,under_tone_-12,16000.0,-169.78
nls_nevo,Waves,Neve 5116 console channel,colour,console-neve,on,under_tone_-12,20.0,-200.0
nls_nevo,Waves,Neve 5116 console channel,colour,console-neve,on,under_tone_-12,200.0,-200.0
nls_nevo,Waves,Neve 5116 console channel,colour,console-neve,on,under_tone_-12,2000.0,-166.77
nls_nevo,Waves,Neve 5116 console channel,colour,console-neve,on,under_tone_-12,20000.0,-158.89
nls_nevo,Waves,Neve 5116 console channel,colour,console-neve,on,under_tone_-12,25.0,-200.0
nls_nevo,Waves,Neve 5116 console channel,colour,console-neve,on,under_tone_-12,250.0,-200.0
nls_nevo,Waves,Neve 5116 console channel,colour,console-neve,on,under_tone_-12,2500.0,-199.73
nls_nevo,Waves,Neve 5116 console channel,colour,console-neve,on,under_tone_-12,31.5,-200.0
nls_nevo,Waves,Neve 5116 console channel,colour,console-neve,on,under_tone_-12,315.0,-200.0
nls_nevo,Waves,Neve 5116 console channel,colour,console-neve,on,under_tone_-12,3150.0,-167.07
nls_nevo,Waves,Neve 5116 console channel,colour,console-neve,on,under_tone_-12,40.0,-200.0
nls_nevo,Waves,Neve 5116 console channel,colour,console-neve,on,under_tone_-12,400.0,-200.0
nls_nevo,Waves,Neve 5116 console channel,colour,console-neve,on,under_tone_-12,4000.0,-167.51
nls_nevo,Waves,Neve 5116 console channel,colour,console-neve,on,under_tone_-12,50.0,-200.0
nls_nevo,Waves,Neve 5116 console channel,colour,console-neve,on,under_tone_-12,500.0,-200.0
nls_nevo,Waves,Neve 5116 console channel,colour,console-neve,on,under_tone_-12,5000.0,-167.9
nls_nevo,Waves,Neve 5116 console channel,colour,console-neve,on,under_tone_-12,63.0,-200.0
nls_nevo,Waves,Neve 5116 console channel,colour,console-neve,on,under_tone_-12,630.0,-200.0
nls_nevo,Waves,Neve 5116 console channel,colour,console-neve,on,under_tone_-12,6300.0,-165.87
nls_nevo,Waves,Neve 5116 console channel,colour,console-neve,on,under_tone_-12,80.0,-200.0
nls_nevo,Waves,Neve 5116 console channel,colour,console-neve,on,under_tone_-12,800.0,-200.0
nls_nevo,Waves,Neve 5116 console channel,colour,console-neve,on,under_tone_-12,8000.0,-170.4
nls_spike,Waves,EMI TG12345 console channel,colour,console-emi,off,silence,100.0,-200.0
nls_spike,Waves,EMI TG12345 console channel,colour,console-emi,off,silence,1000.0,-200.0
nls_spike,Waves,EMI TG12345 console channel,colour,console-emi,off,silence,10000.0,-200.0
nls_spike,Waves,EMI TG12345 console channel,colour,console-emi,off,silence,125.0,-200.0
nls_spike,Waves,EMI TG12345 console channel,colour,console-emi,off,silence,1250.0,-200.0
nls_spike,Waves,EMI TG12345 console channel,colour,console-emi,off,silence,12500.0,-200.0
nls_spike,Waves,EMI TG12345 console channel,colour,console-emi,off,silence,160.0,-200.0
nls_spike,Waves,EMI TG12345 console channel,colour,console-emi,off,silence,1600.0,-200.0
nls_spike,Waves,EMI TG12345 console channel,colour,console-emi,off,silence,16000.0,-200.0
nls_spike,Waves,EMI TG12345 console channel,colour,console-emi,off,silence,20.0,-200.0
nls_spike,Waves,EMI TG12345 console channel,colour,console-emi,off,silence,200.0,-200.0
nls_spike,Waves,EMI TG12345 console channel,colour,console-emi,off,silence,2000.0,-200.0
nls_spike,Waves,EMI TG12345 console channel,colour,console-emi,off,silence,20000.0,-200.0
nls_spike,Waves,EMI TG12345 console channel,colour,console-emi,off,silence,25.0,-200.0
nls_spike,Waves,EMI TG12345 console channel,colour,console-emi,off,silence,250.0,-200.0
nls_spike,Waves,EMI TG12345 console channel,colour,console-emi,off,silence,2500.0,-200.0
nls_spike,Waves,EMI TG12345 console channel,colour,console-emi,off,silence,31.5,-200.0
nls_spike,Waves,EMI TG12345 console channel,colour,console-emi,off,silence,315.0,-200.0
nls_spike,Waves,EMI TG12345 console channel,colour,console-emi,off,silence,3150.0,-200.0
nls_spike,Waves,EMI TG12345 console channel,colour,console-emi,off,silence,40.0,-200.0
nls_spike,Waves,EMI TG12345 console channel,colour,console-emi,off,silence,400.0,-200.0
nls_spike,Waves,EMI TG12345 console channel,colour,console-emi,off,silence,4000.0,-200.0
nls_spike,Waves,EMI TG12345 console channel,colour,console-emi,off,silence,50.0,-200.0
nls_spike,Waves,EMI TG12345 console channel,colour,console-emi,off,silence,500.0,-200.0
nls_spike,Waves,EMI TG12345 console channel,colour,console-emi,off,silence,5000.0,-200.0
nls_spike,Waves,EMI TG12345 console channel,colour,console-emi,off,silence,63.0,-200.0
nls_spike,Waves,EMI TG12345 console channel,colour,console-emi,off,silence,630.0,-200.0
nls_spike,Waves,EMI TG12345 console channel,colour,console-emi,off,silence,6300.0,-200.0
nls_spike,Waves,EMI TG12345 console channel,colour,console-emi,off,silence,80.0,-200.0
nls_spike,Waves,EMI TG12345 console channel,colour,console-emi,off,silence,800.0,-200.0
nls_spike,Waves,EMI TG12345 console channel,colour,console-emi,off,silence,8000.0,-200.0
nls_spike,Waves,EMI TG12345 console channel,colour,console-emi,off,under_tone_-12,100.0,-200.0
nls_spike,Waves,EMI TG12345 console channel,colour,console-emi,off,under_tone_-12,1000.0,-167.19
nls_spike,Waves,EMI TG12345 console channel,colour,console-emi,off,under_tone_-12,10000.0,-168.17
nls_spike,Waves,EMI TG12345 console channel,colour,console-emi,off,under_tone_-12,125.0,-200.0
nls_spike,Waves,EMI TG12345 console channel,colour,console-emi,off,under_tone_-12,1250.0,-200.0
nls_spike,Waves,EMI TG12345 console channel,colour,console-emi,off,under_tone_-12,12500.0,-171.67
nls_spike,Waves,EMI TG12345 console channel,colour,console-emi,off,under_tone_-12,160.0,-200.0
nls_spike,Waves,EMI TG12345 console channel,colour,console-emi,off,under_tone_-12,1600.0,-200.0
nls_spike,Waves,EMI TG12345 console channel,colour,console-emi,off,under_tone_-12,16000.0,-171.07
nls_spike,Waves,EMI TG12345 console channel,colour,console-emi,off,under_tone_-12,20.0,-200.0
nls_spike,Waves,EMI TG12345 console channel,colour,console-emi,off,under_tone_-12,200.0,-200.0
nls_spike,Waves,EMI TG12345 console channel,colour,console-emi,off,under_tone_-12,2000.0,-167.31
nls_spike,Waves,EMI TG12345 console channel,colour,console-emi,off,under_tone_-12,20000.0,-147.74
nls_spike,Waves,EMI TG12345 console channel,colour,console-emi,off,under_tone_-12,25.0,-200.0
nls_spike,Waves,EMI TG12345 console channel,colour,console-emi,off,under_tone_-12,250.0,-200.0
nls_spike,Waves,EMI TG12345 console channel,colour,console-emi,off,under_tone_-12,2500.0,-200.0
nls_spike,Waves,EMI TG12345 console channel,colour,console-emi,off,under_tone_-12,31.5,-200.0
nls_spike,Waves,EMI TG12345 console channel,colour,console-emi,off,under_tone_-12,315.0,-200.0
nls_spike,Waves,EMI TG12345 console channel,colour,console-emi,off,under_tone_-12,3150.0,-167.62
nls_spike,Waves,EMI TG12345 console channel,colour,console-emi,off,under_tone_-12,40.0,-200.0
nls_spike,Waves,EMI TG12345 console channel,colour,console-emi,off,under_tone_-12,400.0,-200.0
nls_spike,Waves,EMI TG12345 console channel,colour,console-emi,off,under_tone_-12,4000.0,-167.99
nls_spike,Waves,EMI TG12345 console channel,colour,console-emi,off,under_tone_-12,50.0,-200.0
nls_spike,Waves,EMI TG12345 console channel,colour,console-emi,off,under_tone_-12,500.0,-200.0
nls_spike,Waves,EMI TG12345 console channel,colour,console-emi,off,under_tone_-12,5000.0,-168.43
nls_spike,Waves,EMI TG12345 console channel,colour,console-emi,off,under_tone_-12,63.0,-200.0
nls_spike,Waves,EMI TG12345 console channel,colour,console-emi,off,under_tone_-12,630.0,-200.0
nls_spike,Waves,EMI TG12345 console channel,colour,console-emi,off,under_tone_-12,6300.0,-166.46
nls_spike,Waves,EMI TG12345 console channel,colour,console-emi,off,under_tone_-12,80.0,-200.0
nls_spike,Waves,EMI TG12345 console channel,colour,console-emi,off,under_tone_-12,800.0,-200.0
nls_spike,Waves,EMI TG12345 console channel,colour,console-emi,off,under_tone_-12,8000.0,-170.84
nls_spike,Waves,EMI TG12345 console channel,colour,console-emi,on,silence,100.0,-200.0
nls_spike,Waves,EMI TG12345 console channel,colour,console-emi,on,silence,1000.0,-200.0
nls_spike,Waves,EMI TG12345 console channel,colour,console-emi,on,silence,10000.0,-200.0
nls_spike,Waves,EMI TG12345 console channel,colour,console-emi,on,silence,125.0,-200.0
nls_spike,Waves,EMI TG12345 console channel,colour,console-emi,on,silence,1250.0,-200.0
nls_spike,Waves,EMI TG12345 console channel,colour,console-emi,on,silence,12500.0,-200.0
nls_spike,Waves,EMI TG12345 console channel,colour,console-emi,on,silence,160.0,-200.0
nls_spike,Waves,EMI TG12345 console channel,colour,console-emi,on,silence,1600.0,-200.0
nls_spike,Waves,EMI TG12345 console channel,colour,console-emi,on,silence,16000.0,-200.0
nls_spike,Waves,EMI TG12345 console channel,colour,console-emi,on,silence,20.0,-200.0
nls_spike,Waves,EMI TG12345 console channel,colour,console-emi,on,silence,200.0,-200.0
nls_spike,Waves,EMI TG12345 console channel,colour,console-emi,on,silence,2000.0,-200.0
nls_spike,Waves,EMI TG12345 console channel,colour,console-emi,on,silence,20000.0,-200.0
nls_spike,Waves,EMI TG12345 console channel,colour,console-emi,on,silence,25.0,-200.0
nls_spike,Waves,EMI TG12345 console channel,colour,console-emi,on,silence,250.0,-200.0
nls_spike,Waves,EMI TG12345 console channel,colour,console-emi,on,silence,2500.0,-200.0
nls_spike,Waves,EMI TG12345 console channel,colour,console-emi,on,silence,31.5,-200.0
nls_spike,Waves,EMI TG12345 console channel,colour,console-emi,on,silence,315.0,-200.0
nls_spike,Waves,EMI TG12345 console channel,colour,console-emi,on,silence,3150.0,-200.0
nls_spike,Waves,EMI TG12345 console channel,colour,console-emi,on,silence,40.0,-200.0
nls_spike,Waves,EMI TG12345 console channel,colour,console-emi,on,silence,400.0,-200.0
nls_spike,Waves,EMI TG12345 console channel,colour,console-emi,on,silence,4000.0,-200.0
nls_spike,Waves,EMI TG12345 console channel,colour,console-emi,on,silence,50.0,-200.0
nls_spike,Waves,EMI TG12345 console channel,colour,console-emi,on,silence,500.0,-200.0
nls_spike,Waves,EMI TG12345 console channel,colour,console-emi,on,silence,5000.0,-200.0
nls_spike,Waves,EMI TG12345 console channel,colour,console-emi,on,silence,63.0,-200.0
nls_spike,Waves,EMI TG12345 console channel,colour,console-emi,on,silence,630.0,-200.0
nls_spike,Waves,EMI TG12345 console channel,colour,console-emi,on,silence,6300.0,-200.0
nls_spike,Waves,EMI TG12345 console channel,colour,console-emi,on,silence,80.0,-200.0
nls_spike,Waves,EMI TG12345 console channel,colour,console-emi,on,silence,800.0,-200.0
nls_spike,Waves,EMI TG12345 console channel,colour,console-emi,on,silence,8000.0,-200.0
nls_spike,Waves,EMI TG12345 console channel,colour,console-emi,on,under_tone_-12,100.0,-200.0
nls_spike,Waves,EMI TG12345 console channel,colour,console-emi,on,under_tone_-12,1000.0,-167.19
nls_spike,Waves,EMI TG12345 console channel,colour,console-emi,on,under_tone_-12,10000.0,-168.17
nls_spike,Waves,EMI TG12345 console channel,colour,console-emi,on,under_tone_-12,125.0,-200.0
nls_spike,Waves,EMI TG12345 console channel,colour,console-emi,on,under_tone_-12,1250.0,-200.0
nls_spike,Waves,EMI TG12345 console channel,colour,console-emi,on,under_tone_-12,12500.0,-171.67
nls_spike,Waves,EMI TG12345 console channel,colour,console-emi,on,under_tone_-12,160.0,-200.0
nls_spike,Waves,EMI TG12345 console channel,colour,console-emi,on,under_tone_-12,1600.0,-200.0
nls_spike,Waves,EMI TG12345 console channel,colour,console-emi,on,under_tone_-12,16000.0,-171.07
nls_spike,Waves,EMI TG12345 console channel,colour,console-emi,on,under_tone_-12,20.0,-200.0
nls_spike,Waves,EMI TG12345 console channel,colour,console-emi,on,under_tone_-12,200.0,-200.0
nls_spike,Waves,EMI TG12345 console channel,colour,console-emi,on,under_tone_-12,2000.0,-167.31
nls_spike,Waves,EMI TG12345 console channel,colour,console-emi,on,under_tone_-12,20000.0,-147.74
nls_spike,Waves,EMI TG12345 console channel,colour,console-emi,on,under_tone_-12,25.0,-200.0
nls_spike,Waves,EMI TG12345 console channel,colour,console-emi,on,under_tone_-12,250.0,-200.0
nls_spike,Waves,EMI TG12345 console channel,colour,console-emi,on,under_tone_-12,2500.0,-200.0
nls_spike,Waves,EMI TG12345 console channel,colour,console-emi,on,under_tone_-12,31.5,-200.0
nls_spike,Waves,EMI TG12345 console channel,colour,console-emi,on,under_tone_-12,315.0,-200.0
nls_spike,Waves,EMI TG12345 console channel,colour,console-emi,on,under_tone_-12,3150.0,-167.62
nls_spike,Waves,EMI TG12345 console channel,colour,console-emi,on,under_tone_-12,40.0,-200.0
nls_spike,Waves,EMI TG12345 console channel,colour,console-emi,on,under_tone_-12,400.0,-200.0
nls_spike,Waves,EMI TG12345 console channel,colour,console-emi,on,under_tone_-12,4000.0,-167.99
nls_spike,Waves,EMI TG12345 console channel,colour,console-emi,on,under_tone_-12,50.0,-200.0
nls_spike,Waves,EMI TG12345 console channel,colour,console-emi,on,under_tone_-12,500.0,-200.0
nls_spike,Waves,EMI TG12345 console channel,colour,console-emi,on,under_tone_-12,5000.0,-168.43
nls_spike,Waves,EMI TG12345 console channel,colour,console-emi,on,under_tone_-12,63.0,-200.0
nls_spike,Waves,EMI TG12345 console channel,colour,console-emi,on,under_tone_-12,630.0,-200.0
nls_spike,Waves,EMI TG12345 console channel,colour,console-emi,on,under_tone_-12,6300.0,-166.46
nls_spike,Waves,EMI TG12345 console channel,colour,console-emi,on,under_tone_-12,80.0,-200.0
nls_spike,Waves,EMI TG12345 console channel,colour,console-emi,on,under_tone_-12,800.0,-200.0
nls_spike,Waves,EMI TG12345 console channel,colour,console-emi,on,under_tone_-12,8000.0,-170.84
nlsbuss_mike,Waves,SSL 4000 G+ console buss,colour,console-ssl,off,silence,100.0,-200.0
nlsbuss_mike,Waves,SSL 4000 G+ console buss,colour,console-ssl,off,silence,1000.0,-200.0
nlsbuss_mike,Waves,SSL 4000 G+ console buss,colour,console-ssl,off,silence,10000.0,-200.0
nlsbuss_mike,Waves,SSL 4000 G+ console buss,colour,console-ssl,off,silence,125.0,-200.0
nlsbuss_mike,Waves,SSL 4000 G+ console buss,colour,console-ssl,off,silence,1250.0,-200.0
nlsbuss_mike,Waves,SSL 4000 G+ console buss,colour,console-ssl,off,silence,12500.0,-200.0
nlsbuss_mike,Waves,SSL 4000 G+ console buss,colour,console-ssl,off,silence,160.0,-200.0
nlsbuss_mike,Waves,SSL 4000 G+ console buss,colour,console-ssl,off,silence,1600.0,-200.0
nlsbuss_mike,Waves,SSL 4000 G+ console buss,colour,console-ssl,off,silence,16000.0,-200.0
nlsbuss_mike,Waves,SSL 4000 G+ console buss,colour,console-ssl,off,silence,20.0,-200.0
nlsbuss_mike,Waves,SSL 4000 G+ console buss,colour,console-ssl,off,silence,200.0,-200.0
nlsbuss_mike,Waves,SSL 4000 G+ console buss,colour,console-ssl,off,silence,2000.0,-200.0
nlsbuss_mike,Waves,SSL 4000 G+ console buss,colour,console-ssl,off,silence,20000.0,-200.0
nlsbuss_mike,Waves,SSL 4000 G+ console buss,colour,console-ssl,off,silence,25.0,-200.0
nlsbuss_mike,Waves,SSL 4000 G+ console buss,colour,console-ssl,off,silence,250.0,-200.0
nlsbuss_mike,Waves,SSL 4000 G+ console buss,colour,console-ssl,off,silence,2500.0,-200.0
nlsbuss_mike,Waves,SSL 4000 G+ console buss,colour,console-ssl,off,silence,31.5,-200.0
nlsbuss_mike,Waves,SSL 4000 G+ console buss,colour,console-ssl,off,silence,315.0,-200.0
nlsbuss_mike,Waves,SSL 4000 G+ console buss,colour,console-ssl,off,silence,3150.0,-200.0
nlsbuss_mike,Waves,SSL 4000 G+ console buss,colour,console-ssl,off,silence,40.0,-200.0
nlsbuss_mike,Waves,SSL 4000 G+ console buss,colour,console-ssl,off,silence,400.0,-200.0
nlsbuss_mike,Waves,SSL 4000 G+ console buss,colour,console-ssl,off,silence,4000.0,-200.0
nlsbuss_mike,Waves,SSL 4000 G+ console buss,colour,console-ssl,off,silence,50.0,-200.0
nlsbuss_mike,Waves,SSL 4000 G+ console buss,colour,console-ssl,off,silence,500.0,-200.0
nlsbuss_mike,Waves,SSL 4000 G+ console buss,colour,console-ssl,off,silence,5000.0,-200.0
nlsbuss_mike,Waves,SSL 4000 G+ console buss,colour,console-ssl,off,silence,63.0,-200.0
nlsbuss_mike,Waves,SSL 4000 G+ console buss,colour,console-ssl,off,silence,630.0,-200.0
nlsbuss_mike,Waves,SSL 4000 G+ console buss,colour,console-ssl,off,silence,6300.0,-200.0
nlsbuss_mike,Waves,SSL 4000 G+ console buss,colour,console-ssl,off,silence,80.0,-200.0
nlsbuss_mike,Waves,SSL 4000 G+ console buss,colour,console-ssl,off,silence,800.0,-200.0
nlsbuss_mike,Waves,SSL 4000 G+ console buss,colour,console-ssl,off,silence,8000.0,-200.0
nlsbuss_mike,Waves,SSL 4000 G+ console buss,colour,console-ssl,off,under_tone_-12,100.0,-200.0
nlsbuss_mike,Waves,SSL 4000 G+ console buss,colour,console-ssl,off,under_tone_-12,1000.0,-166.62
nlsbuss_mike,Waves,SSL 4000 G+ console buss,colour,console-ssl,off,under_tone_-12,10000.0,-167.97
nlsbuss_mike,Waves,SSL 4000 G+ console buss,colour,console-ssl,off,under_tone_-12,125.0,-200.0
nlsbuss_mike,Waves,SSL 4000 G+ console buss,colour,console-ssl,off,under_tone_-12,1250.0,-200.0
nlsbuss_mike,Waves,SSL 4000 G+ console buss,colour,console-ssl,off,under_tone_-12,12500.0,-171.34
nlsbuss_mike,Waves,SSL 4000 G+ console buss,colour,console-ssl,off,under_tone_-12,160.0,-200.0
nlsbuss_mike,Waves,SSL 4000 G+ console buss,colour,console-ssl,off,under_tone_-12,1600.0,-200.0
nlsbuss_mike,Waves,SSL 4000 G+ console buss,colour,console-ssl,off,under_tone_-12,16000.0,-170.11
nlsbuss_mike,Waves,SSL 4000 G+ console buss,colour,console-ssl,off,under_tone_-12,20.0,-200.0
nlsbuss_mike,Waves,SSL 4000 G+ console buss,colour,console-ssl,off,under_tone_-12,200.0,-200.0
nlsbuss_mike,Waves,SSL 4000 G+ console buss,colour,console-ssl,off,under_tone_-12,2000.0,-166.86
nlsbuss_mike,Waves,SSL 4000 G+ console buss,colour,console-ssl,off,under_tone_-12,20000.0,-128.28
nlsbuss_mike,Waves,SSL 4000 G+ console buss,colour,console-ssl,off,under_tone_-12,25.0,-200.0
nlsbuss_mike,Waves,SSL 4000 G+ console buss,colour,console-ssl,off,under_tone_-12,250.0,-200.0
nlsbuss_mike,Waves,SSL 4000 G+ console buss,colour,console-ssl,off,under_tone_-12,2500.0,-200.0
nlsbuss_mike,Waves,SSL 4000 G+ console buss,colour,console-ssl,off,under_tone_-12,31.5,-200.0
nlsbuss_mike,Waves,SSL 4000 G+ console buss,colour,console-ssl,off,under_tone_-12,315.0,-200.0
nlsbuss_mike,Waves,SSL 4000 G+ console buss,colour,console-ssl,off,under_tone_-12,3150.0,-167.14
nlsbuss_mike,Waves,SSL 4000 G+ console buss,colour,console-ssl,off,under_tone_-12,40.0,-200.0
nlsbuss_mike,Waves,SSL 4000 G+ console buss,colour,console-ssl,off,under_tone_-12,400.0,-200.0
nlsbuss_mike,Waves,SSL 4000 G+ console buss,colour,console-ssl,off,under_tone_-12,4000.0,-167.48
nlsbuss_mike,Waves,SSL 4000 G+ console buss,colour,console-ssl,off,under_tone_-12,50.0,-200.0
nlsbuss_mike,Waves,SSL 4000 G+ console buss,colour,console-ssl,off,under_tone_-12,500.0,-200.0
nlsbuss_mike,Waves,SSL 4000 G+ console buss,colour,console-ssl,off,under_tone_-12,5000.0,-168.0
nlsbuss_mike,Waves,SSL 4000 G+ console buss,colour,console-ssl,off,under_tone_-12,63.0,-200.0
nlsbuss_mike,Waves,SSL 4000 G+ console buss,colour,console-ssl,off,under_tone_-12,630.0,-200.0
nlsbuss_mike,Waves,SSL 4000 G+ console buss,colour,console-ssl,off,under_tone_-12,6300.0,-166.06
nlsbuss_mike,Waves,SSL 4000 G+ console buss,colour,console-ssl,off,under_tone_-12,80.0,-200.0
nlsbuss_mike,Waves,SSL 4000 G+ console buss,colour,console-ssl,off,under_tone_-12,800.0,-200.0
nlsbuss_mike,Waves,SSL 4000 G+ console buss,colour,console-ssl,off,under_tone_-12,8000.0,-170.33
nlsbuss_mike,Waves,SSL 4000 G+ console buss,colour,console-ssl,on,silence,100.0,-116.79
nlsbuss_mike,Waves,SSL 4000 G+ console buss,colour,console-ssl,on,silence,1000.0,-120.38
nlsbuss_mike,Waves,SSL 4000 G+ console buss,colour,console-ssl,on,silence,10000.0,-110.69
nlsbuss_mike,Waves,SSL 4000 G+ console buss,colour,console-ssl,on,silence,125.0,-117.55
nlsbuss_mike,Waves,SSL 4000 G+ console buss,colour,console-ssl,on,silence,1250.0,-119.63
nlsbuss_mike,Waves,SSL 4000 G+ console buss,colour,console-ssl,on,silence,12500.0,-109.6
nlsbuss_mike,Waves,SSL 4000 G+ console buss,colour,console-ssl,on,silence,160.0,-118.12
nlsbuss_mike,Waves,SSL 4000 G+ console buss,colour,console-ssl,on,silence,1600.0,-119.12
nlsbuss_mike,Waves,SSL 4000 G+ console buss,colour,console-ssl,on,silence,16000.0,-108.58
nlsbuss_mike,Waves,SSL 4000 G+ console buss,colour,console-ssl,on,silence,20.0,-110.47
nlsbuss_mike,Waves,SSL 4000 G+ console buss,colour,console-ssl,on,silence,200.0,-119.54
nlsbuss_mike,Waves,SSL 4000 G+ console buss,colour,console-ssl,on,silence,2000.0,-118.4
nlsbuss_mike,Waves,SSL 4000 G+ console buss,colour,console-ssl,on,silence,20000.0,-108.6
nlsbuss_mike,Waves,SSL 4000 G+ console buss,colour,console-ssl,on,silence,25.0,-111.93
nlsbuss_mike,Waves,SSL 4000 G+ console buss,colour,console-ssl,on,silence,250.0,-119.97
nlsbuss_mike,Waves,SSL 4000 G+ console buss,colour,console-ssl,on,silence,2500.0,-117.55
nlsbuss_mike,Waves,SSL 4000 G+ console buss,colour,console-ssl,on,silence,31.5,-111.38
nlsbuss_mike,Waves,SSL 4000 G+ console buss,colour,console-ssl,on,silence,315.0,-119.86
nlsbuss_mike,Waves,SSL 4000 G+ console buss,colour,console-ssl,on,silence,3150.0,-116.49
nlsbuss_mike,Waves,SSL 4000 G+ console buss,colour,console-ssl,on,silence,40.0,-114.31
nlsbuss_mike,Waves,SSL 4000 G+ console buss,colour,console-ssl,on,silence,400.0,-121.08
nlsbuss_mike,Waves,SSL 4000 G+ console buss,colour,console-ssl,on,silence,4000.0,-115.26
nlsbuss_mike,Waves,SSL 4000 G+ console buss,colour,console-ssl,on,silence,50.0,-115.31
nlsbuss_mike,Waves,SSL 4000 G+ console buss,colour,console-ssl,on,silence,500.0,-120.82
nlsbuss_mike,Waves,SSL 4000 G+ console buss,colour,console-ssl,on,silence,5000.0,-114.23
nlsbuss_mike,Waves,SSL 4000 G+ console buss,colour,console-ssl,on,silence,63.0,-114.2
nlsbuss_mike,Waves,SSL 4000 G+ console buss,colour,console-ssl,on,silence,630.0,-120.28
nlsbuss_mike,Waves,SSL 4000 G+ console buss,colour,console-ssl,on,silence,6300.0,-113.17
nlsbuss_mike,Waves,SSL 4000 G+ console buss,colour,console-ssl,on,silence,80.0,-116.2
nlsbuss_mike,Waves,SSL 4000 G+ console buss,colour,console-ssl,on,silence,800.0,-120.84
nlsbuss_mike,Waves,SSL 4000 G+ console buss,colour,console-ssl,on,silence,8000.0,-111.88
nlsbuss_mike,Waves,SSL 4000 G+ console buss,colour,console-ssl,on,under_tone_-12,100.0,-116.78
nlsbuss_mike,Waves,SSL 4000 G+ console buss,colour,console-ssl,on,under_tone_-12,1000.0,-120.49
nlsbuss_mike,Waves,SSL 4000 G+ console buss,colour,console-ssl,on,under_tone_-12,10000.0,-110.82
nlsbuss_mike,Waves,SSL 4000 G+ console buss,colour,console-ssl,on,under_tone_-12,125.0,-117.09
nlsbuss_mike,Waves,SSL 4000 G+ console buss,colour,console-ssl,on,under_tone_-12,1250.0,-119.72
nlsbuss_mike,Waves,SSL 4000 G+ console buss,colour,console-ssl,on,under_tone_-12,12500.0,-109.64
nlsbuss_mike,Waves,SSL 4000 G+ console buss,colour,console-ssl,on,under_tone_-12,160.0,-118.85
nlsbuss_mike,Waves,SSL 4000 G+ console buss,colour,console-ssl,on,under_tone_-12,1600.0,-119.11
nlsbuss_mike,Waves,SSL 4000 G+ console buss,colour,console-ssl,on,under_tone_-12,16000.0,-108.69
nlsbuss_mike,Waves,SSL 4000 G+ console buss,colour,console-ssl,on,under_tone_-12,20.0,-108.62
nlsbuss_mike,Waves,SSL 4000 G+ console buss,colour,console-ssl,on,under_tone_-12,200.0,-119.4
nlsbuss_mike,Waves,SSL 4000 G+ console buss,colour,console-ssl,on,under_tone_-12,2000.0,-118.65
nlsbuss_mike,Waves,SSL 4000 G+ console buss,colour,console-ssl,on,under_tone_-12,20000.0,-108.61
nlsbuss_mike,Waves,SSL 4000 G+ console buss,colour,console-ssl,on,under_tone_-12,25.0,-112.53
nlsbuss_mike,Waves,SSL 4000 G+ console buss,colour,console-ssl,on,under_tone_-12,250.0,-119.93
nlsbuss_mike,Waves,SSL 4000 G+ console buss,colour,console-ssl,on,under_tone_-12,2500.0,-117.35
nlsbuss_mike,Waves,SSL 4000 G+ console buss,colour,console-ssl,on,under_tone_-12,31.5,-111.44
nlsbuss_mike,Waves,SSL 4000 G+ console buss,colour,console-ssl,on,under_tone_-12,315.0,-120.5
nlsbuss_mike,Waves,SSL 4000 G+ console buss,colour,console-ssl,on,under_tone_-12,3150.0,-116.47
nlsbuss_mike,Waves,SSL 4000 G+ console buss,colour,console-ssl,on,under_tone_-12,40.0,-114.57
nlsbuss_mike,Waves,SSL 4000 G+ console buss,colour,console-ssl,on,under_tone_-12,400.0,-120.75
nlsbuss_mike,Waves,SSL 4000 G+ console buss,colour,console-ssl,on,under_tone_-12,4000.0,-115.39
nlsbuss_mike,Waves,SSL 4000 G+ console buss,colour,console-ssl,on,under_tone_-12,50.0,-114.19
nlsbuss_mike,Waves,SSL 4000 G+ console buss,colour,console-ssl,on,under_tone_-12,500.0,-120.63
nlsbuss_mike,Waves,SSL 4000 G+ console buss,colour,console-ssl,on,under_tone_-12,5000.0,-114.41
nlsbuss_mike,Waves,SSL 4000 G+ console buss,colour,console-ssl,on,under_tone_-12,63.0,-115.54
nlsbuss_mike,Waves,SSL 4000 G+ console buss,colour,console-ssl,on,under_tone_-12,630.0,-120.96
nlsbuss_mike,Waves,SSL 4000 G+ console buss,colour,console-ssl,on,under_tone_-12,6300.0,-113.27
nlsbuss_mike,Waves,SSL 4000 G+ console buss,colour,console-ssl,on,under_tone_-12,80.0,-116.81
nlsbuss_mike,Waves,SSL 4000 G+ console buss,colour,console-ssl,on,under_tone_-12,800.0,-120.64
nlsbuss_mike,Waves,SSL 4000 G+ console buss,colour,console-ssl,on,under_tone_-12,8000.0,-111.94
nlsbuss_nevo,Waves,Neve 5116 console buss,colour,console-neve,off,silence,100.0,-200.0
nlsbuss_nevo,Waves,Neve 5116 console buss,colour,console-neve,off,silence,1000.0,-200.0
nlsbuss_nevo,Waves,Neve 5116 console buss,colour,console-neve,off,silence,10000.0,-200.0
nlsbuss_nevo,Waves,Neve 5116 console buss,colour,console-neve,off,silence,125.0,-200.0
nlsbuss_nevo,Waves,Neve 5116 console buss,colour,console-neve,off,silence,1250.0,-200.0
nlsbuss_nevo,Waves,Neve 5116 console buss,colour,console-neve,off,silence,12500.0,-200.0
nlsbuss_nevo,Waves,Neve 5116 console buss,colour,console-neve,off,silence,160.0,-200.0
nlsbuss_nevo,Waves,Neve 5116 console buss,colour,console-neve,off,silence,1600.0,-200.0
nlsbuss_nevo,Waves,Neve 5116 console buss,colour,console-neve,off,silence,16000.0,-200.0
nlsbuss_nevo,Waves,Neve 5116 console buss,colour,console-neve,off,silence,20.0,-200.0
nlsbuss_nevo,Waves,Neve 5116 console buss,colour,console-neve,off,silence,200.0,-200.0
nlsbuss_nevo,Waves,Neve 5116 console buss,colour,console-neve,off,silence,2000.0,-200.0
nlsbuss_nevo,Waves,Neve 5116 console buss,colour,console-neve,off,silence,20000.0,-200.0
nlsbuss_nevo,Waves,Neve 5116 console buss,colour,console-neve,off,silence,25.0,-200.0
nlsbuss_nevo,Waves,Neve 5116 console buss,colour,console-neve,off,silence,250.0,-200.0
nlsbuss_nevo,Waves,Neve 5116 console buss,colour,console-neve,off,silence,2500.0,-200.0
nlsbuss_nevo,Waves,Neve 5116 console buss,colour,console-neve,off,silence,31.5,-200.0
nlsbuss_nevo,Waves,Neve 5116 console buss,colour,console-neve,off,silence,315.0,-200.0
nlsbuss_nevo,Waves,Neve 5116 console buss,colour,console-neve,off,silence,3150.0,-200.0
nlsbuss_nevo,Waves,Neve 5116 console buss,colour,console-neve,off,silence,40.0,-200.0
nlsbuss_nevo,Waves,Neve 5116 console buss,colour,console-neve,off,silence,400.0,-200.0
nlsbuss_nevo,Waves,Neve 5116 console buss,colour,console-neve,off,silence,4000.0,-200.0
nlsbuss_nevo,Waves,Neve 5116 console buss,colour,console-neve,off,silence,50.0,-200.0
nlsbuss_nevo,Waves,Neve 5116 console buss,colour,console-neve,off,silence,500.0,-200.0
nlsbuss_nevo,Waves,Neve 5116 console buss,colour,console-neve,off,silence,5000.0,-200.0
nlsbuss_nevo,Waves,Neve 5116 console buss,colour,console-neve,off,silence,63.0,-200.0
nlsbuss_nevo,Waves,Neve 5116 console buss,colour,console-neve,off,silence,630.0,-200.0
nlsbuss_nevo,Waves,Neve 5116 console buss,colour,console-neve,off,silence,6300.0,-200.0
nlsbuss_nevo,Waves,Neve 5116 console buss,colour,console-neve,off,silence,80.0,-200.0
nlsbuss_nevo,Waves,Neve 5116 console buss,colour,console-neve,off,silence,800.0,-200.0
nlsbuss_nevo,Waves,Neve 5116 console buss,colour,console-neve,off,silence,8000.0,-200.0
nlsbuss_nevo,Waves,Neve 5116 console buss,colour,console-neve,off,under_tone_-12,100.0,-191.35
nlsbuss_nevo,Waves,Neve 5116 console buss,colour,console-neve,off,under_tone_-12,1000.0,-138.92
nlsbuss_nevo,Waves,Neve 5116 console buss,colour,console-neve,off,under_tone_-12,10000.0,-160.49
nlsbuss_nevo,Waves,Neve 5116 console buss,colour,console-neve,off,under_tone_-12,125.0,-190.99
nlsbuss_nevo,Waves,Neve 5116 console buss,colour,console-neve,off,under_tone_-12,1250.0,-185.04
nlsbuss_nevo,Waves,Neve 5116 console buss,colour,console-neve,off,under_tone_-12,12500.0,-166.0
nlsbuss_nevo,Waves,Neve 5116 console buss,colour,console-neve,off,under_tone_-12,160.0,-191.73
nlsbuss_nevo,Waves,Neve 5116 console buss,colour,console-neve,off,under_tone_-12,1600.0,-185.41
nlsbuss_nevo,Waves,Neve 5116 console buss,colour,console-neve,off,under_tone_-12,16000.0,-166.18
nlsbuss_nevo,Waves,Neve 5116 console buss,colour,console-neve,off,under_tone_-12,20.0,-193.29
nlsbuss_nevo,Waves,Neve 5116 console buss,colour,console-neve,off,under_tone_-12,200.0,-191.98
nlsbuss_nevo,Waves,Neve 5116 console buss,colour,console-neve,off,under_tone_-12,2000.0,-166.23
nlsbuss_nevo,Waves,Neve 5116 console buss,colour,console-neve,off,under_tone_-12,20000.0,-149.72
nlsbuss_nevo,Waves,Neve 5116 console buss,colour,console-neve,off,under_tone_-12,25.0,-191.35
nlsbuss_nevo,Waves,Neve 5116 console buss,colour,console-neve,off,under_tone_-12,250.0,-192.05
nlsbuss_nevo,Waves,Neve 5116 console buss,colour,console-neve,off,under_tone_-12,2500.0,-183.65
nlsbuss_nevo,Waves,Neve 5116 console buss,colour,console-neve,off,under_tone_-12,31.5,-192.74
nlsbuss_nevo,Waves,Neve 5116 console buss,colour,console-neve,off,under_tone_-12,315.0,-192.05
nlsbuss_nevo,Waves,Neve 5116 console buss,colour,console-neve,off,under_tone_-12,3150.0,-149.32
nlsbuss_nevo,Waves,Neve 5116 console buss,colour,console-neve,off,under_tone_-12,40.0,-192.08
nlsbuss_nevo,Waves,Neve 5116 console buss,colour,console-neve,off,under_tone_-12,400.0,-192.2
nlsbuss_nevo,Waves,Neve 5116 console buss,colour,console-neve,off,under_tone_-12,4000.0,-166.97
nlsbuss_nevo,Waves,Neve 5116 console buss,colour,console-neve,off,under_tone_-12,50.0,-191.51
nlsbuss_nevo,Waves,Neve 5116 console buss,colour,console-neve,off,under_tone_-12,500.0,-191.56
nlsbuss_nevo,Waves,Neve 5116 console buss,colour,console-neve,off,under_tone_-12,5000.0,-154.68
nlsbuss_nevo,Waves,Neve 5116 console buss,colour,console-neve,off,under_tone_-12,63.0,-191.11
nlsbuss_nevo,Waves,Neve 5116 console buss,colour,console-neve,off,under_tone_-12,630.0,-190.44
nlsbuss_nevo,Waves,Neve 5116 console buss,colour,console-neve,off,under_tone_-12,6300.0,-158.29
nlsbuss_nevo,Waves,Neve 5116 console buss,colour,console-neve,off,under_tone_-12,80.0,-191.45
nlsbuss_nevo,Waves,Neve 5116 console buss,colour,console-neve,off,under_tone_-12,800.0,-185.64
nlsbuss_nevo,Waves,Neve 5116 console buss,colour,console-neve,off,under_tone_-12,8000.0,-168.84
nlsbuss_nevo,Waves,Neve 5116 console buss,colour,console-neve,on,silence,100.0,-135.54
nlsbuss_nevo,Waves,Neve 5116 console buss,colour,console-neve,on,silence,1000.0,-133.49
nlsbuss_nevo,Waves,Neve 5116 console buss,colour,console-neve,on,silence,10000.0,-123.25
nlsbuss_nevo,Waves,Neve 5116 console buss,colour,console-neve,on,silence,125.0,-136.92
nlsbuss_nevo,Waves,Neve 5116 console buss,colour,console-neve,on,silence,1250.0,-132.31
nlsbuss_nevo,Waves,Neve 5116 console buss,colour,console-neve,on,silence,12500.0,-121.95
nlsbuss_nevo,Waves,Neve 5116 console buss,colour,console-neve,on,silence,160.0,-136.76
nlsbuss_nevo,Waves,Neve 5116 console buss,colour,console-neve,on,silence,1600.0,-131.59
nlsbuss_nevo,Waves,Neve 5116 console buss,colour,console-neve,on,silence,16000.0,-119.88
nlsbuss_nevo,Waves,Neve 5116 console buss,colour,console-neve,on,silence,20.0,-132.02
nlsbuss_nevo,Waves,Neve 5116 console buss,colour,console-neve,on,silence,200.0,-136.79
nlsbuss_nevo,Waves,Neve 5116 console buss,colour,console-neve,on,silence,2000.0,-130.55
nlsbuss_nevo,Waves,Neve 5116 console buss,colour,console-neve,on,silence,20000.0,-114.85
nlsbuss_nevo,Waves,Neve 5116 console buss,colour,console-neve,on,silence,25.0,-133.03
nlsbuss_nevo,Waves,Neve 5116 console buss,colour,console-neve,on,silence,250.0,-136.36
nlsbuss_nevo,Waves,Neve 5116 console buss,colour,console-neve,on,silence,2500.0,-129.65
nlsbuss_nevo,Waves,Neve 5116 console buss,colour,console-neve,on,silence,31.5,-133.81
nlsbuss_nevo,Waves,Neve 5116 console buss,colour,console-neve,on,silence,315.0,-137.03
nlsbuss_nevo,Waves,Neve 5116 console buss,colour,console-neve,on,silence,3150.0,-128.5
nlsbuss_nevo,Waves,Neve 5116 console buss,colour,console-neve,on,silence,40.0,-131.78
nlsbuss_nevo,Waves,Neve 5116 console buss,colour,console-neve,on,silence,400.0,-136.23
nlsbuss_nevo,Waves,Neve 5116 console buss,colour,console-neve,on,silence,4000.0,-127.49
nlsbuss_nevo,Waves,Neve 5116 console buss,colour,console-neve,on,silence,50.0,-133.61
nlsbuss_nevo,Waves,Neve 5116 console buss,colour,console-neve,on,silence,500.0,-135.58
nlsbuss_nevo,Waves,Neve 5116 console buss,colour,console-neve,on,silence,5000.0,-126.48
nlsbuss_nevo,Waves,Neve 5116 console buss,colour,console-neve,on,silence,63.0,-133.12
nlsbuss_nevo,Waves,Neve 5116 console buss,colour,console-neve,on,silence,630.0,-134.54
nlsbuss_nevo,Waves,Neve 5116 console buss,colour,console-neve,on,silence,6300.0,-125.51
nlsbuss_nevo,Waves,Neve 5116 console buss,colour,console-neve,on,silence,80.0,-136.12
nlsbuss_nevo,Waves,Neve 5116 console buss,colour,console-neve,on,silence,800.0,-134.18
nlsbuss_nevo,Waves,Neve 5116 console buss,colour,console-neve,on,silence,8000.0,-124.28
nlsbuss_nevo,Waves,Neve 5116 console buss,colour,console-neve,on,under_tone_-12,100.0,-135.48
nlsbuss_nevo,Waves,Neve 5116 console buss,colour,console-neve,on,under_tone_-12,1000.0,-132.43
nlsbuss_nevo,Waves,Neve 5116 console buss,colour,console-neve,on,under_tone_-12,10000.0,-123.27
nlsbuss_nevo,Waves,Neve 5116 console buss,colour,console-neve,on,under_tone_-12,125.0,-136.26
nlsbuss_nevo,Waves,Neve 5116 console buss,colour,console-neve,on,under_tone_-12,1250.0,-132.36
nlsbuss_nevo,Waves,Neve 5116 console buss,colour,console-neve,on,under_tone_-12,12500.0,-122.0
nlsbuss_nevo,Waves,Neve 5116 console buss,colour,console-neve,on,under_tone_-12,160.0,-136.07
nlsbuss_nevo,Waves,Neve 5116 console buss,colour,console-neve,on,under_tone_-12,1600.0,-131.47
nlsbuss_nevo,Waves,Neve 5116 console buss,colour,console-neve,on,under_tone_-12,16000.0,-119.92
nlsbuss_nevo,Waves,Neve 5116 console buss,colour,console-neve,on,under_tone_-12,20.0,-131.89
nlsbuss_nevo,Waves,Neve 5116 console buss,colour,console-neve,on,under_tone_-12,200.0,-136.26
nlsbuss_nevo,Waves,Neve 5116 console buss,colour,console-neve,on,under_tone_-12,2000.0,-130.24
nlsbuss_nevo,Waves,Neve 5116 console buss,colour,console-neve,on,under_tone_-12,20000.0,-114.9
nlsbuss_nevo,Waves,Neve 5116 console buss,colour,console-neve,on,under_tone_-12,25.0,-132.86
nlsbuss_nevo,Waves,Neve 5116 console buss,colour,console-neve,on,under_tone_-12,250.0,-137.21
nlsbuss_nevo,Waves,Neve 5116 console buss,colour,console-neve,on,under_tone_-12,2500.0,-129.61
nlsbuss_nevo,Waves,Neve 5116 console buss,colour,console-neve,on,under_tone_-12,31.5,-133.81
nlsbuss_nevo,Waves,Neve 5116 console buss,colour,console-neve,on,under_tone_-12,315.0,-136.52
nlsbuss_nevo,Waves,Neve 5116 console buss,colour,console-neve,on,under_tone_-12,3150.0,-128.77
nlsbuss_nevo,Waves,Neve 5116 console buss,colour,console-neve,on,under_tone_-12,40.0,-132.06
nlsbuss_nevo,Waves,Neve 5116 console buss,colour,console-neve,on,under_tone_-12,400.0,-136.48
nlsbuss_nevo,Waves,Neve 5116 console buss,colour,console-neve,on,under_tone_-12,4000.0,-127.45
nlsbuss_nevo,Waves,Neve 5116 console buss,colour,console-neve,on,under_tone_-12,50.0,-133.43
nlsbuss_nevo,Waves,Neve 5116 console buss,colour,console-neve,on,under_tone_-12,500.0,-135.78
nlsbuss_nevo,Waves,Neve 5116 console buss,colour,console-neve,on,under_tone_-12,5000.0,-126.58
nlsbuss_nevo,Waves,Neve 5116 console buss,colour,console-neve,on,under_tone_-12,63.0,-134.3
nlsbuss_nevo,Waves,Neve 5116 console buss,colour,console-neve,on,under_tone_-12,630.0,-135.22
nlsbuss_nevo,Waves,Neve 5116 console buss,colour,console-neve,on,under_tone_-12,6300.0,-125.59
nlsbuss_nevo,Waves,Neve 5116 console buss,colour,console-neve,on,under_tone_-12,80.0,-135.4
nlsbuss_nevo,Waves,Neve 5116 console buss,colour,console-neve,on,under_tone_-12,800.0,-134.28
nlsbuss_nevo,Waves,Neve 5116 console buss,colour,console-neve,on,under_tone_-12,8000.0,-124.33
nlsbuss_spike,Waves,EMI TG12345 console buss,colour,console-emi,off,silence,100.0,-200.0
nlsbuss_spike,Waves,EMI TG12345 console buss,colour,console-emi,off,silence,1000.0,-200.0
nlsbuss_spike,Waves,EMI TG12345 console buss,colour,console-emi,off,silence,10000.0,-200.0
nlsbuss_spike,Waves,EMI TG12345 console buss,colour,console-emi,off,silence,125.0,-200.0
nlsbuss_spike,Waves,EMI TG12345 console buss,colour,console-emi,off,silence,1250.0,-200.0
nlsbuss_spike,Waves,EMI TG12345 console buss,colour,console-emi,off,silence,12500.0,-200.0
nlsbuss_spike,Waves,EMI TG12345 console buss,colour,console-emi,off,silence,160.0,-200.0
nlsbuss_spike,Waves,EMI TG12345 console buss,colour,console-emi,off,silence,1600.0,-200.0
nlsbuss_spike,Waves,EMI TG12345 console buss,colour,console-emi,off,silence,16000.0,-200.0
nlsbuss_spike,Waves,EMI TG12345 console buss,colour,console-emi,off,silence,20.0,-200.0
nlsbuss_spike,Waves,EMI TG12345 console buss,colour,console-emi,off,silence,200.0,-200.0
nlsbuss_spike,Waves,EMI TG12345 console buss,colour,console-emi,off,silence,2000.0,-200.0
nlsbuss_spike,Waves,EMI TG12345 console buss,colour,console-emi,off,silence,20000.0,-200.0
nlsbuss_spike,Waves,EMI TG12345 console buss,colour,console-emi,off,silence,25.0,-200.0
nlsbuss_spike,Waves,EMI TG12345 console buss,colour,console-emi,off,silence,250.0,-200.0
nlsbuss_spike,Waves,EMI TG12345 console buss,colour,console-emi,off,silence,2500.0,-200.0
nlsbuss_spike,Waves,EMI TG12345 console buss,colour,console-emi,off,silence,31.5,-200.0
nlsbuss_spike,Waves,EMI TG12345 console buss,colour,console-emi,off,silence,315.0,-200.0
nlsbuss_spike,Waves,EMI TG12345 console buss,colour,console-emi,off,silence,3150.0,-200.0
nlsbuss_spike,Waves,EMI TG12345 console buss,colour,console-emi,off,silence,40.0,-200.0
nlsbuss_spike,Waves,EMI TG12345 console buss,colour,console-emi,off,silence,400.0,-200.0
nlsbuss_spike,Waves,EMI TG12345 console buss,colour,console-emi,off,silence,4000.0,-200.0
nlsbuss_spike,Waves,EMI TG12345 console buss,colour,console-emi,off,silence,50.0,-200.0
nlsbuss_spike,Waves,EMI TG12345 console buss,colour,console-emi,off,silence,500.0,-200.0
nlsbuss_spike,Waves,EMI TG12345 console buss,colour,console-emi,off,silence,5000.0,-200.0
nlsbuss_spike,Waves,EMI TG12345 console buss,colour,console-emi,off,silence,63.0,-200.0
nlsbuss_spike,Waves,EMI TG12345 console buss,colour,console-emi,off,silence,630.0,-200.0
nlsbuss_spike,Waves,EMI TG12345 console buss,colour,console-emi,off,silence,6300.0,-200.0
nlsbuss_spike,Waves,EMI TG12345 console buss,colour,console-emi,off,silence,80.0,-200.0
nlsbuss_spike,Waves,EMI TG12345 console buss,colour,console-emi,off,silence,800.0,-200.0
nlsbuss_spike,Waves,EMI TG12345 console buss,colour,console-emi,off,silence,8000.0,-200.0
nlsbuss_spike,Waves,EMI TG12345 console buss,colour,console-emi,off,under_tone_-12,100.0,-200.0
nlsbuss_spike,Waves,EMI TG12345 console buss,colour,console-emi,off,under_tone_-12,1000.0,-161.87
nlsbuss_spike,Waves,EMI TG12345 console buss,colour,console-emi,off,under_tone_-12,10000.0,-167.62
nlsbuss_spike,Waves,EMI TG12345 console buss,colour,console-emi,off,under_tone_-12,125.0,-200.0
nlsbuss_spike,Waves,EMI TG12345 console buss,colour,console-emi,off,under_tone_-12,1250.0,-200.0
nlsbuss_spike,Waves,EMI TG12345 console buss,colour,console-emi,off,under_tone_-12,12500.0,-171.02
nlsbuss_spike,Waves,EMI TG12345 console buss,colour,console-emi,off,under_tone_-12,160.0,-200.0
nlsbuss_spike,Waves,EMI TG12345 console buss,colour,console-emi,off,under_tone_-12,1600.0,-200.0
nlsbuss_spike,Waves,EMI TG12345 console buss,colour,console-emi,off,under_tone_-12,16000.0,-170.17
nlsbuss_spike,Waves,EMI TG12345 console buss,colour,console-emi,off,under_tone_-12,20.0,-200.0
nlsbuss_spike,Waves,EMI TG12345 console buss,colour,console-emi,off,under_tone_-12,200.0,-200.0
nlsbuss_spike,Waves,EMI TG12345 console buss,colour,console-emi,off,under_tone_-12,2000.0,-166.52
nlsbuss_spike,Waves,EMI TG12345 console buss,colour,console-emi,off,under_tone_-12,20000.0,-128.43
nlsbuss_spike,Waves,EMI TG12345 console buss,colour,console-emi,off,under_tone_-12,25.0,-200.0
nlsbuss_spike,Waves,EMI TG12345 console buss,colour,console-emi,off,under_tone_-12,250.0,-200.0
nlsbuss_spike,Waves,EMI TG12345 console buss,colour,console-emi,off,under_tone_-12,2500.0,-200.0
nlsbuss_spike,Waves,EMI TG12345 console buss,colour,console-emi,off,under_tone_-12,31.5,-200.0
nlsbuss_spike,Waves,EMI TG12345 console buss,colour,console-emi,off,under_tone_-12,315.0,-200.0
nlsbuss_spike,Waves,EMI TG12345 console buss,colour,console-emi,off,under_tone_-12,3150.0,-166.63
nlsbuss_spike,Waves,EMI TG12345 console buss,colour,console-emi,off,under_tone_-12,40.0,-200.0
nlsbuss_spike,Waves,EMI TG12345 console buss,colour,console-emi,off,under_tone_-12,400.0,-200.0
nlsbuss_spike,Waves,EMI TG12345 console buss,colour,console-emi,off,under_tone_-12,4000.0,-167.31
nlsbuss_spike,Waves,EMI TG12345 console buss,colour,console-emi,off,under_tone_-12,50.0,-200.0
nlsbuss_spike,Waves,EMI TG12345 console buss,colour,console-emi,off,under_tone_-12,500.0,-200.0
nlsbuss_spike,Waves,EMI TG12345 console buss,colour,console-emi,off,under_tone_-12,5000.0,-167.82
nlsbuss_spike,Waves,EMI TG12345 console buss,colour,console-emi,off,under_tone_-12,63.0,-200.0
nlsbuss_spike,Waves,EMI TG12345 console buss,colour,console-emi,off,under_tone_-12,630.0,-200.0
nlsbuss_spike,Waves,EMI TG12345 console buss,colour,console-emi,off,under_tone_-12,6300.0,-165.67
nlsbuss_spike,Waves,EMI TG12345 console buss,colour,console-emi,off,under_tone_-12,80.0,-200.0
nlsbuss_spike,Waves,EMI TG12345 console buss,colour,console-emi,off,under_tone_-12,800.0,-200.0
nlsbuss_spike,Waves,EMI TG12345 console buss,colour,console-emi,off,under_tone_-12,8000.0,-170.15
nlsbuss_spike,Waves,EMI TG12345 console buss,colour,console-emi,on,silence,100.0,-121.35
nlsbuss_spike,Waves,EMI TG12345 console buss,colour,console-emi,on,silence,1000.0,-126.59
nlsbuss_spike,Waves,EMI TG12345 console buss,colour,console-emi,on,silence,10000.0,-119.34
nlsbuss_spike,Waves,EMI TG12345 console buss,colour,console-emi,on,silence,125.0,-121.56
nlsbuss_spike,Waves,EMI TG12345 console buss,colour,console-emi,on,silence,1250.0,-126.49
nlsbuss_spike,Waves,EMI TG12345 console buss,colour,console-emi,on,silence,12500.0,-118.36
nlsbuss_spike,Waves,EMI TG12345 console buss,colour,console-emi,on,silence,160.0,-121.45
nlsbuss_spike,Waves,EMI TG12345 console buss,colour,console-emi,on,silence,1600.0,-126.21
nlsbuss_spike,Waves,EMI TG12345 console buss,colour,console-emi,on,silence,16000.0,-116.88
nlsbuss_spike,Waves,EMI TG12345 console buss,colour,console-emi,on,silence,20.0,-124.94
nlsbuss_spike,Waves,EMI TG12345 console buss,colour,console-emi,on,silence,200.0,-123.4
nlsbuss_spike,Waves,EMI TG12345 console buss,colour,console-emi,on,silence,2000.0,-125.43
nlsbuss_spike,Waves,EMI TG12345 console buss,colour,console-emi,on,silence,20000.0,-113.63
nlsbuss_spike,Waves,EMI TG12345 console buss,colour,console-emi,on,silence,25.0,-122.55
nlsbuss_spike,Waves,EMI TG12345 console buss,colour,console-emi,on,silence,250.0,-123.98
nlsbuss_spike,Waves,EMI TG12345 console buss,colour,console-emi,on,silence,2500.0,-124.9
nlsbuss_spike,Waves,EMI TG12345 console buss,colour,console-emi,on,silence,31.5,-123.51
nlsbuss_spike,Waves,EMI TG12345 console buss,colour,console-emi,on,silence,315.0,-123.99
nlsbuss_spike,Waves,EMI TG12345 console buss,colour,console-emi,on,silence,3150.0,-124.27
nlsbuss_spike,Waves,EMI TG12345 console buss,colour,console-emi,on,silence,40.0,-119.89
nlsbuss_spike,Waves,EMI TG12345 console buss,colour,console-emi,on,silence,400.0,-124.86
nlsbuss_spike,Waves,EMI TG12345 console buss,colour,console-emi,on,silence,4000.0,-123.14
nlsbuss_spike,Waves,EMI TG12345 console buss,colour,console-emi,on,silence,50.0,-121.38
nlsbuss_spike,Waves,EMI TG12345 console buss,colour,console-emi,on,silence,500.0,-125.3
nlsbuss_spike,Waves,EMI TG12345 console buss,colour,console-emi,on,silence,5000.0,-122.34
nlsbuss_spike,Waves,EMI TG12345 console buss,colour,console-emi,on,silence,63.0,-120.51
nlsbuss_spike,Waves,EMI TG12345 console buss,colour,console-emi,on,silence,630.0,-126.02
nlsbuss_spike,Waves,EMI TG12345 console buss,colour,console-emi,on,silence,6300.0,-121.3
nlsbuss_spike,Waves,EMI TG12345 console buss,colour,console-emi,on,silence,80.0,-120.96
nlsbuss_spike,Waves,EMI TG12345 console buss,colour,console-emi,on,silence,800.0,-126.36
nlsbuss_spike,Waves,EMI TG12345 console buss,colour,console-emi,on,silence,8000.0,-120.29
nlsbuss_spike,Waves,EMI TG12345 console buss,colour,console-emi,on,under_tone_-12,100.0,-121.47
nlsbuss_spike,Waves,EMI TG12345 console buss,colour,console-emi,on,under_tone_-12,1000.0,-126.26
nlsbuss_spike,Waves,EMI TG12345 console buss,colour,console-emi,on,under_tone_-12,10000.0,-119.42
nlsbuss_spike,Waves,EMI TG12345 console buss,colour,console-emi,on,under_tone_-12,125.0,-120.88
nlsbuss_spike,Waves,EMI TG12345 console buss,colour,console-emi,on,under_tone_-12,1250.0,-126.45
nlsbuss_spike,Waves,EMI TG12345 console buss,colour,console-emi,on,under_tone_-12,12500.0,-118.35
nlsbuss_spike,Waves,EMI TG12345 console buss,colour,console-emi,on,under_tone_-12,160.0,-122.5
nlsbuss_spike,Waves,EMI TG12345 console buss,colour,console-emi,on,under_tone_-12,1600.0,-125.99
nlsbuss_spike,Waves,EMI TG12345 console buss,colour,console-emi,on,under_tone_-12,16000.0,-116.86
nlsbuss_spike,Waves,EMI TG12345 console buss,colour,console-emi,on,under_tone_-12,20.0,-123.82
nlsbuss_spike,Waves,EMI TG12345 console buss,colour,console-emi,on,under_tone_-12,200.0,-123.63
nlsbuss_spike,Waves,EMI TG12345 console buss,colour,console-emi,on,under_tone_-12,2000.0,-125.55
nlsbuss_spike,Waves,EMI TG12345 console buss,colour,console-emi,on,under_tone_-12,20000.0,-113.51
nlsbuss_spike,Waves,EMI TG12345 console buss,colour,console-emi,on,under_tone_-12,25.0,-121.42
nlsbuss_spike,Waves,EMI TG12345 console buss,colour,console-emi,on,under_tone_-12,250.0,-123.5
nlsbuss_spike,Waves,EMI TG12345 console buss,colour,console-emi,on,under_tone_-12,2500.0,-125.04
nlsbuss_spike,Waves,EMI TG12345 console buss,colour,console-emi,on,under_tone_-12,31.5,-124.46
nlsbuss_spike,Waves,EMI TG12345 console buss,colour,console-emi,on,under_tone_-12,315.0,-124.27
nlsbuss_spike,Waves,EMI TG12345 console buss,colour,console-emi,on,under_tone_-12,3150.0,-124.2
nlsbuss_spike,Waves,EMI TG12345 console buss,colour,console-emi,on,under_tone_-12,40.0,-121.81
nlsbuss_spike,Waves,EMI TG12345 console buss,colour,console-emi,on,under_tone_-12,400.0,-124.89
nlsbuss_spike,Waves,EMI TG12345 console buss,colour,console-emi,on,under_tone_-12,4000.0,-123.25
nlsbuss_spike,Waves,EMI TG12345 console buss,colour,console-emi,on,under_tone_-12,50.0,-121.83
nlsbuss_spike,Waves,EMI TG12345 console buss,colour,console-emi,on,under_tone_-12,500.0,-125.11
nlsbuss_spike,Waves,EMI TG12345 console buss,colour,console-emi,on,under_tone_-12,5000.0,-122.44
nlsbuss_spike,Waves,EMI TG12345 console buss,colour,console-emi,on,under_tone_-12,63.0,-120.58
nlsbuss_spike,Waves,EMI TG12345 console buss,colour,console-emi,on,under_tone_-12,630.0,-126.11
nlsbuss_spike,Waves,EMI TG12345 console buss,colour,console-emi,on,under_tone_-12,6300.0,-121.44
nlsbuss_spike,Waves,EMI TG12345 console buss,colour,console-emi,on,under_tone_-12,80.0,-120.95
nlsbuss_spike,Waves,EMI TG12345 console buss,colour,console-emi,on,under_tone_-12,800.0,-126.41
nlsbuss_spike,Waves,EMI TG12345 console buss,colour,console-emi,on,under_tone_-12,8000.0,-120.31
puigtec_eqp1a,Waves,Pultec EQP-1A,eq,eq-pultec,off,silence,100.0,-200.0
puigtec_eqp1a,Waves,Pultec EQP-1A,eq,eq-pultec,off,silence,1000.0,-200.0
puigtec_eqp1a,Waves,Pultec EQP-1A,eq,eq-pultec,off,silence,10000.0,-200.0
puigtec_eqp1a,Waves,Pultec EQP-1A,eq,eq-pultec,off,silence,125.0,-200.0
puigtec_eqp1a,Waves,Pultec EQP-1A,eq,eq-pultec,off,silence,1250.0,-200.0
puigtec_eqp1a,Waves,Pultec EQP-1A,eq,eq-pultec,off,silence,12500.0,-200.0
puigtec_eqp1a,Waves,Pultec EQP-1A,eq,eq-pultec,off,silence,160.0,-200.0
puigtec_eqp1a,Waves,Pultec EQP-1A,eq,eq-pultec,off,silence,1600.0,-200.0
puigtec_eqp1a,Waves,Pultec EQP-1A,eq,eq-pultec,off,silence,16000.0,-200.0
puigtec_eqp1a,Waves,Pultec EQP-1A,eq,eq-pultec,off,silence,20.0,-200.0
puigtec_eqp1a,Waves,Pultec EQP-1A,eq,eq-pultec,off,silence,200.0,-200.0
puigtec_eqp1a,Waves,Pultec EQP-1A,eq,eq-pultec,off,silence,2000.0,-200.0
puigtec_eqp1a,Waves,Pultec EQP-1A,eq,eq-pultec,off,silence,20000.0,-200.0
puigtec_eqp1a,Waves,Pultec EQP-1A,eq,eq-pultec,off,silence,25.0,-200.0
puigtec_eqp1a,Waves,Pultec EQP-1A,eq,eq-pultec,off,silence,250.0,-200.0
puigtec_eqp1a,Waves,Pultec EQP-1A,eq,eq-pultec,off,silence,2500.0,-200.0
puigtec_eqp1a,Waves,Pultec EQP-1A,eq,eq-pultec,off,silence,31.5,-200.0
puigtec_eqp1a,Waves,Pultec EQP-1A,eq,eq-pultec,off,silence,315.0,-200.0
puigtec_eqp1a,Waves,Pultec EQP-1A,eq,eq-pultec,off,silence,3150.0,-200.0
puigtec_eqp1a,Waves,Pultec EQP-1A,eq,eq-pultec,off,silence,40.0,-200.0
puigtec_eqp1a,Waves,Pultec EQP-1A,eq,eq-pultec,off,silence,400.0,-200.0
puigtec_eqp1a,Waves,Pultec EQP-1A,eq,eq-pultec,off,silence,4000.0,-200.0
puigtec_eqp1a,Waves,Pultec EQP-1A,eq,eq-pultec,off,silence,50.0,-200.0
puigtec_eqp1a,Waves,Pultec EQP-1A,eq,eq-pultec,off,silence,500.0,-200.0
puigtec_eqp1a,Waves,Pultec EQP-1A,eq,eq-pultec,off,silence,5000.0,-200.0
puigtec_eqp1a,Waves,Pultec EQP-1A,eq,eq-pultec,off,silence,63.0,-200.0
puigtec_eqp1a,Waves,Pultec EQP-1A,eq,eq-pultec,off,silence,630.0,-200.0
puigtec_eqp1a,Waves,Pultec EQP-1A,eq,eq-pultec,off,silence,6300.0,-200.0
puigtec_eqp1a,Waves,Pultec EQP-1A,eq,eq-pultec,off,silence,80.0,-200.0
puigtec_eqp1a,Waves,Pultec EQP-1A,eq,eq-pultec,off,silence,800.0,-200.0
puigtec_eqp1a,Waves,Pultec EQP-1A,eq,eq-pultec,off,silence,8000.0,-200.0
puigtec_eqp1a,Waves,Pultec EQP-1A,eq,eq-pultec,off,under_tone_-12,100.0,-193.52
puigtec_eqp1a,Waves,Pultec EQP-1A,eq,eq-pultec,off,under_tone_-12,1000.0,-160.2
puigtec_eqp1a,Waves,Pultec EQP-1A,eq,eq-pultec,off,under_tone_-12,10000.0,-156.82
puigtec_eqp1a,Waves,Pultec EQP-1A,eq,eq-pultec,off,under_tone_-12,125.0,-186.53
puigtec_eqp1a,Waves,Pultec EQP-1A,eq,eq-pultec,off,under_tone_-12,1250.0,-166.93
puigtec_eqp1a,Waves,Pultec EQP-1A,eq,eq-pultec,off,under_tone_-12,12500.0,-155.67
puigtec_eqp1a,Waves,Pultec EQP-1A,eq,eq-pultec,off,under_tone_-12,160.0,-183.54
puigtec_eqp1a,Waves,Pultec EQP-1A,eq,eq-pultec,off,under_tone_-12,1600.0,-171.84
puigtec_eqp1a,Waves,Pultec EQP-1A,eq,eq-pultec,off,under_tone_-12,16000.0,-154.02
puigtec_eqp1a,Waves,Pultec EQP-1A,eq,eq-pultec,off,under_tone_-12,20.0,-200.0
puigtec_eqp1a,Waves,Pultec EQP-1A,eq,eq-pultec,off,under_tone_-12,200.0,-183.63
puigtec_eqp1a,Waves,Pultec EQP-1A,eq,eq-pultec,off,under_tone_-12,2000.0,-162.86
puigtec_eqp1a,Waves,Pultec EQP-1A,eq,eq-pultec,off,under_tone_-12,20000.0,-125.01
puigtec_eqp1a,Waves,Pultec EQP-1A,eq,eq-pultec,off,under_tone_-12,25.0,-200.0
puigtec_eqp1a,Waves,Pultec EQP-1A,eq,eq-pultec,off,under_tone_-12,250.0,-184.32
puigtec_eqp1a,Waves,Pultec EQP-1A,eq,eq-pultec,off,under_tone_-12,2500.0,-176.72
puigtec_eqp1a,Waves,Pultec EQP-1A,eq,eq-pultec,off,under_tone_-12,31.5,-190.91
puigtec_eqp1a,Waves,Pultec EQP-1A,eq,eq-pultec,off,under_tone_-12,315.0,-182.68
puigtec_eqp1a,Waves,Pultec EQP-1A,eq,eq-pultec,off,under_tone_-12,3150.0,-162.78
puigtec_eqp1a,Waves,Pultec EQP-1A,eq,eq-pultec,off,under_tone_-12,40.0,-200.0
puigtec_eqp1a,Waves,Pultec EQP-1A,eq,eq-pultec,off,under_tone_-12,400.0,-177.22
puigtec_eqp1a,Waves,Pultec EQP-1A,eq,eq-pultec,off,under_tone_-12,4000.0,-162.78
puigtec_eqp1a,Waves,Pultec EQP-1A,eq,eq-pultec,off,under_tone_-12,50.0,-200.0
puigtec_eqp1a,Waves,Pultec EQP-1A,eq,eq-pultec,off,under_tone_-12,500.0,-175.33
puigtec_eqp1a,Waves,Pultec EQP-1A,eq,eq-pultec,off,under_tone_-12,5000.0,-162.59
puigtec_eqp1a,Waves,Pultec EQP-1A,eq,eq-pultec,off,under_tone_-12,63.0,-185.85
puigtec_eqp1a,Waves,Pultec EQP-1A,eq,eq-pultec,off,under_tone_-12,630.0,-169.62
puigtec_eqp1a,Waves,Pultec EQP-1A,eq,eq-pultec,off,under_tone_-12,6300.0,-159.44
puigtec_eqp1a,Waves,Pultec EQP-1A,eq,eq-pultec,off,under_tone_-12,80.0,-200.0
puigtec_eqp1a,Waves,Pultec EQP-1A,eq,eq-pultec,off,under_tone_-12,800.0,-170.2
puigtec_eqp1a,Waves,Pultec EQP-1A,eq,eq-pultec,off,under_tone_-12,8000.0,-161.98
puigtec_eqp1a,Waves,Pultec EQP-1A,eq,eq-pultec,on,silence,100.0,-115.19
puigtec_eqp1a,Waves,Pultec EQP-1A,eq,eq-pultec,on,silence,1000.0,-118.15
puigtec_eqp1a,Waves,Pultec EQP-1A,eq,eq-pultec,on,silence,10000.0,-112.29
puigtec_eqp1a,Waves,Pultec EQP-1A,eq,eq-pultec,on,silence,125.0,-112.78
puigtec_eqp1a,Waves,Pultec EQP-1A,eq,eq-pultec,on,silence,1250.0,-117.71
puigtec_eqp1a,Waves,Pultec EQP-1A,eq,eq-pultec,on,silence,12500.0,-112.04
puigtec_eqp1a,Waves,Pultec EQP-1A,eq,eq-pultec,on,silence,160.0,-113.98
puigtec_eqp1a,Waves,Pultec EQP-1A,eq,eq-pultec,on,silence,1600.0,-117.76
puigtec_eqp1a,Waves,Pultec EQP-1A,eq,eq-pultec,on,silence,16000.0,-112.09
puigtec_eqp1a,Waves,Pultec EQP-1A,eq,eq-pultec,on,silence,20.0,-120.55
puigtec_eqp1a,Waves,Pultec EQP-1A,eq,eq-pultec,on,silence,200.0,-113.1
puigtec_eqp1a,Waves,Pultec EQP-1A,eq,eq-pultec,on,silence,2000.0,-117.37
puigtec_eqp1a,Waves,Pultec EQP-1A,eq,eq-pultec,on,silence,20000.0,-112.33
puigtec_eqp1a,Waves,Pultec EQP-1A,eq,eq-pultec,on,silence,25.0,-120.16
puigtec_eqp1a,Waves,Pultec EQP-1A,eq,eq-pultec,on,silence,250.0,-115.55
puigtec_eqp1a,Waves,Pultec EQP-1A,eq,eq-pultec,on,silence,2500.0,-116.51
puigtec_eqp1a,Waves,Pultec EQP-1A,eq,eq-pultec,on,silence,31.5,-120.68
puigtec_eqp1a,Waves,Pultec EQP-1A,eq,eq-pultec,on,silence,315.0,-115.89
puigtec_eqp1a,Waves,Pultec EQP-1A,eq,eq-pultec,on,silence,3150.0,-115.73
puigtec_eqp1a,Waves,Pultec EQP-1A,eq,eq-pultec,on,silence,40.0,-116.43
puigtec_eqp1a,Waves,Pultec EQP-1A,eq,eq-pultec,on,silence,400.0,-116.37
puigtec_eqp1a,Waves,Pultec EQP-1A,eq,eq-pultec,on,silence,4000.0,-115.22
puigtec_eqp1a,Waves,Pultec EQP-1A,eq,eq-pultec,on,silence,50.0,-116.41
puigtec_eqp1a,Waves,Pultec EQP-1A,eq,eq-pultec,on,silence,500.0,-116.89
puigtec_eqp1a,Waves,Pultec EQP-1A,eq,eq-pultec,on,silence,5000.0,-114.33
puigtec_eqp1a,Waves,Pultec EQP-1A,eq,eq-pultec,on,silence,63.0,-90.69
puigtec_eqp1a,Waves,Pultec EQP-1A,eq,eq-pultec,on,silence,630.0,-117.64
puigtec_eqp1a,Waves,Pultec EQP-1A,eq,eq-pultec,on,silence,6300.0,-113.58
puigtec_eqp1a,Waves,Pultec EQP-1A,eq,eq-pultec,on,silence,80.0,-116.87
puigtec_eqp1a,Waves,Pultec EQP-1A,eq,eq-pultec,on,silence,800.0,-117.75
puigtec_eqp1a,Waves,Pultec EQP-1A,eq,eq-pultec,on,silence,8000.0,-112.91
puigtec_eqp1a,Waves,Pultec EQP-1A,eq,eq-pultec,on,under_tone_-12,100.0,-116.1
puigtec_eqp1a,Waves,Pultec EQP-1A,eq,eq-pultec,on,under_tone_-12,1000.0,-118.51
puigtec_eqp1a,Waves,Pultec EQP-1A,eq,eq-pultec,on,under_tone_-12,10000.0,-112.55
puigtec_eqp1a,Waves,Pultec EQP-1A,eq,eq-pultec,on,under_tone_-12,125.0,-112.76
puigtec_eqp1a,Waves,Pultec EQP-1A,eq,eq-pultec,on,under_tone_-12,1250.0,-118.13
puigtec_eqp1a,Waves,Pultec EQP-1A,eq,eq-pultec,on,under_tone_-12,12500.0,-112.17
puigtec_eqp1a,Waves,Pultec EQP-1A,eq,eq-pultec,on,under_tone_-12,160.0,-113.46
puigtec_eqp1a,Waves,Pultec EQP-1A,eq,eq-pultec,on,under_tone_-12,1600.0,-117.99
puigtec_eqp1a,Waves,Pultec EQP-1A,eq,eq-pultec,on,under_tone_-12,16000.0,-112.19
puigtec_eqp1a,Waves,Pultec EQP-1A,eq,eq-pultec,on,under_tone_-12,20.0,-121.07
puigtec_eqp1a,Waves,Pultec EQP-1A,eq,eq-pultec,on,under_tone_-12,200.0,-113.4
puigtec_eqp1a,Waves,Pultec EQP-1A,eq,eq-pultec,on,under_tone_-12,2000.0,-117.37
puigtec_eqp1a,Waves,Pultec EQP-1A,eq,eq-pultec,on,under_tone_-12,20000.0,-112.21
puigtec_eqp1a,Waves,Pultec EQP-1A,eq,eq-pultec,on,under_tone_-12,25.0,-119.84
puigtec_eqp1a,Waves,Pultec EQP-1A,eq,eq-pultec,on,under_tone_-12,250.0,-115.97
puigtec_eqp1a,Waves,Pultec EQP-1A,eq,eq-pultec,on,under_tone_-12,2500.0,-116.84
puigtec_eqp1a,Waves,Pultec EQP-1A,eq,eq-pultec,on,under_tone_-12,31.5,-118.33
puigtec_eqp1a,Waves,Pultec EQP-1A,eq,eq-pultec,on,under_tone_-12,315.0,-116.6
puigtec_eqp1a,Waves,Pultec EQP-1A,eq,eq-pultec,on,under_tone_-12,3150.0,-115.96
puigtec_eqp1a,Waves,Pultec EQP-1A,eq,eq-pultec,on,under_tone_-12,40.0,-118.01
puigtec_eqp1a,Waves,Pultec EQP-1A,eq,eq-pultec,on,under_tone_-12,400.0,-116.74
puigtec_eqp1a,Waves,Pultec EQP-1A,eq,eq-pultec,on,under_tone_-12,4000.0,-115.27
puigtec_eqp1a,Waves,Pultec EQP-1A,eq,eq-pultec,on,under_tone_-12,50.0,-116.26
puigtec_eqp1a,Waves,Pultec EQP-1A,eq,eq-pultec,on,under_tone_-12,500.0,-116.94
puigtec_eqp1a,Waves,Pultec EQP-1A,eq,eq-pultec,on,under_tone_-12,5000.0,-114.52
puigtec_eqp1a,Waves,Pultec EQP-1A,eq,eq-pultec,on,under_tone_-12,63.0,-90.86
puigtec_eqp1a,Waves,Pultec EQP-1A,eq,eq-pultec,on,under_tone_-12,630.0,-117.79
puigtec_eqp1a,Waves,Pultec EQP-1A,eq,eq-pultec,on,under_tone_-12,6300.0,-113.85
puigtec_eqp1a,Waves,Pultec EQP-1A,eq,eq-pultec,on,under_tone_-12,80.0,-114.89
puigtec_eqp1a,Waves,Pultec EQP-1A,eq,eq-pultec,on,under_tone_-12,800.0,-118.12
puigtec_eqp1a,Waves,Pultec EQP-1A,eq,eq-pultec,on,under_tone_-12,8000.0,-112.82
puigtec_meq5,Waves,Pultec MEQ-5 midrange,eq,eq-pultec,off,silence,100.0,-200.0
puigtec_meq5,Waves,Pultec MEQ-5 midrange,eq,eq-pultec,off,silence,1000.0,-200.0
puigtec_meq5,Waves,Pultec MEQ-5 midrange,eq,eq-pultec,off,silence,10000.0,-200.0
puigtec_meq5,Waves,Pultec MEQ-5 midrange,eq,eq-pultec,off,silence,125.0,-200.0
puigtec_meq5,Waves,Pultec MEQ-5 midrange,eq,eq-pultec,off,silence,1250.0,-200.0
puigtec_meq5,Waves,Pultec MEQ-5 midrange,eq,eq-pultec,off,silence,12500.0,-200.0
puigtec_meq5,Waves,Pultec MEQ-5 midrange,eq,eq-pultec,off,silence,160.0,-200.0
puigtec_meq5,Waves,Pultec MEQ-5 midrange,eq,eq-pultec,off,silence,1600.0,-200.0
puigtec_meq5,Waves,Pultec MEQ-5 midrange,eq,eq-pultec,off,silence,16000.0,-200.0
puigtec_meq5,Waves,Pultec MEQ-5 midrange,eq,eq-pultec,off,silence,20.0,-200.0
puigtec_meq5,Waves,Pultec MEQ-5 midrange,eq,eq-pultec,off,silence,200.0,-200.0
puigtec_meq5,Waves,Pultec MEQ-5 midrange,eq,eq-pultec,off,silence,2000.0,-200.0
puigtec_meq5,Waves,Pultec MEQ-5 midrange,eq,eq-pultec,off,silence,20000.0,-200.0
puigtec_meq5,Waves,Pultec MEQ-5 midrange,eq,eq-pultec,off,silence,25.0,-200.0
puigtec_meq5,Waves,Pultec MEQ-5 midrange,eq,eq-pultec,off,silence,250.0,-200.0
puigtec_meq5,Waves,Pultec MEQ-5 midrange,eq,eq-pultec,off,silence,2500.0,-200.0
puigtec_meq5,Waves,Pultec MEQ-5 midrange,eq,eq-pultec,off,silence,31.5,-200.0
puigtec_meq5,Waves,Pultec MEQ-5 midrange,eq,eq-pultec,off,silence,315.0,-200.0
puigtec_meq5,Waves,Pultec MEQ-5 midrange,eq,eq-pultec,off,silence,3150.0,-200.0
puigtec_meq5,Waves,Pultec MEQ-5 midrange,eq,eq-pultec,off,silence,40.0,-200.0
puigtec_meq5,Waves,Pultec MEQ-5 midrange,eq,eq-pultec,off,silence,400.0,-200.0
puigtec_meq5,Waves,Pultec MEQ-5 midrange,eq,eq-pultec,off,silence,4000.0,-200.0
puigtec_meq5,Waves,Pultec MEQ-5 midrange,eq,eq-pultec,off,silence,50.0,-200.0
puigtec_meq5,Waves,Pultec MEQ-5 midrange,eq,eq-pultec,off,silence,500.0,-200.0
puigtec_meq5,Waves,Pultec MEQ-5 midrange,eq,eq-pultec,off,silence,5000.0,-200.0
puigtec_meq5,Waves,Pultec MEQ-5 midrange,eq,eq-pultec,off,silence,63.0,-200.0
puigtec_meq5,Waves,Pultec MEQ-5 midrange,eq,eq-pultec,off,silence,630.0,-200.0
puigtec_meq5,Waves,Pultec MEQ-5 midrange,eq,eq-pultec,off,silence,6300.0,-200.0
puigtec_meq5,Waves,Pultec MEQ-5 midrange,eq,eq-pultec,off,silence,80.0,-200.0
puigtec_meq5,Waves,Pultec MEQ-5 midrange,eq,eq-pultec,off,silence,800.0,-200.0
puigtec_meq5,Waves,Pultec MEQ-5 midrange,eq,eq-pultec,off,silence,8000.0,-200.0
puigtec_meq5,Waves,Pultec MEQ-5 midrange,eq,eq-pultec,off,under_tone_-12,100.0,-190.98
puigtec_meq5,Waves,Pultec MEQ-5 midrange,eq,eq-pultec,off,under_tone_-12,1000.0,-161.24
puigtec_meq5,Waves,Pultec MEQ-5 midrange,eq,eq-pultec,off,under_tone_-12,10000.0,-156.91
puigtec_meq5,Waves,Pultec MEQ-5 midrange,eq,eq-pultec,off,under_tone_-12,125.0,-182.49
puigtec_meq5,Waves,Pultec MEQ-5 midrange,eq,eq-pultec,off,under_tone_-12,1250.0,-163.98
puigtec_meq5,Waves,Pultec MEQ-5 midrange,eq,eq-pultec,off,under_tone_-12,12500.0,-155.8
puigtec_meq5,Waves,Pultec MEQ-5 midrange,eq,eq-pultec,off,under_tone_-12,160.0,-188.03
puigtec_meq5,Waves,Pultec MEQ-5 midrange,eq,eq-pultec,off,under_tone_-12,1600.0,-171.75
puigtec_meq5,Waves,Pultec MEQ-5 midrange,eq,eq-pultec,off,under_tone_-12,16000.0,-154.18
puigtec_meq5,Waves,Pultec MEQ-5 midrange,eq,eq-pultec,off,under_tone_-12,20.0,-200.0
puigtec_meq5,Waves,Pultec MEQ-5 midrange,eq,eq-pultec,off,under_tone_-12,200.0,-183.6
puigtec_meq5,Waves,Pultec MEQ-5 midrange,eq,eq-pultec,off,under_tone_-12,2000.0,-163.0
puigtec_meq5,Waves,Pultec MEQ-5 midrange,eq,eq-pultec,off,under_tone_-12,20000.0,-126.33
puigtec_meq5,Waves,Pultec MEQ-5 midrange,eq,eq-pultec,off,under_tone_-12,25.0,-200.0
puigtec_meq5,Waves,Pultec MEQ-5 midrange,eq,eq-pultec,off,under_tone_-12,250.0,-185.2
puigtec_meq5,Waves,Pultec MEQ-5 midrange,eq,eq-pultec,off,under_tone_-12,2500.0,-177.25
puigtec_meq5,Waves,Pultec MEQ-5 midrange,eq,eq-pultec,off,under_tone_-12,31.5,-185.52
puigtec_meq5,Waves,Pultec MEQ-5 midrange,eq,eq-pultec,off,under_tone_-12,315.0,-180.65
puigtec_meq5,Waves,Pultec MEQ-5 midrange,eq,eq-pultec,off,under_tone_-12,3150.0,-162.9
puigtec_meq5,Waves,Pultec MEQ-5 midrange,eq,eq-pultec,off,under_tone_-12,40.0,-200.0
puigtec_meq5,Waves,Pultec MEQ-5 midrange,eq,eq-pultec,off,under_tone_-12,400.0,-186.21
puigtec_meq5,Waves,Pultec MEQ-5 midrange,eq,eq-pultec,off,under_tone_-12,4000.0,-162.9
puigtec_meq5,Waves,Pultec MEQ-5 midrange,eq,eq-pultec,off,under_tone_-12,50.0,-200.0
puigtec_meq5,Waves,Pultec MEQ-5 midrange,eq,eq-pultec,off,under_tone_-12,500.0,-172.79
puigtec_meq5,Waves,Pultec MEQ-5 midrange,eq,eq-pultec,off,under_tone_-12,5000.0,-162.79
puigtec_meq5,Waves,Pultec MEQ-5 midrange,eq,eq-pultec,off,under_tone_-12,63.0,-188.56
puigtec_meq5,Waves,Pultec MEQ-5 midrange,eq,eq-pultec,off,under_tone_-12,630.0,-170.38
puigtec_meq5,Waves,Pultec MEQ-5 midrange,eq,eq-pultec,off,under_tone_-12,6300.0,-159.57
puigtec_meq5,Waves,Pultec MEQ-5 midrange,eq,eq-pultec,off,under_tone_-12,80.0,-200.0
puigtec_meq5,Waves,Pultec MEQ-5 midrange,eq,eq-pultec,off,under_tone_-12,800.0,-168.53
puigtec_meq5,Waves,Pultec MEQ-5 midrange,eq,eq-pultec,off,under_tone_-12,8000.0,-162.13
puigtec_meq5,Waves,Pultec MEQ-5 midrange,eq,eq-pultec,on,silence,100.0,-115.88
puigtec_meq5,Waves,Pultec MEQ-5 midrange,eq,eq-pultec,on,silence,1000.0,-117.57
puigtec_meq5,Waves,Pultec MEQ-5 midrange,eq,eq-pultec,on,silence,10000.0,-112.38
puigtec_meq5,Waves,Pultec MEQ-5 midrange,eq,eq-pultec,on,silence,125.0,-112.78
puigtec_meq5,Waves,Pultec MEQ-5 midrange,eq,eq-pultec,on,silence,1250.0,-118.05
puigtec_meq5,Waves,Pultec MEQ-5 midrange,eq,eq-pultec,on,silence,12500.0,-112.11
puigtec_meq5,Waves,Pultec MEQ-5 midrange,eq,eq-pultec,on,silence,160.0,-113.22
puigtec_meq5,Waves,Pultec MEQ-5 midrange,eq,eq-pultec,on,silence,1600.0,-117.8
puigtec_meq5,Waves,Pultec MEQ-5 midrange,eq,eq-pultec,on,silence,16000.0,-112.09
puigtec_meq5,Waves,Pultec MEQ-5 midrange,eq,eq-pultec,on,silence,20.0,-121.03
puigtec_meq5,Waves,Pultec MEQ-5 midrange,eq,eq-pultec,on,silence,200.0,-113.33
puigtec_meq5,Waves,Pultec MEQ-5 midrange,eq,eq-pultec,on,silence,2000.0,-117.35
puigtec_meq5,Waves,Pultec MEQ-5 midrange,eq,eq-pultec,on,silence,20000.0,-112.32
puigtec_meq5,Waves,Pultec MEQ-5 midrange,eq,eq-pultec,on,silence,25.0,-118.02
puigtec_meq5,Waves,Pultec MEQ-5 midrange,eq,eq-pultec,on,silence,250.0,-115.97
puigtec_meq5,Waves,Pultec MEQ-5 midrange,eq,eq-pultec,on,silence,2500.0,-116.67
puigtec_meq5,Waves,Pultec MEQ-5 midrange,eq,eq-pultec,on,silence,31.5,-118.78
puigtec_meq5,Waves,Pultec MEQ-5 midrange,eq,eq-pultec,on,silence,315.0,-115.81
puigtec_meq5,Waves,Pultec MEQ-5 midrange,eq,eq-pultec,on,silence,3150.0,-115.86
puigtec_meq5,Waves,Pultec MEQ-5 midrange,eq,eq-pultec,on,silence,40.0,-118.29
puigtec_meq5,Waves,Pultec MEQ-5 midrange,eq,eq-pultec,on,silence,400.0,-116.3
puigtec_meq5,Waves,Pultec MEQ-5 midrange,eq,eq-pultec,on,silence,4000.0,-115.09
puigtec_meq5,Waves,Pultec MEQ-5 midrange,eq,eq-pultec,on,silence,50.0,-117.71
puigtec_meq5,Waves,Pultec MEQ-5 midrange,eq,eq-pultec,on,silence,500.0,-117.22
puigtec_meq5,Waves,Pultec MEQ-5 midrange,eq,eq-pultec,on,silence,5000.0,-114.44
puigtec_meq5,Waves,Pultec MEQ-5 midrange,eq,eq-pultec,on,silence,63.0,-90.81
puigtec_meq5,Waves,Pultec MEQ-5 midrange,eq,eq-pultec,on,silence,630.0,-117.87
puigtec_meq5,Waves,Pultec MEQ-5 midrange,eq,eq-pultec,on,silence,6300.0,-113.61
puigtec_meq5,Waves,Pultec MEQ-5 midrange,eq,eq-pultec,on,silence,80.0,-115.27
puigtec_meq5,Waves,Pultec MEQ-5 midrange,eq,eq-pultec,on,silence,800.0,-117.72
puigtec_meq5,Waves,Pultec MEQ-5 midrange,eq,eq-pultec,on,silence,8000.0,-112.82
puigtec_meq5,Waves,Pultec MEQ-5 midrange,eq,eq-pultec,on,under_tone_-12,100.0,-114.63
puigtec_meq5,Waves,Pultec MEQ-5 midrange,eq,eq-pultec,on,under_tone_-12,1000.0,-118.18
puigtec_meq5,Waves,Pultec MEQ-5 midrange,eq,eq-pultec,on,under_tone_-12,10000.0,-112.54
puigtec_meq5,Waves,Pultec MEQ-5 midrange,eq,eq-pultec,on,under_tone_-12,125.0,-113.52
puigtec_meq5,Waves,Pultec MEQ-5 midrange,eq,eq-pultec,on,under_tone_-12,1250.0,-118.09
puigtec_meq5,Waves,Pultec MEQ-5 midrange,eq,eq-pultec,on,under_tone_-12,12500.0,-112.16
puigtec_meq5,Waves,Pultec MEQ-5 midrange,eq,eq-pultec,on,under_tone_-12,160.0,-112.69
puigtec_meq5,Waves,Pultec MEQ-5 midrange,eq,eq-pultec,on,under_tone_-12,1600.0,-117.68
puigtec_meq5,Waves,Pultec MEQ-5 midrange,eq,eq-pultec,on,under_tone_-12,16000.0,-112.13
puigtec_meq5,Waves,Pultec MEQ-5 midrange,eq,eq-pultec,on,under_tone_-12,20.0,-121.09
puigtec_meq5,Waves,Pultec MEQ-5 midrange,eq,eq-pultec,on,under_tone_-12,200.0,-112.62
puigtec_meq5,Waves,Pultec MEQ-5 midrange,eq,eq-pultec,on,under_tone_-12,2000.0,-117.41
puigtec_meq5,Waves,Pultec MEQ-5 midrange,eq,eq-pultec,on,under_tone_-12,20000.0,-112.24
puigtec_meq5,Waves,Pultec MEQ-5 midrange,eq,eq-pultec,on,under_tone_-12,25.0,-118.52
puigtec_meq5,Waves,Pultec MEQ-5 midrange,eq,eq-pultec,on,under_tone_-12,250.0,-115.97
puigtec_meq5,Waves,Pultec MEQ-5 midrange,eq,eq-pultec,on,under_tone_-12,2500.0,-116.76
puigtec_meq5,Waves,Pultec MEQ-5 midrange,eq,eq-pultec,on,under_tone_-12,31.5,-118.91
puigtec_meq5,Waves,Pultec MEQ-5 midrange,eq,eq-pultec,on,under_tone_-12,315.0,-116.33
puigtec_meq5,Waves,Pultec MEQ-5 midrange,eq,eq-pultec,on,under_tone_-12,3150.0,-116.06
puigtec_meq5,Waves,Pultec MEQ-5 midrange,eq,eq-pultec,on,under_tone_-12,40.0,-120.23
puigtec_meq5,Waves,Pultec MEQ-5 midrange,eq,eq-pultec,on,under_tone_-12,400.0,-116.3
puigtec_meq5,Waves,Pultec MEQ-5 midrange,eq,eq-pultec,on,under_tone_-12,4000.0,-115.33
puigtec_meq5,Waves,Pultec MEQ-5 midrange,eq,eq-pultec,on,under_tone_-12,50.0,-117.32
puigtec_meq5,Waves,Pultec MEQ-5 midrange,eq,eq-pultec,on,under_tone_-12,500.0,-117.23
puigtec_meq5,Waves,Pultec MEQ-5 midrange,eq,eq-pultec,on,under_tone_-12,5000.0,-114.48
puigtec_meq5,Waves,Pultec MEQ-5 midrange,eq,eq-pultec,on,under_tone_-12,63.0,-90.78
puigtec_meq5,Waves,Pultec MEQ-5 midrange,eq,eq-pultec,on,under_tone_-12,630.0,-117.82
puigtec_meq5,Waves,Pultec MEQ-5 midrange,eq,eq-pultec,on,under_tone_-12,6300.0,-113.64
puigtec_meq5,Waves,Pultec MEQ-5 midrange,eq,eq-pultec,on,under_tone_-12,80.0,-116.05
puigtec_meq5,Waves,Pultec MEQ-5 midrange,eq,eq-pultec,on,under_tone_-12,800.0,-118.1
puigtec_meq5,Waves,Pultec MEQ-5 midrange,eq,eq-pultec,on,under_tone_-12,8000.0,-112.95
ssl_ev2,Waves,SSL 4000 E console channel,colour,console-ssl,off,silence,100.0,-200.0
ssl_ev2,Waves,SSL 4000 E console channel,colour,console-ssl,off,silence,1000.0,-200.0
ssl_ev2,Waves,SSL 4000 E console channel,colour,console-ssl,off,silence,10000.0,-200.0
ssl_ev2,Waves,SSL 4000 E console channel,colour,console-ssl,off,silence,125.0,-200.0
ssl_ev2,Waves,SSL 4000 E console channel,colour,console-ssl,off,silence,1250.0,-200.0
ssl_ev2,Waves,SSL 4000 E console channel,colour,console-ssl,off,silence,12500.0,-200.0
ssl_ev2,Waves,SSL 4000 E console channel,colour,console-ssl,off,silence,160.0,-200.0
ssl_ev2,Waves,SSL 4000 E console channel,colour,console-ssl,off,silence,1600.0,-200.0
ssl_ev2,Waves,SSL 4000 E console channel,colour,console-ssl,off,silence,16000.0,-200.0
ssl_ev2,Waves,SSL 4000 E console channel,colour,console-ssl,off,silence,20.0,-200.0
ssl_ev2,Waves,SSL 4000 E console channel,colour,console-ssl,off,silence,200.0,-200.0
ssl_ev2,Waves,SSL 4000 E console channel,colour,console-ssl,off,silence,2000.0,-200.0
ssl_ev2,Waves,SSL 4000 E console channel,colour,console-ssl,off,silence,20000.0,-200.0
ssl_ev2,Waves,SSL 4000 E console channel,colour,console-ssl,off,silence,25.0,-200.0
ssl_ev2,Waves,SSL 4000 E console channel,colour,console-ssl,off,silence,250.0,-200.0
ssl_ev2,Waves,SSL 4000 E console channel,colour,console-ssl,off,silence,2500.0,-200.0
ssl_ev2,Waves,SSL 4000 E console channel,colour,console-ssl,off,silence,31.5,-200.0
ssl_ev2,Waves,SSL 4000 E console channel,colour,console-ssl,off,silence,315.0,-200.0
ssl_ev2,Waves,SSL 4000 E console channel,colour,console-ssl,off,silence,3150.0,-200.0
ssl_ev2,Waves,SSL 4000 E console channel,colour,console-ssl,off,silence,40.0,-200.0
ssl_ev2,Waves,SSL 4000 E console channel,colour,console-ssl,off,silence,400.0,-200.0
ssl_ev2,Waves,SSL 4000 E console channel,colour,console-ssl,off,silence,4000.0,-200.0
ssl_ev2,Waves,SSL 4000 E console channel,colour,console-ssl,off,silence,50.0,-200.0
ssl_ev2,Waves,SSL 4000 E console channel,colour,console-ssl,off,silence,500.0,-200.0
ssl_ev2,Waves,SSL 4000 E console channel,colour,console-ssl,off,silence,5000.0,-200.0
ssl_ev2,Waves,SSL 4000 E console channel,colour,console-ssl,off,silence,63.0,-200.0
ssl_ev2,Waves,SSL 4000 E console channel,colour,console-ssl,off,silence,630.0,-200.0
ssl_ev2,Waves,SSL 4000 E console channel,colour,console-ssl,off,silence,6300.0,-200.0
ssl_ev2,Waves,SSL 4000 E console channel,colour,console-ssl,off,silence,80.0,-200.0
ssl_ev2,Waves,SSL 4000 E console channel,colour,console-ssl,off,silence,800.0,-200.0
ssl_ev2,Waves,SSL 4000 E console channel,colour,console-ssl,off,silence,8000.0,-200.0
ssl_ev2,Waves,SSL 4000 E console channel,colour,console-ssl,off,under_tone_-12,100.0,-200.0
ssl_ev2,Waves,SSL 4000 E console channel,colour,console-ssl,off,under_tone_-12,1000.0,-185.71
ssl_ev2,Waves,SSL 4000 E console channel,colour,console-ssl,off,under_tone_-12,10000.0,-180.19
ssl_ev2,Waves,SSL 4000 E console channel,colour,console-ssl,off,under_tone_-12,125.0,-200.0
ssl_ev2,Waves,SSL 4000 E console channel,colour,console-ssl,off,under_tone_-12,1250.0,-200.0
ssl_ev2,Waves,SSL 4000 E console channel,colour,console-ssl,off,under_tone_-12,12500.0,-178.55
ssl_ev2,Waves,SSL 4000 E console channel,colour,console-ssl,off,under_tone_-12,160.0,-200.0
ssl_ev2,Waves,SSL 4000 E console channel,colour,console-ssl,off,under_tone_-12,1600.0,-200.0
ssl_ev2,Waves,SSL 4000 E console channel,colour,console-ssl,off,under_tone_-12,16000.0,-176.04
ssl_ev2,Waves,SSL 4000 E console channel,colour,console-ssl,off,under_tone_-12,20.0,-200.0
ssl_ev2,Waves,SSL 4000 E console channel,colour,console-ssl,off,under_tone_-12,200.0,-200.0
ssl_ev2,Waves,SSL 4000 E console channel,colour,console-ssl,off,under_tone_-12,2000.0,-185.34
ssl_ev2,Waves,SSL 4000 E console channel,colour,console-ssl,off,under_tone_-12,20000.0,-170.2
ssl_ev2,Waves,SSL 4000 E console channel,colour,console-ssl,off,under_tone_-12,25.0,-200.0
ssl_ev2,Waves,SSL 4000 E console channel,colour,console-ssl,off,under_tone_-12,250.0,-200.0
ssl_ev2,Waves,SSL 4000 E console channel,colour,console-ssl,off,under_tone_-12,2500.0,-200.0
ssl_ev2,Waves,SSL 4000 E console channel,colour,console-ssl,off,under_tone_-12,31.5,-200.0
ssl_ev2,Waves,SSL 4000 E console channel,colour,console-ssl,off,under_tone_-12,315.0,-200.0
ssl_ev2,Waves,SSL 4000 E console channel,colour,console-ssl,off,under_tone_-12,3150.0,-186.86
ssl_ev2,Waves,SSL 4000 E console channel,colour,console-ssl,off,under_tone_-12,40.0,-200.0
ssl_ev2,Waves,SSL 4000 E console channel,colour,console-ssl,off,under_tone_-12,400.0,-200.0
ssl_ev2,Waves,SSL 4000 E console channel,colour,console-ssl,off,under_tone_-12,4000.0,-186.4
ssl_ev2,Waves,SSL 4000 E console channel,colour,console-ssl,off,under_tone_-12,50.0,-200.0
ssl_ev2,Waves,SSL 4000 E console channel,colour,console-ssl,off,under_tone_-12,500.0,-200.0
ssl_ev2,Waves,SSL 4000 E console channel,colour,console-ssl,off,under_tone_-12,5000.0,-186.55
ssl_ev2,Waves,SSL 4000 E console channel,colour,console-ssl,off,under_tone_-12,63.0,-200.0
ssl_ev2,Waves,SSL 4000 E console channel,colour,console-ssl,off,under_tone_-12,630.0,-200.0
ssl_ev2,Waves,SSL 4000 E console channel,colour,console-ssl,off,under_tone_-12,6300.0,-183.14
ssl_ev2,Waves,SSL 4000 E console channel,colour,console-ssl,off,under_tone_-12,80.0,-200.0
ssl_ev2,Waves,SSL 4000 E console channel,colour,console-ssl,off,under_tone_-12,800.0,-200.0
ssl_ev2,Waves,SSL 4000 E console channel,colour,console-ssl,off,under_tone_-12,8000.0,-185.72
ssl_ev2,Waves,SSL 4000 E console channel,colour,console-ssl,on,silence,100.0,-200.0
ssl_ev2,Waves,SSL 4000 E console channel,colour,console-ssl,on,silence,1000.0,-200.0
ssl_ev2,Waves,SSL 4000 E console channel,colour,console-ssl,on,silence,10000.0,-200.0
ssl_ev2,Waves,SSL 4000 E console channel,colour,console-ssl,on,silence,125.0,-200.0
ssl_ev2,Waves,SSL 4000 E console channel,colour,console-ssl,on,silence,1250.0,-200.0
ssl_ev2,Waves,SSL 4000 E console channel,colour,console-ssl,on,silence,12500.0,-200.0
ssl_ev2,Waves,SSL 4000 E console channel,colour,console-ssl,on,silence,160.0,-200.0
ssl_ev2,Waves,SSL 4000 E console channel,colour,console-ssl,on,silence,1600.0,-200.0
ssl_ev2,Waves,SSL 4000 E console channel,colour,console-ssl,on,silence,16000.0,-200.0
ssl_ev2,Waves,SSL 4000 E console channel,colour,console-ssl,on,silence,20.0,-200.0
ssl_ev2,Waves,SSL 4000 E console channel,colour,console-ssl,on,silence,200.0,-200.0
ssl_ev2,Waves,SSL 4000 E console channel,colour,console-ssl,on,silence,2000.0,-200.0
ssl_ev2,Waves,SSL 4000 E console channel,colour,console-ssl,on,silence,20000.0,-200.0
ssl_ev2,Waves,SSL 4000 E console channel,colour,console-ssl,on,silence,25.0,-200.0
ssl_ev2,Waves,SSL 4000 E console channel,colour,console-ssl,on,silence,250.0,-200.0
ssl_ev2,Waves,SSL 4000 E console channel,colour,console-ssl,on,silence,2500.0,-200.0
ssl_ev2,Waves,SSL 4000 E console channel,colour,console-ssl,on,silence,31.5,-200.0
ssl_ev2,Waves,SSL 4000 E console channel,colour,console-ssl,on,silence,315.0,-200.0
ssl_ev2,Waves,SSL 4000 E console channel,colour,console-ssl,on,silence,3150.0,-200.0
ssl_ev2,Waves,SSL 4000 E console channel,colour,console-ssl,on,silence,40.0,-200.0
ssl_ev2,Waves,SSL 4000 E console channel,colour,console-ssl,on,silence,400.0,-200.0
ssl_ev2,Waves,SSL 4000 E console channel,colour,console-ssl,on,silence,4000.0,-200.0
ssl_ev2,Waves,SSL 4000 E console channel,colour,console-ssl,on,silence,50.0,-200.0
ssl_ev2,Waves,SSL 4000 E console channel,colour,console-ssl,on,silence,500.0,-200.0
ssl_ev2,Waves,SSL 4000 E console channel,colour,console-ssl,on,silence,5000.0,-200.0
ssl_ev2,Waves,SSL 4000 E console channel,colour,console-ssl,on,silence,63.0,-200.0
ssl_ev2,Waves,SSL 4000 E console channel,colour,console-ssl,on,silence,630.0,-200.0
ssl_ev2,Waves,SSL 4000 E console channel,colour,console-ssl,on,silence,6300.0,-200.0
ssl_ev2,Waves,SSL 4000 E console channel,colour,console-ssl,on,silence,80.0,-200.0
ssl_ev2,Waves,SSL 4000 E console channel,colour,console-ssl,on,silence,800.0,-200.0
ssl_ev2,Waves,SSL 4000 E console channel,colour,console-ssl,on,silence,8000.0,-200.0
ssl_ev2,Waves,SSL 4000 E console channel,colour,console-ssl,on,under_tone_-12,100.0,-200.0
ssl_ev2,Waves,SSL 4000 E console channel,colour,console-ssl,on,under_tone_-12,1000.0,-185.7
ssl_ev2,Waves,SSL 4000 E console channel,colour,console-ssl,on,under_tone_-12,10000.0,-180.17
ssl_ev2,Waves,SSL 4000 E console channel,colour,console-ssl,on,under_tone_-12,125.0,-200.0
ssl_ev2,Waves,SSL 4000 E console channel,colour,console-ssl,on,under_tone_-12,1250.0,-200.0
ssl_ev2,Waves,SSL 4000 E console channel,colour,console-ssl,on,under_tone_-12,12500.0,-178.52
ssl_ev2,Waves,SSL 4000 E console channel,colour,console-ssl,on,under_tone_-12,160.0,-200.0
ssl_ev2,Waves,SSL 4000 E console channel,colour,console-ssl,on,under_tone_-12,1600.0,-200.0
ssl_ev2,Waves,SSL 4000 E console channel,colour,console-ssl,on,under_tone_-12,16000.0,-176.02
ssl_ev2,Waves,SSL 4000 E console channel,colour,console-ssl,on,under_tone_-12,20.0,-200.0
ssl_ev2,Waves,SSL 4000 E console channel,colour,console-ssl,on,under_tone_-12,200.0,-200.0
ssl_ev2,Waves,SSL 4000 E console channel,colour,console-ssl,on,under_tone_-12,2000.0,-185.32
ssl_ev2,Waves,SSL 4000 E console channel,colour,console-ssl,on,under_tone_-12,20000.0,-121.35
ssl_ev2,Waves,SSL 4000 E console channel,colour,console-ssl,on,under_tone_-12,25.0,-200.0
ssl_ev2,Waves,SSL 4000 E console channel,colour,console-ssl,on,under_tone_-12,250.0,-200.0
ssl_ev2,Waves,SSL 4000 E console channel,colour,console-ssl,on,under_tone_-12,2500.0,-200.0
ssl_ev2,Waves,SSL 4000 E console channel,colour,console-ssl,on,under_tone_-12,31.5,-200.0
ssl_ev2,Waves,SSL 4000 E console channel,colour,console-ssl,on,under_tone_-12,315.0,-200.0
ssl_ev2,Waves,SSL 4000 E console channel,colour,console-ssl,on,under_tone_-12,3150.0,-186.84
ssl_ev2,Waves,SSL 4000 E console channel,colour,console-ssl,on,under_tone_-12,40.0,-200.0
ssl_ev2,Waves,SSL 4000 E console channel,colour,console-ssl,on,under_tone_-12,400.0,-200.0
ssl_ev2,Waves,SSL 4000 E console channel,colour,console-ssl,on,under_tone_-12,4000.0,-186.38
ssl_ev2,Waves,SSL 4000 E console channel,colour,console-ssl,on,under_tone_-12,50.0,-200.0
ssl_ev2,Waves,SSL 4000 E console channel,colour,console-ssl,on,under_tone_-12,500.0,-200.0
ssl_ev2,Waves,SSL 4000 E console channel,colour,console-ssl,on,under_tone_-12,5000.0,-186.54
ssl_ev2,Waves,SSL 4000 E console channel,colour,console-ssl,on,under_tone_-12,63.0,-200.0
ssl_ev2,Waves,SSL 4000 E console channel,colour,console-ssl,on,under_tone_-12,630.0,-200.0
ssl_ev2,Waves,SSL 4000 E console channel,colour,console-ssl,on,under_tone_-12,6300.0,-183.12
ssl_ev2,Waves,SSL 4000 E console channel,colour,console-ssl,on,under_tone_-12,80.0,-200.0
ssl_ev2,Waves,SSL 4000 E console channel,colour,console-ssl,on,under_tone_-12,800.0,-200.0
ssl_ev2,Waves,SSL 4000 E console channel,colour,console-ssl,on,under_tone_-12,8000.0,-185.69
studer_a800,UAD,Studer A800 multitrack,tape,tape-machine,off,silence,100.0,-200.0
studer_a800,UAD,Studer A800 multitrack,tape,tape-machine,off,silence,1000.0,-200.0
studer_a800,UAD,Studer A800 multitrack,tape,tape-machine,off,silence,10000.0,-200.0
studer_a800,UAD,Studer A800 multitrack,tape,tape-machine,off,silence,125.0,-200.0
studer_a800,UAD,Studer A800 multitrack,tape,tape-machine,off,silence,1250.0,-200.0
studer_a800,UAD,Studer A800 multitrack,tape,tape-machine,off,silence,12500.0,-200.0
studer_a800,UAD,Studer A800 multitrack,tape,tape-machine,off,silence,160.0,-200.0
studer_a800,UAD,Studer A800 multitrack,tape,tape-machine,off,silence,1600.0,-200.0
studer_a800,UAD,Studer A800 multitrack,tape,tape-machine,off,silence,16000.0,-200.0
studer_a800,UAD,Studer A800 multitrack,tape,tape-machine,off,silence,20.0,-200.0
studer_a800,UAD,Studer A800 multitrack,tape,tape-machine,off,silence,200.0,-200.0
studer_a800,UAD,Studer A800 multitrack,tape,tape-machine,off,silence,2000.0,-200.0
studer_a800,UAD,Studer A800 multitrack,tape,tape-machine,off,silence,20000.0,-200.0
studer_a800,UAD,Studer A800 multitrack,tape,tape-machine,off,silence,25.0,-200.0
studer_a800,UAD,Studer A800 multitrack,tape,tape-machine,off,silence,250.0,-200.0
studer_a800,UAD,Studer A800 multitrack,tape,tape-machine,off,silence,2500.0,-200.0
studer_a800,UAD,Studer A800 multitrack,tape,tape-machine,off,silence,31.5,-200.0
studer_a800,UAD,Studer A800 multitrack,tape,tape-machine,off,silence,315.0,-200.0
studer_a800,UAD,Studer A800 multitrack,tape,tape-machine,off,silence,3150.0,-200.0
studer_a800,UAD,Studer A800 multitrack,tape,tape-machine,off,silence,40.0,-200.0
studer_a800,UAD,Studer A800 multitrack,tape,tape-machine,off,silence,400.0,-200.0
studer_a800,UAD,Studer A800 multitrack,tape,tape-machine,off,silence,4000.0,-200.0
studer_a800,UAD,Studer A800 multitrack,tape,tape-machine,off,silence,50.0,-200.0
studer_a800,UAD,Studer A800 multitrack,tape,tape-machine,off,silence,500.0,-200.0
studer_a800,UAD,Studer A800 multitrack,tape,tape-machine,off,silence,5000.0,-200.0
studer_a800,UAD,Studer A800 multitrack,tape,tape-machine,off,silence,63.0,-200.0
studer_a800,UAD,Studer A800 multitrack,tape,tape-machine,off,silence,630.0,-200.0
studer_a800,UAD,Studer A800 multitrack,tape,tape-machine,off,silence,6300.0,-200.0
studer_a800,UAD,Studer A800 multitrack,tape,tape-machine,off,silence,80.0,-200.0
studer_a800,UAD,Studer A800 multitrack,tape,tape-machine,off,silence,800.0,-200.0
studer_a800,UAD,Studer A800 multitrack,tape,tape-machine,off,silence,8000.0,-200.0
studer_a800,UAD,Studer A800 multitrack,tape,tape-machine,off,under_tone_-12,100.0,-165.31
studer_a800,UAD,Studer A800 multitrack,tape,tape-machine,off,under_tone_-12,1000.0,-149.97
studer_a800,UAD,Studer A800 multitrack,tape,tape-machine,off,under_tone_-12,10000.0,-148.21
studer_a800,UAD,Studer A800 multitrack,tape,tape-machine,off,under_tone_-12,125.0,-165.72
studer_a800,UAD,Studer A800 multitrack,tape,tape-machine,off,under_tone_-12,1250.0,-159.88
studer_a800,UAD,Studer A800 multitrack,tape,tape-machine,off,under_tone_-12,12500.0,-147.84
studer_a800,UAD,Studer A800 multitrack,tape,tape-machine,off,under_tone_-12,160.0,-166.34
studer_a800,UAD,Studer A800 multitrack,tape,tape-machine,off,under_tone_-12,1600.0,-159.94
studer_a800,UAD,Studer A800 multitrack,tape,tape-machine,off,under_tone_-12,16000.0,-146.74
studer_a800,UAD,Studer A800 multitrack,tape,tape-machine,off,under_tone_-12,20.0,-161.03
studer_a800,UAD,Studer A800 multitrack,tape,tape-machine,off,under_tone_-12,200.0,-165.71
studer_a800,UAD,Studer A800 multitrack,tape,tape-machine,off,under_tone_-12,2000.0,-149.23
studer_a800,UAD,Studer A800 multitrack,tape,tape-machine,off,under_tone_-12,20000.0,-108.37
studer_a800,UAD,Studer A800 multitrack,tape,tape-machine,off,under_tone_-12,25.0,-158.8
studer_a800,UAD,Studer A800 multitrack,tape,tape-machine,off,under_tone_-12,250.0,-166.06
studer_a800,UAD,Studer A800 multitrack,tape,tape-machine,off,under_tone_-12,2500.0,-158.22
studer_a800,UAD,Studer A800 multitrack,tape,tape-machine,off,under_tone_-12,31.5,-161.84
studer_a800,UAD,Studer A800 multitrack,tape,tape-machine,off,under_tone_-12,315.0,-166.13
studer_a800,UAD,Studer A800 multitrack,tape,tape-machine,off,under_tone_-12,3150.0,-150.18
studer_a800,UAD,Studer A800 multitrack,tape,tape-machine,off,under_tone_-12,40.0,-161.82
studer_a800,UAD,Studer A800 multitrack,tape,tape-machine,off,under_tone_-12,400.0,-165.75
studer_a800,UAD,Studer A800 multitrack,tape,tape-machine,off,under_tone_-12,4000.0,-150.79
studer_a800,UAD,Studer A800 multitrack,tape,tape-machine,off,under_tone_-12,50.0,-161.75
studer_a800,UAD,Studer A800 multitrack,tape,tape-machine,off,under_tone_-12,500.0,-165.34
studer_a800,UAD,Studer A800 multitrack,tape,tape-machine,off,under_tone_-12,5000.0,-150.63
studer_a800,UAD,Studer A800 multitrack,tape,tape-machine,off,under_tone_-12,63.0,-162.7
studer_a800,UAD,Studer A800 multitrack,tape,tape-machine,off,under_tone_-12,630.0,-164.7
studer_a800,UAD,Studer A800 multitrack,tape,tape-machine,off,under_tone_-12,6300.0,-149.28
studer_a800,UAD,Studer A800 multitrack,tape,tape-machine,off,under_tone_-12,80.0,-165.25
studer_a800,UAD,Studer A800 multitrack,tape,tape-machine,off,under_tone_-12,800.0,-160.37
studer_a800,UAD,Studer A800 multitrack,tape,tape-machine,off,under_tone_-12,8000.0,-150.23
studer_a800,UAD,Studer A800 multitrack,tape,tape-machine,on,silence,100.0,-128.37
studer_a800,UAD,Studer A800 multitrack,tape,tape-machine,on,silence,1000.0,-131.84
studer_a800,UAD,Studer A800 multitrack,tape,tape-machine,on,silence,10000.0,-117.78
studer_a800,UAD,Studer A800 multitrack,tape,tape-machine,on,silence,125.0,-129.09
studer_a800,UAD,Studer A800 multitrack,tape,tape-machine,on,silence,1250.0,-130.84
studer_a800,UAD,Studer A800 multitrack,tape,tape-machine,on,silence,12500.0,-116.29
studer_a800,UAD,Studer A800 multitrack,tape,tape-machine,on,silence,160.0,-129.87
studer_a800,UAD,Studer A800 multitrack,tape,tape-machine,on,silence,1600.0,-129.94
studer_a800,UAD,Studer A800 multitrack,tape,tape-machine,on,silence,16000.0,-114.93
studer_a800,UAD,Studer A800 multitrack,tape,tape-machine,on,silence,20.0,-127.54
studer_a800,UAD,Studer A800 multitrack,tape,tape-machine,on,silence,200.0,-125.42
studer_a800,UAD,Studer A800 multitrack,tape,tape-machine,on,silence,2000.0,-128.8
studer_a800,UAD,Studer A800 multitrack,tape,tape-machine,on,silence,20000.0,-113.95
studer_a800,UAD,Studer A800 multitrack,tape,tape-machine,on,silence,25.0,-126.65
studer_a800,UAD,Studer A800 multitrack,tape,tape-machine,on,silence,250.0,-131.15
studer_a800,UAD,Studer A800 multitrack,tape,tape-machine,on,silence,2500.0,-127.48
studer_a800,UAD,Studer A800 multitrack,tape,tape-machine,on,silence,31.5,-125.86
studer_a800,UAD,Studer A800 multitrack,tape,tape-machine,on,silence,315.0,-131.42
studer_a800,UAD,Studer A800 multitrack,tape,tape-machine,on,silence,3150.0,-126.06
studer_a800,UAD,Studer A800 multitrack,tape,tape-machine,on,silence,40.0,-126.83
studer_a800,UAD,Studer A800 multitrack,tape,tape-machine,on,silence,400.0,-131.78
studer_a800,UAD,Studer A800 multitrack,tape,tape-machine,on,silence,4000.0,-124.49
studer_a800,UAD,Studer A800 multitrack,tape,tape-machine,on,silence,50.0,-125.65
studer_a800,UAD,Studer A800 multitrack,tape,tape-machine,on,silence,500.0,-131.86
studer_a800,UAD,Studer A800 multitrack,tape,tape-machine,on,silence,5000.0,-122.89
studer_a800,UAD,Studer A800 multitrack,tape,tape-machine,on,silence,63.0,-106.54
studer_a800,UAD,Studer A800 multitrack,tape,tape-machine,on,silence,630.0,-132.48
studer_a800,UAD,Studer A800 multitrack,tape,tape-machine,on,silence,6300.0,-121.36
studer_a800,UAD,Studer A800 multitrack,tape,tape-machine,on,silence,80.0,-127.86
studer_a800,UAD,Studer A800 multitrack,tape,tape-machine,on,silence,800.0,-131.83
studer_a800,UAD,Studer A800 multitrack,tape,tape-machine,on,silence,8000.0,-119.37
studer_a800,UAD,Studer A800 multitrack,tape,tape-machine,on,under_tone_-12,100.0,-128.2
studer_a800,UAD,Studer A800 multitrack,tape,tape-machine,on,under_tone_-12,1000.0,-131.66
studer_a800,UAD,Studer A800 multitrack,tape,tape-machine,on,under_tone_-12,10000.0,-117.93
studer_a800,UAD,Studer A800 multitrack,tape,tape-machine,on,under_tone_-12,125.0,-128.81
studer_a800,UAD,Studer A800 multitrack,tape,tape-machine,on,under_tone_-12,1250.0,-130.6
studer_a800,UAD,Studer A800 multitrack,tape,tape-machine,on,under_tone_-12,12500.0,-116.41
studer_a800,UAD,Studer A800 multitrack,tape,tape-machine,on,under_tone_-12,160.0,-129.71
studer_a800,UAD,Studer A800 multitrack,tape,tape-machine,on,under_tone_-12,1600.0,-129.64
studer_a800,UAD,Studer A800 multitrack,tape,tape-machine,on,under_tone_-12,16000.0,-114.97
studer_a800,UAD,Studer A800 multitrack,tape,tape-machine,on,under_tone_-12,20.0,-130.96
studer_a800,UAD,Studer A800 multitrack,tape,tape-machine,on,under_tone_-12,200.0,-125.25
studer_a800,UAD,Studer A800 multitrack,tape,tape-machine,on,under_tone_-12,2000.0,-129.21
studer_a800,UAD,Studer A800 multitrack,tape,tape-machine,on,under_tone_-12,20000.0,-107.32
studer_a800,UAD,Studer A800 multitrack,tape,tape-machine,on,under_tone_-12,25.0,-130.3
studer_a800,UAD,Studer A800 multitrack,tape,tape-machine,on,under_tone_-12,250.0,-131.34
studer_a800,UAD,Studer A800 multitrack,tape,tape-machine,on,under_tone_-12,2500.0,-127.43
studer_a800,UAD,Studer A800 multitrack,tape,tape-machine,on,under_tone_-12,31.5,-128.37
studer_a800,UAD,Studer A800 multitrack,tape,tape-machine,on,under_tone_-12,315.0,-131.94
studer_a800,UAD,Studer A800 multitrack,tape,tape-machine,on,under_tone_-12,3150.0,-126.04
studer_a800,UAD,Studer A800 multitrack,tape,tape-machine,on,under_tone_-12,40.0,-125.76
studer_a800,UAD,Studer A800 multitrack,tape,tape-machine,on,under_tone_-12,400.0,-132.13
studer_a800,UAD,Studer A800 multitrack,tape,tape-machine,on,under_tone_-12,4000.0,-124.46
studer_a800,UAD,Studer A800 multitrack,tape,tape-machine,on,under_tone_-12,50.0,-128.44
studer_a800,UAD,Studer A800 multitrack,tape,tape-machine,on,under_tone_-12,500.0,-131.96
studer_a800,UAD,Studer A800 multitrack,tape,tape-machine,on,under_tone_-12,5000.0,-122.9
studer_a800,UAD,Studer A800 multitrack,tape,tape-machine,on,under_tone_-12,63.0,-106.51
studer_a800,UAD,Studer A800 multitrack,tape,tape-machine,on,under_tone_-12,630.0,-132.51
studer_a800,UAD,Studer A800 multitrack,tape,tape-machine,on,under_tone_-12,6300.0,-121.36
studer_a800,UAD,Studer A800 multitrack,tape,tape-machine,on,under_tone_-12,80.0,-128.43
studer_a800,UAD,Studer A800 multitrack,tape,tape-machine,on,under_tone_-12,800.0,-132.03
studer_a800,UAD,Studer A800 multitrack,tape,tape-machine,on,under_tone_-12,8000.0,-119.37
veq4,Waves,Neve 1081 EQ,eq,eq-neve,off,silence,100.0,-200.0
veq4,Waves,Neve 1081 EQ,eq,eq-neve,off,silence,1000.0,-200.0
veq4,Waves,Neve 1081 EQ,eq,eq-neve,off,silence,10000.0,-200.0
veq4,Waves,Neve 1081 EQ,eq,eq-neve,off,silence,125.0,-200.0
veq4,Waves,Neve 1081 EQ,eq,eq-neve,off,silence,1250.0,-200.0
veq4,Waves,Neve 1081 EQ,eq,eq-neve,off,silence,12500.0,-200.0
veq4,Waves,Neve 1081 EQ,eq,eq-neve,off,silence,160.0,-200.0
veq4,Waves,Neve 1081 EQ,eq,eq-neve,off,silence,1600.0,-200.0
veq4,Waves,Neve 1081 EQ,eq,eq-neve,off,silence,16000.0,-200.0
veq4,Waves,Neve 1081 EQ,eq,eq-neve,off,silence,20.0,-200.0
veq4,Waves,Neve 1081 EQ,eq,eq-neve,off,silence,200.0,-200.0
veq4,Waves,Neve 1081 EQ,eq,eq-neve,off,silence,2000.0,-200.0
veq4,Waves,Neve 1081 EQ,eq,eq-neve,off,silence,20000.0,-200.0
veq4,Waves,Neve 1081 EQ,eq,eq-neve,off,silence,25.0,-200.0
veq4,Waves,Neve 1081 EQ,eq,eq-neve,off,silence,250.0,-200.0
veq4,Waves,Neve 1081 EQ,eq,eq-neve,off,silence,2500.0,-200.0
veq4,Waves,Neve 1081 EQ,eq,eq-neve,off,silence,31.5,-200.0
veq4,Waves,Neve 1081 EQ,eq,eq-neve,off,silence,315.0,-200.0
veq4,Waves,Neve 1081 EQ,eq,eq-neve,off,silence,3150.0,-200.0
veq4,Waves,Neve 1081 EQ,eq,eq-neve,off,silence,40.0,-200.0
veq4,Waves,Neve 1081 EQ,eq,eq-neve,off,silence,400.0,-200.0
veq4,Waves,Neve 1081 EQ,eq,eq-neve,off,silence,4000.0,-200.0
veq4,Waves,Neve 1081 EQ,eq,eq-neve,off,silence,50.0,-200.0
veq4,Waves,Neve 1081 EQ,eq,eq-neve,off,silence,500.0,-200.0
veq4,Waves,Neve 1081 EQ,eq,eq-neve,off,silence,5000.0,-200.0
veq4,Waves,Neve 1081 EQ,eq,eq-neve,off,silence,63.0,-200.0
veq4,Waves,Neve 1081 EQ,eq,eq-neve,off,silence,630.0,-200.0
veq4,Waves,Neve 1081 EQ,eq,eq-neve,off,silence,6300.0,-200.0
veq4,Waves,Neve 1081 EQ,eq,eq-neve,off,silence,80.0,-200.0
veq4,Waves,Neve 1081 EQ,eq,eq-neve,off,silence,800.0,-200.0
veq4,Waves,Neve 1081 EQ,eq,eq-neve,off,silence,8000.0,-200.0
veq4,Waves,Neve 1081 EQ,eq,eq-neve,off,under_tone_-12,100.0,-200.0
veq4,Waves,Neve 1081 EQ,eq,eq-neve,off,under_tone_-12,1000.0,-200.0
veq4,Waves,Neve 1081 EQ,eq,eq-neve,off,under_tone_-12,10000.0,-200.0
veq4,Waves,Neve 1081 EQ,eq,eq-neve,off,under_tone_-12,125.0,-200.0
veq4,Waves,Neve 1081 EQ,eq,eq-neve,off,under_tone_-12,1250.0,-200.0
veq4,Waves,Neve 1081 EQ,eq,eq-neve,off,under_tone_-12,12500.0,-200.0
veq4,Waves,Neve 1081 EQ,eq,eq-neve,off,under_tone_-12,160.0,-200.0
veq4,Waves,Neve 1081 EQ,eq,eq-neve,off,under_tone_-12,1600.0,-200.0
veq4,Waves,Neve 1081 EQ,eq,eq-neve,off,under_tone_-12,16000.0,-200.0
veq4,Waves,Neve 1081 EQ,eq,eq-neve,off,under_tone_-12,20.0,-200.0
veq4,Waves,Neve 1081 EQ,eq,eq-neve,off,under_tone_-12,200.0,-200.0
veq4,Waves,Neve 1081 EQ,eq,eq-neve,off,under_tone_-12,2000.0,-200.0
veq4,Waves,Neve 1081 EQ,eq,eq-neve,off,under_tone_-12,20000.0,-175.64
veq4,Waves,Neve 1081 EQ,eq,eq-neve,off,under_tone_-12,25.0,-200.0
veq4,Waves,Neve 1081 EQ,eq,eq-neve,off,under_tone_-12,250.0,-200.0
veq4,Waves,Neve 1081 EQ,eq,eq-neve,off,under_tone_-12,2500.0,-200.0
veq4,Waves,Neve 1081 EQ,eq,eq-neve,off,under_tone_-12,31.5,-200.0
veq4,Waves,Neve 1081 EQ,eq,eq-neve,off,under_tone_-12,315.0,-200.0
veq4,Waves,Neve 1081 EQ,eq,eq-neve,off,under_tone_-12,3150.0,-200.0
veq4,Waves,Neve 1081 EQ,eq,eq-neve,off,under_tone_-12,40.0,-200.0
veq4,Waves,Neve 1081 EQ,eq,eq-neve,off,under_tone_-12,400.0,-200.0
veq4,Waves,Neve 1081 EQ,eq,eq-neve,off,under_tone_-12,4000.0,-200.0
veq4,Waves,Neve 1081 EQ,eq,eq-neve,off,under_tone_-12,50.0,-200.0
veq4,Waves,Neve 1081 EQ,eq,eq-neve,off,under_tone_-12,500.0,-200.0
veq4,Waves,Neve 1081 EQ,eq,eq-neve,off,under_tone_-12,5000.0,-200.0
veq4,Waves,Neve 1081 EQ,eq,eq-neve,off,under_tone_-12,63.0,-200.0
veq4,Waves,Neve 1081 EQ,eq,eq-neve,off,under_tone_-12,630.0,-200.0
veq4,Waves,Neve 1081 EQ,eq,eq-neve,off,under_tone_-12,6300.0,-200.0
veq4,Waves,Neve 1081 EQ,eq,eq-neve,off,under_tone_-12,80.0,-200.0
veq4,Waves,Neve 1081 EQ,eq,eq-neve,off,under_tone_-12,800.0,-200.0
veq4,Waves,Neve 1081 EQ,eq,eq-neve,off,under_tone_-12,8000.0,-200.0
veq4,Waves,Neve 1081 EQ,eq,eq-neve,on,silence,100.0,-130.58
veq4,Waves,Neve 1081 EQ,eq,eq-neve,on,silence,1000.0,-120.78
veq4,Waves,Neve 1081 EQ,eq,eq-neve,on,silence,10000.0,-107.24
veq4,Waves,Neve 1081 EQ,eq,eq-neve,on,silence,125.0,-131.06
veq4,Waves,Neve 1081 EQ,eq,eq-neve,on,silence,1250.0,-119.5
veq4,Waves,Neve 1081 EQ,eq,eq-neve,on,silence,12500.0,-106.14
veq4,Waves,Neve 1081 EQ,eq,eq-neve,on,silence,160.0,-129.03
veq4,Waves,Neve 1081 EQ,eq,eq-neve,on,silence,1600.0,-118.31
veq4,Waves,Neve 1081 EQ,eq,eq-neve,on,silence,16000.0,-105.73
veq4,Waves,Neve 1081 EQ,eq,eq-neve,on,silence,20.0,-136.85
veq4,Waves,Neve 1081 EQ,eq,eq-neve,on,silence,200.0,-127.74
veq4,Waves,Neve 1081 EQ,eq,eq-neve,on,silence,2000.0,-116.98
veq4,Waves,Neve 1081 EQ,eq,eq-neve,on,silence,20000.0,-107.68
veq4,Waves,Neve 1081 EQ,eq,eq-neve,on,silence,25.0,-136.37
veq4,Waves,Neve 1081 EQ,eq,eq-neve,on,silence,250.0,-127.25
veq4,Waves,Neve 1081 EQ,eq,eq-neve,on,silence,2500.0,-116.0
veq4,Waves,Neve 1081 EQ,eq,eq-neve,on,silence,31.5,-136.66
veq4,Waves,Neve 1081 EQ,eq,eq-neve,on,silence,315.0,-126.25
veq4,Waves,Neve 1081 EQ,eq,eq-neve,on,silence,3150.0,-114.56
veq4,Waves,Neve 1081 EQ,eq,eq-neve,on,silence,40.0,-135.47
veq4,Waves,Neve 1081 EQ,eq,eq-neve,on,silence,400.0,-125.0
veq4,Waves,Neve 1081 EQ,eq,eq-neve,on,silence,4000.0,-113.11
veq4,Waves,Neve 1081 EQ,eq,eq-neve,on,silence,50.0,-133.95
veq4,Waves,Neve 1081 EQ,eq,eq-neve,on,silence,500.0,-123.82
veq4,Waves,Neve 1081 EQ,eq,eq-neve,on,silence,5000.0,-111.71
veq4,Waves,Neve 1081 EQ,eq,eq-neve,on,silence,63.0,-132.52
veq4,Waves,Neve 1081 EQ,eq,eq-neve,on,silence,630.0,-122.89
veq4,Waves,Neve 1081 EQ,eq,eq-neve,on,silence,6300.0,-110.11
veq4,Waves,Neve 1081 EQ,eq,eq-neve,on,silence,80.0,-133.5
veq4,Waves,Neve 1081 EQ,eq,eq-neve,on,silence,800.0,-121.64
veq4,Waves,Neve 1081 EQ,eq,eq-neve,on,silence,8000.0,-108.58
veq4,Waves,Neve 1081 EQ,eq,eq-neve,on,under_tone_-12,100.0,-131.12
veq4,Waves,Neve 1081 EQ,eq,eq-neve,on,under_tone_-12,1000.0,-120.81
veq4,Waves,Neve 1081 EQ,eq,eq-neve,on,under_tone_-12,10000.0,-107.21
veq4,Waves,Neve 1081 EQ,eq,eq-neve,on,under_tone_-12,125.0,-129.68
veq4,Waves,Neve 1081 EQ,eq,eq-neve,on,under_tone_-12,1250.0,-119.22
veq4,Waves,Neve 1081 EQ,eq,eq-neve,on,under_tone_-12,12500.0,-106.26
veq4,Waves,Neve 1081 EQ,eq,eq-neve,on,under_tone_-12,160.0,-129.23
veq4,Waves,Neve 1081 EQ,eq,eq-neve,on,under_tone_-12,1600.0,-118.18
veq4,Waves,Neve 1081 EQ,eq,eq-neve,on,under_tone_-12,16000.0,-105.9
veq4,Waves,Neve 1081 EQ,eq,eq-neve,on,under_tone_-12,20.0,-137.12
veq4,Waves,Neve 1081 EQ,eq,eq-neve,on,under_tone_-12,200.0,-128.51
veq4,Waves,Neve 1081 EQ,eq,eq-neve,on,under_tone_-12,2000.0,-117.57
veq4,Waves,Neve 1081 EQ,eq,eq-neve,on,under_tone_-12,20000.0,-107.8
veq4,Waves,Neve 1081 EQ,eq,eq-neve,on,under_tone_-12,25.0,-137.98
veq4,Waves,Neve 1081 EQ,eq,eq-neve,on,under_tone_-12,250.0,-127.48
veq4,Waves,Neve 1081 EQ,eq,eq-neve,on,under_tone_-12,2500.0,-116.06
veq4,Waves,Neve 1081 EQ,eq,eq-neve,on,under_tone_-12,31.5,-136.46
veq4,Waves,Neve 1081 EQ,eq,eq-neve,on,under_tone_-12,315.0,-126.79
veq4,Waves,Neve 1081 EQ,eq,eq-neve,on,under_tone_-12,3150.0,-114.65
veq4,Waves,Neve 1081 EQ,eq,eq-neve,on,under_tone_-12,40.0,-135.55
veq4,Waves,Neve 1081 EQ,eq,eq-neve,on,under_tone_-12,400.0,-125.15
veq4,Waves,Neve 1081 EQ,eq,eq-neve,on,under_tone_-12,4000.0,-113.25
veq4,Waves,Neve 1081 EQ,eq,eq-neve,on,under_tone_-12,50.0,-133.32
veq4,Waves,Neve 1081 EQ,eq,eq-neve,on,under_tone_-12,500.0,-123.78
veq4,Waves,Neve 1081 EQ,eq,eq-neve,on,under_tone_-12,5000.0,-111.73
veq4,Waves,Neve 1081 EQ,eq,eq-neve,on,under_tone_-12,63.0,-133.64
veq4,Waves,Neve 1081 EQ,eq,eq-neve,on,under_tone_-12,630.0,-122.86
veq4,Waves,Neve 1081 EQ,eq,eq-neve,on,under_tone_-12,6300.0,-110.27
veq4,Waves,Neve 1081 EQ,eq,eq-neve,on,under_tone_-12,80.0,-131.99
veq4,Waves,Neve 1081 EQ,eq,eq-neve,on,under_tone_-12,800.0,-121.45
veq4,Waves,Neve 1081 EQ,eq,eq-neve,on,under_tone_-12,8000.0,-108.58
