slug,maker,models,group,setting,rate_hz,deviation_pct,measured_hz,speed_error_pct,wow_pct,flutter_pct,scrape_pct,total_rms_pct,peak_pct
aw_chromeoxide,Airwindows,cassette tape,aw-tape,intense_0,0.198,3e-06,3150.0,-0.0,3e-05,0.00396,0.13094,0.10041,0.44092
aw_chromeoxide,Airwindows,cassette tape,aw-tape,intense_0,0.397,2e-06,3150.0,-0.0,3e-05,0.00396,0.13094,0.10041,0.44092
aw_chromeoxide,Airwindows,cassette tape,aw-tape,intense_0,0.5,2e-06,3150.0,-0.0,3e-05,0.00396,0.13094,0.10041,0.44092
aw_chromeoxide,Airwindows,cassette tape,aw-tape,intense_0,0.794,2e-06,3150.0,-0.0,3e-05,0.00396,0.13094,0.10041,0.44092
aw_chromeoxide,Airwindows,cassette tape,aw-tape,intense_0,1.0,2e-06,3150.0,-0.0,3e-05,0.00396,0.13094,0.10041,0.44092
aw_chromeoxide,Airwindows,cassette tape,aw-tape,intense_0,1.26,2e-06,3150.0,-0.0,3e-05,0.00396,0.13094,0.10041,0.44092
aw_chromeoxide,Airwindows,cassette tape,aw-tape,intense_0,1.587,9e-06,3150.0,-0.0,3e-05,0.00396,0.13094,0.10041,0.44092
aw_chromeoxide,Airwindows,cassette tape,aw-tape,intense_0,10.079,0.000106,3150.0,-0.0,3e-05,0.00396,0.13094,0.10041,0.44092
aw_chromeoxide,Airwindows,cassette tape,aw-tape,intense_0,101.594,0.003196,3150.0,-0.0,3e-05,0.00396,0.13094,0.10041,0.44092
aw_chromeoxide,Airwindows,cassette tape,aw-tape,intense_0,12.699,0.000206,3150.0,-0.0,3e-05,0.00396,0.13094,0.10041,0.44092
aw_chromeoxide,Airwindows,cassette tape,aw-tape,intense_0,128.0,0.005069,3150.0,-0.0,3e-05,0.00396,0.13094,0.10041,0.44092
aw_chromeoxide,Airwindows,cassette tape,aw-tape,intense_0,16.0,0.000239,3150.0,-0.0,3e-05,0.00396,0.13094,0.10041,0.44092
aw_chromeoxide,Airwindows,cassette tape,aw-tape,intense_0,161.27,0.007078,3150.0,-0.0,3e-05,0.00396,0.13094,0.10041,0.44092
aw_chromeoxide,Airwindows,cassette tape,aw-tape,intense_0,2.0,1.2e-05,3150.0,-0.0,3e-05,0.00396,0.13094,0.10041,0.44092
aw_chromeoxide,Airwindows,cassette tape,aw-tape,intense_0,2.52,1.2e-05,3150.0,-0.0,3e-05,0.00396,0.13094,0.10041,0.44092
aw_chromeoxide,Airwindows,cassette tape,aw-tape,intense_0,20.159,0.000268,3150.0,-0.0,3e-05,0.00396,0.13094,0.10041,0.44092
aw_chromeoxide,Airwindows,cassette tape,aw-tape,intense_0,203.187,0.010319,3150.0,-0.0,3e-05,0.00396,0.13094,0.10041,0.44092
aw_chromeoxide,Airwindows,cassette tape,aw-tape,intense_0,25.398,0.000491,3150.0,-0.0,3e-05,0.00396,0.13094,0.10041,0.44092
aw_chromeoxide,Airwindows,cassette tape,aw-tape,intense_0,3.175,1.3e-05,3150.0,-0.0,3e-05,0.00396,0.13094,0.10041,0.44092
aw_chromeoxide,Airwindows,cassette tape,aw-tape,intense_0,32.0,0.000667,3150.0,-0.0,3e-05,0.00396,0.13094,0.10041,0.44092
aw_chromeoxide,Airwindows,cassette tape,aw-tape,intense_0,4.0,3.1e-05,3150.0,-0.0,3e-05,0.00396,0.13094,0.10041,0.44092
aw_chromeoxide,Airwindows,cassette tape,aw-tape,intense_0,40.317,0.000885,3150.0,-0.0,3e-05,0.00396,0.13094,0.10041,0.44092
aw_chromeoxide,Airwindows,cassette tape,aw-tape,intense_0,5.04,4.9e-05,3150.0,-0.0,3e-05,0.00396,0.13094,0.10041,0.44092
aw_chromeoxide,Airwindows,cassette tape,aw-tape,intense_0,50.797,0.001225,3150.0,-0.0,3e-05,0.00396,0.13094,0.10041,0.44092
aw_chromeoxide,Airwindows,cassette tape,aw-tape,intense_0,6.35,4.9e-05,3150.0,-0.0,3e-05,0.00396,0.13094,0.10041,0.44092
aw_chromeoxide,Airwindows,cassette tape,aw-tape,intense_0,64.0,0.001758,3150.0,-0.0,3e-05,0.00396,0.13094,0.10041,0.44092
aw_chromeoxide,Airwindows,cassette tape,aw-tape,intense_0,8.0,8.9e-05,3150.0,-0.0,3e-05,0.00396,0.13094,0.10041,0.44092
aw_chromeoxide,Airwindows,cassette tape,aw-tape,intense_0,80.635,0.00238,3150.0,-0.0,3e-05,0.00396,0.13094,0.10041,0.44092
aw_chromeoxide,Airwindows,cassette tape,aw-tape,intense_0.5,0.198,1.7e-05,3150.001,0.0,5e-05,0.0046,0.15136,0.11529,0.48715
aw_chromeoxide,Airwindows,cassette tape,aw-tape,intense_0.5,0.397,3e-06,3150.001,0.0,5e-05,0.0046,0.15136,0.11529,0.48715
aw_chromeoxide,Airwindows,cassette tape,aw-tape,intense_0.5,0.5,2e-06,3150.001,0.0,5e-05,0.0046,0.15136,0.11529,0.48715
aw_chromeoxide,Airwindows,cassette tape,aw-tape,intense_0.5,0.794,3e-06,3150.001,0.0,5e-05,0.0046,0.15136,0.11529,0.48715
aw_chromeoxide,Airwindows,cassette tape,aw-tape,intense_0.5,1.0,3e-06,3150.001,0.0,5e-05,0.0046,0.15136,0.11529,0.48715
aw_chromeoxide,Airwindows,cassette tape,aw-tape,intense_0.5,1.26,3e-06,3150.001,0.0,5e-05,0.0046,0.15136,0.11529,0.48715
aw_chromeoxide,Airwindows,cassette tape,aw-tape,intense_0.5,1.587,1e-05,3150.001,0.0,5e-05,0.0046,0.15136,0.11529,0.48715
aw_chromeoxide,Airwindows,cassette tape,aw-tape,intense_0.5,10.079,7.8e-05,3150.001,0.0,5e-05,0.0046,0.15136,0.11529,0.48715
aw_chromeoxide,Airwindows,cassette tape,aw-tape,intense_0.5,101.594,0.004071,3150.001,0.0,5e-05,0.0046,0.15136,0.11529,0.48715
aw_chromeoxide,Airwindows,cassette tape,aw-tape,intense_0.5,12.699,0.000214,3150.001,0.0,5e-05,0.0046,0.15136,0.11529,0.48715
aw_chromeoxide,Airwindows,cassette tape,aw-tape,intense_0.5,128.0,0.005367,3150.001,0.0,5e-05,0.0046,0.15136,0.11529,0.48715
aw_chromeoxide,Airwindows,cassette tape,aw-tape,intense_0.5,16.0,0.000288,3150.001,0.0,5e-05,0.0046,0.15136,0.11529,0.48715
aw_chromeoxide,Airwindows,cassette tape,aw-tape,intense_0.5,161.27,0.007593,3150.001,0.0,5e-05,0.0046,0.15136,0.11529,0.48715
aw_chromeoxide,Airwindows,cassette tape,aw-tape,intense_0.5,2.0,1.5e-05,3150.001,0.0,5e-05,0.0046,0.15136,0.11529,0.48715
aw_chromeoxide,Airwindows,cassette tape,aw-tape,intense_0.5,2.52,1.5e-05,3150.001,0.0,5e-05,0.0046,0.15136,0.11529,0.48715
aw_chromeoxide,Airwindows,cassette tape,aw-tape,intense_0.5,20.159,0.000375,3150.001,0.0,5e-05,0.0046,0.15136,0.11529,0.48715
aw_chromeoxide,Airwindows,cassette tape,aw-tape,intense_0.5,203.187,0.011956,3150.001,0.0,5e-05,0.0046,0.15136,0.11529,0.48715
aw_chromeoxide,Airwindows,cassette tape,aw-tape,intense_0.5,25.398,0.000472,3150.001,0.0,5e-05,0.0046,0.15136,0.11529,0.48715
aw_chromeoxide,Airwindows,cassette tape,aw-tape,intense_0.5,3.175,3.4e-05,3150.001,0.0,5e-05,0.0046,0.15136,0.11529,0.48715
aw_chromeoxide,Airwindows,cassette tape,aw-tape,intense_0.5,32.0,0.000769,3150.001,0.0,5e-05,0.0046,0.15136,0.11529,0.48715
aw_chromeoxide,Airwindows,cassette tape,aw-tape,intense_0.5,4.0,3e-05,3150.001,0.0,5e-05,0.0046,0.15136,0.11529,0.48715
aw_chromeoxide,Airwindows,cassette tape,aw-tape,intense_0.5,40.317,0.001062,3150.001,0.0,5e-05,0.0046,0.15136,0.11529,0.48715
aw_chromeoxide,Airwindows,cassette tape,aw-tape,intense_0.5,5.04,3.5e-05,3150.001,0.0,5e-05,0.0046,0.15136,0.11529,0.48715
aw_chromeoxide,Airwindows,cassette tape,aw-tape,intense_0.5,50.797,0.001488,3150.001,0.0,5e-05,0.0046,0.15136,0.11529,0.48715
aw_chromeoxide,Airwindows,cassette tape,aw-tape,intense_0.5,6.35,7e-05,3150.001,0.0,5e-05,0.0046,0.15136,0.11529,0.48715
aw_chromeoxide,Airwindows,cassette tape,aw-tape,intense_0.5,64.0,0.001936,3150.001,0.0,5e-05,0.0046,0.15136,0.11529,0.48715
aw_chromeoxide,Airwindows,cassette tape,aw-tape,intense_0.5,8.0,6.2e-05,3150.001,0.0,5e-05,0.0046,0.15136,0.11529,0.48715
aw_chromeoxide,Airwindows,cassette tape,aw-tape,intense_0.5,80.635,0.002805,3150.001,0.0,5e-05,0.0046,0.15136,0.11529,0.48715
aw_chromeoxide,Airwindows,cassette tape,aw-tape,intense_1,0.198,1.3e-05,3150.0,0.0,4e-05,0.00458,0.14329,0.10996,0.47224
aw_chromeoxide,Airwindows,cassette tape,aw-tape,intense_1,0.397,3e-06,3150.0,0.0,4e-05,0.00458,0.14329,0.10996,0.47224
aw_chromeoxide,Airwindows,cassette tape,aw-tape,intense_1,0.5,1e-06,3150.0,0.0,4e-05,0.00458,0.14329,0.10996,0.47224
aw_chromeoxide,Airwindows,cassette tape,aw-tape,intense_1,0.794,2e-06,3150.0,0.0,4e-05,0.00458,0.14329,0.10996,0.47224
aw_chromeoxide,Airwindows,cassette tape,aw-tape,intense_1,1.0,4e-06,3150.0,0.0,4e-05,0.00458,0.14329,0.10996,0.47224
aw_chromeoxide,Airwindows,cassette tape,aw-tape,intense_1,1.26,2e-06,3150.0,0.0,4e-05,0.00458,0.14329,0.10996,0.47224
aw_chromeoxide,Airwindows,cassette tape,aw-tape,intense_1,1.587,4e-06,3150.0,0.0,4e-05,0.00458,0.14329,0.10996,0.47224
aw_chromeoxide,Airwindows,cassette tape,aw-tape,intense_1,10.079,0.000103,3150.0,0.0,4e-05,0.00458,0.14329,0.10996,0.47224
aw_chromeoxide,Airwindows,cassette tape,aw-tape,intense_1,101.594,0.004188,3150.0,0.0,4e-05,0.00458,0.14329,0.10996,0.47224
aw_chromeoxide,Airwindows,cassette tape,aw-tape,intense_1,12.699,0.000185,3150.0,0.0,4e-05,0.00458,0.14329,0.10996,0.47224
aw_chromeoxide,Airwindows,cassette tape,aw-tape,intense_1,128.0,0.005935,3150.0,0.0,4e-05,0.00458,0.14329,0.10996,0.47224
aw_chromeoxide,Airwindows,cassette tape,aw-tape,intense_1,16.0,0.000222,3150.0,0.0,4e-05,0.00458,0.14329,0.10996,0.47224
aw_chromeoxide,Airwindows,cassette tape,aw-tape,intense_1,161.27,0.008264,3150.0,0.0,4e-05,0.00458,0.14329,0.10996,0.47224
aw_chromeoxide,Airwindows,cassette tape,aw-tape,intense_1,2.0,1.6e-05,3150.0,0.0,4e-05,0.00458,0.14329,0.10996,0.47224
aw_chromeoxide,Airwindows,cassette tape,aw-tape,intense_1,2.52,1.6e-05,3150.0,0.0,4e-05,0.00458,0.14329,0.10996,0.47224
aw_chromeoxide,Airwindows,cassette tape,aw-tape,intense_1,20.159,0.000236,3150.0,0.0,4e-05,0.00458,0.14329,0.10996,0.47224
aw_chromeoxide,Airwindows,cassette tape,aw-tape,intense_1,203.187,0.011794,3150.0,0.0,4e-05,0.00458,0.14329,0.10996,0.47224
aw_chromeoxide,Airwindows,cassette tape,aw-tape,intense_1,25.398,0.000497,3150.0,0.0,4e-05,0.00458,0.14329,0.10996,0.47224
aw_chromeoxide,Airwindows,cassette tape,aw-tape,intense_1,3.175,1.8e-05,3150.0,0.0,4e-05,0.00458,0.14329,0.10996,0.47224
aw_chromeoxide,Airwindows,cassette tape,aw-tape,intense_1,32.0,0.000644,3150.0,0.0,4e-05,0.00458,0.14329,0.10996,0.47224
aw_chromeoxide,Airwindows,cassette tape,aw-tape,intense_1,4.0,4.6e-05,3150.0,0.0,4e-05,0.00458,0.14329,0.10996,0.47224
aw_chromeoxide,Airwindows,cassette tape,aw-tape,intense_1,40.317,0.001084,3150.0,0.0,4e-05,0.00458,0.14329,0.10996,0.47224
aw_chromeoxide,Airwindows,cassette tape,aw-tape,intense_1,5.04,3.7e-05,3150.0,0.0,4e-05,0.00458,0.14329,0.10996,0.47224
aw_chromeoxide,Airwindows,cassette tape,aw-tape,intense_1,50.797,0.001625,3150.0,0.0,4e-05,0.00458,0.14329,0.10996,0.47224
aw_chromeoxide,Airwindows,cassette tape,aw-tape,intense_1,6.35,7e-05,3150.0,0.0,4e-05,0.00458,0.14329,0.10996,0.47224
aw_chromeoxide,Airwindows,cassette tape,aw-tape,intense_1,64.0,0.001972,3150.0,0.0,4e-05,0.00458,0.14329,0.10996,0.47224
aw_chromeoxide,Airwindows,cassette tape,aw-tape,intense_1,8.0,8.9e-05,3150.0,0.0,4e-05,0.00458,0.14329,0.10996,0.47224
aw_chromeoxide,Airwindows,cassette tape,aw-tape,intense_1,80.635,0.002714,3150.0,0.0,4e-05,0.00458,0.14329,0.10996,0.47224
aw_chromeoxide,Airwindows,cassette tape,aw-tape,matched_thd_1_pct,0.198,1.7e-05,3150.001,0.0,4e-05,0.00436,0.14334,0.11008,0.47564
aw_chromeoxide,Airwindows,cassette tape,aw-tape,matched_thd_1_pct,0.397,3e-06,3150.001,0.0,4e-05,0.00436,0.14334,0.11008,0.47564
aw_chromeoxide,Airwindows,cassette tape,aw-tape,matched_thd_1_pct,0.5,1e-06,3150.001,0.0,4e-05,0.00436,0.14334,0.11008,0.47564
aw_chromeoxide,Airwindows,cassette tape,aw-tape,matched_thd_1_pct,0.794,2e-06,3150.001,0.0,4e-05,0.00436,0.14334,0.11008,0.47564
aw_chromeoxide,Airwindows,cassette tape,aw-tape,matched_thd_1_pct,1.0,5e-06,3150.001,0.0,4e-05,0.00436,0.14334,0.11008,0.47564
aw_chromeoxide,Airwindows,cassette tape,aw-tape,matched_thd_1_pct,1.26,3e-06,3150.001,0.0,4e-05,0.00436,0.14334,0.11008,0.47564
aw_chromeoxide,Airwindows,cassette tape,aw-tape,matched_thd_1_pct,1.587,2e-06,3150.001,0.0,4e-05,0.00436,0.14334,0.11008,0.47564
aw_chromeoxide,Airwindows,cassette tape,aw-tape,matched_thd_1_pct,10.079,0.000113,3150.001,0.0,4e-05,0.00436,0.14334,0.11008,0.47564
aw_chromeoxide,Airwindows,cassette tape,aw-tape,matched_thd_1_pct,101.594,0.003595,3150.001,0.0,4e-05,0.00436,0.14334,0.11008,0.47564
aw_chromeoxide,Airwindows,cassette tape,aw-tape,matched_thd_1_pct,12.699,0.000128,3150.001,0.0,4e-05,0.00436,0.14334,0.11008,0.47564
aw_chromeoxide,Airwindows,cassette tape,aw-tape,matched_thd_1_pct,128.0,0.00505,3150.001,0.0,4e-05,0.00436,0.14334,0.11008,0.47564
aw_chromeoxide,Airwindows,cassette tape,aw-tape,matched_thd_1_pct,16.0,0.000226,3150.001,0.0,4e-05,0.00436,0.14334,0.11008,0.47564
aw_chromeoxide,Airwindows,cassette tape,aw-tape,matched_thd_1_pct,161.27,0.007958,3150.001,0.0,4e-05,0.00436,0.14334,0.11008,0.47564
aw_chromeoxide,Airwindows,cassette tape,aw-tape,matched_thd_1_pct,2.0,8e-06,3150.001,0.0,4e-05,0.00436,0.14334,0.11008,0.47564
aw_chromeoxide,Airwindows,cassette tape,aw-tape,matched_thd_1_pct,2.52,1.8e-05,3150.001,0.0,4e-05,0.00436,0.14334,0.11008,0.47564
aw_chromeoxide,Airwindows,cassette tape,aw-tape,matched_thd_1_pct,20.159,0.000326,3150.001,0.0,4e-05,0.00436,0.14334,0.11008,0.47564
aw_chromeoxide,Airwindows,cassette tape,aw-tape,matched_thd_1_pct,203.187,0.011363,3150.001,0.0,4e-05,0.00436,0.14334,0.11008,0.47564
aw_chromeoxide,Airwindows,cassette tape,aw-tape,matched_thd_1_pct,25.398,0.000571,3150.001,0.0,4e-05,0.00436,0.14334,0.11008,0.47564
aw_chromeoxide,Airwindows,cassette tape,aw-tape,matched_thd_1_pct,3.175,1.3e-05,3150.001,0.0,4e-05,0.00436,0.14334,0.11008,0.47564
aw_chromeoxide,Airwindows,cassette tape,aw-tape,matched_thd_1_pct,32.0,0.00084,3150.001,0.0,4e-05,0.00436,0.14334,0.11008,0.47564
aw_chromeoxide,Airwindows,cassette tape,aw-tape,matched_thd_1_pct,4.0,3.5e-05,3150.001,0.0,4e-05,0.00436,0.14334,0.11008,0.47564
aw_chromeoxide,Airwindows,cassette tape,aw-tape,matched_thd_1_pct,40.317,0.001075,3150.001,0.0,4e-05,0.00436,0.14334,0.11008,0.47564
aw_chromeoxide,Airwindows,cassette tape,aw-tape,matched_thd_1_pct,5.04,4.9e-05,3150.001,0.0,4e-05,0.00436,0.14334,0.11008,0.47564
aw_chromeoxide,Airwindows,cassette tape,aw-tape,matched_thd_1_pct,50.797,0.001476,3150.001,0.0,4e-05,0.00436,0.14334,0.11008,0.47564
aw_chromeoxide,Airwindows,cassette tape,aw-tape,matched_thd_1_pct,6.35,3.6e-05,3150.001,0.0,4e-05,0.00436,0.14334,0.11008,0.47564
aw_chromeoxide,Airwindows,cassette tape,aw-tape,matched_thd_1_pct,64.0,0.002025,3150.001,0.0,4e-05,0.00436,0.14334,0.11008,0.47564
aw_chromeoxide,Airwindows,cassette tape,aw-tape,matched_thd_1_pct,8.0,7.7e-05,3150.001,0.0,4e-05,0.00436,0.14334,0.11008,0.47564
aw_chromeoxide,Airwindows,cassette tape,aw-tape,matched_thd_1_pct,80.635,0.002512,3150.001,0.0,4e-05,0.00436,0.14334,0.11008,0.47564
aw_dubly2,Airwindows,companding noise reduction,aw-tape,matched_thd_3_pct,0.198,0.0,3150.0,-0.0,0.0,0.0,0.01499,0.01141,0.01701
aw_dubly2,Airwindows,companding noise reduction,aw-tape,matched_thd_3_pct,0.397,0.0,3150.0,-0.0,0.0,0.0,0.01499,0.01141,0.01701
aw_dubly2,Airwindows,companding noise reduction,aw-tape,matched_thd_3_pct,0.5,0.0,3150.0,-0.0,0.0,0.0,0.01499,0.01141,0.01701
aw_dubly2,Airwindows,companding noise reduction,aw-tape,matched_thd_3_pct,0.794,0.0,3150.0,-0.0,0.0,0.0,0.01499,0.01141,0.01701
aw_dubly2,Airwindows,companding noise reduction,aw-tape,matched_thd_3_pct,1.0,0.0,3150.0,-0.0,0.0,0.0,0.01499,0.01141,0.01701
aw_dubly2,Airwindows,companding noise reduction,aw-tape,matched_thd_3_pct,1.26,0.0,3150.0,-0.0,0.0,0.0,0.01499,0.01141,0.01701
aw_dubly2,Airwindows,companding noise reduction,aw-tape,matched_thd_3_pct,1.587,0.0,3150.0,-0.0,0.0,0.0,0.01499,0.01141,0.01701
aw_dubly2,Airwindows,companding noise reduction,aw-tape,matched_thd_3_pct,10.079,0.0,3150.0,-0.0,0.0,0.0,0.01499,0.01141,0.01701
aw_dubly2,Airwindows,companding noise reduction,aw-tape,matched_thd_3_pct,101.594,0.0,3150.0,-0.0,0.0,0.0,0.01499,0.01141,0.01701
aw_dubly2,Airwindows,companding noise reduction,aw-tape,matched_thd_3_pct,12.699,0.0,3150.0,-0.0,0.0,0.0,0.01499,0.01141,0.01701
aw_dubly2,Airwindows,companding noise reduction,aw-tape,matched_thd_3_pct,128.0,0.0,3150.0,-0.0,0.0,0.0,0.01499,0.01141,0.01701
aw_dubly2,Airwindows,companding noise reduction,aw-tape,matched_thd_3_pct,16.0,0.0,3150.0,-0.0,0.0,0.0,0.01499,0.01141,0.01701
aw_dubly2,Airwindows,companding noise reduction,aw-tape,matched_thd_3_pct,161.27,0.0,3150.0,-0.0,0.0,0.0,0.01499,0.01141,0.01701
aw_dubly2,Airwindows,companding noise reduction,aw-tape,matched_thd_3_pct,2.0,0.0,3150.0,-0.0,0.0,0.0,0.01499,0.01141,0.01701
aw_dubly2,Airwindows,companding noise reduction,aw-tape,matched_thd_3_pct,2.52,0.0,3150.0,-0.0,0.0,0.0,0.01499,0.01141,0.01701
aw_dubly2,Airwindows,companding noise reduction,aw-tape,matched_thd_3_pct,20.159,0.0,3150.0,-0.0,0.0,0.0,0.01499,0.01141,0.01701
aw_dubly2,Airwindows,companding noise reduction,aw-tape,matched_thd_3_pct,203.187,0.0,3150.0,-0.0,0.0,0.0,0.01499,0.01141,0.01701
aw_dubly2,Airwindows,companding noise reduction,aw-tape,matched_thd_3_pct,25.398,0.0,3150.0,-0.0,0.0,0.0,0.01499,0.01141,0.01701
aw_dubly2,Airwindows,companding noise reduction,aw-tape,matched_thd_3_pct,3.175,0.0,3150.0,-0.0,0.0,0.0,0.01499,0.01141,0.01701
aw_dubly2,Airwindows,companding noise reduction,aw-tape,matched_thd_3_pct,32.0,0.0,3150.0,-0.0,0.0,0.0,0.01499,0.01141,0.01701
aw_dubly2,Airwindows,companding noise reduction,aw-tape,matched_thd_3_pct,4.0,0.0,3150.0,-0.0,0.0,0.0,0.01499,0.01141,0.01701
aw_dubly2,Airwindows,companding noise reduction,aw-tape,matched_thd_3_pct,40.317,0.0,3150.0,-0.0,0.0,0.0,0.01499,0.01141,0.01701
aw_dubly2,Airwindows,companding noise reduction,aw-tape,matched_thd_3_pct,5.04,0.0,3150.0,-0.0,0.0,0.0,0.01499,0.01141,0.01701
aw_dubly2,Airwindows,companding noise reduction,aw-tape,matched_thd_3_pct,50.797,0.0,3150.0,-0.0,0.0,0.0,0.01499,0.01141,0.01701
aw_dubly2,Airwindows,companding noise reduction,aw-tape,matched_thd_3_pct,6.35,0.0,3150.0,-0.0,0.0,0.0,0.01499,0.01141,0.01701
aw_dubly2,Airwindows,companding noise reduction,aw-tape,matched_thd_3_pct,64.0,0.0,3150.0,-0.0,0.0,0.0,0.01499,0.01141,0.01701
aw_dubly2,Airwindows,companding noise reduction,aw-tape,matched_thd_3_pct,8.0,0.0,3150.0,-0.0,0.0,0.0,0.01499,0.01141,0.01701
aw_dubly2,Airwindows,companding noise reduction,aw-tape,matched_thd_3_pct,80.635,0.0,3150.0,-0.0,0.0,0.0,0.01499,0.01141,0.01701
aw_dubly2,Airwindows,companding noise reduction,aw-tape,tapedrv_0,0.198,0.0,3150.0,-0.0,0.0,0.0,0.00726,0.00553,0.0091
aw_dubly2,Airwindows,companding noise reduction,aw-tape,tapedrv_0,0.397,0.0,3150.0,-0.0,0.0,0.0,0.00726,0.00553,0.0091
aw_dubly2,Airwindows,companding noise reduction,aw-tape,tapedrv_0,0.5,0.0,3150.0,-0.0,0.0,0.0,0.00726,0.00553,0.0091
aw_dubly2,Airwindows,companding noise reduction,aw-tape,tapedrv_0,0.794,0.0,3150.0,-0.0,0.0,0.0,0.00726,0.00553,0.0091
aw_dubly2,Airwindows,companding noise reduction,aw-tape,tapedrv_0,1.0,0.0,3150.0,-0.0,0.0,0.0,0.00726,0.00553,0.0091
aw_dubly2,Airwindows,companding noise reduction,aw-tape,tapedrv_0,1.26,0.0,3150.0,-0.0,0.0,0.0,0.00726,0.00553,0.0091
aw_dubly2,Airwindows,companding noise reduction,aw-tape,tapedrv_0,1.587,0.0,3150.0,-0.0,0.0,0.0,0.00726,0.00553,0.0091
aw_dubly2,Airwindows,companding noise reduction,aw-tape,tapedrv_0,10.079,0.0,3150.0,-0.0,0.0,0.0,0.00726,0.00553,0.0091
aw_dubly2,Airwindows,companding noise reduction,aw-tape,tapedrv_0,101.594,0.0,3150.0,-0.0,0.0,0.0,0.00726,0.00553,0.0091
aw_dubly2,Airwindows,companding noise reduction,aw-tape,tapedrv_0,12.699,0.0,3150.0,-0.0,0.0,0.0,0.00726,0.00553,0.0091
aw_dubly2,Airwindows,companding noise reduction,aw-tape,tapedrv_0,128.0,0.0,3150.0,-0.0,0.0,0.0,0.00726,0.00553,0.0091
aw_dubly2,Airwindows,companding noise reduction,aw-tape,tapedrv_0,16.0,0.0,3150.0,-0.0,0.0,0.0,0.00726,0.00553,0.0091
aw_dubly2,Airwindows,companding noise reduction,aw-tape,tapedrv_0,161.27,0.0,3150.0,-0.0,0.0,0.0,0.00726,0.00553,0.0091
aw_dubly2,Airwindows,companding noise reduction,aw-tape,tapedrv_0,2.0,0.0,3150.0,-0.0,0.0,0.0,0.00726,0.00553,0.0091
aw_dubly2,Airwindows,companding noise reduction,aw-tape,tapedrv_0,2.52,0.0,3150.0,-0.0,0.0,0.0,0.00726,0.00553,0.0091
aw_dubly2,Airwindows,companding noise reduction,aw-tape,tapedrv_0,20.159,0.0,3150.0,-0.0,0.0,0.0,0.00726,0.00553,0.0091
aw_dubly2,Airwindows,companding noise reduction,aw-tape,tapedrv_0,203.187,0.0,3150.0,-0.0,0.0,0.0,0.00726,0.00553,0.0091
aw_dubly2,Airwindows,companding noise reduction,aw-tape,tapedrv_0,25.398,0.0,3150.0,-0.0,0.0,0.0,0.00726,0.00553,0.0091
aw_dubly2,Airwindows,companding noise reduction,aw-tape,tapedrv_0,3.175,0.0,3150.0,-0.0,0.0,0.0,0.00726,0.00553,0.0091
aw_dubly2,Airwindows,companding noise reduction,aw-tape,tapedrv_0,32.0,0.0,3150.0,-0.0,0.0,0.0,0.00726,0.00553,0.0091
aw_dubly2,Airwindows,companding noise reduction,aw-tape,tapedrv_0,4.0,0.0,3150.0,-0.0,0.0,0.0,0.00726,0.00553,0.0091
aw_dubly2,Airwindows,companding noise reduction,aw-tape,tapedrv_0,40.317,0.0,3150.0,-0.0,0.0,0.0,0.00726,0.00553,0.0091
aw_dubly2,Airwindows,companding noise reduction,aw-tape,tapedrv_0,5.04,0.0,3150.0,-0.0,0.0,0.0,0.00726,0.00553,0.0091
aw_dubly2,Airwindows,companding noise reduction,aw-tape,tapedrv_0,50.797,0.0,3150.0,-0.0,0.0,0.0,0.00726,0.00553,0.0091
aw_dubly2,Airwindows,companding noise reduction,aw-tape,tapedrv_0,6.35,0.0,3150.0,-0.0,0.0,0.0,0.00726,0.00553,0.0091
aw_dubly2,Airwindows,companding noise reduction,aw-tape,tapedrv_0,64.0,0.0,3150.0,-0.0,0.0,0.0,0.00726,0.00553,0.0091
aw_dubly2,Airwindows,companding noise reduction,aw-tape,tapedrv_0,8.0,0.0,3150.0,-0.0,0.0,0.0,0.00726,0.00553,0.0091
aw_dubly2,Airwindows,companding noise reduction,aw-tape,tapedrv_0,80.635,0.0,3150.0,-0.0,0.0,0.0,0.00726,0.00553,0.0091
aw_dubly2,Airwindows,companding noise reduction,aw-tape,tapedrv_0.5,0.198,0.0,3150.0,-0.0,0.0,0.0,0.01198,0.00912,0.01403
aw_dubly2,Airwindows,companding noise reduction,aw-tape,tapedrv_0.5,0.397,0.0,3150.0,-0.0,0.0,0.0,0.01198,0.00912,0.01403
aw_dubly2,Airwindows,companding noise reduction,aw-tape,tapedrv_0.5,0.5,0.0,3150.0,-0.0,0.0,0.0,0.01198,0.00912,0.01403
aw_dubly2,Airwindows,companding noise reduction,aw-tape,tapedrv_0.5,0.794,0.0,3150.0,-0.0,0.0,0.0,0.01198,0.00912,0.01403
aw_dubly2,Airwindows,companding noise reduction,aw-tape,tapedrv_0.5,1.0,0.0,3150.0,-0.0,0.0,0.0,0.01198,0.00912,0.01403
aw_dubly2,Airwindows,companding noise reduction,aw-tape,tapedrv_0.5,1.26,0.0,3150.0,-0.0,0.0,0.0,0.01198,0.00912,0.01403
aw_dubly2,Airwindows,companding noise reduction,aw-tape,tapedrv_0.5,1.587,0.0,3150.0,-0.0,0.0,0.0,0.01198,0.00912,0.01403
aw_dubly2,Airwindows,companding noise reduction,aw-tape,tapedrv_0.5,10.079,0.0,3150.0,-0.0,0.0,0.0,0.01198,0.00912,0.01403
aw_dubly2,Airwindows,companding noise reduction,aw-tape,tapedrv_0.5,101.594,0.0,3150.0,-0.0,0.0,0.0,0.01198,0.00912,0.01403
aw_dubly2,Airwindows,companding noise reduction,aw-tape,tapedrv_0.5,12.699,0.0,3150.0,-0.0,0.0,0.0,0.01198,0.00912,0.01403
aw_dubly2,Airwindows,companding noise reduction,aw-tape,tapedrv_0.5,128.0,0.0,3150.0,-0.0,0.0,0.0,0.01198,0.00912,0.01403
aw_dubly2,Airwindows,companding noise reduction,aw-tape,tapedrv_0.5,16.0,0.0,3150.0,-0.0,0.0,0.0,0.01198,0.00912,0.01403
aw_dubly2,Airwindows,companding noise reduction,aw-tape,tapedrv_0.5,161.27,0.0,3150.0,-0.0,0.0,0.0,0.01198,0.00912,0.01403
aw_dubly2,Airwindows,companding noise reduction,aw-tape,tapedrv_0.5,2.0,0.0,3150.0,-0.0,0.0,0.0,0.01198,0.00912,0.01403
aw_dubly2,Airwindows,companding noise reduction,aw-tape,tapedrv_0.5,2.52,0.0,3150.0,-0.0,0.0,0.0,0.01198,0.00912,0.01403
aw_dubly2,Airwindows,companding noise reduction,aw-tape,tapedrv_0.5,20.159,0.0,3150.0,-0.0,0.0,0.0,0.01198,0.00912,0.01403
aw_dubly2,Airwindows,companding noise reduction,aw-tape,tapedrv_0.5,203.187,0.0,3150.0,-0.0,0.0,0.0,0.01198,0.00912,0.01403
aw_dubly2,Airwindows,companding noise reduction,aw-tape,tapedrv_0.5,25.398,0.0,3150.0,-0.0,0.0,0.0,0.01198,0.00912,0.01403
aw_dubly2,Airwindows,companding noise reduction,aw-tape,tapedrv_0.5,3.175,0.0,3150.0,-0.0,0.0,0.0,0.01198,0.00912,0.01403
aw_dubly2,Airwindows,companding noise reduction,aw-tape,tapedrv_0.5,32.0,0.0,3150.0,-0.0,0.0,0.0,0.01198,0.00912,0.01403
aw_dubly2,Airwindows,companding noise reduction,aw-tape,tapedrv_0.5,4.0,0.0,3150.0,-0.0,0.0,0.0,0.01198,0.00912,0.01403
aw_dubly2,Airwindows,companding noise reduction,aw-tape,tapedrv_0.5,40.317,0.0,3150.0,-0.0,0.0,0.0,0.01198,0.00912,0.01403
aw_dubly2,Airwindows,companding noise reduction,aw-tape,tapedrv_0.5,5.04,0.0,3150.0,-0.0,0.0,0.0,0.01198,0.00912,0.01403
aw_dubly2,Airwindows,companding noise reduction,aw-tape,tapedrv_0.5,50.797,0.0,3150.0,-0.0,0.0,0.0,0.01198,0.00912,0.01403
aw_dubly2,Airwindows,companding noise reduction,aw-tape,tapedrv_0.5,6.35,0.0,3150.0,-0.0,0.0,0.0,0.01198,0.00912,0.01403
aw_dubly2,Airwindows,companding noise reduction,aw-tape,tapedrv_0.5,64.0,0.0,3150.0,-0.0,0.0,0.0,0.01198,0.00912,0.01403
aw_dubly2,Airwindows,companding noise reduction,aw-tape,tapedrv_0.5,8.0,0.0,3150.0,-0.0,0.0,0.0,0.01198,0.00912,0.01403
aw_dubly2,Airwindows,companding noise reduction,aw-tape,tapedrv_0.5,80.635,0.0,3150.0,-0.0,0.0,0.0,0.01198,0.00912,0.01403
aw_dubly2,Airwindows,companding noise reduction,aw-tape,tapedrv_1,0.198,0.0,3150.0,-0.0,0.0,0.0,0.015,0.01141,0.01704
aw_dubly2,Airwindows,companding noise reduction,aw-tape,tapedrv_1,0.397,0.0,3150.0,-0.0,0.0,0.0,0.015,0.01141,0.01704
aw_dubly2,Airwindows,companding noise reduction,aw-tape,tapedrv_1,0.5,0.0,3150.0,-0.0,0.0,0.0,0.015,0.01141,0.01704
aw_dubly2,Airwindows,companding noise reduction,aw-tape,tapedrv_1,0.794,0.0,3150.0,-0.0,0.0,0.0,0.015,0.01141,0.01704
aw_dubly2,Airwindows,companding noise reduction,aw-tape,tapedrv_1,1.0,0.0,3150.0,-0.0,0.0,0.0,0.015,0.01141,0.01704
aw_dubly2,Airwindows,companding noise reduction,aw-tape,tapedrv_1,1.26,0.0,3150.0,-0.0,0.0,0.0,0.015,0.01141,0.01704
aw_dubly2,Airwindows,companding noise reduction,aw-tape,tapedrv_1,1.587,0.0,3150.0,-0.0,0.0,0.0,0.015,0.01141,0.01704
aw_dubly2,Airwindows,companding noise reduction,aw-tape,tapedrv_1,10.079,0.0,3150.0,-0.0,0.0,0.0,0.015,0.01141,0.01704
aw_dubly2,Airwindows,companding noise reduction,aw-tape,tapedrv_1,101.594,0.0,3150.0,-0.0,0.0,0.0,0.015,0.01141,0.01704
aw_dubly2,Airwindows,companding noise reduction,aw-tape,tapedrv_1,12.699,0.0,3150.0,-0.0,0.0,0.0,0.015,0.01141,0.01704
aw_dubly2,Airwindows,companding noise reduction,aw-tape,tapedrv_1,128.0,0.0,3150.0,-0.0,0.0,0.0,0.015,0.01141,0.01704
aw_dubly2,Airwindows,companding noise reduction,aw-tape,tapedrv_1,16.0,0.0,3150.0,-0.0,0.0,0.0,0.015,0.01141,0.01704
aw_dubly2,Airwindows,companding noise reduction,aw-tape,tapedrv_1,161.27,0.0,3150.0,-0.0,0.0,0.0,0.015,0.01141,0.01704
aw_dubly2,Airwindows,companding noise reduction,aw-tape,tapedrv_1,2.0,0.0,3150.0,-0.0,0.0,0.0,0.015,0.01141,0.01704
aw_dubly2,Airwindows,companding noise reduction,aw-tape,tapedrv_1,2.52,0.0,3150.0,-0.0,0.0,0.0,0.015,0.01141,0.01704
aw_dubly2,Airwindows,companding noise reduction,aw-tape,tapedrv_1,20.159,0.0,3150.0,-0.0,0.0,0.0,0.015,0.01141,0.01704
aw_dubly2,Airwindows,companding noise reduction,aw-tape,tapedrv_1,203.187,0.0,3150.0,-0.0,0.0,0.0,0.015,0.01141,0.01704
aw_dubly2,Airwindows,companding noise reduction,aw-tape,tapedrv_1,25.398,0.0,3150.0,-0.0,0.0,0.0,0.015,0.01141,0.01704
aw_dubly2,Airwindows,companding noise reduction,aw-tape,tapedrv_1,3.175,0.0,3150.0,-0.0,0.0,0.0,0.015,0.01141,0.01704
aw_dubly2,Airwindows,companding noise reduction,aw-tape,tapedrv_1,32.0,0.0,3150.0,-0.0,0.0,0.0,0.015,0.01141,0.01704
aw_dubly2,Airwindows,companding noise reduction,aw-tape,tapedrv_1,4.0,0.0,3150.0,-0.0,0.0,0.0,0.015,0.01141,0.01704
aw_dubly2,Airwindows,companding noise reduction,aw-tape,tapedrv_1,40.317,0.0,3150.0,-0.0,0.0,0.0,0.015,0.01141,0.01704
aw_dubly2,Airwindows,companding noise reduction,aw-tape,tapedrv_1,5.04,0.0,3150.0,-0.0,0.0,0.0,0.015,0.01141,0.01704
aw_dubly2,Airwindows,companding noise reduction,aw-tape,tapedrv_1,50.797,0.0,3150.0,-0.0,0.0,0.0,0.015,0.01141,0.01704
aw_dubly2,Airwindows,companding noise reduction,aw-tape,tapedrv_1,6.35,0.0,3150.0,-0.0,0.0,0.0,0.015,0.01141,0.01704
aw_dubly2,Airwindows,companding noise reduction,aw-tape,tapedrv_1,64.0,0.0,3150.0,-0.0,0.0,0.0,0.015,0.01141,0.01704
aw_dubly2,Airwindows,companding noise reduction,aw-tape,tapedrv_1,8.0,0.0,3150.0,-0.0,0.0,0.0,0.015,0.01141,0.01704
aw_dubly2,Airwindows,companding noise reduction,aw-tape,tapedrv_1,80.635,0.0,3150.0,-0.0,0.0,0.0,0.015,0.01141,0.01704
aw_fromtape,Airwindows,tape playback,aw-tape,matched_thd_0.1_pct,0.198,1e-06,3150.0,-0.0,0.0,0.00069,0.02235,0.01737,0.07538
aw_fromtape,Airwindows,tape playback,aw-tape,matched_thd_0.1_pct,0.397,0.0,3150.0,-0.0,0.0,0.00069,0.02235,0.01737,0.07538
aw_fromtape,Airwindows,tape playback,aw-tape,matched_thd_0.1_pct,0.5,0.0,3150.0,-0.0,0.0,0.00069,0.02235,0.01737,0.07538
aw_fromtape,Airwindows,tape playback,aw-tape,matched_thd_0.1_pct,0.794,0.0,3150.0,-0.0,0.0,0.00069,0.02235,0.01737,0.07538
aw_fromtape,Airwindows,tape playback,aw-tape,matched_thd_0.1_pct,1.0,1e-06,3150.0,-0.0,0.0,0.00069,0.02235,0.01737,0.07538
aw_fromtape,Airwindows,tape playback,aw-tape,matched_thd_0.1_pct,1.26,1e-06,3150.0,-0.0,0.0,0.00069,0.02235,0.01737,0.07538
aw_fromtape,Airwindows,tape playback,aw-tape,matched_thd_0.1_pct,1.587,0.0,3150.0,-0.0,0.0,0.00069,0.02235,0.01737,0.07538
aw_fromtape,Airwindows,tape playback,aw-tape,matched_thd_0.1_pct,10.079,1.5e-05,3150.0,-0.0,0.0,0.00069,0.02235,0.01737,0.07538
aw_fromtape,Airwindows,tape playback,aw-tape,matched_thd_0.1_pct,101.594,0.000623,3150.0,-0.0,0.0,0.00069,0.02235,0.01737,0.07538
aw_fromtape,Airwindows,tape playback,aw-tape,matched_thd_0.1_pct,12.699,2.8e-05,3150.0,-0.0,0.0,0.00069,0.02235,0.01737,0.07538
aw_fromtape,Airwindows,tape playback,aw-tape,matched_thd_0.1_pct,128.0,0.000884,3150.0,-0.0,0.0,0.00069,0.02235,0.01737,0.07538
aw_fromtape,Airwindows,tape playback,aw-tape,matched_thd_0.1_pct,16.0,4.3e-05,3150.0,-0.0,0.0,0.00069,0.02235,0.01737,0.07538
aw_fromtape,Airwindows,tape playback,aw-tape,matched_thd_0.1_pct,161.27,0.001109,3150.0,-0.0,0.0,0.00069,0.02235,0.01737,0.07538
aw_fromtape,Airwindows,tape playback,aw-tape,matched_thd_0.1_pct,2.0,1e-06,3150.0,-0.0,0.0,0.00069,0.02235,0.01737,0.07538
aw_fromtape,Airwindows,tape playback,aw-tape,matched_thd_0.1_pct,2.52,1e-06,3150.0,-0.0,0.0,0.00069,0.02235,0.01737,0.07538
aw_fromtape,Airwindows,tape playback,aw-tape,matched_thd_0.1_pct,20.159,4.4e-05,3150.0,-0.0,0.0,0.00069,0.02235,0.01737,0.07538
aw_fromtape,Airwindows,tape playback,aw-tape,matched_thd_0.1_pct,203.187,0.001727,3150.0,-0.0,0.0,0.00069,0.02235,0.01737,0.07538
aw_fromtape,Airwindows,tape playback,aw-tape,matched_thd_0.1_pct,25.398,6.6e-05,3150.0,-0.0,0.0,0.00069,0.02235,0.01737,0.07538
aw_fromtape,Airwindows,tape playback,aw-tape,matched_thd_0.1_pct,3.175,3e-06,3150.0,-0.0,0.0,0.00069,0.02235,0.01737,0.07538
aw_fromtape,Airwindows,tape playback,aw-tape,matched_thd_0.1_pct,32.0,9.9e-05,3150.0,-0.0,0.0,0.00069,0.02235,0.01737,0.07538
aw_fromtape,Airwindows,tape playback,aw-tape,matched_thd_0.1_pct,4.0,6e-06,3150.0,-0.0,0.0,0.00069,0.02235,0.01737,0.07538
aw_fromtape,Airwindows,tape playback,aw-tape,matched_thd_0.1_pct,40.317,0.000139,3150.0,-0.0,0.0,0.00069,0.02235,0.01737,0.07538
aw_fromtape,Airwindows,tape playback,aw-tape,matched_thd_0.1_pct,5.04,7e-06,3150.0,-0.0,0.0,0.00069,0.02235,0.01737,0.07538
aw_fromtape,Airwindows,tape playback,aw-tape,matched_thd_0.1_pct,50.797,0.000223,3150.0,-0.0,0.0,0.00069,0.02235,0.01737,0.07538
aw_fromtape,Airwindows,tape playback,aw-tape,matched_thd_0.1_pct,6.35,8e-06,3150.0,-0.0,0.0,0.00069,0.02235,0.01737,0.07538
aw_fromtape,Airwindows,tape playback,aw-tape,matched_thd_0.1_pct,64.0,0.000286,3150.0,-0.0,0.0,0.00069,0.02235,0.01737,0.07538
aw_fromtape,Airwindows,tape playback,aw-tape,matched_thd_0.1_pct,8.0,1e-05,3150.0,-0.0,0.0,0.00069,0.02235,0.01737,0.07538
aw_fromtape,Airwindows,tape playback,aw-tape,matched_thd_0.1_pct,80.635,0.000427,3150.0,-0.0,0.0,0.00069,0.02235,0.01737,0.07538
aw_fromtape,Airwindows,tape playback,aw-tape,matched_thd_1_pct,0.198,4e-06,3150.0,-0.0,2e-05,0.00201,0.06905,0.05272,0.22542
aw_fromtape,Airwindows,tape playback,aw-tape,matched_thd_1_pct,0.397,1e-06,3150.0,-0.0,2e-05,0.00201,0.06905,0.05272,0.22542
aw_fromtape,Airwindows,tape playback,aw-tape,matched_thd_1_pct,0.5,1e-06,3150.0,-0.0,2e-05,0.00201,0.06905,0.05272,0.22542
aw_fromtape,Airwindows,tape playback,aw-tape,matched_thd_1_pct,0.794,1e-06,3150.0,-0.0,2e-05,0.00201,0.06905,0.05272,0.22542
aw_fromtape,Airwindows,tape playback,aw-tape,matched_thd_1_pct,1.0,2e-06,3150.0,-0.0,2e-05,0.00201,0.06905,0.05272,0.22542
aw_fromtape,Airwindows,tape playback,aw-tape,matched_thd_1_pct,1.26,2e-06,3150.0,-0.0,2e-05,0.00201,0.06905,0.05272,0.22542
aw_fromtape,Airwindows,tape playback,aw-tape,matched_thd_1_pct,1.587,3e-06,3150.0,-0.0,2e-05,0.00201,0.06905,0.05272,0.22542
aw_fromtape,Airwindows,tape playback,aw-tape,matched_thd_1_pct,10.079,6.3e-05,3150.0,-0.0,2e-05,0.00201,0.06905,0.05272,0.22542
aw_fromtape,Airwindows,tape playback,aw-tape,matched_thd_1_pct,101.594,0.00168,3150.0,-0.0,2e-05,0.00201,0.06905,0.05272,0.22542
aw_fromtape,Airwindows,tape playback,aw-tape,matched_thd_1_pct,12.699,7.7e-05,3150.0,-0.0,2e-05,0.00201,0.06905,0.05272,0.22542
aw_fromtape,Airwindows,tape playback,aw-tape,matched_thd_1_pct,128.0,0.002493,3150.0,-0.0,2e-05,0.00201,0.06905,0.05272,0.22542
aw_fromtape,Airwindows,tape playback,aw-tape,matched_thd_1_pct,16.0,0.000117,3150.0,-0.0,2e-05,0.00201,0.06905,0.05272,0.22542
aw_fromtape,Airwindows,tape playback,aw-tape,matched_thd_1_pct,161.27,0.003404,3150.0,-0.0,2e-05,0.00201,0.06905,0.05272,0.22542
aw_fromtape,Airwindows,tape playback,aw-tape,matched_thd_1_pct,2.0,3e-06,3150.0,-0.0,2e-05,0.00201,0.06905,0.05272,0.22542
aw_fromtape,Airwindows,tape playback,aw-tape,matched_thd_1_pct,2.52,7e-06,3150.0,-0.0,2e-05,0.00201,0.06905,0.05272,0.22542
aw_fromtape,Airwindows,tape playback,aw-tape,matched_thd_1_pct,20.159,0.000175,3150.0,-0.0,2e-05,0.00201,0.06905,0.05272,0.22542
aw_fromtape,Airwindows,tape playback,aw-tape,matched_thd_1_pct,203.187,0.004845,3150.0,-0.0,2e-05,0.00201,0.06905,0.05272,0.22542
aw_fromtape,Airwindows,tape playback,aw-tape,matched_thd_1_pct,25.398,0.000235,3150.0,-0.0,2e-05,0.00201,0.06905,0.05272,0.22542
aw_fromtape,Airwindows,tape playback,aw-tape,matched_thd_1_pct,3.175,1.3e-05,3150.0,-0.0,2e-05,0.00201,0.06905,0.05272,0.22542
aw_fromtape,Airwindows,tape playback,aw-tape,matched_thd_1_pct,32.0,0.000287,3150.0,-0.0,2e-05,0.00201,0.06905,0.05272,0.22542
aw_fromtape,Airwindows,tape playback,aw-tape,matched_thd_1_pct,4.0,1.5e-05,3150.0,-0.0,2e-05,0.00201,0.06905,0.05272,0.22542
aw_fromtape,Airwindows,tape playback,aw-tape,matched_thd_1_pct,40.317,0.000365,3150.0,-0.0,2e-05,0.00201,0.06905,0.05272,0.22542
aw_fromtape,Airwindows,tape playback,aw-tape,matched_thd_1_pct,5.04,1.6e-05,3150.0,-0.0,2e-05,0.00201,0.06905,0.05272,0.22542
aw_fromtape,Airwindows,tape playback,aw-tape,matched_thd_1_pct,50.797,0.00058,3150.0,-0.0,2e-05,0.00201,0.06905,0.05272,0.22542
aw_fromtape,Airwindows,tape playback,aw-tape,matched_thd_1_pct,6.35,3.1e-05,3150.0,-0.0,2e-05,0.00201,0.06905,0.05272,0.22542
aw_fromtape,Airwindows,tape playback,aw-tape,matched_thd_1_pct,64.0,0.000861,3150.0,-0.0,2e-05,0.00201,0.06905,0.05272,0.22542
aw_fromtape,Airwindows,tape playback,aw-tape,matched_thd_1_pct,8.0,4.9e-05,3150.0,-0.0,2e-05,0.00201,0.06905,0.05272,0.22542
aw_fromtape,Airwindows,tape playback,aw-tape,matched_thd_1_pct,80.635,0.001328,3150.0,-0.0,2e-05,0.00201,0.06905,0.05272,0.22542
aw_fromtape,Airwindows,tape playback,aw-tape,matched_thd_3_pct,0.198,1e-06,3150.0,-0.0,2e-05,0.00212,0.06824,0.05266,0.23774
aw_fromtape,Airwindows,tape playback,aw-tape,matched_thd_3_pct,0.397,1e-06,3150.0,-0.0,2e-05,0.00212,0.06824,0.05266,0.23774
aw_fromtape,Airwindows,tape playback,aw-tape,matched_thd_3_pct,0.5,1e-06,3150.0,-0.0,2e-05,0.00212,0.06824,0.05266,0.23774
aw_fromtape,Airwindows,tape playback,aw-tape,matched_thd_3_pct,0.794,1e-06,3150.0,-0.0,2e-05,0.00212,0.06824,0.05266,0.23774
aw_fromtape,Airwindows,tape playback,aw-tape,matched_thd_3_pct,1.0,3e-06,3150.0,-0.0,2e-05,0.00212,0.06824,0.05266,0.23774
aw_fromtape,Airwindows,tape playback,aw-tape,matched_thd_3_pct,1.26,3e-06,3150.0,-0.0,2e-05,0.00212,0.06824,0.05266,0.23774
aw_fromtape,Airwindows,tape playback,aw-tape,matched_thd_3_pct,1.587,4e-06,3150.0,-0.0,2e-05,0.00212,0.06824,0.05266,0.23774
aw_fromtape,Airwindows,tape playback,aw-tape,matched_thd_3_pct,10.079,3e-05,3150.0,-0.0,2e-05,0.00212,0.06824,0.05266,0.23774
aw_fromtape,Airwindows,tape playback,aw-tape,matched_thd_3_pct,101.594,0.001908,3150.0,-0.0,2e-05,0.00212,0.06824,0.05266,0.23774
aw_fromtape,Airwindows,tape playback,aw-tape,matched_thd_3_pct,12.699,5.3e-05,3150.0,-0.0,2e-05,0.00212,0.06824,0.05266,0.23774
aw_fromtape,Airwindows,tape playback,aw-tape,matched_thd_3_pct,128.0,0.002471,3150.0,-0.0,2e-05,0.00212,0.06824,0.05266,0.23774
aw_fromtape,Airwindows,tape playback,aw-tape,matched_thd_3_pct,16.0,0.000106,3150.0,-0.0,2e-05,0.00212,0.06824,0.05266,0.23774
aw_fromtape,Airwindows,tape playback,aw-tape,matched_thd_3_pct,161.27,0.003655,3150.0,-0.0,2e-05,0.00212,0.06824,0.05266,0.23774
aw_fromtape,Airwindows,tape playback,aw-tape,matched_thd_3_pct,2.0,8e-06,3150.0,-0.0,2e-05,0.00212,0.06824,0.05266,0.23774
aw_fromtape,Airwindows,tape playback,aw-tape,matched_thd_3_pct,2.52,7e-06,3150.0,-0.0,2e-05,0.00212,0.06824,0.05266,0.23774
aw_fromtape,Airwindows,tape playback,aw-tape,matched_thd_3_pct,20.159,0.00012,3150.0,-0.0,2e-05,0.00212,0.06824,0.05266,0.23774
aw_fromtape,Airwindows,tape playback,aw-tape,matched_thd_3_pct,203.187,0.004521,3150.0,-0.0,2e-05,0.00212,0.06824,0.05266,0.23774
aw_fromtape,Airwindows,tape playback,aw-tape,matched_thd_3_pct,25.398,0.000188,3150.0,-0.0,2e-05,0.00212,0.06824,0.05266,0.23774
aw_fromtape,Airwindows,tape playback,aw-tape,matched_thd_3_pct,3.175,1.5e-05,3150.0,-0.0,2e-05,0.00212,0.06824,0.05266,0.23774
aw_fromtape,Airwindows,tape playback,aw-tape,matched_thd_3_pct,32.0,0.000395,3150.0,-0.0,2e-05,0.00212,0.06824,0.05266,0.23774
aw_fromtape,Airwindows,tape playback,aw-tape,matched_thd_3_pct,4.0,1.4e-05,3150.0,-0.0,2e-05,0.00212,0.06824,0.05266,0.23774
aw_fromtape,Airwindows,tape playback,aw-tape,matched_thd_3_pct,40.317,0.000449,3150.0,-0.0,2e-05,0.00212,0.06824,0.05266,0.23774
aw_fromtape,Airwindows,tape playback,aw-tape,matched_thd_3_pct,5.04,1.9e-05,3150.0,-0.0,2e-05,0.00212,0.06824,0.05266,0.23774
aw_fromtape,Airwindows,tape playback,aw-tape,matched_thd_3_pct,50.797,0.000731,3150.0,-0.0,2e-05,0.00212,0.06824,0.05266,0.23774
aw_fromtape,Airwindows,tape playback,aw-tape,matched_thd_3_pct,6.35,2e-05,3150.0,-0.0,2e-05,0.00212,0.06824,0.05266,0.23774
aw_fromtape,Airwindows,tape playback,aw-tape,matched_thd_3_pct,64.0,0.000921,3150.0,-0.0,2e-05,0.00212,0.06824,0.05266,0.23774
aw_fromtape,Airwindows,tape playback,aw-tape,matched_thd_3_pct,8.0,2.5e-05,3150.0,-0.0,2e-05,0.00212,0.06824,0.05266,0.23774
aw_fromtape,Airwindows,tape playback,aw-tape,matched_thd_3_pct,80.635,0.001139,3150.0,-0.0,2e-05,0.00212,0.06824,0.05266,0.23774
aw_fromtape,Airwindows,tape playback,aw-tape,softer_0,0.198,0.0,3150.0,-0.0,0.0,0.0,0.0,0.0,0.0
aw_fromtape,Airwindows,tape playback,aw-tape,softer_0,0.397,0.0,3150.0,-0.0,0.0,0.0,0.0,0.0,0.0
aw_fromtape,Airwindows,tape playback,aw-tape,softer_0,0.5,0.0,3150.0,-0.0,0.0,0.0,0.0,0.0,0.0
aw_fromtape,Airwindows,tape playback,aw-tape,softer_0,0.794,0.0,3150.0,-0.0,0.0,0.0,0.0,0.0,0.0
aw_fromtape,Airwindows,tape playback,aw-tape,softer_0,1.0,0.0,3150.0,-0.0,0.0,0.0,0.0,0.0,0.0
aw_fromtape,Airwindows,tape playback,aw-tape,softer_0,1.26,0.0,3150.0,-0.0,0.0,0.0,0.0,0.0,0.0
aw_fromtape,Airwindows,tape playback,aw-tape,softer_0,1.587,0.0,3150.0,-0.0,0.0,0.0,0.0,0.0,0.0
aw_fromtape,Airwindows,tape playback,aw-tape,softer_0,10.079,0.0,3150.0,-0.0,0.0,0.0,0.0,0.0,0.0
aw_fromtape,Airwindows,tape playback,aw-tape,softer_0,101.594,0.0,3150.0,-0.0,0.0,0.0,0.0,0.0,0.0
aw_fromtape,Airwindows,tape playback,aw-tape,softer_0,12.699,0.0,3150.0,-0.0,0.0,0.0,0.0,0.0,0.0
aw_fromtape,Airwindows,tape playback,aw-tape,softer_0,128.0,0.0,3150.0,-0.0,0.0,0.0,0.0,0.0,0.0
aw_fromtape,Airwindows,tape playback,aw-tape,softer_0,16.0,0.0,3150.0,-0.0,0.0,0.0,0.0,0.0,0.0
aw_fromtape,Airwindows,tape playback,aw-tape,softer_0,161.27,0.0,3150.0,-0.0,0.0,0.0,0.0,0.0,0.0
aw_fromtape,Airwindows,tape playback,aw-tape,softer_0,2.0,0.0,3150.0,-0.0,0.0,0.0,0.0,0.0,0.0
aw_fromtape,Airwindows,tape playback,aw-tape,softer_0,2.52,0.0,3150.0,-0.0,0.0,0.0,0.0,0.0,0.0
aw_fromtape,Airwindows,tape playback,aw-tape,softer_0,20.159,0.0,3150.0,-0.0,0.0,0.0,0.0,0.0,0.0
aw_fromtape,Airwindows,tape playback,aw-tape,softer_0,203.187,0.0,3150.0,-0.0,0.0,0.0,0.0,0.0,0.0
aw_fromtape,Airwindows,tape playback,aw-tape,softer_0,25.398,0.0,3150.0,-0.0,0.0,0.0,0.0,0.0,0.0
aw_fromtape,Airwindows,tape playback,aw-tape,softer_0,3.175,0.0,3150.0,-0.0,0.0,0.0,0.0,0.0,0.0
aw_fromtape,Airwindows,tape playback,aw-tape,softer_0,32.0,0.0,3150.0,-0.0,0.0,0.0,0.0,0.0,0.0
aw_fromtape,Airwindows,tape playback,aw-tape,softer_0,4.0,0.0,3150.0,-0.0,0.0,0.0,0.0,0.0,0.0
aw_fromtape,Airwindows,tape playback,aw-tape,softer_0,40.317,0.0,3150.0,-0.0,0.0,0.0,0.0,0.0,0.0
aw_fromtape,Airwindows,tape playback,aw-tape,softer_0,5.04,0.0,3150.0,-0.0,0.0,0.0,0.0,0.0,0.0
aw_fromtape,Airwindows,tape playback,aw-tape,softer_0,50.797,0.0,3150.0,-0.0,0.0,0.0,0.0,0.0,0.0
aw_fromtape,Airwindows,tape playback,aw-tape,softer_0,6.35,0.0,3150.0,-0.0,0.0,0.0,0.0,0.0,0.0
aw_fromtape,Airwindows,tape playback,aw-tape,softer_0,64.0,0.0,3150.0,-0.0,0.0,0.0,0.0,0.0,0.0
aw_fromtape,Airwindows,tape playback,aw-tape,softer_0,8.0,0.0,3150.0,-0.0,0.0,0.0,0.0,0.0,0.0
aw_fromtape,Airwindows,tape playback,aw-tape,softer_0,80.635,0.0,3150.0,-0.0,0.0,0.0,0.0,0.0,0.0
aw_fromtape,Airwindows,tape playback,aw-tape,softer_0.5,0.198,3e-06,3150.0,0.0,1e-05,0.0021,0.07123,0.0529,0.20845
aw_fromtape,Airwindows,tape playback,aw-tape,softer_0.5,0.397,1e-06,3150.0,0.0,1e-05,0.0021,0.07123,0.0529,0.20845
aw_fromtape,Airwindows,tape playback,aw-tape,softer_0.5,0.5,1e-06,3150.0,0.0,1e-05,0.0021,0.07123,0.0529,0.20845
aw_fromtape,Airwindows,tape playback,aw-tape,softer_0.5,0.794,1e-06,3150.0,0.0,1e-05,0.0021,0.07123,0.0529,0.20845
aw_fromtape,Airwindows,tape playback,aw-tape,softer_0.5,1.0,1e-06,3150.0,0.0,1e-05,0.0021,0.07123,0.0529,0.20845
aw_fromtape,Airwindows,tape playback,aw-tape,softer_0.5,1.26,0.0,3150.0,0.0,1e-05,0.0021,0.07123,0.0529,0.20845
aw_fromtape,Airwindows,tape playback,aw-tape,softer_0.5,1.587,3e-06,3150.0,0.0,1e-05,0.0021,0.07123,0.0529,0.20845
aw_fromtape,Airwindows,tape playback,aw-tape,softer_0.5,10.079,4.2e-05,3150.0,0.0,1e-05,0.0021,0.07123,0.0529,0.20845
aw_fromtape,Airwindows,tape playback,aw-tape,softer_0.5,101.594,0.001836,3150.0,0.0,1e-05,0.0021,0.07123,0.0529,0.20845
aw_fromtape,Airwindows,tape playback,aw-tape,softer_0.5,12.699,8.9e-05,3150.0,0.0,1e-05,0.0021,0.07123,0.0529,0.20845
aw_fromtape,Airwindows,tape playback,aw-tape,softer_0.5,128.0,0.002561,3150.0,0.0,1e-05,0.0021,0.07123,0.0529,0.20845
aw_fromtape,Airwindows,tape playback,aw-tape,softer_0.5,16.0,0.000108,3150.0,0.0,1e-05,0.0021,0.07123,0.0529,0.20845
aw_fromtape,Airwindows,tape playback,aw-tape,softer_0.5,161.27,0.003348,3150.0,0.0,1e-05,0.0021,0.07123,0.0529,0.20845
aw_fromtape,Airwindows,tape playback,aw-tape,softer_0.5,2.0,3e-06,3150.0,0.0,1e-05,0.0021,0.07123,0.0529,0.20845
aw_fromtape,Airwindows,tape playback,aw-tape,softer_0.5,2.52,4e-06,3150.0,0.0,1e-05,0.0021,0.07123,0.0529,0.20845
aw_fromtape,Airwindows,tape playback,aw-tape,softer_0.5,20.159,0.000143,3150.0,0.0,1e-05,0.0021,0.07123,0.0529,0.20845
aw_fromtape,Airwindows,tape playback,aw-tape,softer_0.5,203.187,0.004976,3150.0,0.0,1e-05,0.0021,0.07123,0.0529,0.20845
aw_fromtape,Airwindows,tape playback,aw-tape,softer_0.5,25.398,0.000265,3150.0,0.0,1e-05,0.0021,0.07123,0.0529,0.20845
aw_fromtape,Airwindows,tape playback,aw-tape,softer_0.5,3.175,6e-06,3150.0,0.0,1e-05,0.0021,0.07123,0.0529,0.20845
aw_fromtape,Airwindows,tape playback,aw-tape,softer_0.5,32.0,0.000277,3150.0,0.0,1e-05,0.0021,0.07123,0.0529,0.20845
aw_fromtape,Airwindows,tape playback,aw-tape,softer_0.5,4.0,1e-05,3150.0,0.0,1e-05,0.0021,0.07123,0.0529,0.20845
aw_fromtape,Airwindows,tape playback,aw-tape,softer_0.5,40.317,0.000441,3150.0,0.0,1e-05,0.0021,0.07123,0.0529,0.20845
aw_fromtape,Airwindows,tape playback,aw-tape,softer_0.5,5.04,1.4e-05,3150.0,0.0,1e-05,0.0021,0.07123,0.0529,0.20845
aw_fromtape,Airwindows,tape playback,aw-tape,softer_0.5,50.797,0.000761,3150.0,0.0,1e-05,0.0021,0.07123,0.0529,0.20845
aw_fromtape,Airwindows,tape playback,aw-tape,softer_0.5,6.35,2.1e-05,3150.0,0.0,1e-05,0.0021,0.07123,0.0529,0.20845
aw_fromtape,Airwindows,tape playback,aw-tape,softer_0.5,64.0,0.000975,3150.0,0.0,1e-05,0.0021,0.07123,0.0529,0.20845
aw_fromtape,Airwindows,tape playback,aw-tape,softer_0.5,8.0,4.4e-05,3150.0,0.0,1e-05,0.0021,0.07123,0.0529,0.20845
aw_fromtape,Airwindows,tape playback,aw-tape,softer_0.5,80.635,0.001144,3150.0,0.0,1e-05,0.0021,0.07123,0.0529,0.20845
aw_fromtape,Airwindows,tape playback,aw-tape,softer_1,0.198,0.0,3150.0,-0.0,0.0,0.0,0.0107,0.00814,0.01204
aw_fromtape,Airwindows,tape playback,aw-tape,softer_1,0.397,0.0,3150.0,-0.0,0.0,0.0,0.0107,0.00814,0.01204
aw_fromtape,Airwindows,tape playback,aw-tape,softer_1,0.5,0.0,3150.0,-0.0,0.0,0.0,0.0107,0.00814,0.01204
aw_fromtape,Airwindows,tape playback,aw-tape,softer_1,0.794,0.0,3150.0,-0.0,0.0,0.0,0.0107,0.00814,0.01204
aw_fromtape,Airwindows,tape playback,aw-tape,softer_1,1.0,0.0,3150.0,-0.0,0.0,0.0,0.0107,0.00814,0.01204
aw_fromtape,Airwindows,tape playback,aw-tape,softer_1,1.26,0.0,3150.0,-0.0,0.0,0.0,0.0107,0.00814,0.01204
aw_fromtape,Airwindows,tape playback,aw-tape,softer_1,1.587,0.0,3150.0,-0.0,0.0,0.0,0.0107,0.00814,0.01204
aw_fromtape,Airwindows,tape playback,aw-tape,softer_1,10.079,0.0,3150.0,-0.0,0.0,0.0,0.0107,0.00814,0.01204
aw_fromtape,Airwindows,tape playback,aw-tape,softer_1,101.594,0.0,3150.0,-0.0,0.0,0.0,0.0107,0.00814,0.01204
aw_fromtape,Airwindows,tape playback,aw-tape,softer_1,12.699,0.0,3150.0,-0.0,0.0,0.0,0.0107,0.00814,0.01204
aw_fromtape,Airwindows,tape playback,aw-tape,softer_1,128.0,0.0,3150.0,-0.0,0.0,0.0,0.0107,0.00814,0.01204
aw_fromtape,Airwindows,tape playback,aw-tape,softer_1,16.0,0.0,3150.0,-0.0,0.0,0.0,0.0107,0.00814,0.01204
aw_fromtape,Airwindows,tape playback,aw-tape,softer_1,161.27,1.8e-05,3150.0,-0.0,0.0,0.0,0.0107,0.00814,0.01204
aw_fromtape,Airwindows,tape playback,aw-tape,softer_1,2.0,0.0,3150.0,-0.0,0.0,0.0,0.0107,0.00814,0.01204
aw_fromtape,Airwindows,tape playback,aw-tape,softer_1,2.52,0.0,3150.0,-0.0,0.0,0.0,0.0107,0.00814,0.01204
aw_fromtape,Airwindows,tape playback,aw-tape,softer_1,20.159,0.0,3150.0,-0.0,0.0,0.0,0.0107,0.00814,0.01204
aw_fromtape,Airwindows,tape playback,aw-tape,softer_1,203.187,0.0,3150.0,-0.0,0.0,0.0,0.0107,0.00814,0.01204
aw_fromtape,Airwindows,tape playback,aw-tape,softer_1,25.398,0.0,3150.0,-0.0,0.0,0.0,0.0107,0.00814,0.01204
aw_fromtape,Airwindows,tape playback,aw-tape,softer_1,3.175,0.0,3150.0,-0.0,0.0,0.0,0.0107,0.00814,0.01204
aw_fromtape,Airwindows,tape playback,aw-tape,softer_1,32.0,0.0,3150.0,-0.0,0.0,0.0,0.0107,0.00814,0.01204
aw_fromtape,Airwindows,tape playback,aw-tape,softer_1,4.0,0.0,3150.0,-0.0,0.0,0.0,0.0107,0.00814,0.01204
aw_fromtape,Airwindows,tape playback,aw-tape,softer_1,40.317,0.0,3150.0,-0.0,0.0,0.0,0.0107,0.00814,0.01204
aw_fromtape,Airwindows,tape playback,aw-tape,softer_1,5.04,0.0,3150.0,-0.0,0.0,0.0,0.0107,0.00814,0.01204
aw_fromtape,Airwindows,tape playback,aw-tape,softer_1,50.797,0.0,3150.0,-0.0,0.0,0.0,0.0107,0.00814,0.01204
aw_fromtape,Airwindows,tape playback,aw-tape,softer_1,6.35,0.0,3150.0,-0.0,0.0,0.0,0.0107,0.00814,0.01204
aw_fromtape,Airwindows,tape playback,aw-tape,softer_1,64.0,0.0,3150.0,-0.0,0.0,0.0,0.0107,0.00814,0.01204
aw_fromtape,Airwindows,tape playback,aw-tape,softer_1,8.0,0.0,3150.0,-0.0,0.0,0.0,0.0107,0.00814,0.01204
aw_fromtape,Airwindows,tape playback,aw-tape,softer_1,80.635,0.0,3150.0,-0.0,0.0,0.0,0.0107,0.00814,0.01204
aw_ironoxide5,Airwindows,tape,aw-tape,input_trim_0.25,0.198,2.2e-05,3150.0,0.0,0.00271,0.06987,0.00358,0.05028,0.1664
aw_ironoxide5,Airwindows,tape,aw-tape,input_trim_0.25,0.397,4e-05,3150.0,0.0,0.00271,0.06987,0.00358,0.05028,0.1664
aw_ironoxide5,Airwindows,tape,aw-tape,input_trim_0.25,0.5,5.2e-05,3150.0,0.0,0.00271,0.06987,0.00358,0.05028,0.1664
aw_ironoxide5,Airwindows,tape,aw-tape,input_trim_0.25,0.794,5.1e-05,3150.0,0.0,0.00271,0.06987,0.00358,0.05028,0.1664
aw_ironoxide5,Airwindows,tape,aw-tape,input_trim_0.25,1.0,0.000165,3150.0,0.0,0.00271,0.06987,0.00358,0.05028,0.1664
aw_ironoxide5,Airwindows,tape,aw-tape,input_trim_0.25,1.26,0.000235,3150.0,0.0,0.00271,0.06987,0.00358,0.05028,0.1664
aw_ironoxide5,Airwindows,tape,aw-tape,input_trim_0.25,1.587,0.000275,3150.0,0.0,0.00271,0.06987,0.00358,0.05028,0.1664
aw_ironoxide5,Airwindows,tape,aw-tape,input_trim_0.25,10.079,0.012111,3150.0,0.0,0.00271,0.06987,0.00358,0.05028,0.1664
aw_ironoxide5,Airwindows,tape,aw-tape,input_trim_0.25,101.594,0.002761,3150.0,0.0,0.00271,0.06987,0.00358,0.05028,0.1664
aw_ironoxide5,Airwindows,tape,aw-tape,input_trim_0.25,12.699,0.011577,3150.0,0.0,0.00271,0.06987,0.00358,0.05028,0.1664
aw_ironoxide5,Airwindows,tape,aw-tape,input_trim_0.25,128.0,0.001839,3150.0,0.0,0.00271,0.06987,0.00358,0.05028,0.1664
aw_ironoxide5,Airwindows,tape,aw-tape,input_trim_0.25,16.0,0.017381,3150.0,0.0,0.00271,0.06987,0.00358,0.05028,0.1664
aw_ironoxide5,Airwindows,tape,aw-tape,input_trim_0.25,161.27,0.001317,3150.0,0.0,0.00271,0.06987,0.00358,0.05028,0.1664
aw_ironoxide5,Airwindows,tape,aw-tape,input_trim_0.25,2.0,0.000452,3150.0,0.0,0.00271,0.06987,0.00358,0.05028,0.1664
aw_ironoxide5,Airwindows,tape,aw-tape,input_trim_0.25,2.52,0.0007,3150.0,0.0,0.00271,0.06987,0.00358,0.05028,0.1664
aw_ironoxide5,Airwindows,tape,aw-tape,input_trim_0.25,20.159,0.018945,3150.0,0.0,0.00271,0.06987,0.00358,0.05028,0.1664
aw_ironoxide5,Airwindows,tape,aw-tape,input_trim_0.25,203.187,0.001108,3150.0,0.0,0.00271,0.06987,0.00358,0.05028,0.1664
aw_ironoxide5,Airwindows,tape,aw-tape,input_trim_0.25,25.398,0.02221,3150.0,0.0,0.00271,0.06987,0.00358,0.05028,0.1664
aw_ironoxide5,Airwindows,tape,aw-tape,input_trim_0.25,3.175,0.001843,3150.0,0.0,0.00271,0.06987,0.00358,0.05028,0.1664
aw_ironoxide5,Airwindows,tape,aw-tape,input_trim_0.25,32.0,0.047468,3150.0,0.0,0.00271,0.06987,0.00358,0.05028,0.1664
aw_ironoxide5,Airwindows,tape,aw-tape,input_trim_0.25,4.0,0.003405,3150.0,0.0,0.00271,0.06987,0.00358,0.05028,0.1664
aw_ironoxide5,Airwindows,tape,aw-tape,input_trim_0.25,40.317,0.028131,3150.0,0.0,0.00271,0.06987,0.00358,0.05028,0.1664
aw_ironoxide5,Airwindows,tape,aw-tape,input_trim_0.25,5.04,0.004245,3150.0,0.0,0.00271,0.06987,0.00358,0.05028,0.1664
aw_ironoxide5,Airwindows,tape,aw-tape,input_trim_0.25,50.797,0.014411,3150.0,0.0,0.00271,0.06987,0.00358,0.05028,0.1664
aw_ironoxide5,Airwindows,tape,aw-tape,input_trim_0.25,6.35,0.004827,3150.0,0.0,0.00271,0.06987,0.00358,0.05028,0.1664
aw_ironoxide5,Airwindows,tape,aw-tape,input_trim_0.25,64.0,0.008625,3150.0,0.0,0.00271,0.06987,0.00358,0.05028,0.1664
aw_ironoxide5,Airwindows,tape,aw-tape,input_trim_0.25,8.0,0.007455,3150.0,0.0,0.00271,0.06987,0.00358,0.05028,0.1664
aw_ironoxide5,Airwindows,tape,aw-tape,input_trim_0.25,80.635,0.003257,3150.0,0.0,0.00271,0.06987,0.00358,0.05028,0.1664
aw_ironoxide5,Airwindows,tape,aw-tape,input_trim_0.5,0.198,8e-06,3150.0,-0.0,0.00307,0.06359,0.00353,0.04963,0.16673
aw_ironoxide5,Airwindows,tape,aw-tape,input_trim_0.5,0.397,1.5e-05,3150.0,-0.0,0.00307,0.06359,0.00353,0.04963,0.16673
aw_ironoxide5,Airwindows,tape,aw-tape,input_trim_0.5,0.5,5.5e-05,3150.0,-0.0,0.00307,0.06359,0.00353,0.04963,0.16673
aw_ironoxide5,Airwindows,tape,aw-tape,input_trim_0.5,0.794,0.000127,3150.0,-0.0,0.00307,0.06359,0.00353,0.04963,0.16673
aw_ironoxide5,Airwindows,tape,aw-tape,input_trim_0.5,1.0,0.000171,3150.0,-0.0,0.00307,0.06359,0.00353,0.04963,0.16673
aw_ironoxide5,Airwindows,tape,aw-tape,input_trim_0.5,1.26,0.00016,3150.0,-0.0,0.00307,0.06359,0.00353,0.04963,0.16673
aw_ironoxide5,Airwindows,tape,aw-tape,input_trim_0.5,1.587,0.000131,3150.0,-0.0,0.00307,0.06359,0.00353,0.04963,0.16673
aw_ironoxide5,Airwindows,tape,aw-tape,input_trim_0.5,10.079,0.010525,3150.0,-0.0,0.00307,0.06359,0.00353,0.04963,0.16673
aw_ironoxide5,Airwindows,tape,aw-tape,input_trim_0.5,101.594,0.002682,3150.0,-0.0,0.00307,0.06359,0.00353,0.04963,0.16673
aw_ironoxide5,Airwindows,tape,aw-tape,input_trim_0.5,12.699,0.010301,3150.0,-0.0,0.00307,0.06359,0.00353,0.04963,0.16673
aw_ironoxide5,Airwindows,tape,aw-tape,input_trim_0.5,128.0,0.001659,3150.0,-0.0,0.00307,0.06359,0.00353,0.04963,0.16673
aw_ironoxide5,Airwindows,tape,aw-tape,input_trim_0.5,16.0,0.019427,3150.0,-0.0,0.00307,0.06359,0.00353,0.04963,0.16673
aw_ironoxide5,Airwindows,tape,aw-tape,input_trim_0.5,161.27,0.001376,3150.0,-0.0,0.00307,0.06359,0.00353,0.04963,0.16673
aw_ironoxide5,Airwindows,tape,aw-tape,input_trim_0.5,2.0,0.000808,3150.0,-0.0,0.00307,0.06359,0.00353,0.04963,0.16673
aw_ironoxide5,Airwindows,tape,aw-tape,input_trim_0.5,2.52,0.001235,3150.0,-0.0,0.00307,0.06359,0.00353,0.04963,0.16673
aw_ironoxide5,Airwindows,tape,aw-tape,input_trim_0.5,20.159,0.020607,3150.0,-0.0,0.00307,0.06359,0.00353,0.04963,0.16673
aw_ironoxide5,Airwindows,tape,aw-tape,input_trim_0.5,203.187,0.001109,3150.0,-0.0,0.00307,0.06359,0.00353,0.04963,0.16673
aw_ironoxide5,Airwindows,tape,aw-tape,input_trim_0.5,25.398,0.028765,3150.0,-0.0,0.00307,0.06359,0.00353,0.04963,0.16673
aw_ironoxide5,Airwindows,tape,aw-tape,input_trim_0.5,3.175,0.002172,3150.0,-0.0,0.00307,0.06359,0.00353,0.04963,0.16673
aw_ironoxide5,Airwindows,tape,aw-tape,input_trim_0.5,32.0,0.034285,3150.0,-0.0,0.00307,0.06359,0.00353,0.04963,0.16673
aw_ironoxide5,Airwindows,tape,aw-tape,input_trim_0.5,4.0,0.002776,3150.0,-0.0,0.00307,0.06359,0.00353,0.04963,0.16673
aw_ironoxide5,Airwindows,tape,aw-tape,input_trim_0.5,40.317,0.024615,3150.0,-0.0,0.00307,0.06359,0.00353,0.04963,0.16673
aw_ironoxide5,Airwindows,tape,aw-tape,input_trim_0.5,5.04,0.005133,3150.0,-0.0,0.00307,0.06359,0.00353,0.04963,0.16673
aw_ironoxide5,Airwindows,tape,aw-tape,input_trim_0.5,50.797,0.014567,3150.0,-0.0,0.00307,0.06359,0.00353,0.04963,0.16673
aw_ironoxide5,Airwindows,tape,aw-tape,input_trim_0.5,6.35,0.004869,3150.0,-0.0,0.00307,0.06359,0.00353,0.04963,0.16673
aw_ironoxide5,Airwindows,tape,aw-tape,input_trim_0.5,64.0,0.008417,3150.0,-0.0,0.00307,0.06359,0.00353,0.04963,0.16673
aw_ironoxide5,Airwindows,tape,aw-tape,input_trim_0.5,8.0,0.007883,3150.0,-0.0,0.00307,0.06359,0.00353,0.04963,0.16673
aw_ironoxide5,Airwindows,tape,aw-tape,input_trim_0.5,80.635,0.003463,3150.0,-0.0,0.00307,0.06359,0.00353,0.04963,0.16673
aw_ironoxide5,Airwindows,tape,aw-tape,input_trim_0.75,0.198,1.9e-05,3149.999,-0.0,0.00218,0.07374,0.00388,0.0504,0.16339
aw_ironoxide5,Airwindows,tape,aw-tape,input_trim_0.75,0.397,1.2e-05,3149.999,-0.0,0.00218,0.07374,0.00388,0.0504,0.16339
aw_ironoxide5,Airwindows,tape,aw-tape,input_trim_0.75,0.5,6.2e-05,3149.999,-0.0,0.00218,0.07374,0.00388,0.0504,0.16339
aw_ironoxide5,Airwindows,tape,aw-tape,input_trim_0.75,0.794,8e-05,3149.999,-0.0,0.00218,0.07374,0.00388,0.0504,0.16339
aw_ironoxide5,Airwindows,tape,aw-tape,input_trim_0.75,1.0,0.00011,3149.999,-0.0,0.00218,0.07374,0.00388,0.0504,0.16339
aw_ironoxide5,Airwindows,tape,aw-tape,input_trim_0.75,1.26,0.000109,3149.999,-0.0,0.00218,0.07374,0.00388,0.0504,0.16339
aw_ironoxide5,Airwindows,tape,aw-tape,input_trim_0.75,1.587,0.000282,3149.999,-0.0,0.00218,0.07374,0.00388,0.0504,0.16339
aw_ironoxide5,Airwindows,tape,aw-tape,input_trim_0.75,10.079,0.009185,3149.999,-0.0,0.00218,0.07374,0.00388,0.0504,0.16339
aw_ironoxide5,Airwindows,tape,aw-tape,input_trim_0.75,101.594,0.00313,3149.999,-0.0,0.00218,0.07374,0.00388,0.0504,0.16339
aw_ironoxide5,Airwindows,tape,aw-tape,input_trim_0.75,12.699,0.014343,3149.999,-0.0,0.00218,0.07374,0.00388,0.0504,0.16339
aw_ironoxide5,Airwindows,tape,aw-tape,input_trim_0.75,128.0,0.001969,3149.999,-0.0,0.00218,0.07374,0.00388,0.0504,0.16339
aw_ironoxide5,Airwindows,tape,aw-tape,input_trim_0.75,16.0,0.016764,3149.999,-0.0,0.00218,0.07374,0.00388,0.0504,0.16339
aw_ironoxide5,Airwindows,tape,aw-tape,input_trim_0.75,161.27,0.001547,3149.999,-0.0,0.00218,0.07374,0.00388,0.0504,0.16339
aw_ironoxide5,Airwindows,tape,aw-tape,input_trim_0.75,2.0,0.000467,3149.999,-0.0,0.00218,0.07374,0.00388,0.0504,0.16339
aw_ironoxide5,Airwindows,tape,aw-tape,input_trim_0.75,2.52,0.000615,3149.999,-0.0,0.00218,0.07374,0.00388,0.0504,0.16339
aw_ironoxide5,Airwindows,tape,aw-tape,input_trim_0.75,20.159,0.021975,3149.999,-0.0,0.00218,0.07374,0.00388,0.0504,0.16339
aw_ironoxide5,Airwindows,tape,aw-tape,input_trim_0.75,203.187,0.00117,3149.999,-0.0,0.00218,0.07374,0.00388,0.0504,0.16339
aw_ironoxide5,Airwindows,tape,aw-tape,input_trim_0.75,25.398,0.036244,3149.999,-0.0,0.00218,0.07374,0.00388,0.0504,0.16339
aw_ironoxide5,Airwindows,tape,aw-tape,input_trim_0.75,3.175,0.001188,3149.999,-0.0,0.00218,0.07374,0.00388,0.0504,0.16339
aw_ironoxide5,Airwindows,tape,aw-tape,input_trim_0.75,32.0,0.045551,3149.999,-0.0,0.00218,0.07374,0.00388,0.0504,0.16339
aw_ironoxide5,Airwindows,tape,aw-tape,input_trim_0.75,4.0,0.002148,3149.999,-0.0,0.00218,0.07374,0.00388,0.0504,0.16339
aw_ironoxide5,Airwindows,tape,aw-tape,input_trim_0.75,40.317,0.022122,3149.999,-0.0,0.00218,0.07374,0.00388,0.0504,0.16339
aw_ironoxide5,Airwindows,tape,aw-tape,input_trim_0.75,5.04,0.002835,3149.999,-0.0,0.00218,0.07374,0.00388,0.0504,0.16339
aw_ironoxide5,Airwindows,tape,aw-tape,input_trim_0.75,50.797,0.017304,3149.999,-0.0,0.00218,0.07374,0.00388,0.0504,0.16339
aw_ironoxide5,Airwindows,tape,aw-tape,input_trim_0.75,6.35,0.00433,3149.999,-0.0,0.00218,0.07374,0.00388,0.0504,0.16339
aw_ironoxide5,Airwindows,tape,aw-tape,input_trim_0.75,64.0,0.010004,3149.999,-0.0,0.00218,0.07374,0.00388,0.0504,0.16339
aw_ironoxide5,Airwindows,tape,aw-tape,input_trim_0.75,8.0,0.0076,3149.999,-0.0,0.00218,0.07374,0.00388,0.0504,0.16339
aw_ironoxide5,Airwindows,tape,aw-tape,input_trim_0.75,80.635,0.003714,3149.999,-0.0,0.00218,0.07374,0.00388,0.0504,0.16339
aw_ironoxide5,Airwindows,tape,aw-tape,matched_thd_0.1_pct,0.198,2.4e-05,3150.001,0.0,0.00332,0.05683,0.0032,0.04944,0.16572
aw_ironoxide5,Airwindows,tape,aw-tape,matched_thd_0.1_pct,0.397,7e-06,3150.001,0.0,0.00332,0.05683,0.0032,0.04944,0.16572
aw_ironoxide5,Airwindows,tape,aw-tape,matched_thd_0.1_pct,0.5,7.8e-05,3150.001,0.0,0.00332,0.05683,0.0032,0.04944,0.16572
aw_ironoxide5,Airwindows,tape,aw-tape,matched_thd_0.1_pct,0.794,0.000113,3150.001,0.0,0.00332,0.05683,0.0032,0.04944,0.16572
aw_ironoxide5,Airwindows,tape,aw-tape,matched_thd_0.1_pct,1.0,0.000166,3150.001,0.0,0.00332,0.05683,0.0032,0.04944,0.16572
aw_ironoxide5,Airwindows,tape,aw-tape,matched_thd_0.1_pct,1.26,0.00026,3150.001,0.0,0.00332,0.05683,0.0032,0.04944,0.16572
aw_ironoxide5,Airwindows,tape,aw-tape,matched_thd_0.1_pct,1.587,0.000418,3150.001,0.0,0.00332,0.05683,0.0032,0.04944,0.16572
aw_ironoxide5,Airwindows,tape,aw-tape,matched_thd_0.1_pct,10.079,0.008444,3150.001,0.0,0.00332,0.05683,0.0032,0.04944,0.16572
aw_ironoxide5,Airwindows,tape,aw-tape,matched_thd_0.1_pct,101.594,0.002305,3150.001,0.0,0.00332,0.05683,0.0032,0.04944,0.16572
aw_ironoxide5,Airwindows,tape,aw-tape,matched_thd_0.1_pct,12.699,0.010585,3150.001,0.0,0.00332,0.05683,0.0032,0.04944,0.16572
aw_ironoxide5,Airwindows,tape,aw-tape,matched_thd_0.1_pct,128.0,0.001648,3150.001,0.0,0.00332,0.05683,0.0032,0.04944,0.16572
aw_ironoxide5,Airwindows,tape,aw-tape,matched_thd_0.1_pct,16.0,0.014192,3150.001,0.0,0.00332,0.05683,0.0032,0.04944,0.16572
aw_ironoxide5,Airwindows,tape,aw-tape,matched_thd_0.1_pct,161.27,0.00132,3150.001,0.0,0.00332,0.05683,0.0032,0.04944,0.16572
aw_ironoxide5,Airwindows,tape,aw-tape,matched_thd_0.1_pct,2.0,0.001168,3150.001,0.0,0.00332,0.05683,0.0032,0.04944,0.16572
aw_ironoxide5,Airwindows,tape,aw-tape,matched_thd_0.1_pct,2.52,0.002388,3150.001,0.0,0.00332,0.05683,0.0032,0.04944,0.16572
aw_ironoxide5,Airwindows,tape,aw-tape,matched_thd_0.1_pct,20.159,0.02078,3150.001,0.0,0.00332,0.05683,0.0032,0.04944,0.16572
aw_ironoxide5,Airwindows,tape,aw-tape,matched_thd_0.1_pct,203.187,0.000984,3150.001,0.0,0.00332,0.05683,0.0032,0.04944,0.16572
aw_ironoxide5,Airwindows,tape,aw-tape,matched_thd_0.1_pct,25.398,0.026454,3150.001,0.0,0.00332,0.05683,0.0032,0.04944,0.16572
aw_ironoxide5,Airwindows,tape,aw-tape,matched_thd_0.1_pct,3.175,0.001639,3150.001,0.0,0.00332,0.05683,0.0032,0.04944,0.16572
aw_ironoxide5,Airwindows,tape,aw-tape,matched_thd_0.1_pct,32.0,0.028492,3150.001,0.0,0.00332,0.05683,0.0032,0.04944,0.16572
aw_ironoxide5,Airwindows,tape,aw-tape,matched_thd_0.1_pct,4.0,0.003598,3150.001,0.0,0.00332,0.05683,0.0032,0.04944,0.16572
aw_ironoxide5,Airwindows,tape,aw-tape,matched_thd_0.1_pct,40.317,0.023066,3150.001,0.0,0.00332,0.05683,0.0032,0.04944,0.16572
aw_ironoxide5,Airwindows,tape,aw-tape,matched_thd_0.1_pct,5.04,0.006105,3150.001,0.0,0.00332,0.05683,0.0032,0.04944,0.16572
aw_ironoxide5,Airwindows,tape,aw-tape,matched_thd_0.1_pct,50.797,0.013689,3150.001,0.0,0.00332,0.05683,0.0032,0.04944,0.16572
aw_ironoxide5,Airwindows,tape,aw-tape,matched_thd_0.1_pct,6.35,0.006711,3150.001,0.0,0.00332,0.05683,0.0032,0.04944,0.16572
aw_ironoxide5,Airwindows,tape,aw-tape,matched_thd_0.1_pct,64.0,0.006317,3150.001,0.0,0.00332,0.05683,0.0032,0.04944,0.16572
aw_ironoxide5,Airwindows,tape,aw-tape,matched_thd_0.1_pct,8.0,0.005861,3150.001,0.0,0.00332,0.05683,0.0032,0.04944,0.16572
aw_ironoxide5,Airwindows,tape,aw-tape,matched_thd_0.1_pct,80.635,0.003351,3150.001,0.0,0.00332,0.05683,0.0032,0.04944,0.16572
aw_ironoxide5,Airwindows,tape,aw-tape,matched_thd_1_pct,0.198,2.9e-05,3150.0,0.0,0.002,0.07488,0.00365,0.04577,0.16647
aw_ironoxide5,Airwindows,tape,aw-tape,matched_thd_1_pct,0.397,2.3e-05,3150.0,0.0,0.002,0.07488,0.00365,0.04577,0.16647
aw_ironoxide5,Airwindows,tape,aw-tape,matched_thd_1_pct,0.5,3.2e-05,3150.0,0.0,0.002,0.07488,0.00365,0.04577,0.16647
aw_ironoxide5,Airwindows,tape,aw-tape,matched_thd_1_pct,0.794,4.1e-05,3150.0,0.0,0.002,0.07488,0.00365,0.04577,0.16647
aw_ironoxide5,Airwindows,tape,aw-tape,matched_thd_1_pct,1.0,8.3e-05,3150.0,0.0,0.002,0.07488,0.00365,0.04577,0.16647
aw_ironoxide5,Airwindows,tape,aw-tape,matched_thd_1_pct,1.26,5.6e-05,3150.0,0.0,0.002,0.07488,0.00365,0.04577,0.16647
aw_ironoxide5,Airwindows,tape,aw-tape,matched_thd_1_pct,1.587,0.000275,3150.0,0.0,0.002,0.07488,0.00365,0.04577,0.16647
aw_ironoxide5,Airwindows,tape,aw-tape,matched_thd_1_pct,10.079,0.006977,3150.0,0.0,0.002,0.07488,0.00365,0.04577,0.16647
aw_ironoxide5,Airwindows,tape,aw-tape,matched_thd_1_pct,101.594,0.00265,3150.0,0.0,0.002,0.07488,0.00365,0.04577,0.16647
aw_ironoxide5,Airwindows,tape,aw-tape,matched_thd_1_pct,12.699,0.010958,3150.0,0.0,0.002,0.07488,0.00365,0.04577,0.16647
aw_ironoxide5,Airwindows,tape,aw-tape,matched_thd_1_pct,128.0,0.001898,3150.0,0.0,0.002,0.07488,0.00365,0.04577,0.16647
aw_ironoxide5,Airwindows,tape,aw-tape,matched_thd_1_pct,16.0,0.025182,3150.0,0.0,0.002,0.07488,0.00365,0.04577,0.16647
aw_ironoxide5,Airwindows,tape,aw-tape,matched_thd_1_pct,161.27,0.001399,3150.0,0.0,0.002,0.07488,0.00365,0.04577,0.16647
aw_ironoxide5,Airwindows,tape,aw-tape,matched_thd_1_pct,2.0,0.000261,3150.0,0.0,0.002,0.07488,0.00365,0.04577,0.16647
aw_ironoxide5,Airwindows,tape,aw-tape,matched_thd_1_pct,2.52,0.001054,3150.0,0.0,0.002,0.07488,0.00365,0.04577,0.16647
aw_ironoxide5,Airwindows,tape,aw-tape,matched_thd_1_pct,20.159,0.026357,3150.0,0.0,0.002,0.07488,0.00365,0.04577,0.16647
aw_ironoxide5,Airwindows,tape,aw-tape,matched_thd_1_pct,203.187,0.001124,3150.0,0.0,0.002,0.07488,0.00365,0.04577,0.16647
aw_ironoxide5,Airwindows,tape,aw-tape,matched_thd_1_pct,25.398,0.032275,3150.0,0.0,0.002,0.07488,0.00365,0.04577,0.16647
aw_ironoxide5,Airwindows,tape,aw-tape,matched_thd_1_pct,3.175,0.001555,3150.0,0.0,0.002,0.07488,0.00365,0.04577,0.16647
aw_ironoxide5,Airwindows,tape,aw-tape,matched_thd_1_pct,32.0,0.038411,3150.0,0.0,0.002,0.07488,0.00365,0.04577,0.16647
aw_ironoxide5,Airwindows,tape,aw-tape,matched_thd_1_pct,4.0,0.001164,3150.0,0.0,0.002,0.07488,0.00365,0.04577,0.16647
aw_ironoxide5,Airwindows,tape,aw-tape,matched_thd_1_pct,40.317,0.036161,3150.0,0.0,0.002,0.07488,0.00365,0.04577,0.16647
aw_ironoxide5,Airwindows,tape,aw-tape,matched_thd_1_pct,5.04,0.003174,3150.0,0.0,0.002,0.07488,0.00365,0.04577,0.16647
aw_ironoxide5,Airwindows,tape,aw-tape,matched_thd_1_pct,50.797,0.012415,3150.0,0.0,0.002,0.07488,0.00365,0.04577,0.16647
aw_ironoxide5,Airwindows,tape,aw-tape,matched_thd_1_pct,6.35,0.003508,3150.0,0.0,0.002,0.07488,0.00365,0.04577,0.16647
aw_ironoxide5,Airwindows,tape,aw-tape,matched_thd_1_pct,64.0,0.007436,3150.0,0.0,0.002,0.07488,0.00365,0.04577,0.16647
aw_ironoxide5,Airwindows,tape,aw-tape,matched_thd_1_pct,8.0,0.006082,3150.0,0.0,0.002,0.07488,0.00365,0.04577,0.16647
aw_ironoxide5,Airwindows,tape,aw-tape,matched_thd_1_pct,80.635,0.00341,3150.0,0.0,0.002,0.07488,0.00365,0.04577,0.16647
aw_ironoxide5,Airwindows,tape,aw-tape,matched_thd_3_pct,0.198,1.3e-05,3150.0,-0.0,0.00187,0.06879,0.00376,0.05148,0.16632
aw_ironoxide5,Airwindows,tape,aw-tape,matched_thd_3_pct,0.397,7e-06,3150.0,-0.0,0.00187,0.06879,0.00376,0.05148,0.16632
aw_ironoxide5,Airwindows,tape,aw-tape,matched_thd_3_pct,0.5,1.6e-05,3150.0,-0.0,0.00187,0.06879,0.00376,0.05148,0.16632
aw_ironoxide5,Airwindows,tape,aw-tape,matched_thd_3_pct,0.794,3.6e-05,3150.0,-0.0,0.00187,0.06879,0.00376,0.05148,0.16632
aw_ironoxide5,Airwindows,tape,aw-tape,matched_thd_3_pct,1.0,0.000117,3150.0,-0.0,0.00187,0.06879,0.00376,0.05148,0.16632
aw_ironoxide5,Airwindows,tape,aw-tape,matched_thd_3_pct,1.26,6.7e-05,3150.0,-0.0,0.00187,0.06879,0.00376,0.05148,0.16632
aw_ironoxide5,Airwindows,tape,aw-tape,matched_thd_3_pct,1.587,0.000195,3150.0,-0.0,0.00187,0.06879,0.00376,0.05148,0.16632
aw_ironoxide5,Airwindows,tape,aw-tape,matched_thd_3_pct,10.079,0.013716,3150.0,-0.0,0.00187,0.06879,0.00376,0.05148,0.16632
aw_ironoxide5,Airwindows,tape,aw-tape,matched_thd_3_pct,101.594,0.002707,3150.0,-0.0,0.00187,0.06879,0.00376,0.05148,0.16632
aw_ironoxide5,Airwindows,tape,aw-tape,matched_thd_3_pct,12.699,0.011546,3150.0,-0.0,0.00187,0.06879,0.00376,0.05148,0.16632
aw_ironoxide5,Airwindows,tape,aw-tape,matched_thd_3_pct,128.0,0.001917,3150.0,-0.0,0.00187,0.06879,0.00376,0.05148,0.16632
aw_ironoxide5,Airwindows,tape,aw-tape,matched_thd_3_pct,16.0,0.02601,3150.0,-0.0,0.00187,0.06879,0.00376,0.05148,0.16632
aw_ironoxide5,Airwindows,tape,aw-tape,matched_thd_3_pct,161.27,0.001459,3150.0,-0.0,0.00187,0.06879,0.00376,0.05148,0.16632
aw_ironoxide5,Airwindows,tape,aw-tape,matched_thd_3_pct,2.0,0.000264,3150.0,-0.0,0.00187,0.06879,0.00376,0.05148,0.16632
aw_ironoxide5,Airwindows,tape,aw-tape,matched_thd_3_pct,2.52,0.000523,3150.0,-0.0,0.00187,0.06879,0.00376,0.05148,0.16632
aw_ironoxide5,Airwindows,tape,aw-tape,matched_thd_3_pct,20.159,0.02299,3150.0,-0.0,0.00187,0.06879,0.00376,0.05148,0.16632
aw_ironoxide5,Airwindows,tape,aw-tape,matched_thd_3_pct,203.187,0.001162,3150.0,-0.0,0.00187,0.06879,0.00376,0.05148,0.16632
aw_ironoxide5,Airwindows,tape,aw-tape,matched_thd_3_pct,25.398,0.027865,3150.0,-0.0,0.00187,0.06879,0.00376,0.05148,0.16632
aw_ironoxide5,Airwindows,tape,aw-tape,matched_thd_3_pct,3.175,0.001407,3150.0,-0.0,0.00187,0.06879,0.00376,0.05148,0.16632
aw_ironoxide5,Airwindows,tape,aw-tape,matched_thd_3_pct,32.0,0.032657,3150.0,-0.0,0.00187,0.06879,0.00376,0.05148,0.16632
aw_ironoxide5,Airwindows,tape,aw-tape,matched_thd_3_pct,4.0,0.001618,3150.0,-0.0,0.00187,0.06879,0.00376,0.05148,0.16632
aw_ironoxide5,Airwindows,tape,aw-tape,matched_thd_3_pct,40.317,0.030051,3150.0,-0.0,0.00187,0.06879,0.00376,0.05148,0.16632
aw_ironoxide5,Airwindows,tape,aw-tape,matched_thd_3_pct,5.04,0.002161,3150.0,-0.0,0.00187,0.06879,0.00376,0.05148,0.16632
aw_ironoxide5,Airwindows,tape,aw-tape,matched_thd_3_pct,50.797,0.017864,3150.0,-0.0,0.00187,0.06879,0.00376,0.05148,0.16632
aw_ironoxide5,Airwindows,tape,aw-tape,matched_thd_3_pct,6.35,0.005468,3150.0,-0.0,0.00187,0.06879,0.00376,0.05148,0.16632
aw_ironoxide5,Airwindows,tape,aw-tape,matched_thd_3_pct,64.0,0.007488,3150.0,-0.0,0.00187,0.06879,0.00376,0.05148,0.16632
aw_ironoxide5,Airwindows,tape,aw-tape,matched_thd_3_pct,8.0,0.005565,3150.0,-0.0,0.00187,0.06879,0.00376,0.05148,0.16632
aw_ironoxide5,Airwindows,tape,aw-tape,matched_thd_3_pct,80.635,0.003833,3150.0,-0.0,0.00187,0.06879,0.00376,0.05148,0.16632
aw_ironoxideclassic2,Airwindows,"tape, the older algorithm",aw-tape,input_trim_0.25,0.198,0.0,3150.0,-0.0,0.0,0.0,0.0,0.0,0.0
aw_ironoxideclassic2,Airwindows,"tape, the older algorithm",aw-tape,input_trim_0.25,0.397,0.0,3150.0,-0.0,0.0,0.0,0.0,0.0,0.0
aw_ironoxideclassic2,Airwindows,"tape, the older algorithm",aw-tape,input_trim_0.25,0.5,0.0,3150.0,-0.0,0.0,0.0,0.0,0.0,0.0
aw_ironoxideclassic2,Airwindows,"tape, the older algorithm",aw-tape,input_trim_0.25,0.794,0.0,3150.0,-0.0,0.0,0.0,0.0,0.0,0.0
aw_ironoxideclassic2,Airwindows,"tape, the older algorithm",aw-tape,input_trim_0.25,1.0,0.0,3150.0,-0.0,0.0,0.0,0.0,0.0,0.0
aw_ironoxideclassic2,Airwindows,"tape, the older algorithm",aw-tape,input_trim_0.25,1.26,0.0,3150.0,-0.0,0.0,0.0,0.0,0.0,0.0
aw_ironoxideclassic2,Airwindows,"tape, the older algorithm",aw-tape,input_trim_0.25,1.587,0.0,3150.0,-0.0,0.0,0.0,0.0,0.0,0.0
aw_ironoxideclassic2,Airwindows,"tape, the older algorithm",aw-tape,input_trim_0.25,10.079,0.0,3150.0,-0.0,0.0,0.0,0.0,0.0,0.0
aw_ironoxideclassic2,Airwindows,"tape, the older algorithm",aw-tape,input_trim_0.25,101.594,0.0,3150.0,-0.0,0.0,0.0,0.0,0.0,0.0
aw_ironoxideclassic2,Airwindows,"tape, the older algorithm",aw-tape,input_trim_0.25,12.699,0.0,3150.0,-0.0,0.0,0.0,0.0,0.0,0.0
aw_ironoxideclassic2,Airwindows,"tape, the older algorithm",aw-tape,input_trim_0.25,128.0,0.0,3150.0,-0.0,0.0,0.0,0.0,0.0,0.0
aw_ironoxideclassic2,Airwindows,"tape, the older algorithm",aw-tape,input_trim_0.25,16.0,0.0,3150.0,-0.0,0.0,0.0,0.0,0.0,0.0
aw_ironoxideclassic2,Airwindows,"tape, the older algorithm",aw-tape,input_trim_0.25,161.27,0.0,3150.0,-0.0,0.0,0.0,0.0,0.0,0.0
aw_ironoxideclassic2,Airwindows,"tape, the older algorithm",aw-tape,input_trim_0.25,2.0,0.0,3150.0,-0.0,0.0,0.0,0.0,0.0,0.0
aw_ironoxideclassic2,Airwindows,"tape, the older algorithm",aw-tape,input_trim_0.25,2.52,0.0,3150.0,-0.0,0.0,0.0,0.0,0.0,0.0
aw_ironoxideclassic2,Airwindows,"tape, the older algorithm",aw-tape,input_trim_0.25,20.159,0.0,3150.0,-0.0,0.0,0.0,0.0,0.0,0.0
aw_ironoxideclassic2,Airwindows,"tape, the older algorithm",aw-tape,input_trim_0.25,203.187,0.0,3150.0,-0.0,0.0,0.0,0.0,0.0,0.0
aw_ironoxideclassic2,Airwindows,"tape, the older algorithm",aw-tape,input_trim_0.25,25.398,0.0,3150.0,-0.0,0.0,0.0,0.0,0.0,0.0
aw_ironoxideclassic2,Airwindows,"tape, the older algorithm",aw-tape,input_trim_0.25,3.175,0.0,3150.0,-0.0,0.0,0.0,0.0,0.0,0.0
aw_ironoxideclassic2,Airwindows,"tape, the older algorithm",aw-tape,input_trim_0.25,32.0,0.0,3150.0,-0.0,0.0,0.0,0.0,0.0,0.0
aw_ironoxideclassic2,Airwindows,"tape, the older algorithm",aw-tape,input_trim_0.25,4.0,0.0,3150.0,-0.0,0.0,0.0,0.0,0.0,0.0
aw_ironoxideclassic2,Airwindows,"tape, the older algorithm",aw-tape,input_trim_0.25,40.317,0.0,3150.0,-0.0,0.0,0.0,0.0,0.0,0.0
aw_ironoxideclassic2,Airwindows,"tape, the older algorithm",aw-tape,input_trim_0.25,5.04,0.0,3150.0,-0.0,0.0,0.0,0.0,0.0,0.0
aw_ironoxideclassic2,Airwindows,"tape, the older algorithm",aw-tape,input_trim_0.25,50.797,0.0,3150.0,-0.0,0.0,0.0,0.0,0.0,0.0
aw_ironoxideclassic2,Airwindows,"tape, the older algorithm",aw-tape,input_trim_0.25,6.35,0.0,3150.0,-0.0,0.0,0.0,0.0,0.0,0.0
aw_ironoxideclassic2,Airwindows,"tape, the older algorithm",aw-tape,input_trim_0.25,64.0,0.0,3150.0,-0.0,0.0,0.0,0.0,0.0,0.0
aw_ironoxideclassic2,Airwindows,"tape, the older algorithm",aw-tape,input_trim_0.25,8.0,0.0,3150.0,-0.0,0.0,0.0,0.0,0.0,0.0
aw_ironoxideclassic2,Airwindows,"tape, the older algorithm",aw-tape,input_trim_0.25,80.635,0.0,3150.0,-0.0,0.0,0.0,0.0,0.0,0.0
aw_ironoxideclassic2,Airwindows,"tape, the older algorithm",aw-tape,input_trim_0.5,0.198,0.0,3150.0,-0.0,0.0,0.0,0.0,0.0,0.0
aw_ironoxideclassic2,Airwindows,"tape, the older algorithm",aw-tape,input_trim_0.5,0.397,0.0,3150.0,-0.0,0.0,0.0,0.0,0.0,0.0
aw_ironoxideclassic2,Airwindows,"tape, the older algorithm",aw-tape,input_trim_0.5,0.5,0.0,3150.0,-0.0,0.0,0.0,0.0,0.0,0.0
aw_ironoxideclassic2,Airwindows,"tape, the older algorithm",aw-tape,input_trim_0.5,0.794,0.0,3150.0,-0.0,0.0,0.0,0.0,0.0,0.0
aw_ironoxideclassic2,Airwindows,"tape, the older algorithm",aw-tape,input_trim_0.5,1.0,0.0,3150.0,-0.0,0.0,0.0,0.0,0.0,0.0
aw_ironoxideclassic2,Airwindows,"tape, the older algorithm",aw-tape,input_trim_0.5,1.26,0.0,3150.0,-0.0,0.0,0.0,0.0,0.0,0.0
aw_ironoxideclassic2,Airwindows,"tape, the older algorithm",aw-tape,input_trim_0.5,1.587,0.0,3150.0,-0.0,0.0,0.0,0.0,0.0,0.0
aw_ironoxideclassic2,Airwindows,"tape, the older algorithm",aw-tape,input_trim_0.5,10.079,0.0,3150.0,-0.0,0.0,0.0,0.0,0.0,0.0
aw_ironoxideclassic2,Airwindows,"tape, the older algorithm",aw-tape,input_trim_0.5,101.594,0.0,3150.0,-0.0,0.0,0.0,0.0,0.0,0.0
aw_ironoxideclassic2,Airwindows,"tape, the older algorithm",aw-tape,input_trim_0.5,12.699,0.0,3150.0,-0.0,0.0,0.0,0.0,0.0,0.0
aw_ironoxideclassic2,Airwindows,"tape, the older algorithm",aw-tape,input_trim_0.5,128.0,0.0,3150.0,-0.0,0.0,0.0,0.0,0.0,0.0
aw_ironoxideclassic2,Airwindows,"tape, the older algorithm",aw-tape,input_trim_0.5,16.0,0.0,3150.0,-0.0,0.0,0.0,0.0,0.0,0.0
aw_ironoxideclassic2,Airwindows,"tape, the older algorithm",aw-tape,input_trim_0.5,161.27,0.0,3150.0,-0.0,0.0,0.0,0.0,0.0,0.0
aw_ironoxideclassic2,Airwindows,"tape, the older algorithm",aw-tape,input_trim_0.5,2.0,0.0,3150.0,-0.0,0.0,0.0,0.0,0.0,0.0
aw_ironoxideclassic2,Airwindows,"tape, the older algorithm",aw-tape,input_trim_0.5,2.52,0.0,3150.0,-0.0,0.0,0.0,0.0,0.0,0.0
aw_ironoxideclassic2,Airwindows,"tape, the older algorithm",aw-tape,input_trim_0.5,20.159,0.0,3150.0,-0.0,0.0,0.0,0.0,0.0,0.0
aw_ironoxideclassic2,Airwindows,"tape, the older algorithm",aw-tape,input_trim_0.5,203.187,0.0,3150.0,-0.0,0.0,0.0,0.0,0.0,0.0
aw_ironoxideclassic2,Airwindows,"tape, the older algorithm",aw-tape,input_trim_0.5,25.398,0.0,3150.0,-0.0,0.0,0.0,0.0,0.0,0.0
aw_ironoxideclassic2,Airwindows,"tape, the older algorithm",aw-tape,input_trim_0.5,3.175,0.0,3150.0,-0.0,0.0,0.0,0.0,0.0,0.0
aw_ironoxideclassic2,Airwindows,"tape, the older algorithm",aw-tape,input_trim_0.5,32.0,0.0,3150.0,-0.0,0.0,0.0,0.0,0.0,0.0
aw_ironoxideclassic2,Airwindows,"tape, the older algorithm",aw-tape,input_trim_0.5,4.0,0.0,3150.0,-0.0,0.0,0.0,0.0,0.0,0.0
aw_ironoxideclassic2,Airwindows,"tape, the older algorithm",aw-tape,input_trim_0.5,40.317,0.0,3150.0,-0.0,0.0,0.0,0.0,0.0,0.0
aw_ironoxideclassic2,Airwindows,"tape, the older algorithm",aw-tape,input_trim_0.5,5.04,0.0,3150.0,-0.0,0.0,0.0,0.0,0.0,0.0
aw_ironoxideclassic2,Airwindows,"tape, the older algorithm",aw-tape,input_trim_0.5,50.797,0.0,3150.0,-0.0,0.0,0.0,0.0,0.0,0.0
aw_ironoxideclassic2,Airwindows,"tape, the older algorithm",aw-tape,input_trim_0.5,6.35,0.0,3150.0,-0.0,0.0,0.0,0.0,0.0,0.0
aw_ironoxideclassic2,Airwindows,"tape, the older algorithm",aw-tape,input_trim_0.5,64.0,0.0,3150.0,-0.0,0.0,0.0,0.0,0.0,0.0
aw_ironoxideclassic2,Airwindows,"tape, the older algorithm",aw-tape,input_trim_0.5,8.0,0.0,3150.0,-0.0,0.0,0.0,0.0,0.0,0.0
aw_ironoxideclassic2,Airwindows,"tape, the older algorithm",aw-tape,input_trim_0.5,80.635,0.0,3150.0,-0.0,0.0,0.0,0.0,0.0,0.0
aw_ironoxideclassic2,Airwindows,"tape, the older algorithm",aw-tape,input_trim_0.75,0.198,0.0,3150.0,-0.0,0.0,0.0,0.0,0.0,0.0
aw_ironoxideclassic2,Airwindows,"tape, the older algorithm",aw-tape,input_trim_0.75,0.397,0.0,3150.0,-0.0,0.0,0.0,0.0,0.0,0.0
aw_ironoxideclassic2,Airwindows,"tape, the older algorithm",aw-tape,input_trim_0.75,0.5,0.0,3150.0,-0.0,0.0,0.0,0.0,0.0,0.0
aw_ironoxideclassic2,Airwindows,"tape, the older algorithm",aw-tape,input_trim_0.75,0.794,0.0,3150.0,-0.0,0.0,0.0,0.0,0.0,0.0
aw_ironoxideclassic2,Airwindows,"tape, the older algorithm",aw-tape,input_trim_0.75,1.0,0.0,3150.0,-0.0,0.0,0.0,0.0,0.0,0.0
aw_ironoxideclassic2,Airwindows,"tape, the older algorithm",aw-tape,input_trim_0.75,1.26,0.0,3150.0,-0.0,0.0,0.0,0.0,0.0,0.0
aw_ironoxideclassic2,Airwindows,"tape, the older algorithm",aw-tape,input_trim_0.75,1.587,0.0,3150.0,-0.0,0.0,0.0,0.0,0.0,0.0
aw_ironoxideclassic2,Airwindows,"tape, the older algorithm",aw-tape,input_trim_0.75,10.079,0.0,3150.0,-0.0,0.0,0.0,0.0,0.0,0.0
aw_ironoxideclassic2,Airwindows,"tape, the older algorithm",aw-tape,input_trim_0.75,101.594,0.0,3150.0,-0.0,0.0,0.0,0.0,0.0,0.0
aw_ironoxideclassic2,Airwindows,"tape, the older algorithm",aw-tape,input_trim_0.75,12.699,0.0,3150.0,-0.0,0.0,0.0,0.0,0.0,0.0
aw_ironoxideclassic2,Airwindows,"tape, the older algorithm",aw-tape,input_trim_0.75,128.0,0.0,3150.0,-0.0,0.0,0.0,0.0,0.0,0.0
aw_ironoxideclassic2,Airwindows,"tape, the older algorithm",aw-tape,input_trim_0.75,16.0,0.0,3150.0,-0.0,0.0,0.0,0.0,0.0,0.0
aw_ironoxideclassic2,Airwindows,"tape, the older algorithm",aw-tape,input_trim_0.75,161.27,0.0,3150.0,-0.0,0.0,0.0,0.0,0.0,0.0
aw_ironoxideclassic2,Airwindows,"tape, the older algorithm",aw-tape,input_trim_0.75,2.0,0.0,3150.0,-0.0,0.0,0.0,0.0,0.0,0.0
aw_ironoxideclassic2,Airwindows,"tape, the older algorithm",aw-tape,input_trim_0.75,2.52,0.0,3150.0,-0.0,0.0,0.0,0.0,0.0,0.0
aw_ironoxideclassic2,Airwindows,"tape, the older algorithm",aw-tape,input_trim_0.75,20.159,0.0,3150.0,-0.0,0.0,0.0,0.0,0.0,0.0
aw_ironoxideclassic2,Airwindows,"tape, the older algorithm",aw-tape,input_trim_0.75,203.187,0.0,3150.0,-0.0,0.0,0.0,0.0,0.0,0.0
aw_ironoxideclassic2,Airwindows,"tape, the older algorithm",aw-tape,input_trim_0.75,25.398,0.0,3150.0,-0.0,0.0,0.0,0.0,0.0,0.0
aw_ironoxideclassic2,Airwindows,"tape, the older algorithm",aw-tape,input_trim_0.75,3.175,0.0,3150.0,-0.0,0.0,0.0,0.0,0.0,0.0
aw_ironoxideclassic2,Airwindows,"tape, the older algorithm",aw-tape,input_trim_0.75,32.0,0.0,3150.0,-0.0,0.0,0.0,0.0,0.0,0.0
aw_ironoxideclassic2,Airwindows,"tape, the older algorithm",aw-tape,input_trim_0.75,4.0,0.0,3150.0,-0.0,0.0,0.0,0.0,0.0,0.0
aw_ironoxideclassic2,Airwindows,"tape, the older algorithm",aw-tape,input_trim_0.75,40.317,0.0,3150.0,-0.0,0.0,0.0,0.0,0.0,0.0
aw_ironoxideclassic2,Airwindows,"tape, the older algorithm",aw-tape,input_trim_0.75,5.04,0.0,3150.0,-0.0,0.0,0.0,0.0,0.0,0.0
aw_ironoxideclassic2,Airwindows,"tape, the older algorithm",aw-tape,input_trim_0.75,50.797,0.0,3150.0,-0.0,0.0,0.0,0.0,0.0,0.0
aw_ironoxideclassic2,Airwindows,"tape, the older algorithm",aw-tape,input_trim_0.75,6.35,0.0,3150.0,-0.0,0.0,0.0,0.0,0.0,0.0
aw_ironoxideclassic2,Airwindows,"tape, the older algorithm",aw-tape,input_trim_0.75,64.0,0.0,3150.0,-0.0,0.0,0.0,0.0,0.0,0.0
aw_ironoxideclassic2,Airwindows,"tape, the older algorithm",aw-tape,input_trim_0.75,8.0,0.0,3150.0,-0.0,0.0,0.0,0.0,0.0,0.0
aw_ironoxideclassic2,Airwindows,"tape, the older algorithm",aw-tape,input_trim_0.75,80.635,0.0,3150.0,-0.0,0.0,0.0,0.0,0.0,0.0
aw_ironoxideclassic2,Airwindows,"tape, the older algorithm",aw-tape,matched_thd_0.1_pct,0.198,0.0,3150.0,-0.0,0.0,0.0,0.0,0.0,0.0
aw_ironoxideclassic2,Airwindows,"tape, the older algorithm",aw-tape,matched_thd_0.1_pct,0.397,0.0,3150.0,-0.0,0.0,0.0,0.0,0.0,0.0
aw_ironoxideclassic2,Airwindows,"tape, the older algorithm",aw-tape,matched_thd_0.1_pct,0.5,0.0,3150.0,-0.0,0.0,0.0,0.0,0.0,0.0
aw_ironoxideclassic2,Airwindows,"tape, the older algorithm",aw-tape,matched_thd_0.1_pct,0.794,0.0,3150.0,-0.0,0.0,0.0,0.0,0.0,0.0
aw_ironoxideclassic2,Airwindows,"tape, the older algorithm",aw-tape,matched_thd_0.1_pct,1.0,0.0,3150.0,-0.0,0.0,0.0,0.0,0.0,0.0
aw_ironoxideclassic2,Airwindows,"tape, the older algorithm",aw-tape,matched_thd_0.1_pct,1.26,0.0,3150.0,-0.0,0.0,0.0,0.0,0.0,0.0
aw_ironoxideclassic2,Airwindows,"tape, the older algorithm",aw-tape,matched_thd_0.1_pct,1.587,0.0,3150.0,-0.0,0.0,0.0,0.0,0.0,0.0
aw_ironoxideclassic2,Airwindows,"tape, the older algorithm",aw-tape,matched_thd_0.1_pct,10.079,0.0,3150.0,-0.0,0.0,0.0,0.0,0.0,0.0
aw_ironoxideclassic2,Airwindows,"tape, the older algorithm",aw-tape,matched_thd_0.1_pct,101.594,0.0,3150.0,-0.0,0.0,0.0,0.0,0.0,0.0
aw_ironoxideclassic2,Airwindows,"tape, the older algorithm",aw-tape,matched_thd_0.1_pct,12.699,0.0,3150.0,-0.0,0.0,0.0,0.0,0.0,0.0
aw_ironoxideclassic2,Airwindows,"tape, the older algorithm",aw-tape,matched_thd_0.1_pct,128.0,0.0,3150.0,-0.0,0.0,0.0,0.0,0.0,0.0
aw_ironoxideclassic2,Airwindows,"tape, the older algorithm",aw-tape,matched_thd_0.1_pct,16.0,0.0,3150.0,-0.0,0.0,0.0,0.0,0.0,0.0
aw_ironoxideclassic2,Airwindows,"tape, the older algorithm",aw-tape,matched_thd_0.1_pct,161.27,0.0,3150.0,-0.0,0.0,0.0,0.0,0.0,0.0
aw_ironoxideclassic2,Airwindows,"tape, the older algorithm",aw-tape,matched_thd_0.1_pct,2.0,0.0,3150.0,-0.0,0.0,0.0,0.0,0.0,0.0
aw_ironoxideclassic2,Airwindows,"tape, the older algorithm",aw-tape,matched_thd_0.1_pct,2.52,0.0,3150.0,-0.0,0.0,0.0,0.0,0.0,0.0
aw_ironoxideclassic2,Airwindows,"tape, the older algorithm",aw-tape,matched_thd_0.1_pct,20.159,0.0,3150.0,-0.0,0.0,0.0,0.0,0.0,0.0
aw_ironoxideclassic2,Airwindows,"tape, the older algorithm",aw-tape,matched_thd_0.1_pct,203.187,0.0,3150.0,-0.0,0.0,0.0,0.0,0.0,0.0
aw_ironoxideclassic2,Airwindows,"tape, the older algorithm",aw-tape,matched_thd_0.1_pct,25.398,0.0,3150.0,-0.0,0.0,0.0,0.0,0.0,0.0
aw_ironoxideclassic2,Airwindows,"tape, the older algorithm",aw-tape,matched_thd_0.1_pct,3.175,0.0,3150.0,-0.0,0.0,0.0,0.0,0.0,0.0
aw_ironoxideclassic2,Airwindows,"tape, the older algorithm",aw-tape,matched_thd_0.1_pct,32.0,0.0,3150.0,-0.0,0.0,0.0,0.0,0.0,0.0
aw_ironoxideclassic2,Airwindows,"tape, the older algorithm",aw-tape,matched_thd_0.1_pct,4.0,0.0,3150.0,-0.0,0.0,0.0,0.0,0.0,0.0
aw_ironoxideclassic2,Airwindows,"tape, the older algorithm",aw-tape,matched_thd_0.1_pct,40.317,0.0,3150.0,-0.0,0.0,0.0,0.0,0.0,0.0
aw_ironoxideclassic2,Airwindows,"tape, the older algorithm",aw-tape,matched_thd_0.1_pct,5.04,0.0,3150.0,-0.0,0.0,0.0,0.0,0.0,0.0
aw_ironoxideclassic2,Airwindows,"tape, the older algorithm",aw-tape,matched_thd_0.1_pct,50.797,0.0,3150.0,-0.0,0.0,0.0,0.0,0.0,0.0
aw_ironoxideclassic2,Airwindows,"tape, the older algorithm",aw-tape,matched_thd_0.1_pct,6.35,0.0,3150.0,-0.0,0.0,0.0,0.0,0.0,0.0
aw_ironoxideclassic2,Airwindows,"tape, the older algorithm",aw-tape,matched_thd_0.1_pct,64.0,0.0,3150.0,-0.0,0.0,0.0,0.0,0.0,0.0
aw_ironoxideclassic2,Airwindows,"tape, the older algorithm",aw-tape,matched_thd_0.1_pct,8.0,0.0,3150.0,-0.0,0.0,0.0,0.0,0.0,0.0
aw_ironoxideclassic2,Airwindows,"tape, the older algorithm",aw-tape,matched_thd_0.1_pct,80.635,0.0,3150.0,-0.0,0.0,0.0,0.0,0.0,0.0
aw_ironoxideclassic2,Airwindows,"tape, the older algorithm",aw-tape,matched_thd_1_pct,0.198,0.0,3150.0,-0.0,0.0,0.0,0.0,0.0,0.0
aw_ironoxideclassic2,Airwindows,"tape, the older algorithm",aw-tape,matched_thd_1_pct,0.397,0.0,3150.0,-0.0,0.0,0.0,0.0,0.0,0.0
aw_ironoxideclassic2,Airwindows,"tape, the older algorithm",aw-tape,matched_thd_1_pct,0.5,0.0,3150.0,-0.0,0.0,0.0,0.0,0.0,0.0
aw_ironoxideclassic2,Airwindows,"tape, the older algorithm",aw-tape,matched_thd_1_pct,0.794,0.0,3150.0,-0.0,0.0,0.0,0.0,0.0,0.0
aw_ironoxideclassic2,Airwindows,"tape, the older algorithm",aw-tape,matched_thd_1_pct,1.0,0.0,3150.0,-0.0,0.0,0.0,0.0,0.0,0.0
aw_ironoxideclassic2,Airwindows,"tape, the older algorithm",aw-tape,matched_thd_1_pct,1.26,0.0,3150.0,-0.0,0.0,0.0,0.0,0.0,0.0
aw_ironoxideclassic2,Airwindows,"tape, the older algorithm",aw-tape,matched_thd_1_pct,1.587,0.0,3150.0,-0.0,0.0,0.0,0.0,0.0,0.0
aw_ironoxideclassic2,Airwindows,"tape, the older algorithm",aw-tape,matched_thd_1_pct,10.079,0.0,3150.0,-0.0,0.0,0.0,0.0,0.0,0.0
aw_ironoxideclassic2,Airwindows,"tape, the older algorithm",aw-tape,matched_thd_1_pct,101.594,0.0,3150.0,-0.0,0.0,0.0,0.0,0.0,0.0
aw_ironoxideclassic2,Airwindows,"tape, the older algorithm",aw-tape,matched_thd_1_pct,12.699,0.0,3150.0,-0.0,0.0,0.0,0.0,0.0,0.0
aw_ironoxideclassic2,Airwindows,"tape, the older algorithm",aw-tape,matched_thd_1_pct,128.0,0.0,3150.0,-0.0,0.0,0.0,0.0,0.0,0.0
aw_ironoxideclassic2,Airwindows,"tape, the older algorithm",aw-tape,matched_thd_1_pct,16.0,0.0,3150.0,-0.0,0.0,0.0,0.0,0.0,0.0
aw_ironoxideclassic2,Airwindows,"tape, the older algorithm",aw-tape,matched_thd_1_pct,161.27,0.0,3150.0,-0.0,0.0,0.0,0.0,0.0,0.0
aw_ironoxideclassic2,Airwindows,"tape, the older algorithm",aw-tape,matched_thd_1_pct,2.0,0.0,3150.0,-0.0,0.0,0.0,0.0,0.0,0.0
aw_ironoxideclassic2,Airwindows,"tape, the older algorithm",aw-tape,matched_thd_1_pct,2.52,0.0,3150.0,-0.0,0.0,0.0,0.0,0.0,0.0
aw_ironoxideclassic2,Airwindows,"tape, the older algorithm",aw-tape,matched_thd_1_pct,20.159,0.0,3150.0,-0.0,0.0,0.0,0.0,0.0,0.0
aw_ironoxideclassic2,Airwindows,"tape, the older algorithm",aw-tape,matched_thd_1_pct,203.187,0.0,3150.0,-0.0,0.0,0.0,0.0,0.0,0.0
aw_ironoxideclassic2,Airwindows,"tape, the older algorithm",aw-tape,matched_thd_1_pct,25.398,0.0,3150.0,-0.0,0.0,0.0,0.0,0.0,0.0
aw_ironoxideclassic2,Airwindows,"tape, the older algorithm",aw-tape,matched_thd_1_pct,3.175,0.0,3150.0,-0.0,0.0,0.0,0.0,0.0,0.0
aw_ironoxideclassic2,Airwindows,"tape, the older algorithm",aw-tape,matched_thd_1_pct,32.0,0.0,3150.0,-0.0,0.0,0.0,0.0,0.0,0.0
aw_ironoxideclassic2,Airwindows,"tape, the older algorithm",aw-tape,matched_thd_1_pct,4.0,0.0,3150.0,-0.0,0.0,0.0,0.0,0.0,0.0
aw_ironoxideclassic2,Airwindows,"tape, the older algorithm",aw-tape,matched_thd_1_pct,40.317,0.0,3150.0,-0.0,0.0,0.0,0.0,0.0,0.0
aw_ironoxideclassic2,Airwindows,"tape, the older algorithm",aw-tape,matched_thd_1_pct,5.04,0.0,3150.0,-0.0,0.0,0.0,0.0,0.0,0.0
aw_ironoxideclassic2,Airwindows,"tape, the older algorithm",aw-tape,matched_thd_1_pct,50.797,0.0,3150.0,-0.0,0.0,0.0,0.0,0.0,0.0
aw_ironoxideclassic2,Airwindows,"tape, the older algorithm",aw-tape,matched_thd_1_pct,6.35,0.0,3150.0,-0.0,0.0,0.0,0.0,0.0,0.0
aw_ironoxideclassic2,Airwindows,"tape, the older algorithm",aw-tape,matched_thd_1_pct,64.0,0.0,3150.0,-0.0,0.0,0.0,0.0,0.0,0.0
aw_ironoxideclassic2,Airwindows,"tape, the older algorithm",aw-tape,matched_thd_1_pct,8.0,0.0,3150.0,-0.0,0.0,0.0,0.0,0.0,0.0
aw_ironoxideclassic2,Airwindows,"tape, the older algorithm",aw-tape,matched_thd_1_pct,80.635,0.0,3150.0,-0.0,0.0,0.0,0.0,0.0,0.0
aw_ironoxideclassic2,Airwindows,"tape, the older algorithm",aw-tape,matched_thd_3_pct,0.198,0.0,3150.0,-0.0,0.0,0.0,0.0,0.0,0.0
aw_ironoxideclassic2,Airwindows,"tape, the older algorithm",aw-tape,matched_thd_3_pct,0.397,0.0,3150.0,-0.0,0.0,0.0,0.0,0.0,0.0
aw_ironoxideclassic2,Airwindows,"tape, the older algorithm",aw-tape,matched_thd_3_pct,0.5,0.0,3150.0,-0.0,0.0,0.0,0.0,0.0,0.0
aw_ironoxideclassic2,Airwindows,"tape, the older algorithm",aw-tape,matched_thd_3_pct,0.794,0.0,3150.0,-0.0,0.0,0.0,0.0,0.0,0.0
aw_ironoxideclassic2,Airwindows,"tape, the older algorithm",aw-tape,matched_thd_3_pct,1.0,0.0,3150.0,-0.0,0.0,0.0,0.0,0.0,0.0
aw_ironoxideclassic2,Airwindows,"tape, the older algorithm",aw-tape,matched_thd_3_pct,1.26,0.0,3150.0,-0.0,0.0,0.0,0.0,0.0,0.0
aw_ironoxideclassic2,Airwindows,"tape, the older algorithm",aw-tape,matched_thd_3_pct,1.587,0.0,3150.0,-0.0,0.0,0.0,0.0,0.0,0.0
aw_ironoxideclassic2,Airwindows,"tape, the older algorithm",aw-tape,matched_thd_3_pct,10.079,0.0,3150.0,-0.0,0.0,0.0,0.0,0.0,0.0
aw_ironoxideclassic2,Airwindows,"tape, the older algorithm",aw-tape,matched_thd_3_pct,101.594,0.0,3150.0,-0.0,0.0,0.0,0.0,0.0,0.0
aw_ironoxideclassic2,Airwindows,"tape, the older algorithm",aw-tape,matched_thd_3_pct,12.699,0.0,3150.0,-0.0,0.0,0.0,0.0,0.0,0.0
aw_ironoxideclassic2,Airwindows,"tape, the older algorithm",aw-tape,matched_thd_3_pct,128.0,0.0,3150.0,-0.0,0.0,0.0,0.0,0.0,0.0
aw_ironoxideclassic2,Airwindows,"tape, the older algorithm",aw-tape,matched_thd_3_pct,16.0,0.0,3150.0,-0.0,0.0,0.0,0.0,0.0,0.0
aw_ironoxideclassic2,Airwindows,"tape, the older algorithm",aw-tape,matched_thd_3_pct,161.27,0.0,3150.0,-0.0,0.0,0.0,0.0,0.0,0.0
aw_ironoxideclassic2,Airwindows,"tape, the older algorithm",aw-tape,matched_thd_3_pct,2.0,0.0,3150.0,-0.0,0.0,0.0,0.0,0.0,0.0
aw_ironoxideclassic2,Airwindows,"tape, the older algorithm",aw-tape,matched_thd_3_pct,2.52,0.0,3150.0,-0.0,0.0,0.0,0.0,0.0,0.0
aw_ironoxideclassic2,Airwindows,"tape, the older algorithm",aw-tape,matched_thd_3_pct,20.159,0.0,3150.0,-0.0,0.0,0.0,0.0,0.0,0.0
aw_ironoxideclassic2,Airwindows,"tape, the older algorithm",aw-tape,matched_thd_3_pct,203.187,0.0,3150.0,-0.0,0.0,0.0,0.0,0.0,0.0
aw_ironoxideclassic2,Airwindows,"tape, the older algorithm",aw-tape,matched_thd_3_pct,25.398,0.0,3150.0,-0.0,0.0,0.0,0.0,0.0,0.0
aw_ironoxideclassic2,Airwindows,"tape, the older algorithm",aw-tape,matched_thd_3_pct,3.175,0.0,3150.0,-0.0,0.0,0.0,0.0,0.0,0.0
aw_ironoxideclassic2,Airwindows,"tape, the older algorithm",aw-tape,matched_thd_3_pct,32.0,0.0,3150.0,-0.0,0.0,0.0,0.0,0.0,0.0
aw_ironoxideclassic2,Airwindows,"tape, the older algorithm",aw-tape,matched_thd_3_pct,4.0,0.0,3150.0,-0.0,0.0,0.0,0.0,0.0,0.0
aw_ironoxideclassic2,Airwindows,"tape, the older algorithm",aw-tape,matched_thd_3_pct,40.317,0.0,3150.0,-0.0,0.0,0.0,0.0,0.0,0.0
aw_ironoxideclassic2,Airwindows,"tape, the older algorithm",aw-tape,matched_thd_3_pct,5.04,0.0,3150.0,-0.0,0.0,0.0,0.0,0.0,0.0
aw_ironoxideclassic2,Airwindows,"tape, the older algorithm",aw-tape,matched_thd_3_pct,50.797,0.0,3150.0,-0.0,0.0,0.0,0.0,0.0,0.0
aw_ironoxideclassic2,Airwindows,"tape, the older algorithm",aw-tape,matched_thd_3_pct,6.35,0.0,3150.0,-0.0,0.0,0.0,0.0,0.0,0.0
aw_ironoxideclassic2,Airwindows,"tape, the older algorithm",aw-tape,matched_thd_3_pct,64.0,0.0,3150.0,-0.0,0.0,0.0,0.0,0.0,0.0
aw_ironoxideclassic2,Airwindows,"tape, the older algorithm",aw-tape,matched_thd_3_pct,8.0,0.0,3150.0,-0.0,0.0,0.0,0.0,0.0,0.0
aw_ironoxideclassic2,Airwindows,"tape, the older algorithm",aw-tape,matched_thd_3_pct,80.635,0.0,3150.0,-0.0,0.0,0.0,0.0,0.0,0.0
aw_tape,Airwindows,"tape, the simple one",aw-tape,matched_thd_1_pct,0.198,0.0,3150.0,0.0,0.0,0.0,8e-05,6e-05,0.00019
aw_tape,Airwindows,"tape, the simple one",aw-tape,matched_thd_1_pct,0.397,0.0,3150.0,0.0,0.0,0.0,8e-05,6e-05,0.00019
aw_tape,Airwindows,"tape, the simple one",aw-tape,matched_thd_1_pct,0.5,0.0,3150.0,0.0,0.0,0.0,8e-05,6e-05,0.00019
aw_tape,Airwindows,"tape, the simple one",aw-tape,matched_thd_1_pct,0.794,0.0,3150.0,0.0,0.0,0.0,8e-05,6e-05,0.00019
aw_tape,Airwindows,"tape, the simple one",aw-tape,matched_thd_1_pct,1.0,0.0,3150.0,0.0,0.0,0.0,8e-05,6e-05,0.00019
aw_tape,Airwindows,"tape, the simple one",aw-tape,matched_thd_1_pct,1.26,0.0,3150.0,0.0,0.0,0.0,8e-05,6e-05,0.00019
aw_tape,Airwindows,"tape, the simple one",aw-tape,matched_thd_1_pct,1.587,0.0,3150.0,0.0,0.0,0.0,8e-05,6e-05,0.00019
aw_tape,Airwindows,"tape, the simple one",aw-tape,matched_thd_1_pct,10.079,0.0,3150.0,0.0,0.0,0.0,8e-05,6e-05,0.00019
aw_tape,Airwindows,"tape, the simple one",aw-tape,matched_thd_1_pct,101.594,0.0,3150.0,0.0,0.0,0.0,8e-05,6e-05,0.00019
aw_tape,Airwindows,"tape, the simple one",aw-tape,matched_thd_1_pct,12.699,0.0,3150.0,0.0,0.0,0.0,8e-05,6e-05,0.00019
aw_tape,Airwindows,"tape, the simple one",aw-tape,matched_thd_1_pct,128.0,0.0,3150.0,0.0,0.0,0.0,8e-05,6e-05,0.00019
aw_tape,Airwindows,"tape, the simple one",aw-tape,matched_thd_1_pct,16.0,0.0,3150.0,0.0,0.0,0.0,8e-05,6e-05,0.00019
aw_tape,Airwindows,"tape, the simple one",aw-tape,matched_thd_1_pct,161.27,0.0,3150.0,0.0,0.0,0.0,8e-05,6e-05,0.00019
aw_tape,Airwindows,"tape, the simple one",aw-tape,matched_thd_1_pct,2.0,0.0,3150.0,0.0,0.0,0.0,8e-05,6e-05,0.00019
aw_tape,Airwindows,"tape, the simple one",aw-tape,matched_thd_1_pct,2.52,0.0,3150.0,0.0,0.0,0.0,8e-05,6e-05,0.00019
aw_tape,Airwindows,"tape, the simple one",aw-tape,matched_thd_1_pct,20.159,0.0,3150.0,0.0,0.0,0.0,8e-05,6e-05,0.00019
aw_tape,Airwindows,"tape, the simple one",aw-tape,matched_thd_1_pct,203.187,0.0,3150.0,0.0,0.0,0.0,8e-05,6e-05,0.00019
aw_tape,Airwindows,"tape, the simple one",aw-tape,matched_thd_1_pct,25.398,0.0,3150.0,0.0,0.0,0.0,8e-05,6e-05,0.00019
aw_tape,Airwindows,"tape, the simple one",aw-tape,matched_thd_1_pct,3.175,0.0,3150.0,0.0,0.0,0.0,8e-05,6e-05,0.00019
aw_tape,Airwindows,"tape, the simple one",aw-tape,matched_thd_1_pct,32.0,0.0,3150.0,0.0,0.0,0.0,8e-05,6e-05,0.00019
aw_tape,Airwindows,"tape, the simple one",aw-tape,matched_thd_1_pct,4.0,0.0,3150.0,0.0,0.0,0.0,8e-05,6e-05,0.00019
aw_tape,Airwindows,"tape, the simple one",aw-tape,matched_thd_1_pct,40.317,0.0,3150.0,0.0,0.0,0.0,8e-05,6e-05,0.00019
aw_tape,Airwindows,"tape, the simple one",aw-tape,matched_thd_1_pct,5.04,0.0,3150.0,0.0,0.0,0.0,8e-05,6e-05,0.00019
aw_tape,Airwindows,"tape, the simple one",aw-tape,matched_thd_1_pct,50.797,0.0,3150.0,0.0,0.0,0.0,8e-05,6e-05,0.00019
aw_tape,Airwindows,"tape, the simple one",aw-tape,matched_thd_1_pct,6.35,0.0,3150.0,0.0,0.0,0.0,8e-05,6e-05,0.00019
aw_tape,Airwindows,"tape, the simple one",aw-tape,matched_thd_1_pct,64.0,0.0,3150.0,0.0,0.0,0.0,8e-05,6e-05,0.00019
aw_tape,Airwindows,"tape, the simple one",aw-tape,matched_thd_1_pct,8.0,0.0,3150.0,0.0,0.0,0.0,8e-05,6e-05,0.00019
aw_tape,Airwindows,"tape, the simple one",aw-tape,matched_thd_1_pct,80.635,0.0,3150.0,0.0,0.0,0.0,8e-05,6e-05,0.00019
aw_tape,Airwindows,"tape, the simple one",aw-tape,matched_thd_3_pct,0.198,0.0,3150.0,0.0,0.0,0.0,6e-05,5e-05,0.00023
aw_tape,Airwindows,"tape, the simple one",aw-tape,matched_thd_3_pct,0.397,0.0,3150.0,0.0,0.0,0.0,6e-05,5e-05,0.00023
aw_tape,Airwindows,"tape, the simple one",aw-tape,matched_thd_3_pct,0.5,0.0,3150.0,0.0,0.0,0.0,6e-05,5e-05,0.00023
aw_tape,Airwindows,"tape, the simple one",aw-tape,matched_thd_3_pct,0.794,0.0,3150.0,0.0,0.0,0.0,6e-05,5e-05,0.00023
aw_tape,Airwindows,"tape, the simple one",aw-tape,matched_thd_3_pct,1.0,0.0,3150.0,0.0,0.0,0.0,6e-05,5e-05,0.00023
aw_tape,Airwindows,"tape, the simple one",aw-tape,matched_thd_3_pct,1.26,0.0,3150.0,0.0,0.0,0.0,6e-05,5e-05,0.00023
aw_tape,Airwindows,"tape, the simple one",aw-tape,matched_thd_3_pct,1.587,0.0,3150.0,0.0,0.0,0.0,6e-05,5e-05,0.00023
aw_tape,Airwindows,"tape, the simple one",aw-tape,matched_thd_3_pct,10.079,0.0,3150.0,0.0,0.0,0.0,6e-05,5e-05,0.00023
aw_tape,Airwindows,"tape, the simple one",aw-tape,matched_thd_3_pct,101.594,0.0,3150.0,0.0,0.0,0.0,6e-05,5e-05,0.00023
aw_tape,Airwindows,"tape, the simple one",aw-tape,matched_thd_3_pct,12.699,0.0,3150.0,0.0,0.0,0.0,6e-05,5e-05,0.00023
aw_tape,Airwindows,"tape, the simple one",aw-tape,matched_thd_3_pct,128.0,0.0,3150.0,0.0,0.0,0.0,6e-05,5e-05,0.00023
aw_tape,Airwindows,"tape, the simple one",aw-tape,matched_thd_3_pct,16.0,0.0,3150.0,0.0,0.0,0.0,6e-05,5e-05,0.00023
aw_tape,Airwindows,"tape, the simple one",aw-tape,matched_thd_3_pct,161.27,0.0,3150.0,0.0,0.0,0.0,6e-05,5e-05,0.00023
aw_tape,Airwindows,"tape, the simple one",aw-tape,matched_thd_3_pct,2.0,0.0,3150.0,0.0,0.0,0.0,6e-05,5e-05,0.00023
aw_tape,Airwindows,"tape, the simple one",aw-tape,matched_thd_3_pct,2.52,0.0,3150.0,0.0,0.0,0.0,6e-05,5e-05,0.00023
aw_tape,Airwindows,"tape, the simple one",aw-tape,matched_thd_3_pct,20.159,0.0,3150.0,0.0,0.0,0.0,6e-05,5e-05,0.00023
aw_tape,Airwindows,"tape, the simple one",aw-tape,matched_thd_3_pct,203.187,0.0,3150.0,0.0,0.0,0.0,6e-05,5e-05,0.00023
aw_tape,Airwindows,"tape, the simple one",aw-tape,matched_thd_3_pct,25.398,0.0,3150.0,0.0,0.0,0.0,6e-05,5e-05,0.00023
aw_tape,Airwindows,"tape, the simple one",aw-tape,matched_thd_3_pct,3.175,0.0,3150.0,0.0,0.0,0.0,6e-05,5e-05,0.00023
aw_tape,Airwindows,"tape, the simple one",aw-tape,matched_thd_3_pct,32.0,0.0,3150.0,0.0,0.0,0.0,6e-05,5e-05,0.00023
aw_tape,Airwindows,"tape, the simple one",aw-tape,matched_thd_3_pct,4.0,0.0,3150.0,0.0,0.0,0.0,6e-05,5e-05,0.00023
aw_tape,Airwindows,"tape, the simple one",aw-tape,matched_thd_3_pct,40.317,0.0,3150.0,0.0,0.0,0.0,6e-05,5e-05,0.00023
aw_tape,Airwindows,"tape, the simple one",aw-tape,matched_thd_3_pct,5.04,0.0,3150.0,0.0,0.0,0.0,6e-05,5e-05,0.00023
aw_tape,Airwindows,"tape, the simple one",aw-tape,matched_thd_3_pct,50.797,0.0,3150.0,0.0,0.0,0.0,6e-05,5e-05,0.00023
aw_tape,Airwindows,"tape, the simple one",aw-tape,matched_thd_3_pct,6.35,0.0,3150.0,0.0,0.0,0.0,6e-05,5e-05,0.00023
aw_tape,Airwindows,"tape, the simple one",aw-tape,matched_thd_3_pct,64.0,0.0,3150.0,0.0,0.0,0.0,6e-05,5e-05,0.00023
aw_tape,Airwindows,"tape, the simple one",aw-tape,matched_thd_3_pct,8.0,0.0,3150.0,0.0,0.0,0.0,6e-05,5e-05,0.00023
aw_tape,Airwindows,"tape, the simple one",aw-tape,matched_thd_3_pct,80.635,0.0,3150.0,0.0,0.0,0.0,6e-05,5e-05,0.00023
aw_tape,Airwindows,"tape, the simple one",aw-tape,slam_0,0.198,0.0,3150.0,-0.0,0.0,0.0,0.00108,0.00082,0.00177
aw_tape,Airwindows,"tape, the simple one",aw-tape,slam_0,0.397,0.0,3150.0,-0.0,0.0,0.0,0.00108,0.00082,0.00177
aw_tape,Airwindows,"tape, the simple one",aw-tape,slam_0,0.5,0.0,3150.0,-0.0,0.0,0.0,0.00108,0.00082,0.00177
aw_tape,Airwindows,"tape, the simple one",aw-tape,slam_0,0.794,0.0,3150.0,-0.0,0.0,0.0,0.00108,0.00082,0.00177
aw_tape,Airwindows,"tape, the simple one",aw-tape,slam_0,1.0,0.0,3150.0,-0.0,0.0,0.0,0.00108,0.00082,0.00177
aw_tape,Airwindows,"tape, the simple one",aw-tape,slam_0,1.26,0.0,3150.0,-0.0,0.0,0.0,0.00108,0.00082,0.00177
aw_tape,Airwindows,"tape, the simple one",aw-tape,slam_0,1.587,0.0,3150.0,-0.0,0.0,0.0,0.00108,0.00082,0.00177
aw_tape,Airwindows,"tape, the simple one",aw-tape,slam_0,10.079,0.0,3150.0,-0.0,0.0,0.0,0.00108,0.00082,0.00177
aw_tape,Airwindows,"tape, the simple one",aw-tape,slam_0,101.594,0.0,3150.0,-0.0,0.0,0.0,0.00108,0.00082,0.00177
aw_tape,Airwindows,"tape, the simple one",aw-tape,slam_0,12.699,0.0,3150.0,-0.0,0.0,0.0,0.00108,0.00082,0.00177
aw_tape,Airwindows,"tape, the simple one",aw-tape,slam_0,128.0,0.0,3150.0,-0.0,0.0,0.0,0.00108,0.00082,0.00177
aw_tape,Airwindows,"tape, the simple one",aw-tape,slam_0,16.0,0.0,3150.0,-0.0,0.0,0.0,0.00108,0.00082,0.00177
aw_tape,Airwindows,"tape, the simple one",aw-tape,slam_0,161.27,0.0,3150.0,-0.0,0.0,0.0,0.00108,0.00082,0.00177
aw_tape,Airwindows,"tape, the simple one",aw-tape,slam_0,2.0,0.0,3150.0,-0.0,0.0,0.0,0.00108,0.00082,0.00177
aw_tape,Airwindows,"tape, the simple one",aw-tape,slam_0,2.52,0.0,3150.0,-0.0,0.0,0.0,0.00108,0.00082,0.00177
aw_tape,Airwindows,"tape, the simple one",aw-tape,slam_0,20.159,0.0,3150.0,-0.0,0.0,0.0,0.00108,0.00082,0.00177
aw_tape,Airwindows,"tape, the simple one",aw-tape,slam_0,203.187,0.0,3150.0,-0.0,0.0,0.0,0.00108,0.00082,0.00177
aw_tape,Airwindows,"tape, the simple one",aw-tape,slam_0,25.398,0.0,3150.0,-0.0,0.0,0.0,0.00108,0.00082,0.00177
aw_tape,Airwindows,"tape, the simple one",aw-tape,slam_0,3.175,0.0,3150.0,-0.0,0.0,0.0,0.00108,0.00082,0.00177
aw_tape,Airwindows,"tape, the simple one",aw-tape,slam_0,32.0,0.0,3150.0,-0.0,0.0,0.0,0.00108,0.00082,0.00177
aw_tape,Airwindows,"tape, the simple one",aw-tape,slam_0,4.0,0.0,3150.0,-0.0,0.0,0.0,0.00108,0.00082,0.00177
aw_tape,Airwindows,"tape, the simple one",aw-tape,slam_0,40.317,0.0,3150.0,-0.0,0.0,0.0,0.00108,0.00082,0.00177
aw_tape,Airwindows,"tape, the simple one",aw-tape,slam_0,5.04,0.0,3150.0,-0.0,0.0,0.0,0.00108,0.00082,0.00177
aw_tape,Airwindows,"tape, the simple one",aw-tape,slam_0,50.797,0.0,3150.0,-0.0,0.0,0.0,0.00108,0.00082,0.00177
aw_tape,Airwindows,"tape, the simple one",aw-tape,slam_0,6.35,0.0,3150.0,-0.0,0.0,0.0,0.00108,0.00082,0.00177
aw_tape,Airwindows,"tape, the simple one",aw-tape,slam_0,64.0,0.0,3150.0,-0.0,0.0,0.0,0.00108,0.00082,0.00177
aw_tape,Airwindows,"tape, the simple one",aw-tape,slam_0,8.0,0.0,3150.0,-0.0,0.0,0.0,0.00108,0.00082,0.00177
aw_tape,Airwindows,"tape, the simple one",aw-tape,slam_0,80.635,0.0,3150.0,-0.0,0.0,0.0,0.00108,0.00082,0.00177
aw_tape,Airwindows,"tape, the simple one",aw-tape,slam_0.5,0.198,0.0,3150.0,0.0,0.0,0.0,0.00023,0.00018,0.0003
aw_tape,Airwindows,"tape, the simple one",aw-tape,slam_0.5,0.397,0.0,3150.0,0.0,0.0,0.0,0.00023,0.00018,0.0003
aw_tape,Airwindows,"tape, the simple one",aw-tape,slam_0.5,0.5,0.0,3150.0,0.0,0.0,0.0,0.00023,0.00018,0.0003
aw_tape,Airwindows,"tape, the simple one",aw-tape,slam_0.5,0.794,0.0,3150.0,0.0,0.0,0.0,0.00023,0.00018,0.0003
aw_tape,Airwindows,"tape, the simple one",aw-tape,slam_0.5,1.0,0.0,3150.0,0.0,0.0,0.0,0.00023,0.00018,0.0003
aw_tape,Airwindows,"tape, the simple one",aw-tape,slam_0.5,1.26,0.0,3150.0,0.0,0.0,0.0,0.00023,0.00018,0.0003
aw_tape,Airwindows,"tape, the simple one",aw-tape,slam_0.5,1.587,0.0,3150.0,0.0,0.0,0.0,0.00023,0.00018,0.0003
aw_tape,Airwindows,"tape, the simple one",aw-tape,slam_0.5,10.079,0.0,3150.0,0.0,0.0,0.0,0.00023,0.00018,0.0003
aw_tape,Airwindows,"tape, the simple one",aw-tape,slam_0.5,101.594,0.0,3150.0,0.0,0.0,0.0,0.00023,0.00018,0.0003
aw_tape,Airwindows,"tape, the simple one",aw-tape,slam_0.5,12.699,0.0,3150.0,0.0,0.0,0.0,0.00023,0.00018,0.0003
aw_tape,Airwindows,"tape, the simple one",aw-tape,slam_0.5,128.0,0.0,3150.0,0.0,0.0,0.0,0.00023,0.00018,0.0003
aw_tape,Airwindows,"tape, the simple one",aw-tape,slam_0.5,16.0,0.0,3150.0,0.0,0.0,0.0,0.00023,0.00018,0.0003
aw_tape,Airwindows,"tape, the simple one",aw-tape,slam_0.5,161.27,0.0,3150.0,0.0,0.0,0.0,0.00023,0.00018,0.0003
aw_tape,Airwindows,"tape, the simple one",aw-tape,slam_0.5,2.0,0.0,3150.0,0.0,0.0,0.0,0.00023,0.00018,0.0003
aw_tape,Airwindows,"tape, the simple one",aw-tape,slam_0.5,2.52,0.0,3150.0,0.0,0.0,0.0,0.00023,0.00018,0.0003
aw_tape,Airwindows,"tape, the simple one",aw-tape,slam_0.5,20.159,0.0,3150.0,0.0,0.0,0.0,0.00023,0.00018,0.0003
aw_tape,Airwindows,"tape, the simple one",aw-tape,slam_0.5,203.187,0.0,3150.0,0.0,0.0,0.0,0.00023,0.00018,0.0003
aw_tape,Airwindows,"tape, the simple one",aw-tape,slam_0.5,25.398,0.0,3150.0,0.0,0.0,0.0,0.00023,0.00018,0.0003
aw_tape,Airwindows,"tape, the simple one",aw-tape,slam_0.5,3.175,0.0,3150.0,0.0,0.0,0.0,0.00023,0.00018,0.0003
aw_tape,Airwindows,"tape, the simple one",aw-tape,slam_0.5,32.0,0.0,3150.0,0.0,0.0,0.0,0.00023,0.00018,0.0003
aw_tape,Airwindows,"tape, the simple one",aw-tape,slam_0.5,4.0,0.0,3150.0,0.0,0.0,0.0,0.00023,0.00018,0.0003
aw_tape,Airwindows,"tape, the simple one",aw-tape,slam_0.5,40.317,0.0,3150.0,0.0,0.0,0.0,0.00023,0.00018,0.0003
aw_tape,Airwindows,"tape, the simple one",aw-tape,slam_0.5,5.04,0.0,3150.0,0.0,0.0,0.0,0.00023,0.00018,0.0003
aw_tape,Airwindows,"tape, the simple one",aw-tape,slam_0.5,50.797,0.0,3150.0,0.0,0.0,0.0,0.00023,0.00018,0.0003
aw_tape,Airwindows,"tape, the simple one",aw-tape,slam_0.5,6.35,0.0,3150.0,0.0,0.0,0.0,0.00023,0.00018,0.0003
aw_tape,Airwindows,"tape, the simple one",aw-tape,slam_0.5,64.0,0.0,3150.0,0.0,0.0,0.0,0.00023,0.00018,0.0003
aw_tape,Airwindows,"tape, the simple one",aw-tape,slam_0.5,8.0,0.0,3150.0,0.0,0.0,0.0,0.00023,0.00018,0.0003
aw_tape,Airwindows,"tape, the simple one",aw-tape,slam_0.5,80.635,0.0,3150.0,0.0,0.0,0.0,0.00023,0.00018,0.0003
aw_tape,Airwindows,"tape, the simple one",aw-tape,slam_1,0.198,0.0,3150.0,0.0,0.0,0.0,5e-05,4e-05,0.00026
aw_tape,Airwindows,"tape, the simple one",aw-tape,slam_1,0.397,0.0,3150.0,0.0,0.0,0.0,5e-05,4e-05,0.00026
aw_tape,Airwindows,"tape, the simple one",aw-tape,slam_1,0.5,0.0,3150.0,0.0,0.0,0.0,5e-05,4e-05,0.00026
aw_tape,Airwindows,"tape, the simple one",aw-tape,slam_1,0.794,0.0,3150.0,0.0,0.0,0.0,5e-05,4e-05,0.00026
aw_tape,Airwindows,"tape, the simple one",aw-tape,slam_1,1.0,0.0,3150.0,0.0,0.0,0.0,5e-05,4e-05,0.00026
aw_tape,Airwindows,"tape, the simple one",aw-tape,slam_1,1.26,0.0,3150.0,0.0,0.0,0.0,5e-05,4e-05,0.00026
aw_tape,Airwindows,"tape, the simple one",aw-tape,slam_1,1.587,0.0,3150.0,0.0,0.0,0.0,5e-05,4e-05,0.00026
aw_tape,Airwindows,"tape, the simple one",aw-tape,slam_1,10.079,0.0,3150.0,0.0,0.0,0.0,5e-05,4e-05,0.00026
aw_tape,Airwindows,"tape, the simple one",aw-tape,slam_1,101.594,0.0,3150.0,0.0,0.0,0.0,5e-05,4e-05,0.00026
aw_tape,Airwindows,"tape, the simple one",aw-tape,slam_1,12.699,0.0,3150.0,0.0,0.0,0.0,5e-05,4e-05,0.00026
aw_tape,Airwindows,"tape, the simple one",aw-tape,slam_1,128.0,0.0,3150.0,0.0,0.0,0.0,5e-05,4e-05,0.00026
aw_tape,Airwindows,"tape, the simple one",aw-tape,slam_1,16.0,0.0,3150.0,0.0,0.0,0.0,5e-05,4e-05,0.00026
aw_tape,Airwindows,"tape, the simple one",aw-tape,slam_1,161.27,0.0,3150.0,0.0,0.0,0.0,5e-05,4e-05,0.00026
aw_tape,Airwindows,"tape, the simple one",aw-tape,slam_1,2.0,0.0,3150.0,0.0,0.0,0.0,5e-05,4e-05,0.00026
aw_tape,Airwindows,"tape, the simple one",aw-tape,slam_1,2.52,0.0,3150.0,0.0,0.0,0.0,5e-05,4e-05,0.00026
aw_tape,Airwindows,"tape, the simple one",aw-tape,slam_1,20.159,0.0,3150.0,0.0,0.0,0.0,5e-05,4e-05,0.00026
aw_tape,Airwindows,"tape, the simple one",aw-tape,slam_1,203.187,0.0,3150.0,0.0,0.0,0.0,5e-05,4e-05,0.00026
aw_tape,Airwindows,"tape, the simple one",aw-tape,slam_1,25.398,0.0,3150.0,0.0,0.0,0.0,5e-05,4e-05,0.00026
aw_tape,Airwindows,"tape, the simple one",aw-tape,slam_1,3.175,0.0,3150.0,0.0,0.0,0.0,5e-05,4e-05,0.00026
aw_tape,Airwindows,"tape, the simple one",aw-tape,slam_1,32.0,0.0,3150.0,0.0,0.0,0.0,5e-05,4e-05,0.00026
aw_tape,Airwindows,"tape, the simple one",aw-tape,slam_1,4.0,0.0,3150.0,0.0,0.0,0.0,5e-05,4e-05,0.00026
aw_tape,Airwindows,"tape, the simple one",aw-tape,slam_1,40.317,0.0,3150.0,0.0,0.0,0.0,5e-05,4e-05,0.00026
aw_tape,Airwindows,"tape, the simple one",aw-tape,slam_1,5.04,0.0,3150.0,0.0,0.0,0.0,5e-05,4e-05,0.00026
aw_tape,Airwindows,"tape, the simple one",aw-tape,slam_1,50.797,0.0,3150.0,0.0,0.0,0.0,5e-05,4e-05,0.00026
aw_tape,Airwindows,"tape, the simple one",aw-tape,slam_1,6.35,0.0,3150.0,0.0,0.0,0.0,5e-05,4e-05,0.00026
aw_tape,Airwindows,"tape, the simple one",aw-tape,slam_1,64.0,0.0,3150.0,0.0,0.0,0.0,5e-05,4e-05,0.00026
aw_tape,Airwindows,"tape, the simple one",aw-tape,slam_1,8.0,0.0,3150.0,0.0,0.0,0.0,5e-05,4e-05,0.00026
aw_tape,Airwindows,"tape, the simple one",aw-tape,slam_1,80.635,0.0,3150.0,0.0,0.0,0.0,5e-05,4e-05,0.00026
aw_totape7,Airwindows,"tape, the flagship algorithm",aw-tape,matched_thd_1_pct,0.198,4.6e-05,3150.002,0.0001,0.00752,0.09502,0.00697,0.07585,0.2007
aw_totape7,Airwindows,"tape, the flagship algorithm",aw-tape,matched_thd_1_pct,0.397,1.7e-05,3150.002,0.0001,0.00752,0.09502,0.00697,0.07585,0.2007
aw_totape7,Airwindows,"tape, the flagship algorithm",aw-tape,matched_thd_1_pct,0.5,5e-05,3150.002,0.0001,0.00752,0.09502,0.00697,0.07585,0.2007
aw_totape7,Airwindows,"tape, the flagship algorithm",aw-tape,matched_thd_1_pct,0.794,0.000138,3150.002,0.0001,0.00752,0.09502,0.00697,0.07585,0.2007
aw_totape7,Airwindows,"tape, the flagship algorithm",aw-tape,matched_thd_1_pct,1.0,0.000248,3150.002,0.0001,0.00752,0.09502,0.00697,0.07585,0.2007
aw_totape7,Airwindows,"tape, the flagship algorithm",aw-tape,matched_thd_1_pct,1.26,7.1e-05,3150.002,0.0001,0.00752,0.09502,0.00697,0.07585,0.2007
aw_totape7,Airwindows,"tape, the flagship algorithm",aw-tape,matched_thd_1_pct,1.587,0.000184,3150.002,0.0001,0.00752,0.09502,0.00697,0.07585,0.2007
aw_totape7,Airwindows,"tape, the flagship algorithm",aw-tape,matched_thd_1_pct,10.079,0.062763,3150.002,0.0001,0.00752,0.09502,0.00697,0.07585,0.2007
aw_totape7,Airwindows,"tape, the flagship algorithm",aw-tape,matched_thd_1_pct,101.594,0.002412,3150.002,0.0001,0.00752,0.09502,0.00697,0.07585,0.2007
aw_totape7,Airwindows,"tape, the flagship algorithm",aw-tape,matched_thd_1_pct,12.699,0.032696,3150.002,0.0001,0.00752,0.09502,0.00697,0.07585,0.2007
aw_totape7,Airwindows,"tape, the flagship algorithm",aw-tape,matched_thd_1_pct,128.0,0.002162,3150.002,0.0001,0.00752,0.09502,0.00697,0.07585,0.2007
aw_totape7,Airwindows,"tape, the flagship algorithm",aw-tape,matched_thd_1_pct,16.0,0.028682,3150.002,0.0001,0.00752,0.09502,0.00697,0.07585,0.2007
aw_totape7,Airwindows,"tape, the flagship algorithm",aw-tape,matched_thd_1_pct,161.27,0.001911,3150.002,0.0001,0.00752,0.09502,0.00697,0.07585,0.2007
aw_totape7,Airwindows,"tape, the flagship algorithm",aw-tape,matched_thd_1_pct,2.0,0.000884,3150.002,0.0001,0.00752,0.09502,0.00697,0.07585,0.2007
aw_totape7,Airwindows,"tape, the flagship algorithm",aw-tape,matched_thd_1_pct,2.52,0.003608,3150.002,0.0001,0.00752,0.09502,0.00697,0.07585,0.2007
aw_totape7,Airwindows,"tape, the flagship algorithm",aw-tape,matched_thd_1_pct,20.159,0.019263,3150.002,0.0001,0.00752,0.09502,0.00697,0.07585,0.2007
aw_totape7,Airwindows,"tape, the flagship algorithm",aw-tape,matched_thd_1_pct,203.187,0.001704,3150.002,0.0001,0.00752,0.09502,0.00697,0.07585,0.2007
aw_totape7,Airwindows,"tape, the flagship algorithm",aw-tape,matched_thd_1_pct,25.398,0.00936,3150.002,0.0001,0.00752,0.09502,0.00697,0.07585,0.2007
aw_totape7,Airwindows,"tape, the flagship algorithm",aw-tape,matched_thd_1_pct,3.175,0.004556,3150.002,0.0001,0.00752,0.09502,0.00697,0.07585,0.2007
aw_totape7,Airwindows,"tape, the flagship algorithm",aw-tape,matched_thd_1_pct,32.0,0.005492,3150.002,0.0001,0.00752,0.09502,0.00697,0.07585,0.2007
aw_totape7,Airwindows,"tape, the flagship algorithm",aw-tape,matched_thd_1_pct,4.0,0.008475,3150.002,0.0001,0.00752,0.09502,0.00697,0.07585,0.2007
aw_totape7,Airwindows,"tape, the flagship algorithm",aw-tape,matched_thd_1_pct,40.317,0.005552,3150.002,0.0001,0.00752,0.09502,0.00697,0.07585,0.2007
aw_totape7,Airwindows,"tape, the flagship algorithm",aw-tape,matched_thd_1_pct,5.04,0.016351,3150.002,0.0001,0.00752,0.09502,0.00697,0.07585,0.2007
aw_totape7,Airwindows,"tape, the flagship algorithm",aw-tape,matched_thd_1_pct,50.797,0.003951,3150.002,0.0001,0.00752,0.09502,0.00697,0.07585,0.2007
aw_totape7,Airwindows,"tape, the flagship algorithm",aw-tape,matched_thd_1_pct,6.35,0.022079,3150.002,0.0001,0.00752,0.09502,0.00697,0.07585,0.2007
aw_totape7,Airwindows,"tape, the flagship algorithm",aw-tape,matched_thd_1_pct,64.0,0.00336,3150.002,0.0001,0.00752,0.09502,0.00697,0.07585,0.2007
aw_totape7,Airwindows,"tape, the flagship algorithm",aw-tape,matched_thd_1_pct,8.0,0.042837,3150.002,0.0001,0.00752,0.09502,0.00697,0.07585,0.2007
aw_totape7,Airwindows,"tape, the flagship algorithm",aw-tape,matched_thd_1_pct,80.635,0.002952,3150.002,0.0001,0.00752,0.09502,0.00697,0.07585,0.2007
aw_totape7,Airwindows,"tape, the flagship algorithm",aw-tape,matched_thd_3_pct,0.198,0.000133,3150.005,0.0002,0.01083,0.08981,0.00723,0.06697,0.20207
aw_totape7,Airwindows,"tape, the flagship algorithm",aw-tape,matched_thd_3_pct,0.397,2.5e-05,3150.005,0.0002,0.01083,0.08981,0.00723,0.06697,0.20207
aw_totape7,Airwindows,"tape, the flagship algorithm",aw-tape,matched_thd_3_pct,0.5,8.2e-05,3150.005,0.0002,0.01083,0.08981,0.00723,0.06697,0.20207
aw_totape7,Airwindows,"tape, the flagship algorithm",aw-tape,matched_thd_3_pct,0.794,0.000139,3150.005,0.0002,0.01083,0.08981,0.00723,0.06697,0.20207
aw_totape7,Airwindows,"tape, the flagship algorithm",aw-tape,matched_thd_3_pct,1.0,0.00041,3150.005,0.0002,0.01083,0.08981,0.00723,0.06697,0.20207
aw_totape7,Airwindows,"tape, the flagship algorithm",aw-tape,matched_thd_3_pct,1.26,0.000178,3150.005,0.0002,0.01083,0.08981,0.00723,0.06697,0.20207
aw_totape7,Airwindows,"tape, the flagship algorithm",aw-tape,matched_thd_3_pct,1.587,0.000709,3150.005,0.0002,0.01083,0.08981,0.00723,0.06697,0.20207
aw_totape7,Airwindows,"tape, the flagship algorithm",aw-tape,matched_thd_3_pct,10.079,0.050358,3150.005,0.0002,0.01083,0.08981,0.00723,0.06697,0.20207
aw_totape7,Airwindows,"tape, the flagship algorithm",aw-tape,matched_thd_3_pct,101.594,0.002841,3150.005,0.0002,0.01083,0.08981,0.00723,0.06697,0.20207
aw_totape7,Airwindows,"tape, the flagship algorithm",aw-tape,matched_thd_3_pct,12.699,0.034749,3150.005,0.0002,0.01083,0.08981,0.00723,0.06697,0.20207
aw_totape7,Airwindows,"tape, the flagship algorithm",aw-tape,matched_thd_3_pct,128.0,0.002359,3150.005,0.0002,0.01083,0.08981,0.00723,0.06697,0.20207
aw_totape7,Airwindows,"tape, the flagship algorithm",aw-tape,matched_thd_3_pct,16.0,0.027399,3150.005,0.0002,0.01083,0.08981,0.00723,0.06697,0.20207
aw_totape7,Airwindows,"tape, the flagship algorithm",aw-tape,matched_thd_3_pct,161.27,0.002175,3150.005,0.0002,0.01083,0.08981,0.00723,0.06697,0.20207
aw_totape7,Airwindows,"tape, the flagship algorithm",aw-tape,matched_thd_3_pct,2.0,0.000863,3150.005,0.0002,0.01083,0.08981,0.00723,0.06697,0.20207
aw_totape7,Airwindows,"tape, the flagship algorithm",aw-tape,matched_thd_3_pct,2.52,0.003047,3150.005,0.0002,0.01083,0.08981,0.00723,0.06697,0.20207
aw_totape7,Airwindows,"tape, the flagship algorithm",aw-tape,matched_thd_3_pct,20.159,0.02024,3150.005,0.0002,0.01083,0.08981,0.00723,0.06697,0.20207
aw_totape7,Airwindows,"tape, the flagship algorithm",aw-tape,matched_thd_3_pct,203.187,0.001874,3150.005,0.0002,0.01083,0.08981,0.00723,0.06697,0.20207
aw_totape7,Airwindows,"tape, the flagship algorithm",aw-tape,matched_thd_3_pct,25.398,0.013915,3150.005,0.0002,0.01083,0.08981,0.00723,0.06697,0.20207
aw_totape7,Airwindows,"tape, the flagship algorithm",aw-tape,matched_thd_3_pct,3.175,0.00581,3150.005,0.0002,0.01083,0.08981,0.00723,0.06697,0.20207
aw_totape7,Airwindows,"tape, the flagship algorithm",aw-tape,matched_thd_3_pct,32.0,0.005391,3150.005,0.0002,0.01083,0.08981,0.00723,0.06697,0.20207
aw_totape7,Airwindows,"tape, the flagship algorithm",aw-tape,matched_thd_3_pct,4.0,0.012435,3150.005,0.0002,0.01083,0.08981,0.00723,0.06697,0.20207
aw_totape7,Airwindows,"tape, the flagship algorithm",aw-tape,matched_thd_3_pct,40.317,0.006366,3150.005,0.0002,0.01083,0.08981,0.00723,0.06697,0.20207
aw_totape7,Airwindows,"tape, the flagship algorithm",aw-tape,matched_thd_3_pct,5.04,0.017157,3150.005,0.0002,0.01083,0.08981,0.00723,0.06697,0.20207
aw_totape7,Airwindows,"tape, the flagship algorithm",aw-tape,matched_thd_3_pct,50.797,0.003996,3150.005,0.0002,0.01083,0.08981,0.00723,0.06697,0.20207
aw_totape7,Airwindows,"tape, the flagship algorithm",aw-tape,matched_thd_3_pct,6.35,0.025143,3150.005,0.0002,0.01083,0.08981,0.00723,0.06697,0.20207
aw_totape7,Airwindows,"tape, the flagship algorithm",aw-tape,matched_thd_3_pct,64.0,0.003923,3150.005,0.0002,0.01083,0.08981,0.00723,0.06697,0.20207
aw_totape7,Airwindows,"tape, the flagship algorithm",aw-tape,matched_thd_3_pct,8.0,0.04296,3150.005,0.0002,0.01083,0.08981,0.00723,0.06697,0.20207
aw_totape7,Airwindows,"tape, the flagship algorithm",aw-tape,matched_thd_3_pct,80.635,0.003221,3150.005,0.0002,0.01083,0.08981,0.00723,0.06697,0.20207
aw_totape7,Airwindows,"tape, the flagship algorithm",aw-tape,tapedrv_0.5,0.198,1.1e-05,3150.0,-0.0,0.00458,0.10705,0.00618,0.07325,0.19862
aw_totape7,Airwindows,"tape, the flagship algorithm",aw-tape,tapedrv_0.5,0.397,1.8e-05,3150.0,-0.0,0.00458,0.10705,0.00618,0.07325,0.19862
aw_totape7,Airwindows,"tape, the flagship algorithm",aw-tape,tapedrv_0.5,0.5,2e-05,3150.0,-0.0,0.00458,0.10705,0.00618,0.07325,0.19862
aw_totape7,Airwindows,"tape, the flagship algorithm",aw-tape,tapedrv_0.5,0.794,2.6e-05,3150.0,-0.0,0.00458,0.10705,0.00618,0.07325,0.19862
aw_totape7,Airwindows,"tape, the flagship algorithm",aw-tape,tapedrv_0.5,1.0,0.000166,3150.0,-0.0,0.00458,0.10705,0.00618,0.07325,0.19862
aw_totape7,Airwindows,"tape, the flagship algorithm",aw-tape,tapedrv_0.5,1.26,0.000202,3150.0,-0.0,0.00458,0.10705,0.00618,0.07325,0.19862
aw_totape7,Airwindows,"tape, the flagship algorithm",aw-tape,tapedrv_0.5,1.587,0.0003,3150.0,-0.0,0.00458,0.10705,0.00618,0.07325,0.19862
aw_totape7,Airwindows,"tape, the flagship algorithm",aw-tape,tapedrv_0.5,10.079,0.061621,3150.0,-0.0,0.00458,0.10705,0.00618,0.07325,0.19862
aw_totape7,Airwindows,"tape, the flagship algorithm",aw-tape,tapedrv_0.5,101.594,0.00216,3150.0,-0.0,0.00458,0.10705,0.00618,0.07325,0.19862
aw_totape7,Airwindows,"tape, the flagship algorithm",aw-tape,tapedrv_0.5,12.699,0.068372,3150.0,-0.0,0.00458,0.10705,0.00618,0.07325,0.19862
aw_totape7,Airwindows,"tape, the flagship algorithm",aw-tape,tapedrv_0.5,128.0,0.001912,3150.0,-0.0,0.00458,0.10705,0.00618,0.07325,0.19862
aw_totape7,Airwindows,"tape, the flagship algorithm",aw-tape,tapedrv_0.5,16.0,0.024621,3150.0,-0.0,0.00458,0.10705,0.00618,0.07325,0.19862
aw_totape7,Airwindows,"tape, the flagship algorithm",aw-tape,tapedrv_0.5,161.27,0.001636,3150.0,-0.0,0.00458,0.10705,0.00618,0.07325,0.19862
aw_totape7,Airwindows,"tape, the flagship algorithm",aw-tape,tapedrv_0.5,2.0,0.001069,3150.0,-0.0,0.00458,0.10705,0.00618,0.07325,0.19862
aw_totape7,Airwindows,"tape, the flagship algorithm",aw-tape,tapedrv_0.5,2.52,0.001569,3150.0,-0.0,0.00458,0.10705,0.00618,0.07325,0.19862
aw_totape7,Airwindows,"tape, the flagship algorithm",aw-tape,tapedrv_0.5,20.159,0.021519,3150.0,-0.0,0.00458,0.10705,0.00618,0.07325,0.19862
aw_totape7,Airwindows,"tape, the flagship algorithm",aw-tape,tapedrv_0.5,203.187,0.001456,3150.0,-0.0,0.00458,0.10705,0.00618,0.07325,0.19862
aw_totape7,Airwindows,"tape, the flagship algorithm",aw-tape,tapedrv_0.5,25.398,0.010013,3150.0,-0.0,0.00458,0.10705,0.00618,0.07325,0.19862
aw_totape7,Airwindows,"tape, the flagship algorithm",aw-tape,tapedrv_0.5,3.175,0.002743,3150.0,-0.0,0.00458,0.10705,0.00618,0.07325,0.19862
aw_totape7,Airwindows,"tape, the flagship algorithm",aw-tape,tapedrv_0.5,32.0,0.004473,3150.0,-0.0,0.00458,0.10705,0.00618,0.07325,0.19862
aw_totape7,Airwindows,"tape, the flagship algorithm",aw-tape,tapedrv_0.5,4.0,0.003853,3150.0,-0.0,0.00458,0.10705,0.00618,0.07325,0.19862
aw_totape7,Airwindows,"tape, the flagship algorithm",aw-tape,tapedrv_0.5,40.317,0.005,3150.0,-0.0,0.00458,0.10705,0.00618,0.07325,0.19862
aw_totape7,Airwindows,"tape, the flagship algorithm",aw-tape,tapedrv_0.5,5.04,0.010186,3150.0,-0.0,0.00458,0.10705,0.00618,0.07325,0.19862
aw_totape7,Airwindows,"tape, the flagship algorithm",aw-tape,tapedrv_0.5,50.797,0.003614,3150.0,-0.0,0.00458,0.10705,0.00618,0.07325,0.19862
aw_totape7,Airwindows,"tape, the flagship algorithm",aw-tape,tapedrv_0.5,6.35,0.024554,3150.0,-0.0,0.00458,0.10705,0.00618,0.07325,0.19862
aw_totape7,Airwindows,"tape, the flagship algorithm",aw-tape,tapedrv_0.5,64.0,0.003116,3150.0,-0.0,0.00458,0.10705,0.00618,0.07325,0.19862
aw_totape7,Airwindows,"tape, the flagship algorithm",aw-tape,tapedrv_0.5,8.0,0.032099,3150.0,-0.0,0.00458,0.10705,0.00618,0.07325,0.19862
aw_totape7,Airwindows,"tape, the flagship algorithm",aw-tape,tapedrv_0.5,80.635,0.002401,3150.0,-0.0,0.00458,0.10705,0.00618,0.07325,0.19862
aw_totape7,Airwindows,"tape, the flagship algorithm",aw-tape,tapedrv_1,0.198,0.000179,3150.007,0.0002,0.00797,0.08729,0.00644,0.06953,0.19356
aw_totape7,Airwindows,"tape, the flagship algorithm",aw-tape,tapedrv_1,0.397,2.8e-05,3150.007,0.0002,0.00797,0.08729,0.00644,0.06953,0.19356
aw_totape7,Airwindows,"tape, the flagship algorithm",aw-tape,tapedrv_1,0.5,1.5e-05,3150.007,0.0002,0.00797,0.08729,0.00644,0.06953,0.19356
aw_totape7,Airwindows,"tape, the flagship algorithm",aw-tape,tapedrv_1,0.794,4.8e-05,3150.007,0.0002,0.00797,0.08729,0.00644,0.06953,0.19356
aw_totape7,Airwindows,"tape, the flagship algorithm",aw-tape,tapedrv_1,1.0,0.000102,3150.007,0.0002,0.00797,0.08729,0.00644,0.06953,0.19356
aw_totape7,Airwindows,"tape, the flagship algorithm",aw-tape,tapedrv_1,1.26,0.000191,3150.007,0.0002,0.00797,0.08729,0.00644,0.06953,0.19356
aw_totape7,Airwindows,"tape, the flagship algorithm",aw-tape,tapedrv_1,1.587,0.000674,3150.007,0.0002,0.00797,0.08729,0.00644,0.06953,0.19356
aw_totape7,Airwindows,"tape, the flagship algorithm",aw-tape,tapedrv_1,10.079,0.041508,3150.007,0.0002,0.00797,0.08729,0.00644,0.06953,0.19356
aw_totape7,Airwindows,"tape, the flagship algorithm",aw-tape,tapedrv_1,101.594,0.002432,3150.007,0.0002,0.00797,0.08729,0.00644,0.06953,0.19356
aw_totape7,Airwindows,"tape, the flagship algorithm",aw-tape,tapedrv_1,12.699,0.034467,3150.007,0.0002,0.00797,0.08729,0.00644,0.06953,0.19356
aw_totape7,Airwindows,"tape, the flagship algorithm",aw-tape,tapedrv_1,128.0,0.002004,3150.007,0.0002,0.00797,0.08729,0.00644,0.06953,0.19356
aw_totape7,Airwindows,"tape, the flagship algorithm",aw-tape,tapedrv_1,16.0,0.023416,3150.007,0.0002,0.00797,0.08729,0.00644,0.06953,0.19356
aw_totape7,Airwindows,"tape, the flagship algorithm",aw-tape,tapedrv_1,161.27,0.001727,3150.007,0.0002,0.00797,0.08729,0.00644,0.06953,0.19356
aw_totape7,Airwindows,"tape, the flagship algorithm",aw-tape,tapedrv_1,2.0,0.000999,3150.007,0.0002,0.00797,0.08729,0.00644,0.06953,0.19356
aw_totape7,Airwindows,"tape, the flagship algorithm",aw-tape,tapedrv_1,2.52,0.001643,3150.007,0.0002,0.00797,0.08729,0.00644,0.06953,0.19356
aw_totape7,Airwindows,"tape, the flagship algorithm",aw-tape,tapedrv_1,20.159,0.014722,3150.007,0.0002,0.00797,0.08729,0.00644,0.06953,0.19356
aw_totape7,Airwindows,"tape, the flagship algorithm",aw-tape,tapedrv_1,203.187,0.001596,3150.007,0.0002,0.00797,0.08729,0.00644,0.06953,0.19356
aw_totape7,Airwindows,"tape, the flagship algorithm",aw-tape,tapedrv_1,25.398,0.008976,3150.007,0.0002,0.00797,0.08729,0.00644,0.06953,0.19356
aw_totape7,Airwindows,"tape, the flagship algorithm",aw-tape,tapedrv_1,3.175,0.004048,3150.007,0.0002,0.00797,0.08729,0.00644,0.06953,0.19356
aw_totape7,Airwindows,"tape, the flagship algorithm",aw-tape,tapedrv_1,32.0,0.004953,3150.007,0.0002,0.00797,0.08729,0.00644,0.06953,0.19356
aw_totape7,Airwindows,"tape, the flagship algorithm",aw-tape,tapedrv_1,4.0,0.012145,3150.007,0.0002,0.00797,0.08729,0.00644,0.06953,0.19356
aw_totape7,Airwindows,"tape, the flagship algorithm",aw-tape,tapedrv_1,40.317,0.004332,3150.007,0.0002,0.00797,0.08729,0.00644,0.06953,0.19356
aw_totape7,Airwindows,"tape, the flagship algorithm",aw-tape,tapedrv_1,5.04,0.00914,3150.007,0.0002,0.00797,0.08729,0.00644,0.06953,0.19356
aw_totape7,Airwindows,"tape, the flagship algorithm",aw-tape,tapedrv_1,50.797,0.003968,3150.007,0.0002,0.00797,0.08729,0.00644,0.06953,0.19356
aw_totape7,Airwindows,"tape, the flagship algorithm",aw-tape,tapedrv_1,6.35,0.025397,3150.007,0.0002,0.00797,0.08729,0.00644,0.06953,0.19356
aw_totape7,Airwindows,"tape, the flagship algorithm",aw-tape,tapedrv_1,64.0,0.003141,3150.007,0.0002,0.00797,0.08729,0.00644,0.06953,0.19356
aw_totape7,Airwindows,"tape, the flagship algorithm",aw-tape,tapedrv_1,8.0,0.054333,3150.007,0.0002,0.00797,0.08729,0.00644,0.06953,0.19356
aw_totape7,Airwindows,"tape, the flagship algorithm",aw-tape,tapedrv_1,80.635,0.002389,3150.007,0.0002,0.00797,0.08729,0.00644,0.06953,0.19356
studer_a800,UAD,Studer A800 multitrack,tape-machine,ccir_15,0.198,0.0,3150.0,0.0,0.0,0.0,1e-05,0.0,2e-05
studer_a800,UAD,Studer A800 multitrack,tape-machine,ccir_15,0.397,0.0,3150.0,0.0,0.0,0.0,1e-05,0.0,2e-05
studer_a800,UAD,Studer A800 multitrack,tape-machine,ccir_15,0.5,0.0,3150.0,0.0,0.0,0.0,1e-05,0.0,2e-05
studer_a800,UAD,Studer A800 multitrack,tape-machine,ccir_15,0.794,0.0,3150.0,0.0,0.0,0.0,1e-05,0.0,2e-05
studer_a800,UAD,Studer A800 multitrack,tape-machine,ccir_15,1.0,0.0,3150.0,0.0,0.0,0.0,1e-05,0.0,2e-05
studer_a800,UAD,Studer A800 multitrack,tape-machine,ccir_15,1.26,0.0,3150.0,0.0,0.0,0.0,1e-05,0.0,2e-05
studer_a800,UAD,Studer A800 multitrack,tape-machine,ccir_15,1.587,0.0,3150.0,0.0,0.0,0.0,1e-05,0.0,2e-05
studer_a800,UAD,Studer A800 multitrack,tape-machine,ccir_15,10.079,0.0,3150.0,0.0,0.0,0.0,1e-05,0.0,2e-05
studer_a800,UAD,Studer A800 multitrack,tape-machine,ccir_15,101.594,0.0,3150.0,0.0,0.0,0.0,1e-05,0.0,2e-05
studer_a800,UAD,Studer A800 multitrack,tape-machine,ccir_15,12.699,0.0,3150.0,0.0,0.0,0.0,1e-05,0.0,2e-05
studer_a800,UAD,Studer A800 multitrack,tape-machine,ccir_15,128.0,0.0,3150.0,0.0,0.0,0.0,1e-05,0.0,2e-05
studer_a800,UAD,Studer A800 multitrack,tape-machine,ccir_15,16.0,0.0,3150.0,0.0,0.0,0.0,1e-05,0.0,2e-05
studer_a800,UAD,Studer A800 multitrack,tape-machine,ccir_15,161.27,0.0,3150.0,0.0,0.0,0.0,1e-05,0.0,2e-05
studer_a800,UAD,Studer A800 multitrack,tape-machine,ccir_15,2.0,0.0,3150.0,0.0,0.0,0.0,1e-05,0.0,2e-05
studer_a800,UAD,Studer A800 multitrack,tape-machine,ccir_15,2.52,0.0,3150.0,0.0,0.0,0.0,1e-05,0.0,2e-05
studer_a800,UAD,Studer A800 multitrack,tape-machine,ccir_15,20.159,0.0,3150.0,0.0,0.0,0.0,1e-05,0.0,2e-05
studer_a800,UAD,Studer A800 multitrack,tape-machine,ccir_15,203.187,0.0,3150.0,0.0,0.0,0.0,1e-05,0.0,2e-05
studer_a800,UAD,Studer A800 multitrack,tape-machine,ccir_15,25.398,0.0,3150.0,0.0,0.0,0.0,1e-05,0.0,2e-05
studer_a800,UAD,Studer A800 multitrack,tape-machine,ccir_15,3.175,0.0,3150.0,0.0,0.0,0.0,1e-05,0.0,2e-05
studer_a800,UAD,Studer A800 multitrack,tape-machine,ccir_15,32.0,0.0,3150.0,0.0,0.0,0.0,1e-05,0.0,2e-05
studer_a800,UAD,Studer A800 multitrack,tape-machine,ccir_15,4.0,0.0,3150.0,0.0,0.0,0.0,1e-05,0.0,2e-05
studer_a800,UAD,Studer A800 multitrack,tape-machine,ccir_15,40.317,0.0,3150.0,0.0,0.0,0.0,1e-05,0.0,2e-05
studer_a800,UAD,Studer A800 multitrack,tape-machine,ccir_15,5.04,0.0,3150.0,0.0,0.0,0.0,1e-05,0.0,2e-05
studer_a800,UAD,Studer A800 multitrack,tape-machine,ccir_15,50.797,0.0,3150.0,0.0,0.0,0.0,1e-05,0.0,2e-05
studer_a800,UAD,Studer A800 multitrack,tape-machine,ccir_15,6.35,0.0,3150.0,0.0,0.0,0.0,1e-05,0.0,2e-05
studer_a800,UAD,Studer A800 multitrack,tape-machine,ccir_15,64.0,0.0,3150.0,0.0,0.0,0.0,1e-05,0.0,2e-05
studer_a800,UAD,Studer A800 multitrack,tape-machine,ccir_15,8.0,0.0,3150.0,0.0,0.0,0.0,1e-05,0.0,2e-05
studer_a800,UAD,Studer A800 multitrack,tape-machine,ccir_15,80.635,0.0,3150.0,0.0,0.0,0.0,1e-05,0.0,2e-05
studer_a800,UAD,Studer A800 multitrack,tape-machine,hot_+6,0.198,0.0,3150.0,0.0,0.0,0.0,1e-05,0.0,2e-05
studer_a800,UAD,Studer A800 multitrack,tape-machine,hot_+6,0.397,0.0,3150.0,0.0,0.0,0.0,1e-05,0.0,2e-05
studer_a800,UAD,Studer A800 multitrack,tape-machine,hot_+6,0.5,0.0,3150.0,0.0,0.0,0.0,1e-05,0.0,2e-05
studer_a800,UAD,Studer A800 multitrack,tape-machine,hot_+6,0.794,0.0,3150.0,0.0,0.0,0.0,1e-05,0.0,2e-05
studer_a800,UAD,Studer A800 multitrack,tape-machine,hot_+6,1.0,0.0,3150.0,0.0,0.0,0.0,1e-05,0.0,2e-05
studer_a800,UAD,Studer A800 multitrack,tape-machine,hot_+6,1.26,0.0,3150.0,0.0,0.0,0.0,1e-05,0.0,2e-05
studer_a800,UAD,Studer A800 multitrack,tape-machine,hot_+6,1.587,0.0,3150.0,0.0,0.0,0.0,1e-05,0.0,2e-05
studer_a800,UAD,Studer A800 multitrack,tape-machine,hot_+6,10.079,0.0,3150.0,0.0,0.0,0.0,1e-05,0.0,2e-05
studer_a800,UAD,Studer A800 multitrack,tape-machine,hot_+6,101.594,0.0,3150.0,0.0,0.0,0.0,1e-05,0.0,2e-05
studer_a800,UAD,Studer A800 multitrack,tape-machine,hot_+6,12.699,0.0,3150.0,0.0,0.0,0.0,1e-05,0.0,2e-05
studer_a800,UAD,Studer A800 multitrack,tape-machine,hot_+6,128.0,0.0,3150.0,0.0,0.0,0.0,1e-05,0.0,2e-05
studer_a800,UAD,Studer A800 multitrack,tape-machine,hot_+6,16.0,0.0,3150.0,0.0,0.0,0.0,1e-05,0.0,2e-05
studer_a800,UAD,Studer A800 multitrack,tape-machine,hot_+6,161.27,0.0,3150.0,0.0,0.0,0.0,1e-05,0.0,2e-05
studer_a800,UAD,Studer A800 multitrack,tape-machine,hot_+6,2.0,0.0,3150.0,0.0,0.0,0.0,1e-05,0.0,2e-05
studer_a800,UAD,Studer A800 multitrack,tape-machine,hot_+6,2.52,0.0,3150.0,0.0,0.0,0.0,1e-05,0.0,2e-05
studer_a800,UAD,Studer A800 multitrack,tape-machine,hot_+6,20.159,0.0,3150.0,0.0,0.0,0.0,1e-05,0.0,2e-05
studer_a800,UAD,Studer A800 multitrack,tape-machine,hot_+6,203.187,0.0,3150.0,0.0,0.0,0.0,1e-05,0.0,2e-05
studer_a800,UAD,Studer A800 multitrack,tape-machine,hot_+6,25.398,0.0,3150.0,0.0,0.0,0.0,1e-05,0.0,2e-05
studer_a800,UAD,Studer A800 multitrack,tape-machine,hot_+6,3.175,0.0,3150.0,0.0,0.0,0.0,1e-05,0.0,2e-05
studer_a800,UAD,Studer A800 multitrack,tape-machine,hot_+6,32.0,0.0,3150.0,0.0,0.0,0.0,1e-05,0.0,2e-05
studer_a800,UAD,Studer A800 multitrack,tape-machine,hot_+6,4.0,0.0,3150.0,0.0,0.0,0.0,1e-05,0.0,2e-05
studer_a800,UAD,Studer A800 multitrack,tape-machine,hot_+6,40.317,0.0,3150.0,0.0,0.0,0.0,1e-05,0.0,2e-05
studer_a800,UAD,Studer A800 multitrack,tape-machine,hot_+6,5.04,0.0,3150.0,0.0,0.0,0.0,1e-05,0.0,2e-05
studer_a800,UAD,Studer A800 multitrack,tape-machine,hot_+6,50.797,0.0,3150.0,0.0,0.0,0.0,1e-05,0.0,2e-05
studer_a800,UAD,Studer A800 multitrack,tape-machine,hot_+6,6.35,0.0,3150.0,0.0,0.0,0.0,1e-05,0.0,2e-05
studer_a800,UAD,Studer A800 multitrack,tape-machine,hot_+6,64.0,0.0,3150.0,0.0,0.0,0.0,1e-05,0.0,2e-05
studer_a800,UAD,Studer A800 multitrack,tape-machine,hot_+6,8.0,0.0,3150.0,0.0,0.0,0.0,1e-05,0.0,2e-05
studer_a800,UAD,Studer A800 multitrack,tape-machine,hot_+6,80.635,0.0,3150.0,0.0,0.0,0.0,1e-05,0.0,2e-05
studer_a800,UAD,Studer A800 multitrack,tape-machine,ips_15,0.198,0.0,3150.0,-0.0,0.0,0.0,0.0,0.0,2e-05
studer_a800,UAD,Studer A800 multitrack,tape-machine,ips_15,0.397,0.0,3150.0,-0.0,0.0,0.0,0.0,0.0,2e-05
studer_a800,UAD,Studer A800 multitrack,tape-machine,ips_15,0.5,0.0,3150.0,-0.0,0.0,0.0,0.0,0.0,2e-05
studer_a800,UAD,Studer A800 multitrack,tape-machine,ips_15,0.794,0.0,3150.0,-0.0,0.0,0.0,0.0,0.0,2e-05
studer_a800,UAD,Studer A800 multitrack,tape-machine,ips_15,1.0,0.0,3150.0,-0.0,0.0,0.0,0.0,0.0,2e-05
studer_a800,UAD,Studer A800 multitrack,tape-machine,ips_15,1.26,0.0,3150.0,-0.0,0.0,0.0,0.0,0.0,2e-05
studer_a800,UAD,Studer A800 multitrack,tape-machine,ips_15,1.587,0.0,3150.0,-0.0,0.0,0.0,0.0,0.0,2e-05
studer_a800,UAD,Studer A800 multitrack,tape-machine,ips_15,10.079,0.0,3150.0,-0.0,0.0,0.0,0.0,0.0,2e-05
studer_a800,UAD,Studer A800 multitrack,tape-machine,ips_15,101.594,0.0,3150.0,-0.0,0.0,0.0,0.0,0.0,2e-05
studer_a800,UAD,Studer A800 multitrack,tape-machine,ips_15,12.699,0.0,3150.0,-0.0,0.0,0.0,0.0,0.0,2e-05
studer_a800,UAD,Studer A800 multitrack,tape-machine,ips_15,128.0,0.0,3150.0,-0.0,0.0,0.0,0.0,0.0,2e-05
studer_a800,UAD,Studer A800 multitrack,tape-machine,ips_15,16.0,0.0,3150.0,-0.0,0.0,0.0,0.0,0.0,2e-05
studer_a800,UAD,Studer A800 multitrack,tape-machine,ips_15,161.27,0.0,3150.0,-0.0,0.0,0.0,0.0,0.0,2e-05
studer_a800,UAD,Studer A800 multitrack,tape-machine,ips_15,2.0,0.0,3150.0,-0.0,0.0,0.0,0.0,0.0,2e-05
studer_a800,UAD,Studer A800 multitrack,tape-machine,ips_15,2.52,0.0,3150.0,-0.0,0.0,0.0,0.0,0.0,2e-05
studer_a800,UAD,Studer A800 multitrack,tape-machine,ips_15,20.159,0.0,3150.0,-0.0,0.0,0.0,0.0,0.0,2e-05
studer_a800,UAD,Studer A800 multitrack,tape-machine,ips_15,203.187,0.0,3150.0,-0.0,0.0,0.0,0.0,0.0,2e-05
studer_a800,UAD,Studer A800 multitrack,tape-machine,ips_15,25.398,0.0,3150.0,-0.0,0.0,0.0,0.0,0.0,2e-05
studer_a800,UAD,Studer A800 multitrack,tape-machine,ips_15,3.175,0.0,3150.0,-0.0,0.0,0.0,0.0,0.0,2e-05
studer_a800,UAD,Studer A800 multitrack,tape-machine,ips_15,32.0,0.0,3150.0,-0.0,0.0,0.0,0.0,0.0,2e-05
studer_a800,UAD,Studer A800 multitrack,tape-machine,ips_15,4.0,0.0,3150.0,-0.0,0.0,0.0,0.0,0.0,2e-05
studer_a800,UAD,Studer A800 multitrack,tape-machine,ips_15,40.317,0.0,3150.0,-0.0,0.0,0.0,0.0,0.0,2e-05
studer_a800,UAD,Studer A800 multitrack,tape-machine,ips_15,5.04,0.0,3150.0,-0.0,0.0,0.0,0.0,0.0,2e-05
studer_a800,UAD,Studer A800 multitrack,tape-machine,ips_15,50.797,0.0,3150.0,-0.0,0.0,0.0,0.0,0.0,2e-05
studer_a800,UAD,Studer A800 multitrack,tape-machine,ips_15,6.35,0.0,3150.0,-0.0,0.0,0.0,0.0,0.0,2e-05
studer_a800,UAD,Studer A800 multitrack,tape-machine,ips_15,64.0,0.0,3150.0,-0.0,0.0,0.0,0.0,0.0,2e-05
studer_a800,UAD,Studer A800 multitrack,tape-machine,ips_15,8.0,0.0,3150.0,-0.0,0.0,0.0,0.0,0.0,2e-05
studer_a800,UAD,Studer A800 multitrack,tape-machine,ips_15,80.635,0.0,3150.0,-0.0,0.0,0.0,0.0,0.0,2e-05
studer_a800,UAD,Studer A800 multitrack,tape-machine,ips_30,0.198,0.0,3150.0,-0.0,0.0,0.0,0.0,0.0,1e-05
studer_a800,UAD,Studer A800 multitrack,tape-machine,ips_30,0.397,0.0,3150.0,-0.0,0.0,0.0,0.0,0.0,1e-05
studer_a800,UAD,Studer A800 multitrack,tape-machine,ips_30,0.5,0.0,3150.0,-0.0,0.0,0.0,0.0,0.0,1e-05
studer_a800,UAD,Studer A800 multitrack,tape-machine,ips_30,0.794,0.0,3150.0,-0.0,0.0,0.0,0.0,0.0,1e-05
studer_a800,UAD,Studer A800 multitrack,tape-machine,ips_30,1.0,0.0,3150.0,-0.0,0.0,0.0,0.0,0.0,1e-05
studer_a800,UAD,Studer A800 multitrack,tape-machine,ips_30,1.26,0.0,3150.0,-0.0,0.0,0.0,0.0,0.0,1e-05
studer_a800,UAD,Studer A800 multitrack,tape-machine,ips_30,1.587,0.0,3150.0,-0.0,0.0,0.0,0.0,0.0,1e-05
studer_a800,UAD,Studer A800 multitrack,tape-machine,ips_30,10.079,0.0,3150.0,-0.0,0.0,0.0,0.0,0.0,1e-05
studer_a800,UAD,Studer A800 multitrack,tape-machine,ips_30,101.594,0.0,3150.0,-0.0,0.0,0.0,0.0,0.0,1e-05
studer_a800,UAD,Studer A800 multitrack,tape-machine,ips_30,12.699,0.0,3150.0,-0.0,0.0,0.0,0.0,0.0,1e-05
studer_a800,UAD,Studer A800 multitrack,tape-machine,ips_30,128.0,0.0,3150.0,-0.0,0.0,0.0,0.0,0.0,1e-05
studer_a800,UAD,Studer A800 multitrack,tape-machine,ips_30,16.0,0.0,3150.0,-0.0,0.0,0.0,0.0,0.0,1e-05
studer_a800,UAD,Studer A800 multitrack,tape-machine,ips_30,161.27,0.0,3150.0,-0.0,0.0,0.0,0.0,0.0,1e-05
studer_a800,UAD,Studer A800 multitrack,tape-machine,ips_30,2.0,0.0,3150.0,-0.0,0.0,0.0,0.0,0.0,1e-05
studer_a800,UAD,Studer A800 multitrack,tape-machine,ips_30,2.52,0.0,3150.0,-0.0,0.0,0.0,0.0,0.0,1e-05
studer_a800,UAD,Studer A800 multitrack,tape-machine,ips_30,20.159,0.0,3150.0,-0.0,0.0,0.0,0.0,0.0,1e-05
studer_a800,UAD,Studer A800 multitrack,tape-machine,ips_30,203.187,0.0,3150.0,-0.0,0.0,0.0,0.0,0.0,1e-05
studer_a800,UAD,Studer A800 multitrack,tape-machine,ips_30,25.398,0.0,3150.0,-0.0,0.0,0.0,0.0,0.0,1e-05
studer_a800,UAD,Studer A800 multitrack,tape-machine,ips_30,3.175,0.0,3150.0,-0.0,0.0,0.0,0.0,0.0,1e-05
studer_a800,UAD,Studer A800 multitrack,tape-machine,ips_30,32.0,0.0,3150.0,-0.0,0.0,0.0,0.0,0.0,1e-05
studer_a800,UAD,Studer A800 multitrack,tape-machine,ips_30,4.0,0.0,3150.0,-0.0,0.0,0.0,0.0,0.0,1e-05
studer_a800,UAD,Studer A800 multitrack,tape-machine,ips_30,40.317,0.0,3150.0,-0.0,0.0,0.0,0.0,0.0,1e-05
studer_a800,UAD,Studer A800 multitrack,tape-machine,ips_30,5.04,0.0,3150.0,-0.0,0.0,0.0,0.0,0.0,1e-05
studer_a800,UAD,Studer A800 multitrack,tape-machine,ips_30,50.797,0.0,3150.0,-0.0,0.0,0.0,0.0,0.0,1e-05
studer_a800,UAD,Studer A800 multitrack,tape-machine,ips_30,6.35,0.0,3150.0,-0.0,0.0,0.0,0.0,0.0,1e-05
studer_a800,UAD,Studer A800 multitrack,tape-machine,ips_30,64.0,0.0,3150.0,-0.0,0.0,0.0,0.0,0.0,1e-05
studer_a800,UAD,Studer A800 multitrack,tape-machine,ips_30,8.0,0.0,3150.0,-0.0,0.0,0.0,0.0,0.0,1e-05
studer_a800,UAD,Studer A800 multitrack,tape-machine,ips_30,80.635,0.0,3150.0,-0.0,0.0,0.0,0.0,0.0,1e-05
studer_a800,UAD,Studer A800 multitrack,tape-machine,ips_7.5,0.198,0.0,3150.0,0.0,0.0,0.0,1e-05,1e-05,4e-05
studer_a800,UAD,Studer A800 multitrack,tape-machine,ips_7.5,0.397,0.0,3150.0,0.0,0.0,0.0,1e-05,1e-05,4e-05
studer_a800,UAD,Studer A800 multitrack,tape-machine,ips_7.5,0.5,0.0,3150.0,0.0,0.0,0.0,1e-05,1e-05,4e-05
studer_a800,UAD,Studer A800 multitrack,tape-machine,ips_7.5,0.794,0.0,3150.0,0.0,0.0,0.0,1e-05,1e-05,4e-05
studer_a800,UAD,Studer A800 multitrack,tape-machine,ips_7.5,1.0,0.0,3150.0,0.0,0.0,0.0,1e-05,1e-05,4e-05
studer_a800,UAD,Studer A800 multitrack,tape-machine,ips_7.5,1.26,0.0,3150.0,0.0,0.0,0.0,1e-05,1e-05,4e-05
studer_a800,UAD,Studer A800 multitrack,tape-machine,ips_7.5,1.587,0.0,3150.0,0.0,0.0,0.0,1e-05,1e-05,4e-05
studer_a800,UAD,Studer A800 multitrack,tape-machine,ips_7.5,10.079,0.0,3150.0,0.0,0.0,0.0,1e-05,1e-05,4e-05
studer_a800,UAD,Studer A800 multitrack,tape-machine,ips_7.5,101.594,0.0,3150.0,0.0,0.0,0.0,1e-05,1e-05,4e-05
studer_a800,UAD,Studer A800 multitrack,tape-machine,ips_7.5,12.699,0.0,3150.0,0.0,0.0,0.0,1e-05,1e-05,4e-05
studer_a800,UAD,Studer A800 multitrack,tape-machine,ips_7.5,128.0,0.0,3150.0,0.0,0.0,0.0,1e-05,1e-05,4e-05
studer_a800,UAD,Studer A800 multitrack,tape-machine,ips_7.5,16.0,0.0,3150.0,0.0,0.0,0.0,1e-05,1e-05,4e-05
studer_a800,UAD,Studer A800 multitrack,tape-machine,ips_7.5,161.27,1e-06,3150.0,0.0,0.0,0.0,1e-05,1e-05,4e-05
studer_a800,UAD,Studer A800 multitrack,tape-machine,ips_7.5,2.0,0.0,3150.0,0.0,0.0,0.0,1e-05,1e-05,4e-05
studer_a800,UAD,Studer A800 multitrack,tape-machine,ips_7.5,2.52,0.0,3150.0,0.0,0.0,0.0,1e-05,1e-05,4e-05
studer_a800,UAD,Studer A800 multitrack,tape-machine,ips_7.5,20.159,0.0,3150.0,0.0,0.0,0.0,1e-05,1e-05,4e-05
studer_a800,UAD,Studer A800 multitrack,tape-machine,ips_7.5,203.187,0.0,3150.0,0.0,0.0,0.0,1e-05,1e-05,4e-05
studer_a800,UAD,Studer A800 multitrack,tape-machine,ips_7.5,25.398,0.0,3150.0,0.0,0.0,0.0,1e-05,1e-05,4e-05
studer_a800,UAD,Studer A800 multitrack,tape-machine,ips_7.5,3.175,0.0,3150.0,0.0,0.0,0.0,1e-05,1e-05,4e-05
studer_a800,UAD,Studer A800 multitrack,tape-machine,ips_7.5,32.0,0.0,3150.0,0.0,0.0,0.0,1e-05,1e-05,4e-05
studer_a800,UAD,Studer A800 multitrack,tape-machine,ips_7.5,4.0,0.0,3150.0,0.0,0.0,0.0,1e-05,1e-05,4e-05
studer_a800,UAD,Studer A800 multitrack,tape-machine,ips_7.5,40.317,0.0,3150.0,0.0,0.0,0.0,1e-05,1e-05,4e-05
studer_a800,UAD,Studer A800 multitrack,tape-machine,ips_7.5,5.04,0.0,3150.0,0.0,0.0,0.0,1e-05,1e-05,4e-05
studer_a800,UAD,Studer A800 multitrack,tape-machine,ips_7.5,50.797,0.0,3150.0,0.0,0.0,0.0,1e-05,1e-05,4e-05
studer_a800,UAD,Studer A800 multitrack,tape-machine,ips_7.5,6.35,0.0,3150.0,0.0,0.0,0.0,1e-05,1e-05,4e-05
studer_a800,UAD,Studer A800 multitrack,tape-machine,ips_7.5,64.0,0.0,3150.0,0.0,0.0,0.0,1e-05,1e-05,4e-05
studer_a800,UAD,Studer A800 multitrack,tape-machine,ips_7.5,8.0,0.0,3150.0,0.0,0.0,0.0,1e-05,1e-05,4e-05
studer_a800,UAD,Studer A800 multitrack,tape-machine,ips_7.5,80.635,0.0,3150.0,0.0,0.0,0.0,1e-05,1e-05,4e-05
studer_a800,UAD,Studer A800 multitrack,tape-machine,matched_thd_1_pct,0.198,0.0,3150.0,0.0,0.0,0.0,1e-05,0.0,2e-05
studer_a800,UAD,Studer A800 multitrack,tape-machine,matched_thd_1_pct,0.397,0.0,3150.0,0.0,0.0,0.0,1e-05,0.0,2e-05
studer_a800,UAD,Studer A800 multitrack,tape-machine,matched_thd_1_pct,0.5,0.0,3150.0,0.0,0.0,0.0,1e-05,0.0,2e-05
studer_a800,UAD,Studer A800 multitrack,tape-machine,matched_thd_1_pct,0.794,0.0,3150.0,0.0,0.0,0.0,1e-05,0.0,2e-05
studer_a800,UAD,Studer A800 multitrack,tape-machine,matched_thd_1_pct,1.0,0.0,3150.0,0.0,0.0,0.0,1e-05,0.0,2e-05
studer_a800,UAD,Studer A800 multitrack,tape-machine,matched_thd_1_pct,1.26,0.0,3150.0,0.0,0.0,0.0,1e-05,0.0,2e-05
studer_a800,UAD,Studer A800 multitrack,tape-machine,matched_thd_1_pct,1.587,0.0,3150.0,0.0,0.0,0.0,1e-05,0.0,2e-05
studer_a800,UAD,Studer A800 multitrack,tape-machine,matched_thd_1_pct,10.079,0.0,3150.0,0.0,0.0,0.0,1e-05,0.0,2e-05
studer_a800,UAD,Studer A800 multitrack,tape-machine,matched_thd_1_pct,101.594,0.0,3150.0,0.0,0.0,0.0,1e-05,0.0,2e-05
studer_a800,UAD,Studer A800 multitrack,tape-machine,matched_thd_1_pct,12.699,0.0,3150.0,0.0,0.0,0.0,1e-05,0.0,2e-05
studer_a800,UAD,Studer A800 multitrack,tape-machine,matched_thd_1_pct,128.0,0.0,3150.0,0.0,0.0,0.0,1e-05,0.0,2e-05
studer_a800,UAD,Studer A800 multitrack,tape-machine,matched_thd_1_pct,16.0,0.0,3150.0,0.0,0.0,0.0,1e-05,0.0,2e-05
studer_a800,UAD,Studer A800 multitrack,tape-machine,matched_thd_1_pct,161.27,0.0,3150.0,0.0,0.0,0.0,1e-05,0.0,2e-05
studer_a800,UAD,Studer A800 multitrack,tape-machine,matched_thd_1_pct,2.0,0.0,3150.0,0.0,0.0,0.0,1e-05,0.0,2e-05
studer_a800,UAD,Studer A800 multitrack,tape-machine,matched_thd_1_pct,2.52,0.0,3150.0,0.0,0.0,0.0,1e-05,0.0,2e-05
studer_a800,UAD,Studer A800 multitrack,tape-machine,matched_thd_1_pct,20.159,0.0,3150.0,0.0,0.0,0.0,1e-05,0.0,2e-05
studer_a800,UAD,Studer A800 multitrack,tape-machine,matched_thd_1_pct,203.187,0.0,3150.0,0.0,0.0,0.0,1e-05,0.0,2e-05
studer_a800,UAD,Studer A800 multitrack,tape-machine,matched_thd_1_pct,25.398,0.0,3150.0,0.0,0.0,0.0,1e-05,0.0,2e-05
studer_a800,UAD,Studer A800 multitrack,tape-machine,matched_thd_1_pct,3.175,0.0,3150.0,0.0,0.0,0.0,1e-05,0.0,2e-05
studer_a800,UAD,Studer A800 multitrack,tape-machine,matched_thd_1_pct,32.0,0.0,3150.0,0.0,0.0,0.0,1e-05,0.0,2e-05
studer_a800,UAD,Studer A800 multitrack,tape-machine,matched_thd_1_pct,4.0,0.0,3150.0,0.0,0.0,0.0,1e-05,0.0,2e-05
studer_a800,UAD,Studer A800 multitrack,tape-machine,matched_thd_1_pct,40.317,0.0,3150.0,0.0,0.0,0.0,1e-05,0.0,2e-05
studer_a800,UAD,Studer A800 multitrack,tape-machine,matched_thd_1_pct,5.04,0.0,3150.0,0.0,0.0,0.0,1e-05,0.0,2e-05
studer_a800,UAD,Studer A800 multitrack,tape-machine,matched_thd_1_pct,50.797,0.0,3150.0,0.0,0.0,0.0,1e-05,0.0,2e-05
studer_a800,UAD,Studer A800 multitrack,tape-machine,matched_thd_1_pct,6.35,0.0,3150.0,0.0,0.0,0.0,1e-05,0.0,2e-05
studer_a800,UAD,Studer A800 multitrack,tape-machine,matched_thd_1_pct,64.0,0.0,3150.0,0.0,0.0,0.0,1e-05,0.0,2e-05
studer_a800,UAD,Studer A800 multitrack,tape-machine,matched_thd_1_pct,8.0,0.0,3150.0,0.0,0.0,0.0,1e-05,0.0,2e-05
studer_a800,UAD,Studer A800 multitrack,tape-machine,matched_thd_1_pct,80.635,0.0,3150.0,0.0,0.0,0.0,1e-05,0.0,2e-05
studer_a800,UAD,Studer A800 multitrack,tape-machine,matched_thd_3_pct,0.198,0.0,3150.0,-0.0,0.0,0.0,1e-05,1e-05,2e-05
studer_a800,UAD,Studer A800 multitrack,tape-machine,matched_thd_3_pct,0.397,0.0,3150.0,-0.0,0.0,0.0,1e-05,1e-05,2e-05
studer_a800,UAD,Studer A800 multitrack,tape-machine,matched_thd_3_pct,0.5,0.0,3150.0,-0.0,0.0,0.0,1e-05,1e-05,2e-05
studer_a800,UAD,Studer A800 multitrack,tape-machine,matched_thd_3_pct,0.794,0.0,3150.0,-0.0,0.0,0.0,1e-05,1e-05,2e-05
studer_a800,UAD,Studer A800 multitrack,tape-machine,matched_thd_3_pct,1.0,0.0,3150.0,-0.0,0.0,0.0,1e-05,1e-05,2e-05
studer_a800,UAD,Studer A800 multitrack,tape-machine,matched_thd_3_pct,1.26,0.0,3150.0,-0.0,0.0,0.0,1e-05,1e-05,2e-05
studer_a800,UAD,Studer A800 multitrack,tape-machine,matched_thd_3_pct,1.587,0.0,3150.0,-0.0,0.0,0.0,1e-05,1e-05,2e-05
studer_a800,UAD,Studer A800 multitrack,tape-machine,matched_thd_3_pct,10.079,0.0,3150.0,-0.0,0.0,0.0,1e-05,1e-05,2e-05
studer_a800,UAD,Studer A800 multitrack,tape-machine,matched_thd_3_pct,101.594,0.0,3150.0,-0.0,0.0,0.0,1e-05,1e-05,2e-05
studer_a800,UAD,Studer A800 multitrack,tape-machine,matched_thd_3_pct,12.699,0.0,3150.0,-0.0,0.0,0.0,1e-05,1e-05,2e-05
studer_a800,UAD,Studer A800 multitrack,tape-machine,matched_thd_3_pct,128.0,0.0,3150.0,-0.0,0.0,0.0,1e-05,1e-05,2e-05
studer_a800,UAD,Studer A800 multitrack,tape-machine,matched_thd_3_pct,16.0,0.0,3150.0,-0.0,0.0,0.0,1e-05,1e-05,2e-05
studer_a800,UAD,Studer A800 multitrack,tape-machine,matched_thd_3_pct,161.27,0.0,3150.0,-0.0,0.0,0.0,1e-05,1e-05,2e-05
studer_a800,UAD,Studer A800 multitrack,tape-machine,matched_thd_3_pct,2.0,0.0,3150.0,-0.0,0.0,0.0,1e-05,1e-05,2e-05
studer_a800,UAD,Studer A800 multitrack,tape-machine,matched_thd_3_pct,2.52,0.0,3150.0,-0.0,0.0,0.0,1e-05,1e-05,2e-05
studer_a800,UAD,Studer A800 multitrack,tape-machine,matched_thd_3_pct,20.159,0.0,3150.0,-0.0,0.0,0.0,1e-05,1e-05,2e-05
studer_a800,UAD,Studer A800 multitrack,tape-machine,matched_thd_3_pct,203.187,0.0,3150.0,-0.0,0.0,0.0,1e-05,1e-05,2e-05
studer_a800,UAD,Studer A800 multitrack,tape-machine,matched_thd_3_pct,25.398,0.0,3150.0,-0.0,0.0,0.0,1e-05,1e-05,2e-05
studer_a800,UAD,Studer A800 multitrack,tape-machine,matched_thd_3_pct,3.175,0.0,3150.0,-0.0,0.0,0.0,1e-05,1e-05,2e-05
studer_a800,UAD,Studer A800 multitrack,tape-machine,matched_thd_3_pct,32.0,0.0,3150.0,-0.0,0.0,0.0,1e-05,1e-05,2e-05
studer_a800,UAD,Studer A800 multitrack,tape-machine,matched_thd_3_pct,4.0,0.0,3150.0,-0.0,0.0,0.0,1e-05,1e-05,2e-05
studer_a800,UAD,Studer A800 multitrack,tape-machine,matched_thd_3_pct,40.317,0.0,3150.0,-0.0,0.0,0.0,1e-05,1e-05,2e-05
studer_a800,UAD,Studer A800 multitrack,tape-machine,matched_thd_3_pct,5.04,0.0,3150.0,-0.0,0.0,0.0,1e-05,1e-05,2e-05
studer_a800,UAD,Studer A800 multitrack,tape-machine,matched_thd_3_pct,50.797,0.0,3150.0,-0.0,0.0,0.0,1e-05,1e-05,2e-05
studer_a800,UAD,Studer A800 multitrack,tape-machine,matched_thd_3_pct,6.35,0.0,3150.0,-0.0,0.0,0.0,1e-05,1e-05,2e-05
studer_a800,UAD,Studer A800 multitrack,tape-machine,matched_thd_3_pct,64.0,0.0,3150.0,-0.0,0.0,0.0,1e-05,1e-05,2e-05
studer_a800,UAD,Studer A800 multitrack,tape-machine,matched_thd_3_pct,8.0,0.0,3150.0,-0.0,0.0,0.0,1e-05,1e-05,2e-05
studer_a800,UAD,Studer A800 multitrack,tape-machine,matched_thd_3_pct,80.635,0.0,3150.0,-0.0,0.0,0.0,1e-05,1e-05,2e-05
verve,UAD,Verve analogue machines,tape-machine,machine_overdrive,0.198,0.042416,3149.759,-0.0077,0.61453,0.37839,0.08169,0.55986,1.70709
verve,UAD,Verve analogue machines,tape-machine,machine_overdrive,0.397,0.060778,3149.759,-0.0077,0.61453,0.37839,0.08169,0.55986,1.70709
verve,UAD,Verve analogue machines,tape-machine,machine_overdrive,0.5,0.064171,3149.759,-0.0077,0.61453,0.37839,0.08169,0.55986,1.70709
verve,UAD,Verve analogue machines,tape-machine,machine_overdrive,0.794,0.048115,3149.759,-0.0077,0.61453,0.37839,0.08169,0.55986,1.70709
verve,UAD,Verve analogue machines,tape-machine,machine_overdrive,1.0,0.082158,3149.759,-0.0077,0.61453,0.37839,0.08169,0.55986,1.70709
verve,UAD,Verve analogue machines,tape-machine,machine_overdrive,1.26,0.176931,3149.759,-0.0077,0.61453,0.37839,0.08169,0.55986,1.70709
verve,UAD,Verve analogue machines,tape-machine,machine_overdrive,1.587,0.49674,3149.759,-0.0077,0.61453,0.37839,0.08169,0.55986,1.70709
verve,UAD,Verve analogue machines,tape-machine,machine_overdrive,10.079,0.107903,3149.759,-0.0077,0.61453,0.37839,0.08169,0.55986,1.70709
verve,UAD,Verve analogue machines,tape-machine,machine_overdrive,101.594,0.039099,3149.759,-0.0077,0.61453,0.37839,0.08169,0.55986,1.70709
verve,UAD,Verve analogue machines,tape-machine,machine_overdrive,12.699,0.096053,3149.759,-0.0077,0.61453,0.37839,0.08169,0.55986,1.70709
verve,UAD,Verve analogue machines,tape-machine,machine_overdrive,128.0,0.037302,3149.759,-0.0077,0.61453,0.37839,0.08169,0.55986,1.70709
verve,UAD,Verve analogue machines,tape-machine,machine_overdrive,16.0,0.091719,3149.759,-0.0077,0.61453,0.37839,0.08169,0.55986,1.70709
verve,UAD,Verve analogue machines,tape-machine,machine_overdrive,161.27,0.033786,3149.759,-0.0077,0.61453,0.37839,0.08169,0.55986,1.70709
verve,UAD,Verve analogue machines,tape-machine,machine_overdrive,2.0,0.158305,3149.759,-0.0077,0.61453,0.37839,0.08169,0.55986,1.70709
verve,UAD,Verve analogue machines,tape-machine,machine_overdrive,2.52,0.14229,3149.759,-0.0077,0.61453,0.37839,0.08169,0.55986,1.70709
verve,UAD,Verve analogue machines,tape-machine,machine_overdrive,20.159,0.110366,3149.759,-0.0077,0.61453,0.37839,0.08169,0.55986,1.70709
verve,UAD,Verve analogue machines,tape-machine,machine_overdrive,203.187,0.027489,3149.759,-0.0077,0.61453,0.37839,0.08169,0.55986,1.70709
verve,UAD,Verve analogue machines,tape-machine,machine_overdrive,25.398,0.082496,3149.759,-0.0077,0.61453,0.37839,0.08169,0.55986,1.70709
verve,UAD,Verve analogue machines,tape-machine,machine_overdrive,3.175,0.117935,3149.759,-0.0077,0.61453,0.37839,0.08169,0.55986,1.70709
verve,UAD,Verve analogue machines,tape-machine,machine_overdrive,32.0,0.089187,3149.759,-0.0077,0.61453,0.37839,0.08169,0.55986,1.70709
verve,UAD,Verve analogue machines,tape-machine,machine_overdrive,4.0,0.209897,3149.759,-0.0077,0.61453,0.37839,0.08169,0.55986,1.70709
verve,UAD,Verve analogue machines,tape-machine,machine_overdrive,40.317,0.06501,3149.759,-0.0077,0.61453,0.37839,0.08169,0.55986,1.70709
verve,UAD,Verve analogue machines,tape-machine,machine_overdrive,5.04,0.118304,3149.759,-0.0077,0.61453,0.37839,0.08169,0.55986,1.70709
verve,UAD,Verve analogue machines,tape-machine,machine_overdrive,50.797,0.057575,3149.759,-0.0077,0.61453,0.37839,0.08169,0.55986,1.70709
verve,UAD,Verve analogue machines,tape-machine,machine_overdrive,6.35,0.176465,3149.759,-0.0077,0.61453,0.37839,0.08169,0.55986,1.70709
verve,UAD,Verve analogue machines,tape-machine,machine_overdrive,64.0,0.053789,3149.759,-0.0077,0.61453,0.37839,0.08169,0.55986,1.70709
verve,UAD,Verve analogue machines,tape-machine,machine_overdrive,8.0,0.079944,3149.759,-0.0077,0.61453,0.37839,0.08169,0.55986,1.70709
verve,UAD,Verve analogue machines,tape-machine,machine_overdrive,80.635,0.045181,3149.759,-0.0077,0.61453,0.37839,0.08169,0.55986,1.70709
verve,UAD,Verve analogue machines,tape-machine,machine_thicken,0.198,0.00878,3150.13,0.0041,0.24487,0.16059,0.03413,0.21071,0.73316
verve,UAD,Verve analogue machines,tape-machine,machine_thicken,0.397,0.010426,3150.13,0.0041,0.24487,0.16059,0.03413,0.21071,0.73316
verve,UAD,Verve analogue machines,tape-machine,machine_thicken,0.5,0.009524,3150.13,0.0041,0.24487,0.16059,0.03413,0.21071,0.73316
verve,UAD,Verve analogue machines,tape-machine,machine_thicken,0.794,0.018055,3150.13,0.0041,0.24487,0.16059,0.03413,0.21071,0.73316
verve,UAD,Verve analogue machines,tape-machine,machine_thicken,1.0,0.04668,3150.13,0.0041,0.24487,0.16059,0.03413,0.21071,0.73316
verve,UAD,Verve analogue machines,tape-machine,machine_thicken,1.26,0.0328,3150.13,0.0041,0.24487,0.16059,0.03413,0.21071,0.73316
verve,UAD,Verve analogue machines,tape-machine,machine_thicken,1.587,0.029875,3150.13,0.0041,0.24487,0.16059,0.03413,0.21071,0.73316
verve,UAD,Verve analogue machines,tape-machine,machine_thicken,10.079,0.041917,3150.13,0.0041,0.24487,0.16059,0.03413,0.21071,0.73316
verve,UAD,Verve analogue machines,tape-machine,machine_thicken,101.594,0.016868,3150.13,0.0041,0.24487,0.16059,0.03413,0.21071,0.73316
verve,UAD,Verve analogue machines,tape-machine,machine_thicken,12.699,0.04247,3150.13,0.0041,0.24487,0.16059,0.03413,0.21071,0.73316
verve,UAD,Verve analogue machines,tape-machine,machine_thicken,128.0,0.014712,3150.13,0.0041,0.24487,0.16059,0.03413,0.21071,0.73316
verve,UAD,Verve analogue machines,tape-machine,machine_thicken,16.0,0.042563,3150.13,0.0041,0.24487,0.16059,0.03413,0.21071,0.73316
verve,UAD,Verve analogue machines,tape-machine,machine_thicken,161.27,0.014059,3150.13,0.0041,0.24487,0.16059,0.03413,0.21071,0.73316
verve,UAD,Verve analogue machines,tape-machine,machine_thicken,2.0,0.214631,3150.13,0.0041,0.24487,0.16059,0.03413,0.21071,0.73316
verve,UAD,Verve analogue machines,tape-machine,machine_thicken,2.52,0.070291,3150.13,0.0041,0.24487,0.16059,0.03413,0.21071,0.73316
verve,UAD,Verve analogue machines,tape-machine,machine_thicken,20.159,0.043833,3150.13,0.0041,0.24487,0.16059,0.03413,0.21071,0.73316
verve,UAD,Verve analogue machines,tape-machine,machine_thicken,203.187,0.011513,3150.13,0.0041,0.24487,0.16059,0.03413,0.21071,0.73316
verve,UAD,Verve analogue machines,tape-machine,machine_thicken,25.398,0.034321,3150.13,0.0041,0.24487,0.16059,0.03413,0.21071,0.73316
verve,UAD,Verve analogue machines,tape-machine,machine_thicken,3.175,0.035317,3150.13,0.0041,0.24487,0.16059,0.03413,0.21071,0.73316
verve,UAD,Verve analogue machines,tape-machine,machine_thicken,32.0,0.03555,3150.13,0.0041,0.24487,0.16059,0.03413,0.21071,0.73316
verve,UAD,Verve analogue machines,tape-machine,machine_thicken,4.0,0.088177,3150.13,0.0041,0.24487,0.16059,0.03413,0.21071,0.73316
verve,UAD,Verve analogue machines,tape-machine,machine_thicken,40.317,0.028458,3150.13,0.0041,0.24487,0.16059,0.03413,0.21071,0.73316
verve,UAD,Verve analogue machines,tape-machine,machine_thicken,5.04,0.05358,3150.13,0.0041,0.24487,0.16059,0.03413,0.21071,0.73316
verve,UAD,Verve analogue machines,tape-machine,machine_thicken,50.797,0.022339,3150.13,0.0041,0.24487,0.16059,0.03413,0.21071,0.73316
verve,UAD,Verve analogue machines,tape-machine,machine_thicken,6.35,0.073393,3150.13,0.0041,0.24487,0.16059,0.03413,0.21071,0.73316
verve,UAD,Verve analogue machines,tape-machine,machine_thicken,64.0,0.021762,3150.13,0.0041,0.24487,0.16059,0.03413,0.21071,0.73316
verve,UAD,Verve analogue machines,tape-machine,machine_thicken,8.0,0.026847,3150.13,0.0041,0.24487,0.16059,0.03413,0.21071,0.73316
verve,UAD,Verve analogue machines,tape-machine,machine_thicken,80.635,0.019549,3150.13,0.0041,0.24487,0.16059,0.03413,0.21071,0.73316
verve,UAD,Verve analogue machines,tape-machine,machine_warm,0.198,0.0,3150.0,-0.0,0.0,0.0,0.0,0.0,1e-05
verve,UAD,Verve analogue machines,tape-machine,machine_warm,0.397,0.0,3150.0,-0.0,0.0,0.0,0.0,0.0,1e-05
verve,UAD,Verve analogue machines,tape-machine,machine_warm,0.5,0.0,3150.0,-0.0,0.0,0.0,0.0,0.0,1e-05
verve,UAD,Verve analogue machines,tape-machine,machine_warm,0.794,0.0,3150.0,-0.0,0.0,0.0,0.0,0.0,1e-05
verve,UAD,Verve analogue machines,tape-machine,machine_warm,1.0,0.0,3150.0,-0.0,0.0,0.0,0.0,0.0,1e-05
verve,UAD,Verve analogue machines,tape-machine,machine_warm,1.26,0.0,3150.0,-0.0,0.0,0.0,0.0,0.0,1e-05
verve,UAD,Verve analogue machines,tape-machine,machine_warm,1.587,0.0,3150.0,-0.0,0.0,0.0,0.0,0.0,1e-05
verve,UAD,Verve analogue machines,tape-machine,machine_warm,10.079,0.0,3150.0,-0.0,0.0,0.0,0.0,0.0,1e-05
verve,UAD,Verve analogue machines,tape-machine,machine_warm,101.594,0.0,3150.0,-0.0,0.0,0.0,0.0,0.0,1e-05
verve,UAD,Verve analogue machines,tape-machine,machine_warm,12.699,0.0,3150.0,-0.0,0.0,0.0,0.0,0.0,1e-05
verve,UAD,Verve analogue machines,tape-machine,machine_warm,128.0,0.0,3150.0,-0.0,0.0,0.0,0.0,0.0,1e-05
verve,UAD,Verve analogue machines,tape-machine,machine_warm,16.0,0.0,3150.0,-0.0,0.0,0.0,0.0,0.0,1e-05
verve,UAD,Verve analogue machines,tape-machine,machine_warm,161.27,0.0,3150.0,-0.0,0.0,0.0,0.0,0.0,1e-05
verve,UAD,Verve analogue machines,tape-machine,machine_warm,2.0,0.0,3150.0,-0.0,0.0,0.0,0.0,0.0,1e-05
verve,UAD,Verve analogue machines,tape-machine,machine_warm,2.52,0.0,3150.0,-0.0,0.0,0.0,0.0,0.0,1e-05
verve,UAD,Verve analogue machines,tape-machine,machine_warm,20.159,0.0,3150.0,-0.0,0.0,0.0,0.0,0.0,1e-05
verve,UAD,Verve analogue machines,tape-machine,machine_warm,203.187,0.0,3150.0,-0.0,0.0,0.0,0.0,0.0,1e-05
verve,UAD,Verve analogue machines,tape-machine,machine_warm,25.398,0.0,3150.0,-0.0,0.0,0.0,0.0,0.0,1e-05
verve,UAD,Verve analogue machines,tape-machine,machine_warm,3.175,0.0,3150.0,-0.0,0.0,0.0,0.0,0.0,1e-05
verve,UAD,Verve analogue machines,tape-machine,machine_warm,32.0,0.0,3150.0,-0.0,0.0,0.0,0.0,0.0,1e-05
verve,UAD,Verve analogue machines,tape-machine,machine_warm,4.0,0.0,3150.0,-0.0,0.0,0.0,0.0,0.0,1e-05
verve,UAD,Verve analogue machines,tape-machine,machine_warm,40.317,0.0,3150.0,-0.0,0.0,0.0,0.0,0.0,1e-05
verve,UAD,Verve analogue machines,tape-machine,machine_warm,5.04,0.0,3150.0,-0.0,0.0,0.0,0.0,0.0,1e-05
verve,UAD,Verve analogue machines,tape-machine,machine_warm,50.797,0.0,3150.0,-0.0,0.0,0.0,0.0,0.0,1e-05
verve,UAD,Verve analogue machines,tape-machine,machine_warm,6.35,0.0,3150.0,-0.0,0.0,0.0,0.0,0.0,1e-05
verve,UAD,Verve analogue machines,tape-machine,machine_warm,64.0,0.0,3150.0,-0.0,0.0,0.0,0.0,0.0,1e-05
verve,UAD,Verve analogue machines,tape-machine,machine_warm,8.0,0.0,3150.0,-0.0,0.0,0.0,0.0,0.0,1e-05
verve,UAD,Verve analogue machines,tape-machine,machine_warm,80.635,0.0,3150.0,-0.0,0.0,0.0,0.0,0.0,1e-05
verve,UAD,Verve analogue machines,tape-machine,matched_thd_1_pct,0.198,0.0,3150.0,0.0,0.0,0.0,0.0,0.0,1e-05
verve,UAD,Verve analogue machines,tape-machine,matched_thd_1_pct,0.397,0.0,3150.0,0.0,0.0,0.0,0.0,0.0,1e-05
verve,UAD,Verve analogue machines,tape-machine,matched_thd_1_pct,0.5,0.0,3150.0,0.0,0.0,0.0,0.0,0.0,1e-05
verve,UAD,Verve analogue machines,tape-machine,matched_thd_1_pct,0.794,0.0,3150.0,0.0,0.0,0.0,0.0,0.0,1e-05
verve,UAD,Verve analogue machines,tape-machine,matched_thd_1_pct,1.0,0.0,3150.0,0.0,0.0,0.0,0.0,0.0,1e-05
verve,UAD,Verve analogue machines,tape-machine,matched_thd_1_pct,1.26,0.0,3150.0,0.0,0.0,0.0,0.0,0.0,1e-05
verve,UAD,Verve analogue machines,tape-machine,matched_thd_1_pct,1.587,0.0,3150.0,0.0,0.0,0.0,0.0,0.0,1e-05
verve,UAD,Verve analogue machines,tape-machine,matched_thd_1_pct,10.079,0.0,3150.0,0.0,0.0,0.0,0.0,0.0,1e-05
verve,UAD,Verve analogue machines,tape-machine,matched_thd_1_pct,101.594,0.0,3150.0,0.0,0.0,0.0,0.0,0.0,1e-05
verve,UAD,Verve analogue machines,tape-machine,matched_thd_1_pct,12.699,0.0,3150.0,0.0,0.0,0.0,0.0,0.0,1e-05
verve,UAD,Verve analogue machines,tape-machine,matched_thd_1_pct,128.0,0.0,3150.0,0.0,0.0,0.0,0.0,0.0,1e-05
verve,UAD,Verve analogue machines,tape-machine,matched_thd_1_pct,16.0,0.0,3150.0,0.0,0.0,0.0,0.0,0.0,1e-05
verve,UAD,Verve analogue machines,tape-machine,matched_thd_1_pct,161.27,0.0,3150.0,0.0,0.0,0.0,0.0,0.0,1e-05
verve,UAD,Verve analogue machines,tape-machine,matched_thd_1_pct,2.0,0.0,3150.0,0.0,0.0,0.0,0.0,0.0,1e-05
verve,UAD,Verve analogue machines,tape-machine,matched_thd_1_pct,2.52,0.0,3150.0,0.0,0.0,0.0,0.0,0.0,1e-05
verve,UAD,Verve analogue machines,tape-machine,matched_thd_1_pct,20.159,0.0,3150.0,0.0,0.0,0.0,0.0,0.0,1e-05
verve,UAD,Verve analogue machines,tape-machine,matched_thd_1_pct,203.187,0.0,3150.0,0.0,0.0,0.0,0.0,0.0,1e-05
verve,UAD,Verve analogue machines,tape-machine,matched_thd_1_pct,25.398,0.0,3150.0,0.0,0.0,0.0,0.0,0.0,1e-05
verve,UAD,Verve analogue machines,tape-machine,matched_thd_1_pct,3.175,0.0,3150.0,0.0,0.0,0.0,0.0,0.0,1e-05
verve,UAD,Verve analogue machines,tape-machine,matched_thd_1_pct,32.0,0.0,3150.0,0.0,0.0,0.0,0.0,0.0,1e-05
verve,UAD,Verve analogue machines,tape-machine,matched_thd_1_pct,4.0,0.0,3150.0,0.0,0.0,0.0,0.0,0.0,1e-05
verve,UAD,Verve analogue machines,tape-machine,matched_thd_1_pct,40.317,0.0,3150.0,0.0,0.0,0.0,0.0,0.0,1e-05
verve,UAD,Verve analogue machines,tape-machine,matched_thd_1_pct,5.04,0.0,3150.0,0.0,0.0,0.0,0.0,0.0,1e-05
verve,UAD,Verve analogue machines,tape-machine,matched_thd_1_pct,50.797,0.0,3150.0,0.0,0.0,0.0,0.0,0.0,1e-05
verve,UAD,Verve analogue machines,tape-machine,matched_thd_1_pct,6.35,0.0,3150.0,0.0,0.0,0.0,0.0,0.0,1e-05
verve,UAD,Verve analogue machines,tape-machine,matched_thd_1_pct,64.0,0.0,3150.0,0.0,0.0,0.0,0.0,0.0,1e-05
verve,UAD,Verve analogue machines,tape-machine,matched_thd_1_pct,8.0,0.0,3150.0,0.0,0.0,0.0,0.0,0.0,1e-05
verve,UAD,Verve analogue machines,tape-machine,matched_thd_1_pct,80.635,0.0,3150.0,0.0,0.0,0.0,0.0,0.0,1e-05
verve,UAD,Verve analogue machines,tape-machine,matched_thd_3_pct,0.198,0.0,3150.0,0.0,0.0,0.0,1e-05,0.0,1e-05
verve,UAD,Verve analogue machines,tape-machine,matched_thd_3_pct,0.397,0.0,3150.0,0.0,0.0,0.0,1e-05,0.0,1e-05
verve,UAD,Verve analogue machines,tape-machine,matched_thd_3_pct,0.5,0.0,3150.0,0.0,0.0,0.0,1e-05,0.0,1e-05
verve,UAD,Verve analogue machines,tape-machine,matched_thd_3_pct,0.794,0.0,3150.0,0.0,0.0,0.0,1e-05,0.0,1e-05
verve,UAD,Verve analogue machines,tape-machine,matched_thd_3_pct,1.0,0.0,3150.0,0.0,0.0,0.0,1e-05,0.0,1e-05
verve,UAD,Verve analogue machines,tape-machine,matched_thd_3_pct,1.26,0.0,3150.0,0.0,0.0,0.0,1e-05,0.0,1e-05
verve,UAD,Verve analogue machines,tape-machine,matched_thd_3_pct,1.587,0.0,3150.0,0.0,0.0,0.0,1e-05,0.0,1e-05
verve,UAD,Verve analogue machines,tape-machine,matched_thd_3_pct,10.079,0.0,3150.0,0.0,0.0,0.0,1e-05,0.0,1e-05
verve,UAD,Verve analogue machines,tape-machine,matched_thd_3_pct,101.594,0.0,3150.0,0.0,0.0,0.0,1e-05,0.0,1e-05
verve,UAD,Verve analogue machines,tape-machine,matched_thd_3_pct,12.699,0.0,3150.0,0.0,0.0,0.0,1e-05,0.0,1e-05
verve,UAD,Verve analogue machines,tape-machine,matched_thd_3_pct,128.0,0.0,3150.0,0.0,0.0,0.0,1e-05,0.0,1e-05
verve,UAD,Verve analogue machines,tape-machine,matched_thd_3_pct,16.0,0.0,3150.0,0.0,0.0,0.0,1e-05,0.0,1e-05
verve,UAD,Verve analogue machines,tape-machine,matched_thd_3_pct,161.27,0.0,3150.0,0.0,0.0,0.0,1e-05,0.0,1e-05
verve,UAD,Verve analogue machines,tape-machine,matched_thd_3_pct,2.0,0.0,3150.0,0.0,0.0,0.0,1e-05,0.0,1e-05
verve,UAD,Verve analogue machines,tape-machine,matched_thd_3_pct,2.52,0.0,3150.0,0.0,0.0,0.0,1e-05,0.0,1e-05
verve,UAD,Verve analogue machines,tape-machine,matched_thd_3_pct,20.159,0.0,3150.0,0.0,0.0,0.0,1e-05,0.0,1e-05
verve,UAD,Verve analogue machines,tape-machine,matched_thd_3_pct,203.187,0.0,3150.0,0.0,0.0,0.0,1e-05,0.0,1e-05
verve,UAD,Verve analogue machines,tape-machine,matched_thd_3_pct,25.398,0.0,3150.0,0.0,0.0,0.0,1e-05,0.0,1e-05
verve,UAD,Verve analogue machines,tape-machine,matched_thd_3_pct,3.175,0.0,3150.0,0.0,0.0,0.0,1e-05,0.0,1e-05
verve,UAD,Verve analogue machines,tape-machine,matched_thd_3_pct,32.0,0.0,3150.0,0.0,0.0,0.0,1e-05,0.0,1e-05
verve,UAD,Verve analogue machines,tape-machine,matched_thd_3_pct,4.0,0.0,3150.0,0.0,0.0,0.0,1e-05,0.0,1e-05
verve,UAD,Verve analogue machines,tape-machine,matched_thd_3_pct,40.317,0.0,3150.0,0.0,0.0,0.0,1e-05,0.0,1e-05
verve,UAD,Verve analogue machines,tape-machine,matched_thd_3_pct,5.04,0.0,3150.0,0.0,0.0,0.0,1e-05,0.0,1e-05
verve,UAD,Verve analogue machines,tape-machine,matched_thd_3_pct,50.797,0.0,3150.0,0.0,0.0,0.0,1e-05,0.0,1e-05
verve,UAD,Verve analogue machines,tape-machine,matched_thd_3_pct,6.35,0.0,3150.0,0.0,0.0,0.0,1e-05,0.0,1e-05
verve,UAD,Verve analogue machines,tape-machine,matched_thd_3_pct,64.0,0.0,3150.0,0.0,0.0,0.0,1e-05,0.0,1e-05
verve,UAD,Verve analogue machines,tape-machine,matched_thd_3_pct,8.0,0.0,3150.0,0.0,0.0,0.0,1e-05,0.0,1e-05
verve,UAD,Verve analogue machines,tape-machine,matched_thd_3_pct,80.635,0.0,3150.0,0.0,0.0,0.0,1e-05,0.0,1e-05
